COD_ACIDENTE;DIA;MES;ANO;HORA;INTERSECAO;LOG1;LOG2;LOG3;NUMERO;REFERENCIA;NATUREZA;ILUMINACAO;TEMPO;SUPERFICIEPISTA;TIPOCRUZAMENTO;CONTROLETRAFEGO;USOSOLO;MORTOS;FERIDOS;ILESOS;AUTOMOVEL;ONIBUS;BICICLETA;CAMINHAO;MICROONIBUS;CICLOMOTOR;MOTOCICLETA;TRACAOANIMAL;TREM;LATITUDE;LONGITUDE
328921;6;1;2018;19:19;0;RUA CON DE CASTRO;;;861;;Colis?â?úo;;;;Meio de Quadra;;;0;1;0;1;0;0;0;0;0;1;0;0;;
328922;6;1;2018;20:24;23719;RUA CARDOSO DE BARROS;RUA ECA DE QUEIROZ;;0;;Colis?â?úo;;;;;;;0;1;0;0;0;0;0;0;0;0;0;0;-3,787566000000000;-38,583586000000000
328923;6;1;2018;22:00;0;RUA CON DE CASTRO;;;6144;;Colis?â?úo;;;;Meio de Quadra;;;0;1;0;1;0;0;0;0;0;1;0;0;-3,816034000000000;-38,599838000000000
328924;6;1;2018;07:34;0;RUA 103 CJ SAO CRISTOVAO;;;2706;;Tombamento;Luz do Dia;;;Meio de Quadra;;;0;1;0;0;0;0;0;0;0;0;0;0;;
328925;6;1;2018;05:54;0;AV JOSE BASTOS;;;5592;;Colis?â?úo;Amanhecer;;;Meio de Quadra;;;0;1;0;1;0;1;0;0;0;0;0;0;-3,760562000000000;-38,564477000000000
328848;6;1;2018;07:20;0;AV FRE CIRILO;;;0;;Queda;Luz do Dia;;;Meio de Quadra;;;0;1;0;0;0;0;0;0;0;1;0;0;;
328849;6;1;2018;07:59;0;AV PRS COSTA E SILVA;;;291;;Colis?â?úo;Luz do Dia;;;Meio de Quadra;;;0;1;0;0;0;0;0;0;0;0;0;0;;
326611;6;1;2018;19:00;0;RUA COSTA BARROS;;;378;;Colis?â?úo Lateral;Via Iluminada;Bom;Seca;Meio de Quadra;N?â?úo H?â?í Controle;Comercial;0;0;2;0;1;0;0;0;0;0;0;0;-3,727506931000000;-38,520407535000000
326613;6;1;2018;11:10;0;AV DA UNIVERSIDADE;;;2395;;Colis?â?úo Traseira;Luz do Dia;Bom;Seca;Meio de Quadra;Outros;Residencial;0;1;1;1;0;0;0;0;0;1;0;0;-3,738302317000000;-38,536692848000000
326616;6;1;2018;11:50;0;AV JOSE BASTOS;;;5300;;Colis?â?úo Traseira;Luz do Dia;Bom;Seca;Meio de Quadra;N?â?úo H?â?í Controle;Comercial;0;0;2;1;0;0;0;0;0;0;0;0;-3,758796000000000;-38,563351000000000
326617;6;1;2018;08:33;0;RUA BERNARDO MANUEL;;;7544;;Colis?â?úo Traseira;Luz do Dia;Bom;Seca;Meio de Quadra;N?â?úo H?â?í Controle;Residencial;0;0;2;1;0;0;0;0;0;0;0;0;-3,784161727000000;-38,546953727000000
326620;6;1;2018;12:30;5462;RUA ANTONIO POMPEU;RUA SOLON PINHEIRO;;0;;Colis?â?úo Transversal;Luz do Dia;Bom;Seca;Cruz;Sem?â?íforo;Comercial;0;0;2;1;0;0;0;0;0;1;0;0;-3,735609000000000;-38,528028000000000
327311;6;1;2018;07:15;0;RD BR 116;;;7000;KM-07;Colis?â?úo Transversal;Luz do Dia;;;Meio de Quadra;;;0;2;0;0;0;0;0;0;0;1;0;0;-3,786276359000000;-38,511561398000000
327313;6;1;2018;11:30;0;RD BR 020;;;0;KM 425;Colis?â?úo Lateral;Luz do Dia;;;Meio de Quadra;;;0;0;2;0;0;0;1;0;0;0;0;0;-3,861000000000000;-38,533000000000000
327314;6;1;2018;16:50;0;RD BR 116;;;11000;KM-11;Colis?â?úo Frontal;Luz do Dia;;;Meio de Quadra;;;0;1;1;1;0;0;0;0;0;1;0;0;-3,847160000000000;-38,497176000000000
327528;6;1;2018;17:15;0;RD CE-040;;;0;KM-08;Colis?â?úo;Anoitecer;;;Meio de Quadra;;;0;0;1;1;0;0;0;0;0;0;0;0;-3,825515822000000;-38,481538320000000
327537;6;1;2018;20:20;0;RD CE-040;;;0;KM-11;Colis?â?úo;;;;Meio de Quadra;;;0;0;2;1;0;0;0;0;0;0;0;0;-3,849626230000000;-38,476069890000000
327064;6;1;2018;15:00;19667;RUA DOM LINO;AV BEZERRA DE MENEZES;;0;;Colis?â?úo;Luz do Dia;;;;;;0;0;5;1;0;0;0;0;0;0;0;0;-3,734232000000000;-38,557568000000000
327070;6;1;2018;20:00;25199;RUA ROSA LEITE OLIVEIRA;AV DA INDEPENDENCIA;;0;;Colis?â?úo;;;;T;Pare;Misto;0;0;1;1;0;0;0;0;0;0;0;0;-3,727961000000000;-38,587343000000000
321128;6;1;2018;00:39;19692;RUA AZEVEDO BOLAO;RUA PRO ANACLETO;;0;;Colis?â?úo Transversal;Via Iluminada;Bom;Seca;Cruz;Pare;Residencial;0;0;2;1;0;0;0;0;0;0;0;0;-3,735640000000000;-38,552765000000000
321129;6;1;2018;07:00;4007;RUA ALBERTO MAGNO;RUA DES PRAXEDES;;0;;Colis?â?úo Transversal;Luz do Dia;Bom;Seca;Cruz;Sem?â?íforo;Comercial;0;0;2;1;0;0;0;0;0;0;0;0;-3,761230000000000;-38,546795000000000
321130;6;1;2018;06:00;14766;RUA ALBANO AMARAL;RUA JOAO AREAS;;0;;Colis?â?úo Lateral;Luz do Dia;Chuva;Molhada;Cruz;Pare;Residencial;0;1;1;1;0;0;0;0;0;1;0;0;-3,798264000000000;-38,576196000000000
321133;6;1;2018;17:58;7862;AV ANTONIO SALES;RUA PRO DIAS DA ROCHA;;0;;Colis?â?úo Traseira;Luz do Dia;Bom;Seca;Cruz;Pare;Comercial;0;0;3;1;0;0;0;0;0;0;0;0;-3,747586000000000;-38,495535000000000
321134;7;1;2018;07:47;0;AV SANTOS DUMONT;RUA OSVALDO CRUZ;;0;;Colis?â?úo Lateral;Luz do Dia;Bom;Seca;Cruz;Pare;Comercial;0;0;1;1;0;0;0;0;0;0;0;0;-3,731418600000000;-38,534477000000000
321135;7;1;2018;07:52;5364;AV TRISTAO GONCALVES;RUA GAL CLARINDO DE QUEIROZ;;0;;Colis?â?úo Lateral;Luz do Dia;Bom;Seca;Cruz;Pare;Comercial;0;0;2;0;1;0;0;0;0;0;0;0;-3,731314000000000;-38,534472000000000
321136;7;1;2018;09:40;0;AV SANTOS DUMONT;;;6870;;Colis?â?úo Traseira;Luz do Dia;Bom;Seca;Meio de Quadra;N?â?úo H?â?í Controle;Residencial;0;0;2;1;0;0;0;0;0;0;0;0;-3,744757200000000;-38,472450000000000
321137;7;1;2018;09:40;4007;RUA ALBERTO MAGNO;RUA DES PRAXEDES;;0;;Colis?â?úo Transversal;Luz do Dia;Bom;Seca;Cruz;Sem?â?íforo;Comercial;0;0;2;1;0;0;0;0;0;0;0;0;-3,761230000000000;-38,546795000000000
321138;7;1;2018;00:39;4920;RUA CON DE CASTRO;RUA EDUARDO ARAUJO;;0;;Colis?â?úo Transversal;Via Iluminada;Bom;Seca;Cruz;Pare;Comercial;0;0;1;1;0;0;0;0;0;1;0;0;-3,816034000000000;-38,599838000000000
321139;7;1;2018;12:27;23436;RUA MON SALAZAR;RUA CAP GUSTAVO;;0;;Colis?â?úo Transversal;Luz do Dia;Bom;Seca;Cruz;Sem?â?íforo;Residencial;0;0;2;1;0;0;0;0;0;1;0;0;-3,756364000000000;-38,516507000000000
321140;7;1;2018;11:00;0;RUA MONTE LIBANO;RUA 5 CJ JOSE WALTER;;0;;Colis?â?úo Lateral;Luz do Dia;Bom;Seca;T;N?â?úo H?â?í Controle;Comercial;0;2;0;1;0;0;0;0;0;1;0;0;-3,824090700000000;-38,561314000000000
321141;7;1;2018;15:10;15109;AV HIS RAIMUNDO GIRAO;RUA CARLOS VASCONCELOS;;0;;Colis?â?úo Lateral;Luz do Dia;Bom;Seca;T;Sem?â?íforo;Comercial;0;0;2;1;0;0;0;0;0;0;0;0;-3,722597000000000;-38,507433000000000
321142;7;1;2018;18:12;0;AV GAL OSORIO DE PAIVA;;;1761;;Colis?â?úo Lateral;Anoitecer;Bom;Seca;Meio de Quadra;N?â?úo H?â?í Controle;Comercial;0;0;2;1;0;0;0;0;0;0;0;0;-3,782761000000000;-38,577610000000000
321143;7;1;2018;14:00;6798;RUA VILEBALDO AGUIAR;RUA JULIO AZEVEDO;;0;;Colis?â?úo Lateral;Luz do Dia;Bom;Seca;Cruz;Pare;Residencial;0;0;2;1;1;0;0;0;0;0;0;0;-3,742440000000000;-38,481957000000000
321144;7;1;2018;20:01;0;AV SGT HERMINIO SAMPAIO;;;1209;;Atropelamento;Via Iluminada;Bom;Seca;Meio de Quadra;N?â?úo H?â?í Controle;Comercial;0;1;2;1;0;0;0;0;0;0;0;0;-3,724708000000000;-38,551544000000000
321145;7;1;2018;19:30;1441;RUA PRO DIAS DA ROCHA;AV SANTOS DUMONT;;0;;Colis?â?úo Traseira;Via Iluminada;Bom;Seca;T;Pare;Comercial;0;0;2;1;0;0;0;0;0;0;0;0;-3,738113000000000;-38,492502000000000
321146;7;1;2018;18:40;26269;AV DIOGUINHO;AV DR ALDY MENTOR;;0;;Colis?â?úo Transversal;Via Iluminada;Bom;Seca;Cruz;Pare;Comercial;0;0;2;1;0;0;0;0;0;1;0;0;-3,756170500000000;-38,445900000000000
321147;7;1;2018;21:21;5082;RUA DR JOAO MOREIRA;RUA BAR RIO BRANCO;;0;;Colis?â?úo Transversal;Via Iluminada;Bom;Seca;Cruz;Sem?â?íforo;Comercial;0;0;2;1;0;0;0;0;0;0;0;0;-3,722797000000000;-38,527092000000000
321148;7;1;2018;15:24;0;AV ABOLICAO;;;4072;;Atropelamento;Luz do Dia;Bom;Seca;Meio de Quadra;N?â?úo H?â?í Controle;Lazer;0;1;1;0;1;0;0;0;0;0;0;0;-3,724528800000000;-38,482750000000000
327080;7;1;2018;08:50;25253;AV WASHINGTON SOARES;RUA VALMIR PONTES;;0;;Colis?â?úo;Luz do Dia;;;Cruz;Sem?â?íforo;Comercial;0;0;1;1;0;0;0;0;0;0;0;0;-3,771482000000000;-38,482016000000000
327083;7;1;2018;13:30;0;AV MR HULL;;;4510;VIADUTO;Colis?â?úo;Luz do Dia;;;Meio de Quadra;;;0;0;1;1;0;0;0;0;0;0;0;0;;
327550;7;1;2018;19:50;0;RD CE-060;;;0;KM-03;Colis?â?úo;;;;Meio de Quadra;;;0;0;2;1;0;0;0;0;0;0;0;0;-3,843038000000000;-38,585133000000000
327315;7;1;2018;11:05;0;RD BR 116;;;2000;KM-02;Atropelamento;Luz do Dia;;;Meio de Quadra;;;0;1;1;1;0;0;0;0;0;0;0;0;-3,771391000000000;-38,516780000000000
327316;7;1;2018;17:20;0;RD BR 116;;;12000;KM-12;Colis?â?úo Transversal;Anoitecer;;;Meio de Quadra;;;0;1;1;1;0;1;0;0;0;0;0;0;-3,855740000000000;-38,496066000000000
326618;7;1;2018;07:10;6164;RUA MIN ALBUQUERQUE LIMA;AV A CJ CEARA;;0;;Colis?â?úo Transversal;Luz do Dia;Bom;Seca;Cruz;Sem?â?íforo;Comercial;0;1;1;1;0;0;0;0;0;0;0;0;-3,770669000000000;-38,604700000000000
326604;7;1;2018;06:30;17575;RUA MARANHAO;RUA GUANABARA;;0;;Colis?â?úo Lateral;Luz do Dia;;;;;;0;0;2;1;1;0;0;0;0;0;0;0;-3,754538000000000;-38,567494000000000
326595;7;1;2018;12:40;0;AV SGT HERMINIO SAMPAIO;;;1240;;Colis?â?úo Frontal;Luz do Dia;Bom;Seca;Meio de Quadra;N?â?úo H?â?í Controle;Residencial;0;1;1;1;1;0;0;0;0;0;0;0;;
328933;7;1;2018;11:49;0;AV RAD JOSE LIMA VERDE;;;1179;;Queda;Luz do Dia;;;Meio de Quadra;;;0;1;0;0;0;1;0;0;0;0;0;0;;
328935;7;1;2018;11:53;0;RUA COM MACHADO D12;;;398;;Colis?â?úo;Luz do Dia;;;Meio de Quadra;;;0;1;0;1;0;0;0;0;0;1;0;0;-3,752439778000000;-38,543529810000000
328936;7;1;2018;13:57;1243;RUA PEREIRA FILGUEIRAS;RUA DR JOSE LOURENCO;;0;;Queda;Luz do Dia;;;Cruz;Pare;Residencial;0;1;0;0;0;0;0;0;0;1;0;0;-3,730449000000000;-38,506470000000000
328938;7;1;2018;16:25;0;RUA BOM JESUS (BARRA DO CEARA);;;1521;;Colis?â?úo;Luz do Dia;;;Meio de Quadra;;;0;1;0;0;0;0;0;0;0;0;0;0;-3,788120400000000;-38,621668100000000
328941;7;1;2018;17:26;0;RD BR 116;;;12000;KM-12;Atropelamento;Anoitecer;;;Meio de Quadra;;;0;1;0;1;0;0;0;0;0;0;0;0;-3,855740000000000;-38,496066000000000
328942;7;1;2018;10:12;0;RUA CEL VIRGILIO NOGUEIRA (BOM JARDIM);;;195;;Colis?â?úo;Luz do Dia;;;Meio de Quadra;;;0;1;0;0;0;0;0;0;0;0;0;0;-3,784790000000000;-38,607310000000000
328943;7;1;2018;18:54;0;RUA BOM JESUS (BARRA DO CEARA);;;2500;;Colis?â?úo;;;;Meio de Quadra;;;0;1;0;1;0;0;0;0;0;1;0;0;-3,789807800000000;-38,615094900000000
328945;7;1;2018;19:08;0;AV SGT HERMINIO SAMPAIO;;;1176;;Atropelamento;;;;Meio de Quadra;;;0;1;0;1;0;0;0;0;0;0;0;0;-3,724760500000000;-38,551584500000000
328946;7;1;2018;19:52;0;AV ZEZE DIOGO;;;659;;Colis?â?úo;;;;Meio de Quadra;;;0;1;0;1;0;0;0;0;0;1;0;0;-3,712228762000000;-38,466906270000000
328948;7;1;2018;20:53;0;RUA MARCELO COSTA;;;81;;Colis?â?úo;;;;Meio de Quadra;;;0;1;0;1;0;0;0;0;0;1;0;0;-3,830447000000000;-38,572968600000000
328951;7;1;2018;21:22;0;RUA CACILDA BECKER;;;430;;Colis?â?úo;;;;Meio de Quadra;;;0;1;0;1;0;0;0;0;0;1;0;0;-3,771680875000000;-38,588981500000000
328954;7;1;2018;21:35;14682;RUA DR JOSE FURTADO;AV OLIVEIRA PAIVA;;0;;Colis?â?úo;;;;T;Sem?â?íforo;Comercial;0;1;0;0;0;0;0;0;0;0;0;0;-3,796201000000000;-38,488112000000000
328956;7;1;2018;21:52;21515;RUA SAO FIDELIS D71;RUA GETULIO VARGAS  D-71;;0;;Colis?â?úo;;;;;;;0;1;0;1;0;0;0;0;0;1;0;0;;
328958;7;1;2018;21:52;0;RUA SAO FIDELIS D71;;;598;;Colis?â?úo;;;;Meio de Quadra;;;0;1;0;1;0;0;0;0;0;1;0;0;-3,819890000000000;-38,591860000000000
328961;7;1;2018;22:22;0;RUA DRAGAO DO MAR;;;8193;;Atropelamento;;;;Meio de Quadra;;;0;1;0;1;0;0;0;0;0;0;0;0;;
328962;7;1;2018;22:41;0;RUA DONDON FEITOSA;;;279;;Colis?â?úo;;;;Meio de Quadra;;;0;1;0;1;0;0;0;0;0;1;0;0;-3,754050000000000;-38,552000000000000
328964;7;1;2018;23:52;0;AV AUGUSTO DOS ANJOS;;;1126;;Colis?â?úo;;;;Meio de Quadra;;;0;1;0;1;0;0;0;0;0;1;0;0;-3,776897889000000;-38,576296148000000
328926;7;1;2018;07:46;25253;RUA VALMIR PONTES;AV WASHINGTON SOARES;;0;;Atropelamento;Luz do Dia;;;Cruz;Sem?â?íforo;Comercial;0;1;0;1;0;0;0;0;0;0;0;0;-3,771482000000000;-38,482016000000000
328927;7;1;2018;07:53;0;RUA MONTE LIBANO;;;752;;Atropelamento;Luz do Dia;;;Meio de Quadra;;;0;1;0;1;0;0;0;0;0;0;0;0;-3,826948500000000;-38,563631000000000
328928;7;1;2018;08:41;0;AV SEN VIRGILIO TAVORA;;;77;;Queda;Luz do Dia;;;Meio de Quadra;;;0;1;0;0;0;1;0;0;0;0;0;0;-3,729557000000000;-38,490866667000000
328929;7;1;2018;09:47;0;RUA NELSON COELHO;;;863;;Colis?â?úo;Luz do Dia;;;Meio de Quadra;;;0;1;0;1;0;0;0;0;0;1;0;0;-3,832805333000000;-38,461397000000000
328930;7;1;2018;10:30;0;RUA PERNAMBUCO;;;2001;;Colis?â?úo;Luz do Dia;;;Meio de Quadra;;;0;1;0;1;0;0;0;0;0;1;0;0;-3,754925100000000;-38,574816300000000
328931;7;1;2018;11:07;0;RD BR 116;;;2000;KM-02;Atropelamento;Luz do Dia;;;Meio de Quadra;;;0;1;0;1;0;0;0;0;0;0;0;0;-3,771391000000000;-38,516780000000000
328966;8;1;2018;07:03;0;AV JOSE BASTOS;;;0;;Colis?â?úo;Luz do Dia;;;Meio de Quadra;;;0;1;0;0;0;0;0;0;0;1;0;0;;
328969;8;1;2018;07:17;0;AV FRE CIRILO;;;4180;;Colis?â?úo;Luz do Dia;;;Meio de Quadra;;;0;1;0;1;0;0;0;0;0;1;0;0;-3,820554833000000;-38,496004667000000
328975;8;1;2018;10:37;0;RUA BERNARDO MANUEL;;;11113;;Queda;Luz do Dia;;;Meio de Quadra;;;0;1;0;0;0;0;0;0;0;1;0;0;-3,816640543000000;-38,556869610000000
328976;8;1;2018;11:32;0;AV ANTONIO SALES;;;3343;;Queda;Luz do Dia;;;Meio de Quadra;;;0;2;0;0;0;0;0;0;0;1;0;0;-3,747893000000000;-38,494573000000000
328972;8;1;2018;08:35;0;AV BEIRA MAR;;;0;;Queda;Luz do Dia;;;Meio de Quadra;;;0;1;0;0;0;1;0;0;0;0;0;0;;
328982;8;1;2018;11:58;0;AV ALANIS MARIA LAURINDO DE OLIVEIRA;;;312;;Colis?â?úo;Luz do Dia;;;Meio de Quadra;;;0;1;0;1;0;0;0;0;0;1;0;0;;
328985;8;1;2018;12:05;0;RUA MARIO DE ANDRADE;;;461;;Queda;Luz do Dia;;;Meio de Quadra;;;0;1;0;0;0;1;0;0;0;0;0;0;-3,752496222000000;-38,560155778000000
328986;8;1;2018;12:14;0;AV MIN JOSE AMERICO;;;0;;Colis?â?úo;Luz do Dia;;;Meio de Quadra;;;0;1;0;1;0;0;0;0;0;1;0;0;;
328991;8;1;2018;13:35;12404;AV LINEU MACHADO;AV SEN FERNANDES TAVORA;;0;;Atropelamento;Luz do Dia;;;Cruz;Sem?â?íforo;Comercial;0;1;0;0;0;0;0;0;0;1;0;0;-3,765199000000000;-38,576540000000000
328995;8;1;2018;13:42;7761;RUA NUNES VALENTE;RUA DOM EXPEDITO LOPES;;0;;Colis?â?úo;Luz do Dia;;;Cruz;Pare;Residencial;0;1;0;1;0;0;0;0;0;1;0;0;-3,743494000000000;-38,506068000000000
328996;8;1;2018;13:58;0;AV PRS COSTA E SILVA;;;0;;Colis?â?úo;Luz do Dia;;;Meio de Quadra;;;0;1;0;1;0;0;0;0;0;1;0;0;;
328997;8;1;2018;14:37;0;RD BR 116;;;5000;KM-05;Colis?â?úo;Luz do Dia;;;Meio de Quadra;;;0;1;0;0;0;0;0;0;0;1;0;0;-3,796502000000000;-38,506787000000000
328998;8;1;2018;14:54;0;RUA ARTUR DE CARVALHO;;;2211;;Colis?â?úo;Luz do Dia;;;Meio de Quadra;;;0;1;0;1;0;0;0;0;0;1;0;0;;
328999;8;1;2018;15:10;0;RUA CARLOS WALRAVEN;;;604;;Colis?â?úo;Luz do Dia;;;Meio de Quadra;;;0;1;0;1;0;0;0;0;0;1;0;0;-3,719287000000000;-38,593762000000000
329003;8;1;2018;17:31;10793;RUA PRO HERIBALDO COSTA;RUA PORTO ALEGRE;;0;;Colis?â?úo;Anoitecer;;;Cruz;Pare;Residencial;0;1;0;1;0;0;0;0;0;1;0;0;-3,762997000000000;-38,585433000000000
328988;8;1;2018;12:16;0;RUA MARIO DE ANDRADE;;;461;;Colis?â?úo;Luz do Dia;;;Meio de Quadra;;;0;1;0;0;0;0;0;0;0;1;0;0;-3,752496222000000;-38,560155778000000
329001;8;1;2018;17:09;0;AV MR HULL;;;0;;Queda;Anoitecer;;;Meio de Quadra;;;0;1;0;0;0;0;0;0;0;1;0;0;;
329045;8;1;2018;17:34;0;AV GODOFREDO MACIEL;;;0;;Colis?â?úo;Anoitecer;;;Meio de Quadra;;;0;1;0;0;0;0;0;0;0;0;0;0;;
329072;8;1;2018;19:21;0;AV ENG SANTANA JUNIOR;;;0;;Colis?â?úo;;;;Meio de Quadra;;;0;1;0;0;0;0;0;0;0;0;0;0;;
329075;8;1;2018;21:23;0;RUA LUIZ AZEVEDO;;;533;;Colis?â?úo;;;;Meio de Quadra;;;0;1;0;1;0;0;0;0;0;1;0;0;;
326619;8;1;2018;13:30;0;AV ALANIS MARIA LAURINDO DE OLIVEIRA;;;0;;Colis?â?úo Lateral;Luz do Dia;Bom;Seca;Meio de Quadra;D?â?¬ Prefer?â?¬ncia;Residencial;0;0;1;1;0;0;0;0;0;1;0;0;;
326700;8;1;2018;16:00;5361;RUA PEDRO I;RUA FLORIANO PEIXOTO;;0;;Colis?â?úo Transversal;Luz do Dia;Bom;Seca;Cruz;Pare;Comercial;0;0;2;1;0;0;0;0;0;0;0;0;-3,731284000000000;-38,528436000000000
326710;8;1;2018;21:00;0;AV VIS RIO BRANCO;;;3556;;Colis?â?úo Lateral;Mal Iluminada;Bom;Seca;Meio de Quadra;Outros;Residencial;0;0;2;1;0;0;1;0;0;0;0;0;-3,752289275000000;-38,520732450000000
327317;8;1;2018;15:00;0;RD BR 116;;;7000;KM-07;Colis?â?úo Lateral;Luz do Dia;;;Meio de Quadra;;;0;2;1;0;0;0;0;0;0;1;0;0;-3,786276359000000;-38,511561398000000
327091;8;1;2018;00:20;0;AV GAL OSORIO DE PAIVA;;;1719;;Atropelamento;;;;Meio de Quadra;;;0;1;1;0;0;0;0;0;0;0;0;0;-3,782551000000000;-38,577376000000000
314428;8;1;2018;03:45;3747;AV DEP PAULINO ROCHA;RUA JOR ANTONIO P TAVARES;;0;;Choque c/ Obst?â?ículo Fixo;;;;T;;Comercial;2;0;0;0;0;0;0;0;0;1;0;0;-3,811714000000000;-38,511317000000000
321149;8;1;2018;08:52;0;AV DR SILAS MUNGUBA;;;0;;N?â?úo Informado;Luz do Dia;Bom;Seca;Meio de Quadra;N?â?úo H?â?í Controle;Comercial;0;0;2;0;1;0;0;0;0;0;0;0;-3,793811800000000;-38,534252000000000
321150;8;1;2018;08:51;0;AV SGT HERMINIO SAMPAIO;;;801;;Colis?â?úo Lateral;Luz do Dia;Nublado;Seca;Meio de Quadra;Sem?â?íforo;Comercial;0;1;1;1;0;0;0;0;0;1;0;0;-3,727703300000000;-38,565014000000000
321151;8;1;2018;11:07;0;AV ALANIS MARIA LAURINDO DE OLIVEIRA;;;202;;Colis?â?úo Lateral;Luz do Dia;Bom;Seca;Meio de Quadra;N?â?úo H?â?í Controle;Comercial;0;0;2;0;1;0;0;0;0;0;0;0;-3,763787000000000;-38,604294000000000
321152;8;1;2018;11:18;9124;RUA MON SALAZAR;AV VIS RIO BRANCO;;0;;Colis?â?úo Lateral;Luz do Dia;Bom;Seca;Cruz;Sem?â?íforo;Comercial;0;1;1;1;0;0;0;0;0;1;0;0;-3,756701000000000;-38,519870000000000
321153;8;1;2018;11:38;0;RUA BAR RIO BRANCO;;;1807;;Colis?â?úo Lateral;Luz do Dia;Bom;Seca;Meio de Quadra;N?â?úo H?â?í Controle;Comercial;0;0;2;1;0;0;0;0;0;0;0;0;-3,734094400000000;-38,530605000000000
321154;8;1;2018;11:38;20129;AV DEP PAULINO ROCHA;RUA POMPILIO GOMES;;0;;Colis?â?úo Traseira;Luz do Dia;Bom;Seca;T;Sem?â?íforo;Comercial;0;0;2;1;0;0;0;0;0;0;0;0;-3,810076000000000;-38,519652000000000
321155;8;1;2018;13:26;0;RUA BARTOLOMEU DE GUSMAO;;;1101;;Queda;Luz do Dia;Bom;Seca;;;;0;0;2;1;0;0;0;0;0;1;0;0;-3,758479800000000;-38,527294000000000
321156;8;1;2018;12:00;0;RUA VERBENA;RUA POMAR CARIOCA;;0;;Choque c/ Obst?â?ículo Fixo;Luz do Dia;Nublado;Seca;Cruz;Pare;Comercial;0;0;1;1;0;0;0;0;0;0;0;0;-3,784873700000000;-38,589890000000000
321157;8;1;2018;14:27;7755;RUA DOM EXPEDITO LOPES;RUA JOSE VILAR;;0;;Colis?â?úo Transversal;Luz do Dia;Bom;Seca;Cruz;Pare;Residencial;0;0;1;1;0;1;0;0;0;0;0;0;-3,743178000000000;-38,507060000000000
321158;8;1;2018;14:58;0;AV 13 DE MAIO;;;31;;Colis?â?úo Traseira;Luz do Dia;Bom;Seca;Meio de Quadra;Sem?â?íforo;Comercial;0;0;2;1;0;0;0;0;0;0;0;0;-3,753441000000000;-38,520645000000000
321159;8;1;2018;16:44;0;RUA JOSE VILAR;RUA ANTONIO FURTADO;;0;;Colis?â?úo Lateral;Luz do Dia;Bom;Seca;Outros;Pare;Residencial;0;0;2;1;0;0;0;0;0;0;0;0;-3,751280500000000;-38,509758000000000
321160;8;1;2018;17:07;5463;RUA BARBARA DE ALENCAR;RUA DNA LEOPOLDINA;;0;;Colis?â?úo Transversal;Luz do Dia;Bom;Seca;Cruz;Pare;Residencial;0;0;3;1;0;0;0;0;0;0;0;0;-3,735695000000000;-38,521102000000000
321162;8;1;2018;18:58;0;AV DEP PAULINO ROCHA;;;50;;Engavetamento;Via Iluminada;Bom;Seca;Meio de Quadra;N?â?úo H?â?í Controle;Comercial;0;0;3;1;0;0;0;0;0;0;0;0;-3,809370500000000;-38,524307000000000
321163;8;1;2018;19:05;0;AV DR SILAS MUNGUBA;;;6070;CASTEL?âãÆO;Colis?â?úo Traseira;Mal Iluminada;Bom;Seca;Outros;N?â?úo H?â?í Controle;Comercial;0;0;3;1;0;0;0;0;0;0;0;0;-3,805963000000000;-38,526104000000000
321164;8;1;2018;19:20;1514;RUA EDUARDO GARCIA;RUA PRO DIAS DA ROCHA;;0;;Colis?â?úo Transversal;Via Iluminada;Bom;Seca;Cruz;Pare;Residencial;0;0;2;1;0;0;0;0;0;0;0;0;-3,740103000000000;-38,493139000000000
321165;8;1;2018;20:34;0;RUA EMILIO SA;;;624;;N?â?úo Informado;Via Iluminada;Bom;Seca;Meio de Quadra;N?â?úo H?â?í Controle;Residencial;0;0;2;1;0;0;0;0;0;0;0;0;-3,803910500000000;-38,567657000000000
321166;8;1;2018;14:30;24839;RUA CARLOS WALRAVEN;RUA ANTONIO ARRUDA;;0;;Colis?â?úo Transversal;Via Iluminada;Bom;Seca;Cruz;Pare;Comercial;0;1;1;1;0;0;0;0;0;1;0;0;-3,719287000000000;-38,593762000000000
321167;8;1;2018;20:39;0;AV PRS CASTELO BRANCO;;;3766;;Colis?â?úo Transversal;Mal Iluminada;Bom;Seca;Meio de Quadra;N?â?úo H?â?í Controle;Residencial;0;0;2;1;0;0;0;1;0;0;0;0;-3,709002700000000;-38,566128000000000
321168;8;1;2018;20:00;0;RUA BENI DE CARVALHO;;;120;;Colis?â?úo Traseira;Via Iluminada;Bom;Seca;Meio de Quadra;N?â?úo H?â?í Controle;Residencial;0;0;3;1;0;0;0;0;0;0;0;0;-3,744530200000000;-38,499634000000000
321169;8;1;2018;20:50;0;AV BEIRA MAR;;;3958;;Colis?â?úo Traseira;Via Iluminada;Bom;Seca;Meio de Quadra;N?â?úo H?â?í Controle;Lazer;0;0;2;1;1;0;0;0;0;0;0;0;-3,723319500000000;-38,485962000000000
321170;8;1;2018;22:00;0;AV HIS RAIMUNDO GIRAO;;;474;;Colis?â?úo Lateral;Via Iluminada;Bom;Seca;Meio de Quadra;Sem?â?íforo;Comercial;0;0;2;1;0;0;0;0;0;0;0;0;-3,721058400000000;-38,511270000000000