COD_ACIDENTE;DIA;MES;ANO;HORA;INTERSECAO;LOG1;LOG2;LOG3;NUMERO;REFERENCIA;NATUREZA;ILUMINACAO;TEMPO;SUPERFICIEPISTA;TIPOCRUZAMENTO;CONTROLETRAFEGO;USOSOLO;MORTOS;FERIDOS;ILESOS;AUTOMOVEL;ONIBUS;BICICLETA;CAMINHAO;MICROONIBUS;CICLOMOTOR;MOTOCICLETA;TRACAOANIMAL;TREM;LATITUDE;LONGITUDE
321171;8;1;2018;20:30;23453;RUA PAULO FIRMEZA;RUA CAP MELO;;0;;Colis?â?úo Transversal;Via Iluminada;Bom;Seca;Cruz;Pare;Residencial;0;0;2;1;0;0;0;0;0;1;0;0;-3,757131000000000;-38,512966000000000
321172;9;1;2018;00:37;0;AV PRO JOSE ARTHUR CARVALHO;;;1522;;Colis?â?úo Frontal;Via Iluminada;Bom;Seca;Meio de Quadra;N?â?úo H?â?í Controle;Residencial;0;2;0;0;0;0;0;0;0;1;0;0;-3,819201500000000;-38,451134000000000
321173;9;1;2018;07:40;0;AV DEP PAULINO ROCHA;;;1313;;Colis?â?úo Lateral;Amanhecer;Chuva;Molhada;Meio de Quadra;N?â?úo H?â?í Controle;Comercial;0;0;1;0;0;0;0;0;0;1;0;0;-3,810774600000000;-38,509530000000000
321174;9;1;2018;07:40;19611;RUA NEREU RAMOS;AV GODOFREDO MACIEL;;0;;Engavetamento;Luz do Dia;Bom;Molhada;T;Sem?â?íforo;Comercial;0;0;4;1;0;0;0;0;0;0;0;0;-3,787250000000000;-38,566802000000000
321175;9;1;2018;09:32;0;AV JOAO PESSOA;;;6133;;Colis?â?úo Traseira;Luz do Dia;Bom;Seca;Meio de Quadra;Sem?â?íforo;Comercial;0;0;2;1;0;0;0;0;0;1;0;0;-3,763984000000000;-38,558400000000000
321176;9;1;2018;05:30;17314;RUA ALM RUFINO;RUA JOAQUIM PIMENTA;;0;;Choque c/ Obst?â?ículo Fixo;Luz do Dia;Chuva;Molhada;Cruz;Pare;Comercial;0;0;1;1;0;0;0;0;0;0;0;0;-3,764440000000000;-38,544033000000000
321177;9;1;2018;08:30;3975;RUA PRO COSTA MENDES;RUA ALBERTO MAGNO;;0;;Colis?â?úo Transversal;Luz do Dia;Bom;Seca;Cruz;Sem?â?íforo;Comercial;0;0;2;1;0;0;0;0;0;0;0;0;-3,757528000000000;-38,543548000000000
321178;9;1;2018;10:56;0;AV DUQ CAXIAS;;;0;;Colis?â?úo Lateral;Luz do Dia;Nublado;Seca;Meio de Quadra;N?â?úo H?â?í Controle;Comercial;0;0;2;1;0;0;0;1;0;0;0;0;-3,733183600000000;-38,525734000000000
321180;9;1;2018;14:29;0;RUA PEDRO I;RUA VINTE QUATRO DE MAIO;;0;;Queda;Luz do Dia;Bom;Molhada;Cruz;Pare;Comercial;0;1;0;0;0;0;0;0;0;1;0;0;-3,729915000000000;-38,532910000000000
321181;9;1;2018;13:00;25054;AV ODILON GUIMARAES;RUA JOAQUIM FERREIRA;;0;;Colis?â?úo Transversal;Luz do Dia;Bom;Seca;T;Pare;Comercial;0;1;1;1;0;0;0;0;0;1;0;0;-3,815858000000000;-38,469732000000000
321182;9;1;2018;16:02;9188;RUA NAPOLEAO LAUREANO;RUA PDE BARBOSA DE JESUS;;0;;N?â?úo Informado;Luz do Dia;Bom;Seca;Cruz;Pare;Residencial;0;0;2;1;0;0;0;0;0;0;0;0;-3,748917000000000;-38,528540000000000
321183;9;1;2018;17:30;19269;RUA PRO GOMES BRASIL;RUA MARACANA;;0;;Colis?â?úo Transversal;Luz do Dia;Bom;Seca;Cruz;Pare;Comercial;0;1;2;1;0;0;0;0;0;1;0;0;-3,772840000000000;-38,568438000000000
321184;9;1;2018;17:50;0;RUA DA SAUDADE;;;248;;Colis?â?úo Traseira;Anoitecer;Bom;Seca;Meio de Quadra;Sem?â?íforo;Comercial;0;0;2;1;0;0;0;0;0;0;0;0;-3,768519200000000;-38,549730000000000
321185;9;1;2018;18:42;0;AV DIOGUINHO;;;2171;;Colis?â?úo Lateral;Via Iluminada;Bom;Seca;Meio de Quadra;N?â?úo H?â?í Controle;Comercial;0;1;1;1;0;0;0;0;0;1;0;0;-3,735610200000000;-38,456680000000000
321186;9;1;2018;20:43;0;AV DOM LUIS;;;730;;Colis?â?úo Lateral;Via Iluminada;Bom;Seca;Outros;N?â?úo H?â?í Controle;Comercial;0;0;2;1;0;0;0;0;0;0;0;0;-3,734155400000000;-38,494760000000000
321191;9;1;2018;20:41;0;AV MON TABOSA;;;2107;;Colis?â?úo Lateral;Via Iluminada;Bom;Seca;Meio de Quadra;N?â?úo H?â?í Controle;Comercial;0;0;2;1;0;0;0;0;0;0;0;0;-3,724222700000000;-38,508366000000000
321239;9;1;2018;02:06;12407;RUA ALUISIO AZEVEDO;RUA MELO DE OLIVEIRA;;0;;Colis?â?úo Transversal;Via Iluminada;Bom;Seca;Cruz;Pare;Comercial;0;0;1;1;0;0;0;0;0;1;0;0;-3,771098000000000;-38,577486000000000
327095;9;1;2018;18:35;0;AV GOV PARSIFAL BARROSO;;;196;;Colis?â?úo;;;;Meio de Quadra;;;0;0;1;1;0;0;0;0;0;1;0;0;;
327319;9;1;2018;08:30;0;RD BR 116;;;3000;KM-03;Colis?â?úo Lateral;Luz do Dia;;;Meio de Quadra;;;0;1;1;1;0;0;0;0;0;1;0;0;-3,779838000000000;-38,514372000000000
327322;9;1;2018;13:00;0;RD BR 116;;;11000;KM-11;Colis?â?úo Frontal;Luz do Dia;;;Meio de Quadra;;;0;1;1;0;0;0;0;0;0;1;0;0;-3,847160000000000;-38,497176000000000
327810;9;1;2018;18:44;0;AV AUGUSTO DOS ANJOS;;;1521;;Atropelamento;;;;Meio de Quadra;;;0;1;1;0;0;0;0;0;0;1;0;0;-3,779799000000000;-38,578832000000000
327811;9;1;2018;20:46;13345;AV J CJ JOSE WALTER;AV H CJ JOSE WALTER;;0;;Colis?â?úo;;;;T;Pare;Residencial;0;1;1;1;0;0;0;0;0;1;0;0;-3,841244000000000;-38,558743000000000
327813;9;1;2018;21:19;21602;RUA STA LIDUINA D42;RUA CON DE CASTRO;;0;;Colis?â?úo;;;;;;;0;1;1;1;0;0;0;0;0;1;0;0;-3,797482000000000;-38,584986000000000
327816;9;1;2018;21:59;0;RUA JULIO SILVA;;;440;;Queda;;;;Meio de Quadra;;;0;1;0;0;0;0;0;0;0;1;0;0;-3,745190000000000;-38,454710000000000
327818;9;1;2018;22:29;91;RUA PRS PRUDENTE;RUA TOMAS RODRIGUES;;0;;Colis?â?úo;;;;Cruz;;Residencial;0;1;1;0;0;0;0;0;0;0;0;0;-3,738023000000000;-38,594205000000000
327794;9;1;2018;18:22;0;RUA SEBASTIAO DE ABREU;;;0;;Queda;Anoitecer;;;Meio de Quadra;;;0;1;0;0;0;1;0;0;0;0;0;0;;
327807;9;1;2018;18:41;0;AV G CJ CEARA;;;635;;Atropelamento;;;;Meio de Quadra;;;0;1;1;0;0;0;0;0;0;1;0;0;-3,774164000000000;-38,610295000000000
327752;9;1;2018;11:51;0;AV FRE CIRILO;;;3100;VIADUTO;Queda;Luz do Dia;;;Meio de Quadra;;;0;1;0;0;0;0;0;0;0;1;0;0;-3,820344900000000;-38,496272600000000
327753;9;1;2018;11:58;0;AV ROGACIANO LEITE;;;1800;;Colis?â?úo;Luz do Dia;;;Meio de Quadra;;;0;1;1;1;0;0;0;0;0;1;0;0;-3,770557000000000;-38,498065000000000
327754;9;1;2018;12:45;0;AV DR SILAS MUNGUBA;;;6468;;Queda;Luz do Dia;;;Meio de Quadra;;;0;1;0;0;0;0;0;0;0;1;0;0;;
327755;9;1;2018;12:50;1530;RUA TIBURCIO CAVALCANTE;AV JULIO VENTURA;;0;;Queda;Luz do Dia;;;T;N?â?úo H?â?í Controle;Residencial;0;1;0;0;0;0;0;0;0;1;0;0;-3,740609000000000;-38,504074000000000
327756;9;1;2018;12:52;3767;AV IMPERADOR;AV DOMINGOS OLIMPIO;;0;;Colis?â?úo;Luz do Dia;;;Cruz;Sem?â?íforo;Comercial;0;1;1;1;0;0;0;0;0;1;0;0;-3,734790000000000;-38,536697000000000
327765;9;1;2018;12:55;0;RUA PDE PEDRO DE ALENCAR;;;0;;Colis?â?úo;Luz do Dia;;;Meio de Quadra;;;0;1;1;1;0;0;0;0;0;1;0;0;;
327773;9;1;2018;14:56;0;RUA URUCUTUBA;;;2169;;Queda;Luz do Dia;;;Meio de Quadra;;;0;1;0;0;0;0;0;0;0;1;0;0;-3,798720000000000;-38,616308000000000
327738;9;1;2018;06:31;15311;RUA PEREIRA FILGUEIRAS;AV RUI BARBOSA;;0;;Queda;Luz do Dia;;;Cruz;Sem?â?íforo;Comercial;0;1;0;0;0;0;0;0;0;1;0;0;-3,730106000000000;-38,507546000000000
327786;9;1;2018;15:02;0;RUA MARIO MAMEDE;;;819;;Colis?â?úo;Luz do Dia;;;Meio de Quadra;;;0;2;1;1;0;0;0;0;0;1;0;0;-3,752490334000000;-38,527673667000000
327788;9;1;2018;15:27;4830;RUA DAS PITANGUEIRAS;RUA ITATIAIA;;0;;Colis?â?úo;Luz do Dia;;;Cruz;N?â?úo H?â?í Controle;Residencial;0;1;1;0;0;0;0;0;0;0;0;0;-3,808917000000000;-38,602538000000000
327745;9;1;2018;06:57;0;AV PRS CASTELO BRANCO;;;0;;Queda;Luz do Dia;;;Meio de Quadra;;;0;1;0;0;0;0;0;0;0;1;0;0;;
327746;9;1;2018;08:06;0;RUA CEL MATOS DOURADO;;;342;;Colis?â?úo;Luz do Dia;;;Meio de Quadra;;;0;1;1;1;0;0;0;0;0;1;0;0;-3,741916575000000;-38,585139553000000
327714;9;1;2018;06:12;0;RUA JOAO BRIGIDO;;;2257;;Queda;Luz do Dia;;;Meio de Quadra;;;0;1;0;0;0;1;0;0;0;0;0;0;-3,738950020000000;-38,521036622000000
327711;9;1;2018;00:03;0;AV RECREIO D64;;;300;;Colis?â?úo;;;;Meio de Quadra;;;0;2;0;0;0;0;0;0;0;1;0;0;;
327616;9;1;2018;10:50;0;RD CE-040;;;4587;KM-09;Colis?â?úo;Luz do Dia;;;Meio de Quadra;;;0;1;1;1;0;0;0;0;0;1;0;0;-3,834450897000000;-38,482465820000000
327631;9;1;2018;11:20;0;RD CE-040;;;0;KM-08;Colis?â?úo;Luz do Dia;;;Meio de Quadra;;;0;1;1;1;0;0;0;0;0;1;0;0;-3,825515822000000;-38,481538320000000
327635;9;1;2018;20:40;0;AV SEN CARLOS JEREISSATI (AEROPORTO);;;0;KM 03;Colis?â?úo;;;;Meio de Quadra;;;0;0;2;1;0;0;0;0;0;0;0;0;-3,779641000000000;-38,544038000000000
339200;9;1;2018;07:05;0;RD BR 116;;;10000;KM-10;Colis?â?úo Transversal;Luz do Dia;;;Meio de Quadra;;;0;2;0;0;0;0;0;0;0;1;0;0;-3,834435000000000;-38,503373000000000
326711;9;1;2018;23:28;1370;RUA CEL JUCA;RUA MARCOS MACEDO;;0;;Colis?â?úo Transversal;Via Iluminada;Bom;Seca;Cruz;N?â?úo H?â?í Controle;Residencial;0;1;1;1;0;0;0;0;0;1;0;0;-3,736456000000000;-38,490901000000000
326702;9;1;2018;21:57;12379;RUA ALUISIO AZEVEDO;RUA AGUAPE;;0;;Colis?â?úo Lateral;Via Iluminada;Bom;Seca;Cruz;Pare;Comercial;0;1;1;1;0;0;0;0;0;1;0;0;-3,772843000000000;-38,574238000000000
326606;9;1;2018;13:15;0;AV 13 DE MAIO;;;465;;Colis?â?úo Traseira;Luz do Dia;Bom;Seca;Meio de Quadra;Sem?â?íforo;Comercial;0;0;2;1;0;0;0;0;0;1;0;0;-3,752535000000000;-38,525567765000000
326607;9;1;2018;17:30;0;RUA 15 DE NOVEMBRO;;;960;;Colis?â?úo Traseira;Anoitecer;Bom;Seca;Meio de Quadra;Sem?â?íforo;Misto;0;0;2;1;0;0;0;0;0;0;0;0;-3,770410721000000;-38,551781628000000
326609;9;1;2018;10:25;14829;RUA PDE RODOLFO;RUA SAO RAIMUNDO D71;;0;;Colis?â?úo Lateral;Luz do Dia;Chuva;Molhada;Cruz;N?â?úo H?â?í Controle;Residencial;0;0;2;1;0;0;0;0;0;0;0;0;-3,803662000000000;-38,587811000000000
326610;9;1;2018;13:05;0;RUA PORTO VELHO;;;436;;Colis?â?úo Traseira;Luz do Dia;Bom;Molhada;Meio de Quadra;Pare;Residencial;0;0;3;1;0;0;0;0;0;0;0;0;-3,767276966000000;-38,584586361000000
306376;9;1;2018;06:15;0;RD BR 116;;;11000;KM-11;Colis?â?úo;Luz do Dia;;;Meio de Quadra;;;1;0;1;1;0;1;0;0;0;0;0;0;-3,847160000000000;-38,497176000000000
327983;10;1;2018;18:39;11161;RUA JULIO GASPAR;RUA MANUEL TEOFILO;;0;;Colis?â?úo;;;;Cruz;Pare;Residencial;0;2;0;1;0;0;0;0;0;1;0;0;-3,783745000000000;-38,561561000000000
327995;10;1;2018;19:00;0;RUA CAP ARAGAO;;;691;;Atropelamento;;;;Meio de Quadra;;;0;1;1;1;0;0;0;0;0;0;0;0;-3,764730000000000;-38,512040000000000
327998;10;1;2018;19:01;0;RD BR 020;;;0;;Queda;;;;Meio de Quadra;;;0;1;0;0;0;0;0;0;0;1;0;0;;
326704;10;1;2018;10:05;839;AV GOV RAUL BARBOSA;RUA MAJ JOSE ARAUJO AGUIAR;;0;;Colis?â?úo Lateral;Luz do Dia;Bom;Seca;Cruz;Sem?â?íforo;Comercial;0;0;2;0;0;0;0;0;0;1;0;0;-3,775451000000000;-38,513020000000000
326705;10;1;2018;15:55;3779;RUA VINTE E QUATRO DE MAIO;RUA ANTONIO POMPEU;;0;;Colis?â?úo Lateral;Luz do Dia;Nublado;Seca;Cruz;;Residencial;0;0;2;1;0;0;0;0;0;1;0;0;-3,733667000000000;-38,534186000000000
326712;10;1;2018;14:15;25813;RUA JOAQUIM ALBANO;RUA ANTONIO G DE SALES;;0;;Colis?â?úo Traseira;Luz do Dia;Nublado;Molhada;Outros;Sem?â?íforo;Misto;0;0;2;1;0;0;0;0;0;0;0;0;;
326708;10;1;2018;09:00;19611;RUA NEREU RAMOS;AV GODOFREDO MACIEL;;0;;Colis?â?úo Traseira;Luz do Dia;Chuva;Molhada;T;Sem?â?íforo;Comercial;0;0;2;1;0;0;0;0;0;0;0;0;-3,787250000000000;-38,566802000000000
326627;10;1;2018;22:40;7976;AV JOAO PESSOA;RUA MAJ WEYNE;;0;;Colis?â?úo Transversal;;;;Cruz;Sem?â?íforo;Comercial;0;1;1;0;1;0;0;0;0;1;0;0;-3,747841000000000;-38,545334000000000
336477;10;1;2018;01:30;3293;AV PERIMETRAL;RUA LUIS VIEIRA;;0;;;;;;;N?â?úo H?â?í Controle;Comercial;0;0;1;0;0;0;0;0;0;1;0;0;-3,786828000000000;-38,590193000000000
336478;10;1;2018;10:30;0;RUA PDE IBIAPINA;;;0;;Atropelamento;Luz do Dia;;;Meio de Quadra;;;0;1;1;0;1;0;0;0;0;0;0;0;;
336479;10;1;2018;16:45;13432;AV ANTONIO SALES;AV RUI BARBOSA;;0;;;Luz do Dia;;;Cruz;Sem?â?íforo;Comercial;0;0;1;1;0;0;0;0;0;1;0;0;-3,742611000000000;-38,511569000000000
336480;10;1;2018;14:50;25519;AV GOV RAUL BARBOSA;AV ALM HENRIQUE SABOIA;;0;;;Luz do Dia;;;Y;N?â?úo H?â?í Controle;Residencial;0;0;1;1;0;0;0;0;0;1;0;0;-3,758466000000000;-38,504580000000000
336482;10;1;2018;23:05;0;AV CEL CARVALHO;;;2675;;Colis?â?úo;;;;Meio de Quadra;;;0;0;1;0;1;0;0;0;0;1;0;0;-3,726383286000000;-38,585556000000000
336485;10;1;2018;08:35;17589;RUA ESPIRITO SANTO;RUA CEARA;;0;;Colis?â?úo;Luz do Dia;;;Cruz;Pare;Residencial;0;0;1;0;0;0;0;0;0;1;0;0;-3,756095000000000;-38,570182000000000
336486;10;1;2018;09:40;17583;RUA PIAUI;RUA ESTADO DO RIO;;0;;Colis?â?úo;Luz do Dia;;;Cruz;Pare;Residencial;0;0;1;0;0;0;0;0;0;1;0;0;-3,755344000000000;-38,568847000000000
327639;10;1;2018;07:10;0;RD CE-040;;;0;KM-07;Colis?â?úo;Luz do Dia;;;Meio de Quadra;;;0;0;2;1;0;0;0;0;0;0;0;0;-3,817159445000000;-38,483032860000000
327643;10;1;2018;11:15;0;RD CE-040;;;0;KM-09;Colis?â?úo;Luz do Dia;;;Meio de Quadra;;;0;0;2;0;1;0;0;0;0;0;0;0;-3,834450897000000;-38,482465820000000
327831;10;1;2018;07:29;0;AV 13 DE MAIO;;;2991;;Colis?â?úo;Luz do Dia;;;Meio de Quadra;;;0;1;1;1;0;0;0;0;0;1;0;0;-3,738286000000000;-38,542160000000000
327832;10;1;2018;08:08;0;RUA RIO GRANDE DO SUL;;;611;;Colis?â?úo;Luz do Dia;;;Meio de Quadra;;;0;1;1;0;0;0;0;0;0;0;0;0;-3,754519000000000;-38,564937000000000
327820;10;1;2018;06:37;0;AV ANTONIO SALES;;;535;;Colis?â?úo;Luz do Dia;;;Meio de Quadra;;;0;1;1;0;0;0;0;0;0;0;0;0;-3,740955392000000;-38,516867000000000
327822;10;1;2018;07:05;0;RUA BAR AQUIRAZ;;;1910;;Colis?â?úo;Luz do Dia;;;Meio de Quadra;;;0;1;1;1;0;0;0;0;0;1;0;0;-3,843311723000000;-38,482339603000000
327857;10;1;2018;09:59;25070;AV DOS EXPEDICIONARIOS;RUA ALM RUFINO;;0;;Colis?â?úo;Luz do Dia;;;Cruz;Sem?â?íforo;Comercial;0;1;1;1;0;0;0;0;0;1;0;0;-3,765289000000000;-38,541286000000000
327865;10;1;2018;10:35;9140;RUA PDE BARBOSA DE JESUS;AV FELINO BARROSO;;0;;Colis?â?úo;Luz do Dia;;;;;;0;1;1;1;0;0;0;0;0;1;0;0;-3,749106000000000;-38,527957000000000
327867;10;1;2018;10:48;0;RUA PEREIRA DE MIRANDA;;;1456;;Queda;Luz do Dia;;;Meio de Quadra;;;0;1;0;0;0;0;0;0;0;1;0;0;-3,743009501000000;-38,471912500000000
327868;10;1;2018;11:07;0;AV 13 DE MAIO;;;975;;Colis?â?úo;Luz do Dia;;;Meio de Quadra;;;0;1;1;1;0;0;0;0;0;1;0;0;-3,750472000000000;-38,527991000000000
327869;10;1;2018;11:11;19062;RUA PAULO MORAIS;RUA DES WALDETARIO P MOTA;;0;;Colis?â?úo;Luz do Dia;;;Cruz;Pare;Residencial;0;1;1;1;0;0;0;0;0;1;0;0;-3,736632000000000;-38,480491000000000
327873;10;1;2018;11:33;0;AV EDUARDO GIRAO;;;88;;Queda;Luz do Dia;;;Meio de Quadra;;;0;1;0;0;0;0;0;0;0;1;0;0;-3,750325408000000;-38,537547971000000
327874;10;1;2018;11:48;0;RUA PEREIRA DE MIRANDA;;;1540;;Atropelamento;Luz do Dia;;;Meio de Quadra;;;0;1;1;1;0;0;0;0;0;0;0;0;-3,743009501000000;-38,471912500000000
327875;10;1;2018;13:29;0;AV FRANCISCO SA;;;5700;;Queda;Luz do Dia;;;Meio de Quadra;;;0;1;0;0;0;0;0;0;0;1;0;0;-3,711246000000000;-38,575397000000000
327876;10;1;2018;13:51;0;RUA LIBERATO BARROSO;;;612;;Atropelamento;Luz do Dia;;;Meio de Quadra;;;0;1;1;0;1;0;0;0;0;0;0;0;-3,728549800000000;-38,528309500000000
327883;10;1;2018;14:03;10005;RUA DUAS NACOES;RUA TAQUARI;;0;;Atropelamento;Luz do Dia;;;Cruz;Pare;Residencial;0;1;1;0;1;0;0;0;0;0;0;0;-3,776149000000000;-38,601822000000000
327880;10;1;2018;13:57;0;AV GAL OSORIO DE PAIVA;;;3345;;Colis?â?úo;Luz do Dia;;;Meio de Quadra;;;0;1;1;1;0;0;0;0;0;1;0;0;-3,790284895000000;-38,588044156000000
327889;10;1;2018;14:18;15261;RUA CANUTO DE AGUIAR;RUA JOSE VILAR;;0;;Colis?â?úo;Luz do Dia;;;T;N?â?úo H?â?í Controle;Residencial;0;1;1;1;0;0;0;0;0;1;0;0;-3,728393000000000;-38,502288000000000
327891;10;1;2018;14:22;0;RUA EQUADOR;;;1981;;Colis?â?úo;Luz do Dia;;;Meio de Quadra;;;0;1;1;1;0;0;0;0;0;1;0;0;-3,784449000000000;-38,557111000000000
327901;10;1;2018;14:53;0;AV WASHINGTON SOARES;;;0;;Colis?â?úo;Luz do Dia;;;Meio de Quadra;;;0;1;1;1;0;0;0;0;0;1;0;0;;
327918;10;1;2018;16:19;0;RUA PESC CHICO BINDA;;;271;;Colis?â?úo;Luz do Dia;;;Meio de Quadra;;;0;1;1;1;0;0;0;0;0;1;0;0;-3,726780000000000;-38,475670000000000
327920;10;1;2018;17:13;5127;RUA SEN ALENCAR;RUA GAL SAMPAIO;;0;;Atropelamento;Anoitecer;;;Cruz;Sem?â?íforo;Comercial;0;2;0;0;0;0;0;0;0;1;0;0;-3,724192000000000;-38,529984000000000
327922;10;1;2018;17:19;0;AV BEZERRA DE MENEZES;;;1977;;Colis?â?úo;Anoitecer;;;Meio de Quadra;;;0;1;1;1;0;0;0;0;0;1;0;0;-3,735190984000000;-38,562178355000000
327923;10;1;2018;17:54;0;AV LEITE BARBOSA;;;730;;Queda;Anoitecer;;;Meio de Quadra;;;0;1;0;0;0;0;0;0;0;1;0;0;-3,710370000000000;-38,468960000000000
327323;10;1;2018;14:40;0;RD BR 020;;;0;KM 429;Choque c/ Obst?â?ículo Fixo;Luz do Dia;;;Meio de Quadra;;;0;0;1;0;0;0;1;0;0;0;0;0;-3,869000000000000;-38,507000000000000
327100;10;1;2018;22:35;10106;RUA CEL FABRICIANO;RUA MARIA JULIA;;0;;Colis?â?úo;;;;Cruz;Pare;Comercial;0;1;1;1;0;0;0;0;0;1;0;0;-3,785602000000000;-38,597824000000000
321192;10;1;2018;12:10;9197;RUA JAIME BENEVOLO;RUA COSTA ARAUJO;;0;;Colis?â?úo Transversal;Luz do Dia;Chuva;Molhada;Cruz;Pare;Residencial;0;1;1;1;0;0;0;0;0;1;0;0;-3,747162000000000;-38,530420000000000
321193;10;1;2018;14:09;22008;RUA FRANCISCA CLOTILDE;RUA PDE CICERO;;0;;Colis?â?úo Transversal;Luz do Dia;Chuva;Molhada;Cruz;Pare;Residencial;0;1;1;0;0;0;0;0;0;1;0;0;-3,739665000000000;-38,550121000000000
321194;10;1;2018;14:30;22891;RUA GUERRA JUNQUEIRO;RUA ANTONIO BENTO;;0;;Colis?â?úo Transversal;Luz do Dia;Bom;Seca;Cruz;N?â?úo H?â?í Controle;Residencial;0;0;2;1;0;0;0;0;0;0;0;0;-3,781558000000000;-38,547423000000000
321195;10;1;2018;12:10;10339;RUA JOSE MENDONCA;RUA PORTO DAS ROSAS;;0;;Colis?â?úo Lateral;Luz do Dia;Nublado;Molhada;Cruz;Pare;Comercial;0;0;2;1;0;0;0;0;0;1;0;0;-3,756772000000000;-38,602124000000000
321196;10;1;2018;18:42;13111;AV C CJ JOSE WALTER;RUA 69 CJ JOSE WALTER;;0;;Colis?â?úo Transversal;Anoitecer;Bom;Seca;Cruz;Pare;Residencial;0;2;0;0;0;0;0;0;0;1;0;0;-3,829164000000000;-38,554291000000000
321197;10;1;2018;23:56;5062;RUA DR JOAO MOREIRA;RUA GAL SAMPAIO;;0;;Colis?â?úo Lateral;Via Iluminada;Chuva;Molhada;Cruz;N?â?úo H?â?í Controle;Comercial;0;1;1;1;0;0;0;0;0;1;0;0;-3,722030000000000;-38,529364000000000
321213;10;1;2018;15:25;5434;AV HERACLITO GRACA;AV DOM MANUEL;;0;;Colis?â?úo Traseira;Luz do Dia;Nublado;Molhada;Meio de Quadra;Sem?â?íforo;Comercial;0;1;3;1;0;0;0;0;0;1;0;0;-3,734013000000000;-38,522952000000000
321187;10;1;2018;06:27;24340;RUA DES PRAXEDES;RUA SAO MATEUS D14;;0;;Colis?â?úo Transversal;Luz do Dia;Nublado;Seca;Cruz;Pare;Residencial;0;1;1;1;0;0;0;0;0;0;0;0;-3,764329000000000;-38,538730000000000
321188;10;1;2018;10:15;0;AV PRS COSTA E SILVA;RUA D (RES MARCOS FREIRE);;0;;Colis?â?úo Traseira;Luz do Dia;Chuva;Molhada;T;Pare;Residencial;0;0;2;0;0;0;0;0;0;0;0;0;-3,821848900000000;-38,556133000000000
321189;10;1;2018;12:14;0;AV DEP PAULINO ROCHA;;;47;;Colis?â?úo Traseira;Luz do Dia;Chuva;Molhada;Meio de Quadra;Sem?â?íforo;Comercial;0;1;1;1;0;0;0;0;0;0;0;0;-3,801994300000000;-38,507540000000000
321214;11;1;2018;17:01;25311;RUA ANTENOR ROCHA ALEXANDRE;RUA JOAO REGINO;;0;;Colis?â?úo Transversal;Via Iluminada;Bom;Seca;Cruz;Pare;Comercial;0;0;2;1;0;0;0;0;0;0;0;0;-3,792178000000000;-38,482810000000000
321215;11;1;2018;18:15;1512;AV RUI BARBOSA;RUA ROCHA LIMA;;0;;Colis?â?úo Lateral;Via Iluminada;Bom;Seca;Cruz;Pare;Residencial;0;0;2;0;0;0;0;0;0;0;0;0;-3,740096000000000;-38,510753000000000
321216;11;1;2018;20:24;26252;RUA PERGENTINO MAIA;RUA ANTONIO BARROS;;0;;Colis?â?úo Transversal;Via Iluminada;Bom;Seca;Cruz;Sem?â?íforo;Comercial;0;2;2;1;1;0;0;0;0;0;0;0;-3,831505300000000;-38,489020000000000
321198;11;1;2018;07:42;7892;RUA PRO DIAS DA ROCHA;RUA PRO FRANCISCO GONCALVES;;0;;Colis?â?úo Lateral;Luz do Dia;Bom;Seca;Cruz;Pare;Residencial;0;1;1;1;0;0;0;0;0;1;0;0;-3,748582000000000;-38,495852000000000
321199;11;1;2018;07:40;17378;RUA ROMEU MARTINS;RUA ALBERTO MAGNO;;0;;Colis?â?úo Transversal;Luz do Dia;Bom;Seca;Cruz;Pare;Comercial;0;1;1;1;0;0;0;0;0;1;0;0;-3,766914000000000;-38,551758000000000
321200;11;1;2018;07:40;12867;RUA JAIME BENEVOLO;RUA JOAQUIM MAGALHAES;;0;;Colis?â?úo Traseira;Luz do Dia;Nublado;Seca;Cruz;Pare;Comercial;0;0;2;1;0;0;0;0;0;0;0;0;-3,739942000000000;-38,527961000000000
321201;11;1;2018;07:26;340;RUA CESAR FONTENELE;RUA DOM JOSE LOURENCO  D27;;0;;Colis?â?úo Lateral;Luz do Dia;Bom;Seca;Cruz;Pare;Residencial;0;1;1;1;0;0;0;0;0;1;0;0;-3,745892000000000;-38,557429000000000
321202;11;1;2018;09:32;0;AV IMPERADOR;;;1745;;Colis?â?úo Lateral;Luz do Dia;Bom;Seca;Meio de Quadra;N?â?úo H?â?í Controle;Comercial;0;1;2;1;0;0;0;0;0;1;0;0;-3,736274700000000;-38,537376000000000
321203;11;1;2018;13:30;9072;AV 13 DE MAIO;AV VIS RIO BRANCO;;0;;Engavetamento;Luz do Dia;Bom;Seca;Cruz;Sem?â?íforo;Comercial;0;0;2;1;0;0;0;0;0;0;0;0;-3,753544000000000;-38,520486000000000