COD_ACIDENTE;DIA;MES;ANO;HORA;INTERSECAO;LOG1;LOG2;LOG3;NUMERO;REFERENCIA;NATUREZA;ILUMINACAO;TEMPO;SUPERFICIEPISTA;TIPOCRUZAMENTO;CONTROLETRAFEGO;USOSOLO;MORTOS;FERIDOS;ILESOS;AUTOMOVEL;ONIBUS;BICICLETA;CAMINHAO;MICROONIBUS;CICLOMOTOR;MOTOCICLETA;TRACAOANIMAL;TREM;LATITUDE;LONGITUDE
321204;11;1;2018;14:10;0;AV JOR THOMAZ COELHO;;;0;;Colis?â?úo Traseira;Luz do Dia;Bom;Seca;Meio de Quadra;Sem?â?íforo;Comercial;0;1;1;1;0;0;0;0;0;1;0;0;-3,828394700000000;-38,513878000000000
321205;11;1;2018;15:05;15848;RUA CEL GUILHERME ALENCAR;RUA PDE SEVERIANO;;0;;Colis?â?úo Lateral;Luz do Dia;Bom;Seca;T;Pare;Comercial;0;1;1;1;0;0;0;0;0;1;0;0;-3,833499000000000;-38,492064000000000
321206;11;1;2018;15:43;1716;AV GOV RAUL BARBOSA;AV GAL MURILO BORGES;;0;;Colis?â?úo Transversal;Luz do Dia;Bom;Seca;Rotat?â??ria;N?â?úo H?â?í Controle;Residencial;0;0;2;1;0;0;0;0;0;0;0;0;-3,763977000000000;-38,508802000000000
321207;11;1;2018;14:59;4633;AV VIENA WEYNE;RUA PEDRO LAZAR;;0;;Colis?â?úo Transversal;Luz do Dia;Bom;Seca;Rotat?â??ria;D?â?¬ Prefer?â?¬ncia;Comercial;0;1;1;1;0;0;0;0;0;1;0;0;-3,801201000000000;-38,488662000000000
321208;11;1;2018;15:20;9020;RUA SALDANHA MARINHO;RUA JAIME BENEVOLO;;0;;Colis?â?úo Transversal;Luz do Dia;Bom;Seca;Cruz;Sem?â?íforo;Comercial;0;0;2;1;0;0;0;0;0;0;0;0;-3,743046000000000;-38,528994000000000
321209;11;1;2018;16:28;14969;RUA NORUEGA;RUA JULIO ALCIDES;;40;;Colis?â?úo Lateral;Luz do Dia;Bom;Seca;T;Pare;Residencial;0;0;2;1;0;0;0;0;0;0;0;0;-3,788560000000000;-38,564477000000000
321210;11;1;2018;16:39;24967;AV SANTOS DUMONT;AV ALM HENRIQUE SABOIA;;0;;Colis?â?úo Transversal;Luz do Dia;Bom;Seca;T;Sem?â?íforo;Comercial;0;0;2;1;1;0;0;0;0;0;0;0;-3,739680000000000;-38,486835000000000
321211;11;1;2018;13:35;15225;RUA ILDEFONSO ALBANO;RUA TEN BENEVOLO;;0;;Colis?â?úo Transversal;Luz do Dia;Bom;Seca;Cruz;Sem?â?íforo;Comercial;0;0;1;1;0;0;0;0;0;0;0;0;-3,727294000000000;-38,511332000000000
321212;11;1;2018;17:08;0;AV ANTONIO SALES;;;3500;VIADUTO VIA EXPRESSA;Colis?â?úo Traseira;Luz do Dia;Bom;Seca;Outros;Pare;Residencial;0;0;2;1;0;0;0;0;0;0;0;0;-3,748259800000000;-38,492645000000000
327105;11;1;2018;16:10;0;RUA PRO GOMES BRASIL;;;290;;Colis?â?úo;Luz do Dia;;;Meio de Quadra;;;0;0;1;1;0;0;0;0;0;0;0;0;-3,773338000000000;-38,568096000000000
327107;11;1;2018;19:50;25733;RUA FRE ODILON;AV MR HULL;;0;;Colis?â?úo;;;;Cruz;;Residencial;0;0;1;0;0;0;0;0;0;1;0;0;-3,737009000000000;-38,572078000000000
327108;11;1;2018;20:35;0;AV PRO GOMES DE MATOS;;;0;;Atropelamento;;;;Meio de Quadra;;;0;1;1;1;0;0;0;0;0;0;0;0;;
327324;11;1;2018;18:30;0;RD BR 020;;;0;KM 426;Colis?â?úo Traseira;Anoitecer;;;Meio de Quadra;;;0;1;1;0;0;0;0;0;0;1;0;0;-3,863000000000000;-38,524000000000000
327656;11;1;2018;11:00;0;AV SEN CARLOS JEREISSATI (AEROPORTO);;;0;KM 02;Colis?â?úo;Luz do Dia;;;Meio de Quadra;;;0;0;2;1;0;0;0;0;0;0;0;0;-3,782194000000000;-38,535424000000000
326628;11;1;2018;01:00;0;AV ALM HENRIQUE SABOIA;;;2015;;Choque c/ Obst?â?ículo Fixo;;;;Meio de Quadra;;;0;0;1;0;0;0;0;0;0;1;0;0;-3,722961400000000;-38,479648100000000
326624;11;1;2018;08:00;0;AV GOV RAUL BARBOSA;;;5960;;Colis?â?úo Lateral;Luz do Dia;;;Meio de Quadra;;;0;0;2;1;0;0;0;0;0;0;0;0;-3,769695500000000;-38,510430000000000
326625;11;1;2018;14:30;0;AV SGT HERMINIO SAMPAIO;;;2645;;Colis?â?úo Traseira;Luz do Dia;;;Meio de Quadra;;;0;0;3;1;0;0;0;0;0;0;0;0;-3,726835000000000;-38,563084000000000
326626;11;1;2018;09:00;22987;RUA FRE ALEMAO;RUA SANTIAGO;;0;;Colis?â?úo Traseira;Luz do Dia;;;;;;0;0;2;0;0;0;0;0;0;0;0;0;-3,786523000000000;-38,544252000000000
326621;11;1;2018;08:00;0;AV GOV RAUL BARBOSA;;;5542;;Colis?â?úo Traseira;Luz do Dia;;;Meio de Quadra;;;0;2;1;0;0;0;0;0;0;1;0;0;-3,769498500000000;-38,510508600000000
326612;11;1;2018;13:50;0;RUA LAURO MAIA;;;3;;Colis?â?úo Traseira;Luz do Dia;;;Meio de Quadra;;;0;0;2;1;0;0;0;0;0;0;0;0;;
328040;11;1;2018;06:47;0;RUA DALVA DE OLIVEIRA;;;310;;Queda;Luz do Dia;;;Meio de Quadra;;;0;1;0;0;0;0;0;0;0;1;0;0;-3,847826231000000;-38,523711846000000
328034;11;1;2018;00:38;1322;AV DOM LUIS;RUA VICENTE LEITE;;0;;Colis?â?úo;;;;Meio de Quadra;N?â?úo H?â?í Controle;Comercial;0;1;1;1;0;0;0;0;0;1;0;0;-3,734197000000000;-38,494467000000000
328043;11;1;2018;07:08;5463;RUA DNA LEOPOLDINA;RUA BARBARA DE ALENCAR;;0;;Colis?â?úo;Luz do Dia;;;Cruz;Pare;Comercial;0;1;1;1;0;0;0;0;0;1;0;0;-3,735695000000000;-38,521102000000000
328063;11;1;2018;09:50;0;ET DO FIO (MESSEJANA);;;3185;;Colis?â?úo;Luz do Dia;;;Meio de Quadra;;;0;1;1;1;0;0;0;0;0;1;0;0;;
328064;11;1;2018;09:53;0;AV AUGUSTO DOS ANJOS;;;2089;;Colis?â?úo;Luz do Dia;;;Meio de Quadra;;;0;1;1;0;0;0;0;0;0;1;0;0;-3,783820000000000;-38,582329000000000
328066;11;1;2018;11:39;0;RUA 7 DE SETEMBRO;;;76;;Colis?â?úo;Luz do Dia;;;Meio de Quadra;;;0;1;1;0;0;0;0;0;0;1;0;0;-3,773569678000000;-38,562829290000000
328069;11;1;2018;11:52;0;RUA TORRES CAMARA;;;71;;Queda;Luz do Dia;;;Meio de Quadra;;;0;1;0;0;0;0;0;0;0;1;0;0;-3,734525400000000;-38,510362400000000
328205;11;1;2018;15:00;0;RUA DR JOSE FURTADO;;;0;;Colis?â?úo;Luz do Dia;;;Meio de Quadra;;;0;1;1;1;0;0;0;0;0;1;0;0;;
328206;11;1;2018;15:55;0;RUA TEN LIRA;;;41;;Queda;Luz do Dia;;;Meio de Quadra;;;0;1;0;0;0;0;0;0;0;1;0;0;;
328210;11;1;2018;17:34;0;RUA CON DE CASTRO;;;5432;;Colis?â?úo;Anoitecer;;;Meio de Quadra;;;0;2;1;1;0;0;0;0;0;1;0;0;-3,810035000000000;-38,596258000000000
328208;11;1;2018;16:15;0;AV EDILSON B SOARES;;;770;;Colis?â?úo;Luz do Dia;;;Meio de Quadra;;;0;1;1;1;0;0;0;0;0;1;0;0;-3,789339000000000;-38,479202500000000
328214;11;1;2018;18:18;0;AV GAL OSORIO DE PAIVA;;;1431;;Queda;Anoitecer;;;Meio de Quadra;;;0;1;0;0;0;0;0;0;0;1;0;0;-3,780428637000000;-38,574130204000000
328216;11;1;2018;18:20;0;AV PRO GOMES DE MATOS;;;1200;;Colis?â?úo;Anoitecer;;;Meio de Quadra;;;0;1;1;1;0;0;0;0;0;1;0;0;-3,763084550000000;-38,547264950000000
328217;11;1;2018;19:12;0;AV FRE CIRILO;;;1480;;Colis?â?úo;;;;Meio de Quadra;;;0;2;0;1;0;0;0;0;0;1;0;0;-3,820297000000000;-38,496287000000000
328219;11;1;2018;19:30;2828;RUA CEL VIRGILIO NOGUEIRA (BOM JARDIM);RUA MANUEL GALDINO;;0;;Colis?â?úo;;;;Cruz;N?â?úo H?â?í Controle;Comercial;0;1;1;1;0;0;0;0;0;1;0;0;-3,794400000000000;-38,610576000000000
328228;12;1;2018;06:49;0;AV GODOFREDO MACIEL;;;1178;;Atropelamento;Luz do Dia;;;Meio de Quadra;;;0;2;0;0;0;0;0;0;0;1;0;0;-3,785784000000000;-38,566591000000000
328229;12;1;2018;07:48;0;AV PERIMETRAL;;;111;;Colis?â?úo;Luz do Dia;;;Meio de Quadra;;;0;1;1;1;0;0;0;0;0;1;0;0;;
328259;12;1;2018;13:09;25455;RUA PEDRO LAZAR;AV ENG JOS?âÔÇ? GUIMAR?âãÆES;;0;;Colis?â?úo;Luz do Dia;;;Cruz;Pare;Residencial;0;1;1;1;0;0;0;0;0;1;0;0;;
328252;12;1;2018;13:03;0;RUA SABIAGUABA;;;1608;;Colis?â?úo;Luz do Dia;;;Meio de Quadra;;;0;1;1;0;0;0;0;0;0;1;0;0;-3,783990504000000;-38,438559489000000
328222;12;1;2018;06:12;0;AV GODOFREDO MACIEL;;;4830;;Queda;Luz do Dia;;;Meio de Quadra;;;0;2;0;0;0;0;0;0;0;1;0;0;-3,818179143000000;-38,575485286000000
328236;12;1;2018;11:08;0;RUA PORTO VELHO;;;1668;;Atropelamento;Luz do Dia;;;Meio de Quadra;;;0;1;1;0;0;0;0;0;0;1;0;0;-3,762486650000000;-38,593627021000000
328243;12;1;2018;11:11;0;AV OLIVEIRA PAIVA;;;3339;;Colis?â?úo;Luz do Dia;;;Meio de Quadra;;;0;1;1;1;0;0;0;0;0;1;0;0;;
328247;12;1;2018;12:19;0;RD BR 116;;;11000;KM-11;Queda;Luz do Dia;;;Meio de Quadra;;;0;1;0;0;0;0;0;0;0;1;0;0;-3,847160000000000;-38,497176000000000
328313;12;1;2018;20:42;0;AV FILOMENO GOMES;;;547;;Colis?â?úo;;;;Meio de Quadra;;;0;1;1;1;0;0;0;0;0;1;0;0;-3,723100000000000;-38,541210000000000
328325;12;1;2018;21:02;7141;AV PRS CASTELO BRANCO;RUA FRANCISCO CALACA;;0;;Atropelamento;;;;Cruz;Pare;Residencial;0;1;1;1;0;0;0;0;0;0;0;0;-3,707642000000000;-38,570498000000000
328330;12;1;2018;21:24;0;AV PERIMETRAL;;;840;;Colis?â?úo;;;;Meio de Quadra;;;0;3;1;0;0;0;0;0;0;1;0;0;;
328335;12;1;2018;21:47;0;AV DR SILAS MUNGUBA;;;6;;Atropelamento;;;;Meio de Quadra;;;0;1;1;0;0;0;0;0;0;0;0;0;;
328336;12;1;2018;23:39;0;AV N CJ JOSE WALTER;;;921;;Queda;;;;Meio de Quadra;;;0;1;0;0;0;0;0;0;0;1;0;0;;
328308;12;1;2018;19:33;0;RUA ALBERTO DE OLIVEIRA;;;140;;Colis?â?úo;;;;Meio de Quadra;;;0;1;1;1;0;0;0;0;0;1;0;0;-3,714530000000000;-38,577990000000000
328301;12;1;2018;17:34;0;AV BEIRA MAR;;;0;;Queda;Anoitecer;;;Meio de Quadra;;;0;1;0;0;0;1;0;0;0;0;0;0;;
328302;12;1;2018;17:41;5434;AV DOM MANUEL;AV HERACLITO GRACA;;0;;Atropelamento;Anoitecer;;;Meio de Quadra;Sem?â?íforo;Comercial;0;1;1;0;1;0;0;0;0;0;0;0;-3,734013000000000;-38,522952000000000
328303;12;1;2018;17:53;0;AV PRO GOMES DE MATOS;;;748;;Colis?â?úo;Anoitecer;;;Meio de Quadra;;;0;1;1;1;0;0;0;0;0;1;0;0;-3,759855000000000;-38,544493000000000
328304;12;1;2018;19:12;0;AV PERIMETRAL;;;859;;Colis?â?úo;;;;Meio de Quadra;;;0;1;1;1;0;0;0;0;0;1;0;0;;
328291;12;1;2018;15:06;0;AV ENG SANTANA JUNIOR;;;180;;Colis?â?úo;Luz do Dia;;;Meio de Quadra;;;0;1;1;1;0;0;0;0;0;1;0;0;-3,730796000000000;-38,479025000000000
328293;12;1;2018;17:13;0;AV PERIMETRAL;;;631;;Queda;Anoitecer;;;Meio de Quadra;;;0;1;0;0;0;0;0;0;0;1;0;0;;
328295;12;1;2018;17:30;10907;RUA PORTO VELHO;RUA GUARANI D35 (JOAO XXIII);;0;;Colis?â?úo;Anoitecer;;;Cruz;Pare;Residencial;0;1;1;1;0;0;0;0;0;1;0;0;-3,768441000000000;-38,582396000000000
328274;12;1;2018;13:38;15099;RUA JOAO CORDEIRO;AV BEIRA MAR;;0;;Colis?â?úo;Luz do Dia;;;T;Pare;Comercial;0;1;1;0;0;0;0;0;0;1;0;0;-3,720256000000000;-38,511410000000000
328286;12;1;2018;14:33;5321;TR ROSITA;RUA GAL CLARINDO DE QUEIROZ;;0;;Atropelamento;Luz do Dia;;;T;N?â?úo H?â?í Controle;Comercial;0;1;1;0;0;0;0;0;0;0;0;0;-3,730041000000000;-38,538486000000000
328287;12;1;2018;15:03;0;AV PERIMETRAL;;;700;;Colis?â?úo;Luz do Dia;;;Meio de Quadra;;;0;1;1;1;0;0;0;0;0;1;0;0;;
326622;12;1;2018;14:44;0;RUA GOV SAMPAIO;;;420;;Colis?â?úo Lateral;Luz do Dia;Bom;Seca;Meio de Quadra;N?â?úo H?â?í Controle;Comercial;0;0;2;1;0;0;0;0;0;0;0;0;-3,728966769000000;-38,524128846000000
326623;12;1;2018;10:00;0;AV ABOLICAO;;;0;;Colis?â?úo Traseira;Luz do Dia;Bom;Seca;Meio de Quadra;Pare;Residencial;0;1;1;1;0;0;0;0;0;0;0;0;;
326633;12;1;2018;15:51;5039;AV ALBERTO NEPOMUCENO;RUA ADOLFO CAMINHA;;0;;Colis?â?úo Frontal;Luz do Dia;Bom;Seca;Cruz;Pare;Comercial;0;0;2;1;0;0;0;0;0;0;0;0;-3,721257000000000;-38,523212000000000
326634;12;1;2018;14:30;0;AV BEZERRA DE MENEZES;;;2375;;Colis?â?úo Traseira;Luz do Dia;Bom;Seca;Meio de Quadra;N?â?úo H?â?í Controle;Comercial;0;1;1;1;0;0;0;0;0;1;0;0;-3,735962953000000;-38,565834952000000
326638;12;1;2018;19:13;0;AV ALBERTO CRAVEIRO;;;2341;;Colis?â?úo Lateral;Mal Iluminada;Bom;Seca;Meio de Quadra;N?â?úo H?â?í Controle;Residencial;0;1;1;1;0;0;0;0;0;1;0;0;-3,802170000000000;-38,520707000000000
326639;12;1;2018;09:00;0;RUA MIN ALBUQUERQUE LIMA;;;1421;;Colis?â?úo Traseira;Luz do Dia;Bom;Seca;Meio de Quadra;Outros;Residencial;0;0;2;0;0;0;0;0;0;1;0;0;-3,770594000000000;-38,600413000000000
326642;12;1;2018;09:15;8949;AV BEZERRA DE MENEZES;RUA JUSTINIANO DE SERPA;;0;;Colis?â?úo Lateral;Luz do Dia;Bom;Seca;Cruz;Sem?â?íforo;Comercial;0;0;3;1;0;0;0;1;0;0;0;0;-3,731156000000000;-38,542857000000000
327658;12;1;2018;21:00;0;RD CE-040;;;5269;KM-10;Colis?â?úo;;;;Meio de Quadra;;;0;2;0;1;0;0;0;0;0;1;0;0;-3,842576660000000;-38,480882840000000
327325;12;1;2018;07:10;0;RD BR 020;;;0;KM 427;Colis?â?úo Transversal;Luz do Dia;;;Meio de Quadra;;;0;2;1;0;0;1;0;0;0;1;0;0;-3,866000000000000;-38,515000000000000
327326;12;1;2018;10:16;0;RD BR 116;;;3000;KM-03;Colis?â?úo Traseira;Luz do Dia;;;Meio de Quadra;;;0;1;1;0;0;0;1;0;0;1;0;0;-3,779838000000000;-38,514372000000000
327327;12;1;2018;12:40;0;RD BR 116;;;2000;KM-02;Colis?â?úo Traseira;Luz do Dia;;;Meio de Quadra;;;0;0;2;1;0;0;0;0;0;0;0;0;-3,771391000000000;-38,516780000000000
327113;12;1;2018;22:30;0;AV PENETRACAO OESTE I;;;1020;;Colis?â?úo;;;;Meio de Quadra;;;0;0;1;0;0;0;0;0;0;0;0;0;-3,816860800000000;-38,590741600000000
327111;12;1;2018;16:00;5421;AV DUQ CAXIAS;AV VIS RIO BRANCO;;0;;Colis?â?úo;Luz do Dia;;;Cruz;Sem?â?íforo;Comercial;0;0;1;0;0;0;0;0;0;0;0;0;-3,733481000000000;-38,524603000000000
321217;12;1;2018;10:26;0;AV DA UNIVERSIDADE;;;1896;;Colis?â?úo Traseira;Luz do Dia;Bom;Seca;Meio de Quadra;N?â?úo H?â?í Controle;Escola;0;0;2;1;0;0;0;0;0;0;0;0;-3,734829200000000;-38,533485000000000
321218;12;1;2018;13:10;7899;AV ANTONIO SALES;RUA MON CATAO;;0;;Colis?â?úo Lateral;Luz do Dia;Bom;Seca;Cruz;Pare;Comercial;0;0;2;1;0;0;0;0;0;1;0;0;-3,748174000000000;-38,493642000000000
321219;12;1;2018;10:45;22677;AV COS GOMES DE FREITAS (SAPIRANGA/COITE);RUA MARIO ALENCAR ARARIPE;;0;;Colis?â?úo;Luz do Dia;Bom;Seca;Cruz;Pare;Residencial;0;1;1;1;0;0;0;0;0;1;0;0;-3,795569000000000;-38,478257000000000
321220;12;1;2018;10:30;0;RUA GOV JOAO CARLOS;;;855;;Colis?â?úo Traseira;Luz do Dia;Bom;Seca;Meio de Quadra;N?â?úo H?â?í Controle;Residencial;0;0;2;1;0;0;0;0;0;1;0;0;-3,782391800000000;-38,553352000000000
321221;12;1;2018;14:00;15531;AV FRE CIRILO;RUA PAULO SETUBAL;;0;;Colis?â?úo Transversal;Luz do Dia;Bom;Seca;T;Sem?â?íforo;Comercial;0;0;2;1;0;0;0;0;0;0;0;0;-3,820502000000000;-38,496028000000000
321222;12;1;2018;15:15;0;RUA NAPOLEAO QUEZADO;;;201;;Colis?â?úo Lateral;Luz do Dia;Bom;Seca;Meio de Quadra;N?â?úo H?â?í Controle;Comercial;0;0;2;1;0;0;0;0;0;0;0;0;-3,778140000000000;-38,566303000000000
321223;12;1;2018;14:26;25796;RUA SGT JOAO PINHEIRO;AV H CJ CEARA;;0;;Colis?â?úo Lateral;Luz do Dia;Bom;Seca;T;Pare;Residencial;0;0;2;1;0;0;0;0;0;0;0;0;-3,777195700000000;-38,621260000000000
321224;12;1;2018;16:31;12837;AV DOMINGOS OLIMPIO;RUA JAIME BENEVOLO;;0;;Colis?â?úo Traseira;Luz do Dia;Bom;Seca;Cruz;Sem?â?íforo;Comercial;0;0;2;1;0;0;0;0;0;0;0;0;-3,737780000000000;-38,527245000000000
321225;12;1;2018;16:57;0;RUA MONTE LIBANO;;;494;;N?â?úo Informado;Luz do Dia;Bom;Seca;Meio de Quadra;Pare;Residencial;0;1;1;1;0;0;0;0;0;1;0;0;-3,824579200000000;-38,561962000000000
321226;12;1;2018;18:20;0;AV PRS COSTA E SILVA;RUA PAU BRASIL;;0;;Engavetamento;Anoitecer;Bom;Seca;T;Sem?â?íforo;Residencial;0;0;3;1;0;0;0;0;0;0;0;0;-3,823910000000000;-38,548065000000000
321227;12;1;2018;18:39;8000;AV JOAO PESSOA;RUA DELMIRO FARIAS;;0;;Colis?â?úo Transversal;Via Iluminada;Bom;Seca;Cruz;Gesto;Escola;0;1;1;0;1;0;0;0;0;1;0;0;-3,750275000000000;-38,547538000000000
321228;12;1;2018;21:35;7817;RUA JOAQUIM NABUCO;RUA MARCONDES PEREIRA;;0;;Colis?â?úo Transversal;Via Iluminada;Bom;Seca;Cruz;Pare;Residencial;0;1;1;0;0;0;0;0;0;1;0;0;-3,749764000000000;-38,505936000000000
321376;12;1;2018;13:22;11259;AV BENJAMIM BRASIL;RUA PAURILO BARROSO;;0;;Colis?â?úo Transversal;Luz do Dia;Bom;Seca;N?â?úo Informado;Pare;Residencial;0;1;1;1;0;0;0;0;0;1;0;0;-3,803725000000000;-38,570528000000000
321252;13;1;2018;07:00;0;AV PRS COSTA E SILVA;;;861;;N?â?úo Informado;Luz do Dia;Chuva;Molhada;Meio de Quadra;N?â?úo H?â?í Controle;Comercial;0;1;1;0;0;0;1;0;0;1;0;0;-3,812871200000000;-38,571490000000000
321229;13;1;2018;07:01;5316;RUA FLORIANO PEIXOTO;RUA PEDRO PEREIRA;;0;;N?â?úo Informado;Luz do Dia;Bom;Seca;Cruz;Sem?â?íforo;Comercial;0;1;1;1;0;0;0;0;0;1;0;0;-3,729873000000000;-38,527962000000000
321230;13;1;2018;10:09;0;AV ANTONIO SALES;;;133;;Colis?â?úo Lateral;Luz do Dia;Bom;Seca;Cruz;D?â?¬ Prefer?â?¬ncia;Comercial;0;0;2;1;0;0;0;0;0;0;0;0;-3,739713700000000;-38,521267000000000
321231;13;1;2018;11:52;0;RUA DNA LIBANIA R. MELO NUNES;AV WENEFRIDO MELO;;0;;Colis?â?úo Lateral;Luz do Dia;Bom;Seca;T;N?â?úo H?â?í Controle;Comercial;0;0;2;1;0;0;0;0;0;0;0;0;-3,810847300000000;-38,576050000000000
321233;13;1;2018;13:01;0;AV DOM MANUEL;;;654;;Colis?â?úo Traseira;Luz do Dia;Bom;Seca;Meio de Quadra;N?â?úo H?â?í Controle;Comercial;0;0;2;1;0;0;0;0;0;0;0;0;-3,729897500000000;-38,521630000000000
321234;13;1;2018;13:18;13233;AV F CJ JOSE WALTER;AV L CJ JOSE WALTER;;0;;Colis?â?úo Lateral;Luz do Dia;Bom;Seca;Rotat?â??ria;D?â?¬ Prefer?â?¬ncia;Residencial;0;1;1;1;0;0;0;0;0;0;0;0;-3,835328000000000;-38,558805000000000
321235;13;1;2018;11:35;0;RUA PESSOA ANTA;;;129;;Colis?â?úo Traseira;Luz do Dia;Bom;Seca;Meio de Quadra;N?â?úo H?â?í Controle;Comercial;0;1;1;1;0;0;0;0;0;0;0;0;-3,721023800000000;-38,521782000000000
321236;13;1;2018;13:44;5450;RUA ANTONIO POMPEU;RUA MAJ FACUNDO;;0;;Colis?â?úo Transversal;Luz do Dia;Bom;Seca;Cruz;Pare;Comercial;0;0;2;1;0;0;0;0;0;0;0;0;-3,734923000000000;-38,530216000000000
321238;13;1;2018;13:20;0;AV PRS COSTA E SILVA;AV DO PASSARE;;0;;Colis?â?úo Transversal;Luz do Dia;Bom;Seca;Meio de Quadra;N?â?úo H?â?í Controle;Comercial;0;1;2;1;0;0;0;0;0;1;0;0;-3,824348700000000;-38,544710000000000
327119;13;1;2018;21:20;4612;AV WASHINGTON SOARES;AV OLIVEIRA PAIVA;;0;;Colis?â?úo;;;;;;;0;0;1;1;1;0;0;0;0;0;0;0;-3,795695000000000;-38,479908000000000
314995;13;1;2018;14:20;7813;RUA TIBURCIO CAVALCANTE;RUA JULIO SIQUEIRA;;0;;Colis?â?úo Transversal;Luz do Dia;Bom;Seca;Cruz;Pare;Comercial;1;1;1;0;0;0;0;1;0;1;0;0;-3,750135000000000;-38,507128000000000
327328;13;1;2018;23:40;0;RD BR 116;;;10000;KM-10;Atropelamento;;;;Meio de Quadra;;;0;2;0;0;0;0;0;0;0;1;0;0;-3,834435000000000;-38,503373000000000
326646;13;1;2018;08:13;0;AV GAL OSORIO DE PAIVA;;;5884;;Colis?â?úo;Luz do Dia;Bom;Seca;Meio de Quadra;N?â?úo H?â?í Controle;Comercial;0;1;1;0;1;1;0;0;0;0;0;0;-3,807904000000000;-38,605148000000000
326648;13;1;2018;16:00;1373;RUA CEL LINHARES;RUA MARIA TOMASIA;;0;;Colis?â?úo Transversal;Luz do Dia;Bom;Seca;Cruz;Pare;Residencial;0;0;2;1;0;0;0;0;0;0;0;0;-3,736485000000000;-38,494134000000000
326649;13;1;2018;14:50;15146;AV MON TABOSA;RUA FRANCISCO DIAS RIBEIRO;;0;;Colis?â?úo Lateral;Luz do Dia;Bom;Seca;T;N?â?úo H?â?í Controle;Residencial;0;0;2;1;0;0;0;0;0;1;0;0;-3,724513000000000;-38,504556000000000
326651;13;1;2018;05:10;22142;RUA GUSTAVO BRAGA;RUA CEL NUNES DE MELO;;0;;Colis?â?úo Lateral;Luz do Dia;Bom;Seca;Cruz;Pare;Residencial;0;0;3;1;0;0;0;0;0;0;0;0;-3,749809000000000;-38,553931000000000
328338;13;1;2018;00:49;0;AV GAL OSORIO DE PAIVA;;;7490;;Colis?â?úo;;;;Meio de Quadra;;;0;1;1;1;0;1;0;0;0;0;0;0;-3,817431000000000;-38,614386000000000
328340;13;1;2018;02:04;0;RUA CAP HUGO BEZERRA;;;253;;Choque c/ Obst?â?ículo Fixo;;;;Meio de Quadra;;;0;1;0;1;0;0;0;0;0;0;0;0;-3,821233100000000;-38,504417700000000
328346;13;1;2018;04:33;0;AV IMPERADOR;;;0;;Colis?â?úo;;;;Meio de Quadra;;;0;1;1;1;0;0;0;0;0;1;0;0;;
328343;13;1;2018;02:18;26150;RUA AMANCIO PEREIRA;RUA CRISTAIS PAULISTA;;0;;Colis?â?úo;;;;Cruz;Pare;Comercial;0;1;1;1;0;0;0;0;0;1;0;0;-3,818428000000000;-38,523860000000000
328351;13;1;2018;06:25;1519;RUA CARLOS VASCONCELOS;RUA PDE VALDEVINO;;0;;Colis?â?úo;Luz do Dia;;;Cruz;Sem?â?íforo;Comercial;0;1;1;1;0;0;0;0;0;1;0;0;-3,740277000000000;-38,513190000000000
328355;13;1;2018;06:45;2736;RUA MON SABINO FEIJAO;RUA MIRTES CORDEIRO;;0;;Colis?â?úo;Luz do Dia;;;;;;0;1;1;1;0;0;0;0;0;1;0;0;-3,790105000000000;-38,595482000000000
328356;13;1;2018;07:37;0;RUA URUCUTUBA;;;0;;Queda;Luz do Dia;;;Meio de Quadra;;;0;1;0;0;0;0;0;0;0;1;0;0;;
328358;13;1;2018;08:12;9155;AV EDUARDO GIRAO;AV LUCIANO CARNEIRO;;0;;Queda;Luz do Dia;;;Meio de Quadra;Sem?â?íforo;Escola;0;1;0;0;0;0;0;0;0;1;0;0;-3,752275000000000;-38,532811000000000
328365;13;1;2018;09:57;17928;RUA SEN ALVARO ADOLFO;RUA ALCANTARA BILHAR;;0;;Colis?â?úo;Luz do Dia;;;T;Pare;Comercial;0;1;1;1;0;0;0;0;0;1;0;0;-3,733612000000000;-38,582392000000000
328372;13;1;2018;10:42;0;AV J CJ JOSE WALTER;;;1410;;Colis?â?úo;Luz do Dia;;;Meio de Quadra;;;0;1;1;0;0;0;0;0;0;1;0;0;-3,837953600000000;-38,558039100000000
328373;13;1;2018;11:14;7660;RUA MINAS GERAIS;RUA PARAIBA;;0;;Colis?â?úo;Luz do Dia;;;Cruz;Pare;Residencial;0;1;1;0;0;0;0;0;0;1;0;0;-3,759658000000000;-38,567385000000000
328376;13;1;2018;12:07;0;RUA SILVINO;;;975;;Colis?â?úo;Luz do Dia;;;Meio de Quadra;;;0;1;1;1;0;1;0;0;0;0;0;0;-3,809470000000000;-38,593480000000000
328394;13;1;2018;12:47;0;AV JOSE LEON;;;1891;;Colis?â?úo;Luz do Dia;;;Meio de Quadra;;;0;1;1;1;0;0;0;0;0;1;0;0;-3,789451056000000;-38,495275778000000
328395;13;1;2018;12:50;0;AV I CJ CEARA;;;674;;Colis?â?úo;Luz do Dia;;;Meio de Quadra;;;0;1;1;1;0;0;0;0;0;1;0;0;-3,770256372000000;-38,597545600000000