COD_ACIDENTE;DIA;MES;ANO;HORA;INTERSECAO;LOG1;LOG2;LOG3;NUMERO;REFERENCIA;NATUREZA;ILUMINACAO;TEMPO;SUPERFICIEPISTA;TIPOCRUZAMENTO;CONTROLETRAFEGO;USOSOLO;MORTOS;FERIDOS;ILESOS;AUTOMOVEL;ONIBUS;BICICLETA;CAMINHAO;MICROONIBUS;CICLOMOTOR;MOTOCICLETA;TRACAOANIMAL;TREM;LATITUDE;LONGITUDE
328397;13;1;2018;13:01;0;AV SGT HERMINIO SAMPAIO;;;4873;;Queda;Luz do Dia;;;Meio de Quadra;;;0;1;0;0;0;1;0;0;0;0;0;0;-3,733250530000000;-38,583299588000000
328398;13;1;2018;13:22;0;AV FRE CIRILO;;;4186;;Colis?â?úo;Luz do Dia;;;Meio de Quadra;;;0;1;1;1;0;0;0;0;0;1;0;0;-3,820634083000000;-38,495969667000000
328399;13;1;2018;14:18;10749;AV SEN FERNANDES TAVORA;RUA PRO HERIBALDO COSTA;;0;;Colis?â?úo;Luz do Dia;;;Cruz;Sem?â?íforo;Comercial;0;1;1;1;0;0;0;0;0;0;0;0;-3,761006000000000;-38,584384000000000
328402;13;1;2018;16:46;0;RUA VALDETARIO MOTA;;;722;;Atropelamento;Luz do Dia;;;Meio de Quadra;;;0;1;1;0;0;0;0;0;0;0;0;0;-3,735713100000000;-38,480088500000000
328403;13;1;2018;16:52;0;RUA DOS TREVOS;;;1150;;Queda;Luz do Dia;;;Meio de Quadra;;;0;1;0;0;0;0;0;0;0;1;0;0;-3,805300000000000;-38,599750000000000
328413;13;1;2018;18:16;0;RUA ANTONIO COSTA MENDES;;;1658;;Colis?â?úo;Anoitecer;;;Meio de Quadra;;;0;1;1;0;0;0;0;0;0;0;0;0;-3,790370000000000;-38,584140000000000
328417;13;1;2018;19:15;0;AV DUQ CAXIAS;;;0;;Colis?â?úo;;;;Meio de Quadra;;;0;1;1;1;0;0;0;0;0;1;0;0;;
328419;13;1;2018;19:15;0;AV CENTRAL CJ CEARA;;;948;;Queda;;;;Meio de Quadra;;;0;1;0;0;0;1;0;0;0;0;0;0;;
328549;13;1;2018;19:28;0;RD QUARTO ANEL VIARIO;;;4989;;Colis?â?úo;;;;Meio de Quadra;;;0;1;1;0;0;0;0;0;0;0;0;0;;
328557;13;1;2018;19:46;25548;AV GAL OSORIO DE PAIVA;AV JOAO PESSOA;;0;;Colis?â?úo;;;;Cruz;Pare;Comercial;0;1;1;0;0;0;0;0;0;0;0;0;-3,771044000000000;-38,561379000000000
328563;13;1;2018;21:01;0;AV PRS CASTELO BRANCO;;;0;;Colis?â?úo;;;;Meio de Quadra;;;0;1;1;1;0;0;0;0;0;1;0;0;;
328565;13;1;2018;21:21;0;RUA BERNARDO MANUEL;;;28;;Colis?â?úo;;;;Meio de Quadra;;;0;2;1;1;0;0;0;0;0;1;0;0;;
328566;13;1;2018;21:28;0;RUA JULIO COLF;;;0;;Queda;;;;Meio de Quadra;;;0;1;0;0;0;0;0;0;0;1;0;0;;
328572;13;1;2018;21:32;0;AV OLIVEIRA PAIVA;;;1680;;Atropelamento;;;;Meio de Quadra;;;0;1;1;0;0;0;0;0;0;1;0;0;-3,795819000000000;-38,491394222000000
328575;13;1;2018;21:48;0;AV GAL OSORIO DE PAIVA;;;8260;;Colis?â?úo;;;;Meio de Quadra;;;0;1;1;0;0;0;0;0;0;0;0;0;-3,823244253000000;-38,620045243000000
328586;13;1;2018;22:24;0;AV FELINO BARROSO;;;93;;Atropelamento;;;;Meio de Quadra;;;0;1;1;0;0;0;0;0;0;0;0;0;-3,743460839000000;-38,528616355000000
328587;13;1;2018;23:25;0;RUA BETEL;;;0;;Queda;;;;Meio de Quadra;;;0;1;0;0;0;0;0;0;0;1;0;0;;
328588;14;1;2018;01:06;0;AV CONTORNO SUL;;;973;;Choque c/ Obst?â?ículo Fixo;;;;Meio de Quadra;;;0;1;0;0;0;0;0;0;0;1;0;0;-3,836891323000000;-38,518620435000000
328589;14;1;2018;01:24;0;RUA ANDRE CHAVES;;;0;;Atropelamento;;;;Meio de Quadra;;;0;1;1;0;0;0;0;0;0;0;0;0;;
328593;14;1;2018;02:38;0;RUA JOSE ARISTOTELES GONDIM;;;122;;Colis?â?úo;;;;Meio de Quadra;;;0;1;1;0;0;0;0;0;0;1;0;0;-3,779062105000000;-38,585039895000000
328700;14;1;2018;22:52;0;AV DEP PAULINO ROCHA;;;1001;;Queda;;;;Meio de Quadra;;;0;1;0;0;0;0;0;0;0;1;0;0;-3,807640000000000;-38,508270000000000
328703;14;1;2018;23:10;0;RUA DOM HELIO CAMPOS D21;;;493;;Colis?â?úo;;;;Meio de Quadra;;;0;1;1;0;0;0;0;0;0;0;0;0;-3,713526733000000;-38,555628600000000
328697;14;1;2018;22:45;12685;AV CEL CARVALHO;AV DA INDEPENDENCIA;;0;;Colis?â?úo;;;;Cruz;Sem?â?íforo;Comercial;0;1;1;1;0;0;0;0;0;1;0;0;-3,728711000000000;-38,584952000000000
328691;14;1;2018;20:39;0;RUA POMPILIO GOMES;;;0;;Colis?â?úo;;;;Meio de Quadra;;;0;1;1;0;0;0;0;0;0;0;0;0;;
328677;14;1;2018;18:47;0;AV PRS JUSCELINO KUBITSCHEK (PASSAR?âÔÇ?);;;2051;;Colis?â?úo;;;;Meio de Quadra;;;0;1;1;1;0;0;0;0;0;1;0;0;-3,820671200000000;-38,534501000000000
328673;14;1;2018;18:39;0;AV ZUCA ACIOLY;;;1101;;Queda;;;;Meio de Quadra;;;0;1;0;0;0;1;0;0;0;0;0;0;-3,731240700000000;-38,583290000000000
328674;14;1;2018;18:42;0;AV GAL OSORIO DE PAIVA;;;0;;Colis?â?úo;;;;Meio de Quadra;;;0;1;1;1;0;0;0;0;0;1;0;0;;
328664;14;1;2018;16:12;1600;RUA LEONARDO MOTA;RUA GAL TERTULIANO POTYGUARA;;0;;Colis?â?úo;Luz do Dia;;;Cruz;Sem?â?íforo;Comercial;0;1;1;1;0;0;0;0;0;1;0;0;-3,743762000000000;-38,498626000000000
328662;14;1;2018;14:56;0;RUA PEREIRA COUTINHO;;;310;;Queda;Luz do Dia;;;Meio de Quadra;;;0;1;0;0;0;1;0;0;0;0;0;0;-3,888649500000000;-38,511059300000000
328666;14;1;2018;17:47;0;RUA OSCAR ARARIPE;;;3520;;Colis?â?úo;Anoitecer;;;Meio de Quadra;;;0;3;0;0;0;0;0;0;0;1;0;0;-3,784266000000000;-38,621576000000000
328658;14;1;2018;14:47;0;RUA HIL MORAES;;;972;;Colis?â?úo;Luz do Dia;;;Meio de Quadra;;;0;1;1;1;0;0;0;0;0;1;0;0;-3,771870000000000;-38,474600000000000
328653;14;1;2018;13:50;5098;RUA CASTRO E SILVA;RUA SEN POMPEU;;0;;Colis?â?úo;Luz do Dia;;;Cruz;Sem?â?íforo;Comercial;0;1;1;1;0;0;0;0;0;1;0;0;-3,723468000000000;-38,528597000000000
328654;14;1;2018;14:27;0;RUA RICARDO PONTES;;;739;;Colis?â?úo;Luz do Dia;;;Meio de Quadra;;;0;2;0;1;0;0;0;0;0;1;0;0;-3,835153200000000;-38,566898700000000
328598;14;1;2018;05:06;0;AV DOS EXPEDICIONARIOS;;;0;;Queda;Amanhecer;;;Meio de Quadra;;;0;1;0;0;0;0;0;0;0;1;0;0;;
328599;14;1;2018;05:34;0;RUA MARANHAO;;;510;;Choque c/ Obst?â?ículo Fixo;Amanhecer;;;Meio de Quadra;;;0;1;0;1;0;0;0;0;0;0;0;0;-3,755505000000000;-38,565986000000000
328600;14;1;2018;05:53;0;AV ODILON GUIMARAES;;;0;;Colis?â?úo;Amanhecer;;;Meio de Quadra;;;0;1;1;0;0;0;0;0;0;0;0;0;;
328601;14;1;2018;05:58;10408;AV GENIBAU;RUA HUMAITA D73;;0;;Colis?â?úo;Amanhecer;;;Cruz;Pare;Comercial;0;1;1;1;0;0;0;0;0;1;0;0;-3,760652000000000;-38,600613000000000
328604;14;1;2018;06:34;0;AV TRISTAO GONCALVES;;;0;;Atropelamento;Luz do Dia;;;Meio de Quadra;;;0;1;1;0;0;0;0;0;0;0;0;0;;
328608;14;1;2018;08:18;0;AV FRE CIRILO;;;0;;Queda;Luz do Dia;;;Meio de Quadra;;;0;1;0;0;0;0;0;0;0;1;0;0;;
328615;14;1;2018;09:31;0;AV JOSE BASTOS;;;109;;Atropelamento;Luz do Dia;;;Meio de Quadra;;;0;1;1;1;0;0;0;0;0;0;0;0;-3,742338700000000;-38,542940400000000
328616;14;1;2018;09:31;0;RUA GAL ALIPIO DOS SANTOS;;;1345;;Colis?â?úo;Luz do Dia;;;Meio de Quadra;;;0;1;1;1;1;0;0;0;0;0;0;0;-3,733722500000000;-38,597003950000000
328621;14;1;2018;11:08;0;AV C CJ JOSE WALTER;;;194;;Colis?â?úo;Luz do Dia;;;Meio de Quadra;;;0;1;1;0;0;0;0;0;0;0;0;0;;
328623;14;1;2018;11:15;0;AV CAP WALDEMAR PAULA LIMA;;;700;;Queda;Luz do Dia;;;Meio de Quadra;;;0;1;0;0;0;0;0;0;0;1;0;0;-3,820114000000000;-38,508291000000000
328626;14;1;2018;12:00;0;AV SEN CARLOS JEREISSATI (AEROPORTO);;;0;;Queda;Luz do Dia;;;Meio de Quadra;;;0;1;0;0;0;1;0;0;0;0;0;0;;
328636;14;1;2018;12:09;0;AV CASTELO DE CASTRO;;;1160;;Choque c/ Obst?â?ículo Fixo;Luz do Dia;;;Meio de Quadra;;;0;2;0;1;0;0;0;0;0;0;0;0;-3,839245790000000;-38,521755516000000
326632;14;1;2018;11:40;1425;AV BAR STUDART;RUA JOAO CARVALHO;;0;;Colis?â?úo Transversal;Luz do Dia;;;Cruz;Sem?â?íforo;Comercial;0;1;1;0;1;0;0;0;0;1;0;0;-3,737632000000000;-38,507567000000000
326637;14;1;2018;20:20;632;AV PASTEUR;RUA ENG JOAO NOGUEIRA;;0;;Colis?â?úo Frontal;;;;Cruz;Pare;Comercial;0;2;1;1;0;0;0;0;0;1;0;0;-3,712927000000000;-38,559415000000000
326635;14;1;2018;;0;RUA POMPILIO GOMES;;;0;;Atropelamento;;;;Meio de Quadra;;;0;1;1;1;0;0;0;0;0;0;0;0;;
326614;14;1;2018;15:55;2742;RUA OSCAR ARARIPE;RUA MARIA JULIA;;0;;Colis?â?úo Lateral;Luz do Dia;;;Cruz;Sem?â?íforo;Comercial;0;0;2;1;0;0;0;0;0;0;0;0;-3,791130000000000;-38,599484000000000
326615;14;1;2018;12:30;0;AV DOMINGOS OLIMPIO;;;247;;Colis?â?úo Traseira;Luz do Dia;;;Meio de Quadra;;;0;0;4;1;0;0;0;0;0;0;0;0;-3,737780000000000;-38,527245000000000
327329;14;1;2018;20:20;0;RD BR 222;;;0;KM-02;Colis?â?úo Lateral;;;;Meio de Quadra;;;0;1;3;1;0;0;0;0;0;1;0;0;-3,740362400000000;-38,596996100000000
327120;14;1;2018;07:50;0;AV PRS CASTELO BRANCO;;;0;;Colis?â?úo;Luz do Dia;;;Meio de Quadra;;;0;0;1;1;0;0;0;0;0;1;0;0;;
321253;14;1;2018;12:25;12440;AV AUGUSTO DOS ANJOS;RUA ARARIPE PRATA;;312;;Colis?â?úo Lateral;Luz do Dia;Bom;Seca;Cruz;Pare;Residencial;0;0;2;0;1;0;0;0;0;1;0;0;-3,771936000000000;-38,571749000000000
321240;14;1;2018;06:26;19540;RUA CASIMIRO DE ABREU;RUA JULIO GASPAR;;0;;Colis?â?úo Traseira;Luz do Dia;Chuva;Molhada;Cruz;Pare;Residencial;0;1;1;1;0;0;0;0;0;1;0;0;-3,782426000000000;-38,563108000000000
321241;14;1;2018;07:20;11761;AV PRS CASTELO BRANCO;RUA JACINTO MATOS;;0;;Colis?â?úo Traseira;Luz do Dia;Nublado;Molhada;T;Sem?â?íforo;Comercial;0;0;3;1;0;0;0;0;0;1;0;0;-3,714630000000000;-38,546333000000000
321242;14;1;2018;13:53;19683;RUA PRO JOSE DE BARCELOS;RUA AZEVEDO BOLAO;;0;;Colis?â?úo Transversal;Luz do Dia;Nublado;Seca;Cruz;Pare;Comercial;0;1;1;1;0;0;0;0;0;1;0;0;-3,735196000000000;-38,550610000000000
321243;14;1;2018;17:05;0;RUA MAJ TELESFORO;;;490;;Colis?â?úo Transversal;Luz do Dia;Bom;Seca;Cruz;Pare;Residencial;0;0;2;1;0;0;0;0;0;0;0;0;-3,798678900000000;-38,548676000000000
321244;14;1;2018;21:24;0;RUA SEN POMPEU;;;0;;Colis?â?úo Traseira;Anoitecer;Bom;Seca;Meio de Quadra;N?â?úo H?â?í Controle;Comercial;0;0;2;1;0;0;0;0;0;0;0;0;-3,733677600000000;-38,531666000000000
321258;14;1;2018;07:35;15139;AV MON TABOSA;RUA BAR ARACATI;;0;;Colis?â?úo Lateral;Luz do Dia;Bom;Seca;Cruz;Sem?â?íforo;Comercial;0;1;1;1;0;0;0;0;0;1;0;0;-3,724226000000000;-38,509158000000000
321259;14;1;2018;10:33;15360;AV DOM LUIS;AV DES MOREIRA;;0;;Colis?â?úo Lateral;Luz do Dia;Nublado;Seca;Rotat?â??ria;N?â?úo H?â?í Controle;Comercial;0;1;1;1;0;0;0;0;0;1;0;0;-3,733239000000000;-38,497383000000000
321260;15;1;2018;13:40;0;RUA SANDRA GENTIL;RUA CLARINDO PEREIRA;;0;;Colis?â?úo Transversal;Amanhecer;Bom;Seca;Cruz;N?â?úo H?â?í Controle;Residencial;0;0;2;1;0;0;0;0;0;0;0;0;-3,787143200000000;-38,469597000000000
321261;15;1;2018;14:40;14588;AV EDILSON B SOARES;RUA JOAO REGINO;;0;;Colis?â?úo Transversal;Luz do Dia;Bom;Seca;Cruz;Pare;Comercial;0;1;1;0;0;0;0;0;0;1;0;0;-3,789663000000000;-38,483001000000000
321262;15;1;2018;14:52;15350;AV DES MOREIRA;RUA PEREIRA VALENTE;;0;;N?â?úo Informado;Luz do Dia;Bom;Seca;Cruz;Sem?â?íforo;Comercial;0;0;2;1;0;0;0;0;0;0;0;0;-3,732253000000000;-38,497076000000000
321263;15;1;2018;15:04;0;RUA PEDRO PEREIRA;;;267;;Atropelamento;Luz do Dia;Bom;Seca;;;;0;1;1;1;0;0;0;0;0;0;0;0;-3,729867000000000;-38,527847000000000
321264;15;1;2018;17:25;0;RUA CON DE CASTRO;;;5531;;Colis?â?úo Lateral;Luz do Dia;Bom;Seca;Meio de Quadra;N?â?úo H?â?í Controle;Comercial;0;0;2;1;0;0;0;0;0;0;0;0;-3,811951200000000;-38,597500000000000
321265;15;1;2018;14:30;0;AV FRANCISCO SA;;;2564;;Colis?â?úo Traseira;Luz do Dia;Bom;Seca;Meio de Quadra;N?â?úo H?â?í Controle;Comercial;0;0;2;1;0;0;0;0;0;0;0;0;-3,729864600000000;-38,545425000000000
321266;15;1;2018;16:50;0;AV GAL OSORIO DE PAIVA;;;476;;N?â?úo Informado;Luz do Dia;Bom;Seca;Meio de Quadra;Sem?â?íforo;Comercial;0;0;2;1;1;0;0;0;0;0;0;0;-3,775773300000000;-38,566795000000000
321267;15;1;2018;16:44;10624;RUA ATILANO MOURA;AV ROGACIANO LEITE;;0;;N?â?úo Informado;Luz do Dia;Bom;Seca;Cruz;Sem?â?íforo;Comercial;0;0;2;1;0;0;0;0;0;0;0;0;-3,759455000000000;-38,492149000000000
321268;15;1;2018;16:02;0;AV AGUANAMBI;;;674;;Colis?â?úo Lateral;Luz do Dia;Bom;Seca;Cruz;Sem?â?íforo;Comercial;0;0;2;0;1;0;0;0;0;0;0;0;-3,742758800000000;-38,525757000000000
321269;15;1;2018;16:40;0;RUA ANARIO BRAGA;RUA SAO DOMINGOS;;0;;Colis?â?úo Transversal;Luz do Dia;Bom;Seca;Outros;Pare;Residencial;0;0;2;1;0;0;0;0;0;1;0;0;-3,737671100000000;-38,590504000000000
321270;15;1;2018;18:48;25119;RUA BAR AQUIRAZ;RUA MIGUEL COUTO;;0;;Colis?â?úo Transversal;Via Iluminada;Nublado;Seca;Cruz;Pare;Residencial;0;1;1;1;0;0;0;0;1;0;0;0;-3,837441000000000;-38,487996000000000
321271;15;1;2018;19:00;0;AV LUCIANO CARNEIRO;;;1991;;Colis?â?úo Transversal;Via Iluminada;Bom;Seca;Meio de Quadra;N?â?úo H?â?í Controle;Comercial;0;0;2;1;0;0;0;0;0;0;0;0;-3,765467200000000;-38,536953000000000
321272;15;1;2018;20:40;0;RUA TIP SALES;;;96;;N?â?úo Informado;Via Iluminada;Bom;Seca;Meio de Quadra;N?â?úo H?â?í Controle;Residencial;0;0;1;1;0;0;0;0;0;0;0;0;-3,736567700000000;-38,564953000000000
321273;15;1;2018;20:09;23380;RUA NUNES VALENTE;RUA CAP TIBURCIO DA FROTA;;3457;;Colis?â?úo Transversal;Via Iluminada;Bom;Seca;Cruz;Pare;Residencial;0;0;2;1;0;0;0;0;0;0;0;0;-3,754506000000000;-38,509109000000000
321274;15;1;2018;21:06;17908;AV SGT HERMINIO SAMPAIO;RUA BANVAR BEZERRA;;0;;Colis?â?úo Frontal;Via Iluminada;Bom;Seca;Cruz;Sem?â?íforo;Residencial;0;3;0;0;0;0;0;0;0;1;0;0;-3,731982000000000;-38,580411000000000
321245;15;1;2018;03:30;0;AV ODILON GUIMARAES;;;1650;;Colis?â?úo Lateral;Via Iluminada;Bom;Seca;N?â?úo Informado;N?â?úo H?â?í Controle;Residencial;0;0;1;1;0;0;0;0;0;0;0;0;-3,823982700000000;-38,478270000000000
321246;15;1;2018;06:45;15835;RUA MANUEL CASTELO BRANCO;RUA CEL DIONISIO ALENCAR;;0;;Colis?â?úo Transversal;Luz do Dia;Bom;Inundada;Cruz;Pare;Escola;0;1;1;1;1;0;0;0;0;0;0;0;-3,832973000000000;-38,488281000000000
321247;15;1;2018;06:12;0;AV PRS JUSCELINO KUBITSCHEK (PASSAR?âÔÇ?);;;3451;;Colis?â?úo Traseira;Luz do Dia;Bom;Seca;Meio de Quadra;N?â?úo H?â?í Controle;Comercial;0;1;3;1;0;0;0;0;0;1;0;0;-3,811413000000000;-38,528034000000000
321248;15;1;2018;06:30;3769;AV DOMINGOS OLIMPIO;RUA SEN POMPEU;;0;;Queda;Luz do Dia;Bom;Seca;Cruz;Sem?â?íforo;Escola;0;1;0;0;0;0;0;0;0;1;0;0;-3,736254000000000;-38,532455000000000
321249;15;1;2018;08:20;7873;AV PONTES VIEIRA;RUA BARBOSA DE FREITAS;;0;;Colis?â?úo Traseira;Luz do Dia;Nublado;Seca;Cruz;Sem?â?íforo;Comercial;0;0;2;1;0;0;0;0;0;1;0;0;-3,751381000000000;-38,502094000000000
321250;15;1;2018;07:20;0;AV JOSE LEON;;;1847;;Colis?â?úo Transversal;Luz do Dia;Bom;Seca;Y;Pare;Residencial;0;0;2;1;0;0;0;0;0;0;0;0;-3,789322400000000;-38,495884000000000
321251;15;1;2018;09:20;0;RUA CAP ARAGAO;;;750;;Colis?â?úo Transversal;Luz do Dia;Bom;Seca;Meio de Quadra;Gesto;Comercial;0;1;1;1;0;0;0;0;0;1;0;0;-3,764611000000000;-38,511196000000000
321254;15;1;2018;10:16;0;RUA 20 DE JANEIRO;;;1596;;Colis?â?úo Transversal;Luz do Dia;Bom;Seca;Meio de Quadra;Pare;Comercial;0;1;2;1;0;0;0;0;0;0;0;0;-3,705963900000000;-38,580566000000000
321255;15;1;2018;11:11;1418;RUA JOSE VILAR;RUA AFONSO CELSO;;0;;Colis?â?úo Lateral;Luz do Dia;Bom;Seca;Cruz;Pare;Comercial;0;0;1;1;0;0;0;0;0;0;0;0;-3,737460000000000;-38,505208000000000
321256;15;1;2018;08:30;9220;AV 13 DE MAIO;RUA NAPOLEAO LAUREANO;;0;;Colis?â?úo Traseira;Luz do Dia;Bom;Seca;Cruz;Sem?â?íforo;Comercial;0;2;2;1;0;0;0;0;0;1;0;0;-3,749758000000000;-38,528825000000000
321257;15;1;2018;13:09;5300;RUA PEDRO PEREIRA;RUA BAR RIO BRANCO;;0;;Colis?â?úo Traseira;Luz do Dia;Bom;Seca;Cruz;Sem?â?íforo;Comercial;0;0;2;0;0;0;0;0;0;0;0;0;-3,729457000000000;-38,529219000000000
321305;15;1;2018;17:30;0;AV SEN FERNANDES TAVORA;;;137;;Colis?â?úo Lateral;Via Iluminada;Bom;Seca;Meio de Quadra;D?â?¬ Prefer?â?¬ncia;Escola;0;0;2;1;0;0;0;0;0;0;0;0;-3,766210800000000;-38,574570000000000
327121;15;1;2018;01:54;0;RD CE-060;;;5959;KM-03;Choque c/ Obst?â?ículo Fixo;;;;Meio de Quadra;;;0;0;1;0;0;0;0;0;0;1;0;0;-3,843038000000000;-38,585133000000000
327331;15;1;2018;05:40;0;RD BR 020;;;0;KM 426;Colis?â?úo Transversal;Amanhecer;;;Meio de Quadra;;;0;1;1;0;0;0;0;0;0;1;0;0;-3,863000000000000;-38,524000000000000
327332;15;1;2018;11:20;0;RD BR 116;;;1000;KM-01;Colis?â?úo Traseira;Luz do Dia;;;Meio de Quadra;;;0;1;1;1;0;0;0;0;0;1;0;0;-3,762554000000000;-38,518702000000000
327659;15;1;2018;08:15;0;AV MIN JOSE AMERICO;;;0;;;Luz do Dia;;;Meio de Quadra;;;0;0;2;1;0;0;0;0;0;0;0;0;;
329801;15;1;2018;01:44;0;AV 20 DE JANEIRO;;;1739;;Atropelamento;;;;Meio de Quadra;;;0;1;0;0;0;0;0;0;0;1;0;0;-3,705425059000000;-38,581714647000000
326629;15;1;2018;07:10;0;AV GAL OSORIO DE PAIVA;;;6120;;Colis?â?úo Lateral;Luz do Dia;;;Meio de Quadra;;;0;0;2;1;0;0;0;0;0;0;0;0;-3,809989000000000;-38,607132000000000
328704;15;1;2018;05:52;0;RD QUARTO ANEL VIARIO;;;0;;Colis?â?úo;Amanhecer;;;Meio de Quadra;;;0;1;1;1;0;0;0;0;0;1;0;0;;
328709;15;1;2018;06:59;0;RUA NOVE UI 211;;;0;;Queda;Luz do Dia;;;Meio de Quadra;;;0;1;0;0;0;0;0;0;0;1;0;0;;
328719;15;1;2018;07:31;0;AV JOSE BASTOS;;;6180;;Colis?â?úo;Luz do Dia;;;Meio de Quadra;;;0;1;1;0;0;0;0;0;0;0;0;0;-3,766362500000000;-38,568502000000000
328706;15;1;2018;06:51;0;AV AUGUSTO DOS ANJOS;;;1374;;Colis?â?úo;Luz do Dia;;;Meio de Quadra;;;0;1;1;1;0;0;0;0;0;1;0;0;-3,778814636000000;-38,577962909000000
328715;15;1;2018;07:05;0;RUA CEL JOAQUIM FRANKLIN;;;708;;Colis?â?úo;Luz do Dia;;;Meio de Quadra;;;0;1;1;1;0;0;0;0;0;1;0;0;-3,743239975000000;-38,593092000000000
328741;15;1;2018;12:12;0;RUA BARROS LEAL;;;2133;;Atropelamento;Luz do Dia;;;Meio de Quadra;;;0;1;1;1;0;0;0;0;0;0;0;0;-3,753889655000000;-38,519275236000000
328743;15;1;2018;12:23;0;AV BORGES DE MELO;;;200;;Colis?â?úo;Luz do Dia;;;Meio de Quadra;;;0;1;1;1;0;0;0;0;0;1;0;0;-3,761344100000000;-38,521320400000000
328749;15;1;2018;12:27;10759;RUA ARACAJU;RUA PORTO ALEGRE;;0;;Queda;Luz do Dia;;;Cruz;Pare;Residencial;0;1;0;0;0;0;0;0;0;1;0;0;-3,761398000000000;-38,588435000000000
328755;15;1;2018;14:57;0;AV GAL MURILO BORGES;;;0;;Colis?â?úo;Luz do Dia;;;Meio de Quadra;;;0;1;1;1;0;0;0;0;0;1;0;0;;
328721;15;1;2018;08:32;0;AV PRO GOMES DE MATOS;;;1847;;Colis?â?úo;Luz do Dia;;;Meio de Quadra;;;0;1;1;1;0;0;0;0;0;1;0;0;;
328727;15;1;2018;08:38;24511;AV J CJ POLAR;RUA DR QUIXADA FELICIO;;0;;Colis?â?úo;Luz do Dia;;;Cruz;Pare;Residencial;0;1;1;1;0;0;0;0;0;1;0;0;-3,709781000000000;-38,596399000000000
328730;15;1;2018;09:37;17360;RUA ZACARIAS GONDIM;RUA ELVIRA PINHO;;0;;Colis?â?úo;Luz do Dia;;;Cruz;Pare;Residencial;0;2;0;0;0;0;0;0;0;1;0;0;-3,766122000000000;-38,557766000000000
328732;15;1;2018;09:51;14421;RUA PDE ANCHIETA;AV SGT HERMINIO SAMPAIO;;0;;Colis?â?úo;Luz do Dia;;;Cruz;Sem?â?íforo;Comercial;0;1;1;1;0;0;0;0;0;1;0;0;-3,724693000000000;-38,551079000000000
328733;15;1;2018;10:35;0;AV FRE CIRILO;;;4000;;Colis?â?úo;Luz do Dia;;;Meio de Quadra;;;0;1;1;1;0;0;0;0;0;1;0;0;-3,819139420000000;-38,496622098000000
328734;15;1;2018;11:12;0;RUA DOM PEDRO II;;;0;;Atropelamento;Luz do Dia;;;Meio de Quadra;;;0;1;1;1;0;0;0;0;0;0;0;0;;
328736;15;1;2018;11:26;0;RUA BARTOLOMEU DE GUSMAO;;;1253;;Atropelamento;Luz do Dia;;;Meio de Quadra;;;0;1;1;1;0;0;0;0;0;0;0;0;-3,759981000000000;-38,528709500000000
328813;15;1;2018;18:25;0;RUA PIAUI;;;1270;;Atropelamento;Anoitecer;;;Meio de Quadra;;;0;1;1;0;0;0;0;0;0;1;0;0;-3,754331000000000;-38,570439000000000
328807;15;1;2018;18:19;0;AV PRS COSTA E SILVA;;;1801;;Colis?â?úo;Anoitecer;;;Meio de Quadra;;;0;1;1;1;0;0;0;0;0;1;0;0;-3,820500800000000;-38,559090500000000
328821;15;1;2018;19:16;0;AV G CJ CEARA;;;271;;Colis?â?úo;;;;Meio de Quadra;;;0;2;0;1;0;0;0;0;0;1;0;0;-3,771969600000000;-38,612060150000000
328827;15;1;2018;19:26;25063;AV DOS EXPEDICIONARIOS;RUA ARMANDO MONTEIRO;;0;;Colis?â?úo;;;;Cruz;Pare;Comercial;0;1;1;1;0;0;0;0;0;1;0;0;-3,762230000000000;-38,540372000000000
328802;15;1;2018;17:32;0;AV BORGES DE MELO;;;1307;;Colis?â?úo;Anoitecer;;;Meio de Quadra;;;0;1;1;1;0;0;0;0;0;1;0;0;-3,759464323000000;-38,530603678000000
328789;15;1;2018;16:45;0;RUA PDE GUERRA;;;2734;;Queda;Luz do Dia;;;Meio de Quadra;;;0;1;0;0;0;0;0;0;0;1;0;0;-3,740010000000000;-38,572140000000000
328790;15;1;2018;16:53;0;AV JOAO PESSOA;;;7059;;Colis?â?úo;Luz do Dia;;;Meio de Quadra;;;0;1;1;1;0;0;0;0;0;1;0;0;-3,771886000000000;-38,561726000000000
328791;15;1;2018;16:58;0;RUA 21 DE ABRIL D27;;;94;;Colis?â?úo;Luz do Dia;;;Meio de Quadra;;;0;1;1;1;0;0;0;0;0;1;0;0;-3,743559933000000;-38,566811444000000
328792;15;1;2018;17:22;0;RUA BAR AQUIRAZ;;;2761;;Colis?â?úo;Anoitecer;;;Meio de Quadra;;;0;1;1;1;0;0;0;0;0;1;0;0;;
328759;15;1;2018;15:21;0;AV PRS COSTA E SILVA;;;9636;;Queda;Luz do Dia;;;Meio de Quadra;;;0;1;0;0;0;0;0;0;0;1;0;0;;
328764;15;1;2018;16:24;25016;RUA TEODOMIRO DE CASTRO;RUA GRACA ARANHA;;0;;Colis?â?úo;Luz do Dia;;;Cruz;N?â?úo H?â?í Controle;Residencial;0;1;1;1;0;0;0;0;0;1;0;0;;
328765;15;1;2018;16:40;12539;RUA ROSINHA SAMPAIO;RUA PIERRE LUZ;;0;;Colis?â?úo;Luz do Dia;;;Cruz;N?â?úo H?â?í Controle;Misto;0;1;1;1;0;0;0;0;0;1;0;0;-3,726640000000000;-38,588638000000000