COD_ACIDENTE;DIA;MES;ANO;HORA;INTERSECAO;LOG1;LOG2;LOG3;NUMERO;REFERENCIA;NATUREZA;ILUMINACAO;TEMPO;SUPERFICIEPISTA;TIPOCRUZAMENTO;CONTROLETRAFEGO;USOSOLO;MORTOS;FERIDOS;ILESOS;AUTOMOVEL;ONIBUS;BICICLETA;CAMINHAO;MICROONIBUS;CICLOMOTOR;MOTOCICLETA;TRACAOANIMAL;TREM;LATITUDE;LONGITUDE
328833;16;1;2018;00:58;0;AV SEN FERNANDES TAVORA;;;594;;Queda;;;;Meio de Quadra;;;0;1;0;0;0;0;0;0;0;1;0;0;-3,764304000000000;-38,578199000000000
328834;16;1;2018;04:47;0;AV N CJ JOSE WALTER;;;535;;Queda;;;;Meio de Quadra;;;0;1;0;0;0;0;0;0;0;1;0;0;;
328837;16;1;2018;06:02;0;AV WASHINGTON SOARES;;;0;;Queda;Luz do Dia;;;Meio de Quadra;;;0;1;0;0;0;0;0;0;0;1;0;0;;
328932;16;1;2018;11:04;0;AV CEL CARVALHO;;;1546;;Colis?â?úo;Luz do Dia;;;Meio de Quadra;;;0;1;1;1;0;0;0;0;0;1;0;0;-3,716001000000000;-38,588318000000000
328989;16;1;2018;15:58;0;AV JOR JOAO RAMOS;;;815;;Colis?â?úo;Luz do Dia;;;Meio de Quadra;;;0;1;1;1;0;0;0;0;0;1;0;0;;
328990;16;1;2018;16:13;0;AV PRS CASTELO BRANCO;;;0;;Queda;Luz do Dia;;;Meio de Quadra;;;0;1;0;0;0;1;0;0;0;0;0;0;;
329004;16;1;2018;18:02;0;AV PRS CASTELO BRANCO;;;2431;;Atropelamento;Anoitecer;;;Meio de Quadra;;;0;1;1;1;0;0;0;0;0;0;0;0;-3,713393908000000;-38,549656279000000
329005;16;1;2018;19:32;0;RUA TEODOMIRO DE CASTRO;;;3970;;Atropelamento;;;;Meio de Quadra;;;0;1;1;0;0;0;0;0;0;1;0;0;-3,720430419000000;-38,569045233000000
329006;16;1;2018;21:08;0;AV SIQUEIRA CAMPOS;;;1377;;Atropelamento;;;;Meio de Quadra;;;0;1;1;0;0;0;0;0;0;1;0;0;-3,813548029000000;-38,628257990000000
329007;16;1;2018;21:50;0;AV GOV RAUL BARBOSA;;;5083;CORDEIRO AUTO-PE?âÔÇíAS;Atropelamento;;;;Meio de Quadra;;;0;1;1;1;0;0;0;0;0;0;0;0;-3,763977000000000;-38,508802000000000
328992;16;1;2018;16:40;9079;RUA BONFIM SOBRINHO;RUA LAURO MAIA;;0;;Colis?â?úo;Luz do Dia;;;Cruz;Pare;Residencial;0;1;1;1;0;0;0;0;0;1;0;0;-3,750867000000000;-38,522154000000000
328993;16;1;2018;16:56;0;RUA ROSA CRUZ;;;1029;;Queda;Luz do Dia;;;Meio de Quadra;;;0;1;0;0;0;1;0;0;0;0;0;0;-3,796752000000000;-38,573852000000000
328963;16;1;2018;15:21;0;RUA JULIO ABREU;;;170;;Colis?â?úo;Luz do Dia;;;Meio de Quadra;;;0;1;1;1;0;0;0;0;0;1;0;0;-3,735892000000000;-38,487539000000000
328960;16;1;2018;14:18;0;RUA MARCELINO LOPES;;;400;;Colis?â?úo;Luz do Dia;;;Meio de Quadra;;;0;1;1;0;0;0;0;0;0;0;0;0;-3,792987143000000;-38,476678000000000
328947;16;1;2018;13:04;0;AV 13 DE MAIO;;;2081;;Atropelamento;Luz do Dia;;;Meio de Quadra;;;0;1;1;0;1;0;0;0;0;0;0;0;-3,744162000000000;-38,535383000000000
328842;16;1;2018;06:09;0;RUA BENI DE CARVALHO;;;780;;Queda;Luz do Dia;;;Meio de Quadra;;;0;2;0;0;0;0;0;0;0;1;0;0;-3,746459500000000;-38,493591500000000
328940;16;1;2018;12:28;0;AV WASHINGTON SOARES;;;0;;Atropelamento;Luz do Dia;;;Meio de Quadra;;;0;1;1;1;0;0;0;0;0;0;0;0;;
328944;16;1;2018;12:36;13654;RUA N CJ SANTA LUZIA;RUA B CJ SANTA LUZIA;;0;;Queda;Luz do Dia;;;;;;0;1;0;0;0;0;0;0;0;1;0;0;-3,769777000000000;-38,493918000000000
328937;16;1;2018;12:27;0;AV ROGACIANO LEITE;;;0;;Colis?â?úo;Luz do Dia;;;Meio de Quadra;;;0;1;1;0;0;0;0;0;0;1;0;0;;
326630;16;1;2018;16:15;22939;RUA LEAO TREZE;RUA PRA HELOISA F LIMA;;0;;Outros;Luz do Dia;;;Cruz;Pare;Residencial;0;0;3;1;0;0;0;0;0;1;0;0;-3,784072000000000;-38,544709000000000
326631;16;1;2018;17:27;0;RUA PESSOA ANTA;;;218;;Colis?â?úo Lateral;Anoitecer;;;Meio de Quadra;;;0;1;1;1;0;0;0;0;0;1;0;0;-3,721020000000000;-38,522422700000000
326636;16;1;2018;10:00;0;AV C CJ CEARA;;;621;;Colis?â?úo Frontal;Luz do Dia;;;Meio de Quadra;;;0;1;1;0;0;0;0;0;0;1;0;0;-3,828400000000000;-38,557250000000000
326643;16;1;2018;12:00;0;AV PERIMETRAL;;;5581;;Colis?â?úo Lateral;Luz do Dia;;;Meio de Quadra;;;0;1;1;1;0;0;0;0;0;1;0;0;;
326652;16;1;2018;;1716;AV GOV RAUL BARBOSA;AV GAL MURILO BORGES;;0;;Colis?â?úo Transversal;;;;;;;0;0;2;1;0;0;0;0;1;0;0;0;-3,763977000000000;-38,508802000000000
326645;16;1;2018;17:30;5364;AV TRISTAO GONCALVES;RUA GAL CLARINDO DE QUEIROZ;;0;;Colis?â?úo Transversal;Anoitecer;;;Cruz;Pare;Comercial;0;1;2;1;0;0;0;0;0;1;0;0;-3,731314000000000;-38,534472000000000
327686;16;1;2018;16:01;0;AV SEN CARLOS JEREISSATI (AEROPORTO);;;0;KM 02;Colis?â?úo;Luz do Dia;;;Meio de Quadra;;;0;1;0;1;0;0;0;0;0;0;0;0;-3,782194000000000;-38,535424000000000
327679;16;1;2018;;0;RD CE-040;;;0;KM-08;Colis?â?úo;;;;Meio de Quadra;;;0;0;2;1;0;0;0;0;0;1;0;0;-3,825515822000000;-38,481538320000000
327680;16;1;2018;17:30;0;RD CE-040;;;0;KM-11;Colis?â?úo;Anoitecer;;;Meio de Quadra;;;0;0;2;1;0;0;0;0;0;0;0;0;-3,849626230000000;-38,476069890000000
327684;16;1;2018;21:10;0;AV SEN CARLOS JEREISSATI (AEROPORTO);;;0;KM 03;Colis?â?úo;;;;Meio de Quadra;;;0;0;2;1;0;0;0;0;0;0;0;0;-3,779641000000000;-38,544038000000000
327334;16;1;2018;12:15;0;RD BR 222;;;0;KM-02;Colis?â?úo Transversal;Luz do Dia;;;Meio de Quadra;;;0;0;2;1;0;0;0;0;0;1;0;0;-3,740362400000000;-38,596996100000000
327335;16;1;2018;18:13;0;RD BR 116;;;4000;KM-04;Atropelamento;Anoitecer;;;Meio de Quadra;;;0;2;0;0;0;0;0;0;0;1;0;0;-3,802354000000000;-38,503869000000000
327123;16;1;2018;08:40;0;RUA 35 CJ DOS BANCARIOS;;;252;;Colis?â?úo;Luz do Dia;;;Meio de Quadra;;;0;0;1;1;0;0;0;0;0;1;0;0;;
327128;16;1;2018;17:10;0;AV JOSE BASTOS;;;3770;;Colis?â?úo;Anoitecer;;;Meio de Quadra;;;0;0;1;0;1;0;0;0;0;0;0;0;-3,751159500000000;-38,551618000000000
327129;16;1;2018;16:55;0;RD CE-040;;;0;KM-14;Colis?â?úo;Luz do Dia;;;Meio de Quadra;;;0;0;1;0;0;1;0;0;0;0;0;0;-3,752392518000000;-38,490747350000000
327130;16;1;2018;18:10;0;RUA COM GARCIA;;;863;;Colis?â?úo;Anoitecer;;;Meio de Quadra;;;0;0;1;0;0;0;0;0;0;0;0;0;-3,791809281000000;-38,581991597000000
321275;16;1;2018;01:12;0;AV ENG SANTANA JUNIOR;;;2900;;Colis?â?úo Transversal;Via Iluminada;Bom;Seca;Cruz;Sem?â?íforo;Comercial;0;0;1;1;0;0;0;0;0;1;0;0;-3,746651000000000;-38,489548000000000
321276;16;1;2018;06:39;5364;AV TRISTAO GONCALVES;RUA GAL CLARINDO DE QUEIROZ;;0;;Colis?â?úo Transversal;Luz do Dia;Nublado;Molhada;Cruz;Pare;Comercial;0;2;1;0;0;0;0;1;0;1;0;0;-3,731314000000000;-38,534472000000000
321277;16;1;2018;07:42;0;AV BORGES DE MELO;;;376;;Colis?â?úo Traseira;Luz do Dia;Bom;Seca;Meio de Quadra;N?â?úo H?â?í Controle;Residencial;0;2;0;1;0;0;0;0;0;1;0;0;-3,761067600000000;-38,522614000000000
321278;16;1;2018;08:47;0;AV SGT HERMINIO SAMPAIO;;;797;;Colis?â?úo Lateral;Luz do Dia;Bom;Seca;N?â?úo Informado;N?â?úo H?â?í Controle;Comercial;0;0;3;1;0;0;0;0;0;1;0;0;-3,724707100000000;-38,547844000000000
321279;16;1;2018;06:15;0;AV ABOLICAO;;;4782;;Choque c/ Obst?â?ículo Fixo;Luz do Dia;Chuva;Molhada;Meio de Quadra;Gesto;Comercial;0;0;1;0;0;0;1;0;0;0;0;0;-3,722440000000000;-38,479534000000000
321280;16;1;2018;14:40;0;AV CEL CARVALHO;;;2960;;Colis?â?úo Lateral;Luz do Dia;Bom;Seca;Meio de Quadra;N?â?úo H?â?í Controle;Residencial;0;0;2;1;0;0;0;0;0;0;0;0;-3,729356800000000;-38,584873000000000
321281;16;1;2018;16:30;0;RUA BAR RIO BRANCO;;;1985;;Colis?â?úo Traseira;Luz do Dia;Bom;Seca;Meio de Quadra;N?â?úo H?â?í Controle;Comercial;0;0;2;1;0;0;0;0;0;0;0;0;-3,735689900000000;-38,531277000000000
321282;16;1;2018;15:55;0;RUA GAL SAMPAIO;;;1366;;Colis?â?úo Traseira;Luz do Dia;Bom;Seca;Meio de Quadra;N?â?úo H?â?í Controle;Comercial;0;0;2;1;0;0;0;0;0;0;0;0;-3,730407000000000;-38,531868000000000
321283;16;1;2018;15:50;11339;AV GODOFREDO MACIEL;AV BENJAMIM BRASIL;;0;;Colis?â?úo Transversal;Luz do Dia;Bom;Seca;Cruz;Sem?â?íforo;Comercial;0;2;1;1;0;0;0;0;0;1;0;0;-3,803264000000000;-38,572040000000000
321284;16;1;2018;17:07;0;RUA PRO DIAS DA ROCHA;;;700;;Colis?â?úo Transversal;Anoitecer;Bom;Seca;;;;0;1;1;1;0;0;0;0;0;1;0;0;-3,735316000000000;-38,491447000000000
321285;16;1;2018;18:41;0;AV BEZERRA DE MENEZES;;;786;;Colis?â?úo Traseira;Via Iluminada;Bom;Seca;Meio de Quadra;Sem?â?íforo;Comercial;0;0;4;1;0;0;0;0;0;0;0;0;-3,732948800000000;-38,551850000000000
321286;16;1;2018;19:14;0;RUA ILDEFONSO ALBANO;;;315;;Colis?â?úo Traseira;Via Iluminada;Bom;Seca;Meio de Quadra;N?â?úo H?â?í Controle;Residencial;0;0;2;1;0;0;0;0;0;0;0;0;-3,723723000000000;-38,510230000000000
321287;16;1;2018;16:20;0;AV PDE ANTONIO TOMAS;;;320;;Colis?â?úo Traseira;Via Iluminada;Bom;Seca;Meio de Quadra;N?â?úo H?â?í Controle;Comercial;0;0;2;1;0;0;0;0;0;0;0;0;-3,739879800000000;-38,500540000000000
321288;16;1;2018;21:00;5397;AV DUQ CAXIAS;RUA ASSUNCAO;;0;;Colis?â?úo Traseira;Via Iluminada;Bom;Seca;Cruz;Sem?â?íforo;Comercial;0;0;3;1;0;0;0;0;0;0;0;0;-3,732405000000000;-38,527952000000000
321289;17;1;2018;05:50;22353;AV BEZERRA DE MENEZES;AV OLAVO BILAC;;0;;Atropelamento;Amanhecer;Nublado;Seca;Cruz;N?â?úo H?â?í Controle;Comercial;0;1;1;0;1;0;0;0;0;0;0;0;-3,735601000000000;-38,564151000000000
321290;17;1;2018;08:39;0;AV ODILON GUIMARAES;RUA COSME DE ALMEIDA;;0;;N?â?úo Informado;Luz do Dia;Bom;Seca;T;Pare;Residencial;0;1;0;0;0;0;0;0;0;1;0;0;-3,825906500000000;-38,476162000000000
321291;17;1;2018;10:18;0;RUA SOLON ONOFRE;;;0;;Colis?â?úo Transversal;Luz do Dia;Bom;Seca;Meio de Quadra;N?â?úo H?â?í Controle;Comercial;0;1;1;1;0;0;0;0;0;1;0;0;-3,735083600000000;-38,472946000000000
321292;17;1;2018;10:36;387;RUA GRACO CARDOSO;RUA VIRGILIO BRANDAO;;0;;Colis?â?úo Traseira;Luz do Dia;Bom;Seca;Cruz;N?â?úo H?â?í Controle;Residencial;0;0;2;1;0;0;0;0;0;0;0;0;-3,751956000000000;-38,596042000000000
321293;17;1;2018;09:39;0;AV PRS CASTELO BRANCO;;;3766;;Colis?â?úo Lateral;Luz do Dia;Bom;Seca;Meio de Quadra;Sem?â?íforo;Comercial;0;0;2;1;0;0;0;0;0;0;0;0;-3,709097900000000;-38,565845000000000
321294;17;1;2018;13:23;0;AV PRO GOMES DE MATOS;;;33;;N?â?úo Informado;Luz do Dia;Bom;Seca;Meio de Quadra;N?â?úo H?â?í Controle;Comercial;0;0;2;1;0;0;0;0;0;0;0;0;-3,754879200000000;-38,540234000000000
321295;17;1;2018;13:25;0;AV SEN CARLOS JEREISSATI (AEROPORTO);;;0;;Colis?â?úo Transversal;Luz do Dia;Bom;Seca;Meio de Quadra;N?â?úo H?â?í Controle;Comercial;0;0;2;1;1;0;0;0;0;0;0;0;-3,779120700000000;-38,540066000000000
321296;17;1;2018;15:35;0;AV BENJAMIM BRASIL;RUA VER ZELIA C DE SOUZA;;0;;Colis?â?úo Lateral;Luz do Dia;Bom;Seca;Cruz;Pare;Comercial;0;0;2;1;0;0;0;0;0;0;0;0;-3,808805700000000;-38,556270000000000
321297;17;1;2018;16:21;0;AV CASTELO DE CASTRO;;;898;;N?â?úo Informado;Luz do Dia;Bom;Seca;Meio de Quadra;N?â?úo H?â?í Controle;Comercial;0;0;2;0;0;0;0;0;0;0;0;0;-3,837477200000000;-38,521782000000000
321298;17;1;2018;16:42;0;RUA CARLOS AMORA;;;0;;Colis?â?úo Traseira;Luz do Dia;Bom;Seca;Meio de Quadra;N?â?úo H?â?í Controle;Comercial;0;0;2;1;0;0;0;0;0;0;0;0;-3,776115400000000;-38,562946000000000
321299;17;1;2018;16:03;5313;RUA VINTE E QUATRO DE MAIO;RUA PEDRO I;;0;;Colis?â?úo Traseira;Luz do Dia;Bom;Seca;Cruz;Pare;Comercial;0;0;2;1;0;0;0;0;0;0;0;0;-3,729830000000000;-38,532952000000000
321300;17;1;2018;16:09;8933;AV DOMINGOS OLIMPIO;RUA RUBIA SAMPAIO;;0;;Colis?â?úo Transversal;Luz do Dia;Bom;Seca;Cruz;Pare;Residencial;0;1;1;1;0;0;0;0;0;1;0;0;-3,733409000000000;-38,541015000000000
321301;17;1;2018;17:19;11191;AV DR SILAS MUNGUBA;RUA JOSE MENELEU D41;;0;;Colis?â?úo Lateral;Luz do Dia;Bom;Seca;Cruz;Sem?â?íforo;Comercial;0;0;1;1;0;0;0;0;0;0;0;0;-3,780972000000000;-38,558016000000000
321302;17;1;2018;16:24;0;AV PONTES VIEIRA;;;220;;Engavetamento;Luz do Dia;Bom;Seca;Meio de Quadra;N?â?úo H?â?í Controle;Comercial;0;0;4;1;0;0;0;0;0;0;0;0;-3,753366500000000;-38,518860000000000
321303;17;1;2018;19:10;0;RUA FREDERICO ANDRADE;;;402;;Colis?â?úo;Via Iluminada;Bom;Seca;Meio de Quadra;N?â?úo H?â?í Controle;Residencial;0;1;1;1;0;0;0;0;0;0;0;0;-3,716576000000000;-38,565212000000000
321304;17;1;2018;19:56;26075;AV SGT HERMINIO SAMPAIO;AV JOSE JATAHY;;0;;Colis?â?úo Transversal;Via Iluminada;Bom;Seca;Cruz;Sem?â?íforo;Comercial;0;0;2;1;0;0;0;0;0;0;0;0;-3,724746000000000;-38,546143000000000
321306;17;1;2018;21:29;0;RUA JOAQUIM ALBANO;;;990;;N?â?úo Informado;Mal Iluminada;Bom;Seca;Meio de Quadra;N?â?úo H?â?í Controle;Residencial;0;0;2;1;0;0;0;0;0;0;0;0;-3,735837500000000;-38,583874000000000
321307;17;1;2018;21:54;0;RUA CEL MATOS DOURADO;;;685;;Queda;Via Iluminada;Bom;Seca;N?â?úo Informado;N?â?úo H?â?í Controle;Residencial;0;1;0;0;0;0;0;0;0;1;0;0;-3,745349600000000;-38,584970000000000
321565;17;1;2018;16:30;0;AV GAL OSORIO DE PAIVA;;;7020;;Colis?â?úo Traseira;Luz do Dia;Bom;Seca;Meio de Quadra;N?â?úo H?â?í Controle;Comercial;0;0;2;1;0;0;0;0;0;0;0;0;-3,814478900000000;-38,611916000000000
327131;17;1;2018;21:00;15819;AV JOR THOMAZ COELHO;RUA STA EFIGENIA;;0;;Colis?â?úo;;;;T;N?â?úo H?â?í Controle;Comercial;0;0;1;1;0;0;0;0;0;0;0;0;-3,832374000000000;-38,500550000000000
327132;17;1;2018;21:33;0;AV MIN JOSE AMERICO;;;0;;Colis?â?úo;;;;Meio de Quadra;;;0;1;0;1;0;0;0;0;0;1;0;0;;
327709;17;1;2018;02:44;0;AV BEZERRA DE MENEZES;;;2166;;Atropelamento;;;;Meio de Quadra;;;0;1;1;0;1;0;0;0;0;0;0;0;-3,735596000000000;-38,564115000000000
327710;17;1;2018;05:52;0;RUA ARTUR DE CARVALHO;;;461;;Colis?â?úo;Amanhecer;;;Meio de Quadra;;;0;1;1;0;0;0;0;0;0;1;0;0;;
327715;17;1;2018;07:59;0;AV DA UNIVERSIDADE;;;2596;;Colis?â?úo;Luz do Dia;;;Meio de Quadra;;;0;1;1;0;0;0;0;0;0;1;0;0;-3,739581525000000;-38,537859393000000
327717;17;1;2018;10:59;0;RUA BERNARDO MANUEL;;;10800;;Colis?â?úo;Luz do Dia;;;Meio de Quadra;;;0;1;1;1;0;0;0;0;0;1;0;0;-3,813988500000000;-38,556072125000000
327720;17;1;2018;11:28;0;AV PERIMETRAL;;;281;;Colis?â?úo;Luz do Dia;;;Meio de Quadra;;;0;1;0;0;0;0;0;0;0;0;0;0;;
327724;17;1;2018;13:37;25914;AV DOLOR BARREIRA;RUA JOSIAS PAULA DE SOUZA;;0;;Atropelamento;Luz do Dia;;;Cruz;N?â?úo H?â?í Controle;Comercial;0;1;1;0;0;0;0;0;0;1;0;0;-3,729109000000000;-38,472693000000000
327728;17;1;2018;16:58;0;AV ALM HENRIQUE SABOIA;;;0;;Queda;Luz do Dia;;;Meio de Quadra;;;0;1;0;0;0;0;0;0;0;1;0;0;;
327732;17;1;2018;17:12;0;AV ENG LEAL LIMA VERDE (SAPIRANGA/COITE);;;0;;Colis?â?úo;Anoitecer;;;Meio de Quadra;;;0;1;1;1;0;0;0;0;0;1;0;0;;
327744;17;1;2018;19:52;0;RUA EQUADOR;;;858;;Colis?â?úo;;;;Meio de Quadra;;;0;1;0;0;0;0;0;0;0;0;0;0;-3,775018200000000;-38,552711800000000
327740;17;1;2018;19:20;0;AV C CJ CEARA;;;0;;Colis?â?úo;;;;Meio de Quadra;;;0;1;1;1;0;0;0;0;0;1;0;0;;
327735;17;1;2018;18:55;0;AV GOV RAUL BARBOSA;;;899;;Colis?â?úo;;;;Meio de Quadra;;;0;1;1;1;0;0;0;0;0;1;0;0;-3,773940000000000;-38,512810000000000
327779;17;1;2018;21:52;0;RUA ANA NERY;;;822;;Colis?â?úo;;;;Meio de Quadra;;;0;1;1;1;0;0;0;0;0;1;0;0;-3,779703300000000;-38,600775600000000
327780;17;1;2018;22:18;0;TR AMARAL;;;0;;Queda;;;;Meio de Quadra;;;0;1;0;0;0;0;0;0;0;1;0;0;;
327775;17;1;2018;21:10;0;AV DR THEBERGE;;;0;;Colis?â?úo;;;;Meio de Quadra;;;0;1;1;1;0;1;0;0;0;0;0;0;;
326644;17;1;2018;08:40;3219;RUA ANSELMO NOGUEIRA;RUA EMILIO DE MENESES;;0;;Colis?â?úo Transversal;Luz do Dia;;;Cruz;Sem?â?íforo;Residencial;0;0;2;1;0;0;0;0;0;0;0;0;-3,781760000000000;-38,587374000000000
326650;17;1;2018;09:00;0;RUA DEP OSWALDO STUDART;;;848;;Engavetamento;Luz do Dia;;;Meio de Quadra;;;0;0;3;1;0;0;0;0;0;0;0;0;-3,757481500000000;-38,531581500000000
326647;17;1;2018;20:30;0;RUA NELSON COELHO;;;251;;Colis?â?úo Frontal;;;;Meio de Quadra;;;0;1;1;0;0;0;0;0;0;1;0;0;-3,827728143000000;-38,463942429000000
326640;17;1;2018;13:40;5406;RUA PRC ISABEL;RUA ANTONIO POMPEU;;0;;Colis?â?úo Transversal;Luz do Dia;;;Cruz;Pare;Escola;0;2;1;0;0;0;0;0;0;1;0;0;-3,732693000000000;-38,537283000000000
326641;17;1;2018;17:14;0;AV CASTELO DE CASTRO;;;212;;Colis?â?úo Lateral;Anoitecer;;;Meio de Quadra;;;0;1;1;1;0;0;0;0;0;1;0;0;-3,831083500000000;-38,521498500000000
326772;18;1;2018;15:30;0;RUA ILDEFONSO ALBANO;;;916;;Colis?â?úo;Luz do Dia;;;Meio de Quadra;;;0;0;2;1;0;0;0;0;0;0;0;0;-3,728706000000000;-38,511864000000000
327814;18;1;2018;09:28;0;RUA BETEL;;;0;;Queda;Luz do Dia;;;Meio de Quadra;;;0;1;0;0;0;0;0;0;0;1;0;0;;
327815;18;1;2018;10:12;3771;AV DOMINGOS OLIMPIO;AV DA UNIVERSIDADE;;0;;Colis?â?úo;Luz do Dia;;;Cruz;Sem?â?íforo;Comercial;0;1;1;1;0;0;0;0;0;1;0;0;-3,735594000000000;-38,534216000000000
327812;18;1;2018;09:11;0;AV DOMINGOS OLIMPIO;;;1050;;Colis?â?úo;Luz do Dia;;;Meio de Quadra;;;0;1;1;1;0;0;0;0;0;1;0;0;-3,735847000000000;-38,533360000000000
327805;18;1;2018;08:34;0;AV ANTONIO SALES;;;256;;Queda;Luz do Dia;;;Meio de Quadra;;;0;1;0;0;0;0;0;0;0;1;0;0;-3,740239600000000;-38,519126867000000
327806;18;1;2018;08:40;0;AV GAL OSORIO DE PAIVA;;;2246;;Colis?â?úo;Luz do Dia;;;Meio de Quadra;;;0;1;1;1;0;0;0;0;0;1;0;0;-3,785745500000000;-38,582821600000000
327800;18;1;2018;07:39;0;AV JOVITA FEITOSA;;;2670;;Colis?â?úo;Luz do Dia;;;Meio de Quadra;;;0;1;1;1;0;0;0;0;0;1;0;0;-3,740768445000000;-38,560991333000000
327801;18;1;2018;08:05;0;RUA 15 DE NOVEMBRO;;;484;;Queda;Luz do Dia;;;Meio de Quadra;;;0;1;0;0;0;0;0;0;0;1;0;0;-3,768907000000000;-38,555939000000000
327803;18;1;2018;08:10;0;AV BENJAMIM BRASIL;;;1385;;Colis?â?úo;Luz do Dia;;;Meio de Quadra;;;0;1;0;0;0;0;0;0;0;0;0;0;-3,806071400000000;-38,562800900000000
327795;18;1;2018;06:47;5284;RUA PRC ISABEL;RUA PEDRO I;;0;;Queda;Luz do Dia;;;Cruz;Pare;Comercial;0;1;0;0;0;0;0;0;0;1;0;0;-3,728809000000000;-38,536144000000000
327790;18;1;2018;05:25;0;RUA SAO LAZARO;;;250;;Queda;Amanhecer;;;Meio de Quadra;;;0;1;0;0;0;0;0;0;0;1;0;0;-3,801884000000000;-38,577455000000000
327791;18;1;2018;06:05;0;RUA BARBOSA DE FREITAS;;;810;;Queda;Luz do Dia;;;Meio de Quadra;;;0;1;0;0;0;0;0;0;0;1;0;0;-3,733071000000000;-38,496238000000000
327792;18;1;2018;06:25;0;AV ENG SANTANA JUNIOR;;;0;;Queda;Luz do Dia;;;Meio de Quadra;;;0;1;0;0;0;0;0;0;0;1;0;0;;
327864;18;1;2018;17:42;0;AV ODILON GUIMARAES;;;1610;;Atropelamento;Anoitecer;;;Meio de Quadra;;;0;1;1;0;0;0;0;0;0;1;0;0;-3,823419000000000;-38,477922000000000
327881;18;1;2018;19:06;0;AV PRS COSTA E SILVA;;;1578;;Atropelamento;;;;Meio de Quadra;;;0;1;1;0;0;0;0;0;0;0;0;0;-3,818097100000000;-38,565077600000000
327882;18;1;2018;19:28;0;RUA GAL GOIS MONTEIRO;;;450;;Atropelamento;;;;Meio de Quadra;;;0;1;1;0;0;0;0;0;0;1;0;0;;
327884;18;1;2018;00:06;0;AV WASHINGTON SOARES;;;1370;;Colis?â?úo;;;;Meio de Quadra;;;0;0;1;0;0;0;0;0;0;0;0;0;-3,770942500000000;-38,482064000000000
327877;18;1;2018;18:05;0;AV ROGACIANO LEITE;;;2027;;Atropelamento;Anoitecer;;;Meio de Quadra;;;0;1;1;0;0;0;0;0;0;1;0;0;-3,773416000000000;-38,498988000000000
327878;18;1;2018;18:16;0;AV 13 DE MAIO;;;0;;Atropelamento;Anoitecer;;;Meio de Quadra;;;0;1;1;0;0;0;0;0;0;1;0;0;;
327879;18;1;2018;18:49;0;AV MR HULL;;;0;;Queda;;;;Meio de Quadra;;;0;1;0;0;0;0;0;0;0;1;0;0;;
327859;18;1;2018;16:23;0;RUA PRO HERIBALDO COSTA;;;2051;;Colis?â?úo;Luz do Dia;;;Meio de Quadra;;;0;1;1;1;0;0;0;0;0;1;0;0;-3,769584000000000;-38,588887000000000
327860;18;1;2018;16:45;1579;RUA VICENTE LINHARES;RUA BARBOSA DE FREITAS;;0;;Colis?â?úo;Luz do Dia;;;Cruz;Sem?â?íforo;Residencial;0;1;1;1;0;0;0;0;0;1;0;0;-3,742487000000000;-38,499256000000000
327861;18;1;2018;17:09;0;AV DEP PAULINO ROCHA;;;0;;Colis?â?úo;Anoitecer;;;Meio de Quadra;;;0;1;0;0;0;0;0;0;0;0;0;0;;
327862;18;1;2018;17:12;0;AV SIQUEIRA CAMPOS;;;836;;Colis?â?úo;Anoitecer;;;Meio de Quadra;;;0;1;1;1;0;0;0;0;0;1;0;0;-3,817615642000000;-38,622889183000000
327809;18;1;2018;08:50;0;AV PRS CASTELO BRANCO;;;0;;Queda;Luz do Dia;;;Meio de Quadra;;;0;1;0;0;0;0;0;0;0;1;0;0;;
327847;18;1;2018;11:58;0;RUA BERNARDO MANUEL;;;120;;Colis?â?úo;Luz do Dia;;;Meio de Quadra;;;0;1;1;1;0;0;0;0;0;1;0;0;;
327849;18;1;2018;12:46;0;RUA CEL FRANCISCO ALVES RIBEIRO;;;530;;Queda;Luz do Dia;;;Meio de Quadra;;;0;2;0;0;0;0;0;0;0;1;0;0;-3,834732000000000;-38,510841000000000
327727;18;1;2018;20:10;0;AV SEN CARLOS JEREISSATI (AEROPORTO);;;0;KM 04;Queda;;;;Meio de Quadra;;;0;1;0;0;0;0;0;0;0;1;0;0;-3,774020000000000;-38,550907000000000
327716;18;1;2018;19:05;0;AV SEN CARLOS JEREISSATI (AEROPORTO);;;0;KM 01;Colis?â?úo;;;;Meio de Quadra;;;0;0;2;1;0;0;0;0;0;1;0;0;-3,783753000000000;-38,526850000000000
327713;18;1;2018;05:00;0;RD CE-060;;;0;KM-02;Colis?â?úo;Amanhecer;;;Meio de Quadra;;;1;0;0;0;0;1;0;0;0;0;0;0;-3,834064000000000;-38,582111000000000
327114;18;1;2018;23:40;0;AV FILOMENO GOMES;;;0;;Colis?â?úo;;;;Meio de Quadra;;;0;0;1;0;0;0;0;0;0;1;0;0;;