COD_ACIDENTE;DIA;MES;ANO;HORA;INTERSECAO;LOG1;LOG2;LOG3;NUMERO;REFERENCIA;NATUREZA;ILUMINACAO;TEMPO;SUPERFICIEPISTA;TIPOCRUZAMENTO;CONTROLETRAFEGO;USOSOLO;MORTOS;FERIDOS;ILESOS;AUTOMOVEL;ONIBUS;BICICLETA;CAMINHAO;MICROONIBUS;CICLOMOTOR;MOTOCICLETA;TRACAOANIMAL;TREM;LATITUDE;LONGITUDE
314476;18;1;2018;21:20;5364;RUA GAL CLARINDO DE QUEIROZ;AV TRISTAO GONCALVES;;0;;Colis?â?úo Transversal;;;;Cruz;Pare;Comercial;1;1;1;0;1;0;0;0;0;1;0;0;-3,731314000000000;-38,534472000000000
321308;18;1;2018;08:57;5361;RUA PEDRO I;RUA FLORIANO PEIXOTO;;1;;Colis?â?úo Transversal;Luz do Dia;Chuva;Molhada;Cruz;Pare;Comercial;0;0;2;1;0;0;0;0;0;0;0;0;-3,731284000000000;-38,528436000000000
321310;18;1;2018;09:15;9174;AV 13 DE MAIO;RUA DEP OSWALDO STUDART;;0;;Colis?â?úo Lateral;Luz do Dia;Nublado;Molhada;Cruz;Sem?â?íforo;Comercial;0;0;2;0;1;0;0;0;0;0;0;0;-3,751738000000000;-38,526507000000000
321311;18;1;2018;09:46;19703;RUA GUSTAVO SAMPAIO;RUA PEDRO DE QUEIROZ;;0;;Colis?â?úo Lateral;Luz do Dia;Chuva;Molhada;Cruz;Pare;Comercial;0;1;1;0;0;0;0;0;0;1;0;0;-3,736097000000000;-38,560577000000000
321312;18;1;2018;10:17;25125;RUA DNA LEOPOLDINA;RUA ROCHA LIMA;;0;;Colis?â?úo Transversal;Luz do Dia;Bom;Seca;Cruz;Pare;Residencial;0;0;1;1;0;0;0;0;0;0;0;0;-3,736665000000000;-38,521427000000000
321313;18;1;2018;13:00;0;RUA MON VICENTE MARTINS;;;1129;;Colis?â?úo Frontal;Luz do Dia;Bom;Seca;Meio de Quadra;N?â?úo H?â?í Controle;Residencial;0;1;1;1;0;0;0;0;0;1;0;0;-3,769229000000000;-38,579796000000000
321314;18;1;2018;15:50;7926;AV ANTONIO SALES;RUA BARBOSA DE FREITAS;;0;;Colis?â?úo Lateral;Luz do Dia;Bom;Seca;Cruz;Sem?â?íforo;Comercial;0;1;1;1;0;0;0;0;0;1;0;0;-3,746051000000000;-38,500407000000000
321315;18;1;2018;17:44;0;AV OLIVEIRA PAIVA;;;2939;;Colis?â?úo Transversal;Luz do Dia;Bom;Seca;Meio de Quadra;N?â?úo H?â?í Controle;Comercial;0;1;2;1;0;0;0;0;0;1;0;0;-3,795818300000000;-38,481308000000000
321316;18;1;2018;16:47;0;RUA CACILDA BECKER;;;305;;Colis?â?úo;Luz do Dia;Bom;Seca;Meio de Quadra;Pare;Comercial;0;0;3;1;0;0;0;0;0;0;0;0;-3,772798500000000;-38,588425000000000
321317;18;1;2018;21:20;15100;AV HIS RAIMUNDO GIRAO;RUA JOAO CORDEIRO;;0;;Colis?â?úo Lateral;Via Iluminada;Bom;Seca;Cruz;Sem?â?íforo;Comercial;0;1;1;0;1;0;0;0;0;1;0;0;-3,720835000000000;-38,511630000000000
321318;19;1;2018;09:03;0;AV ALM HENRIQUE SABOIA;;;0;;Queda;Luz do Dia;Chuva;Molhada;Outros;N?â?úo H?â?í Controle;Comercial;0;1;0;0;0;0;0;0;0;0;0;0;-3,748273600000000;-38,492800000000000
321319;19;1;2018;07:35;0;AV PONTES VIEIRA;;;1214;;N?â?úo Informado;Luz do Dia;Chuva;Molhada;Meio de Quadra;N?â?úo H?â?í Controle;Comercial;0;0;2;1;0;0;0;0;0;0;0;0;-3,752638600000000;-38,510784000000000
321320;19;1;2018;08:59;23791;RUA COSTA FREIRE;RUA RAIMUNDO NERY;;0;;Colis?â?úo Transversal;Luz do Dia;Chuva;Seca;Cruz;Pare;Residencial;0;1;1;0;1;0;0;0;0;1;0;0;-3,794144000000000;-38,586423000000000
321321;19;1;2018;09:13;0;AV ABOLICAO;;;2324;;Colis?â?úo Traseira;Luz do Dia;Bom;Seca;Meio de Quadra;N?â?úo H?â?í Controle;Comercial;0;1;1;1;0;0;0;0;0;1;0;0;-3,726621200000000;-38,498005000000000
321322;19;1;2018;09:10;0;AV PONTES VIEIRA;;;277;;Colis?â?úo Traseira;Luz do Dia;Nublado;Molhada;Meio de Quadra;N?â?úo H?â?í Controle;Comercial;0;0;2;1;0;0;0;0;0;0;0;0;-3,753210500000000;-38,517975000000000
321323;19;1;2018;11:35;0;RUA PDE VALDEVINO;;;1315;;Colis?â?úo Lateral;Luz do Dia;Bom;Seca;Meio de Quadra;N?â?úo H?â?í Controle;Comercial;0;0;2;0;1;0;0;0;0;0;0;0;-3,740468700000000;-38,512535000000000
321324;19;1;2018;13:00;5331;RUA GONCALVES LEDO;AV SANTOS DUMONT;;0;;Colis?â?úo Transversal;Luz do Dia;Bom;Seca;Cruz;Pare;Comercial;0;0;2;1;0;0;0;0;0;0;0;0;-3,730535000000000;-38,515848000000000
321325;19;1;2018;13:40;15340;RUA CANUTO DE AGUIAR;RUA CEL LINHARES;;0;;Colis?â?úo Lateral;Luz do Dia;Bom;Seca;Cruz;Pare;Residencial;0;0;1;1;0;0;0;0;0;0;0;0;-3,731563000000000;-38,492546000000000
321326;19;1;2018;16:27;0;RUA LIMA DUARTE;;;599;;Colis?â?úo Lateral;Luz do Dia;Nublado;Seca;T;Pare;Comercial;0;0;1;1;0;0;0;0;0;1;0;0;-3,825946600000000;-38,503956000000000
321327;19;1;2018;18:28;0;AV DOMINGOS OLIMPIO;;;32;;Colis?â?úo Lateral;Via Iluminada;Bom;Seca;Cruz;Sem?â?íforo;Comercial;0;0;2;1;0;0;0;0;0;0;0;0;-3,738594300000000;-38,523790000000000
321328;19;1;2018;18:43;0;RUA JULIO LIMA;;;485;;N?â?úo Informado;Via Iluminada;Nublado;Seca;Meio de Quadra;N?â?úo H?â?í Controle;Comercial;0;1;1;0;0;0;0;0;0;1;0;0;-3,796414900000000;-38,501045000000000
321329;19;1;2018;18:38;5450;RUA ANTONIO POMPEU;RUA MAJ FACUNDO;;0;;Colis?â?úo Transversal;Anoitecer;Bom;Seca;Cruz;Gesto;Comercial;0;0;2;1;0;0;0;0;0;0;0;0;-3,734923000000000;-38,530216000000000
321330;19;1;2018;18:41;0;RUA ALBERTO MAGNO;;;533;;Colis?â?úo Traseira;Mal Iluminada;Bom;Seca;Meio de Quadra;Sem?â?íforo;Comercial;0;0;2;1;0;0;0;0;0;0;0;0;-3,760483500000000;-38,546078000000000
321331;19;1;2018;19:32;0;AV SGT HERMINIO SAMPAIO;;;1604;;N?â?úo Informado;Via Iluminada;Bom;Seca;Meio de Quadra;Pare;Residencial;0;0;2;1;0;0;0;0;0;1;0;0;-3,725445500000000;-38,555275000000000
321332;19;1;2018;14:15;2717;RUA CEL VIRGILIO NOGUEIRA (BOM JARDIM);RUA GERALDO BARBOSA;;0;;Colis?â?úo Transversal;Via Iluminada;Bom;Molhada;Cruz;Pare;Comercial;0;1;1;1;0;0;0;0;0;1;0;0;-3,789689800000000;-38,608994000000000
321333;19;1;2018;22:00;0;AV BEIRA MAR;;;3958;;Colis?â?úo Traseira;Via Iluminada;Chuva;Molhada;Meio de Quadra;N?â?úo H?â?í Controle;Comercial;0;0;2;1;0;0;0;0;0;0;0;0;-3,723257000000000;-38,485850000000000
321334;19;1;2018;21:05;0;AV VICENTE DE CASTRO;;;4813;;Colis?â?úo Traseira;Via Iluminada;Bom;Seca;Meio de Quadra;N?â?úo H?â?í Controle;Comercial;0;1;1;0;0;0;0;0;0;1;0;0;-3,720913600000000;-38,477783000000000
321336;19;1;2018;10:02;0;AV ABOLICAO;;;1512;;Colis?â?úo Traseira;Luz do Dia;Chuva;Molhada;Meio de Quadra;N?â?úo H?â?í Controle;Residencial;0;0;1;1;0;0;0;0;0;0;0;0;-3,724475900000000;-38,505610000000000
321343;19;1;2018;19:30;24441;AV LUCIANO CARNEIRO;RUA RAUL CABRAL;;0;;N?â?úo Informado;Via Iluminada;Bom;Seca;Cruz;N?â?úo H?â?í Controle;Residencial;0;1;0;1;0;0;0;0;0;1;0;0;-3,770842000000000;-38,538495000000000
321425;19;1;2018;16:55;12440;AV AUGUSTO DOS ANJOS;RUA ARARIPE PRATA;;0;;Colis?â?úo Transversal;Luz do Dia;Bom;Seca;Cruz;Pare;Comercial;0;1;2;1;0;0;0;0;0;1;0;0;-3,771936000000000;-38,571749000000000
321459;19;1;2018;15:30;1507;RUA PDE VALDEVINO;RUA BAR ARACATI;;0;;Colis?â?úo Transversal;Luz do Dia;Bom;Seca;Cruz;Pare;Comercial;0;0;2;1;0;0;0;0;0;0;0;0;-3,739898000000000;-38,514377000000000
314482;19;1;2018;12:10;0;RD BR 116;;;6000;KM-06;Colis?â?úo;Luz do Dia;;;Meio de Quadra;;;1;0;1;0;0;0;1;0;0;1;0;0;-3,804691000000000;-38,503053000000000
314489;19;1;2018;19:20;0;ROD CE 010;;;2000;;Capotamento;;;;Meio de Quadra;;;1;1;0;1;0;0;0;0;0;0;0;0;-3,790094000000000;-38,443046000000000
327134;19;1;2018;10:50;0;AV MIN JOSE AMERICO;;;0;;Colis?â?úo;Luz do Dia;;;Meio de Quadra;;;0;2;3;1;0;0;0;0;0;1;0;0;;
327135;19;1;2018;14:10;0;RUA HERMINIA BONAVIDES;;;411;;Colis?â?úo;Luz do Dia;;;Meio de Quadra;;;0;1;0;0;0;0;0;0;0;1;0;0;-3,732627600000000;-38,466403100000000
327336;19;1;2018;06:10;0;RD BR 116;;;11000;KM-11;Outros;Luz do Dia;;;Meio de Quadra;;;0;0;1;1;0;0;0;0;0;0;0;0;-3,847160000000000;-38,497176000000000
327337;19;1;2018;11:30;0;RD BR 116;;;6000;KM-06;Colis?â?úo Traseira;Luz do Dia;;;Meio de Quadra;;;0;1;1;0;0;0;1;0;0;1;0;0;-3,804691000000000;-38,503053000000000
327750;19;1;2018;07:55;0;AV SEN CARLOS JEREISSATI (AEROPORTO);;;0;KM 03;Colis?â?úo;Luz do Dia;;;Meio de Quadra;;;0;1;1;1;0;0;0;0;0;1;0;0;-3,779641000000000;-38,544038000000000
327894;19;1;2018;07:34;12812;AV PRO GOMES DE MATOS;RUA ANA NERY;;0;;Colis?â?úo;Luz do Dia;;;;;;0;1;1;1;0;0;0;0;0;1;0;0;-3,755183000000000;-38,540496000000000
327900;19;1;2018;08:54;0;AV ALM HENRIQUE SABOIA;;;0;;Queda;Luz do Dia;;;Meio de Quadra;;;0;1;0;0;0;0;0;0;0;1;0;0;;
327892;19;1;2018;06:59;25974;RUA PERU;RUA TRES MARIAS D39 (MONTESE);;0;;Queda;Luz do Dia;;;Outros;N?â?úo H?â?í Controle;Residencial;0;1;0;0;0;0;0;0;0;1;0;0;-3,769519000000000;-38,549898000000000
327904;19;1;2018;12:49;0;AV SEN FERNANDES TAVORA;;;2145;;Colis?â?úo;Luz do Dia;;;Meio de Quadra;;;0;1;0;0;0;0;0;0;0;0;0;0;-3,757244000000000;-38,591428000000000
327905;19;1;2018;14:14;0;RUA 806 CJ CEARA;;;0;;Queda;Luz do Dia;;;Meio de Quadra;;;0;1;0;0;0;1;0;0;0;0;0;0;;
327907;19;1;2018;15:36;0;RUA ERNESTO PEDRO SANTOS;;;66;;Queda;Luz do Dia;;;Meio de Quadra;;;0;1;0;0;0;0;0;0;0;1;0;0;-3,760272796000000;-38,575035143000000
327910;19;1;2018;15:53;5450;RUA ANTONIO POMPEU;RUA MAJ FACUNDO;;0;;Capotamento;Luz do Dia;;;Cruz;Gesto;Comercial;0;2;0;1;0;0;0;0;0;0;0;0;-3,734923000000000;-38,530216000000000
327926;19;1;2018;16:06;0;RUA SEN ALVARO ADOLFO;;;195;;Atropelamento;Luz do Dia;;;Meio de Quadra;;;0;1;1;0;0;0;0;0;0;1;0;0;-3,731155455000000;-38,570877818000000
327927;19;1;2018;17:44;0;AV ALM HENRIQUE SABOIA;;;1102;;Colis?â?úo;Anoitecer;;;Meio de Quadra;;;0;1;0;0;0;0;0;0;0;0;0;0;-3,746474600000000;-38,491733900000000
327928;19;1;2018;18:57;0;RUA PDE PEDRO DE ALENCAR;;;2061;;Colis?â?úo;;;;Meio de Quadra;;;0;1;1;1;0;0;0;0;0;1;0;0;-3,846283634000000;-38,494596298000000
327929;19;1;2018;20:43;11161;RUA MANUEL TEOFILO;RUA JULIO GASPAR;;0;;Colis?â?úo;;;;Cruz;Pare;Residencial;0;1;1;1;0;0;0;0;0;1;0;0;-3,783745000000000;-38,561561000000000
327930;19;1;2018;20:55;0;RUA COM GARCIA;;;0;;Queda;;;;Meio de Quadra;;;0;1;0;0;0;0;0;0;0;1;0;0;;
327931;19;1;2018;21:58;0;AV WASHINGTON SOARES;;;0;;Colis?â?úo;;;;Meio de Quadra;;;0;1;1;0;0;0;0;0;0;1;0;0;;
327932;19;1;2018;22:25;7329;RUA MANAUS;RUA PRO PAULO LOPES;;0;;Colis?â?úo;;;;Cruz;Pare;Residencial;0;1;1;1;0;0;0;0;0;1;0;0;-3,753573000000000;-38,591163000000000
327933;19;1;2018;23:36;0;RUA CEL MATOS DOURADO;;;0;;Queda;;;;Meio de Quadra;;;0;1;0;0;0;0;0;0;0;1;0;0;;
326668;19;1;2018;05:50;16057;AV GODOFREDO MACIEL;AV PRS COSTA E SILVA;;0;;Colis?â?úo Traseira;Amanhecer;;;Cruz;Sem?â?íforo;Residencial;0;0;2;0;0;0;0;0;0;1;0;0;-3,811743000000000;-38,574739000000000
326670;19;1;2018;07:40;0;RUA CEARA;;;346;;Colis?â?úo Transversal;Luz do Dia;;;Meio de Quadra;;;0;0;2;1;0;0;0;0;0;1;0;0;-3,761973000000000;-38,561153000000000
326675;20;1;2018;13:10;13396;RUA JOAO BRIGIDO;RUA BAR ARACATI;;0;;N?â?úo Informado;Luz do Dia;;;Cruz;Pare;Comercial;0;0;2;0;0;0;0;0;0;1;0;0;-3,740939000000000;-38,514697000000000
326678;20;1;2018;05:10;0;AV BENJAMIM BRASIL;;;1080;;Choque c/ Obst?â?ículo Fixo;Amanhecer;;;Meio de Quadra;;;0;0;1;1;0;0;0;0;0;0;0;0;-3,805414400000000;-38,565583300000000
328024;20;1;2018;22:46;9410;RUA CARNAUBAL;RUA RIO TOCANTINS;;0;;Queda;;;;Cruz;Pare;Residencial;0;1;0;0;0;0;0;0;0;1;0;0;-3,722720000000000;-38,581132000000000
328022;20;1;2018;22:38;0;AV SGT HERMINIO SAMPAIO;;;0;;Colis?â?úo;;;;Meio de Quadra;;;0;1;0;0;0;0;0;0;0;0;0;0;;
328018;20;1;2018;21:20;0;AV CASTELO DE CASTRO;;;212;;Colis?â?úo;;;;Meio de Quadra;;;0;1;1;1;0;0;0;0;0;1;0;0;-3,831083500000000;-38,521498500000000
328009;20;1;2018;20:57;12863;AV DOMINGOS OLIMPIO;RUA FLORIANO PEIXOTO;;0;;Colis?â?úo;;;;Cruz;N?â?úo H?â?í Controle;Comercial;0;1;1;1;0;0;0;0;0;1;0;0;-3,736976000000000;-38,530313000000000
327994;20;1;2018;19:42;0;RUA CON DE CASTRO;;;4500;;Colis?â?úo;;;;Meio de Quadra;;;0;1;0;0;0;0;0;0;0;0;0;0;-3,804849847000000;-38,591783153000000
328015;20;1;2018;21:01;9761;RUA TRES CORACOES;RUA DR FERNANDO AUGUSTO;;0;;Colis?â?úo;;;;Cruz;Pare;Residencial;0;1;0;0;0;0;0;0;0;0;0;0;-3,790484000000000;-38,610954000000000
328016;20;1;2018;21:16;0;AV ABOLICAO;;;0;;Colis?â?úo;;;;Meio de Quadra;;;0;1;1;1;0;0;0;0;0;1;0;0;;
327996;20;1;2018;20:06;0;AV PRS CASTELO BRANCO;;;0;;Atropelamento;;;;Meio de Quadra;;;0;2;0;0;0;0;0;0;0;0;0;0;;
327992;20;1;2018;19:37;0;RUA JARDIM FLUMINENSE;;;1044;;Queda;;;;Meio de Quadra;;;0;1;0;0;0;1;0;0;0;0;0;0;-3,812153000000000;-38,599002000000000
327987;20;1;2018;18:55;0;AV DR SILAS MUNGUBA;;;4997;;Colis?â?úo;;;;Meio de Quadra;;;0;1;1;1;0;0;0;0;0;1;0;0;-3,796992000000000;-38,531678000000000
327934;20;1;2018;01:12;0;RUA CIDADE ECOLOGICA;;;56;;Atropelamento;;;;Meio de Quadra;;;0;1;1;1;0;0;0;0;0;0;0;0;;
327935;20;1;2018;02:08;0;AV IMPERADOR;;;1347;;Queda;;;;Meio de Quadra;;;0;1;0;0;0;0;0;0;0;1;0;0;-3,733045000000000;-38,536179000000000
327937;20;1;2018;03:15;0;RUA DEP OSWALDO STUDART;;;0;;Queda;;;;Meio de Quadra;;;0;1;0;0;0;1;0;0;0;0;0;0;;
327939;20;1;2018;05:24;0;AV GODOFREDO MACIEL;;;0;;Colis?â?úo;Amanhecer;;;Meio de Quadra;;;0;1;0;0;0;0;0;0;0;0;0;0;;
327940;20;1;2018;06:35;0;RUA SILVA JATAHY;;;0;;Colis?â?úo;Luz do Dia;;;Meio de Quadra;;;0;1;1;0;0;0;0;0;0;1;0;0;;
327942;20;1;2018;07:12;0;RUA CON DE CASTRO;;;8430;;Colis?â?úo;Luz do Dia;;;Meio de Quadra;;;0;1;0;0;0;0;0;0;0;0;0;0;-3,819198500000000;-38,602498500000000
327943;20;1;2018;08:54;0;AV PRS CASTELO BRANCO;;;0;;Colis?â?úo;Luz do Dia;;;Meio de Quadra;;;0;1;1;1;0;0;0;0;0;1;0;0;;
327945;20;1;2018;09:17;22930;RUA BERNARDO MANUEL;RUA LEAO TREZE;;0;;Colis?â?úo;Luz do Dia;;;Cruz;Sem?â?íforo;Residencial;0;1;0;0;0;0;0;0;0;0;0;0;-3,783394000000000;-38,546723000000000
327946;20;1;2018;11:01;0;AV BEIRA MAR;;;2500;;Queda;Luz do Dia;;;Meio de Quadra;;;0;1;0;0;0;1;0;0;0;0;0;0;-3,725256500000000;-38,498614500000000
327981;20;1;2018;16:52;0;AV VIENA WEYNE;;;510;;Colis?â?úo;Luz do Dia;;;Meio de Quadra;;;0;1;1;1;0;0;0;0;0;1;0;0;-3,801115001000000;-38,490117500000000
327979;20;1;2018;15:19;0;AV DR THEBERGE;;;638;;Colis?â?úo;Luz do Dia;;;Meio de Quadra;;;0;1;1;1;0;0;0;0;0;1;0;0;-3,709275838000000;-38,563181432000000
327976;20;1;2018;14:13;0;RUA MON SABINO FEIJAO;;;1160;;Colis?â?úo;Luz do Dia;;;Meio de Quadra;;;0;0;2;1;0;0;1;0;0;0;0;0;-3,795610000000000;-38,597320000000000
327977;20;1;2018;14:28;0;AV GAL OSORIO DE PAIVA;;;0;;Colis?â?úo;Luz do Dia;;;Meio de Quadra;;;0;1;0;0;0;0;0;0;0;0;0;0;;
327960;20;1;2018;12:00;11751;RUA VALDEMAR HOLANDA;RUA DONZELA;;0;;Colis?â?úo;Luz do Dia;;;;;;0;1;1;1;0;0;0;0;0;1;0;0;-3,770356000000000;-38,593730000000000
327963;20;1;2018;12:22;0;RUA TEN ELIEZER COSTA;;;0;;Colis?â?úo;Luz do Dia;;;Meio de Quadra;;;0;1;1;1;0;0;0;0;0;1;0;0;;
327964;20;1;2018;12:45;632;AV PASTEUR;RUA ENG JOAO NOGUEIRA;;0;;Colis?â?úo;Luz do Dia;;;Cruz;Pare;Comercial;0;1;1;1;0;0;0;0;0;1;0;0;-3,712927000000000;-38,559415000000000
327965;20;1;2018;12:53;0;RUA MARIA JULIA;;;0;;Colis?â?úo;Luz do Dia;;;Meio de Quadra;;;0;1;1;1;0;0;0;0;0;1;0;0;;
327966;20;1;2018;13:12;0;RUA JAIME BENEVOLO;;;0;;Atropelamento;Luz do Dia;;;Meio de Quadra;;;0;2;0;0;0;0;0;0;0;0;0;0;;
327967;20;1;2018;13:47;0;AV FRANCISCO SA;;;0;;Colis?â?úo;Luz do Dia;;;Meio de Quadra;;;0;1;0;0;0;0;0;0;0;0;0;0;;
327774;20;1;2018;21:00;0;AV SEN CARLOS JEREISSATI (AEROPORTO);;;0;KM 02;Colis?â?úo;;;;Meio de Quadra;;;0;0;2;1;0;0;0;0;0;0;0;0;-3,782194000000000;-38,535424000000000
327338;20;1;2018;06:30;0;RD BR 116;;;15000;KM-15;Queda;Luz do Dia;;;Meio de Quadra;;;0;1;0;0;0;0;0;0;0;1;0;0;-3,882329000000000;-38,501113000000000
327136;20;1;2018;06:30;0;RUA FIS VIEIRA;;;3573;;Colis?â?úo;Luz do Dia;;;Meio de Quadra;;;0;0;1;1;0;0;0;0;0;0;0;0;-3,752365000000000;-38,516143000000000
327137;20;1;2018;13:55;0;RUA LUIS VIEIRA;;;1121;;Colis?â?úo;Luz do Dia;;;Meio de Quadra;;;0;0;1;0;0;0;1;0;0;0;0;0;-3,788515214000000;-38,589550198000000
327138;20;1;2018;17:15;0;AV JOSE BASTOS;;;6450;;Colis?â?úo;Anoitecer;;;Meio de Quadra;;;0;0;1;1;0;0;0;0;0;0;0;0;-3,767122500000000;-38,569313000000000
327162;20;1;2018;19:35;3769;AV DOMINGOS OLIMPIO;RUA SEN POMPEU;;0;;Colis?â?úo;;;;Cruz;Sem?â?íforo;Comercial;0;1;1;1;0;0;0;0;0;1;0;0;-3,736254000000000;-38,532455000000000
327166;20;1;2018;09:27;0;AV PRS CASTELO BRANCO;;;5709;;Atropelamento;Luz do Dia;;;Meio de Quadra;;;0;1;1;1;0;0;0;0;0;0;0;0;-3,704470000000000;-38,578270000000000
314923;20;1;2018;04:10;0;RUA DO COQUEIRO D75;;;333;;Choque c/ Obst?â?ículo Fixo;;;;Meio de Quadra;;;1;0;0;0;0;0;0;0;0;1;0;0;-3,771992000000000;-38,471634000000000
321373;20;1;2018;20:46;0;RUA LOPES FILHO;;;82;;Choque c/ Obst?â?ículo Fixo;Via Iluminada;Bom;Seca;Meio de Quadra;N?â?úo H?â?í Controle;Residencial;0;0;1;1;0;0;0;0;0;0;0;0;-3,747535000000000;-38,558495000000000
321337;20;1;2018;13:26;0;AV PRS CASTELO BRANCO;;;100;;Engavetamento;Luz do Dia;Bom;Seca;Meio de Quadra;Gesto;Comercial;0;0;3;1;0;0;0;0;0;0;0;0;-3,722708500000000;-38,523117000000000
321338;20;1;2018;14:18;0;RUA RAUL CABRAL;;;676;;Colis?â?úo Traseira;Luz do Dia;Bom;Seca;Meio de Quadra;N?â?úo H?â?í Controle;Residencial;0;1;1;1;0;0;0;0;0;1;0;0;-3,769071300000000;-38,544357000000000
321339;20;1;2018;16:20;0;RUA JULIO BRAGA;;;1360;;Colis?â?úo Lateral;Luz do Dia;Bom;Seca;Meio de Quadra;N?â?úo H?â?í Controle;Residencial;0;1;1;0;0;0;0;0;0;1;0;0;-3,774256200000000;-38,583190000000000
321340;20;1;2018;16:51;18440;AV SGT HERMINIO SAMPAIO;RUA CARLINDO CRUZ;;0;;Colis?â?úo Transversal;Luz do Dia;Bom;Seca;T;N?â?úo H?â?í Controle;Comercial;0;1;1;1;0;0;0;0;0;1;0;0;-3,729636000000000;-38,574437000000000
321335;20;1;2018;09:48;0;AV GODOFREDO MACIEL;;;3101;;Colis?â?úo Lateral;Luz do Dia;Bom;Seca;Cruz;Pare;Residencial;0;0;2;1;0;0;0;0;0;0;0;0;-3,803087000000000;-38,572186000000000
321341;21;1;2018;00:30;0;AV PRS CASTELO BRANCO;;;3149;;Choque c/ Obst?â?ículo Fixo;Via Iluminada;Bom;Seca;Meio de Quadra;N?â?úo H?â?í Controle;Escola;0;0;1;1;0;0;0;0;0;0;0;0;-3,711209000000000;-38,558480000000000
321342;21;1;2018;02:30;0;AV PERIMETRAL;;;3391;;Choque c/ Obst?â?ículo Fixo;Via Iluminada;Bom;Seca;Meio de Quadra;N?â?úo H?â?í Controle;Comercial;0;1;0;1;0;0;0;0;0;0;0;0;-3,829454400000000;-38,526840000000000
321390;21;1;2018;15:52;19311;RUA ARARIPE PRATA;RUA STA JULIA;;0;;Colis?â?úo Lateral;Luz do Dia;Bom;Seca;Cruz;Pare;Residencial;0;1;1;1;0;0;0;0;0;1;0;0;-3,775083000000000;-38,569074000000000
321344;21;1;2018;09:00;0;AV CARAPINIMA;;;2081;;Colis?â?úo Traseira;Luz do Dia;Bom;Seca;Meio de Quadra;N?â?úo H?â?í Controle;Comercial;0;1;1;1;0;0;0;0;0;1;0;0;-3,738924700000000;-38,539013000000000
321345;21;1;2018;13:41;5316;RUA PEDRO PEREIRA;RUA FLORIANO PEIXOTO;;0;;Colis?â?úo Transversal;Luz do Dia;Bom;Seca;Cruz;Sem?â?íforo;Comercial;0;1;1;0;0;0;0;0;0;1;0;0;-3,729873000000000;-38,527962000000000
321346;21;1;2018;14:33;0;AV ABOLICAO;;;2324;;Colis?â?úo Lateral;Via Iluminada;Bom;Seca;Meio de Quadra;Sem?â?íforo;Residencial;0;0;2;1;0;0;0;0;0;0;0;0;-3,726724600000000;-38,497753000000000
321347;21;1;2018;15:36;0;RUA PDE BARBOSA DE JESUS;;;820;;Colis?â?úo Transversal;Luz do Dia;Bom;Seca;Cruz;Pare;Residencial;0;0;2;1;0;0;0;0;0;0;0;0;-3,748880600000000;-38,529263000000000
321348;21;1;2018;14:56;0;AV GOV RAUL BARBOSA;;;6600;;Colis?â?úo Traseira;Luz do Dia;Bom;Seca;Meio de Quadra;D?â?¬ Prefer?â?¬ncia;Comercial;0;0;2;1;0;0;0;0;0;0;0;0;-3,772213500000000;-38,512000000000000
321349;21;1;2018;18:49;1656;RUA BENI DE CARVALHO;RUA PRO DIAS DA ROCHA;;0;;Colis?â?úo Lateral;Via Iluminada;Bom;Seca;Cruz;Pare;Residencial;0;1;1;0;0;0;0;0;0;1;0;0;-3,745994000000000;-38,495024000000000
321350;21;1;2018;08:30;7791;AV PONTES VIEIRA;RUA VIS MAUA;;0;;Colis?â?úo Traseira;Luz do Dia;Bom;Seca;Cruz;Sem?â?íforo;Comercial;0;0;2;1;0;0;0;0;0;0;0;0;-3,751653000000000;-38,504401000000000
321351;21;1;2018;10:00;24221;RUA JOSE CARLOS GURGEL NOGUEIRA;RUA PRO HERACLITO;;0;;Colis?â?úo Transversal;Luz do Dia;Bom;Seca;Cruz;Pare;Residencial;0;0;2;1;0;0;0;0;0;0;0;0;-3,732973000000000;-38,473860000000000
321352;21;1;2018;01:00;0;AV PRS COSTA E SILVA;;;3320;;Colis?â?úo;Via Iluminada;Bom;Seca;Meio de Quadra;Sem?â?íforo;Comercial;0;1;0;1;0;0;0;0;0;0;0;0;-3,829436300000000;-38,525944000000000
321353;21;1;2018;21:20;19528;RUA CAMBARA;RUA JULIO GASPAR;;0;;Colis?â?úo Transversal;Luz do Dia;Bom;Seca;Cruz;Pare;Residencial;0;1;1;1;0;0;0;0;0;1;0;0;-3,782019000000000;-38,563574000000000
321354;21;1;2018;01:24;3370;RUA AMAZONAS;RUA MINAS GERAIS;;0;;Colis?â?úo Transversal;Via Iluminada;Bom;Seca;Cruz;Pare;Residencial;0;1;2;1;0;0;0;0;0;0;0;0;-3,753685000000000;-38,563580000000000