COD_ACIDENTE;DIA;MES;ANO;HORA;INTERSECAO;LOG1;LOG2;LOG3;NUMERO;REFERENCIA;NATUREZA;ILUMINACAO;TEMPO;SUPERFICIEPISTA;TIPOCRUZAMENTO;CONTROLETRAFEGO;USOSOLO;MORTOS;FERIDOS;ILESOS;AUTOMOVEL;ONIBUS;BICICLETA;CAMINHAO;MICROONIBUS;CICLOMOTOR;MOTOCICLETA;TRACAOANIMAL;TREM;LATITUDE;LONGITUDE
321358;21;1;2018;22:42;0;RUA PEDRO LAZAR;AV ENG AGRONOMO JOSE GUIMARAES DUQUE;;0;;Colis?â?úo Transversal;Via Iluminada;Bom;Seca;;;;0;2;0;1;0;0;0;0;0;0;0;0;-3,804944800000000;-38,488106000000000
321446;21;1;2018;00:24;10791;RUA PORTO VELHO;RUA NATAL;;0;;Colis?â?úo Transversal;Anoitecer;Bom;Seca;Cruz;Pare;Residencial;0;1;1;0;1;0;0;0;0;1;0;0;-3,762901000000000;-38,592785000000000
327167;21;1;2018;17:50;0;RUA URUCUTUBA;;;1541;;Colis?â?úo;Anoitecer;;;Meio de Quadra;;;0;1;0;1;0;0;0;0;0;1;0;0;-3,797693000000000;-38,608994000000000
327793;21;1;2018;07:50;0;AV SEN CARLOS JEREISSATI (AEROPORTO);;;0;KM 03;Colis?â?úo;Luz do Dia;;;Meio de Quadra;;;0;0;2;1;0;0;0;0;0;0;0;0;-3,779641000000000;-38,544038000000000
327835;21;1;2018;23:45;0;RD CE-025;;;0;KM-00;Colis?â?úo;;;;;;;0;1;1;1;0;0;0;0;0;0;0;0;-3,808327262000000;-38,479123640000000
328035;21;1;2018;00:45;0;AV PASTEUR;;;1538;;Colis?â?úo;;;;Meio de Quadra;;;0;1;0;0;0;0;0;0;0;0;0;0;-3,710507200000000;-38,558803900000000
328028;21;1;2018;00:25;0;AV MR HULL;;;0;;Colis?â?úo;;;;Meio de Quadra;;;0;1;0;0;0;0;0;0;0;0;0;0;;
328026;21;1;2018;00:11;0;RUA ADOLFO CAMINHA;;;0;;Queda;;;;Meio de Quadra;;;0;1;0;0;0;0;0;0;0;1;0;0;;
328030;21;1;2018;00:25;0;RUA HERCULANO PENA;;;0;;Queda;;;;Meio de Quadra;;;0;0;1;0;0;0;0;0;0;1;0;0;;
328032;21;1;2018;00:35;0;RUA CEL VIRGILIO NOGUEIRA (BOM JARDIM);;;1092;;Colis?â?úo;;;;Meio de Quadra;;;0;1;1;1;0;0;0;0;0;1;0;0;-3,791934200000000;-38,609949200000000
328097;21;1;2018;18:23;21581;RUA MON AGOSTINHO;RUA DES FROTA D71;;0;;Colis?â?úo;Anoitecer;;;Cruz;Pare;Residencial;0;1;1;1;0;0;0;0;0;1;0;0;-3,794834000000000;-38,589329000000000
328098;21;1;2018;21:36;737;RUA COELHO NETO;RUA ALFREDO WEYNE (A. WEYNE);;0;;Queda;;;;;;;0;1;0;0;0;0;0;0;0;1;0;0;-3,717431000000000;-38,572474000000000
328088;21;1;2018;17:55;708;AV DR THEBERGE;RUA CRUZ E SOUSA D21;;0;;Queda;Anoitecer;;;Cruz;Sem?â?íforo;Residencial;0;1;0;0;0;0;0;0;0;1;0;0;-3,719218000000000;-38,566456000000000
328100;21;1;2018;22:40;0;AV PLACIDO CASTELO;;;0;;Colis?â?úo;;;;Meio de Quadra;;;0;1;1;0;0;0;0;0;0;1;0;0;;
328067;21;1;2018;06:50;0;AV ALBERTO CRAVEIRO;;;0;;Queda;Luz do Dia;;;Meio de Quadra;;;0;1;0;0;0;0;0;0;0;1;0;0;;
328068;21;1;2018;07:17;0;RUA TAQUATIARA;;;0;;Colis?â?úo;Luz do Dia;;;Meio de Quadra;;;0;1;1;1;0;1;0;0;0;0;0;0;;
328078;21;1;2018;07:19;0;AV CEL CARVALHO;;;2798;;Queda;Luz do Dia;;;Meio de Quadra;;;0;1;0;0;0;0;0;0;0;1;0;0;-3,727606000000000;-38,585233000000000
328079;21;1;2018;08:17;0;AV SEN FERNANDES TAVORA;;;2433;;Queda;Luz do Dia;;;Meio de Quadra;;;0;1;0;0;0;0;0;0;0;1;0;0;-3,755953000000000;-38,593889000000000
328080;21;1;2018;08:19;0;AV PRS CASTELO BRANCO;;;578;;Atropelamento;Luz do Dia;;;Meio de Quadra;;;0;1;1;0;0;0;0;0;0;1;0;0;-3,709787000000000;-38,563207100000000
328081;21;1;2018;09:21;0;AV GAL OSORIO DE PAIVA;;;7490;;Colis?â?úo;Luz do Dia;;;Meio de Quadra;;;0;1;1;1;0;0;0;0;0;0;0;0;-3,817431000000000;-38,614386000000000
328082;21;1;2018;10:45;0;AV JOSE BASTOS;;;0;;Colis?â?úo;Luz do Dia;;;Meio de Quadra;;;0;1;1;0;0;0;0;0;0;1;0;0;;
328083;21;1;2018;11:39;0;RUA PEDRO PEREIRA;;;0;;Colis?â?úo;Luz do Dia;;;Meio de Quadra;;;0;1;1;1;0;0;0;0;0;1;0;0;;
328084;21;1;2018;14:02;0;RUA AMETISTA;;;789;;Colis?â?úo;Luz do Dia;;;Meio de Quadra;;;0;1;1;1;0;0;0;0;0;1;0;0;-3,721804200000000;-38,552975100000000
328085;21;1;2018;15:04;21256;RUA DOM HELIO CAMPOS D21;RUA DOM QUINTINO;;0;;Colis?â?úo;Luz do Dia;;;Duplo T;Pare;Residencial;0;1;1;0;0;0;0;0;0;1;0;0;;
328086;21;1;2018;15:42;0;RUA CEL FABRICIANO;;;2148;;Queda;Luz do Dia;;;Meio de Quadra;;;0;1;0;0;0;0;0;0;0;1;0;0;-3,782095527000000;-38,610228000000000
328044;21;1;2018;05:02;10624;AV ROGACIANO LEITE;RUA ATILANO MOURA;;0;;Colis?â?úo;Amanhecer;;;Cruz;Sem?â?íforo;Comercial;0;1;0;0;0;0;0;0;0;0;0;0;-3,759455000000000;-38,492149000000000
326653;21;1;2018;13:10;19442;AV GODOFREDO MACIEL;RUA NAPOLEAO QUEZADO;;0;;Colis?â?úo Lateral;Luz do Dia;Bom;Seca;Cruz;Sem?â?íforo;Comercial;0;0;2;1;0;0;0;0;0;0;0;0;-3,779396000000000;-38,564677000000000
326654;21;1;2018;13:45;0;AV PRS COSTA E SILVA;;;0;;Colis?â?úo Lateral;Luz do Dia;Bom;Seca;Meio de Quadra;N?â?úo H?â?í Controle;Comercial;0;1;1;1;0;0;0;0;0;1;0;0;;
326655;22;1;2018;20:07;0;AV VIS RIO BRANCO;;;236;;Colis?â?úo Traseira;Mal Iluminada;Bom;Seca;Outros;Sem?â?íforo;Comercial;0;0;2;1;0;0;0;0;0;1;0;0;;
328110;22;1;2018;10:15;0;RUA VALDETARIO MOTA;;;862;;Colis?â?úo;Luz do Dia;;;Meio de Quadra;;;0;1;1;1;0;0;0;0;0;1;0;0;-3,737010000000000;-38,480800000000000
328112;22;1;2018;12:07;0;AV DIOGUINHO;;;0;;Colis?â?úo;Luz do Dia;;;Meio de Quadra;;;0;1;1;1;0;0;0;0;0;1;0;0;;
328114;22;1;2018;12:35;0;AV PERIMETRAL;;;0;;Colis?â?úo;Luz do Dia;;;Meio de Quadra;;;0;1;1;0;0;0;1;0;0;1;0;0;;
328115;22;1;2018;14:17;26150;RUA CRISTAIS PAULISTA;RUA AMANCIO PEREIRA;;0;;Colis?â?úo;Luz do Dia;;;Cruz;Pare;Comercial;0;1;1;1;0;0;0;0;0;1;0;0;-3,818428000000000;-38,523860000000000
328116;22;1;2018;14:20;0;RUA MON SALAZAR;;;705;;Queda;Luz do Dia;;;Meio de Quadra;;;0;1;0;0;0;0;0;0;0;1;0;0;-3,756033600000000;-38,513295400000000
328194;22;1;2018;05:12;0;RD BR 116;;;0;;Colis?â?úo;Amanhecer;;;Meio de Quadra;;;0;1;0;0;0;0;0;0;0;0;0;0;;
328163;22;1;2018;16:54;0;AV PRS JUSCELINO KUBITSCHEK (PASSAR?âÔÇ?);;;3495;;Colis?â?úo;Luz do Dia;;;Meio de Quadra;;;0;1;0;0;0;0;0;0;0;0;0;0;-3,811368000000000;-38,528091000000000
328164;22;1;2018;16:59;0;AV CEL CARVALHO;;;1375;;Colis?â?úo;Luz do Dia;;;Meio de Quadra;;;0;1;0;0;0;0;0;0;0;0;0;0;-3,714758000000000;-38,588617000000000
328165;22;1;2018;17:14;0;AV ALBERTO CRAVEIRO;;;1670;;Queda;Anoitecer;;;Meio de Quadra;;;0;1;0;0;0;1;0;0;0;0;0;0;-3,794533000000000;-38,517904000000000
328166;22;1;2018;17:19;0;RUA JOSE NAPOLEAO;;;145;;Colis?â?úo;Anoitecer;;;Meio de Quadra;;;0;1;1;1;0;0;0;0;0;1;0;0;-3,726236818000000;-38,490355818000000
328167;22;1;2018;17:21;17438;RUA RAUL CABRAL;RUA EDUARDO ANGELIM;;0;;Atropelamento;Anoitecer;;;Cruz;Pare;Residencial;0;1;1;0;0;1;0;0;0;0;0;0;-3,769018000000000;-38,544465000000000
328171;22;1;2018;17:35;0;AV CARAPINIMA;;;2018;;Colis?â?úo;Anoitecer;;;Meio de Quadra;;;0;1;1;1;0;0;0;0;0;1;0;0;-3,738786375000000;-38,538909125000000
328172;22;1;2018;17:54;2703;RUA OSCAR ARARIPE;RUA ZACARIAS FLORINDO;;0;;Colis?â?úo;Anoitecer;;;Cruz;N?â?úo H?â?í Controle;Residencial;0;1;0;0;0;0;0;0;0;0;0;0;-3,788809000000000;-38,606766000000000
328173;22;1;2018;18:09;0;RUA NICOLAU COELHO;;;289;;Colis?â?úo;Anoitecer;;;Meio de Quadra;;;0;1;0;0;0;0;0;0;0;0;0;0;-3,812925078000000;-38,492200047000000
328174;22;1;2018;18:24;6128;AV B CJ CEARA;RUA MIN ALBUQUERQUE LIMA;;0;;Colis?â?úo;Anoitecer;;;Cruz;Sem?â?íforo;Residencial;0;1;0;0;0;0;0;0;0;0;0;0;-3,768744000000000;-38,607506000000000
328179;22;1;2018;18:45;0;RUA 759 CJ CEARA;;;351;;Queda;;;;Meio de Quadra;;;0;1;1;0;0;0;0;0;0;1;0;0;-3,772942100000000;-38,599073400000000
328181;22;1;2018;19:22;0;AV PERIMETRAL;;;0;;Colis?â?úo;;;;Meio de Quadra;;;0;1;1;1;0;0;0;0;0;1;0;0;;
328183;22;1;2018;19:42;7626;RUA RIO GRANDE DO NORTE;RUA PARANA;;0;;Atropelamento;;;;Cruz;Pare;Residencial;0;1;1;0;0;0;0;0;0;1;0;0;-3,757867000000000;-38,568720000000000
328185;22;1;2018;20:04;0;RUA PINTO MADEIRA;;;1111;;Queda;;;;Meio de Quadra;;;0;1;0;0;0;0;0;0;0;1;0;0;-3,732915600000000;-38,515168500000000
328190;22;1;2018;20:13;0;AV PRS COSTA E SILVA;;;0;;Atropelamento;;;;Meio de Quadra;;;0;2;0;0;0;0;0;0;0;0;0;0;;
328191;22;1;2018;20:28;0;AV PINTO BANDEIRA D56;;;354;;Queda;;;;Meio de Quadra;;;0;1;0;0;0;0;0;0;0;1;0;0;-3,773724250000000;-38,486893250000000
328192;22;1;2018;20:29;0;AV HEROIS DO ACRE;;;0;;Colis?â?úo;;;;Meio de Quadra;;;0;1;0;0;0;0;0;0;0;0;0;0;;
327870;22;1;2018;15:35;0;RD CE-040;;;0;KM-12;Colis?â?úo;Luz do Dia;;;Meio de Quadra;;;0;0;2;0;0;0;0;0;0;0;0;0;-3,857690949000000;-38,472042540000000
327871;22;1;2018;17:00;0;RD CE-060;;;0;KM-02;Colis?â?úo;Anoitecer;;;Meio de Quadra;;;0;0;2;0;0;0;1;0;0;0;0;0;-3,834064000000000;-38,582111000000000
327170;22;1;2018;21:30;10684;RUA MANUEL F DE SAMPAIO;RUA ELISEU UCHOA BECCO;;0;;Outros;;;;T;N?â?úo H?â?í Controle;Residencial;0;1;1;1;0;0;0;0;0;1;0;0;-3,760863000000000;-38,486323000000000
321374;22;1;2018;20:40;0;AV BEIRA MAR;;;2020;;Colis?â?úo Traseira;Via Iluminada;Bom;Seca;Meio de Quadra;Pare;Residencial;0;0;1;1;0;0;0;0;0;0;0;0;-3,724061500000000;-38,503048000000000
321375;22;1;2018;20:00;14967;AV GODOFREDO MACIEL;RUA JULIO ALCIDES;;0;;Colis?â?úo Transversal;Via Iluminada;Bom;Seca;T;Pare;Comercial;0;0;2;1;0;0;0;0;0;0;0;0;-3,787856000000000;-38,566785000000000
321359;22;1;2018;10:41;0;RUA DES WALDETARIO P MOTA;;;650;;Colis?â?úo Transversal;Luz do Dia;Bom;Seca;T;Pare;Residencial;0;1;1;1;0;0;0;0;1;0;0;0;-3,736819700000000;-38,480556000000000
321360;22;1;2018;11:04;0;RUA ANTONIO POMPEU;RUA VINTE QUATRO DE MAIO;;0;;Colis?â?úo Transversal;Luz do Dia;Bom;Seca;Meio de Quadra;;;0;1;1;1;0;0;0;0;0;1;0;0;-3,733605100000000;-38,534267000000000
321361;22;1;2018;13:15;26073;AV JOSE JATAHY;AV FRANCISCO SA;;0;;Colis?â?úo Lateral;Luz do Dia;Bom;Seca;Cruz;Sem?â?íforo;Comercial;0;1;1;1;0;0;0;0;0;1;0;0;-3,721349200000000;-38,546803000000000
321362;22;1;2018;12:20;20005;AV DR SILAS MUNGUBA;RUA DES OTACILIO PEIXOTO;;0;;Colis?â?úo Traseira;Luz do Dia;Bom;Seca;T;Sem?â?íforo;Residencial;0;1;1;1;0;0;0;0;0;1;0;0;-3,800419000000000;-38,530329000000000
321363;22;1;2018;13:44;0;RUA DEP MOREIRA DA ROCHA;;;1200;;Colis?â?úo Traseira;Luz do Dia;Bom;Seca;Meio de Quadra;N?â?úo H?â?í Controle;Residencial;0;0;3;1;0;0;0;0;0;0;0;0;-3,727721200000000;-38,502766000000000
321364;22;1;2018;14:58;7947;RUA TIBURCIO CAVALCANTE;RUA ISAC AMARAL;;0;;Colis?â?úo Transversal;Luz do Dia;Bom;Seca;T;N?â?úo H?â?í Controle;Comercial;0;0;2;1;0;0;0;0;0;0;0;0;-3,751894000000000;-38,507695000000000
321365;22;1;2018;13:25;12350;AV LINEU MACHADO;RUA MON HIPOLITO BRASIL;;0;;Colis?â?úo Transversal;Luz do Dia;Bom;Seca;T;Sem?â?íforo;Comercial;0;0;2;1;0;0;0;0;0;0;0;0;-3,761245000000000;-38,574450000000000
321366;22;1;2018;14:12;15531;AV FRE CIRILO;RUA PAULO SETUBAL;;0;;Colis?â?úo Transversal;Luz do Dia;Bom;Seca;T;Sem?â?íforo;Comercial;0;2;1;1;1;0;0;0;0;0;0;0;-3,820502000000000;-38,496028000000000
321367;22;1;2018;15:25;3990;AV PRO GOMES DE MATOS;RUA PRO COSTA MENDES;;0;;Engavetamento;Luz do Dia;Bom;Seca;Cruz;Sem?â?íforo;Comercial;0;0;3;1;0;0;0;0;0;0;0;0;-3,758035000000000;-38,542936000000000
321368;22;1;2018;16:13;15976;AV GODOFREDO MACIEL;RUA DR RODRIGO C SANDOVAL;;0;;Colis?â?úo Traseira;Luz do Dia;Bom;Seca;T;Pare;Comercial;0;0;2;1;0;0;0;0;0;0;0;0;-3,804857000000000;-38,572536000000000
321369;22;1;2018;17:03;19053;AV ENG SANTANA JUNIOR;RUA EDUARDO SABOIA;;0;;Colis?â?úo Transversal;Luz do Dia;Bom;Seca;Cruz;Sem?â?íforo;Comercial;0;0;2;0;1;0;0;0;0;0;0;0;-3,736244000000000;-38,482443000000000
321370;22;1;2018;17:15;0;RUA JOAQUIM PINTO;AV DEP PAULINO ROCHA;;0;;N?â?úo Informado;Via Iluminada;Bom;Seca;T;Pare;Comercial;0;0;2;0;0;0;0;0;0;0;0;0;-3,803065300000000;-38,507534000000000
321371;22;1;2018;16:43;0;RUA BERNARDO MANUEL;;;9942;;Colis?â?úo Transversal;Luz do Dia;Bom;Seca;Meio de Quadra;Pare;Comercial;0;0;2;1;0;0;0;0;0;0;0;0;-3,804503000000000;-38,553303000000000
321372;22;1;2018;16:25;6751;RUA PRO OTAVIO LOBO;RUA VILEBALDO AGUIAR;;0;;Colis?â?úo Transversal;Luz do Dia;Bom;Seca;Cruz;Pare;Comercial;0;0;3;1;0;0;0;0;0;0;0;0;-3,743596000000000;-38,478303000000000
321355;22;1;2018;08:22;10749;AV SEN FERNANDES TAVORA;RUA PRO HERIBALDO COSTA;;0;;Colis?â?úo Transversal;Luz do Dia;Nublado;Seca;Cruz;Sem?â?íforo;Comercial;0;0;2;0;0;0;0;0;0;1;0;0;-3,761006000000000;-38,584384000000000
321356;22;1;2018;08:57;11642;RUA VITORIA (AV. PERIMETRAL);RUA CACILDA BECKER;;1855;;Colis?â?úo Lateral;Luz do Dia;Bom;Seca;Cruz;N?â?úo H?â?í Controle;Comercial;0;0;1;1;0;0;0;0;0;0;0;0;-3,768826000000000;-38,590369000000000
321357;22;1;2018;09:00;839;AV GOV RAUL BARBOSA;RUA MAJ JOSE ARAUJO AGUIAR;;0;;Colis?â?úo Traseira;Luz do Dia;Bom;Seca;Cruz;Sem?â?íforo;Comercial;0;0;2;0;1;0;0;0;0;0;0;0;-3,775451000000000;-38,513020000000000
321384;22;1;2018;16:28;0;RUA SEN POMPEU;;;1112;;Colis?â?úo Transversal;Luz do Dia;Bom;Seca;Meio de Quadra;N?â?úo H?â?í Controle;Comercial;0;0;1;1;0;0;0;0;0;0;0;0;-3,728463400000000;-38,530067000000000
321377;22;1;2018;21:10;1623;RUA GAL TERTULIANO POTYGUARA;AV SEN VIRGILIO TAVORA;;0;;Colis?â?úo Transversal;Via Iluminada;Bom;Seca;Cruz;Gesto;Escola;0;1;1;1;0;0;0;0;0;1;0;0;-3,744710000000000;-38,495684000000000
321395;22;1;2018;13:27;0;RUA JAIME BENEVOLO;;;826;;N?â?úo Informado;Luz do Dia;Bom;Seca;Meio de Quadra;Sem?â?íforo;Residencial;0;0;3;1;0;0;0;0;0;0;0;0;-3,739531000000000;-38,527897000000000
321378;23;1;2018;00:11;25230;AV HEROIS DO ACRE;RUA ITAREMA;;0;;Colis?â?úo Transversal;Via Iluminada;Bom;Seca;Duplo T;Pare;Residencial;0;0;2;0;1;0;0;0;0;1;0;0;-3,803181000000000;-38,534848000000000
321379;23;1;2018;04:50;0;AV GAL OSORIO DE PAIVA;;;1850;;Colis?â?úo Traseira;Luz do Dia;Chuva;Molhada;T;N?â?úo H?â?í Controle;Comercial;0;0;2;1;0;0;0;0;0;0;0;0;-3,783427700000000;-38,578648000000000
321380;23;1;2018;08:28;0;RUA BERNARDO MANUEL;;;7593;;Colis?â?úo Frontal;Luz do Dia;Chuva;Molhada;Meio de Quadra;Sem?â?íforo;Comercial;0;0;2;1;0;0;0;0;0;0;0;0;-3,784618600000000;-38,547043000000000
321381;23;1;2018;08:15;25000;AV DOM MANUEL;RUA COSTA BARROS;;0;;Colis?â?úo Traseira;Luz do Dia;Nublado;Molhada;Cruz;Sem?â?íforo;Comercial;0;0;2;0;0;0;0;0;0;1;0;0;-3,727381000000000;-38,520793000000000
321383;23;1;2018;09:40;0;AV JOSE BASTOS;;;2430;;Colis?â?úo Traseira;Luz do Dia;Nublado;Seca;Meio de Quadra;N?â?úo H?â?í Controle;Comercial;0;0;2;1;0;0;0;0;0;1;0;0;-3,743025500000000;-38,543816000000000
321385;23;1;2018;13:32;0;RUA FREDERICO BORGES;;;860;;Colis?â?úo Traseira;Luz do Dia;Nublado;Seca;Meio de Quadra;N?â?úo H?â?í Controle;Comercial;0;0;2;1;0;0;0;0;0;0;0;0;-3,736327000000000;-38,489086000000000
321386;23;1;2018;14:04;15374;AV DOM LUIS;RUA FREDERICO BORGES;;0;;Colis?â?úo Traseira;Luz do Dia;Nublado;Seca;Cruz;Sem?â?íforo;Comercial;0;0;2;1;1;0;0;0;0;0;0;0;-3,735890000000000;-38,489136000000000
321387;23;1;2018;14:30;0;AV PONTES VIEIRA;;;1120;;Colis?â?úo Traseira;Luz do Dia;Bom;Seca;Meio de Quadra;N?â?úo H?â?í Controle;Comercial;0;0;2;1;0;0;0;0;0;0;0;0;-3,751831400000000;-38,507176100000000
321388;23;1;2018;14:56;6721;RUA BENTO ALBUQUERQUE;AV ENG SANTANA JUNIOR;;0;;Colis?â?úo Traseira;Luz do Dia;Nublado;Seca;Meio de Quadra;Sem?â?íforo;Comercial;0;0;2;1;0;0;0;0;0;0;0;0;-3,742678000000000;-38,486538000000000
321389;23;1;2018;18:50;0;RUA OSVALDO CRUZ;;;500;;Colis?â?úo Lateral;Via Iluminada;Bom;Seca;Meio de Quadra;N?â?úo H?â?í Controle;Residencial;0;0;2;1;0;0;0;0;0;0;0;0;-3,730084700000000;-38,498688000000000
321391;23;1;2018;19:39;17435;RUA PRO TEODORICO;RUA ALBERTO MAGNO;;0;;Colis?â?úo Transversal;Via Iluminada;Bom;Seca;Cruz;Pare;Residencial;0;1;1;1;0;0;0;0;0;1;0;0;-3,768977000000000;-38,552834000000000
321392;23;1;2018;19:28;0;RUA WALDIR DIOGO;;;943;;Colis?â?úo Traseira;Via Iluminada;Bom;Seca;Meio de Quadra;N?â?úo H?â?í Controle;Residencial;0;0;2;1;1;0;0;0;0;0;0;0;-3,803509700000000;-38,586660000000000
327172;23;1;2018;09:00;5191;AV DOM MANUEL;RUA PEREIRA FILGUEIRAS;;0;;Colis?â?úo;Luz do Dia;;;Cruz;Sem?â?íforo;Comercial;0;0;1;1;0;0;0;0;0;0;0;0;-3,725943000000000;-38,520338000000000
327339;23;1;2018;09:25;0;RD BR 116;;;3000;KM-03;Colis?â?úo Traseira;Luz do Dia;;;Meio de Quadra;;;0;1;2;1;0;0;0;0;0;1;0;0;-3,779838000000000;-38,514372000000000
327925;23;1;2018;09:00;0;AV SEN CARLOS JEREISSATI (AEROPORTO);;;0;KM 02;Colis?â?úo;Luz do Dia;;;Meio de Quadra;;;0;1;1;1;0;0;0;0;0;1;0;0;-3,782194000000000;-38,535424000000000
328196;23;1;2018;06:04;0;RUA BERNARDO MANUEL;;;7593;;Colis?â?úo;Luz do Dia;;;Meio de Quadra;;;0;0;2;1;0;0;0;0;0;0;0;0;-3,784561000000000;-38,547074000000000
328197;23;1;2018;07:21;0;AV L CJ CEARA;;;1426;;Colis?â?úo;Luz do Dia;;;Meio de Quadra;;;0;1;0;0;0;0;0;0;0;0;0;0;;
328198;23;1;2018;08:00;0;AV 13 DE MAIO;;;1189;;Colis?â?úo;Luz do Dia;;;Meio de Quadra;;;0;1;1;1;0;0;0;0;0;1;0;0;-3,749019546000000;-38,529682727000000
328199;23;1;2018;08:28;0;RUA JAIME BENEVOLO;;;292;;Colis?â?úo;Luz do Dia;;;Meio de Quadra;;;0;1;1;1;0;0;0;0;0;1;0;0;-3,734562500000000;-38,526183000000000
328200;23;1;2018;08:29;0;AV OLIVEIRA PAIVA;;;0;;Atropelamento;Luz do Dia;;;Meio de Quadra;;;0;1;1;0;0;0;0;0;0;1;0;0;;
328201;23;1;2018;08:43;0;AV JOSE BASTOS;;;3200;;;Luz do Dia;;;Meio de Quadra;;;0;1;1;1;0;0;0;0;0;1;0;0;-3,747615500000000;-38,548073500000000
328230;23;1;2018;13:30;0;RUA DEMETRIO MENEZES;;;0;;Colis?â?úo;Luz do Dia;;;Meio de Quadra;;;0;1;1;1;0;0;0;0;0;1;0;0;;
328231;23;1;2018;13:39;0;RUA MIRTES CORDEIRO;;;497;;Colis?â?úo;Luz do Dia;;;Meio de Quadra;;;0;1;1;1;0;0;0;0;0;1;0;0;-3,790026000000000;-38,596242300000000
328232;23;1;2018;15:37;0;AV DES MOREIRA;;;2649;;Colis?â?úo;Luz do Dia;;;Meio de Quadra;;;0;1;1;1;0;0;0;0;0;1;0;0;-3,748738721000000;-38,502345814000000
328224;23;1;2018;09:37;1576;RUA CEL JUCA;AV PDE ANTONIO TOMAS;;0;;Colis?â?úo;Luz do Dia;;;Cruz;Sem?â?íforo;Escola;0;1;1;1;0;0;0;0;0;1;0;0;-3,742392000000000;-38,492803000000000
328225;23;1;2018;10:52;0;AV DR SILAS MUNGUBA;;;0;;Colis?â?úo;Luz do Dia;;;Meio de Quadra;;;0;1;1;0;0;0;1;0;0;1;0;0;;
328226;23;1;2018;12:25;0;AV ENG HUMBERTO MONTE;;;1673;;Colis?â?úo;Luz do Dia;;;Meio de Quadra;;;0;1;1;1;0;0;0;0;0;1;0;0;-3,746024947000000;-38,563075211000000
328227;23;1;2018;13:16;0;AV CEL CARVALHO;;;3622;;Colis?â?úo;Luz do Dia;;;Meio de Quadra;;;0;1;1;1;0;0;0;0;0;1;0;0;-3,703565300000000;-38,591376700000000
328241;23;1;2018;17:30;0;AV PRS CASTELO BRANCO;;;3726;;Colis?â?úo;Anoitecer;;;Meio de Quadra;;;0;1;1;0;0;0;0;0;0;1;0;0;-3,709425000000000;-38,565404000000000
328244;23;1;2018;18:45;0;RUA ILDEFONSO ALBANO;;;0;;Colis?â?úo;;;;Meio de Quadra;;;0;1;1;1;0;0;0;0;0;1;0;0;;
328234;23;1;2018;16:50;0;AV LAURO VIEIRA CHAVES;;;0;;Atropelamento;Luz do Dia;;;Meio de Quadra;;;0;1;1;1;0;0;0;0;0;0;0;0;;
328235;23;1;2018;17:22;0;AV JOSE JATAHY;;;0;;Atropelamento;Anoitecer;;;Meio de Quadra;;;0;1;1;0;0;0;0;0;0;1;0;0;;
328250;23;1;2018;21:07;0;RUA AMANCIO PEREIRA;;;893;;Colis?â?úo;;;;Meio de Quadra;;;0;1;1;1;0;0;0;0;0;1;0;0;-3,816664000000000;-38,523376000000000
328251;23;1;2018;21:13;0;RUA CON DE CASTRO;;;1670;;Colis?â?úo;;;;Meio de Quadra;;;0;1;1;0;0;0;0;0;0;1;0;0;-3,785715500000000;-38,574089500000000
328254;23;1;2018;21:37;0;AV PERIMETRAL;;;0;;Colis?â?úo;;;;Meio de Quadra;;;0;1;1;0;0;0;0;0;0;1;0;0;;
328255;23;1;2018;21:41;15792;RUA PERGENTINO MAIA;RUA CEL FRANCISCO PEREIRA (MESSEJANA);;0;;Colis?â?úo;;;;Cruz;Pare;Comercial;0;1;0;0;0;0;0;0;0;0;0;0;-3,830868000000000;-38,492803000000000
327986;23;1;2018;17:30;0;AV MIN JOSE AMERICO;;;0;;Colis?â?úo;Anoitecer;;;Meio de Quadra;;;0;0;2;1;0;0;0;0;0;0;0;0;;
327991;23;1;2018;23:52;0;AV SEN CARLOS JEREISSATI (AEROPORTO);;;0;KM 04;Colis?â?úo;;;;Meio de Quadra;;;0;0;1;1;0;0;0;0;0;0;0;0;-3,774020000000000;-38,550907000000000
326656;23;1;2018;15:20;19328;RUA EDUARDO PERDIGAO;RUA CON DE CASTRO;;0;;Colis?â?úo Transversal;Luz do Dia;Bom;Seca;Cruz;Pare;Comercial;0;1;1;1;0;0;0;0;0;1;0;0;-3,775579000000000;-38,564769000000000
326657;23;1;2018;11:15;0;RUA NEREU RAMOS;;;340;;Colis?â?úo Traseira;Luz do Dia;Bom;Seca;Meio de Quadra;Pare;Residencial;0;0;3;0;0;0;0;0;0;0;0;0;-3,786043118000000;-38,570108412000000
326659;24;1;2018;14:35;0;AV LUCIANO CARNEIRO;;;1643;;Colis?â?úo;Luz do Dia;Nublado;Seca;Meio de Quadra;Sem?â?íforo;Comercial;0;1;2;1;0;0;0;0;0;1;0;0;-3,762532700000000;-38,535808400000000
326660;24;1;2018;05:20;18805;RUA VALPARAISO;RUA DIADEMA;;0;;Colis?â?úo Transversal;Amanhecer;Nublado;Molhada;Cruz;Sem?â?íforo;Comercial;0;1;1;0;1;0;0;0;0;1;0;0;-3,845857000000000;-38,523462000000000
326661;24;1;2018;20:15;15189;AV ABOLICAO;RUA FRE MANSUETO;;0;;Colis?â?úo Transversal;Via Iluminada;Bom;Seca;Cruz;Sem?â?íforo;Comercial;0;0;2;1;1;0;0;0;0;0;0;0;-3,726368000000000;-38,489324000000000