COD_ACIDENTE;DIA;MES;ANO;HORA;INTERSECAO;LOG1;LOG2;LOG3;NUMERO;REFERENCIA;NATUREZA;ILUMINACAO;TEMPO;SUPERFICIEPISTA;TIPOCRUZAMENTO;CONTROLETRAFEGO;USOSOLO;MORTOS;FERIDOS;ILESOS;AUTOMOVEL;ONIBUS;BICICLETA;CAMINHAO;MICROONIBUS;CICLOMOTOR;MOTOCICLETA;TRACAOANIMAL;TREM;LATITUDE;LONGITUDE
327997;24;1;2018;11:40;0;RD CE-040;;;0;KM-07;Colis?â?úo;Luz do Dia;;;Meio de Quadra;;;0;0;2;1;0;0;1;0;0;0;0;0;-3,817159445000000;-38,483032860000000
328256;24;1;2018;05:23;0;RUA VALPARAISO;;;0;;Colis?â?úo;Amanhecer;;;Meio de Quadra;;;0;1;0;0;0;0;0;0;0;0;0;0;;
328257;24;1;2018;05:51;0;ET DO FIO (MESSEJANA);;;0;;Colis?â?úo;Amanhecer;;;Meio de Quadra;;;0;1;0;0;0;0;0;0;0;0;0;0;;
328258;24;1;2018;07:03;0;AV OLIVEIRA PAIVA;;;2163;;Colis?â?úo;Luz do Dia;;;Meio de Quadra;;;0;1;1;0;0;0;1;0;0;1;0;0;-3,796297000000000;-38,486808000000000
328273;24;1;2018;07:21;356;RUA FRANCISCA CLOTILDE;RUA GUSTAVO BRAGA;;0;;Colis?â?úo;Luz do Dia;;;Cruz;Pare;Residencial;0;1;1;1;0;0;0;0;0;1;0;0;-3,747141000000000;-38,556863000000000
328333;24;1;2018;22:15;13602;AV ROGACIANO LEITE;AV GAL MURILO BORGES;;0;;Queda;;;;Cruz;Sem?â?íforo;Comercial;0;1;0;0;0;0;0;0;0;1;0;0;-3,767788000000000;-38,496968000000000
328334;24;1;2018;22:25;0;AV BEZERRA DE MENEZES;;;2450;;Atropelamento;;;;Meio de Quadra;;;0;1;1;0;0;0;0;0;0;0;0;0;-3,736046000000000;-38,566246000000000
328331;24;1;2018;21:46;0;RUA FAUSTO CABRAL;;;254;;Colis?â?úo;;;;Meio de Quadra;;;0;1;1;1;0;0;0;0;0;1;0;0;-3,732644111000000;-38,479942556000000
328328;24;1;2018;21:06;0;RUA BERNARDO MANUEL;;;10798;;Queda;;;;Meio de Quadra;;;0;1;0;0;0;0;0;0;0;1;0;0;-3,813872000000000;-38,556038500000000
328329;24;1;2018;21:34;0;AV JOAO PESSOA;;;5709;;Queda;;;;Meio de Quadra;;;0;1;0;0;0;1;0;0;0;0;0;0;-3,760376000000000;-38,556566000000000
328326;24;1;2018;20:46;0;BC TEODOMIRO DE CASTRO;;;979;;Colis?â?úo;;;;Meio de Quadra;;;0;1;0;0;0;0;0;0;0;0;0;0;-3,719780000000000;-38,570410000000000
328323;24;1;2018;18:40;7693;RUA CEARA;RUA RIO GRANDE DO SUL;;0;;Colis?â?úo;;;;Cruz;Sem?â?íforo;Comercial;0;1;1;1;0;0;0;0;0;1;0;0;-3,758036000000000;-38,567187000000000
328324;24;1;2018;19:33;0;RUA DA PAZ;;;0;;Colis?â?úo;;;;Meio de Quadra;;;0;1;1;0;0;0;0;0;0;1;0;0;;
328319;24;1;2018;17:18;0;RUA OSCAR ARARIPE;;;2150;;Colis?â?úo;Anoitecer;;;Meio de Quadra;;;0;1;1;0;0;0;0;0;0;1;0;0;-3,787743000000000;-38,610072000000000
328321;24;1;2018;18:09;2729;RUA CEL VIRGILIO NOGUEIRA (BOM JARDIM);RUA CEL JOAO CORREIA;;0;;Colis?â?úo;Anoitecer;;;Cruz;N?â?úo H?â?í Controle;Residencial;0;1;1;1;0;0;0;0;0;0;0;0;-3,790307000000000;-38,609274000000000
328314;24;1;2018;14:59;0;AV DES MOREIRA;;;0;;Queda;Luz do Dia;;;Meio de Quadra;;;0;1;0;0;0;1;0;0;0;0;0;0;;
328315;24;1;2018;15:00;12523;RUA MARIA CLARA;RUA PIERRE LUZ;;0;;Colis?â?úo;Luz do Dia;;;Cruz;Pare;Residencial;0;1;1;1;0;0;0;0;0;1;0;0;-3,725120000000000;-38,588502000000000
328281;24;1;2018;08:04;0;AV CASTELO DE CASTRO;;;0;;Atropelamento;Luz do Dia;;;Meio de Quadra;;;0;1;1;1;0;0;0;0;0;0;0;0;;
328282;24;1;2018;08:08;0;AV GENIBAU;;;601;;Queda;Luz do Dia;;;Meio de Quadra;;;0;1;0;0;0;0;0;0;0;1;0;0;-3,760763125000000;-38,599978625000000
328283;24;1;2018;08:25;0;AV RECREIO D64;;;192;;Colis?â?úo;Luz do Dia;;;Meio de Quadra;;;0;1;1;0;0;0;0;0;0;1;0;0;-3,807453622000000;-38,449033892000000
328284;24;1;2018;08:38;0;AV FRE CIRILO;;;0;;Queda;Luz do Dia;;;Meio de Quadra;;;0;1;0;0;0;0;0;0;0;1;0;0;;
328285;24;1;2018;10:44;0;RUA JOSE FACANHA;;;708;;Queda;Luz do Dia;;;Meio de Quadra;;;0;1;0;0;0;0;0;0;0;1;0;0;-3,751902000000000;-38,557526750000000
328296;24;1;2018;11:03;0;AV HILDEBRANDO DE MELO;;;1561;;Queda;Luz do Dia;;;Meio de Quadra;;;0;1;0;0;0;1;0;0;0;0;0;0;;
328279;24;1;2018;07:41;0;RUA BERNARDO MANUEL;;;13477;;Colis?â?úo;Luz do Dia;;;Meio de Quadra;;;0;1;1;0;0;0;1;0;0;1;0;0;-3,835319072000000;-38,562537571000000
328298;24;1;2018;12:54;0;AV DR SILAS MUNGUBA;;;0;;Colis?â?úo;Luz do Dia;;;Meio de Quadra;;;0;1;1;1;0;1;0;0;0;0;0;0;;
328299;24;1;2018;13:07;3771;AV DOMINGOS OLIMPIO;AV DA UNIVERSIDADE;;0;;Queda;Luz do Dia;;;Cruz;Sem?â?íforo;Comercial;0;1;0;0;0;0;0;0;0;1;0;0;-3,735594000000000;-38,534216000000000
327174;24;1;2018;08:30;6623;RUA JOSE HIPOLITO;RUA STA ROSA D65 (COA?âÔÇíU);;0;;Colis?â?úo;Luz do Dia;;;T;N?â?úo H?â?í Controle;Residencial;0;0;1;0;0;0;1;0;0;0;0;0;-3,843385000000000;-38,471657000000000
327176;24;1;2018;15:45;26083;AV BEZERRA DE MENEZES;AV JOSE JATAHY;;0;;Colis?â?úo;Luz do Dia;;;Cruz;Sem?â?íforo;Comercial;0;0;1;0;0;0;0;1;0;0;0;0;-3,731573000000000;-38,544928000000000
327178;24;1;2018;22:56;24235;RUA FAUSTO CABRAL;RUA JULIO AZEVEDO;;0;;Colis?â?úo;;;;Cruz;Pare;Residencial;0;1;0;1;0;0;0;0;0;1;0;0;-3,733662000000000;-38,476448000000000
321393;24;1;2018;07:45;0;RUA CEL FRANCISCO PEREIRA (MESSEJANA);;;300;;Colis?â?úo Lateral;Luz do Dia;Nublado;Molhada;Meio de Quadra;N?â?úo H?â?í Controle;Comercial;0;0;2;1;1;0;0;0;0;0;0;0;-3,831612300000000;-38,492916000000000
321396;24;1;2018;08:48;16039;AV PRS COSTA E SILVA;RUA CEL TIBURCIO;;0;;Colis?â?úo Lateral;Luz do Dia;Bom;Seca;Cruz;Sem?â?íforo;Comercial;0;1;1;0;1;0;0;0;0;1;0;0;-3,812167000000000;-38,573703000000000
321397;24;1;2018;15:04;0;AV ANTONIO SALES;;;2027;;Engavetamento;Luz do Dia;Nublado;Seca;Meio de Quadra;N?â?úo H?â?í Controle;Residencial;0;0;4;1;0;0;0;0;0;0;0;0;-3,744333000000000;-38,505890000000000
321398;24;1;2018;22:09;7693;RUA RIO GRANDE DO SUL;RUA CEARA;;0;;Colis?â?úo Lateral;Via Iluminada;Bom;Seca;Cruz;Sem?â?íforo;Comercial;0;0;1;1;0;0;0;0;0;0;0;0;-3,758036000000000;-38,567187000000000
321457;24;1;2018;16:48;5091;RUA CASTRO E SILVA;RUA GAL SAMPAIO;;0;;Colis?â?úo Lateral;Via Iluminada;Bom;Seca;Cruz;Sem?â?íforo;Comercial;0;1;1;0;1;0;0;0;0;1;0;0;-3,723098000000000;-38,529670000000000
321399;25;1;2018;07:40;0;RUA VIA LACTEA;AV BORGES DE MELO;;0;;Colis?â?úo Lateral;Luz do Dia;Chuva;Molhada;T;N?â?úo H?â?í Controle;Residencial;0;0;2;1;1;0;0;0;0;0;0;0;-3,760502600000000;-38,527030000000000
321400;25;1;2018;08:53;0;AV PRS CASTELO BRANCO;;;2723;;Colis?â?úo Traseira;Luz do Dia;Nublado;Molhada;Meio de Quadra;N?â?úo H?â?í Controle;Residencial;0;0;3;1;0;0;0;0;0;0;0;0;-3,712522500000000;-38,552160000000000
321401;25;1;2018;09:56;0;AV JOVITA FEITOSA;;;303;;Colis?â?úo Traseira;Luz do Dia;Chuva;Molhada;Meio de Quadra;Sem?â?íforo;Comercial;0;0;2;1;0;0;0;0;0;0;0;0;-3,737843500000000;-38,546482000000000
321402;25;1;2018;07:20;0;AV SGT HERMINIO SAMPAIO;;;3441;;Colis?â?úo Lateral;Luz do Dia;Chuva;Molhada;Meio de Quadra;Sem?â?íforo;Comercial;0;0;2;1;0;0;0;0;0;0;0;0;-3,728537300000000;-38,571598000000000
321403;25;1;2018;10:33;0;AV JOVITA FEITOSA;;;1295;;Colis?â?úo Traseira;Luz do Dia;Bom;Seca;Meio de Quadra;N?â?úo H?â?í Controle;Comercial;0;0;2;1;0;0;0;0;0;1;0;0;-3,739822400000000;-38,556267000000000
321404;25;1;2018;11:57;0;RUA SENA MADUREIRA;;;795;;Colis?â?úo Lateral;Luz do Dia;Bom;Seca;Meio de Quadra;N?â?úo H?â?í Controle;Comercial;0;0;2;1;0;0;0;0;0;0;0;0;-3,727960300000000;-38,526012000000000
321405;25;1;2018;13:04;0;AV BENJAMIM BRASIL;RUA VER ZELIA C DE SOUZA;;0;;Queda;Luz do Dia;Nublado;Seca;Meio de Quadra;Pare;Residencial;0;0;1;0;0;0;0;0;0;1;0;0;-3,808793800000000;-38,556297000000000
321406;25;1;2018;13:45;15326;RUA PEREIRA FILGUEIRAS;AV BAR STUDART;;0;;Engavetamento;Luz do Dia;Bom;Seca;Cruz;Sem?â?íforo;Comercial;0;0;4;1;0;0;0;0;0;0;0;0;-3,730810000000000;-38,505361000000000
321407;25;1;2018;14:30;5187;RUA SAO PAULO;RUA BAR RIO BRANCO;;0;;Colis?â?úo Lateral;Luz do Dia;Bom;Seca;Cruz;Sem?â?íforo;Comercial;0;0;2;1;1;0;0;0;0;0;0;0;-3,725856000000000;-38,528071000000000
321408;25;1;2018;15:08;0;RUA PRO VIEIRA;;;400;;Colis?â?úo Lateral;Luz do Dia;Bom;Seca;Meio de Quadra;D?â?¬ Prefer?â?¬ncia;Comercial;0;0;2;1;0;0;0;0;0;0;0;0;-3,754058100000000;-38,594254000000000
321409;25;1;2018;07:27;0;AV 13 DE MAIO;;;0;REITORIA;Atropelamento;Luz do Dia;Nublado;Molhada;Meio de Quadra;N?â?úo H?â?í Controle;Escola;0;1;1;0;0;0;0;0;0;1;0;0;-3,729564000000000;-38,460150000000000
321410;25;1;2018;15:02;24104;AV CESAR CALS;RUA HERMINIA BONAVIDES;;0;;Colis?â?úo Transversal;Luz do Dia;Nublado;Seca;T;N?â?úo H?â?í Controle;Lazer;0;0;1;0;0;1;0;0;0;0;0;0;-3,729537000000000;-38,459926000000000
321411;25;1;2018;14:43;15189;AV ABOLICAO;RUA FRE MANSUETO;;0;;Colis?â?úo Lateral;Luz do Dia;Bom;Seca;Cruz;Sem?â?íforo;Comercial;0;0;2;1;0;0;0;0;0;0;0;0;-3,726368000000000;-38,489324000000000
321412;25;1;2018;15:00;0;AV PONTES VIEIRA;;;1214;;Colis?â?úo Traseira;Luz do Dia;Nublado;Seca;Meio de Quadra;N?â?úo H?â?í Controle;Comercial;0;0;2;1;0;0;0;0;0;0;0;0;-3,752498600000000;-38,510780000000000
321413;25;1;2018;15:29;0;AV PONTES VIEIRA;;;1214;;Colis?â?úo Traseira;Luz do Dia;Nublado;Seca;Meio de Quadra;N?â?úo H?â?í Controle;Comercial;0;0;2;1;0;0;0;0;0;1;0;0;-3,752463800000000;-38,510784000000000
321414;25;1;2018;15:49;0;AV GOV PARSIFAL BARROSO;;;0;COL?âÔÇ?GIO STA. ISABEL;Colis?â?úo Traseira;Luz do Dia;Nublado;Seca;Meio de Quadra;N?â?úo H?â?í Controle;Escola;0;0;2;1;0;0;0;0;0;1;0;0;-3,735738000000000;-38,569020000000000
321415;25;1;2018;18:33;0;AV SANTOS DUMONT;;;5570;;Colis?â?úo Traseira;Via Iluminada;Bom;Seca;Meio de Quadra;N?â?úo H?â?í Controle;Comercial;0;0;2;1;0;0;0;0;0;0;0;0;-3,741487300000000;-38,482370000000000
321416;25;1;2018;17:30;15125;RUA ILDEFONSO ALBANO;RUA DR ATUALPA BARBOSA LIMA (P. IRACEMA);;0;;Colis?â?úo Transversal;Via Iluminada;Bom;Seca;Cruz;Pare;Comercial;0;1;1;0;0;0;0;0;0;1;0;0;-3,723503000000000;-38,510128000000000
321417;25;1;2018;17:00;0;AV DR SILAS MUNGUBA;;;3253;;Colis?â?úo Traseira;Luz do Dia;Bom;Seca;Meio de Quadra;N?â?úo H?â?í Controle;Comercial;0;3;0;0;0;0;0;0;0;1;0;0;-3,788778300000000;-38,544777000000000
327179;25;1;2018;11:55;0;AV ENG HUMBERTO MONTE;;;2754;;Colis?â?úo;Luz do Dia;;;Meio de Quadra;;;0;0;1;1;0;0;0;0;0;1;0;0;-3,739666000000000;-38,568335500000000
327852;25;1;2018;21:14;0;AV B CJ JOSE WALTER;;;517;;Queda;;;;Meio de Quadra;;;0;1;0;0;0;1;0;0;0;0;0;0;-3,825972333000000;-38,557639000000000
327853;25;1;2018;23:13;0;AV JOSE BASTOS;;;0;;Atropelamento;;;;Meio de Quadra;;;0;1;0;0;1;0;0;0;0;0;0;0;;
327854;25;1;2018;23:22;0;AV SEN CARLOS JEREISSATI (AEROPORTO);;;467;;Queda;;;;Meio de Quadra;;;0;1;0;0;0;0;0;0;0;1;0;0;-3,784360000000000;-38,518098000000000
327855;25;1;2018;23:39;0;RUA 1018 CJ CEARA;;;148;;Colis?â?úo;;;;Meio de Quadra;;;0;1;0;0;0;0;0;0;0;0;0;0;-3,770211333000000;-38,616443667000000
327837;25;1;2018;19:06;0;AV PRS JUSCELINO KUBITSCHEK (PASSAR?âÔÇ?);;;5551;;Colis?â?úo;;;;Meio de Quadra;;;0;3;0;1;0;0;0;0;0;1;0;0;-3,825648147000000;-38,539515618000000
327821;25;1;2018;17:33;0;AV SGT HERMINIO SAMPAIO;;;2339;;Colis?â?úo;Anoitecer;;;Meio de Quadra;;;0;1;0;1;0;0;0;0;0;1;0;0;-3,726645000000000;-38,562028000000000
327840;25;1;2018;19:09;0;RUA PDE PEDRO DE ALENCAR;;;1550;;Colis?â?úo;;;;Meio de Quadra;;;0;1;0;0;0;0;0;0;0;0;0;0;-3,842085645000000;-38,494317230000000
327841;25;1;2018;19:31;0;AV PERIMETRAL;;;0;;Colis?â?úo;;;;Meio de Quadra;;;0;1;0;1;0;0;0;0;0;1;0;0;;
327819;25;1;2018;17:30;0;RUA CANDIDO MAIA;;;175;;Atropelamento;Anoitecer;;;Meio de Quadra;;;0;1;0;1;0;0;0;0;0;0;0;0;-3,735890000000000;-38,590130000000000
327817;25;1;2018;14:58;0;AV ODILON GUIMARAES;;;881;;Colis?â?úo;Luz do Dia;;;Meio de Quadra;;;0;0;1;0;0;0;0;0;0;0;0;0;;
327834;25;1;2018;18:04;0;AV PRO GOMES DE MATOS;;;0;;Colis?â?úo;Anoitecer;;;Meio de Quadra;;;0;1;0;1;0;0;0;0;0;1;0;0;;
327770;25;1;2018;07:48;0;AV 13 DE MAIO;;;0;;Atropelamento;Luz do Dia;;;Meio de Quadra;;;0;1;0;0;0;0;0;0;0;1;0;0;;
327771;25;1;2018;07:49;0;AV SGT HERMINIO SAMPAIO;;;0;;Colis?â?úo;Luz do Dia;;;Meio de Quadra;;;0;1;0;1;0;0;0;0;0;0;0;0;;
327772;25;1;2018;07:54;0;AV GAL MURILO BORGES;;;0;;Colis?â?úo;Luz do Dia;;;Meio de Quadra;;;0;1;0;1;0;0;0;0;0;1;0;0;;
327778;25;1;2018;09:58;0;RUA SABINO MONTE;;;4070;;Colis?â?úo;Luz do Dia;;;Meio de Quadra;;;0;2;0;1;0;0;0;0;0;1;0;0;-3,757780000000000;-38,511780000000000
327781;25;1;2018;11:00;0;AV ENG HUMBERTO MONTE;;;2754;;Atropelamento;Luz do Dia;;;Meio de Quadra;;;0;1;0;1;0;0;0;0;0;0;0;0;-3,739666000000000;-38,568335500000000
327782;25;1;2018;11:47;0;RUA N ESPLANADA CASTELAO;;;40;;Colis?â?úo;Luz do Dia;;;Meio de Quadra;;;0;1;0;1;0;0;0;0;0;1;0;0;-3,817520238000000;-38,517900952000000
327783;25;1;2018;12:05;0;AV BENJAMIM BRASIL;;;164;;Queda;Luz do Dia;;;Meio de Quadra;;;0;1;0;0;0;0;0;0;0;1;0;0;-3,804401800000000;-38,532798400000000
327784;25;1;2018;12:15;0;AV CONTORNO (CASTEL?âãÆO);;;5;;Colis?â?úo;Luz do Dia;;;Meio de Quadra;;;0;1;0;1;0;0;0;0;0;1;0;0;-3,839641400000000;-38,584297900000000
327785;25;1;2018;13:32;0;AV WASHINGTON SOARES;;;0;;Colis?â?úo;Luz do Dia;;;Meio de Quadra;;;0;1;0;1;0;0;0;0;0;1;0;0;;
327789;25;1;2018;14:28;0;AV ZEZE DIOGO;;;1331;;Atropelamento;Luz do Dia;;;Meio de Quadra;;;0;1;0;0;0;0;1;0;0;0;0;0;-3,718839934000000;-38,463861042000000
327787;25;1;2018;13:35;0;AV ENG HUMBERTO MONTE;;;0;;Colis?â?úo;Luz do Dia;;;Meio de Quadra;;;0;1;0;1;0;0;0;0;0;1;0;0;;
327767;25;1;2018;06:32;0;AV ANTONIO SALES;;;0;;Queda;Luz do Dia;;;Meio de Quadra;;;0;1;0;0;0;0;0;0;0;1;0;0;;
327768;25;1;2018;06:50;0;RUA TOMAS RODRIGUES;;;768;;Colis?â?úo;Luz do Dia;;;Meio de Quadra;;;0;1;0;1;0;0;0;0;0;1;0;0;-3,743505727000000;-38,593500546000000
339422;25;1;2018;09:00;0;RD BR 116;;;8000;KM-08;Queda;Luz do Dia;;;Meio de Quadra;;;0;0;1;0;0;0;0;0;0;1;0;0;-3,822018000000000;-38,503269000000000
328010;25;1;2018;12:10;0;RD CE-040;;;0;KM-03;Colis?â?úo;Luz do Dia;;;Meio de Quadra;;;0;1;2;1;0;0;0;0;0;1;0;0;-3,782614325000000;-38,481083900000000
326662;25;1;2018;07:45;8625;AV EDILSON B SOARES;RUA EVILASIO A MIRANDA;;0;;Colis?â?úo Transversal;Luz do Dia;;;T;Pare;Comercial;0;0;2;1;0;0;0;0;0;1;0;0;;
326666;25;1;2018;16:05;26286;AV ENG AGRONOMO JOSE GUIMARAES DUQUE;RUA PEDRO LAZAR;;0;;Colis?â?úo Lateral;Luz do Dia;;;;;;0;0;2;1;0;0;0;0;0;0;0;0;;
326658;25;1;2018;08:30;8113;RUA HOLANDA;RUA CARLOS JUACABA;;0;;Colis?â?úo Transversal;Luz do Dia;;;T;Pare;Residencial;0;0;2;0;0;0;0;0;0;0;0;0;-3,795545000000000;-38,563551000000000
326667;26;1;2018;06:35;0;RUA CARLOS AMORA;;;150;;Colis?â?úo Traseira;Luz do Dia;Bom;Seca;Meio de Quadra;Outros;Comercial;0;0;2;1;1;0;0;0;0;0;0;0;-3,775034500000000;-38,563769000000000
326669;26;1;2018;07:50;0;RUA EDUARDO PERDIGAO;;;118;;Colis?â?úo Lateral;Luz do Dia;Bom;Seca;Meio de Quadra;Outros;Residencial;0;0;2;1;1;0;0;0;0;0;0;0;-3,777030000000000;-38,563420000000000
326663;26;1;2018;01:30;17501;AV ABOLICAO;RUA MANUEL JESUINO;;0;;Colis?â?úo Traseira;Via Iluminada;Bom;Seca;Cruz;Sem?â?íforo;Comercial;0;1;1;1;1;0;0;0;0;0;0;0;-3,725398000000000;-38,484515000000000
326664;26;1;2018;14:05;0;RUA PDE MIGUELINHO;;;1450;;Colis?â?úo Lateral;Luz do Dia;Bom;Seca;Meio de Quadra;Pare;Comercial;0;0;2;1;0;0;0;0;0;0;0;0;-3,742354884000000;-38,534584814000000
336396;26;1;2018;22:03;0;AV ALM TAMANDARE;;;0;;Atropelamento;;;;Meio de Quadra;;;0;1;1;0;0;0;0;0;0;1;0;0;;
328019;26;1;2018;22:00;0;AV SEN CARLOS JEREISSATI (AEROPORTO);;;0;KM 02;Colis?â?úo;;;;Meio de Quadra;;;0;0;2;1;0;0;0;0;0;0;0;0;-3,782194000000000;-38,535424000000000
328014;26;1;2018;11:15;0;RUA 404 CJ CEARA;;;0;;Colis?â?úo;Luz do Dia;;;Meio de Quadra;;;0;0;2;0;0;0;0;0;0;0;0;0;;
327856;26;1;2018;00:07;0;RUA ANA BILHAR;;;355;;Colis?â?úo;;;;Meio de Quadra;;;0;1;0;1;0;0;0;0;0;0;0;0;-3,729121333000000;-38,496772000000000
327863;26;1;2018;01:12;0;RUA BAR ARACATI;;;1830;;Colis?â?úo;;;;Meio de Quadra;;;0;1;0;1;0;0;0;0;0;1;0;0;-3,737355000000000;-38,513355000000000
327872;26;1;2018;06:14;0;RUA VERBENA;;;330;;Atropelamento;Luz do Dia;;;Meio de Quadra;;;0;1;0;1;0;0;0;0;0;0;0;0;-3,778933500000000;-38,588164000000000
327866;26;1;2018;06:14;0;AV GAL OSORIO DE PAIVA;;;2439;;Colis?â?úo;Luz do Dia;;;Meio de Quadra;;;0;1;0;1;0;0;0;0;0;1;0;0;-3,786747371000000;-38,584044177000000
327858;26;1;2018;00:45;0;AV LUCIANO CARNEIRO;;;2500;;Atropelamento;;;;Meio de Quadra;;;0;1;0;0;0;0;0;0;0;1;0;0;-3,770124000000000;-38,538278333000000
327903;26;1;2018;11:26;0;RUA PERDIGAO DE OLIVEIRA;;;678;;Colis?â?úo;Luz do Dia;;;Meio de Quadra;;;0;1;0;1;0;0;0;0;0;1;0;0;-3,775002968000000;-38,575337065000000
327909;26;1;2018;13:28;0;AV SEN FERNANDES TAVORA;;;2881;;Colis?â?úo;Luz do Dia;;;Meio de Quadra;;;0;1;0;0;0;0;0;0;0;0;0;0;-3,755160000000000;-38,598111000000000
327898;26;1;2018;10:44;0;AV GAL OSORIO DE PAIVA;;;0;;Colis?â?úo;Luz do Dia;;;Meio de Quadra;;;0;1;0;1;0;0;0;0;0;1;0;0;;
327895;26;1;2018;08:22;0;RUA ENG JOAO NOGUEIRA;;;0;;Colis?â?úo;Luz do Dia;;;Meio de Quadra;;;0;1;0;0;0;0;0;0;0;0;0;0;;
327885;26;1;2018;06:25;0;AV PRS COSTA E SILVA;;;0;;Colis?â?úo;Luz do Dia;;;Meio de Quadra;;;0;1;0;1;0;0;0;0;0;1;0;0;;
327886;26;1;2018;06:36;0;RUA STA MARIA GORETE;;;200;;Colis?â?úo;Luz do Dia;;;Meio de Quadra;;;0;1;0;0;0;0;1;0;0;1;0;0;-3,725209308000000;-38,602267000000000
327887;26;1;2018;07:06;0;AV PERIMETRAL;;;3391;;Colis?â?úo;Luz do Dia;;;Meio de Quadra;;;0;1;0;1;0;0;0;0;0;1;0;0;;
327888;26;1;2018;07:26;0;RUA JOAQUIM EMIDIO DE CASTRO;;;153;;Colis?â?úo;Luz do Dia;;;Meio de Quadra;;;0;1;0;1;0;0;0;0;0;1;0;0;-3,794137025000000;-38,491128854000000
327959;26;1;2018;23:22;0;RUA GUARAREMA;;;2546;;Queda;;;;Meio de Quadra;;;0;1;0;0;0;1;0;0;0;0;0;0;-3,796612900000000;-38,620534600000000
327954;26;1;2018;22:57;0;RUA CEL VIRGILIO NOGUEIRA (BOM JARDIM);;;730;;Queda;;;;Meio de Quadra;;;0;1;0;0;0;1;0;0;0;0;0;0;-3,789091400000000;-38,609009600000000
327949;26;1;2018;20:02;0;RUA OLIMPIO LEITE;;;695;;Colis?â?úo;;;;Meio de Quadra;;;0;1;0;0;0;0;0;0;0;0;0;0;-3,816882400000000;-38,479075300000000
327950;26;1;2018;20:41;0;RUA PDE SA LEITAO;;;277;;Colis?â?úo;;;;Meio de Quadra;;;0;1;0;1;0;0;0;0;0;1;0;0;-3,758993465000000;-38,579861581000000
327951;26;1;2018;21:26;0;AV GAL OSORIO DE PAIVA;;;0;;Colis?â?úo;;;;Meio de Quadra;;;0;1;0;1;0;0;0;0;0;1;0;0;;
327941;26;1;2018;20:02;25486;AV ALBERTO CRAVEIRO;AV SEN CARLOS JEREISSATI (AEROPORTO);;0;;Colis?â?úo;;;;Y;N?â?úo H?â?í Controle;Comercial;0;2;0;1;0;0;0;0;0;1;0;0;-3,783767000000000;-38,516874000000000
327938;26;1;2018;19:43;0;AV DIOGUINHO;;;0;;Colis?â?úo;;;;Meio de Quadra;;;0;3;0;1;0;0;0;0;0;1;0;0;;
327936;26;1;2018;18:42;975;AV AGUANAMBI;RUA PRO GUILHON;;0;;Colis?â?úo;;;;Cruz;N?â?úo H?â?í Controle;Escola;0;1;0;0;0;0;1;0;0;1;0;0;-3,759753000000000;-38,523763000000000
327912;26;1;2018;15:51;0;AV BEIRA MAR;;;0;;Atropelamento;Luz do Dia;;;Meio de Quadra;;;0;1;0;0;0;0;0;0;0;0;0;0;;
327915;26;1;2018;18:13;0;RUA EUZEBIO DE QUEIROS;;;0;;Colis?â?úo;Anoitecer;;;Meio de Quadra;;;0;1;0;1;0;1;0;0;0;0;0;0;;
327182;26;1;2018;00:30;0;AV GOV RAUL BARBOSA;;;0;;Colis?â?úo;;;;Meio de Quadra;;;0;0;1;0;0;0;0;0;0;0;0;0;;
327183;26;1;2018;10:00;0;AV ZEZE DIOGO;;;162;;Colis?â?úo;Luz do Dia;;;Meio de Quadra;;;0;0;1;0;0;0;0;1;0;0;0;0;-3,709173000000000;-38,468559500000000
327185;26;1;2018;11:00;25231;AV PRS COSTA E SILVA;AV I CJ JOSE WALTER;;0;;Colis?â?úo;Luz do Dia;;;Duplo T;Sem?â?íforo;Residencial;0;0;1;0;0;0;0;0;0;1;0;0;-3,823494000000000;-38,550232000000000
327191;26;1;2018;20:00;0;RUA ALUISIO AZEVEDO;;;358;;Colis?â?úo;;;;Meio de Quadra;;;0;1;0;1;0;0;0;0;0;1;0;0;-3,771890000000000;-38,576000800000000
327194;26;1;2018;14:00;3211;RUA VERBENA;RUA EMILIO DE MENESES;;0;;Colis?â?úo;Luz do Dia;;;Cruz;Sem?â?íforo;Comercial;0;0;1;1;0;0;0;0;0;1;0;0;-3,781344000000000;-38,588838000000000
327198;26;1;2018;18:15;17433;RUA PRO TEODORICO;RUA CESAR ROSSAS;;0;;Colis?â?úo;Anoitecer;;;Cruz;Pare;Comercial;0;0;1;0;1;0;0;0;0;1;0;0;-3,768770000000000;-38,553473000000000
321418;26;1;2018;06:10;0;AV BEIRA MAR;;;2982;;Colis?â?úo Lateral;Luz do Dia;Bom;Seca;Meio de Quadra;N?â?úo H?â?í Controle;Comercial;0;0;1;1;0;0;0;0;0;0;0;0;-3,726068500000000;-38,494520000000000
321420;26;1;2018;08:50;19328;RUA EDUARDO PERDIGAO;RUA CON DE CASTRO;;0;;Colis?â?úo Traseira;Luz do Dia;Bom;Seca;Cruz;Pare;Comercial;0;0;2;0;1;0;0;0;0;0;0;0;-3,775579000000000;-38,564769000000000