COD_ACIDENTE;DIA;MES;ANO;HORA;INTERSECAO;LOG1;LOG2;LOG3;NUMERO;REFERENCIA;NATUREZA;ILUMINACAO;TEMPO;SUPERFICIEPISTA;TIPOCRUZAMENTO;CONTROLETRAFEGO;USOSOLO;MORTOS;FERIDOS;ILESOS;AUTOMOVEL;ONIBUS;BICICLETA;CAMINHAO;MICROONIBUS;CICLOMOTOR;MOTOCICLETA;TRACAOANIMAL;TREM;LATITUDE;LONGITUDE
321421;26;1;2018;09:00;0;RUA TOMAS ACIOLI;;;33;;Colis?â?úo Transversal;Luz do Dia;Nublado;Molhada;Meio de Quadra;N?â?úo H?â?í Controle;Residencial;0;1;1;1;0;0;0;0;0;1;0;0;-3,775949000000000;-38,514940000000000
321422;26;1;2018;09:29;1422;RUA DES LEITE ALBUQUERQUE;RUA BARBOSA DE FREITAS;;0;;Colis?â?úo Lateral;Luz do Dia;Bom;Seca;Cruz;Sem?â?íforo;Comercial;0;0;2;1;0;0;0;0;0;0;0;0;-3,737545000000000;-38,497689000000000
321423;26;1;2018;13:20;0;RUA PDE VALDEVINO;;;0;;Colis?â?úo Traseira;Luz do Dia;Bom;Seca;Meio de Quadra;Sem?â?íforo;Residencial;0;0;2;1;0;0;0;0;0;0;0;0;-3,741184500000000;-38,509857000000000
321424;26;1;2018;13:29;5209;RUA DEP MOREIRA DA ROCHA;RUA JOAO CORDEIRO;;0;;Colis?â?úo Lateral;Luz do Dia;Bom;Seca;Outros;Sem?â?íforo;Comercial;0;0;2;1;0;0;0;0;0;0;0;0;-3,726514000000000;-38,513424000000000
321426;26;1;2018;15:53;10046;RUA EMILIO DE MENESES;RUA BRAGANCA;;0;;Colis?â?úo Lateral;Luz do Dia;Bom;Seca;Cruz;Sem?â?íforo;Comercial;0;1;1;0;0;0;0;0;0;1;0;0;-3,779277000000000;-38,596166000000000
321427;26;1;2018;18:00;0;AV AGUANAMBI;AV SORIANO ALBUQUERQUE;;0;;Colis?â?úo Lateral;Via Iluminada;Bom;Seca;Meio de Quadra;N?â?úo H?â?í Controle;Comercial;0;0;2;1;0;0;0;0;0;0;0;0;-3,748460000000000;-38,524048000000000
321428;26;1;2018;17:40;0;AV PONTES VIEIRA;;;1400;;Engavetamento;Via Iluminada;Bom;Seca;Meio de Quadra;Sem?â?íforo;Comercial;0;0;4;1;0;0;0;0;0;0;0;0;-3,747899500000000;-38,530876000000000
321429;26;1;2018;17:30;0;AV AGUANAMBI;;;0;ROTAT?âÔÇ£RIA;Colis?â?úo Lateral;Anoitecer;Bom;Seca;Rotat?â??ria;N?â?úo H?â?í Controle;Comercial;0;0;2;1;0;0;0;0;0;0;0;0;-3,756433700000000;-38,523920000000000
321430;26;1;2018;19:43;0;RUA JOAQUIM NABUCO;;;2399;;Colis?â?úo Traseira;Via Iluminada;Bom;Seca;Meio de Quadra;N?â?úo H?â?í Controle;Residencial;0;0;3;1;0;0;0;0;0;0;0;0;-3,746433700000000;-38,504944000000000
321431;26;1;2018;19:49;13736;AV ROGACIANO LEITE;RUA PINDORAMA;;0;;Colis?â?úo Frontal;Via Iluminada;Bom;Seca;Cruz;Sem?â?íforo;Comercial;0;0;1;1;1;0;0;0;0;0;0;0;-3,773416000000000;-38,498988000000000
321432;26;1;2018;18:45;25697;RUA ROCHA LIMA;RUA JOAO CORDEIRO;;0;;Colis?â?úo Transversal;Via Iluminada;Bom;Seca;Cruz;Pare;Residencial;0;0;2;1;0;0;0;0;0;0;0;0;-3,738000000000000;-38,517275000000000
321433;26;1;2018;19:50;0;AV AGUANAMBI;;;0;ROTAT?âÔÇ£RIA;Colis?â?úo Lateral;Via Iluminada;Bom;Seca;Rotat?â??ria;N?â?úo H?â?í Controle;Comercial;0;0;2;1;1;0;0;0;0;0;0;0;-3,756768500000000;-38,523770000000000
321434;26;1;2018;21:05;20042;AV ALBERTO CRAVEIRO;AV DR SILAS MUNGUBA;;0;;N?â?úo Informado;Anoitecer;Bom;Seca;Rotat?â??ria;D?â?¬ Prefer?â?¬ncia;Residencial;0;0;2;1;0;0;0;0;0;0;0;0;-3,807229000000000;-38,524782000000000
321482;26;1;2018;08:18;0;AV PRS COSTA E SILVA;;;5445;;Colis?â?úo Transversal;Luz do Dia;Nublado;Seca;Outros;N?â?úo H?â?í Controle;Comercial;0;1;1;0;0;1;0;0;0;0;0;0;-3,828305200000000;-38,532013000000000
321435;27;1;2018;01:30;0;AV SEN CARLOS JEREISSATI (AEROPORTO);;;0;;Colis?â?úo Lateral;Via Iluminada;Nublado;Seca;Meio de Quadra;N?â?úo H?â?í Controle;Comercial;0;0;2;1;0;0;0;0;0;0;0;0;-3,779153800000000;-38,540035000000000
321436;27;1;2018;08:16;3975;RUA ALBERTO MAGNO;RUA PRO COSTA MENDES;;0;;Colis?â?úo Transversal;Luz do Dia;Nublado;Molhada;Cruz;Sem?â?íforo;Residencial;0;0;1;1;0;0;0;0;0;0;0;0;-3,757528000000000;-38,543548000000000
321437;27;1;2018;08:50;15766;RUA MANUEL ARRUDA;RUA STA CLARA DE ASSIS;;0;;Colis?â?úo Lateral;Luz do Dia;Nublado;Molhada;Cruz;N?â?úo H?â?í Controle;Comercial;0;0;1;1;0;0;0;0;0;0;0;0;-3,829579000000000;-38,501355000000000
321438;27;1;2018;09:12;9028;RUA SOLON PINHEIRO;RUA DEP JOAO PONTES;;0;;Colis?â?úo Lateral;Luz do Dia;Bom;Seca;Cruz;Pare;Residencial;0;1;1;0;1;0;0;0;0;0;0;0;-3,745689000000000;-38,531463000000000
321439;27;1;2018;10:33;0;RUA POMPILIO GOMES;;;1182;;Colis?â?úo Transversal;Luz do Dia;Chuva;Molhada;Meio de Quadra;N?â?úo H?â?í Controle;Comercial;0;0;2;0;0;0;0;0;0;0;0;0;-3,823274600000000;-38,521313000000000
321440;27;1;2018;14:09;1260;RUA COSTA BARROS;RUA JOSE VILAR;;0;;Colis?â?úo Lateral;Luz do Dia;Bom;Molhada;Cruz;Sem?â?íforo;Comercial;0;0;2;1;0;0;0;0;0;0;0;0;-3,732908000000000;-38,503746000000000
321441;27;1;2018;14:49;0;AV GAL OSORIO DE PAIVA;;;5899;;Colis?â?úo Lateral;Luz do Dia;Bom;Molhada;T;D?â?¬ Prefer?â?¬ncia;Comercial;0;0;2;1;0;0;0;0;0;0;0;0;-3,808175300000000;-38,605186000000000
321442;27;1;2018;14:56;15135;AV HIS RAIMUNDO GIRAO;RUA FRANCISCO DIAS RIBEIRO;;0;;Colis?â?úo Lateral;Luz do Dia;Nublado;Molhada;Cruz;Pare;Residencial;0;0;2;1;1;0;0;0;0;0;0;0;-3,724024000000000;-38,504397000000000
321443;27;1;2018;14:42;4000;AV PRO GOMES DE MATOS;RUA RAUL UCHOA;;0;;Colis?â?úo Transversal;Luz do Dia;Chuva;Molhada;Cruz;Pare;Comercial;0;0;2;1;0;0;0;0;0;0;0;0;-3,760768000000000;-38,545294000000000
321444;27;1;2018;16:43;0;AV AGUANAMBI;;;570;;Colis?â?úo Traseira;Luz do Dia;Nublado;Molhada;Meio de Quadra;N?â?úo H?â?í Controle;Comercial;0;0;2;1;1;0;0;0;0;0;0;0;-3,741830800000000;-38,525840000000000
321445;27;1;2018;19:45;0;AV EDILSON B SOARES;;;2200;;Colis?â?úo Transversal;Via Iluminada;Chuva;Molhada;Meio de Quadra;Gesto;Comercial;0;1;0;0;0;0;0;0;0;1;0;0;-3,788247300000000;-38,466957000000000
327200;27;1;2018;09:45;25423;AV SANTOS DUMONT;AV ZUCA ACIOLY;;0;;Colis?â?úo;Luz do Dia;;;T;Pare;Comercial;0;0;1;1;0;0;0;0;0;0;0;0;-3,746816000000000;-38,465623000000000
327961;27;1;2018;03:32;0;AV L CJ JOSE WALTER;;;909;;Queda;;;;Meio de Quadra;;;0;1;0;0;0;0;0;0;0;1;0;0;-3,832465650000000;-38,557932750000000
327962;27;1;2018;04:28;0;AV FRANCISCO SA;;;0;;Colis?â?úo;;;;Meio de Quadra;;;0;1;0;1;1;0;0;0;0;0;0;0;;
327968;27;1;2018;04:55;0;RUA G CJ VILA VELHA;;;9;;Queda;;;;Meio de Quadra;;;0;1;0;0;0;0;0;0;0;1;0;0;-3,716625900000000;-38,601633300000000
327969;27;1;2018;07:00;0;AV ALBERTO CRAVEIRO;;;0;;Colis?â?úo;Luz do Dia;;;Meio de Quadra;;;0;1;0;1;0;0;0;0;0;1;0;0;;
327970;27;1;2018;07:41;0;AV BORGES DE MELO;;;0;;Queda;Luz do Dia;;;Meio de Quadra;;;0;1;0;0;0;0;0;0;0;1;0;0;;
315177;27;1;2018;18:30;0;AV OLAVO BILAC;;;0;;Atropelamento;Anoitecer;;;Meio de Quadra;;;1;0;1;0;0;0;0;0;0;0;0;0;;
328021;27;1;2018;14:00;0;RD CE-040;;;0;KM-12;Colis?â?úo;Luz do Dia;;;Meio de Quadra;;;0;0;2;1;0;0;0;0;0;0;0;0;-3,857690949000000;-38,472042540000000
328011;27;1;2018;17:41;0;RUA ANTONIO ARRUDA;;;1164;;Colis?â?úo;Anoitecer;;;Meio de Quadra;;;0;2;0;1;1;0;0;0;0;0;0;0;-3,717564000000000;-38,593259000000000
328013;27;1;2018;18:11;0;RUA CON DE CASTRO;;;5548;;Queda;Anoitecer;;;Meio de Quadra;;;0;1;0;0;0;0;0;0;0;1;0;0;-3,812008000000000;-38,597478000000000
328036;27;1;2018;18:10;0;RUA 24 DE NOVEMBRO UI 403;;;0;;Colis?â?úo;Anoitecer;;;Meio de Quadra;;;0;0;2;1;0;0;0;0;0;0;0;0;;
327999;27;1;2018;09:09;0;AV BEIRA MAR;;;0;;Colis?â?úo;Luz do Dia;;;Meio de Quadra;;;0;1;0;1;0;0;0;0;0;1;0;0;;
327990;27;1;2018;08:37;0;RUA EMILIO DE MENESES;;;894;;Colis?â?úo;Luz do Dia;;;Meio de Quadra;;;0;1;0;1;0;0;0;0;0;1;0;0;-3,781208667000000;-38,589319667000000
328001;27;1;2018;11:45;0;AV D CJ JOSE WALTER;;;440;;Queda;Luz do Dia;;;Meio de Quadra;;;0;1;0;0;0;0;0;0;0;1;0;0;;
328002;27;1;2018;12:21;0;AV GAL OSORIO DE PAIVA;;;5899;;Colis?â?úo;Luz do Dia;;;Meio de Quadra;;;0;2;0;1;0;0;1;0;0;0;0;0;-3,808013000000000;-38,605249000000000
328003;27;1;2018;12:56;0;AV JOAO DE ARAUJO LIMA;;;571;;Colis?â?úo;Luz do Dia;;;Meio de Quadra;;;0;1;1;1;0;0;0;0;0;1;0;0;-3,826586905000000;-38,559107331000000
328005;27;1;2018;13:55;0;RUA JOSE TORRES;;;855;;Colis?â?úo;Luz do Dia;;;Meio de Quadra;;;0;1;0;1;0;0;0;0;0;1;0;0;-3,778575102000000;-38,606882490000000
328006;27;1;2018;14:38;0;AV SGT HERMINIO SAMPAIO;;;5185;;Queda;Luz do Dia;;;Meio de Quadra;;;0;1;0;0;0;0;0;0;0;1;0;0;-3,734166000000000;-38,586415000000000
328007;27;1;2018;17:02;0;RUA TEN JURANDIR ALENCAR;;;3999;;Colis?â?úo;Anoitecer;;;Meio de Quadra;;;0;1;0;0;0;0;0;0;0;1;0;0;;
328046;27;1;2018;20:26;0;AV DIOGUINHO;;;427;;Colis?â?úo;;;;Meio de Quadra;;;0;1;0;0;0;0;0;0;0;0;0;0;;
328048;27;1;2018;20:47;0;RUA QUINZE (CANINDEZINHO);;;0;;Colis?â?úo;;;;Meio de Quadra;;;0;1;0;0;0;0;0;0;0;0;0;0;;
328042;27;1;2018;20:07;0;RUA ISMAEL PORDEUS;;;340;;Atropelamento;;;;Meio de Quadra;;;0;1;0;1;0;0;0;0;0;0;0;0;-3,723920000000000;-38,471220000000000
328054;27;1;2018;20:50;15255;RUA MON BRUNO;RUA TEN BENEVOLO;;0;;Colis?â?úo;;;;Cruz;Pare;Residencial;0;1;0;1;0;0;0;0;0;1;0;0;-3,728332000000000;-38,508124000000000
328055;27;1;2018;21:12;5114;AV MON TABOSA;RUA NOGUEIRA ACIOLI;;0;;Colis?â?úo;;;;Cruz;Pare;Comercial;0;1;0;1;0;0;0;0;0;1;0;0;-3,723850000000000;-38,514949000000000
328057;27;1;2018;22:17;0;RUA ILDEFONSO ALBANO;;;1561;;Colis?â?úo;;;;Meio de Quadra;;;0;1;0;1;0;0;0;0;0;0;0;0;-3,734722000000000;-38,513672000000000
328062;27;1;2018;22:48;15652;RUA MEM DE SA;RUA AFONSO HENRIQUE;;0;;Colis?â?úo;;;;Duplo T;Pare;;0;1;0;0;0;0;0;0;0;0;0;0;-3,825363000000000;-38,485067000000000
328065;28;1;2018;00:02;0;AV HEROIS DO ACRE;;;725;;Colis?â?úo;;;;Meio de Quadra;;;0;1;0;1;0;0;0;0;0;1;0;0;-3,803173000000000;-38,535023000000000
328071;28;1;2018;01:37;0;AV DEP PAULINO ROCHA;;;50;;Colis?â?úo;;;;Meio de Quadra;;;0;1;0;1;0;0;0;0;0;0;0;0;-3,802136000000000;-38,507565000000000
328072;28;1;2018;03:11;0;AV AUGUSTO DOS ANJOS;;;0;;Colis?â?úo;;;;Meio de Quadra;;;0;1;0;1;0;0;0;0;0;0;0;0;;
328073;28;1;2018;07:41;0;RUA INA BRITO;;;11028;;Queda;Luz do Dia;;;Meio de Quadra;;;0;1;0;0;0;0;0;0;0;1;0;0;-3,819710000000000;-38,593350000000000
328074;28;1;2018;07:58;0;AV BEIRA MAR;;;0;;Queda;Luz do Dia;;;Meio de Quadra;;;0;1;0;0;0;1;0;0;0;0;0;0;;
328075;28;1;2018;08:41;3882;RUA MAL DEODORO;RUA COSTA SOUZA;;0;;Colis?â?úo;Luz do Dia;;;T;;Residencial;0;1;0;1;0;0;0;0;0;1;0;0;-3,746145000000000;-38,537967000000000
328076;28;1;2018;09:27;0;AV JOR THOMAZ COELHO;;;551;;Atropelamento;Luz do Dia;;;Meio de Quadra;;;0;1;0;1;0;0;0;0;0;0;0;0;-3,832400000000000;-38,499058000000000
328077;28;1;2018;10:11;0;AV BEIRA MAR;;;0;;Queda;Luz do Dia;;;Meio de Quadra;;;0;1;0;0;0;1;0;0;0;0;0;0;;
328099;28;1;2018;18:54;0;RUA DOM HELIO CAMPOS D21;;;80;;Queda;;;;Meio de Quadra;;;0;1;0;0;0;0;0;0;0;1;0;0;-3,717150400000000;-38,556233800000000
328101;28;1;2018;19:33;0;RUA NOSSA SRA DAS GRACAS;;;512;;Colis?â?úo;;;;Meio de Quadra;;;0;1;0;0;0;0;0;0;0;0;0;0;-3,710130000000000;-38,553310000000000
328102;28;1;2018;20:52;22048;RUA MON FURTADO;RUA CANDIDO JUCA;;0;;Colis?â?úo;;;;T;Pare;Residencial;0;1;0;0;0;0;0;0;0;0;0;0;-3,742476000000000;-38,546001000000000
328103;28;1;2018;21:33;0;AV GAL OSORIO DE PAIVA;;;2;;Colis?â?úo;;;;Meio de Quadra;;;0;1;0;0;0;0;0;0;0;0;0;0;-3,771163000000000;-38,561548000000000
328104;28;1;2018;21:54;0;RUA MONTE LIBANO;;;410;;Colis?â?úo;;;;Meio de Quadra;;;0;1;0;1;0;0;0;0;0;1;0;0;-3,823809000000000;-38,561242667000000
328105;28;1;2018;22:16;0;AV JOR THOMAZ COELHO;;;0;;Colis?â?úo;;;;Meio de Quadra;;;0;1;0;0;0;0;0;0;0;0;0;0;;
328106;28;1;2018;22:26;0;AV DR THEBERGE;;;459;;Colis?â?úo;;;;Meio de Quadra;;;0;1;0;1;0;0;0;0;0;1;0;0;-3,708162572000000;-38,562806143000000
328107;28;1;2018;22:37;0;RUA EMILIO DE MENESES;;;788;;Colis?â?úo;;;;Meio de Quadra;;;0;1;0;0;0;0;0;0;0;1;0;0;-3,781344000000000;-38,588838000000000
328108;28;1;2018;22:44;0;RUA MENINO JESUS DE PRAGA;;;0;;Colis?â?úo;;;;Meio de Quadra;;;0;1;0;1;0;0;0;0;0;1;0;0;;
328109;28;1;2018;23:04;0;TR SAO MIGUEL D60;;;51;;Queda;;;;Meio de Quadra;;;0;1;0;0;0;0;0;0;0;1;0;0;-3,821980800000000;-38,480756700000000
328089;28;1;2018;12:13;0;AV ALBERTO NEPOMUCENO;;;78;;Colis?â?úo;Luz do Dia;;;Meio de Quadra;;;0;1;0;1;0;0;0;0;0;1;0;0;-3,722081000000000;-38,523662000000000
328090;28;1;2018;12:33;0;AV H CJ CEARA;;;2400;;Colis?â?úo;Luz do Dia;;;Meio de Quadra;;;0;1;0;1;0;0;0;0;0;1;0;0;-3,776870000000000;-38,620066500000000
328091;28;1;2018;12:34;0;AV ENG HUMBERTO MONTE;;;3138;;Colis?â?úo;Luz do Dia;;;Meio de Quadra;;;0;4;0;0;0;0;0;0;0;1;0;0;;
328092;28;1;2018;13:50;0;AV BEIRA MAR;;;0;;Queda;Luz do Dia;;;Meio de Quadra;;;0;1;0;0;0;1;0;0;0;0;0;0;;
328094;28;1;2018;15:51;17316;RUA ZACARIAS GONDIM;RUA TEN MOACIR MATOS;;0;;Colis?â?úo;Luz do Dia;;;Cruz;Pare;Residencial;0;1;0;0;0;0;0;0;0;0;0;0;-3,764447000000000;-38,556819000000000
328095;28;1;2018;18:03;0;AV GAL OSORIO DE PAIVA;;;5841;;Queda;Anoitecer;;;Meio de Quadra;;;0;1;0;0;0;0;0;0;0;1;0;0;-3,807534000000000;-38,604804000000000
328096;28;1;2018;18:23;0;RUA DNA ZENAIDE SABOIA;;;40;;Atropelamento;Anoitecer;;;Meio de Quadra;;;0;1;0;0;0;0;0;0;0;1;0;0;;
328039;28;1;2018;06:30;0;AV SEN CARLOS JEREISSATI (AEROPORTO);;;0;KM 03;Colis?â?úo;Luz do Dia;;;Meio de Quadra;;;0;0;1;1;0;0;0;0;0;0;0;0;-3,779641000000000;-38,544038000000000
326671;28;1;2018;12:00;9207;RUA CEL PERGENTINO FERREIRA;RUA CAROLINO DE AQUINO;;0;;Colis?â?úo Transversal;Luz do Dia;Bom;Seca;Cruz;Pare;Residencial;0;1;2;1;0;0;0;0;0;0;0;0;-3,749034000000000;-38,527323000000000
321447;28;1;2018;00:39;1445;RUA DES LEITE ALBUQUERQUE;RUA VICENTE LEITE;;0;;Colis?â?úo Transversal;Mal Iluminada;Nublado;Molhada;Cruz;Pare;Residencial;0;0;2;1;0;0;0;0;0;0;0;0;-3,738178000000000;-38,495734000000000
321448;28;1;2018;01:13;9168;AV LUCIANO CARNEIRO;AV BORGES DE MELO;;0;;N?â?úo Informado;Via Iluminada;Chuva;Molhada;Cruz;Sem?â?íforo;Comercial;0;2;2;1;0;0;0;0;0;1;0;0;-3,756465000000000;-38,534097000000000
321449;28;1;2018;02:13;0;RUA SAO GABRIEL;;;300;;N?â?úo Informado;Via Iluminada;Bom;Molhada;Meio de Quadra;Pare;Residencial;0;0;1;1;0;0;0;0;0;0;0;0;-3,750897600000000;-38,493492000000000
321450;28;1;2018;03:28;0;AV DEP PAULINO ROCHA;;;50;;Choque c/ Obst?â?ículo Fixo;Via Iluminada;Nublado;Molhada;Meio de Quadra;N?â?úo H?â?í Controle;Comercial;0;0;1;1;0;0;0;0;0;0;0;0;-3,802671400000000;-38,507927000000000
321451;28;1;2018;06:57;17440;RUA ANTONIO FIUZA;RUA PRO TEODORICO;;0;;Colis?â?úo Transversal;Luz do Dia;Bom;Seca;Cruz;Pare;Residencial;0;0;2;1;0;0;0;0;0;0;0;0;-3,769303000000000;-38,551898000000000
321452;28;1;2018;09:30;4630;AV VIENA WEYNE;RUA BOTELHO MAGALHAES;;0;;Colis?â?úo Transversal;Luz do Dia;Nublado;Molhada;Cruz;Pare;Comercial;0;1;1;1;0;0;0;0;0;0;0;0;-3,801029000000000;-38,491573000000000
321453;28;1;2018;12:58;350;RUA ERICO MOTA;RUA CESAR FONTENELE;;0;;Colis?â?úo Transversal;Luz do Dia;Bom;Seca;Cruz;Pare;Comercial;0;0;2;1;0;0;0;0;0;0;0;0;-3,746574000000000;-38,560693000000000
321454;28;1;2018;14:17;0;RUA GAL ONOFRE;;;445;;Colis?â?úo Lateral;Luz do Dia;Bom;Seca;Meio de Quadra;N?â?úo H?â?í Controle;Residencial;0;0;1;1;0;0;0;0;0;1;0;0;-3,808278000000000;-38,569970000000000
321455;28;1;2018;14:41;6969;AV F CJ ESPERANCA;AV B CJ ESPERANCA;;0;;Colis?â?úo Transversal;Luz do Dia;Bom;Seca;Cruz;Sem?â?íforo;Residencial;0;1;1;1;0;0;0;0;0;1;0;0;-3,817486000000000;-38,588467000000000
321456;28;1;2018;19:15;13416;AV RUI BARBOSA;RUA JOAO BRIGIDO;;0;;Colis?â?úo Transversal;Via Iluminada;Bom;Seca;Cruz;Sem?â?íforo;Residencial;0;0;2;1;0;0;0;0;0;0;0;0;-3,741995000000000;-38,511369000000000
321458;28;1;2018;21:00;0;RUA OSVALDO CRUZ;;;2940;;Colis?â?úo Frontal;Via Iluminada;Bom;Seca;Meio de Quadra;Pare;Residencial;0;0;2;1;0;0;0;0;0;0;0;0;-3,750558000000000;-38,505120000000000
321467;28;1;2018;20:00;8069;RUA DES PRAXEDES;RUA WALDERY UCHOA;;0;;Colis?â?úo Lateral;Via Iluminada;Bom;Seca;Cruz;Pare;Comercial;0;1;1;1;0;0;0;0;0;1;0;0;-3,758157000000000;-38,551705000000000
321636;28;1;2018;08:05;0;RUA ENOQUE NOGUEIRA;;;32;;Colis?â?úo Lateral;Luz do Dia;Bom;Seca;Meio de Quadra;N?â?úo H?â?í Controle;Residencial;0;0;1;1;0;0;0;0;0;0;0;0;-3,731506000000000;-38,551083000000000
321468;29;1;2018;10:30;0;RUA BAR RIO BRANCO;;;871;;N?â?úo Informado;Luz do Dia;Bom;Seca;Meio de Quadra;Sem?â?íforo;Comercial;0;0;2;1;0;0;0;0;0;0;0;0;-3,726154300000000;-38,528130000000000
321469;29;1;2018;13:10;0;AV DUQ CAXIAS;;;111;;N?â?úo Informado;Luz do Dia;Nublado;Seca;Meio de Quadra;Sem?â?íforo;Comercial;0;0;1;1;0;0;0;0;0;0;0;0;-3,733849500000000;-38,523650000000000
321470;29;1;2018;12:29;7926;AV ANTONIO SALES;RUA BARBOSA DE FREITAS;;0;;Engavetamento;Luz do Dia;Bom;Seca;Cruz;Sem?â?íforo;Comercial;0;0;3;1;0;0;0;0;0;0;0;0;-3,746051000000000;-38,500407000000000
321471;29;1;2018;13:08;0;AV SANTOS DUMONT;;;2767;;Colis?â?úo Transversal;Luz do Dia;Bom;Seca;Meio de Quadra;N?â?úo H?â?í Controle;Comercial;0;0;2;1;0;0;0;0;0;0;0;0;-3,735645000000000;-38,500030000000000
321472;29;1;2018;13:50;15195;AV ABOLICAO;RUA JOSE NAPOLEAO;;0;;Colis?â?úo Transversal;Luz do Dia;Nublado;Molhada;Cruz;Pare;Comercial;0;0;2;0;1;0;0;0;0;0;0;0;-3,726523000000000;-38,490302000000000
321473;29;1;2018;14:20;289;RUA PRO LINO ENCARNACAO;RUA ROTARY;;0;;Colis?â?úo Transversal;Luz do Dia;Bom;Seca;Cruz;Pare;Comercial;0;1;1;1;0;0;0;0;0;1;0;0;-3,742855000000000;-38,560323000000000
321474;29;1;2018;15:04;7623;RUA RIO GRANDE DO SUL;RUA PERNAMBUCO;;0;;Colis?â?úo Lateral;Luz do Dia;Bom;Seca;Cruz;Pare;Residencial;0;0;2;1;0;0;0;0;0;0;0;0;-3,760011000000000;-38,568467000000000
321475;29;1;2018;14:15;1219;RUA COSTA BARROS;RUA JOAO CORDEIRO;;0;;Colis?â?úo Transversal;Luz do Dia;Bom;Seca;Cruz;Sem?â?íforo;Residencial;0;2;1;1;0;0;0;0;0;1;0;0;-3,729449000000000;-38,514331000000000
321476;29;1;2018;16:25;8949;AV BEZERRA DE MENEZES;RUA JUSTINIANO DE SERPA;;0;;Colis?â?úo Transversal;Luz do Dia;Nublado;Seca;Cruz;Sem?â?íforo;Comercial;0;0;1;1;1;0;0;0;0;0;0;0;-3,731156000000000;-38,542857000000000
321477;29;1;2018;18:00;15216;AV ABOLICAO;RUA VIS MAUA;;0;;Colis?â?úo Traseira;Via Iluminada;Bom;Seca;Cruz;Pare;Comercial;0;0;2;1;1;0;0;0;0;0;0;0;-3,727006000000000;-38,496477000000000
321478;29;1;2018;19:10;0;AV GOV RAUL BARBOSA;;;7250;;Colis?â?úo Lateral;Via Iluminada;Bom;Seca;Meio de Quadra;Sem?â?íforo;Comercial;0;0;2;1;0;0;0;0;0;0;0;0;-3,775583000000000;-38,513107000000000
321460;29;1;2018;07:10;0;AV SANTOS DUMONT;;;3870;;Colis?â?úo Traseira;Luz do Dia;Chuva;Molhada;Meio de Quadra;Sem?â?íforo;Residencial;0;0;2;1;0;0;0;0;0;0;0;0;-3,739849000000000;-38,489075000000000
321461;29;1;2018;08:30;0;AV DOMINGOS OLIMPIO;;;167;;Colis?â?úo Traseira;Luz do Dia;Chuva;Molhada;Meio de Quadra;N?â?úo H?â?í Controle;Comercial;0;0;2;1;0;0;0;0;0;0;0;0;-3,738484600000000;-38,525257000000000
321462;29;1;2018;09:33;25683;RUA DAMASCENO GIRAO;RUA ANTONIO MENDES (JD AMERICA);;0;;Colis?â?úo Lateral;Luz do Dia;Nublado;Molhada;Cruz;Pare;Residencial;0;0;2;1;1;0;0;0;0;0;0;0;-3,751510000000000;-38,539797000000000
321463;29;1;2018;08:07;0;AV ANTONIO SALES;;;3500;;Engavetamento;Luz do Dia;Nublado;Molhada;Meio de Quadra;N?â?úo H?â?í Controle;Residencial;0;0;5;1;0;0;0;0;0;0;0;0;-3,748625500000000;-38,492435000000000
321464;29;1;2018;10:29;0;AV BORGES DE MELO;;;180;BASE AEREA;Colis?â?úo Traseira;Luz do Dia;Bom;Seca;Meio de Quadra;Sem?â?íforo;Residencial;0;1;1;1;0;0;0;0;0;1;0;0;-3,761405500000000;-38,520576000000000
321465;29;1;2018;08:44;0;RUA RAUL CABRAL;;;800;;Atropelamento;Luz do Dia;Nublado;Molhada;Meio de Quadra;N?â?úo H?â?í Controle;Residencial;0;2;0;0;0;0;0;0;0;1;0;0;-3,767839400000000;-38,546265000000000
321466;29;1;2018;08:10;673;AV FRANCISCO SA;RUA PEDRO AMERICO;;0;;Colis?â?úo;Luz do Dia;Bom;Seca;T;N?â?úo H?â?í Controle;Comercial;0;1;1;1;0;0;0;0;0;1;0;0;-3,714071000000000;-38,567172000000000
321500;29;1;2018;10:43;0;AV BEZERRA DE MENEZES;;;2461;;Atropelamento;Luz do Dia;Nublado;Seca;Meio de Quadra;Sem?â?íforo;Comercial;0;1;1;0;1;0;0;0;0;0;0;0;-3,736062000000000;-38,566353000000000
327202;29;1;2018;00:25;0;AV PRS CASTELO BRANCO;;;3245;;Colis?â?úo;;;;Meio de Quadra;;;0;0;1;0;0;0;0;0;0;1;0;0;-3,709537300000000;-38,564130400000000
327203;29;1;2018;15:00;0;AV 13 DE MAIO;;;1440;;Colis?â?úo;Luz do Dia;;;Meio de Quadra;;;0;0;1;1;0;0;0;0;0;0;0;0;-3,746100300000000;-38,532850100000000
327208;29;1;2018;13:40;5159;AV IMPERADOR;RUA GUILHERME ROCHA;;0;;Choque c/ Obst?â?ículo Fixo;Luz do Dia;;;Cruz;Sem?â?íforo;Comercial;0;0;1;0;0;0;1;0;0;0;0;0;-3,725081000000000;-38,533829000000000