COD_ACIDENTE;DIA;MES;ANO;HORA;INTERSECAO;LOG1;LOG2;LOG3;NUMERO;REFERENCIA;NATUREZA;ILUMINACAO;TEMPO;SUPERFICIEPISTA;TIPOCRUZAMENTO;CONTROLETRAFEGO;USOSOLO;MORTOS;FERIDOS;ILESOS;AUTOMOVEL;ONIBUS;BICICLETA;CAMINHAO;MICROONIBUS;CICLOMOTOR;MOTOCICLETA;TRACAOANIMAL;TREM;LATITUDE;LONGITUDE
327209;29;1;2018;17:35;0;RUA ROSA MISTICA;;;0;;Colis?â?úo;Anoitecer;;;Meio de Quadra;;;0;0;1;0;0;0;0;0;0;1;0;0;;
314984;29;1;2018;09:40;0;AV GODOFREDO MACIEL;;;4795;;Atropelamento;Luz do Dia;;;Meio de Quadra;;;1;0;1;1;0;0;0;0;0;0;0;0;-3,817543000000000;-38,574844000000000
327340;29;1;2018;18:50;0;RD BR 222;;;0;KM-05;Colis?â?úo Lateral;;;;Meio de Quadra;;;0;1;2;1;0;0;0;0;0;1;0;0;;
326673;29;1;2018;14:30;22695;RUA TAB JOAQUIM COELHO;RUA BILL CARTAXO;;0;;Colis?â?úo Lateral;Luz do Dia;Bom;Seca;Cruz;N?â?úo H?â?í Controle;Residencial;0;0;2;1;0;0;0;0;0;0;0;0;-3,796480000000000;-38,473909000000000
326674;29;1;2018;09:00;0;AV GAL OSORIO DE PAIVA;;;2;;Choque c/ Obst?â?ículo Fixo;Luz do Dia;Nublado;Seca;Meio de Quadra;Pare;Comercial;0;0;1;1;0;0;0;0;0;0;0;0;-3,771163000000000;-38,561548000000000
328041;29;1;2018;07:00;0;RD CE-060;;;0;KM-02;Colis?â?úo;Luz do Dia;;;Meio de Quadra;;;0;0;2;1;0;0;0;0;0;0;0;0;-3,834064000000000;-38,582111000000000
328113;29;1;2018;09:01;0;AV ENG AGRONOMO JOSE GUIMARAES DUQUE;;;0;;Colis?â?úo;Luz do Dia;;;Meio de Quadra;;;0;1;0;1;0;0;0;0;0;1;0;0;;
328111;29;1;2018;02:40;0;RUA CEL FABRICIANO;;;2332;;Queda;;;;Meio de Quadra;;;0;1;0;0;0;0;0;0;0;1;0;0;-3,781698601000000;-38,611714900000000
328117;29;1;2018;11:15;0;AV HERACLITO GRACA;;;100;;Colis?â?úo;Luz do Dia;;;Meio de Quadra;;;0;1;0;1;0;0;0;0;0;0;0;0;-3,733706000000000;-38,523905000000000
328118;29;1;2018;11:11;0;AV PRS COSTA E SILVA;;;155;;Atropelamento;Luz do Dia;;;Meio de Quadra;;;0;1;0;1;0;0;0;0;0;0;0;0;;
328047;29;1;2018;17:20;0;AV SEN CARLOS JEREISSATI (AEROPORTO);;;0;KM 02;Queda;Anoitecer;;;Meio de Quadra;;;0;2;0;0;0;0;0;0;0;1;0;0;-3,782194000000000;-38,535424000000000
328045;29;1;2018;07:00;0;RD CE-065;;;0;KM-03;Colis?â?úo;Luz do Dia;;;Meio de Quadra;;;0;0;1;1;0;0;0;0;0;0;0;0;;
328127;29;1;2018;11:56;0;AV PRS COSTA E SILVA;;;4427;UPA (JOSE WALTER);Queda;Luz do Dia;;;Meio de Quadra;;;0;1;0;0;0;0;0;0;0;1;0;0;-3,825453316000000;-38,540342925000000
328128;29;1;2018;12:50;0;RUA JOSE MARIA ARAUJO;;;32;;Colis?â?úo;Luz do Dia;;;Meio de Quadra;;;0;1;0;1;0;0;0;0;0;0;0;0;-3,816768200000000;-38,476282700000000
328130;29;1;2018;14:45;0;AV LINEU MACHADO;;;905;;Colis?â?úo;Luz do Dia;;;Meio de Quadra;;;0;1;0;1;0;0;0;0;0;1;0;0;-3,768085500000000;-38,578051500000000
328131;29;1;2018;15:48;24912;RUA ANTONIO ARRUDA;RUA ROSINHA SAMPAIO;;0;;Colis?â?úo;Luz do Dia;;;Cruz;N?â?úo H?â?í Controle;Residencial;0;1;0;1;0;0;0;0;0;1;0;0;-3,724816000000000;-38,595375000000000
328132;29;1;2018;18:40;0;AV MR HULL;;;0;;Colis?â?úo;;;;Meio de Quadra;;;0;1;0;1;0;0;0;0;0;1;0;0;;
328133;29;1;2018;20:46;0;AV GODOFREDO MACIEL;;;4547;;Colis?â?úo;;;;Meio de Quadra;;;0;1;0;1;0;1;0;0;0;0;0;0;-3,812714500000000;-38,574849000000000
328134;30;1;2018;06:24;0;AV CEL CARVALHO;;;2120;;Colis?â?úo;Luz do Dia;;;Meio de Quadra;;;0;1;0;1;0;0;0;0;0;1;0;0;-3,720685578000000;-38,587084644000000
328135;30;1;2018;07:12;25553;AV EDUARDO GIRAO;RUA CAMPO AMOR ROCHA;;0;;Queda;Luz do Dia;;;;;;0;1;0;0;0;0;0;0;0;1;0;0;;
328136;30;1;2018;07:22;0;AV JOSE BASTOS;;;0;;Colis?â?úo;Luz do Dia;;;Meio de Quadra;;;0;1;0;1;0;0;0;0;0;1;0;0;;
328137;30;1;2018;07:28;0;RUA SAO FIDELIS D71;;;1168;;Colis?â?úo;Luz do Dia;;;Meio de Quadra;;;0;1;0;0;0;0;0;0;0;1;0;0;-3,824534400000000;-38,595124200000000
328138;30;1;2018;10:35;0;RUA LONDRINA;;;1991;;Colis?â?úo;Luz do Dia;;;Meio de Quadra;;;0;1;0;0;0;0;0;0;0;1;0;0;-3,779347000000000;-38,609308000000000
328139;30;1;2018;10:42;0;RUA PEDESTRE V;;;801;;Queda;Luz do Dia;;;Meio de Quadra;;;0;1;0;0;0;0;0;0;0;1;0;0;-3,815370000000000;-38,607250000000000
328140;30;1;2018;10:59;6800;AV SANTOS DUMONT;RUA BATISTA DE OLIVEIRA;;0;;Queda;Luz do Dia;;;Cruz;Sem?â?íforo;Comercial;0;1;0;0;0;0;0;0;0;1;0;0;-3,742258000000000;-38,479668000000000
328141;30;1;2018;11:04;0;AV JOSE BASTOS;;;2782;;Colis?â?úo;Luz do Dia;;;Meio de Quadra;;;0;1;0;1;0;0;0;0;0;1;0;0;-3,745156500000000;-38,545578999000000
328142;30;1;2018;11:56;0;RUA PERU;;;2029;;Queda;Luz do Dia;;;Meio de Quadra;;;0;1;0;0;0;1;0;0;0;0;0;0;;
328143;30;1;2018;14:47;0;AV WASHINGTON SOARES;;;0;;Queda;Luz do Dia;;;Meio de Quadra;;;0;1;0;0;0;0;0;0;0;1;0;0;;
328144;30;1;2018;15:42;0;RUA CEL VIRGILIO NOGUEIRA (BOM JARDIM);;;210;;Colis?â?úo;Luz do Dia;;;Meio de Quadra;;;0;1;0;1;0;0;0;0;0;0;0;0;-3,784598600000000;-38,607538700000000
328145;30;1;2018;15:50;10089;RUA NEREIDE;RUA CEL VIRGILIO NOGUEIRA (BOM JARDIM);;0;;Colis?â?úo;Luz do Dia;;;Cruz;N?â?úo H?â?í Controle;Misto;0;1;0;1;0;0;0;0;0;1;0;0;;
328146;30;1;2018;16:19;0;AV JOVITA FEITOSA;;;2165;;Colis?â?úo;Luz do Dia;;;Meio de Quadra;;;0;1;0;1;0;0;0;0;0;1;0;0;-3,739936522000000;-38,556878652000000
328147;30;1;2018;16:36;0;AV MR HULL;;;0;;Atropelamento;Luz do Dia;;;Meio de Quadra;;;0;1;0;0;1;0;0;0;0;0;0;0;;
328148;30;1;2018;17:00;0;AV 13 DE MAIO;;;2072;;Queda;Anoitecer;;;Meio de Quadra;;;0;1;0;0;0;0;0;0;0;1;0;0;-3,744162000000000;-38,535383000000000
328149;30;1;2018;17:14;0;RUA FRE VIDAL;;;2026;;Colis?â?úo;Anoitecer;;;Meio de Quadra;;;0;2;0;1;0;0;0;0;0;1;0;0;;
328150;30;1;2018;17:23;0;AV ALM HENRIQUE SABOIA;;;2240;;Queda;Anoitecer;;;Meio de Quadra;;;0;1;0;0;0;0;0;0;0;1;0;0;-3,755944300000000;-38,504090700000000
328151;30;1;2018;18:23;0;RUA RIO GRANDE DO SUL;;;961;;Atropelamento;Anoitecer;;;Meio de Quadra;;;0;1;0;0;0;0;0;0;0;1;0;0;-3,757315869000000;-38,566721033000000
328152;30;1;2018;18:45;0;AV PERIMETRAL;;;0;;Colis?â?úo;;;;Meio de Quadra;;;0;1;0;0;0;0;0;0;0;1;0;0;;
328153;30;1;2018;19:03;0;AV RUI BARBOSA;;;1314;;Colis?â?úo;;;;Meio de Quadra;;;0;1;0;1;0;1;0;0;0;0;0;0;-3,733996000000000;-38,508788000000000
328154;30;1;2018;20:14;0;RUA GERMANO FRANCK;;;270;;Colis?â?úo;;;;Meio de Quadra;;;0;3;0;0;0;0;0;0;0;0;0;0;-3,776327900000000;-38,560700000000000
328155;30;1;2018;20:29;0;AV GENIBAU;;;334;;Colis?â?úo;;;;Meio de Quadra;;;0;1;0;0;0;0;0;0;0;0;0;0;-3,760921875000000;-38,599090000000000
328156;30;1;2018;20:42;0;RUA 17 CJ JOSE WALTER;;;30;;Queda;;;;Meio de Quadra;;;0;1;0;0;0;0;0;0;0;1;0;0;-3,823783254000000;-38,552360169000000
328051;30;1;2018;07:50;0;RD CE-040;;;0;KM-03;Colis?â?úo;Luz do Dia;;;Meio de Quadra;;;0;0;2;1;0;0;0;0;0;1;0;0;-3,782614325000000;-38,481083900000000
328052;30;1;2018;09:40;0;AV SEN CARLOS JEREISSATI (AEROPORTO);;;0;KM 02;Colis?â?úo;Luz do Dia;;;Meio de Quadra;;;0;0;2;1;0;0;0;0;0;0;0;0;-3,782194000000000;-38,535424000000000
326672;30;1;2018;12:50;12445;AV SEN FERNANDES TAVORA;TR HELENA DE MARIA;;0;;Colis?â?úo Lateral;Luz do Dia;;;Duplo T;Pare;Comercial;0;0;2;0;0;0;0;0;0;1;0;0;-3,766094000000000;-38,574916000000000
326676;30;1;2018;16:15;1453;AV HERACLITO GRACA;AV RUI BARBOSA;;0;;Colis?â?úo Traseira;Luz do Dia;;;Cruz;Sem?â?íforo;Comercial;0;0;2;1;0;0;0;0;0;1;0;0;-3,738357000000000;-38,510199000000000
326680;30;1;2018;16:40;0;AV BEIRA MAR;;;3500;;Colis?â?úo Traseira;Luz do Dia;;;Meio de Quadra;;;0;0;2;1;0;0;0;0;0;0;0;0;-3,723699501000000;-38,488515499000000
327341;30;1;2018;07:00;0;RD BR 116;;;1000;KM-01;Colis?â?úo Traseira;Luz do Dia;;;Meio de Quadra;;;0;0;3;0;0;0;0;0;0;0;0;0;-3,762554000000000;-38,518702000000000
327210;30;1;2018;00:20;25198;RUA BAR AQUIRAZ;RUA MIGUEL GURGEL;;0;;Colis?â?úo;;;;T;N?â?úo H?â?í Controle;Comercial;0;0;1;1;0;0;0;0;0;0;0;0;-3,842357000000000;-38,483550000000000
327211;30;1;2018;07:55;9158;AV LUCIANO CARNEIRO;RUA MARIO MAMEDE;;0;;Colis?â?úo;Luz do Dia;;;Cruz;Sem?â?íforo;Residencial;0;0;1;1;0;0;1;0;0;0;0;0;-3,748937000000000;-38,531828000000000
327216;30;1;2018;14:25;17678;RUA JOSE PEDRA;RUA MAJ TELESFORO;;0;;Colis?â?úo;Luz do Dia;;;Cruz;N?â?úo H?â?í Controle;Residencial;0;0;1;1;0;0;0;0;0;1;0;0;-3,798287000000000;-38,550520000000000
321483;30;1;2018;13:34;23372;RUA FRE VIDAL;AV PONTES VIEIRA;;0;;Colis?â?úo Transversal;Luz do Dia;Bom;Seca;T;Pare;Comercial;0;0;2;0;0;0;0;0;0;0;0;0;-3,753282000000000;-38,518209000000000
321484;30;1;2018;13:30;1581;AV PDE ANTONIO TOMAS;RUA MON CATAO;;0;;Colis?â?úo Traseira;Luz do Dia;Nublado;Seca;Cruz;Sem?â?íforo;Comercial;0;0;2;1;0;0;0;0;0;0;0;0;-3,742708000000000;-38,491843000000000
321485;30;1;2018;14:10;0;RUA VALPARAISO;RUA MORADA NOVA;;0;;Colis?â?úo Transversal;Luz do Dia;Nublado;Seca;Meio de Quadra;Pare;Residencial;0;1;1;0;0;0;0;0;0;1;0;0;-3,848715500000000;-38,512554000000000
321486;30;1;2018;15:06;0;RUA METON DE ALENCAR;;;1631;;Colis?â?úo Lateral;Luz do Dia;Nublado;Molhada;Cruz;Sem?â?íforo;Comercial;0;0;2;1;0;0;0;0;0;0;0;0;-3,731225500000000;-38,538170000000000
321487;30;1;2018;14:00;3339;RUA VIRIATO RIBEIRO;RUA MINAS GERAIS;;0;;Colis?â?úo Transversal;Luz do Dia;Chuva;Molhada;Cruz;Pare;Residencial;0;0;2;1;0;0;0;0;0;0;0;0;-3,750743000000000;-38,560802000000000
321488;30;1;2018;15:45;0;RUA PRO GOMES BRASIL;;;411;;Colis?â?úo Lateral;Luz do Dia;Bom;Seca;Meio de Quadra;N?â?úo H?â?í Controle;Residencial;0;0;2;1;0;0;0;0;0;0;0;0;-3,772351300000000;-38,568985000000000
321489;30;1;2018;14:42;0;AV 13 DE MAIO;;;1043;;Colis?â?úo Traseira;Luz do Dia;Nublado;Seca;Meio de Quadra;N?â?úo H?â?í Controle;Comercial;0;1;2;1;0;0;0;0;0;1;0;0;-3,749929200000000;-38,528637000000000
321490;30;1;2018;16:33;0;RUA CEL VIRGILIO NOGUEIRA (BOM JARDIM);;;652;;Colis?â?úo Transversal;Luz do Dia;Bom;Seca;Meio de Quadra;N?â?úo H?â?í Controle;Comercial;0;0;1;1;1;0;0;0;0;0;0;0;-3,789075900000000;-38,608967000000000
321491;30;1;2018;18:07;0;AV JOAO PESSOA;;;3641;;Colis?â?úo Traseira;Anoitecer;Bom;Seca;Meio de Quadra;N?â?úo H?â?í Controle;Residencial;0;0;2;1;0;0;0;0;0;1;0;0;-3,746515500000000;-38,544170000000000
321492;30;1;2018;18:28;1445;RUA DES LEITE ALBUQUERQUE;RUA VICENTE LEITE;;0;;Colis?â?úo Transversal;Anoitecer;Bom;Seca;Cruz;Pare;Comercial;0;2;1;0;0;0;0;0;0;1;0;0;-3,738178000000000;-38,495734000000000
321493;30;1;2018;19:56;0;RUA SEN POMPEU;;;2720;;Colis?â?úo Lateral;Via Iluminada;Bom;Seca;Meio de Quadra;Pare;Residencial;0;0;2;0;1;0;0;0;0;0;0;0;-3,742345000000000;-38,534344000000000
321494;30;1;2018;20:22;13559;RUA PRO CARVALHO;RUA CASTRO ALVES;;0;;Colis?â?úo Transversal;Via Iluminada;Bom;Seca;Cruz;Pare;Residencial;0;1;1;1;0;0;0;0;1;0;0;0;-3,749706000000000;-38,515531000000000
321495;30;1;2018;19:30;0;RUA SAO PAULO;;;1565;;Colis?â?úo Traseira;Via Iluminada;Bom;Seca;Meio de Quadra;Pare;Residencial;0;1;2;0;1;0;0;0;0;0;0;0;-3,722101400000000;-38,539550000000000
321496;30;1;2018;21:17;0;AV LUCIANO CARNEIRO;;;635;;Colis?â?úo Lateral;Anoitecer;Bom;Seca;Outros;N?â?úo H?â?í Controle;Comercial;0;0;1;1;0;0;0;0;0;1;0;0;-3,754251000000000;-38,533380000000000
321479;30;1;2018;07:37;22094;AV JOSE BASTOS;RUA DELMIRO FARIAS;;0;;Colis?â?úo Traseira;Luz do Dia;Bom;Seca;T;Sem?â?íforo;Comercial;0;0;2;1;0;0;0;0;0;0;0;0;-3,748756000000000;-38,549219000000000
321480;30;1;2018;07:24;0;AV JOSE BASTOS;;;3350;;Colis?â?úo Lateral;Luz do Dia;Bom;Seca;Meio de Quadra;N?â?úo H?â?í Controle;Comercial;0;1;1;1;0;0;0;0;0;1;0;0;-3,748577800000000;-38,548836000000000
321481;30;1;2018;06:30;6727;RUA DES WALDETARIO P MOTA;RUA DR GILBERTO STUDART;;0;;Colis?â?úo Lateral;Luz do Dia;Bom;Seca;Cruz;Pare;Residencial;0;0;2;1;0;0;0;0;0;0;0;0;-3,742559000000000;-38,484239000000000
321595;31;1;2018;20:10;0;AV ALBERTO CRAVEIRO;;;2612;;Colis?â?úo Traseira;Via Iluminada;Bom;Seca;Meio de Quadra;Sem?â?íforo;Comercial;0;0;2;1;0;0;0;0;0;1;0;0;-3,802054400000000;-38,520800000000000
321497;31;1;2018;08:25;15681;RUA TEN JOSE NEWTON;RUA GUILHERME PESSOA;;0;;Colis?â?úo Transversal;Luz do Dia;Bom;Seca;Cruz;Pare;Residencial;0;1;1;1;0;0;0;0;0;1;0;0;-3,826606000000000;-38,491883000000000
321498;31;1;2018;09:27;0;RUA BERNARDO MANUEL;;;0;;Colis?â?úo Lateral;Luz do Dia;Bom;Seca;Meio de Quadra;N?â?úo H?â?í Controle;Comercial;0;0;2;1;0;0;0;0;0;0;0;0;-3,820742100000000;-38,558030000000000
321499;31;1;2018;10:02;25013;RUA TEODOMIRO DE CASTRO;RUA ADOLFO B DE MENEZES;;0;;Colis?â?úo Transversal;Luz do Dia;Bom;Seca;Cruz;Pare;Residencial;0;1;1;1;0;0;0;0;0;1;0;0;-3,716619000000000;-38,577425000000000
321501;31;1;2018;09:45;0;RUA ALM RUBIM;;;1490;;Colis?â?úo Traseira;Luz do Dia;Bom;Seca;Meio de Quadra;N?â?úo H?â?í Controle;Comercial;0;0;2;1;0;0;0;0;0;1;0;0;-3,729908700000000;-38,529453000000000
321502;31;1;2018;09:50;1311;RUA LEONARDO MOTA;RUA MARCOS MACEDO;;0;;Colis?â?úo Lateral;Luz do Dia;Bom;Seca;Cruz;Sem?â?íforo;Residencial;0;0;2;0;1;0;0;0;0;1;0;0;-3,734885000000000;-38,495763000000000
321503;31;1;2018;11:41;1519;RUA PDE VALDEVINO;RUA CARLOS VASCONCELOS;;0;;Engavetamento;Luz do Dia;Bom;Seca;Cruz;Sem?â?íforo;Comercial;0;0;3;1;0;0;0;0;0;0;0;0;-3,740277000000000;-38,513190000000000
321504;31;1;2018;12:20;8647;AV EDILSON B SOARES;RUA PRO SOLON FARIAS;;0;;N?â?úo Informado;Luz do Dia;Bom;Seca;Cruz;N?â?úo H?â?í Controle;Residencial;0;0;2;1;0;0;0;0;0;0;0;0;-3,789155000000000;-38,477116000000000
321505;31;1;2018;12:00;0;RUA BARTOLOMEU DE GUSMAO;;;1253;;Choque c/ Obst?â?ículo Fixo;Luz do Dia;Bom;Seca;Meio de Quadra;N?â?úo H?â?í Controle;Residencial;0;0;1;0;0;0;0;0;0;0;0;0;-3,759303000000000;-38,528450000000000
321506;31;1;2018;11:40;0;AV GAL MURILO BORGES;;;0;;Queda;Luz do Dia;Bom;Seca;Meio de Quadra;N?â?úo H?â?í Controle;Rural;0;0;1;1;0;0;0;0;0;0;0;0;-3,764049800000000;-38,506680000000000
321507;31;1;2018;14:26;23039;AV DR SILAS MUNGUBA;RUA PARAGUACU D45;;3666;;Colis?â?úo Traseira;Luz do Dia;Bom;Seca;T;Sem?â?íforo;Comercial;0;0;2;1;1;0;0;0;0;0;0;0;-3,790248000000000;-38,540724000000000
321508;31;1;2018;16:00;5135;AV TRISTAO GONCALVES;RUA SAO PAULO;;0;;Colis?â?úo Transversal;Luz do Dia;Bom;Seca;Cruz;Sem?â?íforo;Comercial;0;1;1;1;0;0;0;0;0;0;0;0;-3,724419000000000;-38,532395000000000
321509;31;1;2018;14:37;17310;RUA ALBERTO MAGNO;RUA ALVARO FERNANDES;;0;;Colis?â?úo Transversal;Luz do Dia;Bom;Seca;Cruz;Pare;Comercial;0;1;1;1;0;0;0;0;0;1;0;0;-3,764244000000000;-38,549422000000000
321510;31;1;2018;16:39;4022;AV JOAO PESSOA;RUA OSCAR BEZERRA ARAUJO;;0;;Colis?â?úo Transversal;Luz do Dia;Bom;Seca;T;Pare;Comercial;0;2;1;0;1;0;0;0;1;0;0;0;-3,761747000000000;-38,557535000000000
321511;31;1;2018;18:34;0;RUA VALTER DE CASTRO;;;205;;Colis?â?úo Transversal;Luz do Dia;Bom;Seca;Meio de Quadra;N?â?úo H?â?í Controle;Residencial;0;0;1;1;0;0;0;0;0;0;0;0;-3,793527100000000;-38,493176000000000
321512;31;1;2018;19:05;0;AV GAL OSORIO DE PAIVA;;;38;;Engavetamento;Via Iluminada;Bom;Seca;Meio de Quadra;N?â?úo H?â?í Controle;Residencial;0;0;3;1;0;0;0;0;0;1;0;0;-3,772106600000000;-38,562590000000000
321513;31;1;2018;19:35;0;RUA OTACILIO AMARAL;;;0;;Colis?â?úo Lateral;Luz do Dia;Bom;Seca;Meio de Quadra;Pare;Comercial;0;0;2;1;1;0;0;0;0;0;0;0;-3,738011600000000;-38,582527000000000
321514;31;1;2018;17:05;0;AV DEP PAULINO ROCHA;;;47;;Colis?â?úo Traseira;Luz do Dia;Bom;Seca;Meio de Quadra;Sem?â?íforo;Comercial;0;2;0;0;0;0;0;0;0;1;0;0;-3,801951200000000;-38,507565000000000
321515;31;1;2018;20:42;1464;AV HERACLITO GRACA;RUA DR JOSE LOURENCO;;0;;Colis?â?úo Lateral;Via Iluminada;Bom;Seca;Cruz;Sem?â?íforo;Comercial;0;0;2;1;0;0;0;0;0;0;0;0;-3,738709000000000;-38,509091000000000
321516;31;1;2018;21:12;0;AV AGUANAMBI;;;1554;;Colis?â?úo Lateral;Via Iluminada;Bom;Seca;Meio de Quadra;N?â?úo H?â?í Controle;Comercial;0;0;2;1;0;0;0;0;0;0;0;0;-3,750622500000000;-38,523705000000000
327214;31;1;2018;18:50;25625;RUA SULAMITA PORTELA;AV DA INDEPENDENCIA;;0;;Choque c/ Obst?â?ículo Fixo;;;;T;N?â?úo H?â?í Controle;Residencial;0;0;1;0;0;0;0;0;0;0;0;0;-3,724237000000000;-38,600042000000000
327215;31;1;2018;20:40;0;RD CE-040;;;0;;Outros;;;;Meio de Quadra;;;0;0;1;0;0;0;0;0;0;0;0;0;;
327342;31;1;2018;05:20;0;RD BR 116;;;13000;KM-13;Tombamento;Amanhecer;;;Meio de Quadra;;;0;0;1;0;0;0;1;0;0;0;0;0;-3,864670000000000;-38,497727000000000
327345;31;1;2018;09:50;0;RD BR 020;;;0;KM 428;Tombamento;Luz do Dia;;;Meio de Quadra;;;0;1;0;0;0;0;0;0;0;1;0;0;-3,869000000000000;-38,507000000000000
338990;31;1;2018;07:40;0;RUA BERNARDO MANUEL;;;0;;Colis?â?úo Lateral;Luz do Dia;Nublado;Seca;Meio de Quadra;Pare;Comercial;0;0;2;0;0;1;1;0;0;0;0;0;;
326681;31;1;2018;10:00;5065;AV ALBERTO NEPOMUCENO;TR ICO  D01;;0;;Colis?â?úo Transversal;Luz do Dia;Bom;Seca;Duplo T;Pare;Comercial;0;0;2;1;0;0;0;0;0;0;0;0;-3,722081000000000;-38,523662000000000
326677;31;1;2018;00:31;15317;RUA NUNES VALENTE;RUA TEN BENEVOLO;;0;;Colis?â?úo Frontal;Via Iluminada;Bom;Seca;Cruz;Pare;Residencial;0;1;1;1;0;0;0;0;0;0;0;0;-3,730365000000000;-38,501859000000000
328056;31;1;2018;07:50;0;RD CE-040;;;0;KM-08;Colis?â?úo;Luz do Dia;;;Meio de Quadra;;;0;0;2;1;0;0;0;0;0;0;0;0;-3,825515822000000;-38,481538320000000
328059;31;1;2018;10:20;0;RD CE-040;;;0;KM-09;Colis?â?úo;Luz do Dia;;;Meio de Quadra;;;0;0;2;1;0;0;0;0;0;0;0;0;-3,834450897000000;-38,482465820000000
328087;31;1;2018;13:57;0;RD CE-040;;;0;KM-05;Colis?â?úo;Luz do Dia;;;Meio de Quadra;;;0;0;2;1;0;0;0;0;0;0;0;0;-3,800595823000000;-38,479534630000000
328070;31;1;2018;10:20;0;RD CE-040;;;0;KM-09;Colis?â?úo;Luz do Dia;;;Meio de Quadra;;;0;1;1;0;0;0;0;0;0;1;0;0;-3,834450897000000;-38,482465820000000
328157;31;1;2018;08:40;0;RUA PRO GOMES BRASIL;;;0;;Colis?â?úo;Luz do Dia;;;Meio de Quadra;;;0;1;0;1;0;0;0;0;0;1;0;0;;
328158;31;1;2018;09:01;0;AV GODOFREDO MACIEL;;;918;;Colis?â?úo;Luz do Dia;;;Meio de Quadra;;;0;1;0;1;0;0;0;0;0;1;0;0;-3,784762000000000;-38,566283000000000
328159;31;1;2018;09:19;0;RUA PDE PEDRO DE ALENCAR;;;1791;;Queda;Luz do Dia;;;Meio de Quadra;;;0;1;0;0;0;0;0;0;0;1;0;0;-3,843805000000000;-38,494382000000000
328160;31;1;2018;09:28;0;AV AUGUSTO DOS ANJOS;;;687;;Atropelamento;Luz do Dia;;;Meio de Quadra;;;0;1;0;0;0;0;0;0;0;1;0;0;-3,774371000000000;-38,574025000000000
328161;31;1;2018;10:00;0;AV A CJ CEARA;;;1180;;Colis?â?úo;Luz do Dia;;;Meio de Quadra;;;0;1;0;1;0;0;0;0;0;1;0;0;-3,771719000000000;-38,604985000000000
328180;31;1;2018;17:21;0;AV PERIMETRAL;;;1347;;Colis?â?úo;Anoitecer;;;Meio de Quadra;;;0;1;0;1;0;0;0;0;0;1;0;0;;
328184;31;1;2018;17:48;0;AV G CJ JOSE WALTER;;;605;;Atropelamento;Anoitecer;;;Meio de Quadra;;;0;1;0;1;0;0;0;0;0;0;0;0;;
328182;31;1;2018;17:23;0;AV BEZERRA DE MENEZES;;;365;;Colis?â?úo;Anoitecer;;;Meio de Quadra;;;0;1;0;0;0;0;0;0;0;0;0;0;-3,732279500000000;-38,548112900000000
328186;31;1;2018;19:30;0;AV PRS CASTELO BRANCO;;;0;;Atropelamento;;;;Meio de Quadra;;;0;1;0;0;0;0;0;0;0;1;0;0;;
328187;31;1;2018;19:42;0;AV FRANCISCO SA;;;7200;;Colis?â?úo;;;;Meio de Quadra;;;0;1;0;0;0;0;0;0;0;0;0;0;-3,707640000000000;-38,583929000000000
328188;31;1;2018;20:23;0;RUA ALBERTO MAGNO;;;1125;;Colis?â?úo;;;;Meio de Quadra;;;0;1;0;1;0;0;0;0;0;1;0;0;-3,763663500000000;-38,548740500000000
328189;31;1;2018;21:39;0;RUA ALFREDO MAMEDE;;;0;;Colis?â?úo;;;;Meio de Quadra;;;0;1;0;1;0;0;0;0;0;1;0;0;;
328175;31;1;2018;12:59;0;RUA 107 CJ TUPAN MIRIM;;;144;;Colis?â?úo;Luz do Dia;;;Meio de Quadra;;;0;1;0;1;0;0;0;0;0;1;0;0;-3,800436592000000;-38,545868107000000
328176;31;1;2018;13:23;0;RUA CEL JOAQUIM FRANKLIN;;;1001;;Colis?â?úo;Luz do Dia;;;Meio de Quadra;;;0;1;0;1;0;0;0;0;0;1;0;0;-3,743596000000000;-38,595578000000000
328177;31;1;2018;16:51;0;RUA IRACEMA D71;;;2181;;Colis?â?úo;Luz do Dia;;;Meio de Quadra;;;0;2;0;0;0;0;0;0;0;1;0;0;-3,730120000000000;-38,510450000000000
328178;31;1;2018;17:01;25254;RUA JOAQUIM DE FIGUEIREDO FILHO;RUA CRISANTO M DA ROCHA;;0;;Colis?â?úo;Anoitecer;;;Cruz;Pare;Residencial;0;1;0;1;0;0;0;0;0;1;0;0;-3,801597000000000;-38,481375000000000
328168;31;1;2018;11:18;0;RUA CEL VIRGILIO NOGUEIRA (BOM JARDIM);;;268;;Colis?â?úo;Luz do Dia;;;Meio de Quadra;;;0;2;0;1;0;0;0;0;0;1;0;0;-3,785350000000000;-38,607910000000000
328169;31;1;2018;12:00;0;RUA CATOLE;;;2210;;Colis?â?úo;Luz do Dia;;;Meio de Quadra;;;0;1;0;1;0;0;0;0;0;0;0;0;-3,849160000000000;-38,520947000000000
328170;31;1;2018;12:42;0;RUA MAJ TELESFORO;;;225;;Colis?â?úo;Luz do Dia;;;Meio de Quadra;;;0;1;0;1;0;0;0;0;0;1;0;0;-3,798290000000000;-38,550700000000000