COD_ACIDENTE;DIA;MES;ANO;HORA;INTERSECAO;LOG1;LOG2;LOG3;NUMERO;REFERENCIA;NATUREZA;ILUMINACAO;TEMPO;SUPERFICIEPISTA;TIPOCRUZAMENTO;CONTROLETRAFEGO;USOSOLO;MORTOS;FERIDOS;ILESOS;AUTOMOVEL;ONIBUS;BICICLETA;CAMINHAO;MICROONIBUS;CICLOMOTOR;MOTOCICLETA;TRACAOANIMAL;TREM;LATITUDE;LONGITUDE
326679;1;2;2018;00:04;0;AV HEROIS DO ACRE;;;1040;;Colis?â?úo Traseira;;;;Meio de Quadra;;;0;2;1;0;0;0;0;0;0;1;0;0;-3,803156000000000;-38,537092500000000
327297;1;2;2018;20:00;0;RD BR 116;;;7000;KM-07;Atropelamento;;;;Meio de Quadra;;;0;1;1;0;0;0;0;0;0;0;0;0;-3,786276359000000;-38,511561398000000
327487;1;2;2018;21:35;0;AV MIN JOSE AMERICO;;;0;;Colis?â?úo;;Bom;Seca;Meio de Quadra;;;0;1;1;0;0;0;0;0;0;1;0;0;;
327037;1;2;2018;02:45;5659;RUA MANUEL MONTEIRO;RUA PDE ATAIDE;;0;;Colis?â?úo;;;;;;;0;0;2;1;0;0;0;0;0;0;0;0;-3,790529000000000;-38,493981000000000
327842;1;2;2018;18:13;0;RUA CARLOS AMORA;;;0;;Colis?â?úo;Anoitecer;;;Meio de Quadra;;;0;1;0;0;0;0;0;0;0;1;0;0;;
327843;1;2;2018;18:15;0;RUA CEL JUCA;;;210;;Colis?â?úo;Anoitecer;;;Meio de Quadra;;;0;1;0;0;0;1;0;0;0;0;0;0;-3,733410000000000;-38,490000000000000
327844;1;2;2018;18:19;0;AV GODOFREDO MACIEL;;;4701;;Colis?â?úo;Anoitecer;;;Meio de Quadra;;;0;1;0;0;0;0;0;0;0;1;0;0;-3,816194000000000;-38,574527000000000
327845;1;2;2018;19:13;901;RUA TODOS OS SANTOS;RUA DA PONTE GRANDE;;0;;Queda;;;;;;;0;1;0;0;0;1;0;0;0;0;0;0;-3,781956000000000;-38,512713000000000
327846;1;2;2018;19:51;0;RUA REPUBLICA;;;325;;Queda;;;;Meio de Quadra;;;0;0;1;0;0;1;0;0;0;0;0;0;;
327850;1;2;2018;21:35;0;AV ENG SANTANA JUNIOR;;;0;;Colis?â?úo;;;;Meio de Quadra;;;0;1;0;0;0;0;0;0;0;1;0;0;;
327851;1;2;2018;21:51;17573;RUA ESTADO DO RIO;RUA MARANHAO;;0;;Atropelamento;;;;;;;0;1;0;1;0;0;0;0;0;0;0;0;-3,754149000000000;-38,568106000000000
327848;1;2;2018;20:04;0;RD BR 116;;;0;;Atropelamento;;;;Meio de Quadra;;;0;1;0;1;0;0;0;0;0;0;0;0;;
327838;1;2;2018;17:38;7211;AV PRS CASTELO BRANCO;AV DR THEBERGE;;0;;Atropelamento;Anoitecer;;;Cruz;Sem?â?íforo;Comercial;0;1;0;0;0;0;0;0;0;1;0;0;-3,710079000000000;-38,563456000000000
327839;1;2;2018;17:56;0;RUA BAR AQUIRAZ;;;1558;;Queda;Anoitecer;;;Meio de Quadra;;;0;1;0;0;0;1;0;0;0;0;0;0;-3,840824104000000;-38,484992586000000
327836;1;2;2018;16:38;0;RUA PLANALTINA (PL AYRTON SENNA);;;1450;;Queda;Luz do Dia;;;Meio de Quadra;;;0;1;0;0;0;1;0;0;0;0;0;0;-3,833510000000000;-38,569850000000000
327769;1;2;2018;07:07;2958;AV GAL OSORIO DE PAIVA;RUA URUCUTUBA;;0;;Colis?â?úo;Luz do Dia;;;T;Sem?â?íforo;Comercial;0;0;2;0;0;0;0;0;0;0;0;0;-3,798620000000000;-38,596129000000000
327776;1;2;2018;09:18;0;AV SGT HERMINIO SAMPAIO;;;3568;;Queda;Luz do Dia;;;Meio de Quadra;;;0;1;0;0;0;0;0;0;0;1;0;0;-3,728800579000000;-38,572397316000000
327777;1;2;2018;10:10;0;RUA MARIA QUINTELA;;;0;;Atropelamento;Luz do Dia;;;Meio de Quadra;;;0;1;0;0;0;0;0;0;0;0;0;0;;
327796;1;2;2018;10:18;0;AV ALM MAXIMIANO DA FONSECA;;;0;;Colis?â?úo;Luz do Dia;;;Meio de Quadra;;;0;1;0;0;0;0;0;0;0;1;0;0;;
327797;1;2;2018;11:29;0;AV CEL CARVALHO;;;462;;Colis?â?úo;Luz do Dia;;;Meio de Quadra;;;0;1;1;0;0;0;0;0;0;1;0;0;-3,706460400000000;-38,590612800000000
327798;1;2;2018;12:00;1289;RUA SILVA PAULET;AV SANTOS DUMONT;;0;;Colis?â?úo;Luz do Dia;;;Cruz;Pare;Comercial;0;1;0;0;0;0;0;0;0;0;0;0;-3,733985000000000;-38,505258000000000
327799;1;2;2018;14:12;21822;RUA DEP MATOSO FILHO;RUA PINHEIRO BASTOS;;0;;Colis?â?úo;Luz do Dia;;;;;;0;1;0;0;0;0;0;0;0;1;0;0;-3,731037000000000;-38,587246000000000
327804;1;2;2018;15:17;0;AV CARAPINIMA;;;2415;;Colis?â?úo;Luz do Dia;;;Meio de Quadra;;;0;1;0;0;0;0;0;0;0;1;0;0;-3,740639236000000;-38,540875176000000
327802;1;2;2018;14:22;0;AV CASTELO DE CASTRO;;;295;;Colis?â?úo;Luz do Dia;;;Meio de Quadra;;;0;1;0;0;0;0;0;0;0;1;0;0;-3,831852900000000;-38,521295700000000
327808;1;2;2018;16:32;17359;AV PRO GOMES DE MATOS;RUA IRM BAZET;;0;;Colis?â?úo;Luz do Dia;;;Cruz;Pare;Comercial;0;1;0;0;0;0;0;0;0;1;0;0;-3,766045000000000;-38,549810000000000
315181;1;2;2018;07:15;2975;AV GAL OSORIO DE PAIVA;RUA PEDRO MARTINS;;0;;Colis?â?úo Transversal;Luz do Dia;;;Cruz;Sem?â?íforo;Residencial;1;1;1;0;0;0;1;0;0;1;0;0;-3,800862000000000;-38,598322000000000
321517;1;2;2018;23:15;0;AV ABOLICAO;;;2194;;Colis?â?úo;Via Iluminada;Bom;Seca;Meio de Quadra;Sem?â?íforo;Comercial;0;1;1;1;0;0;0;0;0;1;0;0;-3,726035800000000;-38,499195000000000
321518;1;2;2018;07:44;0;RUA B;;;299;;Choque c/ Obst?â?ículo Fixo;Luz do Dia;Bom;Seca;Meio de Quadra;N?â?úo H?â?í Controle;Residencial;0;1;0;0;0;0;0;0;0;1;0;0;-3,804857500000000;-38,550602000000000
321519;1;2;2018;09:01;0;RUA BERNARDO MANUEL;;;9981;;Colis?â?úo Frontal;Amanhecer;Nublado;Seca;Meio de Quadra;N?â?úo H?â?í Controle;Comercial;0;0;2;1;0;0;0;0;0;1;0;0;-3,805915000000000;-38,553440000000000
321521;1;2;2018;10:32;0;AV DEP PAULINO ROCHA;;;1709;;Colis?â?úo Traseira;Luz do Dia;Bom;Seca;Meio de Quadra;Sem?â?íforo;Comercial;0;1;1;1;0;0;0;0;0;0;0;0;-3,811824600000000;-38,512062000000000
321522;1;2;2018;11:04;5140;RUA TEN BENEVOLO;AV DOM MANUEL;;0;;Colis?â?úo Lateral;Luz do Dia;Bom;Seca;Cruz;Sem?â?íforo;Comercial;0;0;2;1;0;0;0;0;0;0;0;0;-3,724540000000000;-38,519888000000000
321523;1;2;2018;11:23;1661;RUA JOAQUIM NABUCO;RUA VICENTE LINHARES;;0;;Colis?â?úo Lateral;Luz do Dia;Bom;Seca;Cruz;Sem?â?íforo;Comercial;0;1;1;1;0;0;0;0;0;1;0;0;-3,741195000000000;-38,503180000000000
321524;1;2;2018;13:00;0;AV AGUANAMBI;;;710;;Colis?â?úo Traseira;Luz do Dia;Bom;Seca;Cruz;Sem?â?íforo;Comercial;0;0;2;1;1;0;0;0;0;0;0;0;-3,743036700000000;-38,525940000000000
321525;1;2;2018;13:32;1566;RUA SILVA PAULET;RUA PDE VALDEVINO;;0;;Colis?â?úo Lateral;Luz do Dia;Bom;Seca;Cruz;Pare;Comercial;0;0;2;1;0;0;0;0;0;0;0;0;-3,741957000000000;-38,507851000000000
321526;1;2;2018;12:56;19377;RUA GERMANO FRANCK;RUA EDUARDO PERDIGAO;;0;;Colis?â?úo Lateral;Luz do Dia;Bom;Seca;Cruz;Sem?â?íforo;Comercial;0;0;2;1;1;0;0;0;0;0;0;0;-3,777704000000000;-38,562542000000000
321527;1;2;2018;14:03;0;AV LUCIANO CARNEIRO;;;1744;;Colis?â?úo Traseira;Luz do Dia;Bom;Seca;;;;0;0;2;1;0;0;0;0;0;0;0;0;-3,763511200000000;-38,536034000000000
321528;1;2;2018;13:54;5130;RUA CASTRO E SILVA;RUA FLORIANO PEIXOTO;;0;;Colis?â?úo Lateral;Luz do Dia;Bom;Seca;Cruz;Pare;Comercial;0;0;2;1;0;0;0;0;0;0;0;0;-3,724272000000000;-38,526110000000000
321529;1;2;2018;13:07;24340;RUA DES PRAXEDES;RUA SAO MATEUS D14;;0;;Colis?â?úo Transversal;Luz do Dia;Bom;Seca;Cruz;Pare;Residencial;0;0;2;1;0;0;0;0;0;0;0;0;-3,764329000000000;-38,538730000000000
321530;1;2;2018;13:40;7694;RUA RIO GRANDE DO SUL;RUA RIO GRANDE DO NORTE;;0;;Colis?â?úo Transversal;Luz do Dia;Bom;Seca;Cruz;Sem?â?íforo;Comercial;0;0;2;1;0;0;0;0;0;0;0;0;-3,758617000000000;-38,567559000000000
321531;1;2;2018;14:33;0;AV ROGACIANO LEITE;;;2440;;Colis?â?úo Traseira;Luz do Dia;Bom;Seca;Meio de Quadra;N?â?úo H?â?í Controle;Comercial;0;0;2;1;0;0;0;0;0;0;0;0;-3,776686200000000;-38,500618000000000
321532;1;2;2018;13:33;0;AV DR ALDY MENTOR;RUA FRANCISCO CRUZ;;0;;Colis?â?úo Transversal;Luz do Dia;Bom;Seca;Duplo T;Pare;Residencial;0;0;2;1;0;0;0;0;0;0;0;0;-3,752867500000000;-38,460415000000000
321533;1;2;2018;14:05;16983;RUA MARIA GOMES DE SA;RUA AURELIANO LEAL;;0;;Colis?â?úo Lateral;Luz do Dia;Bom;Seca;Cruz;Pare;Residencial;0;1;1;1;0;0;0;0;0;1;0;0;-3,823255000000000;-38,584124000000000
321534;1;2;2018;16:28;15348;RUA CANUTO DE AGUIAR;RUA PRO DIAS DA ROCHA;;0;;Colis?â?úo Transversal;Luz do Dia;Bom;Seca;Cruz;Pare;Comercial;0;0;2;1;0;0;0;0;0;0;0;0;-3,732186000000000;-38,490611000000000
321535;1;2;2018;16:50;17359;AV PRO GOMES DE MATOS;RUA IRM BAZET;;0;;Colis?â?úo Traseira;Luz do Dia;Bom;Seca;Cruz;Pare;Comercial;0;1;1;1;0;0;0;0;0;1;0;0;-3,766045000000000;-38,549810000000000
321536;1;2;2018;15:50;17359;AV PRO GOMES DE MATOS;RUA IRM BAZET;;0;;Colis?â?úo Transversal;Luz do Dia;Bom;Seca;Cruz;Pare;Comercial;0;3;0;0;0;0;0;0;0;1;0;0;-3,766045000000000;-38,549810000000000
321537;1;2;2018;20:46;0;AV CARNEIRO DE MENDONCA;;;0;;Colis?â?úo Lateral;Anoitecer;Bom;Seca;Outros;Pare;Comercial;0;0;2;1;0;0;0;1;0;0;0;0;-3,761743300000000;-38,571056000000000
321538;1;2;2018;19:30;0;RUA DA SAUDADE;;;85;;Choque c/ Obst?â?ículo Fixo;Via Iluminada;Bom;Seca;Meio de Quadra;N?â?úo H?â?í Controle;Residencial;0;0;4;1;0;0;0;0;0;0;0;0;-3,770621500000000;-38,543580000000000
321539;1;2;2018;18:30;0;AV PRS CASTELO BRANCO;;;4385;;Colis?â?úo Traseira;Via Iluminada;Bom;Seca;Meio de Quadra;Sem?â?íforo;Residencial;0;0;2;1;0;0;0;0;0;0;0;0;-3,706806700000000;-38,572098000000000
321540;1;2;2018;18:00;10695;RUA PRO HERIBALDO COSTA;RUA MON HIPOLITO BRASIL;;0;;Colis?â?úo;Via Iluminada;Bom;Seca;Cruz;Sem?â?íforo;Comercial;0;1;1;1;0;0;0;0;0;1;0;0;-3,757069000000000;-38,582275000000000
321541;2;2;2018;00:57;17370;RUA ALM RUBIM;RUA BAR SOBRAL;;0;;Colis?â?úo Lateral;Via Iluminada;Bom;Seca;Cruz;Pare;Residencial;0;1;1;1;0;0;0;0;0;1;0;0;-3,766572000000000;-38,554972000000000
321542;2;2;2018;08:10;14353;RUA BAR CRATO;RUA DEMOSTENES CARVALHO;;0;;Colis?â?úo Transversal;Luz do Dia;Bom;Seca;Cruz;Pare;Residencial;0;1;1;1;0;0;0;0;0;0;0;0;-3,721441000000000;-38,560305000000000
321543;2;2;2018;08:40;25943;RUA PDE IBIAPINA;RUA CARNEIRO DA CUNHA (JACARECANGA);;1117;;Colis?â?úo Lateral;Luz do Dia;Bom;Seca;T;Sem?â?íforo;Comercial;0;0;2;0;1;0;0;0;0;0;0;0;-3,724914000000000;-38,540752000000000
321544;2;2;2018;09:47;15238;RUA TEN BENEVOLO;RUA BAR ARACATI;;0;;Colis?â?úo Transversal;Luz do Dia;Bom;Seca;Cruz;Pare;Comercial;0;1;1;1;0;0;0;0;0;1;0;0;-3,727628000000000;-38,510266000000000
321545;2;2;2018;15:04;12837;RUA JAIME BENEVOLO;AV DOMINGOS OLIMPIO;;0;;Choque c/ Obst?â?ículo Fixo;Luz do Dia;Nublado;Molhada;Cruz;Sem?â?íforo;Comercial;0;0;1;0;1;0;0;0;0;0;0;0;-3,737780000000000;-38,527245000000000
321546;2;2;2018;20:40;7846;RUA JOSE VILAR;RUA JULIO SIQUEIRA;;0;;Colis?â?úo;Via Iluminada;Bom;Seca;Cruz;Pare;Residencial;0;1;1;1;0;0;0;0;0;1;0;0;-3,749493000000000;-38,509103000000000
327896;2;2;2018;10:11;0;AV DIOGUINHO;;;4400;;Colis?â?úo;Luz do Dia;;;Meio de Quadra;;;0;1;0;0;0;0;0;0;0;1;0;0;-3,753512500000000;-38,447104500000000
327897;2;2;2018;11:01;0;AV ENG SANTANA JUNIOR;;;0;;Queda;Luz do Dia;;;Meio de Quadra;;;0;1;0;0;0;0;0;0;0;1;0;0;;
327890;2;2;2018;01:06;0;AV GODOFREDO MACIEL;;;6061;;Atropelamento;;;;Meio de Quadra;;;0;1;0;1;0;0;0;0;0;0;0;0;-3,827258250000000;-38,579752481000000
327899;2;2;2018;11:08;0;AV L CJ JOSE WALTER;;;990;;Colis?â?úo;Luz do Dia;;;Meio de Quadra;;;0;0;1;0;0;0;0;0;0;0;0;0;-3,833372655000000;-38,558200655000000
327893;2;2;2018;07:52;0;RUA NAT FEIJO;;;1208;;Colis?â?úo;Luz do Dia;;;Meio de Quadra;;;0;1;1;0;0;0;0;0;0;0;0;0;-3,846810800000000;-38,505324100000000
327902;2;2;2018;11:21;0;RUA PDE PERDIGAO SAMPAIO;;;1495;;Colis?â?úo;Luz do Dia;;;Meio de Quadra;;;0;1;0;0;0;0;0;0;0;1;0;0;-3,748970000000000;-38,555760000000000
327911;2;2;2018;12:45;0;RUA GALILEU;;;355;;Queda;Luz do Dia;;;Meio de Quadra;;;0;1;0;0;0;1;0;0;0;0;0;0;-3,776547955000000;-38,552233091000000
327908;2;2;2018;12:26;25053;AV ODILON GUIMARAES;AV PRO JOSE ARTHUR CARVALHO;;0;;Colis?â?úo;Luz do Dia;;;Y;N?â?úo H?â?í Controle;Misto;0;1;0;0;0;0;0;0;0;1;0;0;-3,825468000000000;-38,479360000000000
327906;2;2;2018;12:08;0;AV CASTELO DE CASTRO;;;1237;;Colis?â?úo;Luz do Dia;;;Meio de Quadra;;;0;1;0;0;0;1;0;0;0;0;0;0;-3,840631400000000;-38,521575100000000
327955;2;2;2018;22:34;0;RUA JOAO FIRMINO;;;0;;Queda;;;;Meio de Quadra;;;0;1;0;0;0;0;0;0;0;1;0;0;;
327956;2;2;2018;22:40;0;AV JOSE BASTOS;;;3110;;Colis?â?úo;;;;Meio de Quadra;;;0;0;2;0;0;0;0;0;0;0;0;0;-3,744361200000000;-38,545127600000000
327957;2;2;2018;23:19;0;RUA CEL MATOS DOURADO;;;6858;;Colis?â?úo;;;;Meio de Quadra;;;0;1;0;0;0;0;0;0;0;1;0;0;;
327958;2;2;2018;23:59;0;AV WASHINGTON SOARES;;;2261;;Queda;;;;Meio de Quadra;;;0;1;0;0;0;1;0;0;0;0;0;0;-3,781240286000000;-38,481173572000000
327916;2;2;2018;15:49;0;AV SANTOS DUMONT;;;2789;;Colis?â?úo;Luz do Dia;;;Meio de Quadra;;;0;1;0;0;0;0;0;0;0;1;0;0;-3,735742709000000;-38,499883417000000
327917;2;2;2018;17:12;0;AV FRANCISCO SA;;;7630;;Colis?â?úo;Anoitecer;;;Meio de Quadra;;;0;1;0;0;0;0;0;0;0;1;0;0;-3,705954000000000;-38,586746500000000
327913;2;2;2018;14:02;0;RUA CEL MATOS DOURADO;;;661;;Queda;Luz do Dia;;;Meio de Quadra;;;0;1;0;0;0;0;0;0;0;1;0;0;-3,744795000000000;-38,584876000000000
327914;2;2;2018;15:19;22084;RUA CAP FRANCISCO PEDRO;RUA ANA NERY;;0;;Colis?â?úo;Luz do Dia;;;Cruz;Pare;Residencial;0;1;0;0;0;0;0;0;0;1;0;0;-3,747399000000000;-38,549085000000000
327921;2;2;2018;17:54;1558;RUA PDE VALDEVINO;AV BAR STUDART;;0;;Colis?â?úo;Anoitecer;;;Cruz;Sem?â?íforo;Residencial;0;1;0;0;0;0;0;0;0;1;0;0;-3,741641000000000;-38,508855000000000
327919;2;2;2018;17:44;0;RUA ALM RUBIM;;;459;;Atropelamento;Anoitecer;;;Meio de Quadra;;;0;1;0;0;0;0;0;0;0;1;0;0;-3,768795000000000;-38,555755200000000
327924;2;2;2018;18:06;0;RUA BRAGANCA;;;673;;Atropelamento;Anoitecer;;;Meio de Quadra;;;0;1;0;0;0;0;0;0;0;1;0;0;-3,779932238000000;-38,596344095000000
327944;2;2;2018;18:25;0;RUA BETEL;;;0;;Colis?â?úo;Anoitecer;;;Meio de Quadra;;;0;1;0;0;0;0;0;0;0;1;0;0;;
327952;2;2;2018;21:46;0;AV CEL CARVALHO;;;685;;Colis?â?úo;;;;Meio de Quadra;;;0;0;1;0;0;0;0;0;0;0;0;0;-3,706705500000000;-38,590820400000000
327953;2;2;2018;22:09;0;RUA TEN JOSE BARREIRA;;;349;;Atropelamento;;;;Meio de Quadra;;;0;1;0;0;0;0;0;0;0;1;0;0;-3,717910000000000;-38,571960000000000
327947;2;2;2018;19:20;10046;RUA BRAGANCA;RUA EMILIO DE MENESES;;0;;Atropelamento;;;;Cruz;Sem?â?íforo;Comercial;0;1;0;0;0;0;0;0;0;1;0;0;-3,779277000000000;-38,596166000000000
327948;2;2;2018;19:24;0;RUA SAO JOSE D03;;;225;;Queda;;;;Meio de Quadra;;;0;1;0;0;0;1;0;0;0;0;0;0;-3,716001500000000;-38,550271100000000
327044;2;2;2018;12:35;0;AV DIOGUINHO;;;4400;;Colis?â?úo;Luz do Dia;;;Meio de Quadra;;;0;1;1;1;0;0;0;0;0;1;0;0;-3,753512500000000;-38,447104500000000
327045;2;2;2018;16:20;22665;AV COS GOMES DE FREITAS (SAPIRANGA/COITE);AV ENG LEAL LIMA VERDE (SAPIRANGA/COITE);;0;;Colis?â?úo;Luz do Dia;;;Rotat?â??ria;D?â?¬ Prefer?â?¬ncia;Comercial;0;1;1;1;0;0;0;0;0;1;0;0;-3,795341000000000;-38,475739000000000
327046;2;2;2018;18:30;0;RD BR 116;;;5000;KM-05;Colis?â?úo;Anoitecer;;;Meio de Quadra;;;0;0;2;0;1;0;0;0;0;0;0;0;-3,796502000000000;-38,506787000000000
327049;2;2;2018;20:40;0;AV PASTEUR;;;526;;Colis?â?úo;Luz do Dia;;;Meio de Quadra;;;0;0;2;1;0;0;0;0;0;0;0;0;-3,710521688000000;-38,558659375000000
339051;2;2;2018;04:55;0;AV DES MOREIRA;;;0;;Choque c/ Obst?â?ículo Fixo;;;;Meio de Quadra;;;0;0;1;0;0;0;0;0;0;1;0;0;;
326682;2;2;2018;08:50;0;AV JOAO PESSOA;;;4693;;N?â?úo Informado;Luz do Dia;;;Meio de Quadra;;;0;1;1;1;0;0;0;0;0;1;0;0;-3,755700000000000;-38,552300000000000
326686;2;2;2018;20:00;0;AV AMERICO BARREIRA;;;6510;;Colis?â?úo Lateral;;;;Meio de Quadra;;;0;0;2;1;0;0;0;1;0;0;0;0;;
328119;2;2;2018;22:29;0;RUA VICENTE NOBRE MACEDO;;;146;;Colis?â?úo;;;;Meio de Quadra;;;0;1;0;0;0;0;0;0;0;0;0;0;-3,824312263000000;-38,484230842000000
328120;3;2;2018;00:05;3209;RUA VITAL BRASIL;RUA ANSELMO NOGUEIRA;;0;;Queda;;;;Cruz;Sem?â?íforo;Residencial;0;1;0;0;0;0;0;0;0;1;0;0;-3,781072000000000;-38,587181000000000
328121;3;2;2018;05:18;0;AV GOV RAUL BARBOSA;;;0;;Queda;Amanhecer;;;Meio de Quadra;;;0;1;0;0;0;0;0;0;0;1;0;0;;
328122;3;2;2018;07:09;5448;RUA METON DE ALENCAR;RUA BAR ARATANHA;;0;;Atropelamento;Luz do Dia;;;Cruz;Pare;Comercial;0;1;0;0;0;0;0;0;0;1;0;0;-3,734847000000000;-38,527028000000000
328123;3;2;2018;07:16;0;RD BR 116;;;0;;Colis?â?úo;Luz do Dia;;;Meio de Quadra;;;0;1;0;1;0;0;0;0;0;1;0;0;;
328125;3;2;2018;10:25;1566;RUA PDE VALDEVINO;RUA SILVA PAULET;;0;;Colis?â?úo;Luz do Dia;;;Cruz;Pare;Comercial;0;1;0;1;0;0;0;0;0;1;0;0;-3,741957000000000;-38,507851000000000
328126;3;2;2018;11:27;0;RUA JOAQUIM FEIJO;;;0;;Colis?â?úo;Luz do Dia;;;Meio de Quadra;;;0;1;0;1;0;0;0;0;0;1;0;0;;
328060;3;2;2018;19:12;0;AV MACIEL BEZERRA;;;2190;;Colis?â?úo;;;;Meio de Quadra;;;0;1;0;0;0;0;0;0;0;1;0;0;;
328061;3;2;2018;19:16;0;AV GODOFREDO MACIEL;;;0;;Colis?â?úo;;;;Meio de Quadra;;;0;1;0;0;0;0;0;0;0;1;0;0;;
328058;3;2;2018;19:06;0;RUA FRANCISCO XAVIER;;;103;;Colis?â?úo;;;;Meio de Quadra;;;0;1;0;0;0;0;0;0;0;1;0;0;-3,814427700000000;-38,622809200000000
328053;3;2;2018;18:53;0;AV G CJ JOSE WALTER;;;0;;Colis?â?úo;;;;Meio de Quadra;;;0;1;0;0;0;0;0;0;0;1;0;0;;
328050;3;2;2018;18:44;0;AV ALBERTO CRAVEIRO;;;2553;;Atropelamento;;;;Meio de Quadra;;;0;1;0;0;0;0;0;0;0;0;0;0;-3,802582854000000;-38,521041921000000
328038;3;2;2018;15:52;0;AV AUGUSTO DOS ANJOS;;;0;;Colis?â?úo;Luz do Dia;;;Meio de Quadra;;;0;0;1;0;0;0;0;0;0;1;0;0;;
328017;3;2;2018;15:49;5614;AV FLAMBOYANTS;AV ADENANTERAS;;0;;Colis?â?úo;Luz do Dia;;;Com Via F?â?®rrea;N?â?úo H?â?í Controle;Residencial;0;1;0;0;0;0;0;0;0;1;0;0;-3,752588000000000;-38,476249000000000
328012;3;2;2018;14:47;0;AV CASTELO DE CASTRO;;;0;;Atropelamento;Luz do Dia;;;Meio de Quadra;;;0;1;0;0;0;0;0;0;0;0;0;0;;
328008;3;2;2018;14:40;0;AV JOR THOMAZ COELHO;;;17;;Queda;Luz do Dia;;;Meio de Quadra;;;0;0;1;0;0;0;0;0;0;1;0;0;-3,832001800000000;-38,496057600000000
328004;3;2;2018;13:49;0;RUA STA MARIA GORETE;;;188;;Colis?â?úo;Luz do Dia;;;Meio de Quadra;;;0;1;0;0;0;0;0;0;0;1;0;0;-3,725317769000000;-38,602297000000000
327993;3;2;2018;12:52;0;RD BR 116;;;2000;KM-02;Colis?â?úo;Luz do Dia;;;Meio de Quadra;;;0;2;0;0;0;0;0;0;0;1;0;0;-3,771391000000000;-38,516780000000000
328000;3;2;2018;13:03;0;AV EDILSON B SOARES;;;2397;;Colis?â?úo;Luz do Dia;;;Meio de Quadra;;;0;1;0;0;0;0;0;0;0;1;0;0;-3,788054000000000;-38,464427000000000
327988;3;2;2018;10:47;0;RUA AZEVEDO BOLAO;;;346;;Colis?â?úo;Luz do Dia;;;Meio de Quadra;;;0;1;0;0;0;0;0;0;0;1;0;0;-3,734606500000000;-38,547726000000000
327989;3;2;2018;11:56;7805;RUA OSVALDO CRUZ (ALDEOTA);RUA FRANCISCO HOLANDA;;0;;Colis?â?úo;Luz do Dia;;;Cruz;N?â?úo H?â?í Controle;Comercial;0;1;0;0;0;0;0;0;0;1;0;0;-3,748713000000000;-38,504543000000000
327985;3;2;2018;10:13;0;RUA GAL CLARINDO DE QUEIROZ;;;1133;;Atropelamento;Luz do Dia;;;Meio de Quadra;;;0;1;0;0;0;0;0;0;0;1;0;0;-3,731443885000000;-38,534074308000000
328129;3;2;2018;12:55;0;RUA SAO LEOPOLDO D69;;;518;;Queda;Luz do Dia;;;Meio de Quadra;;;0;1;0;0;0;0;0;0;0;1;0;0;;
328266;3;2;2018;17:41;0;AV PRS JUSCELINO KUBITSCHEK (PASSAR?âÔÇ?);;;0;;Colis?â?úo;Anoitecer;;;Meio de Quadra;;;0;1;0;1;0;0;0;0;0;1;0;0;;
328263;3;2;2018;16:11;0;AV CONTORNO SUL;;;0;;Atropelamento;Luz do Dia;;;Meio de Quadra;;;0;1;0;0;0;0;0;0;0;0;0;0;;
328268;3;2;2018;10:04;0;AV SANTOS DUMONT;;;7785;;Colis?â?úo;Luz do Dia;;;Meio de Quadra;;;0;1;0;1;0;1;0;0;0;0;0;0;-3,749560000000000;-38,456450000000000
326692;3;2;2018;09:27;0;RUA MARIA GOMES DE SA;;;1582;;Colis?â?úo Traseira;Luz do Dia;;;Meio de Quadra;;;0;1;1;1;0;0;0;0;0;1;0;0;-3,823739981000000;-38,583725283000000
326694;3;2;2018;15:15;15126;AV HIS RAIMUNDO GIRAO;AV RUI BARBOSA;;0;;Colis?â?úo Lateral;Luz do Dia;;;Cruz;Sem?â?íforo;Comercial;0;0;2;1;1;0;0;0;0;0;0;0;-3,723546000000000;-38,505405000000000
326697;3;2;2018;21:50;15792;RUA PERGENTINO MAIA;RUA CEL FRANCISCO PEREIRA (MESSEJANA);;0;;Colis?â?úo Lateral;;;;Cruz;Pare;Comercial;0;1;1;0;1;0;0;0;0;1;0;0;-3,830868000000000;-38,492803000000000
327051;3;2;2018;17:25;26287;RUA STA MARIA GORETE;RUA DURVAL P COSTA;;0;;Colis?â?úo;Anoitecer;;;;;;0;1;1;1;0;0;0;0;0;1;0;0;;
327052;3;2;2018;14:40;0;RUA JUSTINIANO DE SERPA;;;226;;Colis?â?úo;Luz do Dia;;;Meio de Quadra;;;0;0;2;1;0;0;0;0;0;0;0;0;-3,733051520000000;-38,542459520000000
327062;3;2;2018;00:00;0;AV ENG HUMBERTO MONTE;;;2754;HM LANCHES;Colis?â?úo;;;;Meio de Quadra;;;0;0;2;0;0;0;0;0;0;0;0;0;-3,739666000000000;-38,568335500000000
327298;3;2;2018;19:40;0;RD BR 020;;;0;KM 426;Colis?â?úo Transversal;;;;Meio de Quadra;;;0;0;3;1;0;0;0;0;0;0;0;0;-3,863000000000000;-38,524000000000000
327320;3;2;2018;21:30;0;RD BR 116;;;5000;KM-05;Colis?â?úo;;;;Meio de Quadra;;;0;0;2;1;0;0;0;0;0;0;0;0;-3,796502000000000;-38,506787000000000
315183;3;2;2018;20:20;0;AV ALBERTO CRAVEIRO;;;2555;;Atropelamento;;;;Meio de Quadra;;;1;0;1;0;0;0;0;0;0;1;0;0;-3,802600056000000;-38,521055876000000