COD_ACIDENTE;DIA;MES;ANO;HORA;INTERSECAO;LOG1;LOG2;LOG3;NUMERO;REFERENCIA;NATUREZA;ILUMINACAO;TEMPO;SUPERFICIEPISTA;TIPOCRUZAMENTO;CONTROLETRAFEGO;USOSOLO;MORTOS;FERIDOS;ILESOS;AUTOMOVEL;ONIBUS;BICICLETA;CAMINHAO;MICROONIBUS;CICLOMOTOR;MOTOCICLETA;TRACAOANIMAL;TREM;LATITUDE;LONGITUDE
330223;3;2;2018;20:20;0;AV GODOFREDO MACIEL;;;2189;;Atropelamento;;;;Meio de Quadra;;;0;1;0;0;0;0;0;0;0;1;0;0;-3,794921356000000;-38,569435576000000
330224;3;2;2018;20:29;0;RUA AMADEU FURTADO;;;436;;Colis?â?úo;;;;Meio de Quadra;;;0;1;0;0;0;0;0;0;0;1;0;0;-3,739358600000000;-38,563290600000000
330226;3;2;2018;20:48;0;RUA MARTINS NETO;;;317;;Colis?â?úo;;;;Meio de Quadra;;;0;2;0;0;0;0;0;0;0;0;0;0;-3,740201000000000;-38,587841000000000
330229;3;2;2018;21:28;0;AV PASTEUR;;;1403;;Queda;;;;Meio de Quadra;;;0;0;1;0;0;0;0;0;0;1;0;0;-3,718087222000000;-38,561159518000000
330235;3;2;2018;22:18;24226;RUA DES WALDETARIO P MOTA;RUA FAUSTO CABRAL;;0;;Colis?â?úo;;;;Cruz;Pare;Comercial;0;1;0;0;0;0;0;0;0;1;0;0;-3,733093000000000;-38,478283000000000
330238;3;2;2018;22:40;0;AV PRS COSTA E SILVA;;;5581;;Queda;;;;Meio de Quadra;;;0;1;0;0;0;0;0;0;0;1;0;0;;
330248;3;2;2018;23:44;0;RUA JULIO BRAGA;;;1544;;Atropelamento;;;;Meio de Quadra;;;0;1;0;1;0;0;0;0;0;0;0;0;-3,773246000000000;-38,584407000000000
321547;3;2;2018;09:45;0;AV MON TABOSA;;;1255;;Colis?â?úo Traseira;Luz do Dia;Nublado;Molhada;Meio de Quadra;N?â?úo H?â?í Controle;Comercial;0;0;2;0;0;0;0;1;0;1;0;0;-3,724284400000000;-38,508358000000000
321548;3;2;2018;09:50;0;RUA RAIMUNDO NERY;;;133;;Colis?â?úo Traseira;Luz do Dia;Bom;Seca;N?â?úo Informado;N?â?úo H?â?í Controle;Comercial;0;0;2;1;0;0;0;0;0;0;0;0;-3,796584100000000;-38,585255000000000
321549;3;2;2018;10:09;0;AV ALBERTO NEPOMUCENO;RUA SOBRAL D03;;0;;N?â?úo Informado;Luz do Dia;Bom;Seca;Outros;Sem?â?íforo;Comercial;0;0;2;1;1;0;0;0;0;0;0;0;-3,724378600000000;-38,525055000000000
321550;3;2;2018;13:39;0;AV JOSE BASTOS;;;3770;;Colis?â?úo Traseira;Luz do Dia;Bom;Seca;Meio de Quadra;N?â?úo H?â?í Controle;Comercial;0;0;2;1;0;0;0;0;0;0;0;0;-3,750731700000000;-38,551240000000000
321551;3;2;2018;13:40;0;RUA PEDRO I;;;520;;Colis?â?úo Traseira;Luz do Dia;Bom;Seca;Meio de Quadra;Sem?â?íforo;Comercial;0;0;2;1;0;0;0;0;0;1;0;0;-3,730905000000000;-38,529590000000000
321552;3;2;2018;12:30;0;RUA ILDEFONSO ALBANO;;;1481;;Colis?â?úo Traseira;Luz do Dia;Nublado;Seca;Meio de Quadra;N?â?úo H?â?í Controle;Comercial;0;0;2;1;0;0;0;0;0;0;0;0;-3,733713200000000;-38,513386000000000
321553;3;2;2018;12:45;0;AV EDILSON B SOARES;;;2397;;Colis?â?úo Traseira;Luz do Dia;Bom;Seca;Meio de Quadra;N?â?úo H?â?í Controle;Comercial;0;0;2;1;1;0;0;0;0;0;0;0;-3,788118800000000;-38,464620000000000
321554;3;2;2018;15:04;25615;AV EDILSON B SOARES;RUA NADIR SABOYA (EDSON QUEIROZ/SAPIRANGA);;2315;;Colis?â?úo Transversal;Luz do Dia;Bom;Seca;Cruz;Pare;Residencial;0;0;2;1;0;0;0;0;0;0;0;0;-3,788125000000000;-38,465199000000000
321555;3;2;2018;16:39;0;RUA NOGUEIRA ACIOLI;;;349;;Colis?â?úo Traseira;Luz do Dia;Bom;Seca;Meio de Quadra;N?â?úo H?â?í Controle;Comercial;0;0;1;1;0;0;0;0;0;0;0;0;-3,726950400000000;-38,515903000000000
321556;3;2;2018;18:03;0;AV ALBERTO NEPOMUCENO;;;0;;Colis?â?úo Lateral;Anoitecer;Bom;Seca;Cruz;Sem?â?íforo;Comercial;0;0;2;1;0;0;0;0;0;0;0;0;-3,723728400000000;-38,524757000000000
321557;3;2;2018;16:00;0;RUA ANTONIO NERY;;;710;;Colis?â?úo Lateral;Luz do Dia;Bom;Seca;Meio de Quadra;Pare;Residencial;0;1;1;0;0;1;0;0;0;1;0;0;-3,778827000000000;-38,600388000000000
321558;3;2;2018;20:05;5259;RUA POCINHO;RUA SENA MADUREIRA;;0;;Colis?â?úo Lateral;Via Iluminada;Bom;Seca;Cruz;Sem?â?íforo;Comercial;0;0;2;1;0;0;0;0;0;0;0;0;-3,728162000000000;-38,525841000000000
321559;3;2;2018;20:10;0;AV CARAPINIMA;;;2415;;Colis?â?úo Transversal;Via Iluminada;Bom;Seca;Meio de Quadra;N?â?úo H?â?í Controle;Comercial;0;0;2;1;0;0;0;0;0;0;0;0;-3,740639236000000;-38,540875176000000
321560;3;2;2018;20:17;1445;RUA VICENTE LEITE;RUA DES LEITE ALBUQUERQUE;;0;;Colis?â?úo Transversal;Mal Iluminada;Bom;Seca;Cruz;Pare;Residencial;0;1;1;1;0;0;0;0;0;1;0;0;-3,738178000000000;-38,495734000000000
321562;4;2;2018;04:00;0;AV CEL CARVALHO;;;51;;Colis?â?úo Transversal;Via Iluminada;Bom;Seca;Meio de Quadra;N?â?úo H?â?í Controle;Residencial;0;0;1;1;0;0;0;0;0;0;0;0;-3,702765200000000;-38,591740000000000
321563;4;2;2018;07:34;0;AV PRS CASTELO BRANCO;;;0;;Colis?â?úo Traseira;Luz do Dia;Bom;Seca;Meio de Quadra;Sem?â?íforo;Comercial;0;0;2;1;0;0;0;0;0;0;0;0;-3,723517700000000;-38,520073000000000
321564;4;2;2018;08:34;5159;AV IMPERADOR;RUA GUILHERME ROCHA;;0;;Colis?â?úo Transversal;Luz do Dia;Bom;Seca;Cruz;Sem?â?íforo;Comercial;0;1;1;1;0;0;0;0;0;1;0;0;-3,725081000000000;-38,533829000000000
321566;4;2;2018;09:40;15807;RUA PERGENTINO MAIA;RUA CEL DIONISIO ALENCAR;;0;;Colis?â?úo Traseira;Luz do Dia;Nublado;Seca;Cruz;Pare;Comercial;0;0;2;0;0;0;0;1;0;0;0;0;-3,831561000000000;-38,487711000000000
321567;4;2;2018;13:26;15350;AV DES MOREIRA;RUA PEREIRA VALENTE;;0;;Capotamento;Luz do Dia;Bom;Seca;Cruz;Sem?â?íforo;Residencial;0;0;2;1;0;0;0;0;0;0;0;0;-3,732253000000000;-38,497076000000000
321568;4;2;2018;15:24;17363;RUA ALBERTO MAGNO;RUA CEL ALEXANDRINO;;0;;Colis?â?úo Lateral;Luz do Dia;Bom;Seca;Cruz;Sem?â?íforo;Comercial;0;1;1;1;0;0;0;0;0;0;0;0;-3,766199000000000;-38,551141000000000
321569;4;2;2018;19:32;0;AL ANGELICAS;;;300;;Colis?â?úo Traseira;Via Iluminada;Bom;Seca;Outros;N?â?úo H?â?í Controle;Comercial;0;0;1;1;0;0;0;0;0;0;0;0;-3,748504600000000;-38,471640000000000
330256;4;2;2018;01:51;0;AV SIQUEIRA CAMPOS;;;0;;Colis?â?úo;;;;Meio de Quadra;;;0;1;1;0;0;0;0;0;0;1;0;0;;
330257;4;2;2018;01:54;0;AV C CJ JOSE WALTER;;;1425;;Queda;;;;Meio de Quadra;;;0;1;0;0;0;0;0;0;0;1;0;0;;
330259;4;2;2018;01:57;0;AV C CJ JOSE WALTER;;;1381;;Atropelamento;;;;Meio de Quadra;;;0;1;1;1;0;0;0;0;0;0;0;0;;
331399;4;2;2018;02:53;0;TR ANTONIO MAGALHAES;;;309;;Queda;;;;Meio de Quadra;;;0;1;0;0;0;0;0;0;0;1;0;0;-3,834170000000000;-38,475800000000000
327063;4;2;2018;02:45;0;RUA LUIS VIEIRA;;;0;;Colis?â?úo;;;;Meio de Quadra;;;0;0;2;1;0;0;0;0;0;0;0;0;;
327065;4;2;2018;04:44;12395;AV LINEU MACHADO;RUA CUIABA;;0;;Colis?â?úo;Luz do Dia;;;Cruz;Pare;Comercial;0;1;1;0;0;0;0;0;0;1;0;0;-3,769181000000000;-38,578620000000000
327066;4;2;2018;17:16;2412;AV FRANCISCO SA;RUA IRAPUA;;0;;Colis?â?úo;Anoitecer;;;Cruz;Pare;Residencial;0;1;1;0;0;0;0;0;0;1;0;0;-3,706356000000000;-38,586099000000000
326683;4;2;2018;15:00;15808;RUA STA CLARA DE ASSIS;AV JOR THOMAZ COELHO;;0;;Colis?â?úo Lateral;Luz do Dia;Nublado;Seca;T;Sem?â?íforo;Comercial;0;0;2;0;1;0;0;0;0;0;0;0;-3,831579000000000;-38,502808000000000
326684;4;2;2018;01:00;0;AV 13 DE MAIO;;;1025;;Outros;Via Iluminada;Bom;Seca;Meio de Quadra;Outros;Comercial;0;0;2;1;0;0;0;0;0;0;0;0;-3,750148517000000;-38,528366379000000
326685;4;2;2018;01:30;1708;RUA CAP OLAVO;RUA CAP URUGUAI D46;;0;;Colis?â?úo Transversal;Via Iluminada;Bom;Seca;Cruz;Pare;Residencial;0;0;2;1;0;0;0;0;0;0;0;0;-3,767066000000000;-38,515652000000000
328453;4;2;2018;01:21;0;RUA PESSOA ANTA;;;35;;Colis?â?úo;;;;Meio de Quadra;;;0;1;0;0;0;0;0;0;0;0;0;0;-3,721197414000000;-38,522717517000000
332039;4;2;2018;03:16;0;RUA OSCAR ARARIPE;;;149;;Queda;;;;;;;0;1;0;0;0;0;0;0;0;1;0;0;-3,793424526000000;-38,592649700000000
332040;4;2;2018;04:02;0;AV SANTOS DUMONT;;;6580;;Capotamento;;;;Meio de Quadra;;;0;1;0;1;0;0;0;0;0;0;0;0;-3,744123035000000;-38,473888862000000
332047;4;2;2018;10:15;26227;AV GAL OSORIO DE PAIVA;RUA AGAMENON;;0;;Colis?â?úo;Luz do Dia;;;Cruz;Sem?â?íforo;Comercial;0;1;1;0;0;0;0;0;0;1;0;0;-3,790352000000000;-38,587998000000000
332048;4;2;2018;12:01;0;AV GAL OSORIO DE PAIVA;;;0;;Atropelamento;Luz do Dia;;;Meio de Quadra;;;0;1;1;0;0;0;0;0;0;0;0;0;;
332049;4;2;2018;13:23;0;RUA PEDRO MACHADO;;;459;;Queda;Luz do Dia;;;Meio de Quadra;;;0;1;0;0;0;0;0;0;0;1;0;0;-3,756305830000000;-38,547799681000000
332050;4;2;2018;13:54;0;RUA D CJ VILA VELHA;;;483;;Colis?â?úo;Luz do Dia;;;Meio de Quadra;;;0;1;1;1;0;0;0;0;0;1;0;0;;
332051;4;2;2018;15:07;0;AV PRS COSTA E SILVA;;;1822;;Colis?â?úo;Luz do Dia;;;Meio de Quadra;;;0;1;1;0;0;0;0;0;0;0;0;0;-3,818682700000000;-38,563910300000000
332045;4;2;2018;08:58;0;RUA PRO HERIBALDO COSTA;;;1235;;Colis?â?úo;Luz do Dia;;;Meio de Quadra;;;0;1;1;0;0;0;1;0;0;1;0;0;-3,763187000000000;-38,585533500000000
332053;4;2;2018;15:14;6564;AV G CJ CEARA;AV H CJ CEARA;;0;;Colis?â?úo;Luz do Dia;;;T;Pare;Misto;0;1;1;1;0;1;0;0;0;0;0;0;-3,775739000000000;-38,610167000000000
332055;4;2;2018;15:55;0;RUA CONRADO CABRAL;;;427;;Queda;Luz do Dia;;;Meio de Quadra;;;0;1;0;0;0;0;0;0;0;1;0;0;-3,729614000000000;-38,549475000000000
332056;4;2;2018;16:09;0;AV CASTELO DE CASTRO;;;0;;Colis?â?úo;Luz do Dia;;;Meio de Quadra;;;0;1;1;0;0;0;0;0;0;0;0;0;;
332057;4;2;2018;16:19;0;AV GODOFREDO MACIEL;;;6310;;Queda;Luz do Dia;;;Meio de Quadra;;;0;1;0;0;0;1;0;0;0;0;0;0;-3,830553000000000;-38,580817000000000
332060;4;2;2018;17:56;18320;RUA ARARIUS;AV HIS RAIMUNDO GIRAO;;0;;Colis?â?úo;Anoitecer;;;Cruz;Sem?â?íforo;Residencial;0;1;1;0;0;0;0;0;0;0;0;0;-3,720447000000000;-38,513581000000000
332061;4;2;2018;18:55;0;RUA ENG JOAO NOGUEIRA;;;671;;Queda;;;;Meio de Quadra;;;0;1;0;0;0;0;0;0;0;1;0;0;-3,713069100000000;-38,562105600000000
332069;4;2;2018;20:24;0;RUA DOM HENRIQUE;;;260;;Colis?â?úo;;;;Meio de Quadra;;;0;1;1;1;0;0;0;0;0;1;0;0;-3,789291000000000;-38,579660000000000
332070;4;2;2018;20:30;0;RD CE-040;;;11140;KM-11;Capotamento;;;;Meio de Quadra;;;0;1;0;1;0;0;0;0;0;0;0;0;-3,849626230000000;-38,476069890000000
332071;4;2;2018;21:22;0;AV BENJAMIM BRASIL;;;1600;;Colis?â?úo;;;;Meio de Quadra;;;0;1;1;1;0;0;0;0;0;1;0;0;-3,806300000000000;-38,562623000000000
332072;4;2;2018;21:33;0;RUA JOAO GENTIL;;;0;;Colis?â?úo;;;;Meio de Quadra;;;0;1;1;0;0;0;0;0;0;0;0;0;;
332073;4;2;2018;21:34;0;RUA 4 CJ ANTONIO CORREIA;;;1095;;Queda;;;;Meio de Quadra;;;0;1;0;0;0;0;0;0;0;1;0;0;;
332074;4;2;2018;21:43;15130;RUA CARLOS VASCONCELOS;RUA DR ATUALPA BARBOSA LIMA (P. IRACEMA);;0;;Queda;;;;Cruz;N?â?úo H?â?í Controle;Residencial;0;1;0;0;0;0;0;0;0;1;0;0;-3,723701000000000;-38,507791000000000
332075;4;2;2018;23:14;0;AV SEN FERNANDES TAVORA;;;3250;;Colis?â?úo;;;;Meio de Quadra;;;0;1;1;0;0;0;0;0;0;1;0;0;-3,754628000000000;-38,600984000000000
332065;4;2;2018;19:14;0;RD DR MENDEL STEINBRUCH;;;5608;;Queda;;;;Meio de Quadra;;;0;1;0;0;0;0;0;0;0;1;0;0;;
332066;4;2;2018;19:17;0;RUA DEMOSTENES CARVALHO;;;404;;Colis?â?úo;;;;Meio de Quadra;;;0;1;1;1;0;0;0;0;0;1;0;0;-3,722820000000000;-38,559990000000000
332067;4;2;2018;20:17;0;AV CARNEIRO DE MENDONCA;;;0;;Atropelamento;;;;Meio de Quadra;;;0;1;1;1;0;0;0;0;0;0;0;0;;
332083;5;2;2018;09:55;0;RUA FRE ODILON;;;1501;;Colis?â?úo;Luz do Dia;;;Meio de Quadra;;;0;1;1;1;0;0;0;0;0;1;0;0;-3,732657344000000;-38,572612281000000
332084;5;2;2018;11:32;0;RUA EDUARDO PERDIGAO;;;131;;Colis?â?úo;Luz do Dia;;;Meio de Quadra;;;0;1;1;1;0;0;0;0;0;1;0;0;-3,775579000000000;-38,564769000000000
332085;5;2;2018;11:37;0;RUA BERNARDO MANUEL;;;10923;;Queda;Luz do Dia;;;Meio de Quadra;;;0;1;0;0;0;0;0;0;0;1;0;0;-3,814453127000000;-38,556207830000000
332076;5;2;2018;01:38;26246;RUA JOSE ABILIO;RUA ANTONIO NERY;;0;;Colis?â?úo;;;;;;;0;2;0;0;0;0;0;0;0;1;0;0;-3,783022000000000;-38,601574000000000
332077;5;2;2018;03:01;0;AV PRS CASTELO BRANCO;;;0;;Queda;;;;Meio de Quadra;;;0;1;0;0;0;0;0;0;0;1;0;0;;
332078;5;2;2018;04:25;0;RUA ESTADO DO RIO;;;558;;Colis?â?úo;;;;Meio de Quadra;;;0;1;1;1;0;1;0;0;0;0;0;0;-3,755293149000000;-38,568815468000000
332079;5;2;2018;06:04;0;AV JOSE BASTOS;;;5285;;Queda;Luz do Dia;;;Meio de Quadra;;;0;1;0;0;0;0;0;0;0;1;0;0;-3,758717760000000;-38,563271160000000
332080;5;2;2018;06:10;0;AV TEN LISBOA;;;1000;;Queda;Luz do Dia;;;Meio de Quadra;;;0;1;0;0;0;0;0;0;0;1;0;0;-3,718199100000000;-38,544510000000000
332091;5;2;2018;16:58;0;RUA ARRUDA CAMARA;;;780;;Atropelamento;Luz do Dia;;;Meio de Quadra;;;0;1;1;1;0;0;0;0;0;0;0;0;-3,788281520000000;-38,584893440000000
332092;5;2;2018;17:23;0;RUA FRE TEODORO;;;0;;Queda;Anoitecer;;;Meio de Quadra;;;0;1;0;0;0;1;0;0;0;0;0;0;;
332093;5;2;2018;17:50;0;RUA ESPIRITO SANTO;;;129;;Colis?â?úo;Anoitecer;;;Meio de Quadra;;;0;1;1;1;0;0;0;0;0;1;0;0;-3,750222857000000;-38,566430714000000
332094;5;2;2018;22:20;18298;AV ALM BARROSO;RUA CARIRIS;;0;;Colis?â?úo;;;;T;Sem?â?íforo;Comercial;0;1;1;1;0;0;0;0;0;1;0;0;-3,720485000000000;-38,517341000000000
332095;5;2;2018;22:48;0;AV TRISTAO GONCALVES;;;1075;;Atropelamento;;;;Meio de Quadra;;;0;1;1;1;0;0;0;0;0;0;0;0;-3,731219448000000;-38,534443448000000
332096;5;2;2018;23:22;0;RUA DOM XISTO ALBANO;;;1257;;Queda;;;;Meio de Quadra;;;0;1;0;0;0;1;0;0;0;0;0;0;-3,795299629000000;-38,583986177000000
332087;5;2;2018;16:52;0;AV WASHINGTON SOARES;;;4055;;Colis?â?úo;Luz do Dia;;;Meio de Quadra;;;0;1;1;1;0;0;0;0;0;1;0;0;-3,792377667000000;-38,480220000000000
318042;5;2;2018;09:30;0;RD BR 116;;;16000;KM-16;Atropelamento;Luz do Dia;;;Meio de Quadra;;;1;0;1;0;0;0;0;0;0;0;0;0;-3,761165700000000;-38,519056700000000
326687;5;2;2018;12:20;21612;RUA DOM XISTO ALBANO;RUA JOAO RAMALHO;;0;;Atropelamento;Luz do Dia;Chuva;Molhada;Cruz;Pare;Residencial;0;1;1;0;1;0;0;0;0;0;0;0;-3,799374000000000;-38,587726000000000
326688;5;2;2018;12:05;0;RUA SENA MADUREIRA;;;723;;Colis?â?úo Traseira;Luz do Dia;Bom;Molhada;Meio de Quadra;Sem?â?íforo;Comercial;0;0;2;0;1;0;0;0;0;0;0;0;-3,726661643000000;-38,525913286000000
326693;5;2;2018;22:10;0;AV PRS JUSCELINO KUBITSCHEK (PASSAR?âÔÇ?);;;5800;;Colis?â?úo Traseira;Via Iluminada;Bom;Seca;Meio de Quadra;Pare;Comercial;0;0;4;1;0;0;0;0;0;0;0;0;;
326691;5;2;2018;13:25;9257;RUA CEL PERGENTINO FERREIRA;AV AGUANAMBI;;0;;Colis?â?úo Lateral;Luz do Dia;Nublado;Molhada;Cruz;Sem?â?íforo;Comercial;0;0;2;1;1;0;0;0;0;0;0;0;-3,748634000000000;-38,524049000000000
327067;5;2;2018;13:43;0;AV SEN CARLOS JEREISSATI (AEROPORTO);;;0;KM 02;Colis?â?úo;Luz do Dia;;;Meio de Quadra;;;0;1;1;1;0;0;0;0;0;1;0;0;-3,782194000000000;-38,535424000000000
327068;5;2;2018;17:00;0;AV CESAR CALS;;;784;;Colis?â?úo;Anoitecer;;;Meio de Quadra;;;0;1;1;0;0;0;0;0;0;1;0;0;-3,743779200000000;-38,453471500000000
327069;5;2;2018;21:40;13415;RUA ILDEFONSO ALBANO;RUA JOAQUIM TORRES;;0;;Colis?â?úo;;;;Cruz;N?â?úo H?â?í Controle;Misto;0;1;1;1;0;0;0;0;0;1;0;0;-3,741952000000000;-38,516167000000000
327097;5;2;2018;21:35;25254;RUA CRISANTO M DA ROCHA;RUA JOAQUIM DE FIGUEIREDO FILHO;;0;;Colis?â?úo;;;;Cruz;Pare;Residencial;0;0;1;1;0;0;0;0;0;0;0;0;-3,801597000000000;-38,481375000000000
338264;5;2;2018;06:31;0;RUA MARTINS DE CASTRO;;;2967;;Colis?â?úo;Luz do Dia;;;Meio de Quadra;;;0;1;1;1;0;0;0;0;0;1;0;0;;
321570;5;2;2018;06:53;0;RUA GERMANO FRANCK;;;375;;Colis?â?úo Traseira;Luz do Dia;Chuva;Molhada;Meio de Quadra;Sem?â?íforo;Comercial;0;0;2;0;0;0;0;0;0;0;0;0;-3,775191500000000;-38,559666000000000
321571;5;2;2018;08:18;0;AV JOAO PESSOA;;;5819;;Colis?â?úo Transversal;Luz do Dia;Chuva;Molhada;Meio de Quadra;N?â?úo H?â?í Controle;Residencial;0;0;2;0;1;0;0;0;0;0;0;0;-3,761218800000000;-38,557040000000000
321572;5;2;2018;09:04;0;AV JOAO PESSOA;;;4260;;Colis?â?úo Traseira;Luz do Dia;Chuva;Molhada;Meio de Quadra;N?â?úo H?â?í Controle;Comercial;0;0;3;1;0;0;0;0;0;0;0;0;-3,750947500000000;-38,548206000000000
321573;5;2;2018;08:10;0;RUA ANA GONCALVES;;;662;;Colis?â?úo Traseira;Luz do Dia;Chuva;Molhada;Meio de Quadra;N?â?úo H?â?í Controle;Residencial;0;0;2;0;1;0;0;0;0;0;0;0;-3,759397700000000;-38,510200000000000
321574;5;2;2018;10:11;9168;AV LUCIANO CARNEIRO;AV BORGES DE MELO;;0;;Colis?â?úo Traseira;Luz do Dia;Nublado;Molhada;Cruz;Sem?â?íforo;Residencial;0;0;2;1;0;0;0;0;0;0;0;0;-3,756465000000000;-38,534097000000000
321575;5;2;2018;12:50;25769;AV DR SILAS MUNGUBA;RUA CORUMBA;;5571;;Colis?â?úo Traseira;Luz do Dia;Chuva;Molhada;Duplo T;Pare;Comercial;0;0;3;1;1;0;0;0;0;0;0;0;-3,801188000000000;-38,530014000000000
321576;5;2;2018;13:46;25697;RUA ROCHA LIMA;RUA JOAO CORDEIRO;;0;;Colis?â?úo Lateral;Luz do Dia;Nublado;Molhada;Cruz;Pare;Residencial;0;0;2;1;0;0;0;0;0;0;0;0;-3,738000000000000;-38,517275000000000
321577;5;2;2018;14:31;0;RUA ILDEFONSO ALBANO;;;1120;;Colis?â?úo Traseira;Luz do Dia;Nublado;Molhada;Meio de Quadra;Sem?â?íforo;Residencial;0;0;1;1;0;0;0;0;0;0;0;0;-3,729941800000000;-38,512165000000000
321578;5;2;2018;15:38;0;AV ALM HENRIQUE SABOIA;;;0;;Engavetamento;Luz do Dia;Chuva;Material Derrapante;Meio de Quadra;N?â?úo H?â?í Controle;Escola;0;0;3;1;1;0;0;0;0;0;0;0;-3,746572500000000;-38,491620000000000
321579;5;2;2018;15:59;0;RUA JARDIM FLUMINENSE;;;1207;;Colis?â?úo Lateral;Luz do Dia;Bom;Seca;Meio de Quadra;N?â?úo H?â?í Controle;Residencial;0;1;1;0;0;0;0;0;0;1;0;0;-3,810876000000000;-38,601180000000000
321580;5;2;2018;18:20;0;AV DEP PAULINO ROCHA;;;55;;Colis?â?úo Traseira;Via Iluminada;Nublado;Seca;Outros;Sem?â?íforo;Comercial;0;0;2;1;0;0;0;0;0;0;0;0;-3,802151200000000;-38,507880000000000
321581;5;2;2018;16:55;7909;AV DES MOREIRA;RUA FRANCISCO HOLANDA;;0;;Colis?â?úo;Luz do Dia;Bom;Seca;Cruz;Gesto;Comercial;0;1;1;1;0;0;0;0;0;1;0;0;-3,749355000000000;-38,502540000000000
321582;5;2;2018;16:31;0;AV TRISTAO GONCALVES;;;969;;Colis?â?úo Lateral;Via Iluminada;Bom;Seca;Cruz;N?â?úo H?â?í Controle;Comercial;0;1;1;0;0;0;0;0;0;1;0;0;-3,730033600000000;-38,534275000000000
321583;5;2;2018;17:15;13526;RUA BAR ARACATI;RUA PDE CHEVALIER;;0;;Colis?â?úo Transversal;Luz do Dia;Nublado;Seca;Cruz;Pare;Residencial;0;0;2;1;0;0;0;0;0;0;0;0;-3,747444000000000;-38,516698000000000
321585;5;2;2018;19:50;25067;AV DOS EXPEDICIONARIOS;RUA DES PRAXEDES;;0;;Colis?â?úo Transversal;Via Iluminada;Nublado;Seca;Cruz;Sem?â?íforo;Residencial;0;0;2;1;0;0;0;0;0;1;0;0;-3,763679000000000;-38,540839000000000
321586;5;2;2018;17:48;26136;AV ENG LEAL LIMA VERDE (SAPIRANGA/COITE);RUA EDUARDO NOVAES;;0;;Queda;Anoitecer;Bom;Seca;Cruz;Pare;Residencial;0;1;0;0;0;0;0;0;0;1;0;0;-3,800353000000000;-38,475282000000000
321589;5;2;2018;09:00;23343;AV PONTES VIEIRA;RUA TIBURCIO CAVALCANTE;;0;;Colis?â?úo Traseira;Luz do Dia;Chuva;Molhada;Cruz;Sem?â?íforo;Comercial;0;0;1;1;0;0;0;0;0;0;0;0;-3,752053000000000;-38,507749000000000
321592;5;2;2018;20:40;15815;RUA MANUEL CASTELO BRANCO;RUA CEL GUILHERME ALENCAR;;0;;Colis?â?úo Transversal;Luz do Dia;Bom;Seca;Cruz;Pare;Comercial;0;0;2;1;0;0;0;0;0;0;0;0;-3,831934000000000;-38,491829000000000
321593;6;2;2018;11:45;0;RUA PRO TEODORICO;;;883;;Colis?â?úo Lateral;Luz do Dia;Nublado;Seca;Cruz;Pare;Comercial;0;0;2;1;0;0;0;0;0;0;0;0;-3,769247800000000;-38,552063000000000
321594;6;2;2018;13:50;7999;RUA ANA NERY;RUA CARLOS CAMARA;;0;;Colis?â?úo Transversal;Luz do Dia;Nublado;Seca;Cruz;Pare;Comercial;0;0;2;1;0;0;0;0;0;0;0;0;-3,750211000000000;-38,545958000000000
321590;6;2;2018;10:49;24331;AV LUCIANO CARNEIRO;RUA ARMANDO MONTEIRO;;0;;Colis?â?úo Transversal;Luz do Dia;Chuva;Molhada;Cruz;Pare;Comercial;0;0;2;1;0;0;0;0;0;0;0;0;-3,763454000000000;-38,536219000000000
321591;6;2;2018;10:30;0;AV DOS EXPEDICIONARIOS;;;3602;;N?â?úo Informado;Luz do Dia;Chuva;Molhada;Cruz;N?â?úo H?â?í Controle;Comercial;0;0;2;0;0;0;0;0;0;1;0;0;-3,749894600000000;-38,536705000000000
321587;6;2;2018;06:54;9020;RUA JAIME BENEVOLO;RUA SALDANHA MARINHO;;0;;Colis?â?úo Transversal;Luz do Dia;Bom;Molhada;Cruz;Sem?â?íforo;Comercial;0;0;2;1;1;0;0;0;0;0;0;0;-3,743046000000000;-38,528994000000000
321588;6;2;2018;08:17;25519;AV GOV RAUL BARBOSA;AV ALM HENRIQUE SABOIA;;0;;Colis?â?úo Traseira;Luz do Dia;Bom;Seca;Meio de Quadra;N?â?úo H?â?í Controle;Comercial;0;0;2;1;0;0;0;0;0;0;0;0;-3,758466000000000;-38,504580000000000
321596;6;2;2018;07:11;0;RUA JORGE DUMAR;;;2067;;Colis?â?úo Traseira;Luz do Dia;Nublado;Molhada;Meio de Quadra;N?â?úo H?â?í Controle;Escola;0;1;1;1;0;0;0;0;0;1;0;0;-3,753764200000000;-38,539585000000000
321597;6;2;2018;17:30;7957;AV BAR STUDART;AV PONTES VIEIRA;;0;;Colis?â?úo Lateral;Anoitecer;Bom;Seca;T;Sem?â?íforo;Comercial;0;0;2;1;1;0;0;0;0;0;0;0;-3,752590000000000;-38,512361000000000
321598;6;2;2018;19:13;13542;AV SORIANO ALBUQUERQUE;RUA BAR ARACATI;;0;;Colis?â?úo Transversal;Via Iluminada;Bom;Seca;Duplo T;Pare;Residencial;0;0;1;1;0;0;0;0;0;1;0;0;-3,748453000000000;-38,517030000000000