COD_ACIDENTE;DIA;MES;ANO;HORA;INTERSECAO;LOG1;LOG2;LOG3;NUMERO;REFERENCIA;NATUREZA;ILUMINACAO;TEMPO;SUPERFICIEPISTA;TIPOCRUZAMENTO;CONTROLETRAFEGO;USOSOLO;MORTOS;FERIDOS;ILESOS;AUTOMOVEL;ONIBUS;BICICLETA;CAMINHAO;MICROONIBUS;CICLOMOTOR;MOTOCICLETA;TRACAOANIMAL;TREM;LATITUDE;LONGITUDE
321599;6;2;2018;19:14;0;AV PRS COSTA E SILVA;;;0;;N?â?úo Informado;Via Iluminada;Bom;Seca;Meio de Quadra;N?â?úo H?â?í Controle;Rural;0;1;1;1;0;0;0;0;0;1;0;0;-3,816128500000000;-38,568080000000000
321600;6;2;2018;20:12;11670;RUA ARARIPE MACEDO;RUA MON VICENTE MARTINS;;0;;Colis?â?úo Transversal;Via Iluminada;Bom;Seca;Cruz;Pare;Residencial;0;0;2;1;0;0;0;0;0;0;0;0;-3,770783000000000;-38,580530000000000
321601;6;2;2018;19:50;0;AV CARNEIRO DE MENDONCA;;;886;;Colis?â?úo Traseira;Via Iluminada;Bom;Seca;Meio de Quadra;N?â?úo H?â?í Controle;Comercial;0;1;1;0;1;0;0;0;0;0;0;0;-3,764058600000000;-38,567047000000000
321602;6;2;2018;20:40;25048;AV SEN VIRGILIO TAVORA;AV ABOLICAO;;0;;Colis?â?úo Transversal;Via Iluminada;Bom;Seca;Cruz;Sem?â?íforo;Comercial;0;1;1;1;0;0;0;0;0;1;0;0;-3,726585400000000;-38,491340000000000
327071;6;2;2018;08:40;0;AV H CJ CEARA;;;1456;;Colis?â?úo;Luz do Dia;;;Meio de Quadra;;;0;0;2;0;0;0;0;0;0;0;0;0;-3,775901000000000;-38,610914000000000
327321;6;2;2018;07:35;0;RD BR 116;;;5000;KM-05;Colis?â?úo;Luz do Dia;;;Meio de Quadra;;;0;1;2;1;0;0;0;0;0;1;0;0;-3,796502000000000;-38,506787000000000
327330;6;2;2018;10:00;0;RD BR 116;;;2000;KM-02;Atropelamento;Luz do Dia;;;Meio de Quadra;;;0;1;1;0;0;0;0;0;0;0;0;0;-3,771391000000000;-38,516780000000000
326695;6;2;2018;16:00;25678;RUA ANTONIO AUGUSTO;AV SORIANO ALBUQUERQUE;;0;;Colis?â?úo Lateral;Luz do Dia;;;T;;Comercial;0;0;2;1;1;0;0;0;0;0;0;0;-3,747925000000000;-38,518931000000000
326689;6;2;2018;10:15;0;AV JOVITA FEITOSA;;;2400;;Colis?â?úo Traseira;Luz do Dia;;;Meio de Quadra;;;0;0;2;1;0;0;0;0;0;0;0;0;-3,740276000000000;-38,558594000000000
326690;6;2;2018;18:54;15233;RUA JULIO IBIAPINA;RUA JUAZEIRO DO NORTE;;0;;Colis?â?úo Lateral;;;;Cruz;Pare;Comercial;0;1;1;1;0;0;0;0;0;1;0;0;-3,727527000000000;-38,491155000000000
333420;6;2;2018;08:11;0;AV WASHINGTON SOARES;;;0;;Queda;Luz do Dia;;;Meio de Quadra;;;0;1;0;0;0;0;0;0;0;1;0;0;;
333421;6;2;2018;08:57;0;AV GOV RAUL BARBOSA;;;7510;;Colis?â?úo;Luz do Dia;;;Meio de Quadra;;;0;1;1;1;0;0;0;0;0;1;0;0;-3,777785500000000;-38,513655500000000
333423;6;2;2018;09:40;0;RUA STA ROSA D20/21 (JACARECANGA);;;407;;Colis?â?úo;Luz do Dia;;;Meio de Quadra;;;0;1;1;0;0;0;0;0;0;0;0;0;-3,712906000000000;-38,553342000000000
333444;6;2;2018;22:26;0;RUA CON DE CASTRO;;;1446;;Colis?â?úo;;;;Meio de Quadra;;;0;1;1;1;0;0;0;0;0;1;0;0;-3,784019000000000;-38,572534499000000
333426;6;2;2018;10:05;0;RUA CIDADE ECOLOGICA;;;55;;Atropelamento de Animal;Luz do Dia;;;Meio de Quadra;;;0;1;0;0;0;0;0;0;0;1;0;0;;
333428;6;2;2018;11:11;15788;RUA PDE PEDRO DE ALENCAR;RUA PERGENTINO MAIA;;0;;Colis?â?úo;Luz do Dia;;;T;Pare;Comercial;0;1;1;1;0;0;0;0;0;1;0;0;-3,830714000000000;-38,493889000000000
333429;6;2;2018;11:16;23592;RUA DO CANAL (TAUAPE);AV GOV RAUL BARBOSA;;0;;Queda;Luz do Dia;;;T;N?â?úo H?â?í Controle;Comercial;0;1;0;0;0;0;0;0;0;1;0;0;-3,762240000000000;-38,508249000000000
333430;6;2;2018;11:31;0;RUA PRO GOMES BRASIL;;;0;;Colis?â?úo;Luz do Dia;;;Meio de Quadra;;;0;1;1;0;0;0;0;0;0;0;0;0;;
333431;6;2;2018;12:18;23453;RUA PAULO FIRMEZA;RUA CAP MELO;;0;;Colis?â?úo;Luz do Dia;;;Cruz;Pare;Residencial;0;1;1;1;0;0;0;0;0;1;0;0;-3,757131000000000;-38,512966000000000
333432;6;2;2018;13:17;21857;RUA PDE PERDIGAO SAMPAIO;RUA DNA LUCIA PINHEIRO (QUINTINO CUNHA);;0;;Colis?â?úo;Luz do Dia;;;;;;0;2;0;0;0;0;0;0;0;1;0;0;-3,732308000000000;-38,596926000000000
333433;6;2;2018;13:22;0;AV 13 DE MAIO;;;1331;;Colis?â?úo;Luz do Dia;;;Meio de Quadra;;;0;1;1;0;0;0;0;0;0;1;0;0;-3,748122000000000;-38,530741000000000
333434;6;2;2018;16:09;0;AV ALM HENRIQUE SABOIA;;;0;;Colis?â?úo;Luz do Dia;;;Meio de Quadra;;;0;1;1;0;0;0;0;0;0;1;0;0;;
333435;6;2;2018;18:43;0;RUA PRO HERIBALDO COSTA;;;1883;;Colis?â?úo;;;;Meio de Quadra;;;0;1;1;1;0;0;0;0;0;1;0;0;-3,767974000000000;-38,588035000000000
333437;6;2;2018;19:09;6045;RUA 1058 CJ CEARA;RUA MIN ALBUQUERQUE LIMA;;0;;Colis?â?úo;;;;;;;0;1;1;1;0;0;0;0;0;1;0;0;-3,765598000000000;-38,612097000000000
333438;6;2;2018;19:30;0;AV PERIMETRAL;;;0;;Queda;;;;Meio de Quadra;;;0;1;0;0;0;1;0;0;0;0;0;0;;
333439;6;2;2018;19:30;0;RUA BOA VISTA;;;0;;Colis?â?úo;;;;Meio de Quadra;;;0;1;1;1;0;0;0;0;0;1;0;0;;
333440;6;2;2018;16:01;0;LOGRADOURO SEM NOME;;;0;;Colis?â?úo;Luz do Dia;;;Meio de Quadra;;;0;1;1;1;0;0;0;0;0;1;0;0;;
333441;6;2;2018;16:43;0;RUA E CJ SANTA LUZIA;;;19;;Queda;Luz do Dia;;;Meio de Quadra;;;0;1;0;0;0;1;0;0;0;0;0;0;-3,768885572000000;-38,496766429000000
333442;6;2;2018;19:35;6948;AV PENETRACAO NORTE 71;AV F CJ ESPERANCA;;0;;Colis?â?úo;;;;;;;0;1;1;1;0;0;0;0;0;1;0;0;-3,815557000000000;-38,586652000000000
332097;6;2;2018;06:27;0;AV 13 DE MAIO;;;2118;;Colis?â?úo;Luz do Dia;;;Meio de Quadra;;;0;1;1;1;0;0;0;0;0;1;0;0;-3,743781514000000;-38,535817372000000
332098;6;2;2018;06:30;0;RUA CON DE CASTRO;;;8617;;Queda;Luz do Dia;;;Meio de Quadra;;;0;1;0;0;0;1;0;0;0;0;0;0;-3,821106000000000;-38,603675800000000
332099;6;2;2018;06:57;0;AV LUCIANO CARNEIRO;;;2423;;Queda;Luz do Dia;;;Meio de Quadra;;;0;2;0;0;0;0;0;0;0;1;0;0;-3,769719900000000;-38,538156200000000
332100;6;2;2018;07:14;0;AV PERIMETRAL;;;0;;Colis?â?úo;Luz do Dia;;;Meio de Quadra;;;0;1;1;1;0;1;0;0;0;0;0;0;;
333445;7;2;2018;06:49;0;RUA CEL VIRGILIO NOGUEIRA (BOM JARDIM);;;1705;;Queda;Luz do Dia;;;Meio de Quadra;;;0;1;0;0;0;0;0;0;0;1;0;0;-3,797199400000000;-38,611359300000000
333446;7;2;2018;07:05;6439;RUA 1002 CJ CEARA;AV J CJ CEARA;;0;;Atropelamento;Luz do Dia;;;;;;0;1;1;0;0;0;0;0;0;1;0;0;-3,772885000000000;-38,619286000000000
333447;7;2;2018;08:05;0;AV ALBERTO CRAVEIRO;;;0;;Colis?â?úo;Luz do Dia;;;Meio de Quadra;;;0;1;1;1;0;0;0;0;0;1;0;0;;
333448;7;2;2018;08:06;0;RUA JOSE ARISTOTELES GONDIM;;;346;;Atropelamento;Luz do Dia;;;Meio de Quadra;;;0;1;1;0;0;0;0;0;0;0;0;0;-3,781392692000000;-38,585690769000000
333449;7;2;2018;08:32;0;AV SEN FERNANDES TAVORA;;;0;;Queda;Luz do Dia;;;Meio de Quadra;;;0;1;0;0;0;0;0;0;0;1;0;0;;
333450;7;2;2018;09:33;0;AV BORGES DE MELO;;;0;;Colis?â?úo;Luz do Dia;;;Meio de Quadra;;;0;1;1;1;0;0;0;0;0;1;0;0;;
333451;7;2;2018;09:57;0;AV FILOMENO GOMES;;;680;;Atropelamento;Luz do Dia;;;Meio de Quadra;;;0;1;1;0;1;0;0;0;0;0;0;0;-3,720744195000000;-38,541310222000000
333452;7;2;2018;10:30;0;RUA DES WALDETARIO P MOTA;;;1121;;Atropelamento;Luz do Dia;;;Meio de Quadra;;;0;2;1;1;0;0;0;0;0;0;0;0;-3,739427700000000;-38,482104000000000
333453;7;2;2018;11:28;15743;RUA MANUEL ARRUDA;RUA HERBENE;;0;;Colis?â?úo;Luz do Dia;;;Cruz;Pare;Comercial;0;1;1;1;0;0;0;0;0;1;0;0;-3,828948000000000;-38,504019000000000
333454;7;2;2018;11:32;0;AV ANTONIO SALES;;;989;;Atropelamento;Luz do Dia;;;Meio de Quadra;;;0;1;1;0;0;1;0;0;0;0;0;0;-3,742193965000000;-38,512902211000000
333455;7;2;2018;12:35;10797;RUA GOIANIA;RUA VITORIA (AV. PERIMETRAL);;0;;Colis?â?úo;Luz do Dia;;;Cruz;Pare;Comercial;0;1;1;1;0;0;0;0;0;1;0;0;-3,763170000000000;-38,587460000000000
333456;7;2;2018;17:17;0;RUA AQUIRAZ;;;1840;;Colis?â?úo;Anoitecer;;;Meio de Quadra;;;0;1;1;1;0;0;0;0;0;1;0;0;-3,757380000000000;-38,546770000000000
333457;7;2;2018;17:20;0;AV JOSE BASTOS;;;4150;;Colis?â?úo;Anoitecer;;;Meio de Quadra;;;0;1;1;1;0;0;0;0;0;1;0;0;-3,754006000000000;-38,554467500000000
333498;7;2;2018;17:33;0;RUA BAR AQUIRAZ;;;1842;;Colis?â?úo;Anoitecer;;;Meio de Quadra;;;0;1;1;1;0;0;0;0;0;1;0;0;-3,842834362000000;-38,482944802000000
333502;7;2;2018;17:35;0;RUA BAR RIO BRANCO;;;2264;;Queda;Anoitecer;;;Meio de Quadra;;;0;1;0;0;0;0;0;0;0;1;0;0;-3,738047833000000;-38,531936111000000
333504;7;2;2018;17:57;0;RUA QUINZE (CANINDEZINHO);;;0;;Colis?â?úo;Anoitecer;;;Meio de Quadra;;;0;1;1;0;0;0;0;0;0;0;0;0;;
333505;7;2;2018;17:58;0;RUA GASPAR LEMOS;;;960;;Colis?â?úo;Anoitecer;;;Meio de Quadra;;;0;1;1;1;0;0;0;0;0;1;0;0;-3,751650000000000;-38,570230000000000
333506;7;2;2018;18:19;0;RUA CEL DIONISIO ALENCAR;;;0;;Atropelamento;Anoitecer;;;Meio de Quadra;;;0;1;1;0;0;0;0;0;0;0;0;0;;
333509;7;2;2018;21:18;0;AV SORIANO ALBUQUERQUE;;;63;;Atropelamento;;;;Meio de Quadra;;;0;1;1;1;0;0;0;0;0;0;0;0;-3,747569000000000;-38,521079000000000
333511;7;2;2018;21:25;0;RUA PIAUI;;;1524;;Colis?â?úo;;;;Meio de Quadra;;;0;1;1;0;0;0;0;0;0;1;0;0;-3,752470000000000;-38,571970000000000
333512;7;2;2018;22:56;0;RUA ALM RUFINO;;;5143;;Colis?â?úo;;;;Meio de Quadra;;;0;1;1;1;0;0;0;0;0;1;0;0;-3,765400000000000;-38,541090000000000
326696;7;2;2018;08:20;2706;RUA OSCAR FRANCA;RUA CEL VIRGILIO NOGUEIRA (BOM JARDIM);;0;;Colis?â?úo Lateral;Luz do Dia;;;Cruz;Sem?â?íforo;Residencial;0;1;1;1;0;0;0;0;0;1;0;0;-3,788948000000000;-38,608757000000000
326699;7;2;2018;18:45;0;RUA LIGIA MONTE;;;0;;Colis?â?úo Transversal;;;;Meio de Quadra;;;0;0;2;1;0;0;0;0;0;0;0;0;;
326707;7;2;2018;07:00;14786;RUA STA LIDUINA D42;RUA JOAO AMORA;;0;;Colis?â?úo Transversal;Luz do Dia;;;Cruz;Sem?â?íforo;Residencial;0;0;2;1;1;0;0;0;0;0;0;0;-3,799663000000000;-38,585104000000000
326703;7;2;2018;07:30;25509;RUA HOLANDA;RUA ANTONIO DIVINO;;0;;Colis?â?úo Transversal;Luz do Dia;;;Cruz;Pare;Residencial;0;2;1;1;0;0;0;0;0;1;0;0;-3,803674000000000;-38,559490000000000
327489;7;2;2018;13:00;0;RD CE-040;;;0;KM-10;Colis?â?úo;Luz do Dia;;;Meio de Quadra;;;0;0;3;1;0;0;0;0;0;0;0;0;-3,842576660000000;-38,480882840000000
315213;7;2;2018;11:00;0;AV DR SILAS MUNGUBA;;;2237;;Atropelamento;Luz do Dia;;;Meio de Quadra;;;1;0;1;0;1;0;0;0;0;0;0;0;-3,785822234000000;-38,551263242000000
321603;7;2;2018;06:30;0;AV PRS CASTELO BRANCO;;;4246;;Queda;Luz do Dia;Chuva;Molhada;Meio de Quadra;N?â?úo H?â?í Controle;Comercial;0;1;0;0;0;0;0;0;0;1;0;0;-3,707653300000000;-38,570170000000000
321604;7;2;2018;09:13;0;AV ANTONIO SALES;;;2435;;Engavetamento;Luz do Dia;Nublado;Seca;Meio de Quadra;N?â?úo H?â?í Controle;Comercial;0;0;2;1;0;0;0;0;0;0;0;0;-3,745580700000000;-38,502213000000000
321605;7;2;2018;09:10;1358;AV DES MOREIRA;AV SANTOS DUMONT;;0;;Colis?â?úo Traseira;Luz do Dia;Bom;Seca;Cruz;Sem?â?íforo;Comercial;0;0;1;1;1;0;0;0;0;0;0;0;-3,736226000000000;-38,498365000000000
321606;7;2;2018;09:45;0;AV DOMINGOS OLIMPIO;;;2105;;Atropelamento;Luz do Dia;Bom;Seca;Meio de Quadra;Sem?â?íforo;Comercial;0;1;1;0;1;0;0;0;0;0;0;0;-3,732986000000000;-38,542393000000000
321607;7;2;2018;10:40;6724;AV ENG SANTANA JUNIOR;AV SANTOS DUMONT;;0;;Colis?â?úo Transversal;Luz do Dia;Bom;Seca;Meio de Quadra;N?â?úo H?â?í Controle;Comercial;0;0;2;1;1;0;0;0;0;0;0;0;-3,740506000000000;-38,485132000000000
321608;7;2;2018;13:41;0;AV GAL MURILO BORGES;;;0;;Colis?â?úo Transversal;Luz do Dia;Bom;Seca;Rotat?â??ria;D?â?¬ Prefer?â?¬ncia;Residencial;0;0;2;1;0;0;0;0;0;0;0;0;-3,763648500000000;-38,508373000000000
321609;7;2;2018;12:53;6745;RUA BENTO ALBUQUERQUE;RUA PRO OTAVIO LOBO;;0;;Colis?â?úo Transversal;Luz do Dia;Bom;Seca;Cruz;Sem?â?íforo;Residencial;0;1;1;1;0;0;0;0;0;1;0;0;-3,745035000000000;-38,479196000000000
321610;7;2;2018;14:05;12834;RUA ANTONIO POMPEU;RUA BAR RIO BRANCO;;0;IJF;N?â?úo Informado;Luz do Dia;Bom;Seca;Cruz;Sem?â?íforo;Comercial;0;0;2;0;0;0;0;0;0;0;0;0;-3,734707000000000;-38,530891000000000
321611;7;2;2018;17:10;26086;AV JOSE JATAHY;RUA AZEVEDO BOLAO;;0;;Colis?â?úo;Anoitecer;Bom;Seca;Cruz;Sem?â?íforo;Residencial;0;1;1;1;0;0;0;0;0;1;0;0;-3,733663000000000;-38,544494000000000
321612;7;2;2018;18:38;1258;RUA MON BRUNO;AV SANTOS DUMONT;;0;;Colis?â?úo Lateral;Anoitecer;Bom;Seca;Meio de Quadra;Pare;Residencial;0;0;2;1;0;0;0;0;0;0;0;0;-3,732595000000000;-38,509506000000000
321613;7;2;2018;18:25;15832;RUA TEN JURANDIR ALENCAR;RUA PDE PEDRO DE ALENCAR;;0;;Atropelamento;Via Iluminada;Bom;Seca;Cruz;Sem?â?íforo;Comercial;0;1;1;1;0;0;0;0;0;0;0;0;-3,831674000000000;-38,493981000000000
321614;7;2;2018;19:05;356;RUA GUSTAVO BRAGA;RUA FRANCISCA CLOTILDE;;0;;Colis?â?úo Transversal;Via Iluminada;Bom;Seca;Cruz;Pare;Residencial;0;0;1;1;0;0;0;0;0;0;0;0;-3,747141000000000;-38,556863000000000
321615;7;2;2018;20:22;0;RUA ALBERTO FEITOSA LIMA;;;0;;Colis?â?úo Transversal;Anoitecer;Bom;Seca;Cruz;Pare;Comercial;0;0;2;1;0;0;0;0;0;0;0;0;-3,769556300000000;-38,484180000000000
321616;7;2;2018;20:45;14777;RUA MAJ MONTENEGRO;RUA AMERICO ROCHA LIMA;;0;;Colis?â?úo Transversal;Via Iluminada;Bom;Seca;Cruz;Pare;Residencial;0;1;1;0;0;0;0;0;0;1;0;0;-3,798981000000000;-38,580642000000000
321617;8;2;2018;08:10;3819;AV CARAPINIMA;RUA JUVENAL GALENO;;0;;Colis?â?úo Lateral;Luz do Dia;Bom;Seca;Cruz;Sem?â?íforo;Comercial;0;1;1;1;0;0;0;0;0;1;0;0;-3,738998000000000;-38,539176000000000
321618;8;2;2018;07:00;0;RUA MOURA MATOS;RUA 27 DE SETEMBRO;;0;;Colis?â?úo Frontal;Amanhecer;Bom;Seca;T;Pare;Comercial;0;0;2;1;0;0;0;0;0;0;0;0;-3,813882800000000;-38,542023000000000
321620;8;2;2018;11:00;0;RUA VITAL BRASIL;;;155;;Colis?â?úo Lateral;Luz do Dia;Bom;Seca;;;;0;0;2;1;0;0;0;0;0;1;0;0;-3,782023700000000;-38,583946000000000
321621;8;2;2018;10:30;0;AV ENG HUMBERTO MONTE;;;2450;;Colis?â?úo Lateral;Luz do Dia;Bom;Seca;Meio de Quadra;N?â?úo H?â?í Controle;Comercial;0;0;1;1;0;0;0;0;0;1;0;0;-3,752448800000000;-38,510296000000000
321622;8;2;2018;06:30;0;RUA ALM JACEGUAI;;;0;;Colis?â?úo Lateral;Luz do Dia;Bom;Seca;Meio de Quadra;N?â?úo H?â?í Controle;Lazer;0;0;2;1;0;0;0;0;0;0;0;0;-3,721291300000000;-38,519356000000000
321623;8;2;2018;14:34;7231;RUA MANACA;RUA TEODORO CABRAL;;0;;Colis?â?úo Transversal;Luz do Dia;Bom;Seca;Cruz;N?â?úo H?â?í Controle;Residencial;0;1;1;1;0;0;0;0;0;1;0;0;-3,710732000000000;-38,564880000000000
321624;8;2;2018;16:10;25149;AV DOM LUIS;RUA MON CATAO;;0;;Colis?â?úo Transversal;Luz do Dia;Nublado;Seca;T;Pare;Comercial;0;0;2;1;0;0;0;0;0;0;0;0;-3,735758000000000;-38,489602000000000
321625;8;2;2018;18:28;0;AV DES MOREIRA;;;2355;;Colis?â?úo Traseira;Via Iluminada;Bom;Seca;Meio de Quadra;Gesto;Escola;0;0;2;1;0;0;0;0;0;0;0;0;-3,746275400000000;-38,501526000000000
321626;8;2;2018;18:50;0;AV DES MOREIRA;;;1640;;Colis?â?úo Traseira;Via Iluminada;Bom;Seca;Meio de Quadra;Sem?â?íforo;Comercial;0;0;3;1;0;0;0;0;0;0;0;0;-3,740427700000000;-38,499720000000000
321627;8;2;2018;19:55;0;RUA OSVALDO CRUZ;RUA CAROLINA SUCUPIRA;;0;;Colis?â?úo Transversal;Via Iluminada;Bom;Seca;Cruz;Pare;Residencial;0;0;2;1;0;0;0;0;0;0;0;0;-3,740608200000000;-38,501915000000000
321628;8;2;2018;20:57;0;AV ALBERTO CRAVEIRO;;;43;;Colis?â?úo Traseira;Via Iluminada;Bom;Seca;Cruz;N?â?úo H?â?í Controle;Residencial;0;0;2;0;0;0;0;0;0;1;0;0;-3,787091500000000;-38,517097000000000
321629;8;2;2018;21:28;0;RUA CAP FRANCISCO PEDRO;;;1566;;Colis?â?úo Lateral;Via Iluminada;Bom;Seca;Meio de Quadra;Pare;Comercial;0;0;1;1;0;0;0;0;0;0;0;0;-3,751169200000000;-38,552490000000000
321630;8;2;2018;21:53;0;RUA BERNARDO MANUEL;;;8500;;Atropelamento;Via Iluminada;Bom;Seca;Meio de Quadra;N?â?úo H?â?í Controle;Residencial;0;2;0;0;0;0;0;0;0;1;0;0;-3,793896000000000;-38,549984000000000
321631;8;2;2018;22:00;0;RUA BATISTA DE OLIVEIRA;;;668;;N?â?úo Informado;Via Iluminada;Bom;Seca;Meio de Quadra;Sem?â?íforo;Residencial;0;2;0;1;0;0;0;0;0;0;0;0;-3,744257000000000;-38,480946000000000
315187;8;2;2018;11:10;6407;AV G CJ CEARA;RUA 331 CJ CEARA;;0;;Colis?â?úo Transversal;Luz do Dia;;;;;;1;1;0;0;0;1;0;0;0;1;0;0;-3,772202000000000;-38,612275000000000
315190;8;2;2018;08:10;23435;RUA MON SALAZAR;RUA FIS VIEIRA;;0;;Colis?â?úo Transversal;Luz do Dia;Bom;Seca;Cruz;Pare;Comercial;1;0;2;0;0;0;0;0;0;1;0;0;-3,756255000000000;-38,515394000000000
327490;8;2;2018;07:00;0;RD CE-060;;;0;KM-02;Colis?â?úo;Luz do Dia;;;Meio de Quadra;;;0;0;2;1;0;0;0;0;0;1;0;0;-3,834064000000000;-38,582111000000000
327074;8;2;2018;09:33;0;RD DR MENDEL STEINBRUCH;;;0;;Colis?â?úo;Luz do Dia;;;Meio de Quadra;;;0;0;2;0;0;0;0;0;0;0;0;0;;
327075;8;2;2018;17:30;0;AV PLACIDO CASTELO;;;0;;Atropelamento;Anoitecer;;;Meio de Quadra;;;0;1;1;0;0;0;0;0;0;0;0;0;;
327076;8;2;2018;15:00;0;AV GOV RAUL BARBOSA;;;0;;Colis?â?úo;Luz do Dia;;;Meio de Quadra;;;0;1;1;0;0;0;0;0;0;1;0;0;;
327079;8;2;2018;09:00;19275;RUA LEONEL CHAVES;RUA MARACANA;;0;;Colis?â?úo;Luz do Dia;;;Cruz;Pare;Residencial;0;0;2;0;1;0;0;0;0;0;0;0;-3,773382000000000;-38,569163000000000
326706;8;2;2018;06:50;0;RUA GERMANO FRANCK;;;720;;Colis?â?úo Lateral;Luz do Dia;Bom;Seca;Outros;Outros;Comercial;0;0;2;0;1;0;0;0;0;0;0;0;-3,777477500000000;-38,562273000000000
326698;8;2;2018;11:47;5424;RUA BAR RIO BRANCO;RUA METON DE ALENCAR;;0;;Colis?â?úo Lateral;Luz do Dia;Bom;Seca;Cruz;Sem?â?íforo;Comercial;0;0;2;1;0;0;1;0;0;0;0;0;-3,733701000000000;-38,530563000000000
326715;8;2;2018;20:10;0;AV SANTOS DUMONT;;;5160;;Colis?â?úo Lateral;Via Iluminada;Bom;Seca;Meio de Quadra;N?â?úo H?â?í Controle;Comercial;0;0;2;1;1;0;0;0;0;0;0;0;-3,740506000000000;-38,485132000000000
326718;8;2;2018;21:40;1307;AV SANTOS DUMONT;RUA NUNES VALENTE;;0;;Colis?â?úo Lateral;Via Iluminada;Bom;Seca;Cruz;Sem?â?íforo;Residencial;0;1;1;1;0;0;0;0;0;1;0;0;-3,734663000000000;-38,503229000000000
321040;8;2;2018;10:13;0;RUA NEREU RAMOS;;;170;;Colis?â?úo Traseira;Luz do Dia;Chuva;Molhada;Meio de Quadra;N?â?úo H?â?í Controle;Comercial;0;0;2;1;0;0;0;0;0;0;0;0;-3,786678800000000;-38,568348000000000
331812;8;2;2018;17:05;0;AV FRANCISCO SA;;;6351;;Queda;Anoitecer;;;Meio de Quadra;;;0;0;1;0;0;1;0;0;0;0;0;0;-3,709167611000000;-38,581349667000000
328260;8;2;2018;06:27;0;RUA CON LIMA SUCUPIRA;;;0;;Colis?â?úo;Luz do Dia;;;Meio de Quadra;;;0;1;1;1;0;0;0;0;0;1;0;0;;
328430;8;2;2018;11:11;0;AV PERIMETRAL;;;0;;Colis?â?úo;Luz do Dia;;;Meio de Quadra;;;0;1;0;1;0;0;0;0;0;1;0;0;;
328435;8;2;2018;13:28;0;RUA JOAO LOBO FILHO;;;222;;Colis?â?úo;Luz do Dia;;;Meio de Quadra;;;0;1;0;1;0;0;0;0;0;1;0;0;-3,749854594000000;-38,523041531000000
328436;8;2;2018;13:49;0;AV SEN CARLOS JEREISSATI (AEROPORTO);;;0;;Queda;Luz do Dia;;;Meio de Quadra;;;0;1;0;0;0;0;0;0;0;1;0;0;;
328439;8;2;2018;14:55;10740;RUA PORTO ALEGRE;RUA AUDISIO PINHEIRO;;0;;Colis?â?úo;Luz do Dia;;;Cruz;Pare;Residencial;0;1;0;1;0;0;0;0;0;1;0;0;-3,760602000000000;-38,589942000000000
328423;8;2;2018;11:03;0;RUA DEMETRIO MENEZES;;;0;;Colis?â?úo;Luz do Dia;;;Meio de Quadra;;;0;1;0;0;0;0;0;0;0;1;0;0;;
328412;8;2;2018;07:09;0;AV FRANCISCO SA;;;2767;;Colis?â?úo;Luz do Dia;;;Meio de Quadra;;;0;1;0;0;0;0;0;0;0;1;0;0;-3,719731334000000;-38,550340500000000
328407;8;2;2018;07:02;0;AV GODOFREDO MACIEL;;;8096;;Colis?â?úo;Luz do Dia;;;Meio de Quadra;;;0;1;0;1;0;0;0;0;0;1;0;0;-3,820850800000000;-38,577917300000000
329077;8;2;2018;11:21;0;RUA 1018 CJ CEARA;;;148;;Colis?â?úo;Luz do Dia;;;Meio de Quadra;;;0;1;0;0;0;0;0;0;0;0;0;0;-3,770211333000000;-38,616443667000000
329137;8;2;2018;12:40;0;RUA FRANCISCO PAIVA;;;1468;;Atropelamento;Luz do Dia;;;Meio de Quadra;;;0;1;1;0;1;0;0;0;0;0;0;0;-3,792505000000000;-38,614953200000000
326719;9;2;2018;15:10;0;RUA SENA MADUREIRA;;;795;;Colis?â?úo Traseira;Luz do Dia;Bom;Seca;Outros;Sem?â?íforo;Comercial;0;0;2;1;0;0;0;0;0;0;0;0;-3,728067333000000;-38,525852111000000
326721;9;2;2018;16:05;356;RUA GUSTAVO BRAGA;RUA FRANCISCA CLOTILDE;;0;;Colis?â?úo Lateral;Luz do Dia;Bom;Seca;Cruz;Pare;Residencial;0;0;2;1;0;0;0;0;0;0;0;0;-3,747141000000000;-38,556863000000000
326722;9;2;2018;16:40;0;RUA OTAVIO JUSTA;;;189;;Colis?â?úo Lateral;Luz do Dia;Bom;Seca;Meio de Quadra;Outros;Residencial;0;0;2;1;0;0;0;0;0;1;0;0;-3,736297180000000;-38,547545443000000
326723;9;2;2018;14:30;0;AV PRO GOMES DE MATOS;;;1585;;Engavetamento;Luz do Dia;Bom;Seca;Meio de Quadra;Outros;Comercial;0;0;3;1;0;0;0;0;0;0;0;0;-3,765436840000000;-38,549308520000000
326729;9;2;2018;12:00;13278;AV L CJ JOSE WALTER;AV G CJ JOSE WALTER;;0;;Colis?â?úo Transversal;Luz do Dia;Bom;Seca;Outros;Pare;Comercial;0;1;2;1;0;0;0;0;0;0;0;0;-3,837707000000000;-38,559510000000000
333549;9;2;2018;08:30;6817;RUA FRANCISCO MATOS;RUA BENTO ALBUQUERQUE;;0;;Atropelamento;Luz do Dia;;;Cruz;Pare;Residencial;0;1;1;1;0;0;0;0;0;0;0;0;-3,747862000000000;-38,470436000000000