COD_ACIDENTE;DIA;MES;ANO;HORA;INTERSECAO;LOG1;LOG2;LOG3;NUMERO;REFERENCIA;NATUREZA;ILUMINACAO;TEMPO;SUPERFICIEPISTA;TIPOCRUZAMENTO;CONTROLETRAFEGO;USOSOLO;MORTOS;FERIDOS;ILESOS;AUTOMOVEL;ONIBUS;BICICLETA;CAMINHAO;MICROONIBUS;CICLOMOTOR;MOTOCICLETA;TRACAOANIMAL;TREM;LATITUDE;LONGITUDE
333546;9;2;2018;06:26;0;RD QUARTO ANEL VIARIO;;;0;;Colis?â?úo;Luz do Dia;;;Meio de Quadra;;;0;1;1;1;0;0;0;0;0;1;0;0;;
333547;9;2;2018;07:53;0;RUA EMILIA GONCALVES;;;818;;Colis?â?úo;Luz do Dia;;;Meio de Quadra;;;0;1;1;1;0;1;0;0;0;0;0;0;-3,729573500000000;-38,594279000000000
333555;9;2;2018;10:08;0;RUA BULGARIA;;;94;;Queda;Luz do Dia;;;Meio de Quadra;;;0;1;0;0;0;0;0;0;0;1;0;0;-3,792191742000000;-38,579292258000000
333562;9;2;2018;11:28;17513;AV ABOLICAO;RUA MANUEL JACARE;;0;;Colis?â?úo;Luz do Dia;;;Cruz;Pare;Residencial;0;1;1;1;0;0;0;0;0;1;0;0;-3,726087000000000;-38,487572000000000
333559;9;2;2018;11:00;11036;RUA PERU;RUA CON LIMA SUCUPIRA;;0;;Queda;Luz do Dia;;;Cruz;Pare;Residencial;0;1;0;0;0;0;0;0;0;1;0;0;-3,777590000000000;-38,552639000000000
333567;9;2;2018;12:31;16281;RUA ANTONIO PEREIRA;RUA ANTONIO BARBOSA;;0;;Colis?â?úo;Luz do Dia;;;Cruz;Pare;Residencial;0;1;1;0;0;0;0;0;0;0;0;0;-3,832952000000000;-38,565289000000000
333572;9;2;2018;13:41;10734;RUA ARACAJU;RUA FLORIANOPOLIS;;0;;Colis?â?úo;Luz do Dia;;;;Pare;Residencial;0;1;1;0;0;0;0;0;0;1;0;0;-3,760411000000000;-38,587913000000000
333577;9;2;2018;14:31;0;AV JOSE JATAHY;;;0;;Colis?â?úo;Luz do Dia;;;Meio de Quadra;;;0;1;1;0;0;0;0;0;0;0;0;0;;
333578;9;2;2018;16:01;25149;AV DOM LUIS;RUA MON CATAO;;0;;Colis?â?úo;Luz do Dia;;;T;Pare;Comercial;0;1;1;1;0;1;0;0;0;0;0;0;-3,735758000000000;-38,489602000000000
333580;9;2;2018;16:14;0;AV RAD JOSE LIMA VERDE;;;805;;Colis?â?úo;Luz do Dia;;;Meio de Quadra;;;0;1;1;0;0;0;0;0;0;0;0;0;-3,699624546000000;-38,587990182000000
333608;9;2;2018;16:20;0;AV SGT HERMINIO SAMPAIO;;;1723;;Colis?â?úo;Luz do Dia;;;Meio de Quadra;;;0;1;1;1;0;0;0;0;0;1;0;0;-3,725563500000000;-38,556082500000000
333609;9;2;2018;17:08;3893;RUA JULIO CESAR D12;RUA ANTENOR FROTA WANDERLEY;;0;;Colis?â?úo;Anoitecer;;;Cruz;Pare;Comercial;0;1;1;0;0;0;0;0;0;1;0;0;-3,746742000000000;-38,539846000000000
333610;9;2;2018;17:12;0;AV GAL OSORIO DE PAIVA;;;6013;;Colis?â?úo;Anoitecer;;;Meio de Quadra;;;0;1;1;0;0;0;0;0;0;0;0;0;-3,809046000000000;-38,606229000000000
333611;9;2;2018;17:58;0;AV OLIVEIRA PAIVA;;;941;;Atropelamento;Anoitecer;;;Meio de Quadra;;;0;1;1;0;0;0;0;0;0;1;0;0;-3,796485000000000;-38,498448000000000
333612;9;2;2018;18:33;0;RUA OSCAR FRANCA;;;2510;;Queda;;;;Meio de Quadra;;;0;2;0;0;0;0;0;0;0;1;0;0;-3,787952000000000;-38,611747000000000
333613;9;2;2018;18:33;0;AV PRS COSTA E SILVA;;;0;;Colis?â?úo;;;;Meio de Quadra;;;0;1;1;0;0;0;0;0;0;0;0;0;;
333615;9;2;2018;18:48;0;RUA FRANCISCO PAIVA;;;504;;Queda;;;;Meio de Quadra;;;0;1;0;0;0;0;0;0;0;1;0;0;-3,785685600000000;-38,612678000000000
333616;9;2;2018;19:15;8933;AV DOMINGOS OLIMPIO;RUA RUBIA SAMPAIO;;0;;Atropelamento;;;;Cruz;Pare;Residencial;0;1;1;1;0;0;0;0;0;0;0;0;-3,733409000000000;-38,541015000000000
333617;9;2;2018;19:18;0;AV CONTORNO LESTE;;;831;;Queda;;;;Meio de Quadra;;;0;1;0;0;0;0;0;0;0;1;0;0;-3,808420000000000;-38,586600000000000
333618;9;2;2018;19:27;0;AV D CJ JOSE WALTER;;;1250;;Colis?â?úo;;;;Meio de Quadra;;;0;1;1;0;0;0;0;0;0;0;0;0;;
333620;9;2;2018;21:28;0;RUA PRA STELLA COCHRANE;;;155;;Queda;;;;Meio de Quadra;;;0;1;0;0;0;0;0;0;0;1;0;0;-3,794057411000000;-38,535775142000000
333623;9;2;2018;21:29;3010;RUA CEL VIRGILIO NOGUEIRA (BOM JARDIM);RUA URUCUTUBA;;0;;Colis?â?úo;;;;Cruz;N?â?úo H?â?í Controle;Comercial;0;1;1;0;0;0;0;0;0;0;0;0;-3,798100000000000;-38,611752000000000
333631;9;2;2018;23:01;0;RUA SUBLIME;;;102;;Atropelamento;;;;Meio de Quadra;;;0;1;1;0;0;0;0;0;0;1;0;0;;
333625;9;2;2018;21:55;581;AV PASTEUR;AV FRANCISCO SA;;0;;Colis?â?úo;;;;Cruz;Sem?â?íforo;Comercial;0;1;1;0;0;0;0;0;0;0;0;0;-3,716325000000000;-38,560567000000000
327085;9;2;2018;02:45;0;RD BR 116;;;0;;Outros;;;;Meio de Quadra;;;0;1;0;0;0;0;0;0;0;1;0;0;;
327086;9;2;2018;07:41;0;AV SEN CARLOS JEREISSATI (AEROPORTO);;;0;;Colis?â?úo;Luz do Dia;;;Meio de Quadra;;;0;1;1;1;0;0;0;0;0;1;0;0;;
327087;9;2;2018;22:43;1555;RUA VICENTE LINHARES;RUA OSVALDO CRUZ (ALDEOTA);;0;;Colis?â?úo;;;;Cruz;Sem?â?íforo;Residencial;0;1;1;0;0;0;0;0;0;1;0;0;-3,741502000000000;-38,502221000000000
327493;9;2;2018;08:00;0;RD CE-040;;;0;KM-07;Colis?â?úo;Luz do Dia;;;Meio de Quadra;;;0;0;2;1;0;0;0;0;0;1;0;0;-3,817159445000000;-38,483032860000000
327495;9;2;2018;;0;AV SEN CARLOS JEREISSATI (AEROPORTO);;;0;KM 04;Colis?â?úo;;;;Meio de Quadra;;;0;0;2;1;0;0;1;0;0;0;0;0;-3,774020000000000;-38,550907000000000
327596;9;2;2018;13:30;0;AV SEN CARLOS JEREISSATI (AEROPORTO);;;0;KM 02;Choque c/ Obst?â?ículo Fixo;Luz do Dia;;;Meio de Quadra;;;0;0;1;1;0;0;0;0;0;0;0;0;-3,782194000000000;-38,535424000000000
327597;9;2;2018;18:50;0;RD CE-040;;;0;KM-04;Colis?â?úo;;;;Meio de Quadra;;;0;0;2;1;0;0;0;0;0;0;0;0;-3,791613156000000;-38,480330840000000
327343;9;2;2018;06:30;0;RD BR 020;;;0;;Colis?â?úo Lateral;Luz do Dia;;;Meio de Quadra;;;0;0;2;0;0;0;0;0;0;1;0;0;;
321632;9;2;2018;09:12;17279;RUA EDUARDO ANGELIM;RUA EDITE BRAGA;;0;;Colis?â?úo Lateral;Luz do Dia;Bom;Seca;Cruz;Pare;Residencial;0;0;2;1;0;0;0;0;0;0;0;0;-3,762670000000000;-38,549201000000000
321633;9;2;2018;09:13;21485;AV FRE CIRILO;AV MIN JOSE AMERICO;;0;;Colis?â?úo Transversal;Luz do Dia;Bom;Seca;Cruz;Sem?â?íforo;Comercial;0;1;1;1;0;0;0;0;0;1;0;0;-3,812905000000000;-38,499500000000000
321634;9;2;2018;09:31;25529;AV ABOLICAO;RUA SAPORE;;0;;Colis?â?úo Traseira;Luz do Dia;Bom;Seca;T;Pare;Comercial;0;0;2;1;1;0;0;0;0;0;0;0;-3,725017300000000;-38,483112000000000
321635;9;2;2018;09:00;14449;RUA JOSE CANDIDO D08;RUA DEMOCRITO ROCHA;;0;;Colis?â?úo Lateral;Luz do Dia;Bom;Seca;Cruz;Pare;Comercial;0;0;2;0;0;0;0;0;0;0;0;0;-3,726149000000000;-38,550628000000000
321637;9;2;2018;10:40;0;RUA STA CLARA DE ASSIS;;;1022;;Colis?â?úo Lateral;Luz do Dia;Bom;Seca;T;Sem?â?íforo;Comercial;0;1;1;0;0;0;0;0;0;1;0;0;-3,831397000000000;-38,502760000000000
321638;9;2;2018;11:29;0;RUA BERNARDO MANUEL;;;9395;;Engavetamento;Luz do Dia;Bom;Seca;Meio de Quadra;Sem?â?íforo;Comercial;0;1;3;1;0;0;0;0;0;0;0;0;-3,801776200000000;-38,552544000000000
321639;9;2;2018;16:21;0;RUA BENI DE CARVALHO;;;183;;Colis?â?úo Traseira;Luz do Dia;Bom;Seca;Meio de Quadra;Sem?â?íforo;Residencial;0;1;2;1;0;0;0;0;0;0;0;0;-3,746434200000000;-38,501580000000000
321640;9;2;2018;16:35;1414;RUA NUNES VALENTE;RUA PDE QUINDERE;;0;;Colis?â?úo Transversal;Luz do Dia;Bom;Seca;Cruz;Pare;Residencial;0;0;2;1;0;0;0;0;0;0;0;0;-3,737396000000000;-38,504153000000000
321641;9;2;2018;18:20;20117;RUA PRO JOSE SILVEIRA;RUA REGINA DE FATIMA;;0;;Colis?â?úo Transversal;Via Iluminada;Bom;Seca;Cruz;Pare;Residencial;0;0;2;0;1;0;0;0;0;1;0;0;-3,809617000000000;-38,524013000000000
321642;9;2;2018;19:35;0;AV 13 DE MAIO;;;200;;Colis?â?úo Traseira;Via Iluminada;Bom;Seca;Meio de Quadra;Sem?â?íforo;Residencial;0;0;3;0;0;0;0;0;0;0;0;0;-3,751943300000000;-38,526173000000000
321643;9;2;2018;18:36;0;AV JOAO PESSOA;;;0;;Colis?â?úo Lateral;Via Iluminada;Bom;Seca;T;Sem?â?íforo;Comercial;0;0;2;1;0;0;0;0;0;0;0;0;-3,767245000000000;-38,559750000000000
321644;9;2;2018;20:46;0;RUA CEL MATOS DOURADO;;;0;;Colis?â?úo Lateral;Via Iluminada;Nublado;Seca;Meio de Quadra;N?â?úo H?â?í Controle;Residencial;0;0;2;1;1;0;0;0;0;0;0;0;-3,739515000000000;-38,584602000000000
321645;9;2;2018;20:30;6752;AV SANTOS DUMONT;RUA PRO OTAVIO LOBO;;0;;Engavetamento;Via Iluminada;Bom;Seca;Cruz;Sem?â?íforo;Comercial;0;1;4;1;0;0;0;0;0;0;0;0;-3,742845000000000;-38,477829000000000
321682;9;2;2018;10:58;18033;AV DIOGUINHO;RUA GERONIMO BRIGIDO;;0;;Colis?â?úo Transversal;Luz do Dia;Bom;Seca;Cruz;Pare;Residencial;0;1;1;1;0;0;0;0;0;1;0;0;-3,733381000000000;-38,457822000000000
321646;10;2;2018;00:59;5180;RUA DOM JOAQUIM;RUA TEN BENEVOLO;;0;;Colis?â?úo Lateral;Via Iluminada;Bom;Seca;Cruz;Pare;Comercial;0;1;2;1;0;0;0;0;0;0;0;0;-3,725524000000000;-38,516670000000000
321647;10;2;2018;14:08;0;AV PASTEUR;RUA CRUZEIRO DO SUL;;0;;Colis?â?úo Transversal;Luz do Dia;Bom;Seca;Cruz;Pare;Residencial;0;0;2;1;0;0;0;0;0;0;0;0;-3,714003000000000;-38,559868000000000
321648;10;2;2018;17:57;5332;RUA SEN POMPEU;RUA PEDRO I;;0;;Colis?â?úo Transversal;Via Iluminada;Bom;Seca;Cruz;Sem?â?íforo;Comercial;0;0;1;1;0;0;0;0;0;0;0;0;-3,730553000000000;-38,530728000000000
321649;10;2;2018;18:16;15106;RUA JOAO CORDEIRO;RUA DRAGAO DO MAR;;0;;Colis?â?úo Transversal;Via Iluminada;Bom;Seca;Cruz;N?â?úo H?â?í Controle;Residencial;0;0;2;1;0;0;0;0;0;0;0;0;-3,722283000000000;-38,512096000000000
321650;10;2;2018;15:26;0;RUA GONTRAN GIFFONI;;;401;;Colis?â?úo Lateral;Luz do Dia;Bom;Seca;;;;0;2;1;1;0;0;0;0;0;1;0;0;-3,767158000000000;-38,493835000000000
321652;10;2;2018;18:20;0;RUA ALBERTO MAGNO;;;1358;;N?â?úo Informado;Anoitecer;Bom;Seca;Cruz;Pare;Comercial;0;0;1;1;1;0;0;0;0;0;0;0;-3,736681000000000;-38,523830000000000
321653;10;2;2018;22:15;0;RUA CEL MATOS DOURADO;;;963;;Queda;Via Iluminada;Bom;Seca;;;;0;1;0;0;0;0;0;0;0;1;0;0;-3,747421700000000;-38,584824000000000
321654;10;2;2018;22:53;15306;RUA ANA BILHAR;RUA LEONARDO MOTA;;0;;Colis?â?úo Transversal;Via Iluminada;Bom;Seca;Cruz;Sem?â?íforo;Residencial;0;1;1;0;1;0;0;0;0;0;0;0;-3,729944000000000;-38,494191000000000
321656;10;2;2018;21:06;16997;RUA IRACEMA D71;RUA COSME JERONIMO;;0;;Colis?â?úo Transversal;Via Iluminada;Bom;Seca;Cruz;Pare;Residencial;0;1;1;1;0;0;0;0;0;1;0;0;-3,823935000000000;-38,587896000000000
327598;10;2;2018;19:30;0;RD CE-040;;;0;KM-07;Atropelamento;;;;Meio de Quadra;;;0;1;1;1;0;0;0;0;0;0;0;0;-3,817159445000000;-38,483032860000000
327093;10;2;2018;20:04;5490;AV DOM MANUEL;RUA PDE VALDEVINO;;0;;Colis?â?úo;;;;;;;0;1;1;0;1;0;0;0;0;0;0;0;-3,736873000000000;-38,523967000000000
333641;10;2;2018;07:54;10993;RUA BAR CANINDE;RUA 15 DE NOVEMBRO;;0;;Colis?â?úo;Luz do Dia;;;Cruz;Sem?â?íforo;Comercial;0;1;1;1;0;0;0;0;0;1;0;0;-3,768608000000000;-38,556768000000000
333632;10;2;2018;00:07;6756;AV ENG SANTANA JUNIOR;AV ANTONIO SALES;;0;;Colis?â?úo;;;;T;D?â?¬ Prefer?â?¬ncia;Comercial;0;1;1;1;0;0;0;0;0;1;0;0;-3,749257000000000;-38,490039000000000
333633;10;2;2018;00:40;3222;RUA VERBENA;RUA OLIVEIRA SOBRINHO;;0;;Colis?â?úo;;;;Cruz;Pare;Comercial;0;2;0;1;0;0;0;0;0;1;0;0;-3,782006000000000;-38,589009000000000
333636;10;2;2018;03:44;0;RUA PDE PEDRO DE ALENCAR;;;1720;;Queda;;;;Meio de Quadra;;;0;1;0;0;0;0;0;0;0;1;0;0;-3,843234544000000;-38,494359975000000
333638;10;2;2018;06:08;0;AV PRS JUSCELINO KUBITSCHEK (PASSAR?âÔÇ?);;;4500;;Queda;Luz do Dia;;;Meio de Quadra;;;0;1;0;0;0;0;0;0;0;1;0;0;;
333663;10;2;2018;08:31;0;AV GAL OSORIO DE PAIVA;;;2955;;Atropelamento;Luz do Dia;;;Meio de Quadra;;;0;1;1;1;0;0;0;0;0;0;0;0;-3,789256000000000;-38,587028000000000
333675;10;2;2018;09:11;0;RUA GUIDO F PINTO;;;145;;Atropelamento;Luz do Dia;;;Meio de Quadra;;;0;2;0;0;0;0;0;0;0;1;0;0;;
333677;10;2;2018;11:56;0;AV ODILON GUIMARAES;;;1742;;Colis?â?úo;Luz do Dia;;;Meio de Quadra;;;0;1;1;1;0;0;0;0;0;1;0;0;-3,823052000000000;-38,477649000000000
333678;10;2;2018;12:51;0;RUA OSCAR ARARIPE;;;3260;;Colis?â?úo;Luz do Dia;;;Meio de Quadra;;;0;3;1;1;0;0;0;0;0;1;0;0;-3,784713600000000;-38,619980700000000
333680;10;2;2018;12:52;23483;RUA CARVALHO JUNIOR;RUA BELISARIO TAVORA;;0;;Queda;Luz do Dia;;;;;;0;1;0;0;0;0;0;0;0;1;0;0;;
333682;10;2;2018;12:52;3219;RUA ANSELMO NOGUEIRA;RUA EMILIO DE MENESES;;0;;Colis?â?úo;Luz do Dia;;;Cruz;Sem?â?íforo;Residencial;0;1;1;1;0;0;0;0;0;1;0;0;-3,781760000000000;-38,587374000000000
333684;10;2;2018;14:51;7211;AV PRS CASTELO BRANCO;AV DR THEBERGE;;0;;Atropelamento;Luz do Dia;;;Cruz;Sem?â?íforo;Comercial;0;1;1;1;0;0;0;0;0;0;0;0;-3,710079000000000;-38,563456000000000
333686;10;2;2018;16:38;0;RUA VITORIA DA CONQUISTA;;;798;;Colis?â?úo;Luz do Dia;;;Meio de Quadra;;;0;1;1;0;0;0;0;0;0;0;0;0;;
333687;10;2;2018;16:59;4224;RUA ARISTOTELES BEZERRA;RUA BERNARDO PORTO;;0;;Colis?â?úo;Luz do Dia;;;Cruz;N?â?úo H?â?í Controle;Residencial;0;1;1;1;0;0;0;0;0;1;0;0;-3,719838000000000;-38,557553000000000
333688;10;2;2018;17:19;0;RUA PDE PEDRO DE ALENCAR;;;2310;;Colis?â?úo;Anoitecer;;;Meio de Quadra;;;0;1;1;1;0;0;0;0;0;1;0;0;-3,848410000000000;-38,494809000000000
333698;10;2;2018;18:28;0;RUA ARTUR DE SOUZA;;;790;;Colis?â?úo;Anoitecer;;;Meio de Quadra;;;0;1;1;1;0;0;1;0;0;0;0;0;-3,827204867000000;-38,573135933000000
333701;10;2;2018;19:35;0;AV PRS CASTELO BRANCO;;;0;;Queda;;;;Meio de Quadra;;;0;1;0;0;0;0;0;0;0;1;0;0;;
333702;10;2;2018;20:35;7479;AV ALBERTO CRAVEIRO;RUA PEDRO DANTAS;;0;;Queda;;;;Cruz;Sem?â?íforo;Comercial;0;1;0;0;0;0;0;0;0;1;0;0;-3,786753000000000;-38,517220000000000
333703;10;2;2018;22:06;0;AV DR THEBERGE;;;1620;;Colis?â?úo;;;;Meio de Quadra;;;0;1;1;1;0;0;0;0;0;1;0;0;-3,715483300000000;-38,565226800000000
333704;10;2;2018;22:21;0;RUA PDE ANCHIETA;;;0;;Colis?â?úo;;;;Meio de Quadra;;;0;1;1;0;0;0;0;0;0;0;0;0;;
333705;10;2;2018;23:53;0;LOGRADOURO SEM NOME;;;0;;Colis?â?úo;;;;Meio de Quadra;;;0;3;1;0;0;0;0;0;0;0;0;0;;
326717;10;2;2018;20:55;1337;AV SANTOS DUMONT;RUA OSVALDO CRUZ (ALDEOTA);;0;;Colis?â?úo Lateral;;;;Cruz;Sem?â?íforo;Comercial;0;0;2;1;1;0;0;0;0;0;0;0;-3,735602000000000;-38,500317000000000
326709;10;2;2018;15:00;0;AV SEN CARLOS JEREISSATI (AEROPORTO);;;0;;Colis?â?úo Lateral;Luz do Dia;;;Meio de Quadra;;;0;0;2;1;0;0;0;0;0;0;0;0;;
326713;10;2;2018;13:40;7869;RUA BARBOSA DE FREITAS;RUA FRANCISCO HOLANDA;;0;;Colis?â?úo Transversal;Luz do Dia;;;Cruz;Pare;Comercial;0;1;1;1;0;0;0;0;1;0;0;0;-3,749671000000000;-38,501555000000000
326701;10;2;2018;08:40;22081;RUA GUSTAVO BRAGA;RUA CAP FRANCISCO PEDRO;;0;;Colis?â?úo Lateral;Luz do Dia;;;Cruz;Pare;Comercial;0;0;2;1;0;0;0;0;0;0;0;0;-3,751155000000000;-38,552452000000000
336532;10;2;2018;11:35;15280;RUA TEN BENEVOLO;RUA DR JOSE LOURENCO;;0;;Colis?â?úo;Luz do Dia;;;;Pare;Comercial;0;1;0;1;0;0;0;0;0;0;0;0;-3,729029000000000;-38,506010000000000
336534;10;2;2018;08:15;0;AV 13 DE MAIO;;;465;;Colis?â?úo;Luz do Dia;;;Meio de Quadra;;;0;0;1;0;0;0;0;0;0;0;0;0;-3,752535000000000;-38,525567765000000
336535;10;2;2018;21:21;0;RUA ANTERO QUENTAL;;;1447;;Colis?â?úo;;;;Meio de Quadra;;;0;0;1;1;0;0;0;0;0;1;0;0;-3,853540000000000;-38,492370000000000
336488;10;2;2018;16:00;16057;AV GODOFREDO MACIEL;AV WENEFRIDO MELO;;0;;Colis?â?úo;Luz do Dia;;;Meio de Quadra;N?â?úo H?â?í Controle;Residencial;0;0;1;1;0;0;0;0;0;0;0;0;-3,811743000000000;-38,574739000000000
336489;10;2;2018;;0;RUA CEL SOLON;;;0;;;;;;Meio de Quadra;;;0;0;1;1;0;0;0;0;0;1;0;0;;
336490;10;2;2018;17:35;0;RUA SOUSA GIRAO;;;0;;Colis?â?úo;Anoitecer;;;Meio de Quadra;;;0;0;1;1;0;0;0;0;0;1;0;0;;
336614;10;2;2018;22:55;10339;RUA JOSE MENDONCA;RUA PORTO DAS ROSAS;;0;;;;;;Cruz;Pare;Comercial;0;0;1;0;0;0;0;0;0;1;0;0;-3,756772000000000;-38,602124000000000
336615;10;2;2018;00:35;0;AV MOZART PINHEIRO DE LUCENA;;;0;;Colis?â?úo;;;;Meio de Quadra;;;0;0;1;0;0;0;0;0;0;1;0;0;;
326727;11;2;2018;10:05;15214;AV ABOLICAO;RUA LEONARDO MOTA;;0;;Colis?â?úo Traseira;Luz do Dia;;;Outros;Pare;Comercial;0;0;2;1;0;0;0;0;0;0;0;0;-3,726977000000000;-38,493236000000000
326730;11;2;2018;15:45;9021;AV FELINO BARROSO;RUA CEL SOLON;;0;;Colis?â?úo Lateral;Luz do Dia;;;Cruz;Pare;Comercial;0;0;2;1;0;0;0;0;0;0;0;0;-3,743154000000000;-38,528653000000000
333706;11;2;2018;00:17;0;AV DOS JANGADEIROS;;;0;;Choque c/ Obst?â?ículo Fixo;;;;Meio de Quadra;;;0;1;0;1;0;0;0;0;0;0;0;0;;
333707;11;2;2018;02:36;0;RUA EVILASIO A MIRANDA;;;1169;;Queda;;;;Meio de Quadra;;;0;2;0;0;0;0;0;0;0;1;0;0;;
333708;11;2;2018;03:29;0;AV UM (ARVOREDO);;;1255;;Queda;;;;Meio de Quadra;;;0;2;0;0;0;0;0;0;0;1;0;0;;
333721;11;2;2018;04:23;0;RUA BAIXA DO MILAGRE;;;3664;;Queda;;;;Meio de Quadra;;;0;1;0;0;0;0;0;0;0;1;0;0;-3,733717953000000;-38,600978476000000
333722;11;2;2018;04:32;0;AV MOZART PINHEIRO DE LUCENA;;;3368;;Queda;;;;Meio de Quadra;;;0;1;0;0;0;0;0;0;0;1;0;0;-3,734130000000000;-38,600200000000000
333723;11;2;2018;04:42;0;LOGRADOURO SEM NOME;;;80;;Queda;;;;Meio de Quadra;;;0;1;0;0;0;0;0;0;0;1;0;0;;
333724;11;2;2018;05:57;0;AV JOSE JATAHY;;;75;;Queda;Amanhecer;;;Meio de Quadra;;;0;1;0;0;0;0;0;0;0;1;0;0;-3,739260641000000;-38,543324122000000
333725;11;2;2018;06:17;0;AV ENG SANTANA JUNIOR;;;2900;;Colis?â?úo;Luz do Dia;;;Meio de Quadra;;;0;1;1;0;0;0;0;0;0;1;0;0;-3,747162500000000;-38,489573000000000
333726;11;2;2018;06:55;0;RUA JULIO SILVA;;;4040;;Queda;Luz do Dia;;;Meio de Quadra;;;0;1;0;0;0;0;0;0;0;1;0;0;;
333727;11;2;2018;07:33;0;AV GOV RAUL BARBOSA;;;7327;;Queda;Luz do Dia;;;Meio de Quadra;;;0;1;0;0;0;1;0;0;0;0;0;0;-3,775981300000000;-38,513092000000000
333728;11;2;2018;10:07;0;RUA CAP URUGUAI D46;;;290;;Atropelamento;Luz do Dia;;;Meio de Quadra;;;0;1;1;1;0;0;0;0;0;0;0;0;-3,767087443000000;-38,515758623000000
333729;11;2;2018;13:44;0;AV MAE LISBOA;;;1263;;Colis?â?úo;Luz do Dia;;;Meio de Quadra;;;0;1;1;1;0;0;0;0;0;1;0;0;-3,807917099000000;-38,468182614000000
333730;11;2;2018;14:18;0;AV CEL CARVALHO;;;88;;Queda;Luz do Dia;;;Meio de Quadra;;;0;1;0;0;0;0;0;0;0;1;0;0;-3,703499000000000;-38,591542000000000
333739;11;2;2018;18:39;0;RUA NELSON COELHO;;;288;;Queda;;;;Meio de Quadra;;;0;1;0;0;0;0;0;0;0;1;0;0;-3,827993000000000;-38,463828000000000
333740;11;2;2018;18:48;0;AV PRS COSTA E SILVA;;;3435;RAMPA DO JANGURUSSU;Colis?â?úo;;;;Meio de Quadra;;;0;1;1;0;0;0;0;0;0;0;0;0;;
333741;11;2;2018;18:49;0;TR STA TEREZINHA;;;0;;Atropelamento;;;;Meio de Quadra;;;0;1;1;0;0;0;0;0;0;0;0;0;;
333742;11;2;2018;19:26;0;RUA CEL MATOS DOURADO;;;540;;Queda;;;;Meio de Quadra;;;0;1;0;0;0;0;0;0;0;1;0;0;-3,743403169000000;-38,585019662000000
333743;11;2;2018;19:51;0;RUA JOSE VILAR;;;600;;Queda;;;;Meio de Quadra;;;0;1;0;0;0;1;0;0;0;0;0;0;-3,730406000000000;-38,502923500000000
333744;11;2;2018;22:27;0;RUA TULIPA;;;150;;Queda;;;;Meio de Quadra;;;0;1;0;0;0;1;0;0;0;0;0;0;-3,824204600000000;-38,590660800000000
333745;11;2;2018;23:23;11441;RUA DO MERCADO;RUA DA MASSARANDUBA;;0;;Colis?â?úo;;;;;;;0;1;1;0;0;0;0;0;0;0;0;0;-3,781664000000000;-38,508211000000000
333733;11;2;2018;17:14;0;AV C CJ CEARA;;;1859;;Colis?â?úo;Anoitecer;;;Meio de Quadra;;;0;1;1;1;0;0;0;0;0;1;0;0;-3,774840000000000;-38,615860000000000
333734;11;2;2018;17:26;0;RUA TOMAS ILDEFONSO;;;667;;Queda;Anoitecer;;;Meio de Quadra;;;0;1;0;0;0;0;0;0;0;1;0;0;-3,817491000000000;-38,484698000000000
333737;11;2;2018;18:24;0;RUA GOV JOAO CARLOS;;;540;;Colis?â?úo;Anoitecer;;;Meio de Quadra;;;0;1;1;0;0;0;0;0;0;0;0;0;-3,778973000000000;-38,551921000000000
321041;11;2;2018;11:21;15974;AV GODOFREDO MACIEL;RUA CASTRO MEIRELES;;0;;Colis?â?úo Traseira;Luz do Dia;Chuva;Molhada;T;N?â?úo H?â?í Controle;Industrial;0;0;3;1;0;0;0;0;0;0;0;0;-3,806413000000000;-38,573019000000000
315214;11;2;2018;18:05;2726;RUA OSCAR ARARIPE;RUA ITU;;0;;Atropelamento;Anoitecer;;;Cruz;Pare;Residencial;1;0;1;1;0;0;0;0;0;0;0;0;-3,790208000000000;-38,602413000000000
321657;11;2;2018;07:38;9170;RUA GAL SILVA JUNIOR;AV EDUARDO GIRAO;;0;;Colis?â?úo Transversal;Luz do Dia;Bom;Seca;Cruz;Sem?â?íforo;Comercial;0;0;2;1;0;0;0;0;0;0;0;0;-3,754309000000000;-38,530785000000000
321658;11;2;2018;13:59;1516;AV DES MOREIRA;AV PDE ANTONIO TOMAS;;0;;Colis?â?úo Transversal;Luz do Dia;Bom;Seca;Cruz;Sem?â?íforo;Comercial;0;0;2;1;0;0;0;0;0;0;0;0;-3,740161000000000;-38,499616000000000
321659;11;2;2018;13:44;25165;AV ROGACIANO LEITE;RUA HENRIQUE DE CASTRO;;0;;Colis?â?úo Transversal;Luz do Dia;Bom;Seca;Cruz;Sem?â?íforo;Comercial;0;0;2;1;0;0;0;0;0;0;0;0;-3,776997000000000;-38,500639000000000
321660;11;2;2018;17:10;21382;AV JOVITA FEITOSA;RUA PRO ANACLETO;;0;;Colis?â?úo Lateral;Luz do Dia;Nublado;Seca;T;N?â?úo H?â?í Controle;Residencial;0;2;1;1;0;0;0;0;0;1;0;0;-3,738978000000000;-38,552078000000000
321661;11;2;2018;19:10;0;RUA NOGUEIRA ACIOLI;;;312;;Atropelamento;Via Iluminada;Nublado;Seca;Meio de Quadra;Pare;Lazer;0;1;1;1;0;0;0;0;0;0;0;0;-3,726595600000000;-38,515858000000000