COD_ACIDENTE;DIA;MES;ANO;HORA;INTERSECAO;LOG1;LOG2;LOG3;NUMERO;REFERENCIA;NATUREZA;ILUMINACAO;TEMPO;SUPERFICIEPISTA;TIPOCRUZAMENTO;CONTROLETRAFEGO;USOSOLO;MORTOS;FERIDOS;ILESOS;AUTOMOVEL;ONIBUS;BICICLETA;CAMINHAO;MICROONIBUS;CICLOMOTOR;MOTOCICLETA;TRACAOANIMAL;TREM;LATITUDE;LONGITUDE
321662;11;2;2018;19:40;0;RUA CEL FRANCISCO PEREIRA (MESSEJANA);RUA CEL PERGENTINO FERREIRA;;0;;Colis?â?úo Transversal;Via Iluminada;Bom;Seca;Meio de Quadra;;;0;1;1;1;0;0;0;0;0;1;0;0;-3,830909700000000;-38,492820000000000
321655;11;2;2018;01:28;10994;RUA ALM RUBIM;RUA CESAR ROSSAS;;0;;Choque c/ Obst?â?ículo Fixo;Via Iluminada;Bom;Seca;Y;N?â?úo H?â?í Controle;Comercial;0;1;0;1;0;0;0;0;0;0;0;0;-3,769567000000000;-38,556190000000000
321663;12;2;2018;08:40;1280;RUA PINTO MADEIRA;RUA ILDEFONSO ALBANO;;0;;Colis?â?úo Transversal;Luz do Dia;Chuva;Molhada;Cruz;Sem?â?íforo;Comercial;0;1;2;1;0;0;0;0;0;0;0;0;-3,733610000000000;-38,513317000000000
321664;12;2;2018;16:30;19815;RUA PDE GUERRA;RUA ERICO MOTA;;0;;Colis?â?úo Transversal;Luz do Dia;Bom;Seca;Cruz;Pare;Residencial;0;0;2;1;0;0;0;0;0;0;0;0;-3,739816000000000;-38,562080000000000
321665;12;2;2018;19:49;18320;AV HIS RAIMUNDO GIRAO;RUA ARARIUS;;0;;N?â?úo Informado;Via Iluminada;Bom;Seca;Cruz;Sem?â?íforo;Residencial;0;0;2;1;0;0;0;0;0;0;0;0;-3,720447000000000;-38,513581000000000
321666;12;2;2018;17:10;0;AV SANTOS DUMONT;;;5010;;Colis?â?úo Lateral;Anoitecer;Bom;Seca;Meio de Quadra;;;0;4;0;1;0;0;0;0;0;1;0;0;-3,739778800000000;-38,486744000000000
321667;12;2;2018;20:50;15373;RUA FRE MANSUETO;AV DOM LUIS;;0;;Colis?â?úo Lateral;Via Iluminada;Bom;Seca;Cruz;Sem?â?íforo;Comercial;0;0;2;1;0;0;0;0;0;0;0;0;-3,735861000000000;-38,488626000000000
315295;12;2;2018;00:15;11473;AV PLACIDO CASTELO;RUA DA UBAIA;;0;;Atropelamento;;;;;;;1;0;1;0;0;0;0;0;0;0;0;0;-3,782703000000000;-38,506862000000000
327099;12;2;2018;23:50;12068;AV CASTELO DE CASTRO;AV MON AMARILIO RODRIGUES;;0;;Colis?â?úo;Luz do Dia;;;Cruz;Sem?â?íforo;Comercial;0;1;1;1;0;0;0;0;0;0;0;0;-3,835217000000000;-38,521635000000000
333765;12;2;2018;20:45;0;RUA BAR RIO BRANCO;;;1722;;Colis?â?úo;;;;Meio de Quadra;;;0;1;1;0;0;0;0;0;0;0;0;0;-3,733333080000000;-38,530446360000000
333769;12;2;2018;21:06;0;AV BULEVAR I;;;525;;Colis?â?úo;;;;Meio de Quadra;;;0;2;0;1;0;0;0;0;0;1;0;0;-3,833770000000000;-38,523240000000000
333772;12;2;2018;21:36;0;AV 13 DE MAIO;;;0;;Colis?â?úo;;;;Meio de Quadra;;;0;1;1;1;0;0;0;0;0;1;0;0;;
333757;12;2;2018;18:22;0;AV BEIRA MAR;;;0;;Atropelamento;Anoitecer;;;Meio de Quadra;;;0;1;1;0;0;0;0;0;0;0;0;0;;
333758;12;2;2018;18:29;0;RUA JACINTO MATOS;;;59;;Atropelamento;Anoitecer;;;Meio de Quadra;;;0;1;1;1;0;0;0;0;0;0;0;0;-3,713697800000000;-38,545875700000000
333759;12;2;2018;18:47;0;RUA MANAUS;;;222;;Atropelamento;;;;Meio de Quadra;;;0;1;1;1;0;0;0;0;0;0;0;0;-3,749963500000000;-38,589455500000000
333760;12;2;2018;19:07;1785;RUA MARIA QUINTINO;RUA CAP PORFIRIO;;0;;Queda;;;;;;;0;1;0;0;0;1;0;0;0;0;0;0;-3,853173000000000;-38,500372000000000
333761;12;2;2018;20:05;0;RUA BEM AVENTURANCA;;;342;;Colis?â?úo;;;;Meio de Quadra;;;0;1;1;1;0;0;0;0;0;1;0;0;-3,703840178000000;-38,567241603000000
333762;12;2;2018;20:09;22158;AV JOSE BASTOS;RUA GUSTAVO BRAGA;;0;;Queda;;;;T;Sem?â?íforo;Comercial;0;2;0;0;0;0;0;0;0;1;0;0;-3,751535000000000;-38,551989000000000
333775;12;2;2018;23:25;0;RUA FRANCISCA MARIA DA CONCEICAO;;;650;;Queda;;;;Meio de Quadra;;;0;1;0;0;0;0;0;0;0;1;0;0;-3,840163928000000;-38,568435826000000
333778;12;2;2018;23:29;0;RUA PDE PEDRO DE ALENCAR;;;2310;;Colis?â?úo;;;;Meio de Quadra;;;0;1;1;1;0;0;0;0;0;1;0;0;-3,848410000000000;-38,494809000000000
333746;12;2;2018;00:07;0;RUA LINDOIA;;;315;;Queda;;;;Meio de Quadra;;;0;2;0;0;0;0;0;0;0;1;0;0;-3,721409100000000;-38,472989500000000
333747;12;2;2018;09:21;0;RUA CON DE CASTRO;;;1000;;Queda;Luz do Dia;;;Meio de Quadra;;;0;1;0;0;0;0;0;0;0;1;0;0;-3,781914000000000;-38,570588000000000
333748;12;2;2018;13:50;0;AV PRO JOSE ARTHUR CARVALHO;;;2211;;Colis?â?úo;Luz do Dia;;;Meio de Quadra;;;0;1;0;1;0;0;0;0;0;1;0;0;-3,824517000000000;-38,459224000000000
333749;12;2;2018;14:12;0;RUA TRES CORACOES;;;47;;Atropelamento;Luz do Dia;;;Meio de Quadra;;;0;1;1;0;0;0;0;0;0;0;0;0;-3,749846453000000;-38,570366038000000
333750;12;2;2018;14:44;15152;AV ABOLICAO;AV BAR STUDART;;0;;Queda;Luz do Dia;;;;;;0;1;0;0;0;0;0;0;0;1;0;0;-3,724762000000000;-38,503445000000000
326724;12;2;2018;14:30;0;RUA DEP OSWALDO STUDART;;;600;;Colis?â?úo Lateral;Luz do Dia;;;Meio de Quadra;;;0;0;2;1;0;0;0;0;0;0;0;0;-3,755800000000000;-38,530350000000000
326725;12;2;2018;21:30;15246;RUA CARLOS VASCONCELOS;RUA TEN BENEVOLO;;0;;Colis?â?úo Lateral;Via Iluminada;Bom;Seca;Cruz;Sem?â?íforo;Residencial;0;0;1;1;0;0;0;0;0;0;0;0;-3,727989000000000;-38,509174000000000
326714;12;2;2018;17:20;3856;AV DA UNIVERSIDADE;RUA PDE FRANCISCO PINTO;;0;;Colis?â?úo Transversal;Anoitecer;Bom;Seca;Cruz;Sem?â?íforo;Residencial;0;2;1;1;0;0;0;0;0;1;0;0;-3,742799000000000;-38,540777000000000
326716;13;2;2018;19:22;17326;RUA ALAN KARDEC;RUA ALBERTO MAGNO;;0;;Colis?â?úo Lateral;;;;Cruz;Pare;Comercial;0;2;1;1;0;0;0;0;0;1;0;0;-3,764796000000000;-38,549918000000000
326726;13;2;2018;15:30;9195;RUA COSTA ARAUJO;RUA COS TRISTAO;;0;;Colis?â?úo Lateral;Luz do Dia;;;T;Pare;Residencial;0;0;2;1;0;0;0;0;0;0;0;0;;
326728;13;2;2018;14:30;0;AV JOAO PESSOA;;;5053;;Colis?â?úo Traseira;Luz do Dia;;;Meio de Quadra;;;0;0;2;1;0;0;0;0;0;0;0;0;-3,756077487000000;-38,552774923000000
326720;13;2;2018;03:00;5364;AV TRISTAO GONCALVES;RUA GAL CLARINDO DE QUEIROZ;;0;;Colis?â?úo Lateral;;;;Cruz;Pare;Comercial;0;1;2;1;1;0;0;0;0;0;0;0;-3,731314000000000;-38,534472000000000
326747;13;2;2018;21:55;22857;RUA DR JUSTA ARAUJO D45;RUA ANTONIO SIMOES;;0;;Colis?â?úo Lateral;;;;Cruz;Pare;Comercial;0;1;1;1;0;0;0;0;0;1;0;0;-3,779190000000000;-38,551250000000000
333810;13;2;2018;18:13;17908;AV SGT HERMINIO SAMPAIO;RUA BANVAR BEZERRA;;0;;Atropelamento;Anoitecer;;;Cruz;Sem?â?íforo;Residencial;0;1;1;1;0;0;0;0;0;0;0;0;-3,731982000000000;-38,580411000000000
333812;13;2;2018;19:08;0;RUA ILDEFONSO ALBANO;;;262;;Colis?â?úo;;;;Meio de Quadra;;;0;1;1;0;0;0;0;0;0;0;0;0;-3,723503000000000;-38,510128000000000
333815;13;2;2018;21:09;0;AV ODILON GUIMARAES;;;0;;Queda;;;;Meio de Quadra;;;0;1;0;0;0;0;0;0;0;1;0;0;;
333820;13;2;2018;21:12;0;RUA GUSTAVO BRAGA;;;192;;Colis?â?úo;;;;Meio de Quadra;;;0;1;1;1;0;0;0;0;0;1;0;0;-3,750440564000000;-38,553242709000000
333826;13;2;2018;22:01;0;RUA VIRGILIO BRIGIDO;;;591;;Queda;;;;Meio de Quadra;;;0;1;0;0;0;0;0;0;0;1;0;0;-3,722132000000000;-38,568557000000000
333827;13;2;2018;22:11;0;RUA BRAGANCA;;;676;;Colis?â?úo;;;;Meio de Quadra;;;0;1;1;0;0;0;0;0;0;1;0;0;-3,779965000000000;-38,596353000000000
333828;13;2;2018;22:44;0;RUA EDUARDO ARAUJO;;;2184;;Colis?â?úo;;;;Meio de Quadra;;;0;1;1;1;0;1;0;0;0;0;0;0;-3,819670000000000;-38,594810000000000
333782;13;2;2018;02:14;0;RUA FRANCO ROCHA;;;246;;Queda;;;;Meio de Quadra;;;0;1;0;0;0;0;0;0;0;1;0;0;-3,755881462000000;-38,578921462000000
333783;13;2;2018;02:15;0;RUA PDE SA LEITAO;;;55;;Colis?â?úo;;;;Meio de Quadra;;;0;1;1;0;0;0;0;0;0;0;0;0;-3,772971700000000;-38,587351700000000
333784;13;2;2018;05:11;7752;AV JOAO PESSOA;AV CARNEIRO DE MENDONCA;;0;;Queda;Amanhecer;;;T;Sem?â?íforo;Comercial;0;1;0;0;0;0;0;0;0;1;0;0;-3,767222000000000;-38,559808000000000
333785;13;2;2018;10:55;0;RUA CEL MANUEL ANTONIO LEITE;;;170;;Colis?â?úo;Luz do Dia;;;Meio de Quadra;;;0;1;1;1;0;0;0;0;0;1;0;0;-3,773422897000000;-38,592053138000000
333786;13;2;2018;12:38;0;RUA BARRA NOVA;;;825;;Colis?â?úo;Luz do Dia;;;Meio de Quadra;;;0;2;0;0;0;1;0;0;0;1;0;0;-3,783064455000000;-38,505244545000000
333787;13;2;2018;13:41;6744;RUA BENTO ALBUQUERQUE;RUA BATISTA DE OLIVEIRA;;0;;Colis?â?úo;Luz do Dia;;;Cruz;Sem?â?íforo;Residencial;0;1;1;1;0;0;0;0;0;1;0;0;-3,744448000000000;-38,481027000000000
333788;13;2;2018;14:32;3767;AV DOMINGOS OLIMPIO;AV IMPERADOR;;0;;Queda;Luz do Dia;;;Cruz;N?â?úo H?â?í Controle;Comercial;0;1;0;0;0;0;0;0;0;1;0;0;-3,734790000000000;-38,536697000000000
333789;13;2;2018;14:44;0;RUA SEN ROBERT KENNEDY;;;375;;Colis?â?úo;Luz do Dia;;;Meio de Quadra;;;0;1;1;0;0;0;0;0;0;1;0;0;-3,703398838000000;-38,578698378000000
333790;13;2;2018;16:29;0;AV PRS COSTA E SILVA;;;2768;RAMPA DO JANGURUSSU;Atropelamento;Luz do Dia;;;Meio de Quadra;;;0;1;1;1;0;0;0;0;0;0;0;0;;
333791;13;2;2018;18:07;0;RUA RIO ARAGUAIA;;;1308;;Colis?â?úo;Anoitecer;;;Meio de Quadra;;;0;1;1;1;0;0;0;0;0;1;0;0;-3,728043189000000;-38,582342261000000
327101;13;2;2018;08:17;11932;AV PRS COSTA E SILVA;AV CASTELO DE CASTRO;;0;;Colis?â?úo;Luz do Dia;;;Cruz;Sem?â?íforo;Comercial;0;3;0;1;0;0;0;0;0;0;0;0;;
327344;13;2;2018;06:02;0;RD BR 222;;;3534;;Queda;Luz do Dia;;;Meio de Quadra;;;0;1;0;0;0;0;0;0;0;1;0;0;;
339009;13;2;2018;13:20;15005;AV GODOFREDO MACIEL;RUA SUICA;;0;;Colis?â?úo Transversal;Luz do Dia;Chuva;Molhada;Outros;Pare;Outros;0;1;1;1;0;0;0;0;0;1;0;0;-3,792859000000000;-38,568361000000000
321668;13;2;2018;08:28;1280;RUA PINTO MADEIRA;RUA ILDEFONSO ALBANO;;0;;Colis?â?úo Lateral;Luz do Dia;Bom;Seca;Cruz;Sem?â?íforo;Comercial;0;0;1;1;0;0;0;0;0;0;0;0;-3,733610000000000;-38,513317000000000
321670;13;2;2018;07:39;0;AV DR SILAS MUNGUBA;;;4733;;Choque c/ Obst?â?ículo Fixo;Luz do Dia;Nublado;Seca;Meio de Quadra;Sem?â?íforo;Residencial;0;1;0;0;0;0;0;0;0;1;0;0;-3,794479100000000;-38,533726000000000
321671;13;2;2018;19:00;15371;AV DOM LUIS;RUA PRO DIAS DA ROCHA;;0;;Colis?â?úo Transversal;Via Iluminada;Bom;Seca;Cruz;Pare;Comercial;0;1;1;1;0;0;0;0;0;1;0;0;-3,735126000000000;-38,491572000000000
321672;14;2;2018;10:30;12834;RUA BAR RIO BRANCO;RUA ANTONIO POMPEU;;0;;Colis?â?úo Transversal;Luz do Dia;Bom;Seca;Cruz;Sem?â?íforo;Comercial;0;0;2;0;0;0;0;0;0;1;0;0;-3,734707000000000;-38,530891000000000
321673;14;2;2018;13:41;0;RUA EPAMINONDAS FROTA;;;291;;Choque c/ Obst?â?ículo Fixo;Anoitecer;Bom;Seca;Meio de Quadra;Pare;Residencial;0;0;1;1;0;0;0;0;0;0;0;0;-3,765987200000000;-38,532150000000000
321674;14;2;2018;15:00;0;RUA MON BRUNO;;;458;;Colis?â?úo Traseira;Luz do Dia;Nublado;Seca;Meio de Quadra;N?â?úo H?â?í Controle;Comercial;0;0;1;0;0;0;0;0;0;1;0;0;-3,726154800000000;-38,507170000000000
321675;14;2;2018;15:30;0;RUA CARLOS JUACABA;RUA B;;0;;Colis?â?úo Lateral;Luz do Dia;Bom;Molhada;T;Pare;Residencial;0;0;2;1;0;0;0;0;0;0;0;0;-3,794890000000000;-38,563120000000000
321676;14;2;2018;15:40;1289;AV SANTOS DUMONT;RUA SILVA PAULET;;0;;Colis?â?úo Transversal;Luz do Dia;Nublado;Seca;Cruz;Pare;Comercial;0;0;2;1;0;0;0;0;0;0;0;0;-3,733985000000000;-38,505258000000000
321677;14;2;2018;18:34;0;AV JOSE JATAHY;;;1233;;Colis?â?úo Traseira;Via Iluminada;Chuva;Molhada;Outros;Sem?â?íforo;Residencial;0;0;3;1;0;0;0;0;0;0;0;0;-3,732558500000000;-38,544586000000000
321678;14;2;2018;19:41;23592;AV GOV RAUL BARBOSA;RUA DO CANAL (TAUAPE);;0;;Colis?â?úo Traseira;Via Iluminada;Chuva;Molhada;T;N?â?úo H?â?í Controle;Comercial;0;0;1;1;0;0;0;0;0;0;0;0;-3,762240000000000;-38,508249000000000
321679;14;2;2018;19:45;7975;RUA CARLOS CAMARA;RUA ALVARO MARTINS;;0;;Colis?â?úo Lateral;Via Iluminada;Chuva;Molhada;Cruz;Pare;Residencial;0;0;2;1;0;0;0;0;0;0;0;0;-3,747550000000000;-38,543554000000000
321680;14;2;2018;20:10;0;AV CARAPINIMA;;;1884;;Colis?â?úo Lateral;Via Iluminada;Chuva;Molhada;Meio de Quadra;Sem?â?íforo;Comercial;0;0;2;1;1;0;0;0;0;0;0;0;-3,737580800000000;-38,537796000000000
321681;14;2;2018;20:50;9132;AV 13 DE MAIO;RUA JAIME BENEVOLO;;0;;Colis?â?úo Traseira;Via Iluminada;Chuva;Molhada;Cruz;Sem?â?íforo;Comercial;0;0;2;1;0;0;0;0;0;0;0;0;-3,748122000000000;-38,530741000000000
339025;14;2;2018;07:00;0;RUA JOSE HIPOLITO;;;0;;Colis?â?úo Lateral;Luz do Dia;Chuva;Molhada;Meio de Quadra;Outros;Comercial;0;0;2;0;0;0;0;0;0;1;0;0;;
327387;14;2;2018;12:00;0;RD BR 222;;;5028;;Colis?â?úo Transversal;Luz do Dia;;;Meio de Quadra;;;0;2;1;1;0;0;0;0;0;1;0;0;;
327115;14;2;2018;17:45;25018;RUA TEODOMIRO DE CASTRO;RUA FRANCISCO CALACA;;0;;Colis?â?úo;Anoitecer;;;T;N?â?úo H?â?í Controle;Comercial;0;1;1;0;0;0;0;0;0;0;0;0;-3,717748000000000;-38,574380000000000
327116;14;2;2018;13:30;25325;AV PRS COSTA E SILVA;AV JOAO DE ARAUJO LIMA;;0;;Atropelamento;Luz do Dia;;;Cruz;Sem?â?íforo;Residencial;0;1;1;0;1;0;0;0;0;0;0;0;;
327117;14;2;2018;23:00;0;RUA ISMAEL SILVA;;;381;;Colis?â?úo;;;;Meio de Quadra;;;0;2;0;0;0;0;0;0;0;1;0;0;-3,847892047000000;-38,523817000000000
315196;14;2;2018;20:00;0;AV B CJ CEARA;;;0;;Atropelamento;;;;Meio de Quadra;;;1;0;1;1;0;0;0;0;0;0;0;0;;
333833;14;2;2018;06:48;0;RUA AUGUSTA BENEVIDES;;;1308;;Colis?â?úo;Luz do Dia;;;Meio de Quadra;;;0;1;1;0;0;0;1;0;0;1;0;0;-3,849900000000000;-38,503350000000000
333834;14;2;2018;09:09;0;AV ROGACIANO LEITE;;;401;;Queda;Luz do Dia;;;Meio de Quadra;;;0;1;0;0;0;0;0;0;0;1;0;0;-3,761820000000000;-38,493330000000000
333835;14;2;2018;09:13;0;AV GODOFREDO MACIEL;;;5080;;Atropelamento;Luz do Dia;;;Meio de Quadra;;;0;1;1;0;0;0;0;0;0;1;0;0;-3,818808000000000;-38,576204000000000
333836;14;2;2018;09:52;0;RUA SUECIA;;;0;;Colis?â?úo;Luz do Dia;;;Meio de Quadra;;;0;1;1;1;0;0;0;0;0;1;0;0;;
333837;14;2;2018;11:04;0;AV LUCIANO CARNEIRO;;;721;;Colis?â?úo;Luz do Dia;;;Meio de Quadra;;;0;1;1;1;0;0;0;0;0;1;0;0;-3,753839200000000;-38,533131500000000
333838;14;2;2018;11:24;0;AV PRS JUSCELINO KUBITSCHEK (PASSAR?âÔÇ?);;;941;;Colis?â?úo;Luz do Dia;;;Meio de Quadra;;;0;1;1;1;0;0;0;0;0;1;0;0;-3,808649300000000;-38,627929200000000
333839;14;2;2018;13:09;0;RUA BETEL;;;0;;Queda;Luz do Dia;;;Meio de Quadra;;;0;1;0;0;0;0;0;0;0;1;0;0;;
333844;14;2;2018;18:15;0;AV FRANCISCO SA;;;0;;Atropelamento;Anoitecer;;;Meio de Quadra;;;0;1;1;0;0;0;0;0;0;1;0;0;;
326741;14;2;2018;12:45;9359;RUA COS LAFAYETE;RUA RIO TOCANTINS;;0;;Colis?â?úo Lateral;Luz do Dia;;;Cruz;N?â?úo H?â?í Controle;Residencial;0;1;1;0;1;0;0;0;0;1;0;0;-3,718186000000000;-38,580697000000000
326744;14;2;2018;;19029;AV ENG ALBERTO SA;RUA SOLON ONOFRE;;0;;Colis?â?úo Transversal;;;;Cruz;Pare;Residencial;0;0;2;1;0;0;0;0;0;0;0;0;-3,735314000000000;-38,473145000000000
326731;14;2;2018;12:00;0;AV CARAPINIMA;;;2200;;Colis?â?úo Lateral;Luz do Dia;;;Meio de Quadra;;;0;0;2;0;1;0;0;0;0;0;0;0;-3,739499500000000;-38,539707500000000
331970;14;2;2018;21:55;0;RUA BAR AQUIRAZ;;;0;;Colis?â?úo;;;;Meio de Quadra;;;0;1;0;0;0;0;0;0;0;1;0;0;;
331971;14;2;2018;21:35;0;RUA F CJ ITAPERI;;;0;;Queda;;;;Meio de Quadra;;;0;1;0;0;0;0;0;0;0;1;0;0;;
331972;14;2;2018;21:24;0;AV GAL OSORIO DE PAIVA;;;0;;Colis?â?úo;;;;Meio de Quadra;;;0;1;0;0;0;0;0;0;0;0;0;0;;
331974;14;2;2018;19:22;0;RUA BOM JESUS (BARRA DO CEARA);;;2273;;Colis?â?úo;;;;Meio de Quadra;;;0;1;0;1;0;0;0;0;0;1;0;0;-3,791030000000000;-38,612770000000000
331975;14;2;2018;18:48;13938;RUA JUNIOR ROCHA;RUA VER PEDRO PAULO MOREIRA;;0;;Colis?â?úo;;;;Cruz;Pare;Residencial;0;1;0;1;0;0;0;0;0;1;0;0;-3,787178000000000;-38,487345000000000
331978;14;2;2018;15:10;0;AV GAL OSORIO DE PAIVA;;;0;;Colis?â?úo;Luz do Dia;;;Meio de Quadra;;;0;1;0;0;0;0;0;0;0;0;0;0;;
331979;14;2;2018;14:29;0;RUA CON DE CASTRO;;;5895;;Colis?â?úo;Luz do Dia;;;Meio de Quadra;;;0;1;0;1;0;0;0;0;0;1;0;0;-3,814164800000000;-38,598559333000000
331994;14;2;2018;14:13;10795;AV SEN FERNANDES TAVORA;RUA TUPI D35;;0;;Colis?â?úo;Luz do Dia;;;Cruz;Sem?â?íforo;Residencial;0;1;1;1;0;0;0;0;0;1;0;0;-3,763130000000000;-38,580410000000000
328353;15;2;2018;05:14;0;AV GODOFREDO MACIEL;;;6060;;Colis?â?úo;Amanhecer;;;Meio de Quadra;;;0;1;1;1;0;0;0;0;0;1;0;0;-3,826977000000000;-38,579662000000000
328223;15;2;2018;22:03;20029;AV HEROIS DO ACRE;RUA ARUEIRAS;;0;;Colis?â?úo;;;;T;N?â?úo H?â?í Controle;;0;1;0;1;0;0;0;0;0;1;0;0;-3,803156000000000;-38,536418000000000
328220;15;2;2018;20:44;0;AV A CJ JOSE WALTER;;;191;;Queda;;;;Meio de Quadra;;;0;1;0;0;0;0;0;0;0;1;0;0;-3,825359154000000;-38,552503769000000
328221;15;2;2018;21:45;12814;RUA DELMIRO FARIAS;RUA ALBERTO MAGNO;;0;;Colis?â?úo;;;;Cruz;Pare;Comercial;0;1;0;0;0;0;0;0;0;0;0;0;-3,755375000000000;-38,541633000000000
328218;15;2;2018;19:35;0;RUA EUCLIDES O DE SOUSA;;;1631;;Colis?â?úo;;;;Meio de Quadra;;;0;1;0;0;0;0;0;0;0;0;0;0;-3,796968872000000;-38,465109462000000
328215;15;2;2018;18:08;0;RUA NELSON COELHO;;;346;;Colis?â?úo;Anoitecer;;;Meio de Quadra;;;0;1;0;1;0;0;0;0;0;1;0;0;-3,828774423000000;-38,463495962000000
328209;15;2;2018;13:35;0;RUA SEN POMPEU;;;2145;;Colis?â?úo;Luz do Dia;;;Meio de Quadra;;;0;1;0;1;0;0;0;0;0;1;0;0;-3,737370000000000;-38,532470000000000
328202;15;2;2018;10:25;0;RUA EDGAR BORGES;;;21;;Colis?â?úo;Luz do Dia;;;Meio de Quadra;;;0;2;0;0;0;0;0;0;0;0;0;0;-3,729936625000000;-38,527192156000000
328203;15;2;2018;11:00;0;RUA SOLON PINHEIRO;;;467;;Colis?â?úo;Luz do Dia;;;Meio de Quadra;;;0;1;0;0;0;0;0;0;0;0;0;0;-3,734622000000000;-38,527697000000000
328204;15;2;2018;11:12;0;RUA CARLOS VASCONCELOS;;;2062;;Colis?â?úo;Luz do Dia;;;Meio de Quadra;;;0;1;0;1;0;0;0;0;0;1;0;0;-3,740140000000000;-38,513200000000000
328195;15;2;2018;09:17;0;ET DO FIO (MESSEJANA);;;801;;Queda;Luz do Dia;;;Meio de Quadra;;;0;1;0;0;0;0;0;0;0;1;0;0;-3,758000000000000;-38,570480000000000
328207;15;2;2018;12:09;0;RUA CON DE CASTRO;;;4500;;Atropelamento;Luz do Dia;;;Meio de Quadra;;;0;1;0;0;0;0;0;0;0;1;0;0;-3,804849847000000;-38,591783153000000
328211;15;2;2018;14:03;0;AV ENG HUMBERTO MONTE;;;1841;;Queda;Luz do Dia;;;Meio de Quadra;;;0;1;0;0;0;0;0;0;0;1;0;0;-3,744966500000000;-38,563921250000000
328212;15;2;2018;15:54;0;AV GODOFREDO MACIEL;;;6380;;Colis?â?úo;Luz do Dia;;;Meio de Quadra;;;0;1;0;1;0;0;1;0;0;0;0;0;-3,832367880000000;-38,581402640000000
328213;15;2;2018;17:08;0;RUA DA COPAIBA;;;6789;;Colis?â?úo;Anoitecer;;;Meio de Quadra;;;0;1;0;1;0;0;0;0;0;1;0;0;;
328193;15;2;2018;06:27;0;AV PRS CASTELO BRANCO;;;4334;;Queda;Luz do Dia;;;Meio de Quadra;;;0;1;0;0;0;0;0;0;0;1;0;0;-3,707406324000000;-38,571138086000000
326739;15;2;2018;09:35;0;AV FRANCISCO SA;;;5445;;Colis?â?úo Lateral;Luz do Dia;Nublado;Seca;Meio de Quadra;N?â?úo H?â?í Controle;Residencial;0;0;2;1;0;0;1;0;0;0;0;0;-3,712081613000000;-38,572931694000000
326737;15;2;2018;07:00;5224;RUA PEREIRA FILGUEIRAS;RUA DOM JOAQUIM;;0;;Queda;Luz do Dia;Chuva;Molhada;Cruz;Pare;Residencial;0;1;1;1;0;0;0;0;0;1;0;0;-3,726990000000000;-38,517098000000000
326742;15;2;2018;03:00;0;AV SEN CARLOS JEREISSATI (AEROPORTO);;;0;AL?âÔÇíA DE ACESSO;Colis?â?úo Transversal;Via Iluminada;Nublado;Seca;Meio de Quadra;N?â?úo H?â?í Controle;Comercial;0;0;2;1;0;0;0;0;0;0;0;0;-3,779256000000000;-38,545049000000000
326746;15;2;2018;15:25;12794;RUA JORGE DUMAR;AV PRO GOMES DE MATOS;;0;;Colis?â?úo Transversal;Luz do Dia;Bom;Seca;Cruz;Pare;Comercial;0;1;1;1;0;0;0;0;0;1;0;0;-3,754269000000000;-38,539734000000000
315198;15;2;2018;05:14;0;AV GODOFREDO MACIEL;;;6060;;Colis?â?úo;Amanhecer;;;Meio de Quadra;;;1;0;1;1;0;0;0;0;0;1;0;0;-3,826977000000000;-38,579662000000000
330280;15;2;2018;18:04;0;RD BR 116;;;2000;KM-02;Queda;Anoitecer;;;Meio de Quadra;;;0;0;1;0;0;0;0;0;0;1;0;0;-3,771391000000000;-38,516780000000000
327139;15;2;2018;21:53;0;AV EUCALIPITOS;;;925;;Colis?â?úo;;;;Meio de Quadra;;;0;1;1;0;0;0;0;0;0;1;0;0;;
327140;15;2;2018;16:30;12352;RUA MON HIPOLITO BRASIL;RUA ERNESTO PEDRO SANTOS;;0;;Colis?â?úo;Luz do Dia;;;Cruz;Pare;Residencial;0;0;2;0;0;0;0;0;0;1;0;0;-3,760775000000000;-38,575314000000000
321693;15;2;2018;21:32;0;AV AUGUSTO DOS ANJOS;RUA ABEL RIBEIRO;;1360;;Colis?â?úo Transversal;Anoitecer;Bom;Seca;Meio de Quadra;;;0;1;1;1;0;0;0;0;0;1;0;0;-3,780036200000000;-38,579163000000000
321694;15;2;2018;07:40;0;AV ENG AGRONOMO JOSE GUIMARAES DUQUE;;;929;;Colis?â?úo Lateral;Luz do Dia;Chuva;Molhada;Cruz;Pare;Residencial;0;0;2;1;0;0;0;0;0;0;0;0;-3,804895600000000;-38,488640000000000
321683;15;2;2018;08:54;0;AV PRS CASTELO BRANCO;;;0;MARINHA;Colis?â?úo Lateral;Luz do Dia;Bom;Molhada;Meio de Quadra;N?â?úo H?â?í Controle;Lazer;0;0;1;1;0;0;0;0;0;0;0;0;-3,715106700000000;-38,542908000000000
321684;15;2;2018;08:58;0;RUA PEDRO LAZAR;;;1303;;Colis?â?úo Traseira;Luz do Dia;Chuva;Molhada;Meio de Quadra;N?â?úo H?â?í Controle;Residencial;0;0;2;1;1;0;0;0;0;0;0;0;-3,805085700000000;-38,488480000000000