COD_ACIDENTE;DIA;MES;ANO;HORA;INTERSECAO;LOG1;LOG2;LOG3;NUMERO;REFERENCIA;NATUREZA;ILUMINACAO;TEMPO;SUPERFICIEPISTA;TIPOCRUZAMENTO;CONTROLETRAFEGO;USOSOLO;MORTOS;FERIDOS;ILESOS;AUTOMOVEL;ONIBUS;BICICLETA;CAMINHAO;MICROONIBUS;CICLOMOTOR;MOTOCICLETA;TRACAOANIMAL;TREM;LATITUDE;LONGITUDE
321685;15;2;2018;09:30;1485;RUA PDE VALDEVINO;RUA ANTONIO AUGUSTO;;0;;Colis?â?úo Transversal;Luz do Dia;Bom;Seca;Cruz;Pare;Comercial;0;0;1;1;0;0;0;0;0;0;0;0;-3,739239000000000;-38,516489000000000
321686;15;2;2018;12:02;0;RUA PERU;;;77;;Choque c/ Obst?â?ículo Fixo;Luz do Dia;Nublado;Seca;Meio de Quadra;Sem?â?íforo;Residencial;0;2;0;0;0;0;0;1;0;0;0;0;-3,768266400000000;-38,549510000000000
321687;15;2;2018;12:51;0;AV PRS JUSCELINO KUBITSCHEK (PASSAR?âÔÇ?);;;3057;;Colis?â?úo Traseira;Luz do Dia;Bom;Seca;Meio de Quadra;Sem?â?íforo;Escola;0;1;1;1;0;0;0;0;0;1;0;0;-3,814163700000000;-38,530010000000000
321688;15;2;2018;15:42;10302;AV SEN FERNANDES TAVORA;RUA PERILIO TEIXEIRA;;0;;Colis?â?úo Transversal;Luz do Dia;Nublado;Seca;Cruz;Pare;Comercial;0;1;1;0;0;0;0;0;0;1;0;0;-3,754628000000000;-38,600984000000000
321689;15;2;2018;18:58;6724;AV SANTOS DUMONT;AV ENG SANTANA JUNIOR;;0;;N?â?úo Informado;Via Iluminada;Bom;Seca;Cruz;Pare;Comercial;0;0;2;1;1;0;0;0;0;0;0;0;-3,740506000000000;-38,485132000000000
321690;15;2;2018;20:35;0;AV SEN CARLOS JEREISSATI (AEROPORTO);;;0;;Colis?â?úo Lateral;Anoitecer;Bom;Seca;Outros;N?â?úo H?â?í Controle;Comercial;0;0;2;1;0;0;0;0;0;0;0;0;-3,780468500000000;-38,539230000000000
321691;15;2;2018;22:03;0;AV JOAO PESSOA;;;5586;;Colis?â?úo Traseira;Via Iluminada;Bom;Seca;Meio de Quadra;Sem?â?íforo;Residencial;0;1;1;1;0;0;0;0;0;1;0;0;-3,759973000000000;-38,556183000000000
321692;16;2;2018;01:01;0;RUA EDUARDO PERDIGAO;BC CON CASTRO (VL. PERY);;0;;Colis?â?úo Lateral;Via Iluminada;Nublado;Seca;Meio de Quadra;;;0;0;2;1;0;0;0;0;0;0;0;0;-3,775646700000000;-38,564785000000000
321695;16;2;2018;15:08;0;RUA GOMES PASSOS;;;664;;Colis?â?úo Frontal;Luz do Dia;Bom;Seca;;;;0;1;1;1;0;0;0;0;0;1;0;0;-3,710794000000000;-38,562355000000000
321696;16;2;2018;15:28;24990;AV PRS COSTA E SILVA;AV PRS JUSCELINO KUBITSCHEK (PASSAR?âÔÇ?);;0;;Colis?â?úo Traseira;Luz do Dia;Bom;Seca;T;Sem?â?íforo;Residencial;0;1;1;1;0;0;0;0;0;1;0;0;-3,825648000000000;-38,539516000000000
321697;16;2;2018;16:30;22176;AV JOSE BASTOS;AV ENG HUMBERTO MONTE;;0;;Colis?â?úo Lateral;Luz do Dia;Bom;Seca;T;Sem?â?íforo;Comercial;0;0;2;1;1;0;0;0;0;0;0;0;-3,754966000000000;-38,555455000000000
321698;16;2;2018;17:00;0;RUA VIA LACTEA;;;0;;Choque c/ Obst?â?ículo Fixo;Luz do Dia;Bom;Seca;Meio de Quadra;Pare;Residencial;0;0;1;0;0;0;0;0;0;0;0;0;-3,764639400000000;-38,530148000000000
321699;16;2;2018;18:58;8931;RUA ANTONIO POMPEU;RUA JUSTINIANO DE SERPA;;0;;Colis?â?úo Lateral;Via Iluminada;Nublado;Seca;T;Pare;Comercial;0;0;2;1;0;0;0;0;0;0;0;0;-3,732034000000000;-38,542672000000000
321700;16;2;2018;19:50;19152;RUA BATISTA DE OLIVEIRA;RUA LAURO NOGUEIRA;;0;;Colis?â?úo Lateral;Via Iluminada;Nublado;Seca;Cruz;Pare;Residencial;0;0;2;1;1;0;0;0;0;0;0;0;-3,740086000000000;-38,478301000000000
321701;16;2;2018;19:15;0;RUA MAJ FACUNDO;;;322;;Atropelamento;Via Iluminada;Nublado;Seca;Meio de Quadra;N?â?úo H?â?í Controle;Comercial;0;2;0;0;0;0;0;0;0;1;0;0;-3,725917600000000;-38,527367000000000
321702;16;2;2018;21:32;0;AV SEN VIRGILIO TAVORA;;;304;;Colis?â?úo Lateral;Via Iluminada;Bom;Seca;Meio de Quadra;Gesto;Comercial;0;0;2;0;1;0;0;0;0;0;0;0;-3,731516000000000;-38,491450000000000
321703;16;2;2018;20:43;0;AV 13 DE MAIO;;;441;;Engavetamento;Via Iluminada;Chuva;Molhada;Meio de Quadra;N?â?úo H?â?í Controle;Comercial;0;0;3;1;0;0;0;0;0;0;0;0;-3,752740100000000;-38,525383000000000
321704;16;2;2018;21:43;0;AV 13 DE MAIO;;;0;;Colis?â?úo Traseira;Anoitecer;Bom;Molhada;Outros;Sem?â?íforo;Comercial;0;0;2;1;0;0;0;0;0;0;0;0;-3,747945800000000;-38,530968000000000
321705;16;2;2018;20:46;0;TR CREUZA ROQUE;RUA MAJ MONTENEGRO;;0;;Colis?â?úo Transversal;Via Iluminada;Nublado;Seca;Cruz;Pare;Residencial;0;0;1;0;0;0;0;0;0;0;0;0;-3,800780300000000;-38,580580000000000
321706;16;2;2018;22:59;0;RUA RAUL CABRAL;;;1276;;Choque c/ Obst?â?ículo Fixo;Via Iluminada;Nublado;Molhada;Meio de Quadra;N?â?úo H?â?í Controle;Residencial;0;0;1;1;0;0;0;0;0;0;0;0;-3,767365200000000;-38,546955000000000
321707;16;2;2018;23:31;0;AV PRS CASTELO BRANCO;;;2490;;Colis?â?úo Traseira;Via Iluminada;Nublado;Seca;Meio de Quadra;Sem?â?íforo;Comercial;0;1;2;1;0;0;0;0;0;0;0;0;-3,713185500000000;-38,550163000000000
327142;16;2;2018;13:00;5450;RUA MAJ FACUNDO;RUA ANTONIO POMPEU;;0;;Colis?â?úo;Luz do Dia;;;Cruz;Gesto;Comercial;0;0;2;1;0;0;0;0;0;0;0;0;-3,734923000000000;-38,530216000000000
327388;16;2;2018;10:10;0;RD BR 116;;;3000;KM-03;Colis?â?úo Lateral;Luz do Dia;;;Meio de Quadra;;;0;0;2;0;0;0;0;0;0;1;0;0;-3,779838000000000;-38,514372000000000
326753;16;2;2018;20:00;13721;RUA CAIO CID;RUA MARIANA F LEITE;;0;;Colis?â?úo;Anoitecer;Nublado;Molhada;Cruz;Pare;Residencial;0;1;1;1;0;0;0;0;0;1;0;0;-3,772584000000000;-38,484412000000000
326755;16;2;2018;18:40;5054;RUA DRAGAO DO MAR;RUA ALM JACEGUAI;;0;;Colis?â?úo Transversal;Via Iluminada;Bom;Seca;Cruz;Pare;Comercial;0;1;1;1;0;0;0;0;0;1;0;0;-3,721835000000000;-38,519333000000000
326748;16;2;2018;01:20;19539;AV DR SILAS MUNGUBA;RUA EQUADOR;;0;;Colis?â?úo Lateral;Via Iluminada;Bom;Seca;Cruz;Sem?â?íforo;Comercial;0;1;1;1;0;0;0;0;0;1;0;0;-3,782377000000000;-38,555434000000000
326751;16;2;2018;14:55;0;AV CASTELO DE CASTRO;;;230;;Colis?â?úo Lateral;Luz do Dia;Bom;Seca;Outros;N?â?úo H?â?í Controle;Comercial;0;2;1;1;0;0;0;0;0;1;0;0;-3,831083500000000;-38,521498500000000
328233;16;2;2018;00:34;0;RUA 1018 CJ CEARA;;;148;;Colis?â?úo;;;;Meio de Quadra;;;0;1;0;0;0;0;0;0;0;0;0;0;-3,770211333000000;-38,616443667000000
328237;16;2;2018;07:10;18108;AV DIOGUINHO;AV SANTOS DUMONT;;0;;Colis?â?úo;Luz do Dia;;;T;Sem?â?íforo;Lazer;0;1;0;1;0;0;0;0;0;1;0;0;-3,747029000000000;-38,450425000000000
328238;16;2;2018;07:41;17252;RUA ALFREDO DE CASTRO;RUA JOAO FIRMINO;;0;;Colis?â?úo;Luz do Dia;;;T;Pare;Comercial;0;1;0;0;0;0;0;0;0;1;0;0;-3,760981000000000;-38,552665000000000
328239;16;2;2018;08:42;0;AV WASHINGTON SOARES;;;0;;Colis?â?úo;Luz do Dia;;;Meio de Quadra;;;0;1;0;1;0;0;0;0;0;1;0;0;;
328240;16;2;2018;09:13;0;RUA JULIO SILVA;;;440;;Queda;Luz do Dia;;;Meio de Quadra;;;0;1;0;0;0;0;0;0;0;1;0;0;;
328245;16;2;2018;10:23;0;AV WASHINGTON SOARES;;;6446;;Colis?â?úo;Luz do Dia;;;Meio de Quadra;;;0;1;0;0;0;0;0;0;0;0;0;0;-3,815048000000000;-38,481443000000000
328246;16;2;2018;11:33;0;AV PERIMETRAL;;;273;;Queda;Luz do Dia;;;Meio de Quadra;;;0;1;0;0;0;0;0;0;0;1;0;0;;
328242;16;2;2018;10:04;0;RD BR 116;;;0;;Colis?â?úo;Luz do Dia;;;Meio de Quadra;;;0;1;0;1;0;0;0;0;0;1;0;0;;
328248;16;2;2018;11:43;0;AV MAE LISBOA;;;2279;;Colis?â?úo;Luz do Dia;;;Meio de Quadra;;;0;1;0;1;0;0;0;0;0;0;0;0;-3,807256000000000;-38,459469000000000
328249;16;2;2018;12:07;0;AV WASHINGTON SOARES;;;2000;;Colis?â?úo;Luz do Dia;;;Meio de Quadra;;;0;1;0;1;0;0;0;0;0;1;0;0;-3,776562000000000;-38,481591000000000
328253;16;2;2018;13:05;670;RUA PRO JOSE BONIFACIO;RUA GOMES PASSOS;;0;;Colis?â?úo;Luz do Dia;;;Cruz;Pare;Residencial;0;3;0;0;0;0;0;0;0;0;0;0;-3,710794000000000;-38,562431000000000
328269;16;2;2018;15:00;0;AV BORGES DE MELO;;;0;;Colis?â?úo;Luz do Dia;;;Meio de Quadra;;;0;1;0;1;0;0;0;0;0;1;0;0;;
328270;16;2;2018;15:08;0;RUA RAUL CABRAL;;;620;;Atropelamento de Animal;Luz do Dia;;;Meio de Quadra;;;0;1;0;0;0;0;0;0;0;1;0;0;-3,769160593000000;-38,544024259000000
328271;16;2;2018;15:18;0;AV PERIMETRAL;;;4010;;Colis?â?úo;Luz do Dia;;;Meio de Quadra;;;0;1;0;1;0;0;0;0;0;1;0;0;;
328272;16;2;2018;15:58;0;RUA PDE GUERRA;;;2020;;Queda;Luz do Dia;;;Meio de Quadra;;;0;1;0;0;0;0;0;0;0;1;0;0;-3,739844375000000;-38,562213500000000
328275;16;2;2018;16:18;0;RUA SOUSA GIRAO;;;486;;Colis?â?úo;Luz do Dia;;;Meio de Quadra;;;0;1;0;0;0;0;0;0;0;0;0;0;-3,744575364000000;-38,524672818000000
328276;16;2;2018;16:31;0;RUA CEL FABRICIANO;;;433;;Queda;Luz do Dia;;;Meio de Quadra;;;0;1;0;0;0;0;0;0;0;1;0;0;-3,786897059000000;-38,593966547000000
328277;16;2;2018;16:48;0;AV MR HULL;;;0;;Colis?â?úo;Luz do Dia;;;Meio de Quadra;;;0;1;0;1;0;0;0;0;0;1;0;0;;
328278;16;2;2018;18:27;0;AV JOSE BASTOS;;;2750;;Colis?â?úo;Anoitecer;;;Meio de Quadra;;;0;1;0;1;0;1;0;0;0;0;0;0;-3,745156500000000;-38,545578999000000
328288;16;2;2018;20:33;581;AV FRANCISCO SA;AV PASTEUR;;0;;Colis?â?úo;;;;Cruz;Sem?â?íforo;Comercial;0;1;0;0;0;0;0;0;0;0;0;0;-3,716325000000000;-38,560567000000000
328280;16;2;2018;19:17;0;RUA MAJ MONTENEGRO;;;869;;Colis?â?úo;;;;Meio de Quadra;;;0;2;0;1;0;0;0;0;0;1;0;0;-3,800208588000000;-38,580690412000000
328292;17;2;2018;05:26;0;AV VIS RIO BRANCO;;;2766;;Colis?â?úo;Amanhecer;;;Meio de Quadra;;;0;1;0;0;0;0;0;0;0;0;0;0;-3,745285616000000;-38,522177538000000
328297;17;2;2018;06:36;0;RUA CEL JUCA;;;18;;Queda;Luz do Dia;;;Meio de Quadra;;;0;1;0;0;0;0;0;0;0;1;0;0;-3,740890000000000;-38,492330000000000
328294;17;2;2018;06:07;0;RUA ARTUR DE SOUZA;;;965;;Colis?â?úo;Luz do Dia;;;Meio de Quadra;;;0;1;0;0;0;0;0;0;0;0;0;0;-3,826521063000000;-38,574193344000000
328300;17;2;2018;06:50;0;AV JOSE BASTOS;;;3800;;Queda;Luz do Dia;;;Meio de Quadra;;;0;1;0;0;0;0;0;0;0;1;0;0;-3,751924000000000;-38,552379500000000
328305;17;2;2018;07:52;0;RUA PDE VALDEVINO;;;1300;;Colis?â?úo;Luz do Dia;;;Meio de Quadra;;;0;1;0;1;0;0;0;0;0;1;0;0;-3,740435919000000;-38,512697676000000
328289;17;2;2018;00:07;0;RUA NAT FEIJO;;;1041;;Queda;;;;Meio de Quadra;;;0;1;0;0;0;0;0;0;0;1;0;0;-3,721088731000000;-38,558125577000000
328290;17;2;2018;00:46;0;AV PRS COSTA E SILVA;;;0;;Queda;;;;Meio de Quadra;;;0;1;0;0;0;0;0;0;0;1;0;0;;
328318;17;2;2018;11:13;0;AV SEN FERNANDES TAVORA;;;2432;;Colis?â?úo;Luz do Dia;;;Meio de Quadra;;;0;2;0;1;0;0;0;0;0;1;0;0;-3,755953000000000;-38,593889000000000
328311;17;2;2018;10:10;0;AV PERIMETRAL;;;0;;Colis?â?úo;Luz do Dia;;;Meio de Quadra;;;0;1;0;1;0;0;0;0;0;1;0;0;;
328322;17;2;2018;12:01;0;RUA TEREZA CRISTINA;;;1088;;Atropelamento;Luz do Dia;;;Meio de Quadra;;;0;1;0;1;0;0;0;0;0;0;0;0;-3,730023857000000;-38,537657857000000
328320;17;2;2018;11:38;0;RUA MARTINS NETO;;;367;;Colis?â?úo;Luz do Dia;;;Meio de Quadra;;;0;1;0;1;0;0;0;0;0;1;0;0;-3,740301000000000;-38,588571000000000
328327;17;2;2018;12:27;0;RUA ANTONIO ARRUDA;;;1188;;Atropelamento;Luz do Dia;;;Meio de Quadra;;;0;1;0;0;0;0;0;0;0;1;0;0;-3,717970000000000;-38,593420000000000
328332;17;2;2018;14:27;5468;RUA BAR ARATANHA;RUA ANTONIO POMPEU;;0;;Colis?â?úo;Luz do Dia;;;Cruz;Sem?â?íforo;Comercial;0;3;0;0;0;0;0;0;0;0;0;0;-3,735826000000000;-38,527351000000000
328337;17;2;2018;19:01;0;RUA CON DE CASTRO;;;4252;;Colis?â?úo;;;;Meio de Quadra;;;0;1;0;1;0;0;0;0;0;1;0;0;-3,803088410000000;-38,590237923000000
328347;17;2;2018;20:57;0;AV 13 DE MAIO;;;1850;;Colis?â?úo;;;;Meio de Quadra;;;0;1;0;0;0;0;0;0;0;0;0;0;-3,745129000000000;-38,534255000000000
328348;17;2;2018;22:03;0;AV JOSE SABOIA;;;905;;Queda;;;;Meio de Quadra;;;0;1;0;0;0;0;0;0;0;1;0;0;-3,718323500000000;-38,465462800000000
328349;17;2;2018;23:21;0;RUA JOAO CARVALHO;;;1615;;Colis?â?úo;;;;Meio de Quadra;;;0;2;0;0;0;0;0;0;0;0;0;0;;
328350;17;2;2018;23:40;0;RUA SOL;;;693;;Queda;;;;Meio de Quadra;;;0;1;0;0;0;1;0;0;0;0;0;0;-3,835432700000000;-38,579375700000000
328341;17;2;2018;19:32;0;AV JOSE BASTOS;;;2250;;Atropelamento;;;;Meio de Quadra;;;0;1;0;0;0;0;0;0;0;1;0;0;-3,741851800000000;-38,542405300000000
328342;17;2;2018;19:38;0;AV AUGUSTO DOS ANJOS;;;2250;;Atropelamento;;;;Meio de Quadra;;;0;1;0;0;0;0;0;0;0;0;0;0;-3,786273000000000;-38,584272000000000
328339;17;2;2018;19:30;0;AV FRANCISCO SA;;;2777;;Colis?â?úo;;;;Meio de Quadra;;;0;1;0;1;0;0;0;0;0;1;0;0;-3,719680000000000;-38,550501000000000
328344;17;2;2018;19:42;0;AV SEN FERNANDES TAVORA;;;0;;Colis?â?úo;;;;Meio de Quadra;;;0;1;0;0;0;0;0;0;0;0;0;0;;
328345;17;2;2018;20:03;0;RUA HONORATO SILVA;;;0;;Atropelamento;;;;Meio de Quadra;;;0;1;0;0;0;0;0;0;0;0;0;0;;
326743;17;2;2018;12:30;0;AV ANTONIO SALES;;;2666;;Colis?â?úo Traseira;Luz do Dia;;;Meio de Quadra;;;0;0;2;0;0;0;0;0;0;1;0;0;-3,746051000000000;-38,500407000000000
326745;17;2;2018;18:30;0;RUA JOAO SORONGO;;;162;;Colis?â?úo Traseira;Anoitecer;;;Meio de Quadra;;;0;2;3;1;0;0;0;1;0;0;0;0;-3,752863040000000;-38,541408120000000
326733;17;2;2018;19:45;0;AV JOR THOMAZ COELHO;;;649;;Colis?â?úo Traseira;;;;Meio de Quadra;;;0;1;1;0;1;0;0;0;0;1;0;0;-3,831986000000000;-38,501811000000000
326734;17;2;2018;10:55;0;AV GAL OSORIO DE PAIVA;;;2955;;Colis?â?úo Lateral;Luz do Dia;;;Meio de Quadra;;;0;2;0;1;0;0;0;0;0;1;0;0;-3,789256000000000;-38,587028000000000
326735;17;2;2018;18:50;0;AV LUCIANO CARNEIRO;;;2560;;Colis?â?úo;;;;Meio de Quadra;;;0;1;1;1;0;1;0;0;0;0;0;0;-3,770842000000000;-38,538495000000000
326736;17;2;2018;09:00;23772;RUA COSTA FREIRE;RUA ARAPONGA;;0;;Colis?â?úo Lateral;Luz do Dia;;;Cruz;Pare;Residencial;0;1;1;0;0;0;1;0;0;1;0;0;-3,784514000000000;-38,577606000000000
327143;17;2;2018;00:35;13076;AV I CJ JOSE WALTER;AV B CJ JOSE WALTER;;0;;Colis?â?úo;;;;Outros;Pare;Residencial;0;0;2;1;0;0;0;0;0;0;0;0;-3,827806000000000;-38,551546000000000
327145;17;2;2018;12:50;0;RUA VALPARAISO;;;1346;;Colis?â?úo;Luz do Dia;;;Meio de Quadra;;;0;0;2;0;0;0;0;0;0;1;0;0;-3,840439563000000;-38,530374596000000
327146;17;2;2018;20:45;0;AV OLIVEIRA PAIVA;;;432;;Colis?â?úo;;;;Meio de Quadra;;;0;0;2;1;0;0;0;0;0;1;0;0;-3,797833429000000;-38,501417000000000
315200;17;2;2018;07:00;0;AV PRS CASTELO BRANCO;;;225;DRAG?âãÆO DO MAR;Atropelamento;Luz do Dia;;;Meio de Quadra;;;1;0;1;1;0;0;0;0;0;0;0;0;-3,718180000000000;-38,535640000000000
321708;17;2;2018;00:48;8000;AV JOAO PESSOA;RUA DELMIRO FARIAS;;0;;Colis?â?úo Traseira;Via Iluminada;Chuva;Molhada;Cruz;Pare;Comercial;0;0;2;1;0;0;0;0;0;0;0;0;-3,750275000000000;-38,547538000000000
321709;17;2;2018;06:26;9055;AV VIS RIO BRANCO;RUA CEL ALVES TEIXEIRA;;0;;Colis?â?úo Transversal;Luz do Dia;Chuva;Molhada;Cruz;Pare;Comercial;0;0;2;1;0;0;1;0;0;0;0;0;-3,745349000000000;-38,522164000000000
321710;17;2;2018;07:21;9154;AV 13 DE MAIO;RUA MARTINHO RODRIGUES;;0;;Colis?â?úo Lateral;Amanhecer;Chuva;Molhada;Cruz;Sem?â?íforo;Comercial;0;1;2;1;1;0;0;0;0;1;0;0;-3,752832000000000;-38,525221000000000
321711;17;2;2018;07:50;0;AV DA UNIVERSIDADE;;;0;;Colis?â?úo Traseira;Luz do Dia;Chuva;Inundada;Meio de Quadra;Sem?â?íforo;Comercial;0;0;2;1;0;0;0;0;0;0;0;0;-3,735391100000000;-38,533960000000000
321712;17;2;2018;06:40;25697;RUA ROCHA LIMA;RUA JOAO CORDEIRO;;0;;Colis?â?úo Transversal;Luz do Dia;Chuva;Molhada;Cruz;Pare;Residencial;0;1;1;0;0;0;1;0;0;1;0;0;-3,738000000000000;-38,517275000000000
321713;17;2;2018;06:47;15136;AV MON TABOSA;RUA ANTONIO AUGUSTO;;0;SEBRAE;Colis?â?úo Transversal;Luz do Dia;Chuva;Molhada;Cruz;Pare;Comercial;0;0;1;1;0;0;0;0;0;0;0;0;-3,724092000000000;-38,511469000000000
321714;17;2;2018;09:33;0;AV HIS RAIMUNDO GIRAO;;;163;;Colis?â?úo Lateral;Luz do Dia;Chuva;Molhada;;;;0;0;2;0;1;0;0;0;0;0;0;0;-3,720349600000000;-38,514320000000000
321715;17;2;2018;13:52;14451;AV BENJAMIM BARROSO;RUA DEMOCRITO ROCHA;;0;;Colis?â?úo Transversal;Luz do Dia;Nublado;Seca;Cruz;N?â?úo H?â?í Controle;Residencial;0;0;2;1;0;0;0;0;0;0;0;0;-3,726248000000000;-38,549837000000000
321716;17;2;2018;21:21;0;RUA PINTO MADEIRA;;;1340;;N?â?úo Informado;Via Iluminada;Chuva;Molhada;Meio de Quadra;Sem?â?íforo;Residencial;0;0;2;1;0;0;0;0;0;0;0;0;-3,733567700000000;-38,513454000000000
321717;18;2;2018;23:51;15271;RUA ILDEFONSO ALBANO;RUA PEREIRA FILGUEIRAS;;0;;Colis?â?úo Traseira;Via Iluminada;Chuva;Molhada;Cruz;Sem?â?íforo;Residencial;0;2;1;1;0;0;0;0;0;0;0;0;-3,728706000000000;-38,511864000000000
321718;18;2;2018;19:06;23279;AV GAL OSORIO DE PAIVA;RUA ICAPUY;;0;;Colis?â?úo Traseira;Via Iluminada;Bom;Seca;Cruz;Sem?â?íforo;Residencial;0;0;2;1;0;0;0;0;0;0;0;0;-3,807471000000000;-38,604738000000000
321719;18;2;2018;18:26;0;RUA PEREIRA DE MIRANDA;;;414;;Colis?â?úo Lateral;Anoitecer;Bom;Seca;Cruz;Pare;Residencial;0;0;1;1;0;0;0;0;0;0;0;0;-3,739600700000000;-38,482468000000000
321720;18;2;2018;19:45;24261;RUA MANUEL JESUINO;RUA REPUBLICA DO LIBANO;;0;;Colis?â?úo Transversal;Via Iluminada;Bom;Seca;Cruz;Pare;Residencial;0;1;0;0;0;0;0;0;0;1;0;0;-3,733603000000000;-38,484913000000000
321721;18;2;2018;00:21;25780;AV GAL OSORIO DE PAIVA;RUA ENG LUIS MONTENEGRO;;0;;Colis?â?úo Transversal;Via Iluminada;Bom;Seca;T;N?â?úo H?â?í Controle;Comercial;0;2;0;1;0;0;0;0;0;0;0;0;-3,815767300000000;-38,612890000000000
315202;18;2;2018;19:40;14857;RUA MARIO FILHO;TR REJANE;;0;;Colis?â?úo Transversal;;;;Cruz;Pare;Residencial;1;0;1;1;0;0;0;0;0;1;0;0;-3,806710000000000;-38,585721000000000
327149;18;2;2018;15:30;0;RUA EMILIANO DE ALMEIDA BRAGA;;;1328;;Colis?â?úo;Luz do Dia;;;Meio de Quadra;;;0;0;2;0;0;0;0;0;0;0;0;0;-3,819171000000000;-38,525429900000000
327150;18;2;2018;13:00;1250;RUA COSTA BARROS;AV BAR STUDART;;0;;Colis?â?úo;Luz do Dia;;;Cruz;Sem?â?íforo;Residencial;0;1;1;1;0;0;0;0;0;0;0;0;-3,732231000000000;-38,505837000000000
327151;18;2;2018;19:25;0;AV WASHINGTON SOARES;;;4330;;Colis?â?úo;;;;Meio de Quadra;;;0;1;1;1;0;0;0;0;1;0;0;0;-3,794935000000000;-38,479979000000000
327389;18;2;2018;17:10;0;RD BR 020;;;0;KM 427;Queda;Anoitecer;;;Meio de Quadra;;;0;2;0;0;0;0;0;0;0;1;0;0;-3,866000000000000;-38,515000000000000
327600;18;2;2018;11:10;0;RD CE-060;;;0;KM-01;Colis?â?úo;Luz do Dia;;;Meio de Quadra;;;0;0;2;0;1;0;1;0;0;0;0;0;-3,826136000000000;-38,579500000000000
326756;18;2;2018;10:35;3862;AV 13 DE MAIO;RUA JUSTINIANO DE SERPA;;0;;Colis?â?úo Traseira;Luz do Dia;;;Outros;N?â?úo H?â?í Controle;Comercial;0;0;2;1;0;0;0;0;0;0;0;0;-3,739207000000000;-38,541170000000000
326758;18;2;2018;08:00;1236;AV RUI BARBOSA;RUA COSTA BARROS;;0;;Colis?â?úo Frontal;Luz do Dia;;;Cruz;Sem?â?íforo;Comercial;0;1;1;1;0;0;0;0;0;1;0;0;-3,731526000000000;-38,507984000000000
328352;18;2;2018;00:22;0;AV GODOFREDO MACIEL;;;4846;;Colis?â?úo;;;;Meio de Quadra;;;0;1;0;0;0;0;0;0;0;0;0;0;-3,818374572000000;-38,575700143000000
328354;18;2;2018;04:33;0;AV PRS CASTELO BRANCO;;;0;;Queda;;;;Meio de Quadra;;;0;1;0;0;0;0;0;0;0;1;0;0;;
328361;18;2;2018;11:13;0;RD QUARTO ANEL VIARIO;;;0;;Colis?â?úo;Luz do Dia;;;Meio de Quadra;;;0;1;0;0;0;0;0;0;0;1;0;0;;
328366;18;2;2018;15:32;5045;RUA SAO PAULO;AV FILOMENO GOMES;;0;;Colis?â?úo;Luz do Dia;;;Cruz;Sem?â?íforo;Residencial;0;1;0;1;0;0;0;0;0;1;0;0;-3,721539000000000;-38,541200000000000
328367;18;2;2018;19:20;0;RUA PRA STELLA COCHRANE;;;190;;Colis?â?úo;;;;Meio de Quadra;;;0;1;0;1;0;1;0;0;0;0;0;0;-3,794283797000000;-38,535946472000000
328371;18;2;2018;19:42;0;RUA JULIO CESAR D12;;;1143;;Queda;;;;Meio de Quadra;;;0;1;0;0;0;0;0;0;0;1;0;0;-3,752508000000000;-38,545070000000000
328363;18;2;2018;11:29;0;RUA BERNARDO MANUEL;;;10546;;Queda;Luz do Dia;;;Meio de Quadra;;;0;1;0;0;0;0;0;0;0;1;0;0;-3,811560000000000;-38,555304000000000
328374;18;2;2018;20:13;0;RUA CINCO (PASSARE);;;56;;Colis?â?úo;;;;Meio de Quadra;;;0;1;0;0;0;0;0;0;0;0;0;0;-3,800770000000000;-38,530740000000000
328375;19;2;2018;06:31;0;RUA WALDIR DIOGO;;;0;;Queda;Luz do Dia;;;Meio de Quadra;;;0;2;0;0;0;0;0;0;0;1;0;0;;
328377;19;2;2018;08:29;0;AV DES GONZAGA;;;396;;Colis?â?úo;Luz do Dia;;;Meio de Quadra;;;0;1;0;1;0;0;0;0;0;1;0;0;-3,790559000000000;-38,502962000000000
328383;19;2;2018;09:26;0;RUA JUNIOR ROCHA;;;18;;Queda;Luz do Dia;;;Meio de Quadra;;;0;1;0;0;0;0;0;0;0;1;0;0;-3,784335556000000;-38,486979704000000
328400;19;2;2018;15:51;0;AV ENG SANTANA JUNIOR;;;0;;Colis?â?úo;Luz do Dia;;;Meio de Quadra;;;0;2;0;1;0;0;0;0;0;1;0;0;;
328387;19;2;2018;12:03;0;RUA GUSTAVO BRAGA;;;192;;Colis?â?úo;Luz do Dia;;;Meio de Quadra;;;0;1;0;1;0;0;0;0;0;1;0;0;-3,750440564000000;-38,553242709000000
328388;19;2;2018;13:22;0;AV SANTOS DUMONT;;;0;;Atropelamento;Luz do Dia;;;Meio de Quadra;;;0;1;0;1;0;0;0;0;0;0;0;0;;