COD_ACIDENTE;DIA;MES;ANO;HORA;INTERSECAO;LOG1;LOG2;LOG3;NUMERO;REFERENCIA;NATUREZA;ILUMINACAO;TEMPO;SUPERFICIEPISTA;TIPOCRUZAMENTO;CONTROLETRAFEGO;USOSOLO;MORTOS;FERIDOS;ILESOS;AUTOMOVEL;ONIBUS;BICICLETA;CAMINHAO;MICROONIBUS;CICLOMOTOR;MOTOCICLETA;TRACAOANIMAL;TREM;LATITUDE;LONGITUDE
328389;19;2;2018;14:02;0;RUA FLORIANO PEIXOTO;;;2021;;Colis?â?úo;Luz do Dia;;;Meio de Quadra;;;0;1;0;1;0;0;0;0;0;1;0;0;-3,739998000000000;-38,531321000000000
328390;19;2;2018;14:44;15298;RUA BARBOSA DE FREITAS;RUA ANA BILHAR;;0;;Colis?â?úo;Luz do Dia;;;Cruz;Pare;Residencial;0;1;0;1;0;0;0;0;0;1;0;0;-3,729646000000000;-38,495143000000000
328391;19;2;2018;14:52;0;RUA URUCUTUBA;;;0;;Atropelamento;Luz do Dia;;;Meio de Quadra;;;0;1;0;0;0;0;0;0;0;0;0;0;;
328392;19;2;2018;15:09;0;RUA CON DE CASTRO;;;0;;Colis?â?úo;Luz do Dia;;;Meio de Quadra;;;0;1;0;1;0;0;0;0;0;1;0;0;;
328393;19;2;2018;15:25;0;AV PRS CASTELO BRANCO;;;0;;Queda;Luz do Dia;;;Meio de Quadra;;;0;2;0;0;0;0;0;0;0;1;0;0;;
328406;19;2;2018;16:54;0;AV GODOFREDO MACIEL;;;5080;;Atropelamento;Luz do Dia;;;Meio de Quadra;;;0;1;0;0;0;1;0;0;0;0;0;0;-3,818808000000000;-38,576204000000000
328381;19;2;2018;09:13;0;AV ROGACIANO LEITE;;;1140;;Colis?â?úo;Luz do Dia;;;Meio de Quadra;;;0;1;0;1;0;0;0;0;0;1;0;0;-3,768190500000000;-38,497147000000000
328414;19;2;2018;19:47;0;AV GAL OSORIO DE PAIVA;;;7400;;Atropelamento;;;;Meio de Quadra;;;0;1;0;1;0;0;0;0;0;0;0;0;;
328415;19;2;2018;21:44;0;AV SEN FERNANDES TAVORA;;;2433;;Queda;;;;Meio de Quadra;;;0;1;0;0;0;0;0;0;0;1;0;0;-3,755953000000000;-38,593889000000000
326738;19;2;2018;22:20;0;AV PRS COSTA E SILVA;;;0;;Colis?â?úo Transversal;Via Iluminada;Bom;Seca;Meio de Quadra;N?â?úo H?â?í Controle;Residencial;0;0;2;1;0;0;0;0;0;0;0;0;;
327601;19;2;2018;13:30;0;AV SEN CARLOS JEREISSATI (AEROPORTO);;;0;KM 02;Colis?â?úo;Luz do Dia;;;Meio de Quadra;;;0;0;2;1;0;0;0;0;0;0;0;0;-3,782194000000000;-38,535424000000000
327602;19;2;2018;07:55;0;RD CE-040;;;0;KM-04;Colis?â?úo;Luz do Dia;;;Meio de Quadra;;;0;0;2;1;1;0;0;0;0;0;0;0;-3,791613156000000;-38,480330840000000
327604;19;2;2018;17:40;0;RD CE-025;;;0;KM-03;Colis?â?úo;Anoitecer;;;Meio de Quadra;;;0;0;3;1;0;0;0;0;0;0;0;0;-3,805889179000000;-38,452246560000000
327605;19;2;2018;12:40;0;AV SEN CARLOS JEREISSATI (AEROPORTO);;;0;;Outros;Luz do Dia;;;Meio de Quadra;;;0;0;1;1;0;0;0;0;0;0;0;0;;
327606;19;2;2018;16:00;0;AV MIN JOSE AMERICO;;;0;;Colis?â?úo;Luz do Dia;;;Meio de Quadra;;;0;2;1;1;0;0;0;0;0;1;0;0;;
327390;19;2;2018;06:40;0;RD BR 020;;;0;KM 428;Colis?â?úo;Luz do Dia;;;Meio de Quadra;;;0;1;0;0;0;0;0;0;0;1;0;0;-3,869000000000000;-38,507000000000000
327168;19;2;2018;11:30;0;AV SEN CARLOS JEREISSATI (AEROPORTO);;;0;;Colis?â?úo;Luz do Dia;;;Meio de Quadra;;;0;1;0;0;0;0;0;0;0;1;0;0;;
327608;19;2;2018;16:20;0;RD CE-040;;;0;KM-07;Colis?â?úo;Luz do Dia;;;Meio de Quadra;;;0;0;2;1;0;0;0;0;0;0;0;0;-3,817159445000000;-38,483032860000000
315203;19;2;2018;02:45;0;AV DR SILAS MUNGUBA;;;4820;;Queda;;;;Meio de Quadra;;;1;1;0;0;0;0;0;0;0;1;0;0;-3,795479923000000;-38,532646242000000
321722;19;2;2018;07:50;0;AV LUCIANO CARNEIRO;;;1450;;Colis?â?úo Traseira;Luz do Dia;Bom;Seca;Meio de Quadra;N?â?úo H?â?í Controle;Comercial;0;0;3;1;0;0;0;0;0;0;0;0;-3,762068500000000;-38,535812000000000
321723;19;2;2018;08:20;9154;RUA MARTINHO RODRIGUES;AV 13 DE MAIO;;0;;N?â?úo Informado;Luz do Dia;Bom;Seca;Cruz;Sem?â?íforo;Comercial;0;0;1;1;0;0;0;0;0;0;0;0;-3,752832000000000;-38,525221000000000
321724;19;2;2018;07:02;0;AV BAR STUDART;;;2820;;Colis?â?úo Traseira;Luz do Dia;Bom;Seca;Meio de Quadra;N?â?úo H?â?í Controle;Residencial;0;2;0;0;0;0;0;0;0;1;0;0;-3,748709000000000;-38,511192000000000
321725;19;2;2018;09:47;0;AV PONTES VIEIRA;;;2546;;Colis?â?úo Transversal;Luz do Dia;Chuva;Molhada;Meio de Quadra;N?â?úo H?â?í Controle;Comercial;0;1;1;0;0;0;0;0;0;1;0;0;-3,751003000000000;-38,498720000000000
321726;19;2;2018;09:42;10012;RUA EMILIO DE MENESES;RUA DUAS NACOES;;0;;Colis?â?úo Transversal;Luz do Dia;Bom;Seca;Cruz;Pare;Residencial;0;1;1;0;0;0;0;1;1;0;0;0;-3,777580000000000;-38,602223000000000
321727;19;2;2018;16:47;0;ET SIQUEIRA;RUA CON DE CASTRO;;0;;Colis?â?úo Transversal;Luz do Dia;Nublado;Molhada;Cruz;Sem?â?íforo;Comercial;0;0;2;0;0;0;0;0;0;1;0;0;-3,807658000000000;-38,594418000000000
321728;19;2;2018;16:41;0;AV PRS CASTELO BRANCO;;;0;;Colis?â?úo Traseira;Luz do Dia;Nublado;Seca;Meio de Quadra;N?â?úo H?â?í Controle;Comercial;0;0;2;1;0;0;0;0;0;0;0;0;-3,718161800000000;-38,536120000000000
321729;19;2;2018;16:45;0;AV BORGES DE MELO;;;205;;Colis?â?úo Transversal;Luz do Dia;Nublado;Seca;T;Pare;Residencial;0;0;2;1;0;0;0;0;0;0;0;0;-3,801235400000000;-38,498215000000000
321730;19;2;2018;18:30;5711;AV OLIVEIRA PAIVA;RUA CHICO LEMOS;;0;;Colis?â?úo Traseira;Via Iluminada;Bom;Molhada;Cruz;Sem?â?íforo;Comercial;0;0;2;0;0;0;0;0;0;0;0;0;-3,795857000000000;-38,497091000000000
321731;19;2;2018;19:57;0;AV CARAPINIMA;;;2089;;Colis?â?úo Lateral;Anoitecer;Nublado;Seca;Meio de Quadra;Sem?â?íforo;Comercial;0;1;1;1;0;0;0;0;0;1;0;0;-3,738778000000000;-38,539135000000000
321732;19;2;2018;20:07;0;AV D CJ JOSE WALTER;AV A CJ JOSE WALTER;;0;;Colis?â?úo Lateral;Via Iluminada;Bom;Seca;Rotat?â??ria;N?â?úo H?â?í Controle;Residencial;0;0;1;1;0;0;0;0;0;0;0;0;-3,829037700000000;-38,555084000000000
321733;19;2;2018;20:59;7774;AV ANTONIO SALES;RUA JOAQUIM NABUCO;;0;;Colis?â?úo Lateral;Via Iluminada;Bom;Seca;Cruz;Sem?â?íforo;Comercial;0;0;2;1;0;0;0;0;0;0;0;0;-3,744832000000000;-38,504371000000000
321734;19;2;2018;21:10;0;RUA CARLOS JUACABA;;;655;;Colis?â?úo;Mal Iluminada;Bom;Seca;Meio de Quadra;N?â?úo H?â?í Controle;Residencial;0;1;1;1;0;0;0;0;0;1;0;0;-3,788964300000000;-38,561010000000000
321735;19;2;2018;21:50;0;AV DR ALDY MENTOR;;;0;;Colis?â?úo Transversal;Mal Iluminada;Bom;Seca;Meio de Quadra;N?â?úo H?â?í Controle;Residencial;0;0;2;1;0;0;0;0;0;0;0;0;-3,753375300000000;-38,462340000000000
321744;19;2;2018;17:40;0;AV DOM LUIS;;;0;;Colis?â?úo Lateral;Luz do Dia;Nublado;Seca;Rotat?â??ria;Sem?â?íforo;Comercial;0;0;2;1;0;0;0;0;0;0;0;0;-3,732986200000000;-38,497700000000000
321749;19;2;2018;19:15;1445;RUA DES LEITE ALBUQUERQUE;RUA VICENTE LEITE;;0;;N?â?úo Informado;Via Iluminada;Bom;Seca;Cruz;Pare;Residencial;0;0;2;1;0;0;0;0;0;0;0;0;-3,738178000000000;-38,495734000000000
321756;19;2;2018;20:52;0;RUA CON DE CASTRO;;;8440;;Colis?â?úo Frontal;Via Iluminada;Bom;Seca;Meio de Quadra;N?â?úo H?â?í Controle;Comercial;0;1;1;1;0;0;0;0;0;1;0;0;-3,819731500000000;-38,602844000000000
321750;20;2;2018;19:26;23515;RUA ANA GONCALVES;RUA PRO CARVALHO;;0;;Colis?â?úo Frontal;Via Iluminada;Bom;Seca;Cruz;Pare;Residencial;0;1;1;1;0;0;0;0;0;1;0;0;-3,759620000000000;-38,513598000000000
321751;20;2;2018;18:45;0;AV GAL OSORIO DE PAIVA;;;5057;;Colis?â?úo Traseira;Via Iluminada;Bom;Seca;T;Pare;Comercial;0;0;2;1;0;0;0;0;0;0;0;0;-3,802715800000000;-38,599888000000000
321752;20;2;2018;19:40;5454;RUA METON DE ALENCAR;RUA JAIME BENEVOLO;;0;;Colis?â?úo Transversal;Via Iluminada;Bom;Seca;Cruz;Sem?â?íforo;Residencial;0;0;2;1;0;0;0;0;0;0;0;0;-3,735065000000000;-38,526349000000000
321745;20;2;2018;13:03;0;RUA JOAO SORONGO;;;347;;Colis?â?úo Transversal;Luz do Dia;Bom;Seca;Meio de Quadra;Pare;Residencial;0;1;1;1;0;0;0;0;0;1;0;0;-3,751643200000000;-38,542667000000000
321746;20;2;2018;14:58;0;AV DOS JANGADEIROS;;;7;;Colis?â?úo Lateral;Luz do Dia;Bom;Seca;;;;0;1;1;1;0;0;0;0;0;1;0;0;-3,726965200000000;-38,480010000000000
321747;20;2;2018;15:25;9174;AV 13 DE MAIO;RUA DEP OSWALDO STUDART;;0;;Colis?â?úo Traseira;Luz do Dia;Bom;Seca;Cruz;Sem?â?íforo;Comercial;0;0;2;1;0;0;0;0;0;0;0;0;-3,751738000000000;-38,526507000000000
321748;20;2;2018;17:06;0;RUA JOAQUIM DE FIGUEIREDO FILHO;;;59;;Colis?â?úo Transversal;Luz do Dia;Bom;Seca;Meio de Quadra;N?â?úo H?â?í Controle;Residencial;0;0;1;1;0;0;0;0;0;0;0;0;-3,801245700000000;-38,482350000000000
321760;20;2;2018;15:00;0;RUA MONTE LIBANO;;;891;;Colis?â?úo Lateral;Luz do Dia;Bom;Seca;Meio de Quadra;N?â?úo H?â?í Controle;Comercial;0;1;1;1;0;0;0;0;0;1;0;0;-3,827552600000000;-38,564014000000000
321736;20;2;2018;07:20;2551;AV FRANCISCO SA;RUA ALBERTO DE OLIVEIRA;;0;;Colis?â?úo Transversal;Luz do Dia;Bom;Seca;Cruz;Pare;Comercial;0;1;1;1;0;0;0;0;0;1;0;0;-3,710829000000000;-38,576582000000000
321737;20;2;2018;08:15;25420;AV ALM HENRIQUE SABOIA;RUA PRO SILAS RIBEIRO;;0;;Colis?â?úo Lateral;Luz do Dia;Bom;Seca;Cruz;Sem?â?íforo;Comercial;0;0;2;1;1;0;0;0;0;0;0;0;-3,736686700000000;-38,485035000000000
321738;20;2;2018;08:07;8000;AV JOAO PESSOA;RUA DELMIRO FARIAS;;0;;Atropelamento;Luz do Dia;Bom;Seca;Cruz;Pare;Comercial;0;1;1;0;1;0;0;0;0;0;0;0;-3,750275000000000;-38,547538000000000
321739;20;2;2018;09:25;25048;AV SEN VIRGILIO TAVORA;AV ABOLICAO;;0;;Colis?â?úo Traseira;Luz do Dia;Bom;Seca;Cruz;Sem?â?íforo;Comercial;0;0;3;1;0;0;0;0;0;0;0;0;-3,726692000000000;-38,491398000000000
321740;20;2;2018;09:32;0;AV AMERICO BARREIRA;RUA RIO GRANDE DO NORTE;;0;;Colis?â?úo Transversal;Luz do Dia;Bom;Seca;Cruz;Sem?â?íforo;Comercial;0;1;1;1;0;0;0;0;0;1;0;0;-3,760500700000000;-38,564693000000000
321741;20;2;2018;10:00;0;AV PRS CASTELO BRANCO;;;0;;Colis?â?úo Traseira;Luz do Dia;Bom;Seca;Meio de Quadra;N?â?úo H?â?í Controle;Comercial;0;1;1;1;0;0;0;0;0;1;0;0;-3,722283000000000;-38,524260000000000
321742;20;2;2018;08:04;17359;AV PRO GOMES DE MATOS;RUA IRM BAZET;;0;;Colis?â?úo Transversal;Luz do Dia;Bom;Seca;Cruz;Pare;Comercial;0;0;2;1;0;0;0;0;0;1;0;0;-3,766045000000000;-38,549810000000000
321743;20;2;2018;10:28;17378;RUA ALBERTO MAGNO;RUA ROMEU MARTINS;;0;;Colis?â?úo Transversal;Luz do Dia;Bom;Seca;Cruz;Pare;Comercial;0;2;1;1;0;0;0;0;0;1;0;0;-3,766914000000000;-38,551758000000000
327609;20;2;2018;09:20;0;RD CE-040;;;0;KM-04;Colis?â?úo;Luz do Dia;;;Meio de Quadra;;;0;0;2;1;0;0;0;0;0;0;0;0;-3,791613156000000;-38,480330840000000
327610;20;2;2018;10:50;0;RD CE-040;;;0;;Choque c/ Obst?â?ículo Fixo;Luz do Dia;;;Meio de Quadra;;;0;0;1;1;0;0;0;0;0;0;0;0;;
327612;20;2;2018;16:00;0;ROD CE 010;;;0;;Colis?â?úo;Luz do Dia;;;Meio de Quadra;;;0;1;1;0;0;1;0;0;0;0;0;0;;
327403;20;2;2018;13:30;0;RD BR 116;;;5000;KM-05;Colis?â?úo;Luz do Dia;;;Meio de Quadra;;;0;2;0;1;0;0;0;0;0;1;0;0;-3,796502000000000;-38,506787000000000
339029;20;2;2018;14:00;7806;RUA FRANCISCO HOLANDA;RUA SILVA PAULET;;0;;Capotamento;Luz do Dia;Bom;Seca;Cruz;Pare;Residencial;0;0;2;1;0;0;0;0;0;0;0;0;-3,747096000000000;-38,509525000000000
339030;20;2;2018;19:00;0;AV AUGUSTO DOS ANJOS;;;1162;;Colis?â?úo Transversal;Via Iluminada;Bom;Seca;Meio de Quadra;N?â?úo H?â?í Controle;Comercial;0;1;1;1;0;0;0;0;0;1;0;0;-3,777325889000000;-38,576667481000000
339031;20;2;2018;20:10;24133;RUA HERMINIA BONAVIDES;RUA PIN ANTONIO BANDEIRA;;0;;Colis?â?úo Transversal;Via Iluminada;Bom;Seca;Cruz;Pare;Comercial;0;1;1;1;0;0;0;0;0;1;0;0;-3,730144000000000;-38,461171000000000
339046;20;2;2018;09:30;0;AV GODOFREDO MACIEL;;;3255;;Engavetamento;Luz do Dia;Bom;Seca;Meio de Quadra;Outros;Comercial;0;0;4;1;0;0;0;0;0;0;0;0;-3,804088000000000;-38,572296000000000
339047;20;2;2018;16:40;0;AV MON AMARILIO RODRIGUES;;;0;;Colis?â?úo Transversal;Luz do Dia;Nublado;Seca;Meio de Quadra;Pare;Comercial;0;0;2;0;1;0;0;0;0;1;0;0;;
326752;20;2;2018;16:30;0;AV DOMINGOS OLIMPIO;;;818;;Colis?â?úo Lateral;Luz do Dia;;;Meio de Quadra;;;0;0;2;1;0;0;0;0;0;0;0;0;-3,736757579000000;-38,530984974000000
326750;20;2;2018;06:40;25640;RUA 13 DE ABRIL;RUA VIA LACTEA;;0;;Choque c/ Obst?â?ículo Fixo;Luz do Dia;;;T;N?â?úo H?â?í Controle;Residencial;0;0;1;0;0;0;0;0;0;0;0;0;;
326754;20;2;2018;15:00;1370;RUA CEL JUCA;RUA MARCOS MACEDO;;0;;Colis?â?úo Transversal;Luz do Dia;;;Cruz;N?â?úo H?â?í Controle;Residencial;0;1;1;1;0;0;0;0;0;0;0;0;-3,736456000000000;-38,490901000000000
328416;20;2;2018;00:45;0;RUA ADARIAS DE LIMA;;;152;;Atropelamento;;;;Meio de Quadra;;;0;1;0;0;0;0;0;0;0;0;0;0;-3,720350000000000;-38,533130000000000
328420;20;2;2018;06:53;0;RUA ARAQUEM SILVA;;;130;;Queda;Luz do Dia;;;Meio de Quadra;;;0;1;0;0;0;0;0;0;0;1;0;0;-3,750674000000000;-38,500698882000000
328425;20;2;2018;09:18;0;AV JOSE BASTOS;;;5604;;Queda;Luz do Dia;;;Meio de Quadra;;;0;1;0;0;0;0;0;0;0;1;0;0;-3,760713448000000;-38,564575896000000
328426;20;2;2018;10:00;0;AV PRS CASTELO BRANCO;;;4707;;Atropelamento;Luz do Dia;;;Meio de Quadra;;;0;1;0;0;0;0;0;0;0;1;0;0;-3,706207300000000;-38,574792000000000
328427;20;2;2018;11:07;0;AV CARNEIRO DE MENDONCA;;;480;;Colis?â?úo;Luz do Dia;;;Meio de Quadra;;;0;1;0;1;0;0;0;0;0;1;0;0;-3,765627000000000;-38,563646000000000
328428;20;2;2018;12:12;0;RUA SAO PAULO;;;758;;Atropelamento;Luz do Dia;;;Meio de Quadra;;;0;1;0;0;0;0;0;0;0;1;0;0;-3,724632700000000;-38,531391800000000
328444;20;2;2018;18:36;0;AV PRO JOSE ARTHUR CARVALHO;;;485;;Queda;;;;Meio de Quadra;;;0;1;0;0;0;0;0;0;0;1;0;0;-3,826179000000000;-38,475078000000000
328440;20;2;2018;16:17;0;RUA CAJARANA;;;221;;Queda;Luz do Dia;;;Meio de Quadra;;;0;1;0;0;0;0;0;0;0;1;0;0;;
328441;20;2;2018;17:07;0;RUA AUDISIO PINHEIRO;;;0;;Colis?â?úo;Anoitecer;;;Meio de Quadra;;;0;1;0;1;0;0;0;0;0;1;0;0;;
328437;20;2;2018;15:09;0;RUA VIS MAUA;;;2112;;Colis?â?úo;Luz do Dia;;;Meio de Quadra;;;0;1;0;1;0;0;0;0;0;1;0;0;-3,743773000000000;-38,501876000000000
328438;20;2;2018;15:46;0;AV JOAO PESSOA;;;0;;Colis?â?úo;Luz do Dia;;;Meio de Quadra;;;0;1;0;1;0;0;0;0;0;1;0;0;;
328431;20;2;2018;12:36;0;AV DR SILAS MUNGUBA;;;0;;Colis?â?úo;Luz do Dia;;;Meio de Quadra;;;0;1;0;1;0;0;0;0;0;1;0;0;;
328432;20;2;2018;12:58;0;RUA CARLOS AMORA;;;66;;Atropelamento;Luz do Dia;;;Meio de Quadra;;;0;1;0;0;0;0;1;0;0;0;0;0;-3,774678500000000;-38,564050000000000
328433;20;2;2018;13:01;0;AV H CJ CEARA;;;976;;Colis?â?úo;Luz do Dia;;;Meio de Quadra;;;0;1;0;0;0;0;0;0;0;1;0;0;-3,775146000000000;-38,605924000000000
328434;20;2;2018;13:43;0;AV OLIVEIRA PAIVA;;;202;VIADUTO - BR-116;Colis?â?úo;Luz do Dia;;;Meio de Quadra;;;0;1;0;1;0;0;0;0;0;1;0;0;-3,798714000000000;-38,503433000000000
328446;20;2;2018;19:47;0;RUA RAIMUNDO BIZARRIA;;;5;;Atropelamento;;;;Meio de Quadra;;;0;1;0;0;0;0;0;0;0;0;0;0;-3,726470000000000;-38,579280000000000
328422;20;2;2018;07:11;0;RUA PDE PEDRO DE ALENCAR;;;1900;;Colis?â?úo;Luz do Dia;;;Meio de Quadra;;;0;1;0;0;0;0;1;0;0;1;0;0;-3,844225500000000;-38,494409000000000
328454;21;2;2018;10:49;0;RUA ERICO MOTA;;;173;;Colis?â?úo;Luz do Dia;;;Meio de Quadra;;;0;1;0;1;0;0;0;0;0;1;0;0;-3,737645000000000;-38,562522000000000
328455;21;2;2018;11:19;5121;RUA PDE MORORO;RUA GUILHERME ROCHA;;0;;Colis?â?úo;Luz do Dia;;;Cruz;Sem?â?íforo;Comercial;0;1;0;0;0;0;0;0;0;0;0;0;-3,724033000000000;-38,537045000000000
328448;21;2;2018;03:31;0;AV MAJ ASSIS;;;1015;;Colis?â?úo;;;;Meio de Quadra;;;0;1;0;0;0;0;0;0;0;0;0;0;-3,723626526000000;-38,588247053000000
328449;21;2;2018;06:19;0;AV I CJ CEARA;;;100;;Colis?â?úo;Luz do Dia;;;Meio de Quadra;;;0;1;0;0;0;0;0;0;0;1;0;0;-3,766019037000000;-38,599086975000000
328450;21;2;2018;07:32;0;RUA BERNARDO MANUEL;;;8600;;Colis?â?úo;Luz do Dia;;;Meio de Quadra;;;0;1;0;1;0;0;0;0;0;1;0;0;-3,795274000000000;-38,550370000000000
328451;21;2;2018;07:42;0;AV MAE LISBOA;;;2726;;Colis?â?úo;Luz do Dia;;;Meio de Quadra;;;0;1;0;1;0;0;0;0;0;1;0;0;;
328459;21;2;2018;11:49;0;RUA DA BARAUNA;;;59;;Colis?â?úo;Luz do Dia;;;Meio de Quadra;;;0;1;0;0;0;0;0;0;0;0;0;0;-3,801227237000000;-38,550866316000000
328460;21;2;2018;12:17;0;RUA L CJ VILA VELHA;;;0;;Atropelamento;Luz do Dia;;;Meio de Quadra;;;0;1;0;0;0;0;0;0;0;1;0;0;;
328461;21;2;2018;15:48;0;RUA TIBURCIO CAVALCANTE;;;2909;;Colis?â?úo;Luz do Dia;;;Meio de Quadra;;;0;1;0;1;0;0;0;0;0;1;0;0;-3,737520000000000;-38,503060000000000
328462;21;2;2018;16:23;0;RD BR 116;;;14000;KM-14;Colis?â?úo;Luz do Dia;;;Meio de Quadra;;;0;1;0;1;0;0;0;0;0;1;0;0;-3,873523000000000;-38,499242000000000
328463;21;2;2018;17:04;0;AV DR THEBERGE;;;0;;Colis?â?úo;Anoitecer;;;Meio de Quadra;;;0;1;0;0;0;0;0;0;0;1;0;0;;
328464;21;2;2018;19:39;0;AV G CJ JOSE WALTER;;;1280;;Colis?â?úo;;;;Meio de Quadra;;;0;1;0;0;0;0;0;0;0;0;0;0;;
328465;21;2;2018;20:48;0;RUA LUIZA MIRANDA COELHO;;;743;;Colis?â?úo;;;;Meio de Quadra;;;0;1;0;0;0;0;0;0;0;0;0;0;-3,774060000000000;-38,490060000000000
328466;21;2;2018;21:11;0;RUA MON SALAZAR;;;1227;;Colis?â?úo;;;;Meio de Quadra;;;0;1;0;0;0;0;0;0;0;0;0;0;-3,755580000000000;-38,508870000000000
328467;21;2;2018;21:25;0;RUA HELVECIO MONTE;;;823;;Colis?â?úo;;;;Meio de Quadra;;;0;1;0;1;0;0;0;0;0;1;0;0;-3,766162000000000;-38,536321643000000
328468;21;2;2018;21:43;0;AV DEP PAULINO ROCHA;;;0;;Atropelamento;;;;Meio de Quadra;;;0;1;0;1;0;0;0;0;0;0;0;0;;
328469;21;2;2018;22:01;5366;AV DUQ CAXIAS;RUA SEN POMPEU;;0;;Colis?â?úo;;;;Cruz;Sem?â?íforo;Comercial;0;1;0;1;0;0;0;0;0;1;0;0;-3,731430000000000;-38,530994000000000
328470;21;2;2018;22:23;0;RUA AFONSO LOPES;;;480;;Colis?â?úo;;;;Meio de Quadra;;;0;1;0;1;0;0;0;0;0;1;0;0;-3,789360000000000;-38,547080000000000
328475;21;2;2018;22:51;0;RUA FRE ALEMAO;;;135;;Colis?â?úo;;;;Meio de Quadra;;;0;2;0;1;0;1;0;0;0;0;0;0;-3,783076700000000;-38,543115100000000
326757;21;2;2018;14:10;0;AV JOSE BASTOS;;;4400;;Engavetamento;Luz do Dia;Bom;Seca;Meio de Quadra;N?â?úo H?â?í Controle;Residencial;0;0;3;1;0;0;0;0;0;0;0;0;-3,755260000000000;-38,555741500000000
326761;21;2;2018;12:00;255;RUA GAL BERNARDO FIGUEIREDO;RUA PEDRO DE QUEIROZ;;0;;Colis?â?úo Transversal;Luz do Dia;Bom;Seca;Cruz;Pare;Residencial;0;1;1;1;0;0;0;0;0;1;0;0;-3,741235000000000;-38,559509000000000
326762;21;2;2018;08:00;8936;AV DOMINGOS OLIMPIO;RUA PRC ISABEL;;0;;Colis?â?úo Transversal;Luz do Dia;Bom;Seca;Cruz;Sem?â?íforo;Comercial;0;1;1;1;0;0;0;0;0;1;0;0;-3,734438000000000;-38,537790000000000
326763;21;2;2018;21:50;0;AV LAURO VIEIRA CHAVES;;;807;;Colis?â?úo Traseira;Via Iluminada;Bom;Seca;Meio de Quadra;N?â?úo H?â?í Controle;Residencial;0;0;2;1;0;0;0;0;0;1;0;0;-3,772259495000000;-38,533992741000000
326759;21;2;2018;13:00;0;RUA PDE PEDRO DE ALENCAR;;;1091;;Outros;Luz do Dia;Bom;Seca;Meio de Quadra;N?â?úo H?â?í Controle;Residencial;0;0;2;0;1;0;0;0;0;0;0;0;-3,837114557000000;-38,494168735000000
339048;21;2;2018;11:30;0;AV JULIO VENTURA;;;1729;;Outros;Luz do Dia;;;Meio de Quadra;;;0;0;1;1;0;0;0;0;0;0;0;0;-3,739959800000000;-38,505694400000000
327413;21;2;2018;16:20;0;RD BR 116;;;13000;KM-13;Colis?â?úo Lateral;Luz do Dia;;;Meio de Quadra;;;0;1;1;1;0;0;0;0;0;1;0;0;-3,864670000000000;-38,497727000000000
327414;21;2;2018;10:00;0;RD BR 116;;;3000;KM-03;Atropelamento;Luz do Dia;;;Meio de Quadra;;;0;1;1;0;0;0;0;0;0;1;0;0;-3,779838000000000;-38,514372000000000
327195;21;2;2018;09:25;0;AV GODOFREDO MACIEL;;;5634;;Colis?â?úo;Luz do Dia;;;Meio de Quadra;;;0;2;1;1;0;0;0;0;0;1;0;0;-3,824344780000000;-38,578784051000000
327196;21;2;2018;11:30;0;RUA JOSE MONTEIRO;;;221;;Choque c/ Obst?â?ículo Fixo;Luz do Dia;;;Meio de Quadra;;;0;0;1;0;0;0;0;0;0;0;0;0;-3,710317900000000;-38,466106900000000
327192;21;2;2018;14:00;5054;RUA DRAGAO DO MAR;RUA ALM JACEGUAI;;0;;Colis?â?úo;Luz do Dia;;;Cruz;Pare;Comercial;0;0;2;0;1;0;0;0;0;0;0;0;-3,721835000000000;-38,519333000000000
327687;21;2;2018;14:20;0;AV MIN JOSE AMERICO;;;0;;Colis?â?úo;Luz do Dia;Bom;Seca;Meio de Quadra;;;0;1;1;1;0;0;0;0;0;1;0;0;;
327688;21;2;2018;19:08;0;AV SEN CARLOS JEREISSATI (AEROPORTO);;;0;KM 03;Colis?â?úo;;Bom;Seca;Meio de Quadra;;;0;0;2;1;0;0;0;0;0;1;0;0;-3,779641000000000;-38,544038000000000
327689;21;2;2018;19:30;0;ROD CE 010;;;0;;Choque c/ Obst?â?ículo Fixo;;Bom;Seca;Meio de Quadra;;;0;0;1;1;0;0;0;0;0;0;0;0;;
321761;21;2;2018;18:38;15365;AV SEN VIRGILIO TAVORA;RUA PEREIRA VALENTE;;0;;Colis?â?úo Transversal;Anoitecer;Bom;Seca;Cruz;Sem?â?íforo;Comercial;0;0;2;1;0;0;0;0;0;0;0;0;-3,733834000000000;-38,492193000000000
321762;21;2;2018;18:50;0;AV DOM MANUEL;;;0;;Colis?â?úo Lateral;Via Iluminada;Bom;Seca;Meio de Quadra;Sem?â?íforo;Comercial;0;0;1;1;0;0;0;0;0;0;0;0;-3,723286000000000;-38,519585000000000
321763;21;2;2018;18:57;0;RUA DES OTACILIO PEIXOTO;RUA B;;0;;Colis?â?úo Transversal;Via Iluminada;Bom;Seca;Cruz;Pare;Comercial;0;0;2;1;0;0;0;0;0;0;0;0;-3,799937500000000;-38,538643000000000