COD_ACIDENTE;DIA;MES;ANO;HORA;INTERSECAO;LOG1;LOG2;LOG3;NUMERO;REFERENCIA;NATUREZA;ILUMINACAO;TEMPO;SUPERFICIEPISTA;TIPOCRUZAMENTO;CONTROLETRAFEGO;USOSOLO;MORTOS;FERIDOS;ILESOS;AUTOMOVEL;ONIBUS;BICICLETA;CAMINHAO;MICROONIBUS;CICLOMOTOR;MOTOCICLETA;TRACAOANIMAL;TREM;LATITUDE;LONGITUDE
321764;21;2;2018;19:51;0;AV BORGES DE MELO;;;138;;Colis?â?úo Lateral;Via Iluminada;Bom;Seca;Meio de Quadra;Gesto;Escola;0;0;2;1;0;0;0;1;0;0;0;0;-3,761200400000000;-38,520220000000000
321765;21;2;2018;17:00;0;RUA JOSE BAIMA;RUA JOAQUIM FELICIO;;0;;Colis?â?úo Transversal;N?â?úo Iluminada;Bom;Seca;Cruz;Pare;Residencial;0;0;2;1;0;0;0;0;0;0;0;0;-3,831402800000000;-38,481617000000000
321766;21;2;2018;18:30;20034;RUA DOS SABIAS;AV PALESTINA D68;;0;;Colis?â?úo Transversal;Mal Iluminada;Bom;Seca;Cruz;Pare;Residencial;0;1;1;0;0;0;0;0;0;1;0;0;-3,805219000000000;-38,538452000000000
321767;21;2;2018;20:57;0;RUA MON SALAZAR;;;1174;;Colis?â?úo Transversal;Anoitecer;Bom;Seca;Cruz;Pare;Comercial;0;0;1;1;0;0;0;0;0;1;0;0;-3,755642700000000;-38,509056000000000
321768;21;2;2018;22:30;1453;AV HERACLITO GRACA;AV RUI BARBOSA;;0;;Colis?â?úo Transversal;Via Iluminada;Nublado;Seca;Cruz;Sem?â?íforo;Comercial;0;1;1;1;0;0;0;0;0;0;0;0;-3,738357000000000;-38,510199000000000
321753;21;2;2018;08:53;0;RUA SENA MADUREIRA;;;1047;;Colis?â?úo;Luz do Dia;Bom;Seca;Meio de Quadra;N?â?úo H?â?í Controle;Comercial;0;1;2;1;0;0;0;0;0;1;0;0;-3,730042700000000;-38,525814000000000
321754;21;2;2018;09:05;23347;RUA EDUARDO BEZERRA;RUA JOSE VILAR;;0;;Colis?â?úo Transversal;Luz do Dia;Bom;Seca;Cruz;Pare;Residencial;0;0;2;1;0;0;0;0;0;0;0;0;-3,753529000000000;-38,510370000000000
321755;21;2;2018;10:57;0;RUA 727 CJ CEARA;;;331;;Colis?â?úo Transversal;Amanhecer;Bom;Seca;Meio de Quadra;Pare;Residencial;0;2;0;1;0;0;0;0;0;1;0;0;-3,771829100000000;-38,603867000000000
321770;21;2;2018;23:00;12704;AV EDUARDO GIRAO;RUA QUINTINO CUNHA;;0;;Queda;Mal Iluminada;Bom;Seca;Y;Pare;Residencial;0;1;0;0;0;0;0;0;0;1;0;0;-3,747406000000000;-38,541316000000000
321757;21;2;2018;14:47;0;AV AGUANAMBI;;;814;;N?â?úo Informado;Luz do Dia;Bom;Seca;Meio de Quadra;Pare;Residencial;0;1;1;1;0;0;0;0;0;1;0;0;-3,743875000000000;-38,525730000000000
321758;21;2;2018;13:02;5313;RUA PEDRO I;RUA VINTE E QUATRO DE MAIO;;0;;Colis?â?úo Lateral;Luz do Dia;Bom;Seca;Cruz;Pare;Comercial;0;1;1;0;1;0;0;0;0;1;0;0;-3,729830000000000;-38,532952000000000
321759;21;2;2018;16:25;0;AV JOAO PESSOA;;;5609;;Colis?â?úo Traseira;Luz do Dia;Bom;Seca;Meio de Quadra;Sem?â?íforo;Residencial;0;0;1;0;1;0;0;0;0;0;0;0;-3,759651000000000;-38,555830000000000
321809;21;2;2018;10:04;1561;AV PDE ANTONIO TOMAS;AV SEN VIRGILIO TAVORA;;0;;Colis?â?úo Traseira;Luz do Dia;Nublado;Seca;Cruz;Sem?â?íforo;Comercial;0;0;2;1;0;0;0;0;0;0;0;0;-3,741760000000000;-38,494749000000000
321841;22;2;2018;13:44;7623;RUA RIO GRANDE DO SUL;RUA PERNAMBUCO;;0;;Colis?â?úo Lateral;Luz do Dia;Nublado;Seca;Cruz;Pare;Residencial;0;0;2;1;0;0;0;0;0;0;0;0;-3,760011000000000;-38,568467000000000
321771;22;2;2018;09:45;0;AV BORGES DE MELO;;;0;GRESSE;Colis?â?úo Lateral;Luz do Dia;Chuva;Molhada;Meio de Quadra;Sem?â?íforo;Comercial;0;0;2;1;1;0;0;0;0;0;0;0;-3,756065000000000;-38,534706000000000
321772;22;2;2018;10:10;0;AV GAL MURILO BORGES;;;0;;Engavetamento;Luz do Dia;Chuva;Molhada;Meio de Quadra;N?â?úo H?â?í Controle;Comercial;0;1;1;1;0;0;0;0;0;0;0;0;-3,766674300000000;-38,499207000000000
321773;22;2;2018;10:19;6800;AV SANTOS DUMONT;RUA BATISTA DE OLIVEIRA;;0;;Colis?â?úo Lateral;Luz do Dia;Chuva;Molhada;Cruz;Sem?â?íforo;Comercial;0;0;1;1;1;0;0;0;0;0;0;0;-3,742258000000000;-38,479668000000000
321774;22;2;2018;13:00;13091;AV C CJ JOSE WALTER;AV L CJ JOSE WALTER;;0;;Colis?â?úo Transversal;Luz do Dia;Nublado;Seca;Rotat?â??ria;D?â?¬ Prefer?â?¬ncia;Comercial;0;1;1;1;0;0;0;0;0;1;0;0;-3,828424000000000;-38,556737000000000
321775;22;2;2018;14:42;25125;RUA ROCHA LIMA;RUA DNA LEOPOLDINA;;0;;Colis?â?úo Transversal;Luz do Dia;Nublado;Molhada;Cruz;D?â?¬ Prefer?â?¬ncia;Residencial;0;0;2;1;0;0;0;0;0;0;0;0;-3,736665000000000;-38,521427000000000
321776;22;2;2018;15:00;10541;RUA PERGENTINO MAIA;RUA JOSE BAIMA;;0;;Choque c/ Obst?â?ículo Fixo;Luz do Dia;Nublado;Seca;Meio de Quadra;N?â?úo H?â?í Controle;Comercial;0;0;1;1;0;0;0;0;0;0;0;0;-3,832436000000000;-38,481667000000000
321777;22;2;2018;09:15;0;AV TRISTAO GONCALVES;;;628;;Colis?â?úo Lateral;Luz do Dia;Chuva;Molhada;Meio de Quadra;Sem?â?íforo;Comercial;0;0;2;1;1;0;0;0;0;0;0;0;-3,727154300000000;-38,533184000000000
321778;22;2;2018;19:58;0;AV BAR STUDART;;;2077;;Choque c/ Obst?â?ículo Fixo;Via Iluminada;Nublado;Seca;Meio de Quadra;Sem?â?íforo;Comercial;0;0;1;1;0;0;0;0;0;0;0;0;-3,741892300000000;-38,508907000000000
321779;22;2;2018;07:51;3860;AV 13 DE MAIO;AV DA UNIVERSIDADE;;0;;Colis?â?úo Lateral;Luz do Dia;Nublado;Seca;Cruz;Sem?â?íforo;Escola;0;0;2;1;1;0;0;0;0;0;0;0;-3,740962000000000;-38,539107000000000
321780;22;2;2018;18:00;0;AV PRS COSTA E SILVA;AV UM (ARVOREDO);;1822;;Colis?â?úo Traseira;Via Iluminada;Nublado;Molhada;T;Sem?â?íforo;Residencial;0;0;2;1;0;0;0;0;0;0;0;0;-3,817657700000000;-38,565525000000000
321769;22;2;2018;08:10;0;AV ALBERTO CRAVEIRO;;;2611;;Colis?â?úo Traseira;Luz do Dia;Nublado;Seca;Meio de Quadra;Sem?â?íforo;Comercial;0;1;0;0;0;0;0;0;0;1;0;0;-3,802929000000000;-38,521145000000000
327690;22;2;2018;15:10;0;RD CE-040;;;0;KM-10;Colis?â?úo;Luz do Dia;Bom;Molhada;Meio de Quadra;;;0;0;3;1;0;0;0;0;0;0;0;0;-3,842576660000000;-38,480882840000000
327199;22;2;2018;22:05;0;AV SEN CARLOS JEREISSATI (AEROPORTO);;;0;BASE A?âÔÇ?REA;Choque c/ Obst?â?ículo Fixo;;;;Meio de Quadra;;;0;0;1;0;0;0;0;0;0;0;0;0;-3,780382000000000;-38,541414000000000
339240;22;2;2018;11:45;3883;AV DOS EXPEDICIONARIOS;RUA COSTA SOUZA;;0;;Colis?â?úo;Luz do Dia;;;T;Pare;Residencial;0;0;2;0;0;0;0;0;0;1;0;0;-3,747745000000000;-38,535932000000000
326770;22;2;2018;11:45;7744;RUA CEARA;RUA STA CATARINA (BELA VISTA / PAN AMERICANO);;0;;Colis?â?úo Lateral;Luz do Dia;Nublado;Seca;Cruz;Pare;Residencial;0;0;2;1;0;0;0;0;0;0;0;0;-3,757641000000000;-38,567775000000000
326764;22;2;2018;12:00;0;AV PDE ANTONIO TOMAS;;;0;;Engavetamento;Luz do Dia;Chuva;Molhada;Meio de Quadra;Pare;Comercial;0;0;3;1;0;0;0;0;0;0;0;0;;
328447;22;2;2018;22:04;0;RUA CRISANTO M DA ROCHA;;;455;;Colis?â?úo;;;;Meio de Quadra;;;0;1;1;1;0;0;0;0;0;1;0;0;-3,799965000000000;-38,480989000000000
328442;22;2;2018;21:06;0;RUA DARCY VARGAS;;;66;;Queda;;;;Meio de Quadra;;;0;1;0;0;0;0;0;0;0;1;0;0;-3,798443400000000;-38,586377200000000
328443;22;2;2018;21:50;0;RUA 860 CJ CEARA;;;0;;Atropelamento;;;;Meio de Quadra;;;0;1;1;0;0;0;0;0;0;1;0;0;;
328445;22;2;2018;22:01;0;RUA CEL MATOS DOURADO;;;200;;Colis?â?úo;;;;Meio de Quadra;;;0;1;1;1;0;0;0;0;0;1;0;0;-3,740630800000000;-38,585233800000000
328382;22;2;2018;12:57;20206;AV 02 DE MAIO UI 503;RUA MARIA MIRTES PEREIRA;;0;;Colis?â?úo;Luz do Dia;;;;;;0;1;1;1;0;0;0;0;0;1;0;0;-3,813442000000000;-38,538463000000000
328408;22;2;2018;17:54;0;RUA 1151 CJ CEARA;;;237;;Colis?â?úo;Anoitecer;;;Meio de Quadra;;;0;1;0;0;0;0;0;0;0;0;0;0;-3,761290000000000;-38,609390000000000
328409;22;2;2018;18:00;0;AV C CJ CEARA;;;237;;Colis?â?úo;Anoitecer;;;Meio de Quadra;;;0;1;1;1;0;1;0;0;0;0;0;0;-3,760711000000000;-38,608776000000000
328410;22;2;2018;18:33;0;RUA PESSOA ANTA;;;86;;Atropelamento;;;;Meio de Quadra;;;0;1;1;1;0;0;0;0;0;0;0;0;-3,721149000000000;-38,522315750000000
328411;22;2;2018;18:34;0;RUA BOM JESUS (BARRA DO CEARA);;;1638;;Atropelamento;;;;Meio de Quadra;;;0;1;1;0;0;0;0;0;0;1;0;0;-3,787900000000000;-38,621940000000000
328404;22;2;2018;15:56;0;RUA HERMINIA BONAVIDES;;;1580;;Colis?â?úo;Luz do Dia;;;Meio de Quadra;;;0;1;0;0;0;0;0;0;0;0;0;0;-3,730310000000000;-38,461300000000000
328405;22;2;2018;17:07;0;RUA EDUARDO ANGELIM;;;268;;Atropelamento;Anoitecer;;;Meio de Quadra;;;0;1;1;0;0;0;0;0;0;1;0;0;-3,762500809000000;-38,549433170000000
328384;22;2;2018;13:26;0;RUA LIVINO DE CARVALHO;;;863;;Colis?â?úo;Luz do Dia;;;Meio de Quadra;;;0;1;1;1;0;0;0;0;0;1;0;0;-3,773504948000000;-38,552153158000000
328385;22;2;2018;14:35;7619;RUA RIO GRANDE DO SUL;RUA SERGIPE;;0;;Colis?â?úo;Luz do Dia;;;Cruz;Pare;Rural;0;1;1;1;0;1;0;0;0;0;0;0;-3,761450000000000;-38,569452000000000
328386;22;2;2018;15:14;0;RUA DEMOSTENES CARVALHO;;;314;;Queda;Luz do Dia;;;Meio de Quadra;;;0;1;0;0;0;0;0;0;0;1;0;0;-3,721771600000000;-38,560216650000000
328378;22;2;2018;12:16;6059;AV C CJ CEARA;RUA MIN ALBUQUERQUE LIMA;;0;;Colis?â?úo;Luz do Dia;;;Com Via F?â?®rrea;N?â?úo H?â?í Controle;Comercial;0;1;1;1;0;0;0;0;0;1;0;0;;
328379;22;2;2018;12:30;0;AV EDILSON B SOARES;;;2043;;Colis?â?úo;Luz do Dia;;;Meio de Quadra;;;0;1;1;1;0;0;0;0;0;1;0;0;-3,788353000000000;-38,467765000000000
328380;22;2;2018;12:43;0;RUA ANTONIO MONTEIRO;;;1468;;Queda;Luz do Dia;;;Meio de Quadra;;;0;1;0;0;0;0;0;0;0;1;0;0;-3,823320100000000;-38,599464400000000
328364;22;2;2018;08:29;0;AV DR SILAS MUNGUBA;;;0;;Colis?â?úo;Luz do Dia;;;Meio de Quadra;;;0;1;0;0;0;0;0;0;0;0;0;0;;
328368;22;2;2018;08:43;0;AV JOAO DE ARAUJO LIMA;;;12350;;Colis?â?úo;Luz do Dia;;;Meio de Quadra;;;0;1;1;1;0;0;0;0;0;1;0;0;-3,813830000000000;-38,555980000000000
328369;22;2;2018;10:39;0;AV WASHINGTON SOARES;;;0;;Queda;Luz do Dia;;;Meio de Quadra;;;0;1;0;0;0;0;0;0;0;1;0;0;;
328370;22;2;2018;11:13;0;AV SGT HERMINIO SAMPAIO;;;0;;Colis?â?úo;Luz do Dia;;;Meio de Quadra;;;0;1;1;1;0;0;0;0;0;1;0;0;;
328362;22;2;2018;08:14;0;AV ANTONIO SALES;;;3027;;Atropelamento;Luz do Dia;;;Meio de Quadra;;;0;1;1;0;0;0;0;0;0;1;0;0;-3,746964000000000;-38,497481000000000
328359;22;2;2018;06:49;0;AV BENJAMIM BRASIL;;;439;;Queda;Luz do Dia;;;Meio de Quadra;;;0;1;0;0;0;0;0;0;0;1;0;0;-3,804069667000000;-38,569451000000000
328360;22;2;2018;08:12;0;AV WASHINGTON SOARES;;;8117;;Colis?â?úo;Luz do Dia;;;Meio de Quadra;;;0;1;1;1;0;0;0;0;0;1;0;0;-3,822638182000000;-38,481278636000000
328485;23;2;2018;07:41;0;RD BR 116;;;10000;KM-10;Colis?â?úo;Luz do Dia;;;Meio de Quadra;;;0;1;1;0;0;0;0;0;0;1;0;0;-3,834435000000000;-38,503373000000000
328486;23;2;2018;08:25;0;RUA GAL GOIS MONTEIRO;;;0;;Colis?â?úo;Luz do Dia;;;Meio de Quadra;;;0;1;1;1;0;0;0;0;0;1;0;0;;
328487;23;2;2018;10:15;0;RUA BAR SOBRAL;;;0;;Colis?â?úo;Luz do Dia;;;Meio de Quadra;;;0;1;1;1;0;0;0;0;0;1;0;0;;
328488;23;2;2018;14:06;10064;RUA ANTONIO NERY;RUA 23 DE JUNHO;;0;;Colis?â?úo;Luz do Dia;;;;;;0;1;1;1;0;1;0;0;0;0;0;0;-3,783721000000000;-38,601750000000000
328489;23;2;2018;14:10;0;RUA MAJ WEYNE;;;549;;Queda;Luz do Dia;;;Meio de Quadra;;;0;1;0;0;0;0;0;0;0;1;0;0;-3,750742000000000;-38,541966000000000
328490;23;2;2018;15:23;0;AV CEL CARVALHO;;;0;;Colis?â?úo;Luz do Dia;;;Meio de Quadra;;;0;1;1;1;0;0;0;0;0;1;0;0;;
328491;23;2;2018;15:43;0;RUA MIRACEMA;;;390;;Queda;Luz do Dia;;;Meio de Quadra;;;0;1;0;0;0;0;0;0;0;1;0;0;-3,837019472000000;-38,498642533000000
328492;23;2;2018;15:49;0;AV PRS CASTELO BRANCO;;;0;;Atropelamento;Luz do Dia;;;Meio de Quadra;;;0;1;1;0;0;0;0;0;0;1;0;0;;
328480;23;2;2018;03:55;0;RD QUARTO ANEL VIARIO;;;0;;Colis?â?úo;;;;Meio de Quadra;;;0;1;1;1;0;0;0;0;0;1;0;0;;
328482;23;2;2018;05:32;0;RUA GUILHERME PESSOA;;;547;;Queda;Amanhecer;;;Meio de Quadra;;;0;1;0;0;0;0;0;0;0;1;0;0;-3,826780857000000;-38,490468714000000
328483;23;2;2018;07:25;0;ET DO JATOBA;;;0;;Colis?â?úo;Luz do Dia;;;Meio de Quadra;;;0;1;1;1;0;0;0;0;0;1;0;0;;
328494;23;2;2018;16:14;0;RUA BAR RIO BRANCO;;;0;;Colis?â?úo;Luz do Dia;;;Meio de Quadra;;;0;1;1;1;0;0;0;0;0;1;0;0;;
328495;23;2;2018;16:32;0;RUA 28 DE AGOSTO UI 503;;;0;;Atropelamento;Luz do Dia;;;Meio de Quadra;;;0;1;1;0;0;0;0;0;0;1;0;0;;
328496;23;2;2018;16:35;0;AV BEIRA MAR;;;0;;Queda;Luz do Dia;;;Meio de Quadra;;;0;1;0;0;0;1;0;0;0;0;0;0;;
328498;23;2;2018;16:42;0;AV IMPERADOR;;;0;;Atropelamento;Luz do Dia;;;Meio de Quadra;;;0;1;1;0;0;0;0;0;0;1;0;0;;
328499;23;2;2018;16:44;0;RUA DES GERMINIANO JUREMA;;;68;;Atropelamento de Animal;Luz do Dia;;;Meio de Quadra;;;0;1;1;0;0;0;0;0;0;1;0;0;;
328500;23;2;2018;18:24;0;RUA DR HERMES LIMA;;;35;;Colis?â?úo;Anoitecer;;;Meio de Quadra;;;0;1;1;1;0;0;0;0;0;1;0;0;-3,757539667000000;-38,482921333000000
328501;23;2;2018;18:42;0;AV AUGUSTO DOS ANJOS;;;20;;Queda;;;;Meio de Quadra;;;0;1;0;0;0;0;0;0;0;1;0;0;-3,784897800000000;-38,583478800000000
328503;23;2;2018;21:15;0;AV GAL OSORIO DE PAIVA;;;0;;Atropelamento;;;;Meio de Quadra;;;0;1;1;1;0;0;0;0;0;0;0;0;;
328504;23;2;2018;21:21;0;RUA PRO EDGAR DE ARRUDA;;;0;;Colis?â?úo;;;;Meio de Quadra;;;0;1;0;0;0;0;0;0;0;0;0;0;;
328506;23;2;2018;21:22;0;AV MAE LISBOA;;;2112;;Colis?â?úo;;;;Meio de Quadra;;;0;1;0;0;0;0;0;0;0;0;0;0;;
328507;23;2;2018;21:31;0;AV AUGUSTO DOS ANJOS;;;2080;;Colis?â?úo;;;;Meio de Quadra;;;0;1;1;1;0;0;0;0;0;1;0;0;-3,783820000000000;-38,582329000000000
328512;23;2;2018;21:40;23771;RUA LEAO DO NORTE;RUA COSTA FREIRE;;0;;Colis?â?úo;;;;Cruz;Pare;Rural;0;1;1;1;0;0;0;0;0;1;0;0;-3,783935000000000;-38,577180000000000
328509;23;2;2018;21:34;0;AV PERIMETRAL;;;3309;;Colis?â?úo;;;;Meio de Quadra;;;0;1;0;0;0;0;0;0;0;0;0;0;;
328533;23;2;2018;22:14;0;AV FRE CIRILO;;;3810;;Colis?â?úo;;;;Meio de Quadra;;;0;1;1;1;0;0;0;0;0;1;0;0;-3,817404291000000;-38,497370452000000
326773;23;2;2018;13:15;0;AV SGT HERMINIO SAMPAIO;;;1415;;Colis?â?úo Transversal;Luz do Dia;Nublado;Seca;Meio de Quadra;Sem?â?íforo;Residencial;0;0;2;1;0;0;0;0;0;1;0;0;-3,724983000000000;-38,552915000000000
327201;23;2;2018;12:10;5284;RUA PRC ISABEL;RUA PEDRO I;;0;;Colis?â?úo;Luz do Dia;;;Cruz;Pare;Comercial;0;1;1;0;0;0;0;0;0;1;0;0;-3,728809000000000;-38,536144000000000
327206;23;2;2018;22:59;0;AV MAE LISBOA;;;2698;;Choque c/ Obst?â?ículo Fixo;;;;Meio de Quadra;;;0;0;1;0;0;0;0;0;0;0;0;0;-3,806334000000000;-38,455169000000000
327204;23;2;2018;18:15;25279;AV ROGACIANO LEITE;RUA DES WALDEMAR ALVES PEREIRA;;0;;Colis?â?úo;Anoitecer;;;Cruz;Sem?â?íforo;Comercial;0;1;1;0;0;0;0;0;0;1;0;0;;
327418;23;2;2018;07:20;0;RD BR 116;;;10000;KM-10;Colis?â?úo Transversal;Luz do Dia;;;Meio de Quadra;;;0;2;0;0;0;0;0;0;0;1;0;0;-3,834435000000000;-38,503373000000000
327751;23;2;2018;21:30;0;RD CE-025;;;0;KM-03;Choque c/ Obst?â?ículo Fixo;;Bom;Seca;Meio de Quadra;;;0;2;0;0;1;0;0;0;0;0;0;0;-3,805889179000000;-38,452246560000000
327749;23;2;2018;18:45;0;AV SEN CARLOS JEREISSATI (AEROPORTO);;;0;KM 03;Colis?â?úo;;Bom;Seca;Meio de Quadra;;;0;0;2;1;0;0;0;1;0;0;0;0;-3,779641000000000;-38,544038000000000
327730;23;2;2018;00:35;0;AV SEN CARLOS JEREISSATI (AEROPORTO);;;0;KM 01;Choque c/ Obst?â?ículo Fixo;;Bom;Seca;Meio de Quadra;;;0;1;0;0;0;0;0;0;0;1;0;0;-3,783753000000000;-38,526850000000000
327737;23;2;2018;08:30;0;RD CE-040;;;0;KM-06;Colis?â?úo;Luz do Dia;Bom;Seca;Meio de Quadra;;;0;0;2;1;0;0;0;0;0;0;0;0;-3,809596804000000;-38,478733480000000
327741;23;2;2018;16:50;0;RD CE-040;;;0;;Colis?â?úo;Luz do Dia;Bom;Seca;Meio de Quadra;;;0;0;3;1;0;0;0;0;0;0;0;0;;
327733;23;2;2018;06:40;0;RD CE-040;;;0;KM-10;Colis?â?úo;Luz do Dia;Bom;Seca;Meio de Quadra;;;0;0;3;1;0;0;0;0;0;0;0;0;-3,842576660000000;-38,480882840000000
315292;23;2;2018;02:50;0;RUA UIRAPURU;;;100;;Colis?â?úo;;;;Meio de Quadra;;;1;0;0;0;0;0;0;0;0;1;0;0;-3,798475000000000;-38,564779000000000
321801;23;2;2018;13:10;7903;AV ANTONIO SALES;RUA CEL LINHARES;;0;;Colis?â?úo Lateral;Luz do Dia;Bom;Seca;Cruz;Pare;Comercial;0;0;2;1;0;0;0;0;0;0;0;0;-3,746964000000000;-38,497481000000000
321815;23;2;2018;10:10;0;RUA SOBRAL D03;;;72;;Colis?â?úo Lateral;Luz do Dia;Bom;Seca;T;N?â?úo H?â?í Controle;Comercial;0;1;0;1;0;0;0;0;0;1;0;0;-3,725180000000000;-38,524567000000000
321781;23;2;2018;07:30;17433;RUA CESAR ROSSAS;RUA PRO TEODORICO;;0;;Colis?â?úo Transversal;Luz do Dia;Bom;Seca;Cruz;Pare;Comercial;0;2;1;1;0;0;0;0;0;1;0;0;-3,768770000000000;-38,553473000000000
321782;23;2;2018;08:30;0;RUA NOSSA SRA DAS GRACAS;;;1090;;Colis?â?úo Frontal;Luz do Dia;Nublado;Seca;Meio de Quadra;N?â?úo H?â?í Controle;Residencial;0;1;1;1;0;0;0;0;0;1;0;0;-3,800905700000000;-38,497590000000000
321783;23;2;2018;09:54;121;RUA RUI MONTE;RUA CEL JOAQUIM FRANKLIN;;0;;Colis?â?úo Transversal;Luz do Dia;Bom;Seca;Cruz;Pare;Comercial;0;1;1;1;0;0;0;0;0;1;0;0;-3,742326000000000;-38,587330000000000
321784;23;2;2018;14:24;0;AV SORIANO ALBUQUERQUE;;;53;;Engavetamento;Luz do Dia;Bom;Seca;Meio de Quadra;N?â?úo H?â?í Controle;Residencial;0;0;7;1;0;0;0;0;0;0;0;0;-3,747504700000000;-38,521156000000000
321785;23;2;2018;17:40;0;AV PRS JUSCELINO KUBITSCHEK (PASSAR?âÔÇ?);AV PAROARAS;;0;;Colis?â?úo Traseira;Anoitecer;Bom;Seca;Cruz;Sem?â?íforo;Residencial;0;1;1;1;0;0;0;0;0;1;0;0;-3,816120400000000;-38,531540000000000
321786;23;2;2018;19:57;7648;AV CARNEIRO DE MENDONCA;RUA PAULO DE FRONTIM;;0;;Colis?â?úo Lateral;Via Iluminada;Bom;Seca;Cruz;Pare;Comercial;0;0;2;1;0;0;0;0;0;0;0;0;-3,761949000000000;-38,570794000000000
321787;23;2;2018;19:18;0;RUA PASCOAL CASTRO ALVES;;;146;;Choque c/ Obst?â?ículo Fixo;Anoitecer;Bom;Seca;Cruz;Pare;Residencial;0;0;1;0;0;0;0;0;0;0;0;0;-3,733490700000000;-38,474186000000000
321788;23;2;2018;20:25;15139;AV MON TABOSA;RUA BAR ARACATI;;0;;Colis?â?úo Lateral;Via Iluminada;Bom;Seca;Cruz;Sem?â?íforo;Comercial;0;0;2;1;1;0;0;0;0;0;0;0;-3,724226000000000;-38,509158000000000
321789;23;2;2018;20:56;0;AV DOS EXPEDICIONARIOS;;;5246;;Colis?â?úo Lateral;Via Iluminada;Bom;Seca;Meio de Quadra;N?â?úo H?â?í Controle;Comercial;0;0;1;1;1;0;0;0;0;0;0;0;-3,766332900000000;-38,541718000000000
321790;23;2;2018;18:30;0;AV OLIVEIRA PAIVA;;;223;;Engavetamento;Via Iluminada;Nublado;Seca;Meio de Quadra;N?â?úo H?â?í Controle;Comercial;0;0;3;1;0;0;0;0;0;0;0;0;-3,798542000000000;-38,503013000000000
321791;23;2;2018;20:39;0;AV BEZERRA DE MENEZES;;;499;;Colis?â?úo Lateral;Via Iluminada;Bom;Seca;T;N?â?úo H?â?í Controle;Comercial;0;0;2;0;1;0;0;0;0;0;0;0;-3,732455000000000;-38,549187000000000
321792;23;2;2018;21:45;0;AV AGUANAMBI;;;1000;;Choque c/ Obst?â?ículo Fixo;Via Iluminada;Bom;Seca;Outros;N?â?úo H?â?í Controle;Comercial;0;1;0;0;0;0;0;0;0;1;0;0;-3,745224000000000;-38,525445000000000
321793;23;2;2018;22:30;0;AV SEN FERNANDES TAVORA;;;2870;;Colis?â?úo Traseira;Via Iluminada;Bom;Seca;Meio de Quadra;N?â?úo H?â?í Controle;Comercial;0;0;1;1;0;0;0;0;0;0;0;0;-3,755233800000000;-38,597810000000000
321811;23;2;2018;00:40;0;RUA PERNAMBUCO;;;2671;;Choque c/ Obst?â?ículo Fixo;Via Iluminada;Bom;Seca;Meio de Quadra;N?â?úo H?â?í Controle;Escola;0;0;1;1;0;0;0;0;0;0;0;0;-3,751583800000000;-38,577990000000000
321794;24;2;2018;05:00;7775;AV ANTONIO SALES;AV BAR STUDART;;0;;Colis?â?úo Transversal;Luz do Dia;Bom;Seca;Cruz;Sem?â?íforo;Comercial;0;1;1;1;0;0;0;0;0;1;0;0;-3,743288000000000;-38,509378000000000
321795;24;2;2018;06:58;0;AV VIS RIO BRANCO;;;4000;HOSP UNIMED;Colis?â?úo Lateral;Luz do Dia;Bom;Seca;Meio de Quadra;N?â?úo H?â?í Controle;Comercial;0;1;2;1;0;0;0;0;0;1;0;0;-3,756017700000000;-38,520103000000000
321796;24;2;2018;11:14;25683;RUA DAMASCENO GIRAO;RUA ANTONIO MENDES (JD AMERICA);;0;;Colis?â?úo Transversal;Luz do Dia;Nublado;Seca;Cruz;Pare;Residencial;0;2;1;1;0;0;0;0;0;1;0;0;-3,751510000000000;-38,539797000000000
321797;24;2;2018;10:46;0;AV JOSE JATAHY;;;101;;Queda;Luz do Dia;Nublado;Seca;Outros;Sem?â?íforo;Escola;0;2;0;0;0;0;0;0;0;1;0;0;-3,726139800000000;-38,546085000000000
321798;24;2;2018;12:55;0;AV VIENA WEYNE;;;675;;Colis?â?úo Traseira;Luz do Dia;Bom;Seca;Meio de Quadra;N?â?úo H?â?í Controle;Comercial;0;0;2;1;0;0;0;0;0;0;0;0;-3,801205600000000;-38,488197000000000
321799;24;2;2018;13:20;0;AV PDE ANTONIO TOMAS;;;335;;Colis?â?úo Traseira;Luz do Dia;Bom;Seca;Meio de Quadra;N?â?úo H?â?í Controle;Comercial;0;0;2;1;0;0;0;0;0;0;0;0;-3,743793000000000;-38,485874000000000
321800;24;2;2018;14:06;0;AV JOSE BASTOS;;;4000;;Engavetamento;Luz do Dia;Bom;Seca;Meio de Quadra;N?â?úo H?â?í Controle;Comercial;0;0;1;1;0;0;0;0;0;0;0;0;-3,753047000000000;-38,553524000000000
321802;24;2;2018;13:59;0;RUA PDE VALDEVINO;;;1880;;Engavetamento;Luz do Dia;Bom;Seca;Meio de Quadra;N?â?úo H?â?í Controle;Residencial;0;1;2;1;0;0;0;0;0;0;0;0;-3,742120000000000;-38,507385000000000