COD_ACIDENTE;DIA;MES;ANO;HORA;INTERSECAO;LOG1;LOG2;LOG3;NUMERO;REFERENCIA;NATUREZA;ILUMINACAO;TEMPO;SUPERFICIEPISTA;TIPOCRUZAMENTO;CONTROLETRAFEGO;USOSOLO;MORTOS;FERIDOS;ILESOS;AUTOMOVEL;ONIBUS;BICICLETA;CAMINHAO;MICROONIBUS;CICLOMOTOR;MOTOCICLETA;TRACAOANIMAL;TREM;LATITUDE;LONGITUDE
321803;24;2;2018;14:15;5742;AV OLIVEIRA PAIVA;RUA MANUEL MONTEIRO;;0;;Colis?â?úo Transversal;Luz do Dia;Bom;Seca;Outros;Sem?â?íforo;Comercial;0;1;1;1;0;0;0;0;0;1;0;0;-3,795496000000000;-38,494140000000000
321804;24;2;2018;13:42;0;AV GODOFREDO MACIEL;;;767;;Colis?â?úo Traseira;Luz do Dia;Bom;Seca;Meio de Quadra;Sem?â?íforo;Comercial;0;0;1;1;0;0;0;0;0;0;0;0;-3,782973800000000;-38,565777000000000
321805;24;2;2018;11:00;0;AV BEZERRA DE MENEZES;;;384;;Colis?â?úo Traseira;Luz do Dia;Bom;Seca;Meio de Quadra;Sem?â?íforo;Comercial;0;1;0;0;0;0;0;0;0;1;0;0;-3,732208300000000;-38,548298000000000
321806;24;2;2018;20:30;0;AV GODOFREDO MACIEL;;;3382;;Colis?â?úo Traseira;Via Iluminada;Bom;Seca;Meio de Quadra;N?â?úo H?â?í Controle;Comercial;0;0;2;1;0;0;0;0;0;0;0;0;-3,804944300000000;-38,572674000000000
321807;24;2;2018;21:24;0;AV PRS CASTELO BRANCO;;;3133;;Colis?â?úo Traseira;Via Iluminada;Bom;Seca;Meio de Quadra;N?â?úo H?â?í Controle;Comercial;0;0;1;1;0;0;0;0;0;0;0;0;-3,711324500000000;-38,558174000000000
321808;24;2;2018;23:12;0;RUA WALDIR DIOGO;;;500;;Colis?â?úo Traseira;Via Iluminada;Bom;Seca;Meio de Quadra;N?â?úo H?â?í Controle;Residencial;0;0;2;1;0;0;0;0;0;0;0;0;-3,806253000000000;-38,582420000000000
327419;24;2;2018;05:50;0;RD BR 116;;;3000;KM-03;Tombamento;Amanhecer;;;Meio de Quadra;;;0;2;0;0;0;0;0;0;0;1;0;0;-3,779838000000000;-38,514372000000000
327462;24;2;2018;09:00;0;RD BR 116;;;0;;Colis?â?úo Lateral;Luz do Dia;;;Meio de Quadra;;;0;1;1;1;0;0;0;0;0;1;0;0;;
327237;24;2;2018;14:35;0;AV BEIRA MAR;;;4641;;Colis?â?úo;Luz do Dia;;;Meio de Quadra;;;0;1;1;1;0;1;0;0;0;0;0;0;-3,721932912000000;-38,479782948000000
327242;24;2;2018;16:00;0;AV CONTORNO SUL;;;0;;Colis?â?úo;Luz do Dia;;;Meio de Quadra;;;0;2;0;0;0;0;0;0;0;1;0;0;;
327245;24;2;2018;12:00;748;AV FRANCISCO SA;RUA FRANCISCO CALACA;;0;;Colis?â?úo;Luz do Dia;;;Y;Pare;Comercial;0;1;2;1;0;0;0;0;0;1;0;0;-3,712310000000000;-38,572275000000000
326781;24;2;2018;09:00;0;AV PRS COSTA E SILVA;;;0;;Colis?â?úo Transversal;Luz do Dia;Bom;Seca;Meio de Quadra;Sem?â?íforo;Residencial;0;2;0;0;1;1;0;0;0;0;0;0;;
326785;24;2;2018;08:45;12499;RUA DIAMANTINA;RUA BELO HORIZONTE;;0;;Colis?â?úo Lateral;Luz do Dia;Nublado;Seca;Cruz;Pare;Residencial;0;0;2;1;1;0;0;0;0;0;0;0;-3,764625000000000;-38,568069000000000
326789;24;2;2018;07:30;23644;RUA BAR CRATO;RUA DR GILBERTO CAMARA;;0;;Colis?â?úo Transversal;Luz do Dia;Nublado;Seca;Cruz;Pare;Residencial;0;1;2;1;0;0;0;0;0;1;0;0;-3,722266000000000;-38,563395000000000
328553;24;2;2018;12:12;0;RUA VITAL BRASIL;;;1350;;Queda;Luz do Dia;;;Meio de Quadra;;;0;1;0;0;0;1;0;0;0;0;0;0;-3,779388500000000;-38,593132000000000
328554;24;2;2018;13:37;18994;AV ENG SANTANA JUNIOR;RUA AVILA GOULART;;0;;Colis?â?úo;Luz do Dia;;;Outros;Sem?â?íforo;Comercial;0;1;1;0;0;0;0;0;0;1;0;0;-3,733357000000000;-38,480624000000000
328555;24;2;2018;14:52;0;AV PRS COSTA E SILVA;;;3051;;Colis?â?úo;Luz do Dia;;;Meio de Quadra;;;0;1;0;0;0;0;0;0;0;0;0;0;;
328556;24;2;2018;17:03;15204;AV ABOLICAO;RUA JULIO IBIAPINA;;0;;Atropelamento;Anoitecer;;;Cruz;Sem?â?íforo;Comercial;0;1;1;0;0;0;0;0;0;1;0;0;-3,726679000000000;-38,491290000000000
328535;24;2;2018;05:28;0;AV PERIMETRAL;;;0;;Colis?â?úo;Amanhecer;;;Meio de Quadra;;;0;1;1;1;0;0;0;0;0;1;0;0;;
328537;24;2;2018;07:10;0;RUA DR PEDRO ROCHA;;;0;;Queda;Luz do Dia;;;Meio de Quadra;;;0;1;0;0;0;0;0;0;0;1;0;0;;
328538;24;2;2018;08:04;0;RUA DES PRAXEDES;;;210;;Queda;Luz do Dia;;;Meio de Quadra;;;0;1;0;0;0;0;0;0;0;1;0;0;-3,758080000000000;-38,551910000000000
328539;24;2;2018;10:27;0;RUA CEL MATOS DOURADO;;;0;;Colis?â?úo;Luz do Dia;;;Meio de Quadra;;;0;1;1;1;0;0;0;0;0;1;0;0;;
328540;24;2;2018;10:34;0;AV ALBERTO CRAVEIRO;;;0;;Queda;Luz do Dia;;;Meio de Quadra;;;0;1;0;0;0;0;0;0;0;1;0;0;;
328541;24;2;2018;11:19;0;RUA CON DE CASTRO;;;4266;;Atropelamento;Luz do Dia;;;Meio de Quadra;;;0;1;1;0;0;0;0;0;0;1;0;0;-3,803187846000000;-38,590325154000000
328542;24;2;2018;11:24;0;AV FRANCISCO SA;;;5514;;Colis?â?úo;Luz do Dia;;;Meio de Quadra;;;0;1;1;1;0;0;0;0;0;1;0;0;-3,711890000000000;-38,573493000000000
328573;24;2;2018;22:41;0;RUA WALDIR DIOGO;;;1012;;Atropelamento;;;;Meio de Quadra;;;0;1;1;1;0;0;0;0;0;0;0;0;-3,803161987000000;-38,587242263000000
328568;24;2;2018;18:55;0;AV JOSE BASTOS;;;0;;Colis?â?úo;;;;Meio de Quadra;;;0;1;0;0;0;0;0;0;0;0;0;0;;
328569;24;2;2018;19:23;0;TR DAS FLORES;;;97;;Atropelamento;;;;Meio de Quadra;;;0;1;1;0;0;0;0;0;0;1;0;0;-3,846368800000000;-38,515610500000000
328570;24;2;2018;19:56;0;RUA ALVES BEZERRA;;;556;;Colis?â?úo;;;;Meio de Quadra;;;0;1;1;1;0;0;0;0;0;1;0;0;-3,806435556000000;-38,610181044000000
328571;24;2;2018;21:20;0;AV TEN LISBOA;;;1748;;Colis?â?úo;;;;Meio de Quadra;;;0;1;1;0;0;0;0;0;0;1;0;0;-3,717600000000000;-38,551310000000000
328560;24;2;2018;18:25;0;RUA COS DA SILVA;;;1156;;Atropelamento;Anoitecer;;;Meio de Quadra;;;0;1;1;0;0;0;0;0;0;1;0;0;;
328561;24;2;2018;18:30;0;AV JOAO PESSOA;;;0;;Colis?â?úo;Anoitecer;;;Meio de Quadra;;;0;1;0;0;0;0;0;0;0;0;0;0;;
328562;24;2;2018;18:36;0;RUA JULIO SILVA;;;440;;Queda;;;;Meio de Quadra;;;0;1;0;0;0;0;0;0;0;1;0;0;;
328558;24;2;2018;17:25;0;RUA JOAQUIM ALFREDO;;;0;;Colis?â?úo;Anoitecer;;;Meio de Quadra;;;0;1;0;0;0;0;0;0;0;0;0;0;;
328551;24;2;2018;12:06;0;AV SGT HERMINIO SAMPAIO;;;0;;Colis?â?úo;Luz do Dia;;;Meio de Quadra;;;0;1;1;1;0;0;0;0;0;1;0;0;;
328602;24;2;2018;22:59;0;AV PRS COSTA E SILVA;;;1578;;Colis?â?úo;;;;Meio de Quadra;;;0;1;1;0;0;0;1;0;0;1;0;0;-3,818097100000000;-38,565077600000000
328603;24;2;2018;23:15;0;AV PERIMETRAL;;;581;;Colis?â?úo;;;;Meio de Quadra;;;0;1;0;0;0;0;0;0;0;0;0;0;;
328617;25;2;2018;05:00;0;RUA JOSE ARAGAO;;;30;;Colis?â?úo;Amanhecer;;;Meio de Quadra;;;0;1;0;0;0;0;0;0;0;0;0;0;;
328618;25;2;2018;12:45;0;AV ROGACIANO LEITE;;;2295;;Colis?â?úo;Luz do Dia;;;Meio de Quadra;;;0;1;1;1;0;0;0;0;0;1;0;0;-3,774935445000000;-38,499751332000000
328619;25;2;2018;14:50;0;AV ODILON GUIMARAES;;;1910;;Colis?â?úo;Luz do Dia;;;Meio de Quadra;;;0;1;1;0;0;0;0;0;0;1;0;0;-3,821504000000000;-38,476548000000000
328620;25;2;2018;15:14;0;AV SGT HERMINIO SAMPAIO;;;2329;;Colis?â?úo;Luz do Dia;;;Meio de Quadra;;;0;1;1;1;0;0;0;0;0;1;0;0;-3,726516000000000;-38,561327000000000
328610;25;2;2018;03:01;0;RUA ANTONINA DO NORTE;;;351;;Colis?â?úo;;;;Meio de Quadra;;;0;1;1;1;0;0;1;0;0;0;0;0;-3,731086480000000;-38,553593400000000
328611;25;2;2018;03:12;0;AV DR THEBERGE;;;0;;Queda;;;;Meio de Quadra;;;0;1;0;0;0;0;0;0;0;1;0;0;;
328612;25;2;2018;04:26;0;AV CEL CARVALHO;;;0;;Queda;;;;Meio de Quadra;;;0;1;0;0;0;0;0;0;0;1;0;0;;
328613;25;2;2018;04:35;0;RD BR 116;;;6000;KM-06;Queda;;;;Meio de Quadra;;;0;1;0;0;0;0;0;0;0;1;0;0;-3,804691000000000;-38,503053000000000
328614;25;2;2018;04:38;0;RUA FRANCISCO GLICERIO;;;519;;Colis?â?úo;;;;Meio de Quadra;;;0;1;1;1;0;0;0;0;0;1;0;0;;
328637;25;2;2018;21:32;0;RUA DO MORRO;;;506;;Colis?â?úo;Anoitecer;;;Meio de Quadra;;;0;1;0;0;0;0;0;0;0;0;0;0;-3,730408000000000;-38,474342700000000
328638;25;2;2018;21:40;0;AV ODILON GUIMARAES;;;1825;;Colis?â?úo;;;;Meio de Quadra;;;0;2;0;0;0;0;0;0;0;0;0;0;-3,822184000000000;-38,477032000000000
328633;25;2;2018;17:14;0;RUA ZACARIAS GONDIM;;;1092;;Colis?â?úo;Anoitecer;;;Meio de Quadra;;;0;1;1;1;0;0;0;0;0;1;0;0;-3,772962000000000;-38,560126500000000
328634;25;2;2018;17:22;0;RUA CABO FRIO;;;158;;Colis?â?úo;Anoitecer;;;Meio de Quadra;;;0;1;1;1;0;1;0;0;0;0;0;0;-3,705097600000000;-38,572596700000000
328635;25;2;2018;17:55;5415;RUA FLORIANO PEIXOTO;RUA GAL CLARINDO DE QUEIROZ;;0;;Colis?â?úo;Anoitecer;;;Cruz;N?â?úo H?â?í Controle;Comercial;0;1;1;1;0;1;0;0;0;0;0;0;-3,733049000000000;-38,529027000000000
328628;25;2;2018;15:16;0;RUA CON DE CASTRO;;;0;;Queda;Luz do Dia;;;Meio de Quadra;;;0;1;0;0;0;0;0;0;0;1;0;0;;
328629;25;2;2018;15:31;0;RUA ANTONIETA CLOTILDE;;;583;;Colis?â?úo;Luz do Dia;;;Meio de Quadra;;;0;1;1;1;0;0;0;0;0;1;0;0;-3,717169286000000;-38,583419286000000
328630;25;2;2018;16:11;0;RUA CON DE CASTRO;;;3664;;Atropelamento;Luz do Dia;;;Meio de Quadra;;;0;1;1;0;0;0;0;0;0;1;0;0;-3,799283903000000;-38,586665774000000
328631;25;2;2018;16:25;0;RUA MAL DEODORO;;;1320;;Atropelamento;Luz do Dia;;;Meio de Quadra;;;0;1;1;0;0;0;0;0;0;1;0;0;-3,746705000000000;-38,538213000000000
328642;25;2;2018;22:03;0;RUA PEDRO II;;;158;;Colis?â?úo;;;;Meio de Quadra;;;0;1;0;0;0;0;0;0;0;0;0;0;-3,830467632000000;-38,487911316000000
328644;25;2;2018;22:44;0;RUA CON DE CASTRO;;;5188;;Colis?â?úo;;;;Meio de Quadra;;;0;1;0;0;0;0;0;0;0;0;0;0;-3,808442667000000;-38,595000467000000
328645;25;2;2018;23:36;24508;AV MOZART PINHEIRO DE LUCENA;RUA TEN ELIEZER COSTA;;0;;Colis?â?úo;;;;Cruz;N?â?úo H?â?í Controle;Residencial;0;1;1;1;0;0;0;0;0;1;0;0;-3,709635000000000;-38,593183000000000
328646;25;2;2018;23:38;0;AV ALANIS MARIA LAURINDO DE OLIVEIRA;;;0;;Queda;;;;Meio de Quadra;;;0;1;0;0;0;0;0;0;0;1;0;0;;
328648;25;2;2018;23:29;356;RUA GUSTAVO BRAGA;RUA FRANCISCA CLOTILDE;;0;;Colis?â?úo;;;;Cruz;Pare;Residencial;0;2;0;1;1;0;0;0;0;0;0;0;-3,747141000000000;-38,556863000000000
328649;25;2;2018;23:44;0;AV DA INDEPENDENCIA;;;1470;;Queda;;;;Meio de Quadra;;;0;1;0;0;0;1;0;0;0;0;0;0;-3,726046818000000;-38,593955909000000
326769;25;2;2018;18:40;1585;RUA PDE VALDEVINO;RUA TIBURCIO CAVALCANTE;;0;;Colis?â?úo Traseira;;;;Cruz;Sem?â?íforo;Residencial;0;0;2;1;0;0;0;0;0;0;0;0;-3,742915000000000;-38,504815000000000
326760;25;2;2018;15:15;12599;RUA COS LAFAYETE;RUA JANDIRA;;0;;Colis?â?úo Lateral;Luz do Dia;;;Cruz;Pare;Comercial;0;1;1;1;0;0;0;0;0;1;0;0;-3,717584000000000;-38,587105000000000
327248;25;2;2018;01:35;22845;RUA CON LIMA SUCUPIRA;RUA GOV JOAO CARLOS;;0;;Colis?â?úo;;;;Cruz;Pare;Residencial;0;1;1;1;0;0;0;0;0;0;0;0;-3,777951000000000;-38,551518000000000
327249;25;2;2018;06:15;0;AV GOV RAUL BARBOSA;;;300;;Choque c/ Obst?â?ículo Fixo;Luz do Dia;;;Meio de Quadra;;;0;0;1;1;0;0;0;0;0;0;0;0;-3,716620400000000;-38,473259500000000
327463;25;2;2018;08:30;0;RD BR 222;;;0;KM-02;Colis?â?úo Traseira;Luz do Dia;;;Meio de Quadra;;;0;1;1;1;0;0;0;0;0;1;0;0;-3,740362400000000;-38,596996100000000
327299;25;2;2018;15:50;26236;AV DR SILAS MUNGUBA;RUA BERNARDO MANUEL;;0;;Colis?â?úo;Luz do Dia;;;Cruz;Sem?â?íforo;Comercial;0;0;2;0;1;0;0;0;0;0;0;0;-3,787538000000000;-38,547960000000000
327760;25;2;2018;17:30;0;AV SEN CARLOS JEREISSATI (AEROPORTO);;;0;KM 02;Colis?â?úo;Anoitecer;Bom;Seca;Meio de Quadra;;;0;0;2;1;0;0;0;0;0;0;0;0;-3,782194000000000;-38,535424000000000
327761;25;2;2018;22:35;0;RD CE-040;;;6306;KM-07;Atropelamento;;Bom;Seca;Meio de Quadra;;;0;1;1;1;0;0;0;0;0;0;0;0;-3,817159445000000;-38,483032860000000
327757;25;2;2018;08:40;0;AV SEN CARLOS JEREISSATI (AEROPORTO);;;0;KM 04;Colis?â?úo;Luz do Dia;Bom;Seca;Meio de Quadra;;;0;0;2;1;0;0;0;0;0;0;0;0;-3,774020000000000;-38,550907000000000
327758;25;2;2018;16:00;0;RD CE-040;;;0;KM-07;Colis?â?úo;Luz do Dia;Bom;Seca;Meio de Quadra;;;0;0;2;0;0;0;0;0;0;1;0;0;-3,817159445000000;-38,483032860000000
315208;25;2;2018;05:30;0;AV G CJ CEARA;;;333;;Colis?â?úo;Amanhecer;;;;;;1;0;1;0;0;0;0;0;0;1;0;0;-3,772599000000000;-38,611556000000000
315209;25;2;2018;23:50;0;RUA CON DE CASTRO;;;0;;Choque c/ Obst?â?ículo Fixo;;;;Meio de Quadra;;;1;0;0;0;0;0;0;0;0;1;0;0;;
321810;25;2;2018;02:40;0;RUA PRO GOMES BRASIL;;;129;;Choque c/ Obst?â?ículo Fixo;Via Iluminada;Chuva;Molhada;Meio de Quadra;N?â?úo H?â?í Controle;Comercial;0;1;0;1;0;0;0;0;0;0;0;0;-3,774340200000000;-38,567230000000000
321965;25;2;2018;02:34;0;RUA CHICO LEMOS;;;120;;Choque c/ Obst?â?ículo Fixo;Via Iluminada;Chuva;Molhada;Meio de Quadra;N?â?úo H?â?í Controle;Residencial;0;2;0;1;0;0;0;0;0;0;0;0;-3,789035000000000;-38,500126000000000
321814;26;2;2018;00:15;356;RUA FRANCISCA CLOTILDE;RUA GUSTAVO BRAGA;;0;;Colis?â?úo Transversal;Via Iluminada;Chuva;Molhada;Cruz;Pare;Residencial;0;0;1;1;1;0;0;0;0;0;0;0;-3,747141000000000;-38,556863000000000
321816;26;2;2018;08:44;0;AV ENG SANTANA JUNIOR;;;0;;Colis?â?úo Traseira;Luz do Dia;Bom;Seca;Meio de Quadra;N?â?úo H?â?í Controle;Residencial;0;0;3;1;0;0;0;0;0;0;0;0;-3,751971000000000;-38,490543000000000
321817;26;2;2018;07:00;5107;AV MON TABOSA;RUA SEN ALMINO;;0;;Colis?â?úo Transversal;Luz do Dia;Bom;Seca;Cruz;Pare;Comercial;0;1;1;1;0;0;0;0;0;1;0;0;-3,723661000000000;-38,518035000000000
321818;26;2;2018;11:58;0;AV DEP PAULINO ROCHA;;;1340;;Queda;Luz do Dia;Bom;Seca;Meio de Quadra;N?â?úo H?â?í Controle;Comercial;0;1;0;0;0;0;0;0;0;1;0;0;-3,810575200000000;-38,509556000000000
321819;26;2;2018;12:45;9099;AV EDUARDO GIRAO;RUA FRANCOIS T MENEZES;;0;;Colis?â?úo Lateral;Luz do Dia;Bom;Seca;Cruz;Pare;Residencial;0;1;1;1;0;0;0;0;0;1;0;0;-3,755700000000000;-38,525973000000000
321820;26;2;2018;14:28;0;RUA JACINTO MATOS;;;0;;N?â?úo Informado;Luz do Dia;Bom;Seca;;;;0;1;1;0;0;0;0;0;0;1;0;0;-3,717814700000000;-38,546720000000000
321821;26;2;2018;15:11;5728;AV DES GONZAGA;RUA ANTONIO DE CASTRO;;0;;Colis?â?úo Lateral;Luz do Dia;Bom;Seca;Cruz;Sem?â?íforo;Comercial;0;0;2;1;0;0;0;0;0;0;0;0;-3,795148000000000;-38,500858000000000
321822;26;2;2018;11:50;0;RUA JOSE BELCHIOR;;;551;;Colis?â?úo Transversal;Luz do Dia;Bom;Seca;Meio de Quadra;N?â?úo H?â?í Controle;Residencial;0;1;1;0;1;0;0;0;0;1;0;0;-3,829175700000000;-38,480590000000000
321823;26;2;2018;18:38;0;AV DUQ CAXIAS;;;1030;;Colis?â?úo Traseira;Via Iluminada;Bom;Seca;Meio de Quadra;Sem?â?íforo;Comercial;0;1;1;1;0;0;0;0;0;0;0;0;-3,730493500000000;-38,533485000000000
321824;26;2;2018;18:12;930;AV AGUANAMBI;AV BORGES DE MELO;;0;;N?â?úo Informado;Anoitecer;Bom;Seca;T;Sem?â?íforo;Residencial;0;0;3;1;0;0;0;0;0;0;0;0;-3,760928000000000;-38,523880000000000
321825;26;2;2018;18:50;7791;RUA VIS MAUA;AV PONTES VIEIRA;;0;;Colis?â?úo Transversal;Luz do Dia;Bom;Seca;Cruz;Sem?â?íforo;Residencial;0;0;2;1;0;0;0;0;0;0;0;0;-3,751653000000000;-38,504401000000000
321826;26;2;2018;19:15;0;AV DIOGUINHO;;;5762;;Colis?â?úo Lateral;Via Iluminada;Bom;Seca;Meio de Quadra;Sem?â?íforo;Residencial;0;0;2;1;0;0;0;0;0;0;0;0;-3,764245700000000;-38,441780000000000
321827;26;2;2018;18:20;0;AV GAL OSORIO DE PAIVA;;;2946;;Colis?â?úo Traseira;Via Iluminada;Bom;Seca;Meio de Quadra;N?â?úo H?â?í Controle;Residencial;0;1;1;0;0;0;0;0;0;1;0;0;-3,788198200000000;-38,586315000000000
321828;26;2;2018;18:05;25986;RUA PDE PEDRO DE ALENCAR;RUA MANOEL VIRINO;;0;;Colis?â?úo Traseira;Via Iluminada;Bom;Seca;Cruz;N?â?úo H?â?í Controle;Comercial;0;1;1;1;0;0;0;0;0;1;0;0;-3,848501000000000;-38,494812000000000
321829;26;2;2018;22:14;0;RUA 501 CJ CEARA;;;12;;Colis?â?úo Lateral;Via Iluminada;Bom;Seca;Meio de Quadra;N?â?úo H?â?í Controle;Residencial;0;0;1;1;1;0;0;0;0;0;0;0;-3,768865000000000;-38,608900000000000
315210;26;2;2018;08:00;0;RUA PERDIGAO DE OLIVEIRA;;;820;;Atropelamento;Luz do Dia;;;Meio de Quadra;;;1;0;1;1;0;0;0;0;0;0;0;0;-3,774825000000000;-38,576823500000000
327762;26;2;2018;13:10;0;RD CE-060;;;0;KM-03;Colis?â?úo;Luz do Dia;Bom;Seca;Meio de Quadra;;;0;0;2;0;1;0;0;1;0;0;0;0;-3,843038000000000;-38,585133000000000
326775;26;2;2018;09:30;0;AV 13 DE MAIO;;;366;;Atropelamento;Luz do Dia;;;Meio de Quadra;;;0;1;2;1;0;0;0;0;0;0;0;0;-3,753219857000000;-38,524777429000000
326777;26;2;2018;09:13;10703;RUA PRO HERIBALDO COSTA;RUA PRO PAULO LOPES;;0;;Queda;Luz do Dia;;;T;Pare;Residencial;0;1;0;0;0;0;0;0;0;1;0;0;-3,758020000000000;-38,582800000000000
328650;26;2;2018;02:13;0;AV CONTORNO SUL;;;544;;Queda;;;;Meio de Quadra;;;0;1;0;0;0;0;0;0;0;1;0;0;-3,815933000000000;-38,590483500000000
328651;26;2;2018;04:52;5209;RUA JOAO CORDEIRO;RUA TEN BENEVOLO;;0;;Queda;;;;;;;0;1;0;0;0;0;0;0;0;1;0;0;-3,726514000000000;-38,513424000000000
328652;26;2;2018;06:56;0;AV BORGES DE MELO;;;780;;Colis?â?úo;Luz do Dia;;;Meio de Quadra;;;0;1;1;1;0;0;0;0;0;1;0;0;-3,760665683000000;-38,526252878000000
328675;26;2;2018;07:22;0;RUA ISAIE BORIS;;;0;;Colis?â?úo;Luz do Dia;;;Meio de Quadra;;;0;1;1;1;0;0;0;0;0;1;0;0;;
328676;26;2;2018;08:49;0;AV 13 DE MAIO;;;365;;Colis?â?úo;Luz do Dia;;;Meio de Quadra;;;0;1;1;1;0;1;0;0;0;0;0;0;-3,753239250000000;-38,524755250000000
328707;26;2;2018;16:57;17433;RUA PRO TEODORICO;RUA CESAR ROSSAS;;0;;Colis?â?úo;Luz do Dia;;;Cruz;Pare;Comercial;0;1;1;1;0;0;0;0;0;1;0;0;-3,768770000000000;-38,553473000000000
328708;26;2;2018;18:37;0;AV GODOFREDO PIMENTEL;;;434;;Colis?â?úo;;;;Meio de Quadra;;;0;1;1;0;0;0;0;0;0;1;0;0;-3,731215824000000;-38,589553500000000
328710;26;2;2018;19:08;0;AV BEZERRA DE MENEZES;;;0;;Colis?â?úo;;;;Meio de Quadra;;;0;1;1;1;0;0;0;0;0;1;0;0;;
328711;26;2;2018;19:29;0;AV ENG HUMBERTO MONTE;;;2677;;Queda;;;;Meio de Quadra;;;0;1;0;0;0;0;0;0;0;1;0;0;-3,739695200000000;-38,568032600000000
328712;26;2;2018;20:51;0;RUA CEARA;;;648;;Colis?â?úo;;;;Meio de Quadra;;;0;1;0;0;0;0;0;0;0;0;0;0;-3,760319182000000;-38,563634727000000
328713;26;2;2018;21:02;0;RUA MONTE LIBANO;;;800;;Queda;;;;Meio de Quadra;;;0;1;0;0;0;0;0;0;0;1;0;0;;
328714;26;2;2018;05:59;0;AV PRO JOSE ARTHUR CARVALHO;;;0;;Queda;Amanhecer;;;Meio de Quadra;;;0;1;0;0;0;0;0;0;0;1;0;0;;
328705;26;2;2018;15:36;5284;RUA PRC ISABEL;RUA PEDRO I;;0;;Colis?â?úo;Luz do Dia;;;Cruz;Pare;Comercial;0;1;1;1;0;0;0;0;0;1;0;0;-3,728809000000000;-38,536144000000000
328689;26;2;2018;14:51;0;AV JOR THOMAZ COELHO;;;3078;;Colis?â?úo;Luz do Dia;;;Meio de Quadra;;;0;1;1;1;0;0;0;0;0;1;0;0;-3,829006025000000;-38,523246068000000
328690;26;2;2018;15:29;0;RUA PDE JOAO PIAMARTA;;;476;;Colis?â?úo;Luz do Dia;;;Meio de Quadra;;;0;1;0;0;0;0;0;0;0;0;0;0;-3,759224032000000;-38,542055516000000
328683;26;2;2018;12:24;17358;RUA TEODORICO BARROSO;RUA CONEGUNDES RODRIGUES;;0;;Colis?â?úo;Luz do Dia;;;Cruz;Pare;Rural;0;1;0;0;0;0;0;0;0;0;0;0;-3,765996000000000;-38,543772000000000
328684;26;2;2018;13:29;0;AV GAL OSORIO DE PAIVA;;;5057;;Colis?â?úo;Luz do Dia;;;Meio de Quadra;;;0;1;0;0;0;0;0;0;0;0;0;0;-3,802615308000000;-38,600013923000000
328680;26;2;2018;09:14;0;RUA MARIA JULIA;;;1446;;Colis?â?úo;Luz do Dia;;;Meio de Quadra;;;0;1;1;0;0;0;0;0;0;1;0;0;-3,797047000000000;-38,601155000000000
328681;26;2;2018;10:12;0;RUA EQUADOR;;;858;;Colis?â?úo;Luz do Dia;;;Meio de Quadra;;;0;1;1;0;0;0;0;0;0;1;0;0;-3,775018200000000;-38,552711800000000
328686;26;2;2018;14:20;0;RUA MARIO MAMEDE;;;555;;Colis?â?úo;Luz do Dia;;;Meio de Quadra;;;0;1;1;0;0;0;0;0;0;1;0;0;-3,754388000000000;-38,525444000000000
328739;27;2;2018;06:50;0;AV WASHINGTON SOARES;;;7263;;Colis?â?úo;Luz do Dia;;;Meio de Quadra;;;0;1;1;1;0;0;0;0;0;1;0;0;-3,819771000000000;-38,481891000000000
328740;27;2;2018;07:20;15409;RUA FARIAS LEMOS;RUA HOMEM DE MELO;;0;;Colis?â?úo;Luz do Dia;;;Cruz;Pare;Comercial;0;1;1;1;0;0;0;0;0;1;0;0;-3,815172000000000;-38,493445000000000
328754;27;2;2018;13:29;0;AV JOSE BASTOS;;;3132;;Colis?â?úo;Luz do Dia;;;Meio de Quadra;;;0;1;1;1;0;0;0;0;0;1;0;0;-3,747615500000000;-38,548073500000000
328751;27;2;2018;12:27;0;AV GOV RAUL BARBOSA;;;7220;;Colis?â?úo;Luz do Dia;;;Meio de Quadra;;;0;1;1;1;0;0;0;0;0;1;0;0;-3,775451000000000;-38,513020000000000
328752;27;2;2018;13:16;7211;AV DR THEBERGE;AV PRS CASTELO BRANCO;;0;;Colis?â?úo;Luz do Dia;;;Cruz;Sem?â?íforo;Comercial;0;1;0;0;0;0;0;0;0;0;0;0;-3,710079000000000;-38,563456000000000
328744;27;2;2018;07:32;0;AV GODOFREDO MACIEL;;;5469;;Colis?â?úo;Luz do Dia;;;Meio de Quadra;;;0;1;1;1;0;1;0;0;0;0;0;0;-3,822582000000000;-38,578220000000000
328742;27;2;2018;07:26;0;AV PERIMETRAL;;;0;;Colis?â?úo;Luz do Dia;;;Meio de Quadra;;;0;1;1;0;0;0;1;0;0;1;0;0;;
328747;27;2;2018;09:26;0;RUA CHILE;;;648;;Colis?â?úo;Luz do Dia;;;Meio de Quadra;;;0;1;1;0;0;0;0;0;0;1;0;0;-3,748057724000000;-38,567340552000000
328748;27;2;2018;10:34;0;RUA PRO GOMES BRASIL;;;0;;Atropelamento de Animal;Luz do Dia;;;Meio de Quadra;;;0;1;0;0;0;0;0;0;0;1;0;0;;
328766;27;2;2018;20:04;0;RUA ANTONIO POMPEU;;;424;;Queda;;;;Meio de Quadra;;;0;1;0;0;0;0;0;0;0;1;0;0;-3,735750050000000;-38,527587950000000