COD_ACIDENTE;DIA;MES;ANO;HORA;INTERSECAO;LOG1;LOG2;LOG3;NUMERO;REFERENCIA;NATUREZA;ILUMINACAO;TEMPO;SUPERFICIEPISTA;TIPOCRUZAMENTO;CONTROLETRAFEGO;USOSOLO;MORTOS;FERIDOS;ILESOS;AUTOMOVEL;ONIBUS;BICICLETA;CAMINHAO;MICROONIBUS;CICLOMOTOR;MOTOCICLETA;TRACAOANIMAL;TREM;LATITUDE;LONGITUDE
328760;27;2;2018;16:54;0;RUA PRO HERIBALDO COSTA;;;0;;Colis?â?úo;Luz do Dia;;;Meio de Quadra;;;0;1;1;1;0;0;0;0;0;1;0;0;;
328761;27;2;2018;17:31;3767;AV DOMINGOS OLIMPIO;AV IMPERADOR;;0;;Colis?â?úo;Anoitecer;;;Cruz;Sem?â?íforo;Comercial;0;1;1;1;0;0;0;0;0;0;0;0;-3,734790000000000;-38,536697000000000
328762;27;2;2018;17:50;0;AV MR HULL;;;4236;;Colis?â?úo;Anoitecer;;;Meio de Quadra;;;0;1;1;1;0;0;0;0;0;1;0;0;-3,738311500000000;-38,582347000000000
328771;27;2;2018;21:06;0;AV DEP PAULINO ROCHA;;;0;;Queda;;;;Meio de Quadra;;;0;1;0;0;0;0;0;0;0;1;0;0;;
328772;27;2;2018;22:08;0;AV GAL OSORIO DE PAIVA;;;0;;Atropelamento;;;;Meio de Quadra;;;0;1;1;0;0;0;0;0;0;1;0;0;;
328773;27;2;2018;22:12;25012;RUA ALBERTO DE OLIVEIRA;RUA TEODOMIRO DE CASTRO;;0;;Queda;;;;Duplo T;Pare;Rural;0;1;0;0;0;1;0;0;0;0;0;0;-3,716185000000000;-38,578584000000000
328757;27;2;2018;15:34;12757;RUA DAMASCENO GIRAO;AV BORGES DE MELO;;0;;Colis?â?úo;Luz do Dia;;;;;;0;1;1;1;0;0;0;0;0;1;0;0;;
328758;27;2;2018;16:24;0;AV SGT HERMINIO SAMPAIO;;;1607;;Colis?â?úo;Luz do Dia;;;Meio de Quadra;;;0;1;1;1;0;0;0;0;0;1;0;0;-3,725382000000000;-38,555149000000000
326779;27;2;2018;16:45;0;AV ROGACIANO LEITE;;;2526;;Colis?â?úo Lateral;Luz do Dia;;;Meio de Quadra;;;0;1;1;1;0;0;0;0;0;1;0;0;-3,779465182000000;-38,501378182000000
326780;27;2;2018;14:30;1323;AV DES MOREIRA;RUA MARIA TOMASIA;;0;;Colis?â?úo Lateral;Luz do Dia;;;Cruz;Pare;Comercial;0;1;2;1;1;0;0;0;0;1;0;0;-3,735221000000000;-38,498026000000000
326782;27;2;2018;11:00;1580;RUA PDE VALDEVINO;RUA NUNES VALENTE;;0;;Colis?â?úo Transversal;Luz do Dia;;;Cruz;Pare;Residencial;0;1;1;1;0;0;0;0;0;1;0;0;-3,742608000000000;-38,505782000000000
327310;27;2;2018;20:45;0;AV PRS JUSCELINO KUBITSCHEK (PASSAR?âÔÇ?);;;0;;Colis?â?úo;;;;Meio de Quadra;;;0;1;1;0;0;0;0;0;0;1;0;0;;
327307;27;2;2018;10:45;0;AV OLIVEIRA PAIVA;;;641;;Colis?â?úo;Luz do Dia;;;Meio de Quadra;;;0;1;1;1;0;0;0;0;0;1;0;0;-3,797454500000000;-38,500587000000000
327308;27;2;2018;13:00;19436;RUA SEIXAS CORREIA;AV AUGUSTO DOS ANJOS;;0;;Colis?â?úo;Luz do Dia;;;Cruz;Sem?â?íforo;Comercial;0;0;2;1;0;0;0;0;0;0;0;0;-3,779412000000000;-38,578496000000000
327467;27;2;2018;14:40;0;RD BR 116;;;1000;KM-01;Colis?â?úo Transversal;Luz do Dia;;;Meio de Quadra;;;0;1;1;1;0;0;0;0;0;1;0;0;-3,762554000000000;-38,518702000000000
321830;27;2;2018;07:30;3883;AV DOS EXPEDICIONARIOS;RUA COSTA SOUZA;;1;;Colis?â?úo Transversal;Luz do Dia;Bom;Seca;Cruz;Pare;Residencial;0;0;2;1;1;0;0;0;0;0;0;0;-3,747745000000000;-38,535932000000000
321831;27;2;2018;09:05;15347;AV DOM LUIS;RUA TIBURCIO CAVALCANTE;;1;;Colis?â?úo Lateral;Luz do Dia;Bom;Seca;T;Sem?â?íforo;Comercial;0;0;2;1;1;0;0;0;0;0;0;0;-3,732021000000000;-38,501313000000000
321832;27;2;2018;15:46;1716;AV GOV RAUL BARBOSA;AV GAL MURILO BORGES;;0;;N?â?úo Informado;Luz do Dia;Bom;Seca;Rotat?â??ria;D?â?¬ Prefer?â?¬ncia;Residencial;0;1;1;1;0;0;0;0;0;0;0;0;-3,763977000000000;-38,508802000000000
321833;27;2;2018;18:53;0;AV LUCIANO CARNEIRO;;;0;;Colis?â?úo Traseira;Anoitecer;Bom;Seca;;;;0;1;1;1;0;0;0;0;1;0;0;0;-3,752607800000000;-38,532890000000000
321834;27;2;2018;18:49;1516;AV PDE ANTONIO TOMAS;AV DES MOREIRA;;0;;Colis?â?úo Traseira;Luz do Dia;Bom;Seca;Cruz;Sem?â?íforo;Comercial;0;0;2;1;0;0;0;0;0;0;0;0;-3,740161000000000;-38,499616000000000
321835;27;2;2018;19:15;0;AV DR THEBERGE;;;2450;;Colis?â?úo Lateral;Mal Iluminada;Bom;Seca;Meio de Quadra;;;0;1;1;1;0;0;0;0;0;1;0;0;-3,723268000000000;-38,567775000000000
321836;27;2;2018;22:22;0;AV PRS CASTELO BRANCO;;;0;;Atropelamento;Via Iluminada;Bom;Seca;Meio de Quadra;N?â?úo H?â?í Controle;Comercial;0;1;1;0;0;0;0;0;0;1;0;0;-3,719030000000000;-38,533173000000000
321837;28;2;2018;07:46;15343;RUA NUNES VALENTE;RUA PEREIRA FILGUEIRAS;;0;;Colis?â?úo Transversal;Luz do Dia;Bom;Seca;Cruz;Sem?â?íforo;Residencial;0;0;2;1;0;0;0;0;0;0;0;0;-3,731786000000000;-38,502310000000000
321838;28;2;2018;07:05;1333;RUA BARBOSA DE FREITAS;RUA MARIA TOMASIA;;0;;Colis?â?úo Transversal;Luz do Dia;Bom;Seca;Cruz;Pare;Comercial;0;0;1;1;0;0;0;0;0;0;0;0;-3,735546000000000;-38,497042000000000
321839;28;2;2018;08:00;15821;AV JOR THOMAZ COELHO;RUA ANGELICA GURGEL;;0;;Colis?â?úo Lateral;Luz do Dia;Bom;Seca;T;Pare;Comercial;0;0;2;1;0;0;0;0;0;0;0;0;-3,832400000000000;-38,499058000000000
321840;28;2;2018;09:50;0;AV SGT HERMINIO SAMPAIO;;;4145;;Colis?â?úo Transversal;Luz do Dia;Bom;Seca;Meio de Quadra;N?â?úo H?â?í Controle;Comercial;0;1;1;1;0;0;0;0;0;1;0;0;-3,730604200000000;-38,577045000000000
321842;28;2;2018;15:19;24135;RUA ARGEMIRO CARVALHO;AV ENG SANTANA JUNIOR;;0;;Colis?â?úo Frontal;Luz do Dia;Bom;Seca;Cruz;N?â?úo H?â?í Controle;Residencial;0;0;1;1;0;0;0;0;0;0;0;0;-3,730162000000000;-38,478631000000000
321843;28;2;2018;16:00;8954;AV DOMINGOS OLIMPIO;RUA DOM JERONIMO D06;;0;;Colis?â?úo Transversal;Luz do Dia;Bom;Seca;Cruz;Pare;Comercial;0;1;4;1;0;0;0;0;0;0;0;0;-3,733201000000000;-38,543457000000000
321844;28;2;2018;18:00;25000;AV DOM MANUEL;RUA COSTA BARROS;;0;;Colis?â?úo Transversal;Via Iluminada;Bom;Seca;Cruz;Sem?â?íforo;Comercial;0;0;2;1;1;0;0;0;0;0;0;0;-3,727381000000000;-38,520793000000000
321845;28;2;2018;19:15;0;AV JOAO PESSOA;;;7164;;Queda;Via Iluminada;Bom;Seca;Meio de Quadra;N?â?úo H?â?í Controle;Comercial;0;2;0;0;0;0;0;0;0;1;0;0;-3,772312000000000;-38,561924000000000
321846;28;2;2018;20:00;0;RUA FRANCISCO DIAS RIBEIRO;;;0;;Colis?â?úo Lateral;Via Iluminada;Bom;Seca;Cruz;Pare;Comercial;0;0;2;1;0;0;0;0;0;0;0;0;-3,723990700000000;-38,504380000000000
321847;28;2;2018;18:21;0;RUA CHASTINET GUIMARAES;;;2008;;Colis?â?úo Lateral;Via Iluminada;Bom;Molhada;Meio de Quadra;Pare;Comercial;0;0;1;1;0;0;0;0;0;1;0;0;-3,723059400000000;-38,565857000000000
321848;28;2;2018;21:29;6235;AV C CJ CEARA;RUA 531 CJ CEARA;;0;;Colis?â?úo Transversal;Via Iluminada;Bom;Seca;T;Pare;Residencial;0;1;1;1;0;0;0;0;0;1;0;0;-3,768267000000000;-38,612676000000000
321849;28;2;2018;21:07;15269;AV RUI BARBOSA;RUA TEN BENEVOLO;;0;;Colis?â?úo Lateral;Via Iluminada;Bom;Seca;Cruz;Sem?â?íforo;Residencial;0;0;1;1;0;0;0;0;0;0;0;0;-3,728685000000000;-38,507048000000000
321862;28;2;2018;09:47;0;AV PRS COSTA E SILVA;;;3621;;Colis?â?úo Traseira;Luz do Dia;Bom;Seca;Outros;N?â?úo H?â?í Controle;Comercial;0;0;2;0;0;0;0;0;0;1;0;0;-3,829640400000000;-38,527554000000000
321917;28;2;2018;20:07;0;AV MAJ ASSIS;;;1429;;Colis?â?úo Lateral;Via Iluminada;Chuva;Molhada;Meio de Quadra;N?â?úo H?â?í Controle;Residencial;0;0;2;1;0;0;0;0;0;0;0;0;-3,722811000000000;-38,592106000000000
327312;28;2;2018;23:50;0;AV ALANIS MARIA LAURINDO DE OLIVEIRA;;;0;;Colis?â?úo;;;;Meio de Quadra;;;0;0;2;1;0;0;0;0;0;1;0;0;;
327763;28;2;2018;07:20;0;RD CE-040;;;0;KM-03;Colis?â?úo;Luz do Dia;Bom;Seca;Meio de Quadra;;;0;1;1;1;0;0;0;0;0;1;0;0;-3,782614325000000;-38,481083900000000
327764;28;2;2018;07:40;0;AV MIN JOSE AMERICO;;;0;;Colis?â?úo;Luz do Dia;Bom;Seca;Meio de Quadra;;;0;0;2;1;0;0;0;0;0;1;0;0;;
327766;28;2;2018;;0;RD CE-025;;;0;KM-03;Colis?â?úo;;Bom;Seca;Meio de Quadra;;;0;0;2;1;0;0;0;0;0;0;0;0;-3,805889179000000;-38,452246560000000
338880;28;2;2018;10:01;12837;AV DOMINGOS OLIMPIO;RUA JAIME BENEVOLO;;0;;Colis?â?úo;Luz do Dia;;;Cruz;Sem?â?íforo;Comercial;0;1;1;0;0;0;0;0;0;1;0;0;-3,737780000000000;-38,527245000000000
315211;28;2;2018;08:00;0;RUA PEDRO MUNIZ;;;0;;Atropelamento;Luz do Dia;;;Meio de Quadra;;;1;0;1;0;0;0;0;0;0;1;0;0;;
326767;28;2;2018;07:30;0;RUA CEL MATOS DOURADO;;;180;VIADUTO ANT.BEZERRA;Colis?â?úo Transversal;Luz do Dia;;;Meio de Quadra;;;0;1;1;1;0;0;0;0;0;1;0;0;-3,740125300000000;-38,585275800000000
326765;28;2;2018;11:40;15875;RUA GUARUJA;RUA ANGELICA GURGEL;;0;;Colis?â?úo Lateral;Luz do Dia;;;Cruz;Pare;Comercial;0;0;2;1;1;0;0;0;0;0;0;0;-3,834789000000000;-38,499064000000000
328785;28;2;2018;11:06;0;RUA VITORIA;;;649;;Queda;Luz do Dia;;;Meio de Quadra;;;0;1;0;0;0;0;0;0;0;1;0;0;-3,765201600000000;-38,588408800000000
328786;28;2;2018;11:22;0;AV PERIMETRAL;;;648;;Queda;Luz do Dia;;;Meio de Quadra;;;0;1;0;0;0;0;0;0;0;1;0;0;;
328787;28;2;2018;12:39;0;RUA ARMANDO MONTEIRO;;;247;;Colis?â?úo;Luz do Dia;;;Meio de Quadra;;;0;1;1;1;0;0;0;0;0;1;0;0;-3,762759950000000;-38,538608700000000
328788;28;2;2018;13:10;0;RUA EUCLIDES O DE SOUSA;;;1295;;Colis?â?úo;Luz do Dia;;;Meio de Quadra;;;0;1;0;0;0;0;0;0;0;0;0;0;-3,797291000000000;-38,468741000000000
328774;28;2;2018;06:54;0;AV AUGUSTO DOS ANJOS;;;1480;;Queda;Luz do Dia;;;Meio de Quadra;;;0;1;0;0;0;0;0;0;0;1;0;0;-3,779598000000000;-38,578658000000000
328775;28;2;2018;06:59;0;AV ALBERTO CRAVEIRO;;;0;;Colis?â?úo;Luz do Dia;;;Meio de Quadra;;;0;1;1;1;0;0;0;0;0;1;0;0;;
328776;28;2;2018;07:17;0;AV ENG HUMBERTO MONTE;;;1424;;Queda;Luz do Dia;;;Meio de Quadra;;;0;1;0;0;0;1;0;0;0;0;0;0;-3,747604588000000;-38,561719471000000
328777;28;2;2018;07:37;0;RUA PRO SOLON FARIAS;;;3400;;Colis?â?úo;Luz do Dia;;;Meio de Quadra;;;0;1;1;1;0;0;0;0;0;1;0;0;-3,795430000000000;-38,476550000000000
328778;28;2;2018;09:02;0;AV PERIMETRAL;;;3621;;Colis?â?úo;Luz do Dia;;;Meio de Quadra;;;0;1;1;1;0;0;0;0;0;1;0;0;;
328779;28;2;2018;09:50;0;AV PERIMETRAL;;;0;;Colis?â?úo;Luz do Dia;;;Meio de Quadra;;;0;1;1;1;0;0;0;0;0;1;0;0;;
328828;28;2;2018;20:33;0;AV ALANIS MARIA LAURINDO DE OLIVEIRA;;;1297;;Colis?â?úo;;;;Meio de Quadra;;;0;1;0;0;0;0;0;0;0;0;0;0;;
328830;28;2;2018;20:41;6235;RUA 531 CJ CEARA;AV C CJ CEARA;;0;;Colis?â?úo;;;;T;N?â?úo H?â?í Controle;Escola;0;1;1;1;0;0;0;0;0;1;0;0;-3,768267000000000;-38,612676000000000
328831;28;2;2018;22:09;0;AV ALBERTO CRAVEIRO;;;0;;Colis?â?úo;;;;Meio de Quadra;;;0;1;0;0;0;0;0;0;0;0;0;0;;
328822;28;2;2018;18:50;0;AV OLAVO BILAC;;;0;;Colis?â?úo;;;;Meio de Quadra;;;0;1;0;0;0;0;0;0;0;0;0;0;;
328823;28;2;2018;19:02;0;RUA STA CLARA DE ASSIS;;;125;;Colis?â?úo;;;;Meio de Quadra;;;0;1;1;1;0;0;0;0;0;1;0;0;-3,747746936000000;-38,570735914000000
328824;28;2;2018;19:04;19539;AV DR SILAS MUNGUBA;RUA EQUADOR;;0;;Colis?â?úo;;;;Cruz;Sem?â?íforo;Comercial;0;1;1;1;0;0;0;0;0;1;0;0;-3,782377000000000;-38,555434000000000
328825;28;2;2018;19:11;0;AV PRS CASTELO BRANCO;;;0;;Queda;;;;Meio de Quadra;;;0;1;0;0;0;0;0;0;0;1;0;0;;
328826;28;2;2018;20:31;6359;RUA 137 CJ CEARA;AV B CJ CEARA;;0;;Colis?â?úo;;;;Cruz;Pare;Misto;0;1;1;1;0;0;0;0;0;1;0;0;-3,771441000000000;-38,610147000000000
328808;28;2;2018;14:25;0;RUA GASPAR LEMOS;;;417;;Colis?â?úo;Luz do Dia;;;Meio de Quadra;;;0;1;1;1;0;0;0;0;0;1;0;0;-3,752746700000000;-38,571195200000000
328810;28;2;2018;16:15;11724;RUA 12 DE JULHO;RUA JULIO BRAGA;;0;;Colis?â?úo;Luz do Dia;;;Cruz;Pare;Comercial;0;1;1;1;0;0;0;0;0;1;0;0;-3,773246000000000;-38,584407000000000
328820;28;2;2018;18:45;0;AV CARNEIRO DE MENDONCA;;;1378;;Colis?â?úo;;;;Meio de Quadra;;;0;1;1;0;0;0;0;0;0;1;0;0;-3,761733500000000;-38,571193000000000
328818;28;2;2018;18:25;10739;AV SEN FERNANDES TAVORA;RUA PRO MIRAMAR DA PONTE;;0;;Colis?â?úo;Anoitecer;;;T;Pare;Comercial;0;1;0;0;0;0;0;0;0;0;0;0;-3,760591000000000;-38,585156000000000
328815;28;2;2018;17:13;15973;AV GODOFREDO MACIEL;RUA GAL ONOFRE;;0;;Colis?â?úo;Anoitecer;;;T;Pare;Comercial;0;1;1;1;0;0;0;0;0;1;0;0;-3,807218000000000;-38,573268000000000
328816;28;2;2018;17:33;0;AV WASHINGTON SOARES;;;0;;Colis?â?úo;Anoitecer;;;Meio de Quadra;;;0;1;1;1;0;0;0;0;0;1;0;0;;
328552;1;3;2018;21:05;26253;RUA VIA LACTEA;RUA URANO;;0;;Colis?â?úo;;;;T;N?â?úo H?â?í Controle;Residencial;0;1;0;1;0;0;0;0;0;1;0;0;;
328543;1;3;2018;17:13;0;RUA ALBERTO MAGNO;;;665;;Atropelamento;Anoitecer;;;Meio de Quadra;;;0;1;0;1;0;0;0;0;0;0;0;0;-3,761230000000000;-38,546795000000000
328544;1;3;2018;17:38;0;RUA MANAUS;;;870;;Queda;Anoitecer;;;Meio de Quadra;;;0;1;0;0;0;0;0;0;0;1;0;0;-3,755130000000000;-38,592050000000000
328545;1;3;2018;17:57;0;AV PRUDENTE BRASIL;;;842;;Queda;Anoitecer;;;Meio de Quadra;;;0;1;0;0;0;0;0;0;0;1;0;0;-3,809934756000000;-38,534522332000000
328546;1;3;2018;18:22;0;ET DO JATOBA;;;0;;Queda;Anoitecer;;;Meio de Quadra;;;0;1;0;0;0;0;0;0;0;1;0;0;;
328547;1;3;2018;18:34;0;RUA PRO TEODORICO;;;1068;;Queda;;;;Meio de Quadra;;;0;2;0;0;0;0;0;0;0;1;0;0;-3,769862963000000;-38,550417415000000
328548;1;3;2018;19:07;0;RUA JOSE HIPOLITO;;;1129;;Colis?â?úo;;;;Meio de Quadra;;;0;2;0;0;0;0;0;0;0;0;0;0;-3,835739000000000;-38,486088000000000
328534;1;3;2018;16:59;0;RUA DEMETRIO MENEZES;;;3750;;Atropelamento;Luz do Dia;;;Meio de Quadra;;;0;2;0;0;0;0;0;0;0;1;0;0;-3,736494000000000;-38,584038500000000
328550;1;3;2018;20:32;0;AV PERIMETRAL;;;0;;Queda;;;;Meio de Quadra;;;0;1;0;0;0;0;0;0;0;1;0;0;;
328511;1;3;2018;07:54;0;AV WASHINGTON SOARES;;;6553;;Colis?â?úo;Luz do Dia;;;Meio de Quadra;;;0;1;0;1;0;0;0;0;0;1;0;0;-3,815882661000000;-38,482123644000000
328516;1;3;2018;07:58;0;AV PERIMETRAL;;;5581;;Colis?â?úo;Luz do Dia;;;Meio de Quadra;;;0;1;0;1;0;0;0;0;0;1;0;0;;
328523;1;3;2018;10:03;0;RUA WALDIR DIOGO;;;661;;Colis?â?úo;Luz do Dia;;;Meio de Quadra;;;0;1;0;1;0;0;0;0;0;1;0;0;-3,805338334000000;-38,583865000000000
328524;1;3;2018;11:04;0;RUA PRO VIRGILIO DE MORAIS;;;2833;;Colis?â?úo;Luz do Dia;;;Meio de Quadra;;;0;1;0;0;0;0;0;0;0;1;0;0;-3,754066000000000;-38,596800000000000
328525;1;3;2018;11:45;0;RUA SILVA PAULET;;;2088;;Colis?â?úo;Luz do Dia;;;Meio de Quadra;;;0;1;0;1;0;0;0;0;0;1;0;0;-3,745518300000000;-38,509139700000000
328526;1;3;2018;12:31;0;AV J CJ JOSE WALTER;;;1431;;Outros;Luz do Dia;;;Meio de Quadra;;;0;1;0;0;0;0;0;0;0;0;0;0;-3,837688000000000;-38,557675000000000
328527;1;3;2018;13:50;0;AV PRS CASTELO BRANCO;;;0;;Colis?â?úo;Luz do Dia;;;Meio de Quadra;;;0;1;0;0;0;0;0;0;0;0;0;0;;
328528;1;3;2018;14:04;0;AV GODOFREDO MACIEL;;;0;;Queda;Luz do Dia;;;Meio de Quadra;;;0;1;0;0;0;0;0;0;0;1;0;0;;
328529;1;3;2018;14:40;0;AV DA UNIVERSIDADE;;;2118;;Colis?â?úo;Luz do Dia;;;Meio de Quadra;;;0;1;0;1;0;0;0;0;0;1;0;0;-3,736463000000000;-38,535010000000000
328530;1;3;2018;14:48;0;AV WASHINGTON SOARES;;;55;;Queda;Luz do Dia;;;Meio de Quadra;;;0;1;0;0;0;0;0;0;0;1;0;0;-3,757273000000000;-38,489877900000000
328532;1;3;2018;16:42;0;AV MAJ ASSIS;;;1086;;Atropelamento;Luz do Dia;;;Meio de Quadra;;;0;1;0;0;0;0;0;0;0;1;0;0;-3,723465100000000;-38,588969800000000
328505;1;3;2018;07:44;0;AV FRANCISCO SA;;;3667;;Queda;Luz do Dia;;;Meio de Quadra;;;0;1;0;0;0;0;0;0;0;1;0;0;-3,717106000000000;-38,558237000000000
328502;1;3;2018;07:36;0;AV ENG HUMBERTO MONTE;;;1927;;Colis?â?úo;Luz do Dia;;;Meio de Quadra;;;0;1;0;1;0;0;0;0;0;1;0;0;-3,744244826000000;-38,564491174000000
328497;1;3;2018;07:32;0;AV MAE LISBOA;;;3291;;Colis?â?úo;Luz do Dia;;;Meio de Quadra;;;0;1;0;1;0;0;0;0;0;1;0;0;-3,805628764000000;-38,450276218000000
328484;1;3;2018;07:25;0;RUA PDE PEDRO DE ALENCAR;;;1620;;Colis?â?úo;Luz do Dia;;;Meio de Quadra;;;0;1;0;1;0;0;0;0;0;1;0;0;-3,842251000000000;-38,494322000000000
328481;1;3;2018;06:27;0;AV DOMINGOS OLIMPIO;;;746;;Queda;Luz do Dia;;;Meio de Quadra;;;0;1;0;0;0;0;0;0;0;1;0;0;-3,737409000000000;-38,528650000000000
328493;1;3;2018;07:25;0;AV CASTELO DE CASTRO;;;481;;Queda;Luz do Dia;;;Meio de Quadra;;;0;1;0;0;0;0;0;0;0;1;0;0;-3,833550750000000;-38,521576750000000
328478;1;3;2018;05:48;0;RUA CARLINDO CRUZ;;;0;;Colis?â?úo;Amanhecer;;;Meio de Quadra;;;0;1;0;1;0;0;0;0;0;0;0;1;;
328479;1;3;2018;06:24;0;AV TRISTAO GONCALVES;;;1390;;Queda;Luz do Dia;;;Meio de Quadra;;;0;1;0;0;0;0;0;0;0;1;0;0;-3,733706638000000;-38,535183234000000
340014;1;3;2018;11:50;0;RD BR 116;;;0;;Atropelamento;Luz do Dia;;;Meio de Quadra;;;0;2;0;0;0;0;0;0;0;1;0;0;;
326784;1;3;2018;21:15;0;RUA BENTO ALBUQUERQUE;;;0;;Colis?â?úo Transversal;Mal Iluminada;Bom;Seca;;;;0;1;1;1;0;0;0;0;0;1;0;0;;
326791;1;3;2018;16:00;0;AV DEP PAULINO ROCHA;;;0;;Colis?â?úo Lateral;Luz do Dia;Bom;Seca;Meio de Quadra;Sem?â?íforo Manual;Comercial;0;0;1;0;0;0;0;0;0;0;0;0;;
315332;1;3;2018;07:30;0;RUA SAO RAIMUNDO D49;;;234;;Queda;Luz do Dia;;;Meio de Quadra;;;1;0;0;0;0;1;0;0;0;0;0;0;-3,709114000000000;-38,553400000000000
327078;1;3;2018;18:10;0;RUA METON DE ALENCAR;;;1665;;Colis?â?úo;Anoitecer;;;Meio de Quadra;;;0;1;1;0;1;0;0;0;0;1;0;0;-3,731122394000000;-38,538450333000000
327050;1;3;2018;09:20;0;RD CE-060;;;0;;Colis?â?úo;Luz do Dia;;;Meio de Quadra;;;0;0;2;0;0;0;0;0;0;1;0;0;;
327048;1;3;2018;14:13;0;AV WASHINGTON SOARES;;;8600;;Choque c/ Obst?â?ículo Fixo;Luz do Dia;;;Meio de Quadra;;;0;2;0;1;0;0;0;0;0;0;0;0;-3,826313500000000;-38,481766000000000
321945;1;3;2018;15:06;25279;RUA DES WALDEMAR ALVES PEREIRA;AV ROGACIANO LEITE;;0;;Colis?â?úo Lateral;Luz do Dia;Nublado;Molhada;Cruz;N?â?úo H?â?í Controle;Comercial;0;2;1;1;0;0;0;0;0;1;0;0;-3,770574300000000;-38,498013000000000
321863;1;3;2018;12:30;22097;AV JOSE BASTOS;RUA JOAO SORONGO;;0;;Colis?â?úo Traseira;Luz do Dia;Nublado;Seca;Cruz;Pare;Comercial;0;0;2;1;0;0;0;0;0;0;0;0;-3,747244000000000;-38,547696000000000
321864;1;3;2018;16:40;0;BC CON CASTRO (VL. PERY);;;4665;;Colis?â?úo Transversal;Luz do Dia;Nublado;Seca;Meio de Quadra;N?â?úo H?â?í Controle;Comercial;0;0;2;1;0;0;0;0;0;1;0;0;-3,806213900000000;-38,593070000000000
321865;1;3;2018;22:31;0;AV BEIRA MAR;;;976;;Choque c/ Obst?â?ículo Fixo;Via Iluminada;Nublado;Molhada;Meio de Quadra;N?â?úo H?â?í Controle;Comercial;0;0;1;1;0;0;0;0;0;0;0;0;-3,720378600000000;-38,511116000000000
321866;1;3;2018;07:59;23710;AV GAL OSORIO DE PAIVA;RUA DOM HENRIQUE;;0;;Colis?â?úo Transversal;Luz do Dia;Chuva;Molhada;Cruz;Pare;Comercial;0;1;1;1;0;0;0;0;0;1;0;0;-3,786100000000000;-38,583025000000000
321850;1;3;2018;01:27;10993;RUA BAR CANINDE;RUA 15 DE NOVEMBRO;;0;;Colis?â?úo Lateral;Via Iluminada;Bom;Seca;Cruz;Sem?â?íforo;Comercial;0;1;1;1;0;0;0;0;0;0;0;0;-3,768608000000000;-38,556768000000000
321851;1;3;2018;07:20;25125;RUA ROCHA LIMA;RUA DNA LEOPOLDINA;;0;;Colis?â?úo Transversal;Luz do Dia;Chuva;Molhada;Cruz;Pare;Residencial;0;1;1;0;0;0;0;0;0;1;0;0;-3,736665000000000;-38,521427000000000
321852;1;3;2018;09:15;0;AV OLIVEIRA PAIVA;;;2991;;Colis?â?úo Lateral;Luz do Dia;Nublado;Seca;Meio de Quadra;Pare;Comercial;0;0;2;1;0;0;0;0;0;0;0;0;-3,795837400000000;-38,497036000000000
321853;1;3;2018;08:15;23458;RUA PAULO FIRMEZA;RUA PRO CARVALHO;;0;;Colis?â?úo Transversal;Luz do Dia;Chuva;Molhada;Cruz;Pare;Residencial;0;1;1;1;0;0;0;0;0;0;0;0;-3,757232000000000;-38,514078000000000
321854;1;3;2018;10:35;5402;RUA METON DE ALENCAR;RUA VINTE E QUATRO DE MAIO;;0;;Colis?â?úo Lateral;Luz do Dia;Nublado;Seca;Cruz;Pare;Comercial;0;1;0;1;0;0;0;0;0;0;0;0;-3,732626000000000;-38,533848000000000
321855;1;3;2018;10:26;1538;AV PDE ANTONIO TOMAS;RUA LEONARDO MOTA;;0;;Colis?â?úo Transversal;Luz do Dia;Chuva;Molhada;Cruz;Sem?â?íforo;Residencial;0;1;1;0;0;0;0;0;0;1;0;0;-3,740811000000000;-38,497662000000000
321856;1;3;2018;10:38;15126;AV RUI BARBOSA;AV HIS RAIMUNDO GIRAO;;0;;Colis?â?úo Lateral;Luz do Dia;Nublado;Seca;Cruz;Sem?â?íforo;Lazer;0;1;1;1;0;0;0;0;0;1;0;0;-3,723546000000000;-38,505405000000000
321857;1;3;2018;11:53;0;RUA ODILIO FILHO;;;96;;Colis?â?úo Traseira;Luz do Dia;Chuva;Molhada;Meio de Quadra;N?â?úo H?â?í Controle;Residencial;0;0;2;1;0;0;0;0;0;0;0;0;-3,802190000000000;-38,535717000000000
321858;1;3;2018;14:08;22008;RUA PDE CICERO;RUA FRANCISCA CLOTILDE;;0;;Colis?â?úo Transversal;Luz do Dia;Chuva;Molhada;Cruz;Pare;Residencial;0;1;1;1;0;0;0;0;0;1;0;0;-3,739665000000000;-38,550121000000000
321859;1;3;2018;16:17;9156;AV LUCIANO CARNEIRO;RUA MIN JOAQUIM BASTOS D14;;0;;N?â?úo Informado;Luz do Dia;Nublado;Molhada;T;Sem?â?íforo;Escola;0;0;2;0;0;0;0;0;0;0;0;0;-3,750348000000000;-38,532220000000000
321860;1;3;2018;15:00;3774;RUA QUIXADA D06;AV DA UNIVERSIDADE;;0;;Colis?â?úo Transversal;Luz do Dia;Bom;Molhada;T;Pare;Comercial;0;0;1;1;0;0;0;0;0;1;0;0;-3,736463000000000;-38,535010000000000
322009;1;3;2018;07:25;22087;RUA CAP FRANCISCO PEDRO;RUA PRO COSTA MENDES;;1431;;Colis?â?úo Lateral;Luz do Dia;Nublado;Molhada;Cruz;Sem?â?íforo;Escola;0;0;2;1;0;0;0;0;0;0;0;0;-3,750337000000000;-38,551734000000000