COD_ACIDENTE;DIA;MES;ANO;HORA;INTERSECAO;LOG1;LOG2;LOG3;NUMERO;REFERENCIA;NATUREZA;ILUMINACAO;TEMPO;SUPERFICIEPISTA;TIPOCRUZAMENTO;CONTROLETRAFEGO;USOSOLO;MORTOS;FERIDOS;ILESOS;AUTOMOVEL;ONIBUS;BICICLETA;CAMINHAO;MICROONIBUS;CICLOMOTOR;MOTOCICLETA;TRACAOANIMAL;TREM;LATITUDE;LONGITUDE
321867;2;3;2018;07:50;5448;RUA BAR ARATANHA;RUA METON DE ALENCAR;;0;;Colis?â?úo Lateral;Luz do Dia;Nublado;Seca;Cruz;Pare;Comercial;0;1;1;0;0;0;0;0;0;1;0;0;-3,734847000000000;-38,527028000000000
321868;2;3;2018;08:50;0;AV ANTONIO SALES;;;774;;Colis?â?úo Lateral;Luz do Dia;Nublado;Seca;Meio de Quadra;N?â?úo H?â?í Controle;Comercial;0;0;2;1;0;0;0;1;0;0;0;0;-3,741712600000000;-38,514687000000000
321869;2;3;2018;10:30;17414;RUA 15 DE NOVEMBRO;RUA ZACARIAS GONDIM;;0;;Colis?â?úo Transversal;Luz do Dia;Bom;Seca;Cruz;Pare;Comercial;0;0;2;1;0;0;0;0;0;0;0;0;-3,768021000000000;-38,558445000000000
321870;2;3;2018;12:40;0;AV ANTONIO SALES;;;1997;;Colis?â?úo Lateral;Luz do Dia;Bom;Seca;Meio de Quadra;Pare;Residencial;0;0;1;1;0;0;0;0;0;1;0;0;-3,744379300000000;-38,506350000000000
321871;2;3;2018;13:56;0;AV DEP PAULINO ROCHA;;;46;;Colis?â?úo Lateral;Luz do Dia;Bom;Seca;Meio de Quadra;N?â?úo H?â?í Controle;Comercial;0;1;1;1;0;0;0;0;0;1;0;0;-3,801696500000000;-38,507780000000000
321872;2;3;2018;15:19;15244;RUA JOSE VILAR;RUA DEP MOREIRA DA ROCHA;;0;;Colis?â?úo Lateral;Luz do Dia;Bom;Seca;Cruz;Pare;Residencial;0;0;2;1;0;0;0;0;0;0;0;0;-3,727832000000000;-38,502113000000000
321873;2;3;2018;15:49;22157;RUA DELMIRO FARIAS;RUA MON FURTADO;;0;;Colis?â?úo Transversal;Luz do Dia;Bom;Seca;Cruz;Pare;Residencial;0;0;3;1;0;0;0;0;0;0;0;0;-3,747544000000000;-38,550550000000000
321874;2;3;2018;15:36;17616;RUA CEARA;RUA MATO GROSSO;;0;;Colis?â?úo Transversal;Luz do Dia;Bom;Seca;T;Pare;Residencial;0;1;1;1;0;0;0;0;0;1;0;0;-3,759183000000000;-38,565376000000000
321875;2;3;2018;19:17;19656;AV BEZERRA DE MENEZES;RUA PRO JOSE DE BARCELOS;;0;;Colis?â?úo Transversal;Via Iluminada;Bom;Seca;T;Gesto;Comercial;0;1;1;0;1;0;0;0;0;1;0;0;-3,732898000000000;-38,551066000000000
321876;2;3;2018;19:34;0;RUA TOMAS ACIOLI;;;673;;Colis?â?úo Traseira;Luz do Dia;Bom;Seca;Meio de Quadra;Pare;Comercial;0;0;3;1;0;0;0;0;0;0;0;0;-3,744159700000000;-38,511700000000000
321877;2;3;2018;19:30;839;AV GOV RAUL BARBOSA;RUA MAJ JOSE ARAUJO AGUIAR;;0;;Atropelamento;Via Iluminada;Bom;Seca;Cruz;Sem?â?íforo;Residencial;0;1;0;1;0;0;0;0;0;0;0;0;-3,775451000000000;-38,513020000000000
321878;2;3;2018;21:10;0;RUA JOSE PONTES;;;451;;Colis?â?úo Lateral;Mal Iluminada;Bom;Seca;Meio de Quadra;N?â?úo H?â?í Controle;Residencial;0;0;2;1;0;0;0;0;0;1;0;0;-3,723962300000000;-38,549953000000000
321879;2;3;2018;17:30;0;AV GODOFREDO MACIEL;;;2238;;Colis?â?úo Frontal;Anoitecer;Bom;Seca;Meio de Quadra;N?â?úo H?â?í Controle;Comercial;0;1;0;1;0;0;0;0;0;0;0;0;-3,795123800000000;-38,569530000000000
327054;2;3;2018;14:30;26227;AV GAL OSORIO DE PAIVA;RUA AGAMENON;;0;;Colis?â?úo;Luz do Dia;;;Cruz;Sem?â?íforo;Comercial;0;0;1;1;0;0;0;0;0;0;0;0;-3,790352000000000;-38,587998000000000
327034;2;3;2018;19:00;0;RUA PRO DIAS DA ROCHA;;;283;;Colis?â?úo Lateral;Via Iluminada;Bom;Seca;Meio de Quadra;Gesto;Residencial;0;1;1;1;0;0;0;0;0;0;0;0;-3,731526525000000;-38,490401075000000
327056;2;3;2018;19:28;19833;AV ENG HUMBERTO MONTE;AV JOVITA FEITOSA;;0;;Colis?â?úo;;;;Cruz;Sem?â?íforo;Comercial;0;0;2;1;0;0;0;0;0;1;0;0;-3,741963000000000;-38,566544000000000
327346;2;3;2018;15:40;0;RD BR 222;;;0;KM-02;Atropelamento;Luz do Dia;;;Meio de Quadra;;;0;2;0;0;0;0;0;0;0;1;0;0;-3,740362400000000;-38,596996100000000
328559;2;3;2018;04:50;0;AV JOSE BASTOS;;;0;;Queda;;;;Meio de Quadra;;;0;1;0;0;0;0;0;0;0;1;0;0;;
328564;2;3;2018;07:18;0;RUA PEDRO MELO;;;768;;Colis?â?úo;Luz do Dia;;;Meio de Quadra;;;0;1;0;1;0;0;0;0;0;1;0;0;-3,743950200000000;-38,591479600000000
328574;2;3;2018;08:03;0;AV PRS CASTELO BRANCO;;;5986;;Colis?â?úo;Luz do Dia;;;Meio de Quadra;;;0;2;0;1;0;0;0;0;0;1;0;0;-3,701800000000000;-38,584022000000000
328567;2;3;2018;07:47;0;AV DEP PAULINO ROCHA;;;1725;;Colis?â?úo;Luz do Dia;;;Meio de Quadra;;;0;2;0;0;0;0;0;0;0;1;0;0;-3,811692084000000;-38,512548954000000
328594;2;3;2018;16:36;0;AV GODOFREDO MACIEL;;;4374;;Colis?â?úo;Luz do Dia;;;Meio de Quadra;;;0;3;0;0;0;0;0;0;0;0;0;0;-3,813311500000000;-38,575179500000000
328595;2;3;2018;17:09;0;RUA JOR ANTONIO P TAVARES;;;1133;;Atropelamento;Anoitecer;;;Meio de Quadra;;;0;1;0;0;0;0;0;0;0;1;0;0;-3,814103627000000;-38,508005902000000
328596;2;3;2018;17:18;0;AV WASHINGTON SOARES;;;3831;;Queda;Anoitecer;;;Meio de Quadra;;;0;1;0;0;0;1;0;0;0;0;0;0;-3,790151170000000;-38,480426958000000
328597;2;3;2018;17:18;0;AV DR SILAS MUNGUBA;;;0;;Atropelamento;Anoitecer;;;Meio de Quadra;;;0;1;0;0;0;0;0;0;0;0;0;0;;
328590;2;3;2018;14:26;0;AV GAL OSORIO DE PAIVA;;;3349;;Colis?â?úo;Luz do Dia;;;Meio de Quadra;;;0;1;0;1;0;0;0;0;0;0;0;0;-3,790295447000000;-38,588054578000000
328591;2;3;2018;15:58;0;AV GAL MURILO BORGES;;;0;;Colis?â?úo;Luz do Dia;;;Meio de Quadra;;;0;1;0;0;0;0;0;0;0;0;0;0;;
328592;2;3;2018;16:18;0;RUA PRO COSTA MENDES;;;4553;;Colis?â?úo;Luz do Dia;;;Meio de Quadra;;;0;1;0;0;0;0;0;0;0;0;0;0;;
328576;2;3;2018;09:19;0;AV CARNEIRO DE MENDONCA;;;0;;Colis?â?úo;Luz do Dia;;;Meio de Quadra;;;0;1;0;1;0;0;0;0;0;1;0;0;;
328577;2;3;2018;09:30;0;AV ROGACIANO LEITE;;;0;;Colis?â?úo;Luz do Dia;;;Meio de Quadra;;;0;1;0;1;0;0;0;0;0;1;0;0;;
328578;2;3;2018;10:26;0;RUA JABORANDI;;;1940;;Queda;Luz do Dia;;;Meio de Quadra;;;0;1;0;0;0;0;0;0;0;1;0;0;-3,843120000000000;-38,519220000000000
328579;2;3;2018;11:06;0;RUA LUIZA MIRANDA COELHO;;;595;;Atropelamento;Luz do Dia;;;Meio de Quadra;;;0;1;0;1;0;0;0;0;0;0;0;0;-3,773756000000000;-38,491232000000000
328580;2;3;2018;11:16;0;RUA C CJ VILA VELHA;;;200;;Colis?â?úo;Luz do Dia;;;Meio de Quadra;;;0;1;0;1;0;0;0;0;0;1;0;0;-3,714205300000000;-38,601865900000000
328581;2;3;2018;11:37;0;RUA JOSE CARLOS GURGEL NOGUEIRA;;;125;;Colis?â?úo;Luz do Dia;;;Meio de Quadra;;;0;1;0;1;0;0;0;0;0;1;0;0;-3,732973000000000;-38,473860000000000
328582;2;3;2018;11:47;0;RUA MON FURTADO;;;1092;;Colis?â?úo;Luz do Dia;;;Meio de Quadra;;;0;2;0;1;0;0;0;0;0;0;0;0;-3,747826600000000;-38,550961500000000
328583;2;3;2018;12:57;0;RUA OSCAR FRANCA;;;3389;;Colis?â?úo;Luz do Dia;;;Meio de Quadra;;;0;1;0;1;0;0;0;0;0;1;0;0;-3,785040000000000;-38,621710000000000
328584;2;3;2018;13:30;0;AV SGT HERMINIO SAMPAIO;;;159;;Colis?â?úo;Luz do Dia;;;Meio de Quadra;;;0;2;0;0;0;0;0;0;0;1;0;0;-3,734750118000000;-38,591108235000000
328585;2;3;2018;13:38;0;RUA TEODOMIRO DE CASTRO;;;4207;;Queda;Luz do Dia;;;Meio de Quadra;;;0;1;0;0;0;0;0;0;0;1;0;0;-3,719221000000000;-38,571404000000000
328624;2;3;2018;20:36;0;RUA ANTONIO MARTINS;;;811;;Atropelamento;;;;Meio de Quadra;;;0;2;0;0;0;0;0;0;0;1;0;0;-3,750028000000000;-38,558114000000000
328625;2;3;2018;20:49;0;RUA PRO CARVALHO;;;2950;;Colis?â?úo;;;;Meio de Quadra;;;0;1;0;1;0;0;0;0;0;1;0;0;-3,749965750000000;-38,515482000000000
328622;2;3;2018;19:56;0;RUA CON DE CASTRO;;;896;;Colis?â?úo;;;;Meio de Quadra;;;0;2;0;0;0;0;0;0;0;1;0;0;-3,781122655000000;-38,569860945000000
328627;2;3;2018;20:58;0;AV DOLOR BARREIRA;;;0;;Colis?â?úo;;;;Meio de Quadra;;;0;1;0;1;0;0;0;0;0;1;0;0;;
328605;2;3;2018;18:06;0;RUA BOM JESUS (GRANJA LISBOA);;;342;;Queda;Anoitecer;;;Meio de Quadra;;;0;2;0;0;0;0;0;0;0;1;0;0;-3,795723000000000;-38,597298000000000
328606;2;3;2018;18:51;0;AV BENJAMIM BARROSO;;;196;;Atropelamento;;;;Meio de Quadra;;;0;1;0;1;0;0;0;0;0;0;0;0;;
328607;2;3;2018;19:10;5395;RUA TEREZA CRISTINA;RUA ANTONIO POMPEU;;0;;Colis?â?úo;;;;Cruz;Pare;Comercial;0;1;0;0;0;0;0;0;0;0;0;0;-3,732340000000000;-38,538356000000000
328639;3;3;2018;03:14;0;RUA JOSE B PARENTE D59;;;484;;Queda;;;;Meio de Quadra;;;0;1;0;0;0;0;0;0;0;1;0;0;-3,774770000000000;-38,486170000000000
328640;3;3;2018;04:27;0;RUA CARLOS AMORA;;;0;;Queda;;;;Meio de Quadra;;;0;1;0;0;0;0;0;0;0;1;0;0;;
328641;3;3;2018;04:30;0;RUA CAP HUGO BEZERRA;;;0;;Queda;;;;Meio de Quadra;;;0;1;0;0;0;0;0;0;0;1;0;0;;
328632;3;3;2018;02:35;0;AV UM (ARVOREDO);;;1066;;Queda;;;;Meio de Quadra;;;0;1;0;0;0;0;0;0;0;1;0;0;;
328679;3;3;2018;09:30;0;RUA PAULO ISIDORO (SAO BENTO);;;100;;Colis?â?úo;Luz do Dia;;;Meio de Quadra;;;0;1;0;1;0;0;0;0;0;1;0;0;;
328671;3;3;2018;08:45;0;AV JOSE BASTOS;;;0;;Colis?â?úo;Luz do Dia;;;Meio de Quadra;;;0;1;0;1;0;0;0;0;0;1;0;0;;
328667;3;3;2018;07:52;0;RUA DA COPAIBA;;;30;;Colis?â?úo;Luz do Dia;;;Meio de Quadra;;;0;1;0;1;0;0;0;0;0;0;0;0;-3,784581116000000;-38,511149423000000
328668;3;3;2018;07:57;0;RUA BAR AQUIRAZ;;;1350;;Colis?â?úo;Luz do Dia;;;Meio de Quadra;;;0;1;0;1;0;0;0;0;0;1;0;0;-3,839934050000000;-38,485909300000000
328669;3;3;2018;08:16;0;RUA JOSE IVO;;;391;;Colis?â?úo;Luz do Dia;;;Meio de Quadra;;;0;1;0;1;0;0;0;0;0;1;0;0;-3,835330000000000;-38,496010000000000
328665;3;3;2018;07:39;0;RUA ANTONIO NERY;;;710;;Colis?â?úo;Luz do Dia;;;Meio de Quadra;;;0;1;0;1;0;0;0;0;0;0;0;0;-3,778827000000000;-38,600388000000000
328647;3;3;2018;07:06;0;RUA CEL MATOS DOURADO;;;0;;Colis?â?úo;Luz do Dia;;;Meio de Quadra;;;0;1;0;1;0;0;0;0;0;1;0;0;;
328643;3;3;2018;05:44;0;AV DOS EXPEDICIONARIOS;;;0;;Colis?â?úo;Amanhecer;;;Meio de Quadra;;;0;1;0;0;0;0;0;0;0;1;0;0;;
328655;3;3;2018;07:17;0;AV DEP PAULINO ROCHA;;;0;;Colis?â?úo;Luz do Dia;;;Meio de Quadra;;;0;1;0;0;0;0;0;0;0;1;0;0;;
328660;3;3;2018;07:35;0;RUA ARAGUAIA (PL. AIRTON SENNA);;;1630;;Colis?â?úo;Luz do Dia;;;Meio de Quadra;;;0;1;0;1;0;0;0;0;0;1;0;0;-3,836594600000000;-38,570801500000000
328746;3;3;2018;22:48;0;RUA COM GARCIA;;;986;;Colis?â?úo;;;;Meio de Quadra;;;0;1;0;1;0;0;0;0;0;1;0;0;;
328696;3;3;2018;12:58;0;AV BORGES DE MELO;;;0;;Colis?â?úo;Luz do Dia;;;Meio de Quadra;;;0;1;0;1;0;0;0;0;0;1;0;0;;
328737;3;3;2018;21:51;0;RUA AVILA GOULART;;;900;;Queda;;;;Meio de Quadra;;;0;1;0;0;0;0;0;0;0;1;0;0;-3,735650000000000;-38,478150000000000
328738;3;3;2018;22:22;0;RUA JULIO SILVA;;;440;;Colis?â?úo;;;;Meio de Quadra;;;0;1;0;0;0;0;0;0;0;0;0;0;;
328735;3;3;2018;21:35;0;RUA QUINZE (CANINDEZINHO);;;0;;Atropelamento;;;;Meio de Quadra;;;0;2;0;0;0;0;0;0;0;1;0;0;;
328731;3;3;2018;20:42;0;AV CASTELO DE CASTRO;;;0;;Colis?â?úo;;;;Meio de Quadra;;;0;1;0;1;0;0;0;0;0;1;0;0;;
328728;3;3;2018;19:52;0;RUA DR FERNANDO AUGUSTO;;;126;;Atropelamento;;;;Meio de Quadra;;;0;1;0;0;0;0;0;0;0;1;0;0;-3,795779001000000;-38,594837300000000
328729;3;3;2018;20:14;0;AV PRS COSTA E SILVA;;;0;;Queda;;;;Meio de Quadra;;;0;1;0;0;0;1;0;0;0;0;0;0;;
328722;3;3;2018;18:40;0;RUA JOAQUIM MACHADO;;;570;;Queda;;;;Meio de Quadra;;;0;1;0;0;0;0;0;0;0;1;0;0;-3,861471000000000;-38,491161000000000
328723;3;3;2018;18:50;0;AV MR HULL;;;4771;;Colis?â?úo;;;;Meio de Quadra;;;0;1;0;1;0;0;0;0;0;1;0;0;-3,739022556000000;-38,587301444000000
328724;3;3;2018;18:57;0;RUA TEN JURANDIR ALENCAR;;;156;;Atropelamento;;;;Meio de Quadra;;;0;1;0;1;0;0;0;0;0;0;0;0;-3,831723500000000;-38,493455000000000
328725;3;3;2018;19:09;0;AV BEIRA MAR;;;0;;Colis?â?úo;;;;Meio de Quadra;;;0;1;0;0;0;0;0;0;0;0;0;0;;
328726;3;3;2018;19:23;0;AV PRS COSTA E SILVA;;;0;;Colis?â?úo;;;;Meio de Quadra;;;0;1;0;0;0;0;0;0;0;0;0;0;;
328687;3;3;2018;11:56;0;RUA ANTONIO MARTINS;;;673;;Colis?â?úo;Luz do Dia;;;Meio de Quadra;;;0;1;0;0;0;0;0;0;0;1;0;0;-3,751290125000000;-38,556700875000000
328688;3;3;2018;12:00;0;RUA SEN ALENCAR;;;1698;;Colis?â?úo;Luz do Dia;;;Meio de Quadra;;;0;1;0;1;0;0;0;0;0;1;0;0;-3,720733500000000;-38,540955000000000
328685;3;3;2018;11:17;0;AV FRANCISCO SA;;;5791;;Colis?â?úo;Luz do Dia;;;Meio de Quadra;;;0;1;0;1;0;0;0;0;0;1;0;0;-3,711200000000000;-38,575730000000000
328692;3;3;2018;12:45;15344;AV SEN VIRGILIO TAVORA;RUA CANUTO DE AGUIAR;;0;;Colis?â?úo;Luz do Dia;;;Cruz;Sem?â?íforo;Residencial;0;1;0;1;0;0;0;0;0;0;0;0;-3,731880000000000;-38,491567000000000
328698;3;3;2018;13:18;2699;RUA CEL VIRGILIO NOGUEIRA (BOM JARDIM);RUA OSCAR ARARIPE;;0;;Colis?â?úo;Luz do Dia;;;Cruz;Sem?â?íforo;Comercial;0;1;0;0;0;0;0;0;0;1;0;0;-3,788220000000000;-38,608593000000000
328699;3;3;2018;14:06;0;AV TEN LISBOA;;;924;;Queda;Luz do Dia;;;Meio de Quadra;;;0;1;0;0;0;0;0;0;0;1;0;0;-3,718208400000000;-38,544356400000000
328694;3;3;2018;12:56;0;RUA CAP JOAO FERREIRA LIMA;;;204;;Atropelamento;Luz do Dia;;;Meio de Quadra;;;0;1;0;0;0;0;0;0;0;1;0;0;-3,787082000000000;-38,520569700000000
328701;3;3;2018;14:24;0;RUA JULIO GASPAR;;;531;;Queda;Luz do Dia;;;Meio de Quadra;;;0;1;0;0;0;1;0;0;0;0;0;0;;
328702;3;3;2018;15:43;0;RUA ALBERTO MAGNO;;;112;;Queda;Luz do Dia;;;Meio de Quadra;;;0;1;0;0;0;1;0;0;0;0;0;0;-3,756374000000000;-38,542527000000000
328716;3;3;2018;16:37;3820;AV CARAPINIMA;AV 13 DE MAIO;;0;;Colis?â?úo;Luz do Dia;;;Cruz;Sem?â?íforo;Comercial;0;1;0;1;0;0;0;0;0;1;0;0;-3,740001000000000;-38,540239000000000
328720;3;3;2018;16:39;0;RUA PRO RAIMUNDO VITOR;;;254;;Colis?â?úo;Luz do Dia;;;Meio de Quadra;;;0;1;0;0;0;0;0;0;0;0;0;0;-3,738263419000000;-38,565776968000000
328718;3;3;2018;16:38;0;RUA HORIZONTE;;;20;;Queda;Luz do Dia;;;Meio de Quadra;;;0;1;0;0;0;1;0;0;0;0;0;0;-3,784977143000000;-38,506724571000000
328264;3;3;2018;17:01;0;AV ALM HENRIQUE SABOIA;;;700;;;Anoitecer;;;Meio de Quadra;;;0;1;0;1;0;0;0;0;0;1;0;0;-3,746308300000000;-38,491608500000000
326776;3;3;2018;13:40;0;AV BAR STUDART;;;1040;;Engavetamento;Luz do Dia;;;Meio de Quadra;;;0;0;3;1;0;0;0;0;0;1;0;0;-3,733642000000000;-38,506304000000000
326774;3;3;2018;15:00;0;RUA DAMASCENO GIRAO;;;1952;;Colis?â?úo;Luz do Dia;;;Meio de Quadra;;;0;0;2;1;0;0;0;0;0;0;0;0;-3,752750614000000;-38,540074158000000
326768;3;3;2018;08:38;22176;AV JOSE BASTOS;AV ENG HUMBERTO MONTE;;0;;Colis?â?úo Traseira;Luz do Dia;;;T;Sem?â?íforo;Comercial;0;1;1;1;0;0;0;0;0;1;0;0;-3,754966000000000;-38,555455000000000
326771;3;3;2018;18:50;0;RUA MON LIBERATO;;;0;;Colis?â?úo Lateral;;;;Meio de Quadra;;;0;0;2;1;1;0;0;0;0;0;0;0;;
327061;3;3;2018;00:25;0;RUA ALAGOAS;;;147;;Choque c/ Obst?â?ículo Fixo;;;;Meio de Quadra;;;0;0;1;0;0;0;0;0;0;0;0;0;-3,766003273000000;-38,561029727000000
315197;3;3;2018;06:30;0;AV PRS CASTELO BRANCO;;;0;;Atropelamento;Luz do Dia;;;Meio de Quadra;;;1;0;1;0;0;0;0;0;0;0;0;0;;
321880;3;3;2018;01:53;0;RUA CEL MATOS DOURADO;;;355;;Colis?â?úo Frontal;Via Iluminada;Bom;Seca;Meio de Quadra;Sem?â?íforo;Comercial;0;2;0;0;0;0;0;0;0;1;0;0;-3,756152200000000;-38,583770000000000
321881;3;3;2018;08:30;0;AV TRISTAO GONCALVES;;;632;;Colis?â?úo Traseira;Luz do Dia;Bom;Seca;Meio de Quadra;Sem?â?íforo;Comercial;0;0;2;0;1;0;0;0;0;1;0;0;-3,727237000000000;-38,533344000000000
321882;3;3;2018;09:30;0;RUA PDE PAULINO;;;0;;Colis?â?úo Traseira;Luz do Dia;Bom;Seca;Meio de Quadra;Pare;Comercial;0;0;2;1;0;0;0;0;0;0;0;0;;
321883;3;3;2018;11:00;17311;RUA JOAO FIRMINO;RUA ROMEU MARTINS;;0;;Colis?â?úo Traseira;Luz do Dia;Bom;Seca;Cruz;Pare;Residencial;0;0;3;1;0;0;0;0;0;0;0;0;-3,764274000000000;-38,555582000000000
321884;3;3;2018;12:30;13935;RUA GAL CAIADO DE CASTRO;RUA VER PEDRO PAULO MOREIRA;;0;;Colis?â?úo Transversal;Luz do Dia;Bom;Seca;Cruz;Pare;Escola;0;0;2;1;0;0;0;0;0;0;0;0;-3,786953000000000;-38,488961000000000
321903;3;3;2018;14:31;19709;RUA AZEVEDO BOLAO;RUA COS ALVARO DE OLIVEIRA;;0;;Colis?â?úo Traseira;Luz do Dia;Bom;Seca;Cruz;Pare;Residencial;0;0;1;1;0;0;0;0;0;0;0;0;-3,736329000000000;-38,556093000000000
321885;4;3;2018;01:00;0;AV GODOFREDO MACIEL;;;2575;;Colis?â?úo Transversal;Via Iluminada;Bom;Seca;Meio de Quadra;N?â?úo H?â?í Controle;Comercial;0;1;1;1;0;0;0;0;0;0;0;0;-3,798080200000000;-38,570410000000000
321886;4;3;2018;07:56;0;AV PRS COSTA E SILVA;;;2193;;Colis?â?úo Traseira;Luz do Dia;Bom;Seca;T;Sem?â?íforo;Residencial;0;1;1;0;0;0;0;0;0;1;0;0;-3,823503700000000;-38,550230000000000
321887;4;3;2018;13:00;0;AV BENJAMIM BRASIL;;;1100;;Colis?â?úo Traseira;Luz do Dia;Bom;Seca;Meio de Quadra;N?â?úo H?â?í Controle;Residencial;0;1;1;1;0;0;0;0;0;1;0;0;-3,805726500000000;-38,564396000000000
321888;4;3;2018;15:21;0;AV JOSE SABOIA;;;908;;Colis?â?úo Traseira;Luz do Dia;Bom;Seca;Meio de Quadra;Pare;Comercial;0;0;2;0;0;0;0;0;0;0;0;0;-3,718252000000000;-38,465942000000000
321889;4;3;2018;14:00;23921;RUA OLIVEIRA FILHO;RUA ANTONIO CARNEIRO;;0;;Colis?â?úo Transversal;Luz do Dia;Bom;Seca;Cruz;Pare;Residencial;0;0;1;0;0;0;0;0;0;1;0;0;-3,725550000000000;-38,464607000000000
321890;4;3;2018;18:30;15538;AV FRE CIRILO;RUA ALVES RIBEIRO;;0;;N?â?úo Informado;Via Iluminada;Bom;Seca;T;Sem?â?íforo;Comercial;0;0;2;1;0;0;0;0;0;0;0;0;-3,820819000000000;-38,495888000000000
321891;4;3;2018;19:25;1580;RUA PDE VALDEVINO;RUA NUNES VALENTE;;0;;Colis?â?úo Lateral;Mal Iluminada;Bom;Seca;Cruz;Pare;Comercial;0;2;0;1;0;0;0;0;0;1;0;0;-3,742608000000000;-38,505782000000000
321992;4;3;2018;20:54;25044;AV ENG HUMBERTO MONTE;RUA ARGENTINA;;0;;Colis?â?úo Lateral;Via Iluminada;Bom;Seca;Cruz;Sem?â?íforo;Residencial;0;0;2;1;1;0;0;0;0;0;0;0;-3,746008000000000;-38,563090000000000
321949;4;3;2018;16:37;23791;RUA RAIMUNDO NERY;RUA COSTA FREIRE;;0;;Colis?â?úo Lateral;Luz do Dia;Bom;Seca;Cruz;N?â?úo H?â?í Controle;Comercial;0;1;1;0;1;0;0;0;0;1;0;0;-3,794144000000000;-38,586423000000000
322013;4;3;2018;04:48;0;AV GOV RAUL BARBOSA;;;6636;;Choque c/ Obst?â?ículo Fixo;Via Iluminada;Bom;Seca;T;N?â?úo H?â?í Controle;Comercial;0;0;1;1;0;0;0;0;0;0;0;0;-3,772881500000000;-38,512512000000000
315201;4;3;2018;21:40;0;AV DIOGUINHO;;;5603;;Colis?â?úo Frontal;Mal Iluminada;Bom;Seca;Meio de Quadra;Pare;Residencial;1;1;2;1;0;1;0;0;0;0;0;0;-3,761670800000000;-38,443080000000000
327089;4;3;2018;22:15;0;RUA 8 VENEZA TROPICAL;;;26;;;;;;Meio de Quadra;;;0;0;2;0;1;0;0;0;0;0;0;0;;
327092;4;3;2018;23:07;0;RUA CON DE CASTRO;;;5735;;Colis?â?úo;;;;Meio de Quadra;;;0;0;2;0;0;0;0;0;0;0;0;0;-3,813561400000000;-38,598145000000000
339040;4;3;2018;01:00;10863;RUA PORTO VELHO;RUA PRO HERIBALDO COSTA;;0;;Colis?â?úo Lateral;Via Iluminada;Chuva;Molhada;Cruz;Sem?â?íforo;Comercial;0;1;1;1;0;0;0;0;0;1;0;0;-3,765974000000000;-38,587014000000000
326778;4;3;2018;10:20;0;AV JOSE BASTOS;;;3686;;Engavetamento;Luz do Dia;;;Meio de Quadra;;;0;1;2;1;0;0;0;0;0;1;0;0;-3,748454200000000;-38,549203200000000
326788;4;3;2018;12:35;0;AV AGUANAMBI;;;0;;Colis?â?úo Lateral;Luz do Dia;;;Meio de Quadra;;;0;0;2;1;0;0;1;0;0;0;0;0;;
326783;4;3;2018;20:10;23045;AV DR SILAS MUNGUBA;RUA MALMEQUER;;0;;Colis?â?úo Frontal;;;;Cruz;Sem?â?íforo;Comercial;0;2;1;1;0;0;0;0;0;1;0;0;-3,790980000000000;-38,538571000000000
326786;4;3;2018;23:00;13433;RUA ILDEFONSO ALBANO;RUA TOMAS ACIOLI;;0;;Colis?â?úo Traseira;;;;T;Pare;Residencial;0;1;1;1;0;0;0;0;0;1;0;0;-3,742685000000000;-38,516391000000000
328756;4;3;2018;04:08;0;AV JOSE SABOIA;;;215;;Colis?â?úo;;;;Meio de Quadra;;;0;1;0;1;0;0;0;0;0;0;0;0;-3,715313305000000;-38,470108445000000
328753;4;3;2018;03:07;0;AV JOSE BASTOS;;;5572;;Atropelamento;;;;Meio de Quadra;;;0;1;0;1;0;0;0;0;0;0;0;0;-3,760562000000000;-38,564477000000000
328750;4;3;2018;00:56;0;RUA FRANCISCA MARIA DA CONCEICAO;;;1697;;Queda;;;;Meio de Quadra;;;0;1;0;0;0;0;0;0;0;1;0;0;-3,835951000000000;-38,574120000000000
328817;4;3;2018;21:38;0;RUA JULIO BRAGA;;;786;;Colis?â?úo;;;;Meio de Quadra;;;0;1;0;1;0;0;0;0;0;1;0;0;-3,776327000000000;-38,578064000000000
328819;4;3;2018;23:20;0;RUA 28 DE AGOSTO UI 503;;;1220;;Queda;;;;Meio de Quadra;;;0;1;0;0;0;1;0;0;0;0;0;0;-3,815691600000000;-38,538495000000000
328812;4;3;2018;20:06;0;RUA SAO FRANCISCO D34;;;1281;;Colis?â?úo;;;;Meio de Quadra;;;0;1;0;0;0;0;0;0;0;1;0;0;-3,810343300000000;-38,627242900000000
328780;4;3;2018;08:21;0;AV WASHINGTON SOARES;;;7700;;Queda;Luz do Dia;;;Meio de Quadra;;;0;1;0;0;0;0;0;0;0;1;0;0;-3,822449000000000;-38,481269000000000
328781;4;3;2018;09:57;0;AV JOSE BASTOS;;;3786;;Colis?â?úo;Luz do Dia;;;Meio de Quadra;;;0;1;0;1;0;0;0;0;0;1;0;0;-3,751924000000000;-38,552379500000000
328782;4;3;2018;11:00;0;RUA 856 CJ CEARA;;;0;;Atropelamento;Luz do Dia;;;Meio de Quadra;;;0;1;0;1;0;0;0;0;0;0;0;0;;
328783;4;3;2018;16:01;0;AV GOV PARSIFAL BARROSO;;;116;;Colis?â?úo;Luz do Dia;;;Meio de Quadra;;;0;1;0;0;0;0;0;0;0;0;0;0;-3,728910000000000;-38,569420000000000