COD_ACIDENTE;DIA;MES;ANO;HORA;INTERSECAO;LOG1;LOG2;LOG3;NUMERO;REFERENCIA;NATUREZA;ILUMINACAO;TEMPO;SUPERFICIEPISTA;TIPOCRUZAMENTO;CONTROLETRAFEGO;USOSOLO;MORTOS;FERIDOS;ILESOS;AUTOMOVEL;ONIBUS;BICICLETA;CAMINHAO;MICROONIBUS;CICLOMOTOR;MOTOCICLETA;TRACAOANIMAL;TREM;LATITUDE;LONGITUDE
328784;4;3;2018;16:44;0;RUA BETEL;;;0;;Colis?â?úo;Luz do Dia;;;Meio de Quadra;;;0;1;0;1;0;1;0;0;0;0;0;0;;
328763;4;3;2018;04:16;0;AV GAL OSORIO DE PAIVA;;;1127;;Queda;;;;Meio de Quadra;;;0;1;0;0;0;0;0;0;0;1;0;0;-3,779145526000000;-38,572073186000000
328767;4;3;2018;05:32;0;AV GODOFREDO MACIEL;;;5030;;Colis?â?úo;Amanhecer;;;Meio de Quadra;;;0;1;0;1;0;1;0;0;0;0;0;0;-3,818778400000000;-38,576543600000000
328768;4;3;2018;05:55;0;AV SEN FERNANDES TAVORA;;;594;;Colis?â?úo;Amanhecer;;;Meio de Quadra;;;0;1;0;0;0;0;0;0;0;1;0;0;-3,764304000000000;-38,578199000000000
328769;4;3;2018;07:18;0;AV PERIMETRAL;;;0;;Colis?â?úo;Luz do Dia;;;Meio de Quadra;;;0;1;0;1;0;0;0;0;0;1;0;0;;
328770;4;3;2018;08:10;0;AV PRO JOSE ARTHUR CARVALHO;;;1409;;Colis?â?úo;Luz do Dia;;;Meio de Quadra;;;0;1;0;1;0;0;0;0;0;1;0;0;-3,826853698000000;-38,466735795000000
328799;4;3;2018;19:09;0;RUA JOAQUIM ALVES;;;131;;Colis?â?úo;;;;Meio de Quadra;;;0;2;0;1;0;0;0;0;0;1;0;0;-3,722074000000000;-38,511411722000000
328832;5;3;2018;05:50;0;RUA CON DE CASTRO;;;0;;Colis?â?úo;Amanhecer;;;Meio de Quadra;;;0;1;0;1;0;0;0;0;0;1;0;0;;
328829;5;3;2018;05:21;0;AV JOSE BASTOS;;;0;;Colis?â?úo;Amanhecer;;;Meio de Quadra;;;0;1;0;1;1;0;0;0;0;0;0;0;;
328838;5;3;2018;07:42;0;AV PRS COSTA E SILVA;;;1822;;Colis?â?úo;Luz do Dia;;;Meio de Quadra;;;0;1;0;1;0;0;0;0;0;1;0;0;-3,818682700000000;-38,563910300000000
328839;5;3;2018;09:09;0;RUA JOSE CANDIDO D08;;;118;;Colis?â?úo;Luz do Dia;;;Meio de Quadra;;;0;1;0;0;0;0;0;0;0;0;0;0;-3,725681310000000;-38,550567024000000
328840;5;3;2018;09:50;0;AV CEL CARVALHO;;;1313;;Colis?â?úo;Luz do Dia;;;Meio de Quadra;;;0;1;0;1;0;0;0;0;0;1;0;0;-3,714552000000000;-38,588657000000000
328841;5;3;2018;09:55;0;AV A CJ JOSE WALTER;;;1514;;Colis?â?úo;Luz do Dia;;;Meio de Quadra;;;0;1;0;1;0;0;0;0;0;1;0;0;;
328835;5;3;2018;07:11;0;RUA FLORIANOPOLIS;;;1019;;Atropelamento;Luz do Dia;;;Meio de Quadra;;;0;1;0;1;0;0;0;0;0;0;0;0;-3,761900042000000;-38,585121542000000
328836;5;3;2018;07:36;0;RD BR 116;;;4000;KM-04;Colis?â?úo;Luz do Dia;;;Meio de Quadra;;;0;1;0;1;0;0;0;0;0;1;0;0;-3,802354000000000;-38,503869000000000
328857;5;3;2018;15:47;0;RUA CASTRO E SILVA;;;0;;Atropelamento;Luz do Dia;;;Meio de Quadra;;;0;1;0;0;0;1;0;0;0;0;0;0;;
328858;5;3;2018;16:40;0;RUA NAT FEIJO;;;874;;Colis?â?úo;Luz do Dia;;;Meio de Quadra;;;0;1;0;0;0;0;0;0;0;0;0;0;-3,721270000000000;-38,556620000000000
328859;5;3;2018;17:13;0;RUA PORTO VELHO;;;834;;Queda;Anoitecer;;;Meio de Quadra;;;0;1;0;0;0;0;0;0;0;1;0;0;;
328860;5;3;2018;17:20;0;AV DOLOR BARREIRA;;;400;;Queda;Anoitecer;;;Meio de Quadra;;;0;1;0;0;0;0;0;0;0;1;0;0;-3,728359500000000;-38,473049000000000
328861;5;3;2018;17:56;0;AV MR HULL;;;5213;;Colis?â?úo;Anoitecer;;;Meio de Quadra;;;0;1;0;1;0;0;0;0;0;1;0;0;-3,739593923000000;-38,591068062000000
328862;5;3;2018;18:24;24331;AV LUCIANO CARNEIRO;RUA ARMANDO MONTEIRO;;0;;Colis?â?úo;Anoitecer;;;Cruz;Pare;Comercial;0;1;0;1;0;0;0;0;0;1;0;0;-3,763454000000000;-38,536219000000000
328873;5;3;2018;20:33;0;AV DEP PAULINO ROCHA;;;0;;Colis?â?úo;;;;Meio de Quadra;;;0;1;0;1;0;0;0;0;0;1;0;0;;
328870;5;3;2018;18:59;0;RUA GAL TERTULIANO POTYGUARA;;;876;;Colis?â?úo;;;;Meio de Quadra;;;0;1;0;1;0;0;0;0;0;1;0;0;-3,744588000000000;-38,496067000000000
328871;5;3;2018;20:30;0;RUA JOAQUIM PINTO;;;197;;Atropelamento;;;;Meio de Quadra;;;0;1;0;0;0;0;0;0;0;1;0;0;-3,717280000000000;-38,566720000000000
328854;5;3;2018;12:35;5462;RUA ANTONIO POMPEU;RUA SOLON PINHEIRO;;0;;Colis?â?úo;Luz do Dia;;;Cruz;Sem?â?íforo;Comercial;0;1;0;0;0;0;0;0;0;1;0;0;-3,735609000000000;-38,528028000000000
328855;5;3;2018;14:02;0;AV DEP PAULINO ROCHA;;;3003;;Colis?â?úo;Luz do Dia;;;Meio de Quadra;;;0;2;0;1;0;0;0;0;0;1;0;0;;
328847;5;3;2018;10:29;0;AV SANTOS DUMONT;;;0;;Queda;Luz do Dia;;;Meio de Quadra;;;0;1;0;0;0;1;0;0;0;0;0;0;;
328695;5;3;2018;13:32;0;AV PRS JUSCELINO KUBITSCHEK (PASSAR?âÔÇ?);;;3371;;Colis?â?úo;Luz do Dia;;;Meio de Quadra;;;0;1;0;1;0;0;0;0;0;1;0;0;-3,809688530000000;-38,526904794000000
328850;5;3;2018;11:56;0;RUA 11 DE JULHO;;;282;;Queda;Luz do Dia;;;Meio de Quadra;;;0;1;0;0;0;1;0;0;0;0;0;0;-3,715883759000000;-38,559021931000000
326793;5;3;2018;08:45;10943;RUA ZACARIAS GONDIM;RUA DOM CARLOTO TAVORA;;0;;Colis?â?úo Lateral;Luz do Dia;;;Cruz;Pare;Residencial;0;1;1;0;0;0;1;0;0;1;0;0;-3,768945000000000;-38,558785000000000
326798;5;3;2018;13:00;9042;RUA PDE MIGUELINHO;RUA SOLON PINHEIRO;;0;;Colis?â?úo Traseira;Luz do Dia;;;Cruz;Pare;Comercial;0;0;2;1;0;0;0;0;0;0;0;0;-3,743616000000000;-38,530751000000000
326801;5;3;2018;19:20;0;RUA DR JOSE LOURENCO;;;1790;;Colis?â?úo Traseira;;;;Meio de Quadra;;;0;0;2;1;0;0;0;0;0;0;0;0;-3,738709000000000;-38,509091000000000
326813;5;3;2018;00:01;17957;RUA JOAQUIM ALBANO;RUA ALCANTARA BILHAR;;0;;Colis?â?úo Transversal;;;;Cruz;Pare;Comercial;0;1;1;1;0;0;0;0;0;1;0;0;-3,735593000000000;-38,582130000000000
326766;5;3;2018;05:50;0;RUA CARLINDO CRUZ;;;0;;Colis?â?úo Lateral;Amanhecer;Bom;Seca;Outros;Pare;Residencial;0;0;2;1;0;0;0;0;0;0;0;0;;
327094;5;3;2018;17:00;0;AV MOZART PINHEIRO DE LUCENA;;;1720;;Colis?â?úo;Anoitecer;;;Meio de Quadra;;;0;0;2;0;1;0;0;0;0;0;0;0;-3,717671765000000;-38,595526471000000
327104;5;3;2018;23:50;25047;RUA ANTONIO ARRUDA;RUA CIDADE PALHANO;;0;;Colis?â?úo;;;;Cruz;Pare;Residencial;0;0;2;1;0;0;0;0;0;0;0;0;-3,717903000000000;-38,593359000000000
327098;5;3;2018;15:20;0;AV WASHINGTON SOARES;;;7263;;Colis?â?úo;Luz do Dia;;;Meio de Quadra;;;0;1;1;1;0;0;0;0;0;1;0;0;-3,819771000000000;-38,481891000000000
327348;5;3;2018;16:15;0;RD BR 222;;;0;KM-02;Colis?â?úo Traseira;Luz do Dia;;;Meio de Quadra;;;0;1;1;1;0;0;0;0;0;1;0;0;-3,740362400000000;-38,596996100000000
327349;5;3;2018;20:30;0;RD BR 222;;;0;KM-02;Colis?â?úo Lateral;;;;Meio de Quadra;;;0;1;1;1;0;0;0;0;0;1;0;0;-3,740362400000000;-38,596996100000000
327506;5;3;2018;13:30;0;RD CE-060;;;0;KM-02;Colis?â?úo;Luz do Dia;;;Meio de Quadra;;;0;0;2;1;0;0;0;0;0;0;0;0;-3,834064000000000;-38,582111000000000
327508;5;3;2018;17:00;0;AV ENG SANTANA JUNIOR;;;0;IGUATEMI;Colis?â?úo;Anoitecer;;;Meio de Quadra;;;0;0;2;1;0;0;0;0;0;0;0;0;;
327509;5;3;2018;19:00;0;AV ENG SANTANA JUNIOR;;;0;;Colis?â?úo;;;;Meio de Quadra;;;0;0;2;1;0;0;0;0;0;0;0;0;;
315207;5;3;2018;08:40;0;AV I CJ JOSE WALTER;;;945;;Atropelamento;Luz do Dia;;;Meio de Quadra;;;1;0;1;0;0;0;0;0;0;1;0;0;-3,832013000000000;-38,552824000000000
321918;5;3;2018;18:37;24960;AV ALM HENRIQUE SABOIA;RUA MANUEL JESUINO;;0;;Colis?â?úo Transversal;Mal Iluminada;Bom;Seca;T;Pare;Comercial;0;1;2;1;0;1;0;0;0;0;0;0;-3,735514000000000;-38,484856000000000
321919;5;3;2018;01:17;23770;RUA LINS DO REGO;RUA COSTA FREIRE;;0;;Colis?â?úo Transversal;Mal Iluminada;Bom;Seca;Cruz;Pare;Residencial;0;1;1;1;0;0;0;0;0;1;0;0;-3,783248000000000;-38,576684000000000
321925;5;3;2018;21:00;0;AV BEZERRA DE MENEZES;;;2670;;Colis?â?úo Lateral;Via Iluminada;Bom;Seca;Meio de Quadra;N?â?úo H?â?í Controle;Comercial;0;1;1;0;1;0;0;0;0;1;0;0;-3,736211300000000;-38,568287000000000
321968;5;3;2018;19:58;0;RUA BENI DE CARVALHO;;;190;;Colis?â?úo Traseira;Via Iluminada;Bom;Seca;Meio de Quadra;N?â?úo H?â?í Controle;Residencial;0;0;2;1;0;0;0;0;0;0;0;0;-3,744828200000000;-38,498670000000000
321893;5;3;2018;07:49;19328;RUA EDUARDO PERDIGAO;RUA CON DE CASTRO;;0;;Colis?â?úo Lateral;Luz do Dia;Nublado;Seca;Cruz;Pare;Comercial;0;1;1;0;0;0;0;1;0;1;0;0;-3,775579000000000;-38,564769000000000
321894;5;3;2018;10:13;0;RUA SABINO MONTE;;;4506;;N?â?úo Informado;Luz do Dia;Bom;Seca;Meio de Quadra;N?â?úo H?â?í Controle;Residencial;0;0;3;1;0;0;0;0;0;0;0;0;-3,761215400000000;-38,511020000000000
321895;5;3;2018;08:45;15258;RUA PEREIRA FILGUEIRAS;RUA ANTONIO AUGUSTO;;0;;Colis?â?úo Transversal;Luz do Dia;Bom;Seca;Cruz;Pare;Comercial;0;0;1;0;0;0;0;1;0;1;0;0;-3,728380000000000;-38,512866000000000
321896;5;3;2018;10:19;0;RUA SALDANHA MARINHO;;;665;;Colis?â?úo Traseira;Luz do Dia;Bom;Seca;Meio de Quadra;Sem?â?íforo;Residencial;0;0;2;1;0;0;0;0;0;0;0;0;-3,742653100000000;-38,530262000000000
321897;5;3;2018;10:55;0;AV A CJ CEARA;;;1514;;Colis?â?úo Transversal;Luz do Dia;Bom;Seca;Meio de Quadra;Sem?â?íforo;Comercial;0;0;3;1;0;0;0;0;0;1;0;0;-3,774747600000000;-38,605843000000000
321898;5;3;2018;13:43;10013;RUA DUAS NACOES;RUA OLIVEIRA SOBRINHO;;0;;Colis?â?úo Transversal;Luz do Dia;Bom;Seca;Cruz;N?â?úo H?â?í Controle;Residencial;0;0;2;1;0;0;0;0;0;0;0;0;-3,778267000000000;-38,602409000000000
321899;5;3;2018;11:40;17513;RUA MANUEL JACARE;AV ABOLICAO;;0;;Colis?â?úo Lateral;Luz do Dia;Bom;Seca;T;Pare;Residencial;0;0;2;1;0;0;0;0;0;0;0;0;-3,726087000000000;-38,487572000000000
321900;5;3;2018;14:34;0;RUA FLORIANO PEIXOTO;;;0;;Colis?â?úo Lateral;Luz do Dia;Bom;Seca;Meio de Quadra;N?â?úo H?â?í Controle;Comercial;0;0;2;1;0;0;0;0;0;0;0;0;-3,728020400000000;-38,527420000000000
321901;5;3;2018;13:51;82;RUA PDE PERDIGAO SAMPAIO;RUA PRS PRUDENTE;;0;;Colis?â?úo Transversal;Luz do Dia;Bom;Seca;T;N?â?úo H?â?í Controle;Residencial;0;1;1;1;0;0;0;0;0;1;0;0;-3,738132000000000;-38,594911000000000
321902;5;3;2018;16:11;0;RUA BERNARDO MANUEL;;;7310;;Engavetamento;Luz do Dia;Bom;Seca;Meio de Quadra;Sem?â?íforo;Residencial;0;0;3;1;0;0;0;0;0;0;0;0;-3,782796400000000;-38,546326000000000
321904;5;3;2018;16:20;0;RUA GAL TERTULIANO POTYGUARA;RUA OSVALDO CRUZ;;0;;Colis?â?úo Transversal;Luz do Dia;Bom;Seca;Cruz;Pare;Escola;0;0;1;1;0;0;0;0;0;0;0;0;-3,742494800000000;-38,502613000000000
321905;5;3;2018;16:20;21391;RUA MAL LOTT;RUA CHICO LEMOS;;0;;Colis?â?úo Transversal;Luz do Dia;Bom;Seca;Cruz;Pare;Residencial;0;0;2;1;0;0;0;0;0;0;0;0;-3,800779000000000;-38,494904000000000
321906;5;3;2018;10:05;0;AV JOSE JATAHY;;;519;;Colis?â?úo Lateral;Luz do Dia;Bom;Seca;Meio de Quadra;N?â?úo H?â?í Controle;Residencial;0;0;1;1;0;0;0;0;0;1;0;0;-3,725873500000000;-38,545925000000000
321907;5;3;2018;16:51;0;AV BORGES DE MELO;;;0;GRESSE;Colis?â?úo Traseira;Luz do Dia;Bom;Seca;Meio de Quadra;Sem?â?íforo;Comercial;0;0;2;1;0;0;0;0;0;0;0;0;-3,756142000000000;-38,534410000000000
321908;5;3;2018;17:50;4630;AV VIENA WEYNE;RUA BOTELHO MAGALHAES;;0;;Colis?â?úo Lateral;Via Iluminada;Bom;Seca;Cruz;Pare;Comercial;0;0;2;1;0;0;0;0;0;0;0;0;-3,801029000000000;-38,491573000000000
321909;5;3;2018;18:24;9142;RUA GUILHERME MOREIRA;RUA MON OTAVIO CASTRO;;0;;Colis?â?úo Lateral;Via Iluminada;Bom;Seca;Cruz;Pare;Residencial;0;0;2;1;1;0;0;0;0;0;0;0;-3,750182000000000;-38,526504000000000
321910;5;3;2018;19:30;1623;AV SEN VIRGILIO TAVORA;RUA GAL TERTULIANO POTYGUARA;;0;;Colis?â?úo Transversal;Via Iluminada;Bom;Seca;Cruz;Sem?â?íforo;Comercial;0;0;1;1;0;0;0;0;0;0;0;0;-3,744710000000000;-38,495684000000000
321911;5;3;2018;20:11;0;AV DOMINGOS OLIMPIO;AV JOSE JATAHY;;0;;N?â?úo Informado;Via Iluminada;Bom;Seca;Cruz;Sem?â?íforo;Residencial;0;1;1;1;0;0;0;0;0;1;0;0;-3,733722000000000;-38,544403000000000
321912;5;3;2018;18:20;13937;RUA IEDA PEREIRA;RUA VER PEDRO PAULO MOREIRA;;0;;N?â?úo Informado;Via Iluminada;Bom;Seca;Cruz;Pare;Comercial;0;1;2;1;0;0;0;0;0;1;0;0;-3,787070000000000;-38,488151000000000
321913;5;3;2018;21:08;5733;AV DES GONZAGA;RUA BENJAMIM MOURA;;0;;N?â?úo Informado;Via Iluminada;Bom;Seca;Cruz;N?â?úo H?â?í Controle;Comercial;0;0;2;1;0;0;0;0;0;0;0;0;-3,799146000000000;-38,499021000000000
321914;5;3;2018;21:16;17360;RUA ZACARIAS GONDIM;RUA ELVIRA PINHO;;0;;N?â?úo Informado;Via Iluminada;Bom;Seca;Cruz;Pare;Residencial;0;1;1;1;0;0;0;0;0;1;0;0;-3,766122000000000;-38,557766000000000
321915;5;3;2018;16:45;22109;RUA GUSTAVO BRAGA;RUA MON FURTADO;;0;;Colis?â?úo Transversal;Luz do Dia;Bom;Seca;Cruz;Pare;Comercial;0;0;3;1;0;0;0;0;0;0;0;0;-3,750477000000000;-38,553203000000000
321916;5;3;2018;19:40;0;RUA DES GOMES PARENTE;;;605;;Colis?â?úo Lateral;Mal Iluminada;Bom;Seca;Meio de Quadra;Pare;Comercial;0;0;1;0;0;0;0;0;0;0;0;0;-3,774106300000000;-38,575220000000000
321926;6;3;2018;12:30;0;AV SANTOS DUMONT;;;1169;;Colis?â?úo Traseira;Luz do Dia;Bom;Seca;Meio de Quadra;N?â?úo H?â?í Controle;Comercial;0;0;3;1;1;0;0;0;0;0;0;0;-3,731437200000000;-38,512950000000000
321927;6;3;2018;13:40;0;RUA RAUL UCHOA;AV JOAO PESSOA;;0;;N?â?úo Informado;Luz do Dia;Bom;Seca;T;Pare;Comercial;0;2;0;0;0;0;0;0;0;1;0;0;-3,751636700000000;-38,548973000000000
321928;6;3;2018;14:40;1406;RUA DES LEITE ALBUQUERQUE;AV DES MOREIRA;;0;;Colis?â?úo Lateral;Luz do Dia;Bom;Seca;Meio de Quadra;Sem?â?íforo;Comercial;0;0;1;1;1;0;0;0;0;0;0;0;-3,737220000000000;-38,498678000000000
321929;6;3;2018;15:50;9033;RUA DOM SEBASTIAO LEME;RUA CEL SOLON;;0;;Colis?â?úo Transversal;Luz do Dia;Bom;Seca;Cruz;Pare;Residencial;0;0;2;1;0;0;0;0;0;0;0;0;-3,742963000000000;-38,526799000000000
321930;6;3;2018;15:10;0;RUA TEN BENEVOLO;;;657;;Colis?â?úo Lateral;Luz do Dia;Bom;Seca;Meio de Quadra;N?â?úo H?â?í Controle;Residencial;0;0;2;1;1;0;0;0;0;0;0;0;-3,725950000000000;-38,515186000000000
321931;6;3;2018;18:46;1001;RUA PRO GUILHON;TR IPITANGA;;0;;Choque c/ Obst?â?ículo Fixo;Mal Iluminada;Bom;Seca;Meio de Quadra;N?â?úo H?â?í Controle;Residencial;0;0;1;0;0;0;0;0;0;1;0;0;-3,759698000000000;-38,524261000000000
321932;6;3;2018;15:40;0;RUA PROF GLAUCO LOBO;TR WALDIR DIOGO;;0;;Colis?â?úo Lateral;Luz do Dia;Bom;Seca;Cruz;N?â?úo H?â?í Controle;Residencial;0;1;1;0;0;0;0;0;0;1;0;0;-3,805262300000000;-38,582592000000000
321933;6;3;2018;20:37;4022;RUA OSCAR BEZERRA ARAUJO;AV JOAO PESSOA;;0;;Colis?â?úo Lateral;Via Iluminada;Bom;Seca;T;Pare;Residencial;0;0;2;1;1;0;0;0;0;0;0;0;-3,761747000000000;-38,557535000000000
321934;6;3;2018;18:45;25186;RUA VER PEDRO PAULO MOREIRA;RUA REPUBLICA ARMENIA;;0;;Colis?â?úo Transversal;Via Iluminada;Bom;Seca;Cruz;Pare;Comercial;0;1;1;0;0;0;0;0;0;1;0;0;-3,787002000000000;-38,481560000000000
321935;6;3;2018;21:57;0;AV PDE ANTONIO TOMAS;;;3646;;Colis?â?úo Traseira;Via Iluminada;Bom;Seca;Meio de Quadra;Sem?â?íforo;Comercial;0;0;1;1;0;0;0;0;0;0;0;0;-3,746721500000000;-38,479670000000000
321920;6;3;2018;08:15;0;RUA JOSE HIPOLITO;;;280;;Colis?â?úo Lateral;Luz do Dia;Bom;Seca;Meio de Quadra;N?â?úo H?â?í Controle;Comercial;0;0;2;1;0;0;0;0;0;0;0;0;-3,833027100000000;-38,492390000000000
321921;6;3;2018;10:45;0;RUA CASTRO ALVES;;;0;;Colis?â?úo Transversal;Luz do Dia;Bom;Seca;Cruz;Pare;Residencial;0;0;2;1;0;0;0;0;0;1;0;0;-3,749731500000000;-38,516533000000000
321922;6;3;2018;10:05;12599;RUA COS LAFAYETE;RUA JANDIRA;;0;;Colis?â?úo;Luz do Dia;Bom;Seca;Cruz;Pare;Comercial;0;1;1;1;0;0;0;0;0;1;0;0;-3,717584000000000;-38,587105000000000
321923;6;3;2018;07:25;0;RUA JOSE HIPOLITO;;;549;;Colis?â?úo Lateral;Luz do Dia;Bom;Seca;Meio de Quadra;N?â?úo H?â?í Controle;Comercial;0;0;2;1;1;0;0;0;0;0;0;0;-3,833563800000000;-38,490440000000000
321924;6;3;2018;12:15;22081;RUA CAP FRANCISCO PEDRO;RUA GUSTAVO BRAGA;;0;;Colis?â?úo Lateral;Luz do Dia;Bom;Seca;Cruz;Pare;Comercial;0;1;1;1;0;0;0;0;0;1;0;0;-3,751155000000000;-38,552452000000000
327512;6;3;2018;16:30;0;AV SEN CARLOS JEREISSATI (AEROPORTO);;;0;KM 04;Colis?â?úo;Luz do Dia;;;Meio de Quadra;;;0;0;2;0;0;0;0;0;0;0;0;0;-3,774020000000000;-38,550907000000000
327351;6;3;2018;16:30;0;RD BR 020;;;0;KM 429;Colis?â?úo Transversal;Luz do Dia;;;Meio de Quadra;;;0;1;1;0;0;0;0;0;0;1;0;0;-3,869000000000000;-38,507000000000000
327110;6;3;2018;16:42;0;AV D CJ CEARA;;;0;;Atropelamento;Luz do Dia;;;Meio de Quadra;;;0;1;1;0;0;0;0;0;0;1;0;0;;
326805;6;3;2018;15:30;7834;RUA TIBURCIO CAVALCANTE;RUA CEL ALVES TEIXEIRA;;0;;Colis?â?úo Lateral;Luz do Dia;;;Cruz;Pare;Residencial;0;0;2;1;0;0;0;0;0;0;0;0;-3,747032000000000;-38,506143000000000
326807;6;3;2018;11:00;12903;RUA BAR ARATANHA;RUA CARLOS GOMES;;0;;Colis?â?úo Lateral;Luz do Dia;;;T;Pare;Residencial;0;1;1;0;0;0;0;0;0;1;0;0;-3,740756000000000;-38,529020000000000
328934;6;3;2018;17:02;9124;RUA MON SALAZAR;AV VIS RIO BRANCO;;0;;Colis?â?úo;Anoitecer;;;Cruz;Sem?â?íforo;Comercial;0;1;0;0;0;0;0;0;0;0;0;0;-3,756701000000000;-38,519870000000000
328939;6;3;2018;18:11;24903;AV MOZART PINHEIRO DE LUCENA;RUA PEDRO SAMPAIO;;0;;Colis?â?úo;Anoitecer;;;Cruz;Pare;Residencial;0;1;0;1;0;1;0;0;0;0;0;0;-3,723515000000000;-38,597226000000000
328950;6;3;2018;18:56;7152;AV DR THEBERGE;RUA FELIPE CAMARAO;;0;;Queda;;;;;;;0;1;0;0;0;0;0;0;0;1;0;0;-3,707899000000000;-38,562720000000000
328971;6;3;2018;19:11;0;RUA CAP HUGO BEZERRA;;;0;;Colis?â?úo;;;;Meio de Quadra;;;0;1;0;1;0;0;0;0;0;1;0;0;;
328874;6;3;2018;05:04;0;AV SEN FERNANDES TAVORA;;;1488;;Colis?â?úo;Amanhecer;;;Meio de Quadra;;;0;1;0;0;0;0;0;0;0;1;0;0;-3,760179733000000;-38,585927467000000
328875;6;3;2018;06:00;0;RUA CATAO MAMEDE;;;805;;Queda;Luz do Dia;;;Meio de Quadra;;;0;1;0;0;0;0;0;0;0;1;0;0;-3,739058857000000;-38,506398714000000
328876;6;3;2018;07:10;0;RUA 836 CJ CEARA;;;0;;Colis?â?úo;Luz do Dia;;;Meio de Quadra;;;0;2;0;1;0;0;0;0;0;1;0;0;;
328877;6;3;2018;08:15;0;AV SEN CARLOS JEREISSATI (AEROPORTO);;;0;;Colis?â?úo;Luz do Dia;;;Meio de Quadra;;;0;1;0;1;0;0;0;0;0;1;0;0;;
328878;6;3;2018;08:20;0;AV GAL OSORIO DE PAIVA;;;1614;;Colis?â?úo;Luz do Dia;;;Meio de Quadra;;;0;1;0;1;0;0;0;0;0;1;0;0;-3,781699700000000;-38,576094500000000
328881;6;3;2018;08:59;0;AV ROGACIANO LEITE;;;2909;;Colis?â?úo;Luz do Dia;;;Meio de Quadra;;;0;1;0;1;0;0;0;0;0;1;0;0;-3,784399000000000;-38,502681000000000
328905;6;3;2018;13:32;0;AV COS GOMES DE FREITAS (SAPIRANGA/COITE);;;2780;;Colis?â?úo;Luz do Dia;;;Meio de Quadra;;;0;1;0;1;0;0;0;0;0;1;0;0;;
328906;6;3;2018;15:34;0;RUA TIBURCIO CAVALCANTE;;;2470;;Colis?â?úo;Luz do Dia;;;Meio de Quadra;;;0;1;0;1;0;0;0;0;0;0;0;0;-3,746262000000000;-38,505893000000000
328907;6;3;2018;15:54;0;AV LAURO VIEIRA CHAVES;;;0;;Colis?â?úo;Luz do Dia;;;Meio de Quadra;;;0;1;0;1;0;0;0;0;0;1;0;0;;
328908;6;3;2018;15:55;0;AV D CJ JOSE WALTER;;;103;;Atropelamento;Luz do Dia;;;Meio de Quadra;;;0;1;0;0;0;0;0;0;0;1;0;0;;
328909;6;3;2018;16:20;0;RUA CATOLE;;;0;;Colis?â?úo;Luz do Dia;;;Meio de Quadra;;;0;1;0;1;0;0;0;0;0;1;0;0;;
328910;6;3;2018;16:39;0;RUA WALDIR DIOGO;;;67;;Colis?â?úo;Luz do Dia;;;Meio de Quadra;;;0;1;0;1;0;0;0;0;0;1;0;0;-3,808049286000000;-38,578990286000000
328913;6;3;2018;16:55;0;AV DR THEBERGE;;;2406;;Colis?â?úo;Luz do Dia;;;Meio de Quadra;;;0;1;0;1;0;0;0;0;0;1;0;0;-3,723268000000000;-38,567775000000000
328886;6;3;2018;10:54;0;RUA MON FURTADO;;;0;;Colis?â?úo;Luz do Dia;;;Meio de Quadra;;;0;1;0;1;0;0;0;0;0;1;0;0;;
328896;6;3;2018;11:42;8021;AV JOAO PESSOA;RUA SAMUEL UCHOA;;0;;Colis?â?úo;Luz do Dia;;;Duplo T;Pare;Comercial;0;1;0;0;0;0;0;0;0;1;0;0;-3,751840000000000;-38,548940000000000
328897;6;3;2018;12:24;0;RUA EVALDO BRAGA;;;801;;Colis?â?úo;Luz do Dia;;;Meio de Quadra;;;0;1;0;0;0;0;0;0;0;1;0;0;-3,845753362000000;-38,526902924000000
328898;6;3;2018;12:35;0;RUA PERNAMBUCO;;;2291;;Colis?â?úo;Luz do Dia;;;Meio de Quadra;;;0;1;0;1;0;0;0;0;0;1;0;0;-3,753656000000000;-38,576025000000000
328899;6;3;2018;12:41;22028;RUA PDE CICERO;RUA FRE MARCELINO;;0;;Colis?â?úo;Luz do Dia;;;Cruz;N?â?úo H?â?í Controle;Residencial;0;1;0;1;0;0;0;0;0;1;0;0;-3,740324000000000;-38,549401000000000
328900;6;3;2018;12:52;0;AV CONTORNO SUL;;;520;;Colis?â?úo;Luz do Dia;;;Meio de Quadra;;;0;1;0;1;0;0;0;0;0;1;0;0;-3,816120700000000;-38,590504500000000
328901;6;3;2018;13:26;0;AV GODOFREDO MACIEL;;;0;;Colis?â?úo;Luz do Dia;;;Meio de Quadra;;;0;1;0;1;0;0;0;0;0;1;0;0;;
340017;6;3;2018;23:00;0;RD BR 116;;;5000;KM-05;Queda;;;;Meio de Quadra;;;0;2;0;1;0;0;0;0;0;1;0;0;-3,796502000000000;-38,506787000000000
328987;7;3;2018;06:58;25649;AV SEN CARLOS JEREISSATI (AEROPORTO);RUA JOAO FONSECA;;0;;Colis?â?úo;Luz do Dia;;;;;;0;1;0;1;0;0;0;0;0;1;0;0;;
328983;7;3;2018;06:43;0;AV ODILON GUIMARAES;;;0;;Colis?â?úo;Luz do Dia;;;Meio de Quadra;;;0;1;0;1;0;0;0;0;0;1;0;0;;
328980;7;3;2018;06:19;0;AV TRISTAO GONCALVES;;;889;;Colis?â?úo;Luz do Dia;;;Meio de Quadra;;;0;1;0;0;0;0;1;0;0;1;0;0;-3,733079200000000;-38,534840600000000