COD_ACIDENTE;DIA;MES;ANO;HORA;INTERSECAO;LOG1;LOG2;LOG3;NUMERO;REFERENCIA;NATUREZA;ILUMINACAO;TEMPO;SUPERFICIEPISTA;TIPOCRUZAMENTO;CONTROLETRAFEGO;USOSOLO;MORTOS;FERIDOS;ILESOS;AUTOMOVEL;ONIBUS;BICICLETA;CAMINHAO;MICROONIBUS;CICLOMOTOR;MOTOCICLETA;TRACAOANIMAL;TREM;LATITUDE;LONGITUDE
328994;7;3;2018;07:18;0;AV PASTEUR;;;755;;Colis?â?úo;Luz do Dia;;;Meio de Quadra;;;0;1;0;0;0;0;0;0;0;1;0;0;-3,712613957000000;-38,559311957000000
329000;7;3;2018;09:32;0;RUA MIGUEL CALMON;;;218;;Queda;Luz do Dia;;;Meio de Quadra;;;0;1;0;0;0;0;0;0;0;1;0;0;-3,726630000000000;-38,462000000000000
329008;7;3;2018;11:10;0;RUA PDE PEDRO DE ALENCAR;;;509;;Atropelamento;Luz do Dia;;;Meio de Quadra;;;0;1;0;0;0;0;0;0;0;1;0;0;-3,832429792000000;-38,494015000000000
329076;7;3;2018;21:36;0;AV ABOLICAO;;;0;;Atropelamento;;;;Meio de Quadra;;;0;1;0;0;0;0;0;0;0;1;0;0;;
329080;7;3;2018;22:20;0;AV CASTELO DE CASTRO;;;1257;;Queda;;;;Meio de Quadra;;;0;2;0;0;0;0;0;0;0;1;0;0;-3,840696700000000;-38,521575100000000
329082;7;3;2018;22:57;0;AV GAL OSORIO DE PAIVA;;;4384;;Queda;;;;Meio de Quadra;;;0;1;0;0;0;0;0;0;0;1;0;0;-3,796140000000000;-38,593760000000000
328974;7;3;2018;06:01;0;AV GODOFREDO MACIEL;;;620;;Colis?â?úo;Luz do Dia;;;Meio de Quadra;;;0;1;0;0;0;0;0;0;0;1;0;0;-3,780268100000000;-38,565177200000000
329067;7;3;2018;21:02;0;RUA PRO HERIBALDO COSTA;;;0;;Colis?â?úo;;;;Meio de Quadra;;;0;1;0;0;0;0;0;0;0;1;0;0;;
329012;7;3;2018;11:10;0;RUA CINCO (PASSARE);;;15;;Colis?â?úo;Luz do Dia;;;Meio de Quadra;;;0;1;0;1;0;0;0;0;0;1;0;0;;
329002;7;3;2018;09:52;0;AV DOS EXPEDICIONARIOS;;;4773;;Colis?â?úo;Luz do Dia;;;Meio de Quadra;;;0;2;0;1;0;0;0;0;0;1;0;0;-3,760838000000000;-38,539946000000000
329014;7;3;2018;12:15;0;RUA CASTRO E SILVA;;;0;;Atropelamento;Luz do Dia;;;Meio de Quadra;;;0;1;0;0;0;0;0;0;0;1;0;0;;
329024;7;3;2018;14:09;0;AV DEP PAULINO ROCHA;;;0;;Colis?â?úo;Luz do Dia;;;Meio de Quadra;;;0;1;0;1;0;0;0;0;0;1;0;0;;
329025;7;3;2018;14:33;19703;RUA GUSTAVO SAMPAIO;RUA PEDRO DE QUEIROZ;;0;;Colis?â?úo;Luz do Dia;;;Cruz;Pare;Residencial;0;1;0;1;0;0;0;0;0;1;0;0;-3,736097000000000;-38,560577000000000
329018;7;3;2018;12:51;9131;AV 13 DE MAIO;AV LUCIANO CARNEIRO;;0;;Queda;Luz do Dia;;;;;;0;1;0;0;0;0;0;0;0;1;0;0;-3,747615000000000;-38,531331000000000
329019;7;3;2018;12:51;0;AV IMPERADOR;;;466;;Colis?â?úo;Luz do Dia;;;Meio de Quadra;;;0;1;0;0;0;0;0;0;0;0;0;0;-3,725329500000000;-38,533903000000000
329020;7;3;2018;13:13;0;RUA BARTOLOMEU DE GUSMAO;;;930;;Colis?â?úo;Luz do Dia;;;Meio de Quadra;;;0;1;0;0;0;0;0;0;0;0;0;0;-3,757645000000000;-38,525368000000000
329021;7;3;2018;13:22;5292;RUA COSTA BARROS;RUA GONCALVES LEDO;;0;;Atropelamento;Luz do Dia;;;Cruz;Pare;Residencial;0;1;0;0;0;0;0;0;0;0;0;0;-3,729088000000000;-38,515426000000000
329022;7;3;2018;13:35;0;AV GODOFREDO MACIEL;;;3888;;Colis?â?úo;Luz do Dia;;;Meio de Quadra;;;0;2;0;1;0;0;0;0;0;0;0;0;-3,808857000000000;-38,573780000000000
329032;7;3;2018;15:04;0;AV JOSE BASTOS;;;2425;;Colis?â?úo;Luz do Dia;;;Meio de Quadra;;;0;1;0;0;0;0;0;0;0;1;0;0;-3,741809700000000;-38,542362300000000
329033;7;3;2018;17:19;0;AV ALM HENRIQUE SABOIA;;;2485;;Colis?â?úo;Anoitecer;;;Meio de Quadra;;;0;1;0;0;0;0;1;0;0;1;0;0;-3,732414905000000;-38,482838571000000
329036;7;3;2018;20:43;0;AV WASHINGTON SOARES;;;0;;Atropelamento;;;;Meio de Quadra;;;0;1;0;1;0;0;0;0;0;0;0;0;;
326829;7;3;2018;18:50;5670;AV JOSE LEON;RUA VALTER DE CASTRO;;0;;Colis?â?úo Lateral;;;;Cruz;Pare;Residencial;0;0;2;1;0;0;0;0;0;1;0;0;-3,789977000000000;-38,492848000000000
326830;7;3;2018;22:00;0;AV 13 DE MAIO;;;0;;Colis?â?úo Lateral;;;;Meio de Quadra;;;0;0;2;1;1;0;0;0;0;0;0;0;;
326831;7;3;2018;18:45;15186;RUA SILVA PAULET;RUA SILVA JATAHY;;0;;Colis?â?úo Lateral;;;;Cruz;Pare;Residencial;0;0;2;1;0;0;0;0;0;0;0;0;-3,726095000000000;-38,502728000000000
326834;7;3;2018;14:00;11164;RUA FAGUNDES VARELA;RUA JULIO GASPAR;;0;;Colis?â?úo Lateral;Luz do Dia;;;Cruz;Pare;Residencial;0;1;1;0;0;0;0;0;0;1;0;0;-3,783086000000000;-38,562332000000000
327112;7;3;2018;07:17;5099;AV TRISTAO GONCALVES;RUA SEN ALENCAR;;0;;Colis?â?úo;Luz do Dia;;;Cruz;Gesto;Comercial;0;0;1;0;0;0;0;0;0;0;0;0;-3,723524000000000;-38,532122000000000
327144;7;3;2018;10:00;0;RUA ANTONIO GADELHA;;;1090;;Colis?â?úo;Luz do Dia;;;Meio de Quadra;;;0;1;1;1;0;0;0;0;0;1;0;0;;
315218;7;3;2018;06:00;5099;AV TRISTAO GONCALVES;RUA SEN ALENCAR;;0;;Colis?â?úo Transversal;Luz do Dia;;;Cruz;Gesto;Comercial;1;0;1;0;0;0;0;1;0;1;0;0;-3,723524000000000;-38,532122000000000
321950;7;3;2018;18:40;6750;RUA BATISTA DE OLIVEIRA;RUA VILEBALDO AGUIAR;;0;;Colis?â?úo Transversal;Via Iluminada;Bom;Seca;Cruz;Gesto;Comercial;0;1;1;1;0;0;0;0;0;1;0;0;-3,743019000000000;-38,480134000000000
321951;7;3;2018;18:30;17410;RUA ALM RUBIM;RUA PRO TEODORICO;;0;;Colis?â?úo Transversal;Via Iluminada;Bom;Seca;Cruz;Pare;Residencial;0;1;1;1;0;0;0;0;0;1;0;0;-3,767984000000000;-38,555605000000000
321952;7;3;2018;20:27;0;AV DES GONZAGA;;;0;;Colis?â?úo Traseira;Anoitecer;Bom;Seca;T;Sem?â?íforo;Comercial;0;0;2;1;0;0;0;0;0;0;0;0;-3,797378500000000;-38,499700000000000
321953;7;3;2018;20:52;2551;AV FRANCISCO SA;RUA ALBERTO DE OLIVEIRA;;0;;Colis?â?úo Lateral;Via Iluminada;Bom;Seca;Cruz;Pare;Comercial;0;0;1;1;0;0;0;0;0;1;0;0;-3,710829000000000;-38,576582000000000
321954;7;3;2018;21:30;0;RUA ALBERTO MAGNO;;;1379;;Colis?â?úo Traseira;Via Iluminada;Bom;Seca;Meio de Quadra;N?â?úo H?â?í Controle;Comercial;0;1;2;0;1;0;0;0;0;1;0;0;-3,765857700000000;-38,550903000000000
321936;7;3;2018;07:03;0;RUA PEDRO C FERNANDES;AV FRANCISCO SA;RUA MON DANTAS;0;;Colis?â?úo Traseira;Luz do Dia;Nublado;Molhada;Meio de Quadra;Sem?â?íforo;Comercial;0;2;1;1;0;0;0;0;0;1;0;0;-3,719690000000000;-38,549650000000000
321938;7;3;2018;07:51;0;AV ALBERTO CRAVEIRO;;;2111;;Colis?â?úo Traseira;Luz do Dia;Chuva;Molhada;Meio de Quadra;N?â?úo H?â?í Controle;Residencial;0;1;1;0;0;0;0;0;0;1;0;0;-3,798963000000000;-38,518870000000000
321939;7;3;2018;07:53;0;AV PASTEUR;;;744;;Colis?â?úo Transversal;Luz do Dia;Nublado;Molhada;Meio de Quadra;N?â?úo H?â?í Controle;Comercial;0;1;0;0;0;0;0;0;0;1;0;0;-3,712547300000000;-38,559360000000000
321940;7;3;2018;08:20;12841;RUA SOLON PINHEIRO;RUA SILVA JARDIM;;0;;Colis?â?úo Transversal;Luz do Dia;Bom;Seca;Cruz;Pare;Comercial;0;0;2;1;0;0;0;0;0;0;0;0;-3,741562000000000;-38,530062000000000
321941;7;3;2018;08:51;1321;RUA MARCOS MACEDO;RUA VICENTE LEITE;;0;;Colis?â?úo Transversal;Luz do Dia;Bom;Seca;Cruz;Pare;Comercial;0;2;1;1;0;0;0;0;0;1;0;0;-3,735201000000000;-38,494787000000000
321942;7;3;2018;07:39;15792;RUA CEL FRANCISCO PEREIRA (MESSEJANA);RUA PERGENTINO MAIA;;0;;Colis?â?úo Transversal;Luz do Dia;Chuva;Molhada;Cruz;Pare;Comercial;0;1;1;1;0;0;0;0;0;1;0;0;-3,830868000000000;-38,492803000000000
321943;7;3;2018;09:30;25702;AV JOSE LEON;RUA JOSE A CAVALCANTE;;0;;Colis?â?úo Lateral;Luz do Dia;Bom;Seca;T;Pare;Residencial;0;1;0;0;0;0;0;0;0;1;0;0;-3,789305000000000;-38,495871000000000
321946;7;3;2018;14:24;0;RUA CANUTO DE AGUIAR;;;1077;;Colis?â?úo Lateral;Luz do Dia;Bom;Seca;Meio de Quadra;Pare;Residencial;0;0;2;1;0;0;0;0;0;0;0;0;-3,731454400000000;-38,492980000000000
321947;7;3;2018;14:36;0;AV GODOFREDO MACIEL;;;3878;;Colis?â?úo Transversal;Luz do Dia;Bom;Seca;Meio de Quadra;N?â?úo H?â?í Controle;Comercial;0;0;2;1;0;0;0;0;0;0;0;0;-3,809174300000000;-38,573870000000000
321948;7;3;2018;15:16;19703;RUA PEDRO DE QUEIROZ;RUA GUSTAVO SAMPAIO;;0;;Colis?â?úo Transversal;Luz do Dia;Bom;Seca;Cruz;Pare;Residencial;0;0;1;0;0;0;0;0;0;1;0;0;-3,736097000000000;-38,560577000000000
321959;7;3;2018;12:50;9027;RUA SOLON PINHEIRO;RUA PDE ROMA;;0;;Colis?â?úo Lateral;Luz do Dia;Bom;Seca;Cruz;Pare;Residencial;0;0;2;1;0;0;0;0;0;0;0;0;-3,744648000000000;-38,531103000000000
321960;8;3;2018;12:30;0;AV LUCIANO CARNEIRO;RUA ALFREDO WEYNE (A. WEYNE);;0;;Colis?â?úo Lateral;Luz do Dia;Bom;Seca;T;Pare;Comercial;0;0;2;1;1;0;0;0;0;0;0;0;-3,754830000000000;-38,533460000000000
321961;8;3;2018;14:25;0;AV VIS RIO BRANCO;;;11;;Colis?â?úo Frontal;Luz do Dia;Bom;Seca;Y;Sem?â?íforo;Comercial;0;1;1;0;0;0;0;0;0;1;0;0;-3,730900500000000;-38,525013000000000
321962;8;3;2018;14:37;88;RUA ANARIO BRAGA;RUA FROTA PESSOA;;0;;Colis?â?úo Frontal;Luz do Dia;Bom;Seca;T;Pare;Residencial;0;1;1;1;0;0;0;0;0;1;0;0;-3,737135000000000;-38,592553000000000
321963;8;3;2018;18:00;5399;AV VIS RIO BRANCO;RUA PEDRO I;;0;;Colis?â?úo Lateral;Anoitecer;Bom;Seca;Cruz;Sem?â?íforo;Comercial;0;0;2;1;1;0;0;0;0;0;0;0;-3,732458000000000;-38,524814000000000
321964;8;3;2018;19:00;0;AV ENG SANTANA JUNIOR;;;2591;;Colis?â?úo Traseira;Via Iluminada;Bom;Seca;Meio de Quadra;Sem?â?íforo;Comercial;0;0;2;1;0;0;0;0;0;0;0;0;-3,747917400000000;-38,489643000000000
321975;8;3;2018;15:40;0;AV DR ALDY MENTOR;;;0;;N?â?úo Informado;Luz do Dia;Bom;Seca;Meio de Quadra;N?â?úo H?â?í Controle;Lazer;0;1;1;0;0;0;0;0;0;0;0;0;-3,753492800000000;-38,459087000000000
321966;8;3;2018;19:50;15343;RUA NUNES VALENTE;RUA PEREIRA FILGUEIRAS;;0;;Colis?â?úo Transversal;Via Iluminada;Bom;Seca;Cruz;Sem?â?íforo;Residencial;0;0;2;1;0;0;0;0;0;0;0;0;-3,731786000000000;-38,502310000000000
321967;8;3;2018;20:31;12883;RUA JOAQUIM MAGALHAES;RUA COS TRISTAO;;0;;Colis?â?úo Transversal;Via Iluminada;Bom;Seca;Cruz;Pare;Residencial;0;3;0;1;0;0;0;0;0;0;0;0;-3,740231000000000;-38,527096000000000
321990;8;3;2018;21:28;15437;AV FRE CIRILO;RUA HOMEM DE MELO;;0;;Colis?â?úo Transversal;Mal Iluminada;Bom;Seca;Cruz;Pare;Residencial;0;1;1;1;0;0;0;0;0;1;0;0;-3,817039000000000;-38,497528000000000
321955;8;3;2018;04:05;0;AV JOR JOAO RAMOS;RUA DOS MARINHEIROS;;0;;Colis?â?úo Transversal;Via Iluminada;Bom;Seca;Meio de Quadra;Pare;Residencial;0;1;1;1;0;0;0;0;0;1;0;0;-3,839895000000000;-38,581535000000000
321956;8;3;2018;07:35;0;AV HERACLITO GRACA;;;210;;Colis?â?úo Lateral;Luz do Dia;Nublado;Molhada;Meio de Quadra;N?â?úo H?â?í Controle;Comercial;0;1;1;1;0;0;0;0;0;1;0;0;-3,734025200000000;-38,522450000000000
321957;8;3;2018;10:48;5099;AV TRISTAO GONCALVES;RUA SEN ALENCAR;;0;;Colis?â?úo Lateral;Luz do Dia;Bom;Seca;Cruz;Pare;Comercial;0;1;1;1;0;0;0;0;0;1;0;0;-3,723524000000000;-38,532122000000000
321958;8;3;2018;10:10;0;AV DA UNIVERSIDADE;;;1977;;Colis?â?úo Lateral;Luz do Dia;Bom;Seca;Cruz;Sem?â?íforo;Comercial;0;1;0;1;1;0;0;0;0;0;0;0;-3,735429300000000;-38,534054000000000
322855;8;3;2018;11:40;0;AV GOV RAUL BARBOSA;;;4262;;N?â?úo Informado;Luz do Dia;Bom;Seca;Meio de Quadra;N?â?úo H?â?í Controle;Comercial;0;1;1;1;0;0;0;0;0;1;0;0;-3,761606500000000;-38,507874000000000
315225;8;3;2018;06:30;0;RUA FRANCISCO CALACA;;;626;;Atropelamento;Luz do Dia;;;Meio de Quadra;;;1;0;1;0;0;0;0;0;0;0;0;0;-3,707406500000000;-38,570412000000000
327353;8;3;2018;18:40;0;RD BR 020;;;0;KM 429;Colis?â?úo Traseira;;;;Meio de Quadra;;;0;0;2;1;0;0;1;0;0;0;0;0;-3,869000000000000;-38,507000000000000
327513;8;3;2018;11:15;0;RD CE-040;;;0;KM-10;Colis?â?úo;Luz do Dia;;;Meio de Quadra;;;0;0;2;1;0;0;0;0;0;0;0;0;-3,842576660000000;-38,480882840000000
327514;8;3;2018;14:10;0;RD CE-040;;;0;KM-01;Colis?â?úo;Luz do Dia;;;Meio de Quadra;;;0;0;2;1;0;0;1;0;0;0;0;0;-3,764650449000000;-38,482583040000000
339371;8;3;2018;09:10;10464;AV I CJ CEARA;RUA SAO JOAO D34 (BONSUCESSO);;0;;Colis?â?úo Lateral;Luz do Dia;;;Cruz;Pare;Comercial;0;0;2;1;0;0;0;0;0;0;0;0;-3,770213000000000;-38,597538000000000
329083;8;3;2018;02:48;0;AV DR SILAS MUNGUBA;;;0;;Queda;;;;Meio de Quadra;;;0;1;0;0;0;0;0;0;0;1;0;0;;
329141;8;3;2018;13:57;0;RUA ARARIPE PRATA;;;0;;Colis?â?úo;Luz do Dia;;;Meio de Quadra;;;0;1;0;1;0;0;0;0;0;1;0;0;;
329142;8;3;2018;14:32;0;AV FILOMENO GOMES;;;1047;;Colis?â?úo;Luz do Dia;;;Meio de Quadra;;;0;1;0;0;0;0;0;0;0;0;0;0;;
329143;8;3;2018;15:21;0;RUA DR THOMPSON BULCAO;;;850;;Colis?â?úo;Luz do Dia;;;Meio de Quadra;;;0;1;0;1;0;1;0;0;0;0;0;0;-3,767906000000000;-38,496365500000000
329144;8;3;2018;16:50;0;RUA DOM CARLOTO TAVORA;;;775;;Colis?â?úo;Luz do Dia;;;Meio de Quadra;;;0;1;0;1;0;0;0;0;0;1;0;0;-3,770897000000000;-38,553309400000000
329145;8;3;2018;17:44;0;RUA ADOLFO SIQUEIRA;;;273;;Colis?â?úo;Anoitecer;;;Meio de Quadra;;;0;1;0;1;0;0;0;0;0;1;0;0;-3,742754714000000;-38,517760571000000
329146;8;3;2018;17:58;0;AV JANGADEIROS (MUCURIPE);;;0;;Queda;Anoitecer;;;Meio de Quadra;;;0;1;0;0;0;0;0;0;0;1;0;0;;
329127;8;3;2018;11:25;0;AV DR THEBERGE;;;2822;;Colis?â?úo;Luz do Dia;;;Meio de Quadra;;;0;3;0;1;0;0;0;0;0;1;0;0;-3,727041804000000;-38,568991533000000
329134;8;3;2018;12:31;9011;RUA FLORIANO PEIXOTO;RUA MAJ FACUNDO;;0;;Atropelamento;Luz do Dia;;;Y;Pare;Residencial;0;1;0;0;1;0;0;0;0;0;0;0;-3,744622000000000;-38,532854000000000
329135;8;3;2018;13:17;0;AV AUGUSTO DOS ANJOS;;;909;;Atropelamento;Luz do Dia;;;Meio de Quadra;;;0;1;0;0;0;0;0;0;0;1;0;0;-3,775579152000000;-38,575114151000000
329148;8;3;2018;19:37;0;AV H CJ CEARA;;;535;;Colis?â?úo;;;;Meio de Quadra;;;0;1;0;0;0;0;0;0;0;0;0;0;-3,775186700000000;-38,604784900000000
329090;8;3;2018;06:53;0;AV PRS CASTELO BRANCO;;;0;;Atropelamento;Luz do Dia;;;Meio de Quadra;;;0;1;0;0;0;0;0;0;0;0;0;0;;
329099;8;3;2018;07:25;0;AV GODOFREDO MACIEL;;;0;;Queda;Luz do Dia;;;Meio de Quadra;;;0;1;0;0;0;0;0;0;0;1;0;0;;
329101;8;3;2018;08:01;0;AV PRS CASTELO BRANCO;;;0;;Colis?â?úo;Luz do Dia;;;Meio de Quadra;;;0;1;0;1;0;0;0;0;0;1;0;0;;
329110;8;3;2018;08:15;0;RUA CEARA;;;520;;Colis?â?úo;Luz do Dia;;;Meio de Quadra;;;0;1;0;1;0;0;0;0;0;1;0;0;-3,761205732000000;-38,562313610000000
329111;8;3;2018;08:19;0;AV GAL OSORIO DE PAIVA;;;4617;;Colis?â?úo;Luz do Dia;;;Meio de Quadra;;;0;1;0;0;0;0;0;0;0;0;0;0;-3,799251000000000;-38,596762000000000
329113;8;3;2018;08:36;0;RUA PDE VALDEVINO;;;1801;;Colis?â?úo;Luz do Dia;;;Meio de Quadra;;;0;1;0;1;0;0;0;0;0;1;0;0;-3,741957000000000;-38,507851000000000
329114;8;3;2018;08:59;0;AV CARNEIRO DE MENDONCA;;;411;;Queda;Luz do Dia;;;Meio de Quadra;;;0;1;0;0;0;0;0;0;0;1;0;0;-3,765829114000000;-38,563157686000000
329116;8;3;2018;09:01;0;AV ENG HUMBERTO MONTE;;;0;;Atropelamento;Luz do Dia;;;Meio de Quadra;;;0;1;0;0;0;0;0;0;0;1;0;0;;
329119;8;3;2018;09:24;0;AV MOZART PINHEIRO DE LUCENA;;;2661;;Atropelamento;Luz do Dia;;;Meio de Quadra;;;0;2;0;0;0;0;0;0;0;1;0;0;-3,727676000000000;-38,598376000000000
328902;9;3;2018;17:46;0;RUA PARAGUACU D45;;;816;;Colis?â?úo;Anoitecer;;;Meio de Quadra;;;0;1;1;0;0;0;0;0;0;1;0;0;-3,783017717000000;-38,538207030000000
328903;9;3;2018;18:19;0;AV DES MOREIRA;;;2211;;Atropelamento;Anoitecer;;;Meio de Quadra;;;0;1;1;0;0;0;0;0;0;1;0;0;-3,745056000000000;-38,501184000000000
328904;9;3;2018;18:47;0;AV IMPERADOR;;;0;;Colis?â?úo;;;;Meio de Quadra;;;0;1;1;1;0;0;0;0;0;1;0;0;;
328887;9;3;2018;09:53;15189;AV ABOLICAO;RUA FRE MANSUETO;;0;;Colis?â?úo;Luz do Dia;;;Cruz;Sem?â?íforo;Comercial;0;1;0;0;0;0;0;0;0;0;0;0;-3,726368000000000;-38,489324000000000
328889;9;3;2018;10:44;1601;RUA PDE VALDEVINO;RUA VIS MAUA;;0;;Colis?â?úo;Luz do Dia;;;Cruz;Pare;Comercial;0;1;1;1;0;0;0;0;0;1;0;0;-3,743773000000000;-38,501876000000000
328890;9;3;2018;12:40;5397;AV DUQ CAXIAS;RUA ASSUNCAO;;0;;Atropelamento;Luz do Dia;;;Cruz;Sem?â?íforo;Comercial;0;1;1;0;0;0;0;0;0;1;0;0;-3,732405000000000;-38,527952000000000
328891;9;3;2018;12:52;0;RUA BERNARDO MANUEL;;;7200;;Atropelamento;Luz do Dia;;;Meio de Quadra;;;0;1;1;1;0;0;0;0;0;0;0;0;-3,781268000000000;-38,546074000000000
328892;9;3;2018;13:13;1350;RUA TORRES CAMARA;RUA SILVA PAULET;;0;;Colis?â?úo;Luz do Dia;;;Cruz;Pare;Residencial;0;1;1;1;0;0;0;0;0;0;0;0;-3,735958000000000;-38,505905000000000
328893;9;3;2018;14:06;0;RUA ALBERTO MAGNO;;;1760;;Colis?â?úo;Luz do Dia;;;Meio de Quadra;;;0;1;1;1;0;0;0;0;0;1;0;0;-3,768977000000000;-38,552834000000000
328894;9;3;2018;15:25;0;RUA ISMAEL PORDEUS;;;751;;Queda;Luz do Dia;;;Meio de Quadra;;;0;1;0;0;0;1;0;0;0;0;0;0;-3,723161900000000;-38,469360400000000
328895;9;3;2018;15:50;0;AV HIS RAIMUNDO GIRAO;;;420;;Colis?â?úo;Luz do Dia;;;Meio de Quadra;;;0;1;1;1;0;0;0;0;0;1;0;0;-3,720770000000000;-38,511955556000000
328914;9;3;2018;22:11;0;RUA WALDIR DIOGO;;;700;;Colis?â?úo;;;;Meio de Quadra;;;0;1;0;0;0;0;0;0;0;0;0;0;-3,805156443000000;-38,584150099000000
328915;9;3;2018;22:27;0;RUA ESTADO DO RIO;;;520;;Atropelamento;;;;Meio de Quadra;;;0;1;1;1;0;0;0;0;0;0;0;0;-3,754810064000000;-38,568515915000000
328911;9;3;2018;19:35;0;AV MOZART PINHEIRO DE LUCENA;;;481;;Atropelamento;;;;Meio de Quadra;;;0;1;1;0;0;0;0;0;0;1;0;0;-3,707334200000000;-38,592325700000000
328882;9;3;2018;01:59;0;AV SGT HERMINIO SAMPAIO;;;4261;;Atropelamento;;;;Meio de Quadra;;;0;1;1;1;0;0;0;0;0;0;0;0;-3,731228273000000;-38,578525364000000
328883;9;3;2018;07:42;7209;RUA DNA MENDINHA;RUA IRINEU DE SOUZA;;0;;Colis?â?úo;Luz do Dia;;;Cruz;Pare;Residencial;0;1;1;1;0;0;0;0;0;1;0;0;-3,710048000000000;-38,570294000000000
328884;9;3;2018;08:13;9741;RUA CEL JOAO CORREIA;RUA GUARAREMA;;0;;Colis?â?úo;Luz do Dia;;;;;;0;1;1;1;0;0;0;0;0;1;0;0;-3,787142000000000;-38,619260000000000
328885;9;3;2018;08:43;0;AV BAR STUDART;;;2511;;Colis?â?úo;Luz do Dia;;;Meio de Quadra;;;0;1;1;1;0;0;0;0;0;1;0;0;-3,745559000000000;-38,510095000000000
328879;9;3;2018;00:54;15289;RUA ANA BILHAR;AV DES MOREIRA;;0;;Colis?â?úo;;;;Cruz;Sem?â?íforo;Residencial;0;1;1;1;0;0;0;0;0;1;0;0;-3,729331000000000;-38,496113000000000
328880;9;3;2018;01:24;25044;RUA ARGENTINA;AV ENG HUMBERTO MONTE;;0;;Queda;;;;Cruz;Sem?â?íforo;Residencial;0;1;0;0;0;0;0;0;0;1;0;0;-3,746008000000000;-38,563090000000000
326787;9;3;2018;07:10;2754;RUA OSCAR ARARIPE;RUA RAIMUNDO PINHEIRO;;0;;Colis?â?úo Transversal;Luz do Dia;;;Cruz;Pare;Residencial;0;2;0;1;0;0;0;0;0;1;0;0;-3,791645000000000;-38,597876000000000
326790;9;3;2018;22:00;15289;AV DES MOREIRA;RUA ANA BILHAR;;0;;Colis?â?úo Lateral;;;;Cruz;Sem?â?íforo;Residencial;0;1;1;1;0;0;0;0;0;1;0;0;-3,729331000000000;-38,496113000000000
327516;9;3;2018;07:45;0;AV SEN CARLOS JEREISSATI (AEROPORTO);;;0;KM 01;Colis?â?úo;Luz do Dia;;;Meio de Quadra;;;0;0;2;0;0;0;0;0;0;1;0;0;-3,783753000000000;-38,526850000000000
327517;9;3;2018;17:45;0;AV MIN JOSE AMERICO;;;0;;Colis?â?úo;Anoitecer;;;Meio de Quadra;;;0;0;2;1;0;0;1;0;0;0;0;0;;
327518;9;3;2018;20:30;0;AV MIN JOSE AMERICO;;;0;;Colis?â?úo;;;;Meio de Quadra;;;0;1;1;1;0;1;0;0;0;0;0;0;;
327148;9;3;2018;21:22;12508;AV LINEU MACHADO;RUA ALUISIO AZEVEDO;;0;;Colis?â?úo;;;;Cruz;Sem?â?íforo;Comercial;0;0;2;1;0;0;0;0;0;0;0;0;-3,770212000000000;-38,579184000000000
315228;9;3;2018;18:56;0;AV DOM MANUEL;;;745;;Atropelamento;Mal Iluminada;Bom;Seca;Meio de Quadra;Sem?â?íforo;Comercial;1;0;1;1;0;0;0;0;0;0;0;0;-3,730738900000000;-38,521830000000000
321969;9;3;2018;06:49;3800;AV 13 DE MAIO;RUA CAIO CARLOS;;0;;Colis?â?úo Traseira;Luz do Dia;Bom;Seca;Cruz;N?â?úo H?â?í Controle;Comercial;0;1;2;1;0;0;0;0;0;1;0;0;-3,738286000000000;-38,542160000000000
321970;9;3;2018;10:46;0;RUA VINTE E CINCO DE MARCO;;;139;;Colis?â?úo Lateral;Luz do Dia;Bom;Seca;Meio de Quadra;Pare;Comercial;0;1;0;0;0;0;0;0;0;1;0;0;-3,725359000000000;-38,521244000000000
321971;9;3;2018;10:30;0;RUA PROF. MANOEL LOURENCO;;;0;;Colis?â?úo Transversal;Luz do Dia;Bom;Seca;Meio de Quadra;;;0;1;1;1;0;0;0;0;0;1;0;0;-3,762301400000000;-38,572580000000000
321972;9;3;2018;08:20;5374;RUA BAR RIO BRANCO;AV DUQ CAXIAS;;0;;Colis?â?úo Lateral;Luz do Dia;Bom;Seca;Cruz;Sem?â?íforo;Comercial;0;1;1;1;0;0;0;0;0;1;0;0;-3,731774000000000;-38,529947000000000
321973;9;3;2018;09:44;0;AV DOM LUIS;RUA DELMIRO GOUVEIA;;0;;Colis?â?úo Lateral;Luz do Dia;Bom;Seca;Meio de Quadra;Pare;Comercial;0;2;0;1;1;0;0;0;0;0;0;0;-3,735889000000000;-38,488110000000000
321974;9;3;2018;13:52;1350;RUA SILVA PAULET;RUA TORRES CAMARA;;0;;Colis?â?úo Traseira;Luz do Dia;Bom;Seca;Cruz;Pare;Residencial;0;0;2;1;0;0;0;0;0;0;0;0;-3,735958000000000;-38,505905000000000
321976;9;3;2018;12:30;0;AV DUQ CAXIAS;;;340;;Atropelamento;Luz do Dia;Bom;Seca;Meio de Quadra;N?â?úo H?â?í Controle;Comercial;0;1;1;1;0;0;0;0;0;0;0;0;-3,732460000000000;-38,527584000000000
321977;9;3;2018;16:21;3324;RUA URUGUAI;RUA VIRIATO RIBEIRO;;0;;Colis?â?úo Transversal;Luz do Dia;Bom;Seca;Cruz;Pare;Comercial;0;1;1;0;0;0;0;0;0;1;0;0;-3,748176000000000;-38,563322000000000