COD_ACIDENTE;DIA;MES;ANO;HORA;INTERSECAO;LOG1;LOG2;LOG3;NUMERO;REFERENCIA;NATUREZA;ILUMINACAO;TEMPO;SUPERFICIEPISTA;TIPOCRUZAMENTO;CONTROLETRAFEGO;USOSOLO;MORTOS;FERIDOS;ILESOS;AUTOMOVEL;ONIBUS;BICICLETA;CAMINHAO;MICROONIBUS;CICLOMOTOR;MOTOCICLETA;TRACAOANIMAL;TREM;LATITUDE;LONGITUDE
321978;9;3;2018;16:45;13505;AV RUI BARBOSA;RUA CEL ALVES TEIXEIRA;;0;;Colis?â?úo Lateral;Luz do Dia;Bom;Seca;Cruz;Pare;Comercial;0;1;1;0;0;0;0;0;0;1;0;0;-3,746112000000000;-38,512684000000000
321979;9;3;2018;17:23;25640;RUA VIA LACTEA;RUA 13 DE ABRIL;;0;;Colis?â?úo Lateral;Anoitecer;Bom;Seca;T;N?â?úo H?â?í Controle;Residencial;0;0;2;0;1;0;0;0;0;0;0;0;-3,764333700000000;-38,530075000000000
321980;9;3;2018;18:30;0;AV ROGACIANO LEITE;RUA HELANO BRILHANTE;;0;;Colis?â?úo Transversal;Via Iluminada;Bom;Seca;;;;0;2;1;1;0;0;0;0;0;1;0;0;-3,784235500000000;-38,502617000000000
321981;9;3;2018;19:12;0;AV VIS RIO BRANCO;;;2858;;Colis?â?úo Lateral;Via Iluminada;Bom;Seca;Meio de Quadra;N?â?úo H?â?í Controle;Residencial;0;1;1;1;0;0;0;0;0;1;0;0;-3,746028200000000;-38,522034000000000
321983;9;3;2018;22:43;0;AV GOV RAUL BARBOSA;;;7148;;Colis?â?úo Traseira;Via Iluminada;Bom;Seca;Cruz;Sem?â?íforo;Residencial;0;0;2;1;0;0;0;0;0;1;0;0;-3,775294300000000;-38,513054000000000
321984;9;3;2018;23:15;0;RUA BERNARDO MANUEL;;;7525;;Colis?â?úo Traseira;Via Iluminada;Bom;Seca;Cruz;Sem?â?íforo;Residencial;0;0;2;0;0;0;0;0;0;0;0;0;-3,783958400000000;-38,546745000000000
322019;9;3;2018;19:22;0;AV HIS RAIMUNDO GIRAO;;;420;;Colis?â?úo Transversal;Via Iluminada;Bom;Seca;Meio de Quadra;N?â?úo H?â?í Controle;Comercial;0;0;2;1;0;0;0;0;0;0;0;0;-3,720873000000000;-38,511920000000000
322002;10;3;2018;21:53;0;RUA MIGUEL ARAGAO;;;122;;N?â?úo Informado;Mal Iluminada;Bom;Seca;Meio de Quadra;N?â?úo H?â?í Controle;Residencial;0;0;2;1;0;0;0;0;0;0;0;0;-3,831216600000000;-38,590150000000000
321985;10;3;2018;04:29;0;AV CASTELO DE CASTRO;;;978;;Capotamento;Via Iluminada;Chuva;Molhada;Meio de Quadra;Sem?â?íforo;Comercial;0;0;1;1;0;0;0;0;0;0;0;0;-3,838331200000000;-38,521664000000000
321986;10;3;2018;06:30;0;AV ENG HUMBERTO MONTE;;;0;;Colis?â?úo Traseira;Luz do Dia;Chuva;Molhada;Meio de Quadra;N?â?úo H?â?í Controle;Residencial;0;0;2;1;0;0;0;0;0;0;0;0;-3,737600000000000;-38,569202000000000
321987;10;3;2018;07:39;3859;AV DA UNIVERSIDADE;RUA JUVENAL GALENO;;0;;Colis?â?úo Transversal;Luz do Dia;Chuva;Molhada;Cruz;Sem?â?íforo;Escola;0;1;1;1;0;0;0;0;0;1;0;0;-3,739893000000000;-38,538143000000000
321988;10;3;2018;09:23;0;AV ENG HUMBERTO MONTE;;;0;;N?â?úo Informado;Luz do Dia;Chuva;Molhada;Meio de Quadra;N?â?úo H?â?í Controle;Residencial;0;1;1;1;0;0;0;0;0;1;0;0;-3,737604400000000;-38,569244000000000
321989;10;3;2018;09:55;0;RUA RUBI;;;331;;Choque c/ Obst?â?ículo Fixo;Luz do Dia;Chuva;Molhada;Meio de Quadra;N?â?úo H?â?í Controle;Residencial;0;0;1;1;0;0;0;0;0;0;0;0;-3,809272000000000;-38,557976000000000
321991;10;3;2018;13:45;0;AV ENG ALBERTO SA;;;175;;Colis?â?úo Lateral;Luz do Dia;Bom;Seca;Meio de Quadra;Sem?â?íforo;Residencial;0;1;1;1;0;0;0;0;0;1;0;0;-3,733574600000000;-38,479424000000000
321993;10;3;2018;15:21;0;AV DEP PAULINO ROCHA;;;2183;;Colis?â?úo;Luz do Dia;Bom;Seca;Meio de Quadra;N?â?úo H?â?í Controle;Comercial;0;1;1;1;0;1;0;0;0;0;0;0;-3,810730000000000;-38,517334000000000
321994;10;3;2018;01:48;0;AV OLAVO BILAC;LOGRADOURO SEM NOME;;0;;Colis?â?úo Transversal;Via Iluminada;Bom;Seca;Meio de Quadra;N?â?úo H?â?í Controle;Comercial;0;1;1;1;0;0;0;0;0;1;0;0;-3,734397200000000;-38,564465000000000
321995;10;3;2018;15:55;17395;RUA TEN MOACIR MATOS;RUA ALBERTO MAGNO;;0;;Colis?â?úo Transversal;Luz do Dia;Nublado;Seca;Cruz;Pare;Comercial;0;1;1;0;0;0;0;0;0;1;0;0;-3,767411000000000;-38,552117000000000
321996;10;3;2018;19:15;0;RUA DEMETRIO MENEZES;RUA BALDUINO FREIRE;;0;;Colis?â?úo Transversal;Via Iluminada;Bom;Seca;Cruz;Pare;Comercial;0;1;1;1;0;0;0;0;0;1;0;0;-3,735193500000000;-38,584316000000000
321997;10;3;2018;21:00;22058;RUA RAIMUNDO FACANHA;RUA MAJ PEDRO SAMPAIO;;0;;Colis?â?úo Lateral;Via Iluminada;Bom;Seca;Cruz;Pare;Comercial;0;0;2;1;0;0;0;0;0;0;0;0;-3,737808000000000;-38,545811000000000
321998;10;3;2018;16:06;2699;RUA OSCAR ARARIPE;RUA CEL VIRGILIO NOGUEIRA (BOM JARDIM);;0;;Colis?â?úo Transversal;Luz do Dia;Chuva;Molhada;Cruz;Sem?â?íforo;Comercial;0;2;0;0;0;0;0;0;0;1;0;0;-3,788096000000000;-38,608753000000000
327147;10;3;2018;15:20;25013;RUA TEODOMIRO DE CASTRO;RUA ADOLFO B DE MENEZES;;0;;Colis?â?úo;Luz do Dia;;;Cruz;Pare;Residencial;0;1;1;0;0;0;0;0;0;1;0;0;-3,716619000000000;-38,577425000000000
327152;10;3;2018;20:33;0;RUA BELGICA;;;899;;Colis?â?úo;;;;Meio de Quadra;;;0;0;2;0;0;0;0;0;0;0;0;0;-3,789730000000000;-38,565520000000000
327519;10;3;2018;07:50;0;AV SEN CARLOS JEREISSATI (AEROPORTO);;;0;KM 01;Colis?â?úo;Luz do Dia;;;Meio de Quadra;;;0;0;2;1;0;0;1;0;0;0;0;0;-3,783753000000000;-38,526850000000000
327520;10;3;2018;17:00;0;RD CE-040;;;0;KM-10;Colis?â?úo;Anoitecer;;;Meio de Quadra;;;0;0;2;1;0;0;1;0;0;0;0;0;-3,842576660000000;-38,480882840000000
326803;10;3;2018;00:24;5709;AV OLIVEIRA PAIVA;AV DES GONZAGA;;0;;Colis?â?úo Traseira;;;;Cruz;Sem?â?íforo;Comercial;0;0;2;1;0;0;0;0;0;0;0;0;-3,797165000000000;-38,499953000000000
326799;10;3;2018;19:00;5600;AL CAMELIAS;AV CENTRAL ALA OESTE;;0;;Colis?â?úo Frontal;;;;Cruz;Pare;Misto;0;1;1;1;0;0;0;0;0;1;0;0;-3,750505000000000;-38,472052000000000
326795;10;3;2018;05:40;0;AV BENJAMIM BRASIL;;;339;;Choque c/ Obst?â?ículo Fixo;Amanhecer;;;Meio de Quadra;;;0;1;0;1;0;0;0;0;0;0;0;0;-3,803865455000000;-38,570091182000000
326796;10;3;2018;09:15;0;RUA MON BRUNO;;;397;;Choque c/ Obst?â?ículo Fixo;Luz do Dia;;;Meio de Quadra;;;0;0;2;1;0;0;0;0;0;0;0;0;-3,725589762000000;-38,507242000000000
336616;10;3;2018;00:35;0;AV DR SILAS MUNGUBA;;;1181;;Colis?â?úo;;;;Meio de Quadra;;;0;0;1;1;0;0;0;0;0;1;0;0;-3,782377000000000;-38,555434000000000
336617;10;3;2018;16:15;0;AV DOM MANUEL;;;438;;Colis?â?úo;Luz do Dia;;;Meio de Quadra;;;0;0;1;0;1;0;0;0;0;0;0;0;-3,728054283000000;-38,521013883000000
336618;10;3;2018;20:00;0;AV ENG SANTANA JUNIOR;;;0;;Colis?â?úo;;;;Meio de Quadra;;;0;0;1;0;0;0;0;0;0;1;0;0;;
328916;10;3;2018;04:02;0;AV L CJ CEARA;;;11;;Choque c/ Obst?â?ículo Fixo;;;;Meio de Quadra;;;0;1;0;1;0;0;0;0;0;0;0;0;-3,770194000000000;-38,606437900000000
328917;10;3;2018;06:33;10749;AV SEN FERNANDES TAVORA;RUA PRO HERIBALDO COSTA;;0;;Colis?â?úo;Luz do Dia;;;Cruz;Sem?â?íforo;Comercial;0;1;1;1;0;0;0;0;0;0;0;0;-3,761006000000000;-38,584384000000000
328918;10;3;2018;07:22;0;AV H CJ CEARA;;;0;;Queda;Luz do Dia;;;Meio de Quadra;;;0;1;0;0;0;0;0;0;0;1;0;0;;
329047;10;3;2018;20:31;0;RUA PEDRO MARTINS;;;685;;Colis?â?úo;;;;Meio de Quadra;;;0;1;1;1;0;0;0;0;0;1;0;0;-3,798119311000000;-38,604493793000000
329048;10;3;2018;20:47;0;AV L CJ CEARA;;;3421;;Colis?â?úo;;;;Meio de Quadra;;;0;1;1;0;0;0;0;0;0;1;0;0;-3,769850000000000;-38,606460000000000
329050;10;3;2018;21:45;0;AV JOR THOMAZ COELHO;;;0;;Colis?â?úo;;;;Meio de Quadra;;;0;1;1;0;0;0;0;0;0;1;0;0;;
329037;10;3;2018;19:54;0;AV WASHINGTON SOARES;;;0;;Colis?â?úo;;;;Meio de Quadra;;;0;1;1;1;0;0;0;0;0;1;0;0;;
329038;10;3;2018;19:56;0;RUA FRE ALEMAO;;;460;;Colis?â?úo;;;;Meio de Quadra;;;0;1;0;0;0;0;0;0;0;0;0;0;-3,788189765000000;-38,544738529000000
329034;10;3;2018;19:44;0;AV MOZART PINHEIRO DE LUCENA;;;1140;;Colis?â?úo;;;;Meio de Quadra;;;0;1;1;1;0;0;0;0;0;1;0;0;-3,712713857000000;-38,594086286000000
329035;10;3;2018;19:47;0;AV PERIMETRAL;;;2248;;Colis?â?úo;;;;Meio de Quadra;;;0;1;1;0;0;0;0;0;0;1;0;0;;
329023;10;3;2018;16:31;0;RUA HIPOLITO PAMPLONA;;;677;;Colis?â?úo;Luz do Dia;;;Meio de Quadra;;;0;1;1;1;0;0;0;0;0;1;0;0;-3,746825938000000;-38,595862000000000
329026;10;3;2018;17:01;0;RUA PDE PERDIGAO SAMPAIO;;;385;;Colis?â?úo;Anoitecer;;;Meio de Quadra;;;0;1;1;1;0;0;0;0;0;1;0;0;-3,734677000000000;-38,595821000000000
329027;10;3;2018;18:31;0;AL CAMELIAS;;;334;;Colis?â?úo;;;;Meio de Quadra;;;0;1;1;1;0;0;0;0;0;1;0;0;-3,750493929000000;-38,472086238000000
329028;10;3;2018;18:34;0;RUA DOM HENRIQUE;;;267;;Colis?â?úo;;;;Meio de Quadra;;;0;1;0;0;0;0;0;0;0;0;0;0;-3,789212182000000;-38,579744000000000
329029;10;3;2018;19:02;19667;AV BEZERRA DE MENEZES;RUA DOM LINO;;0;;Atropelamento;;;;;;;0;1;1;0;0;0;0;0;0;0;0;0;-3,734232000000000;-38,557568000000000
329030;10;3;2018;19:07;7386;RUA PRO EDGAR DE ARRUDA;RUA BELEM;;0;;Colis?â?úo;;;;Cruz;Pare;Residencial;0;1;1;1;0;0;0;0;0;1;0;0;-3,754894000000000;-38,591051000000000
329031;10;3;2018;19:37;0;RUA CEL QUEIROZ;;;153;;Colis?â?úo;;;;Meio de Quadra;;;0;1;1;0;0;0;0;0;0;1;0;0;-3,731324700000000;-38,471899200000000
328981;10;3;2018;13:54;0;AV GOV RAUL BARBOSA;;;0;;Queda;Luz do Dia;;;Meio de Quadra;;;0;1;0;0;0;0;0;0;0;1;0;0;;
328973;10;3;2018;12:17;0;AV GAL OSORIO DE PAIVA;;;0;;Colis?â?úo;Luz do Dia;;;Meio de Quadra;;;0;1;1;1;0;0;0;0;0;1;0;0;;
328984;10;3;2018;13:55;904;AV ALBERTO CRAVEIRO;AV GOV RAUL BARBOSA;;0;;Queda;Luz do Dia;;;;;;0;1;0;0;0;0;0;0;0;1;0;0;-3,779296000000000;-38,514593000000000
328967;10;3;2018;11:49;0;AV JOAO PESSOA;;;6754;;;Luz do Dia;;;Meio de Quadra;;;0;1;1;1;0;0;0;0;0;1;0;0;-3,768973627000000;-38,560523232000000
328968;10;3;2018;12:15;0;RUA CEL MATOS DOURADO;;;0;;Colis?â?úo;Luz do Dia;;;Meio de Quadra;;;0;1;1;1;0;0;0;0;0;1;0;0;;
328977;10;3;2018;12:58;25125;RUA ROCHA LIMA;RUA DNA LEOPOLDINA;;0;;Colis?â?úo;Luz do Dia;;;Cruz;Pare;Residencial;0;1;1;1;0;0;0;0;0;1;0;0;-3,736665000000000;-38,521427000000000
328978;10;3;2018;12:58;0;RUA FARIAS LEMOS;;;0;;Colis?â?úo;Luz do Dia;;;Meio de Quadra;;;0;1;1;1;0;0;0;0;0;1;0;0;;
328979;10;3;2018;13:08;5328;AV DUQ CAXIAS;AV TRISTAO GONCALVES;;0;;Colis?â?úo;Luz do Dia;;;Cruz;Sem?â?íforo;Comercial;0;1;1;0;0;0;0;0;0;1;0;0;-3,730400000000000;-38,534196000000000
328959;10;3;2018;11:07;0;RUA JARDIM FLUMINENSE;;;1279;;Colis?â?úo;Luz do Dia;;;Meio de Quadra;;;0;1;1;0;0;0;0;0;0;1;0;0;-3,811795600000000;-38,599988400000000
328965;10;3;2018;11:21;9018;RUA SALDANHA MARINHO;RUA SOLON PINHEIRO;;0;;Colis?â?úo;Luz do Dia;;;Cruz;Pare;Residencial;0;1;1;1;0;0;0;0;0;1;0;0;-3,742594000000000;-38,530406000000000
328957;10;3;2018;08:55;0;AV AUGUSTO DOS ANJOS;;;489;;Queda;Luz do Dia;;;Meio de Quadra;;;0;1;0;0;0;0;0;0;0;1;0;0;-3,773047000000000;-38,572792100000000
328955;10;3;2018;08:48;0;AV LAURO VIEIRA CHAVES;;;0;;Colis?â?úo;Luz do Dia;;;Meio de Quadra;;;0;1;1;1;0;0;0;0;0;1;0;0;;
328952;10;3;2018;07:53;0;AV DEP PAULINO ROCHA;;;2025;;Queda;Luz do Dia;;;Meio de Quadra;;;0;1;1;0;0;0;0;0;0;1;0;0;-3,810928000000000;-38,516226000000000
328953;10;3;2018;07:58;25000;RUA COSTA BARROS;AV DOM MANUEL;;0;;Queda;Luz do Dia;;;Cruz;Sem?â?íforo;Comercial;0;1;0;0;0;0;0;0;0;1;0;0;-3,727381000000000;-38,520793000000000
328949;10;3;2018;07:27;15812;RUA MANUEL CASTELO BRANCO;RUA CEL FRANCISCO PEREIRA (MESSEJANA);;0;;Atropelamento;Luz do Dia;;;Cruz;Sem?â?íforo;Comercial;0;1;1;0;0;0;0;0;0;1;0;0;-3,831773000000000;-38,492929000000000
329051;11;3;2018;00:48;0;AV DIOGUINHO;;;0;;Colis?â?úo;;;;Meio de Quadra;;;0;1;1;1;0;0;0;0;0;1;0;0;;
329052;11;3;2018;01:48;0;AV LUCIANO CARNEIRO;;;0;;Queda;;;;Meio de Quadra;;;0;1;0;0;0;1;0;0;0;0;0;0;;
329053;11;3;2018;02:09;0;RUA FRANCA;;;1159;;Queda;;;;Meio de Quadra;;;0;1;0;0;0;0;0;0;0;1;0;0;-3,792285522000000;-38,563503174000000
329054;11;3;2018;03:39;0;AV WASHINGTON SOARES;;;0;;Atropelamento;;;;Meio de Quadra;;;0;1;1;0;0;0;0;0;0;0;0;0;;
329055;11;3;2018;04:07;0;RUA DIOGO CORREIA;;;257;;Colis?â?úo;;;;Meio de Quadra;;;0;1;1;0;0;0;0;0;0;1;0;0;-3,771879929000000;-38,589673857000000
329057;11;3;2018;05:30;0;RUA DRAGAO DO MAR;;;0;;Atropelamento;Amanhecer;;;Meio de Quadra;;;0;1;0;0;0;0;0;0;0;0;0;0;;
329058;11;3;2018;08:23;0;RUA JOAO FIRMINO;;;283;;Colis?â?úo;Luz do Dia;;;Meio de Quadra;;;0;1;1;1;0;0;0;0;0;1;0;0;-3,763514000000000;-38,554753900000000
329059;11;3;2018;08:57;0;AV FRANCISCO SA;;;0;;Queda;Luz do Dia;;;Meio de Quadra;;;0;1;0;0;0;0;0;0;0;1;0;0;;
329060;11;3;2018;09:18;0;RUA BRISAMAR;;;943;;Queda;Luz do Dia;;;Meio de Quadra;;;0;1;0;0;0;1;0;0;0;0;0;0;-3,710730000000000;-38,466490000000000
329061;11;3;2018;10:53;0;AV PRS COSTA E SILVA;;;0;;Colis?â?úo;Luz do Dia;;;Meio de Quadra;;;0;1;0;0;0;0;0;0;0;0;0;0;;
329064;11;3;2018;11:49;0;AV GAL OSORIO DE PAIVA;;;3379;;Queda;Luz do Dia;;;Meio de Quadra;;;0;1;0;0;0;0;0;0;0;1;0;0;-3,790649800000000;-38,588395600000000
329068;11;3;2018;12:45;0;RUA ARI MAIA;;;764;;Colis?â?úo;Luz do Dia;;;Meio de Quadra;;;0;1;0;0;0;0;0;0;0;0;0;0;-3,782620000000000;-38,621240000000000
329069;11;3;2018;13:01;0;RUA LIV LUIZ MAIA;;;270;;Colis?â?úo;Luz do Dia;;;Meio de Quadra;;;0;1;1;1;0;0;0;0;0;1;0;0;-3,742880800000000;-38,523931600000000
329066;11;3;2018;12:08;0;RUA TEODORO DE CASTRO;;;6379;;Queda;Luz do Dia;;;Meio de Quadra;;;0;1;0;0;0;0;0;0;0;1;0;0;-3,778670000000000;-38,608940000000000
329073;11;3;2018;15:12;0;RUA BETEL;;;1019;;Colis?â?úo;Luz do Dia;;;Meio de Quadra;;;0;1;1;1;0;0;0;0;0;1;0;0;;
329074;11;3;2018;15:28;0;AV GAL OSORIO DE PAIVA;;;3440;;Colis?â?úo;Luz do Dia;;;Meio de Quadra;;;0;1;0;0;0;0;0;0;0;0;0;0;-3,791303769000000;-38,589018205000000
329071;11;3;2018;13:26;0;AV PINTO BANDEIRA D56;;;263;;Colis?â?úo;Luz do Dia;;;Meio de Quadra;;;0;1;1;1;0;0;0;0;0;1;0;0;-3,774364464000000;-38,487092661000000
329136;11;3;2018;17:32;0;RUA BAR CANINDE;;;32;LOJA FOTO BARAO DE CANIDE;Colis?â?úo;Anoitecer;;;Meio de Quadra;;;0;1;1;1;0;0;0;0;0;1;0;0;-3,759438545000000;-38,549938247000000
329153;11;3;2018;18:59;0;AV SEN VIRGILIO TAVORA;;;617;;Colis?â?úo;;;;Meio de Quadra;;;0;1;1;1;0;1;0;0;0;0;0;0;-3,732865000000000;-38,491882000000000
329154;11;3;2018;19:40;7329;RUA PRO PAULO LOPES;RUA MANAUS;;0;;Colis?â?úo;;;;Cruz;Pare;Residencial;0;1;1;1;0;0;0;0;0;1;0;0;-3,753573000000000;-38,591163000000000
329151;11;3;2018;18:28;237;RUA CRUZ SALDANHA;RUA GAL BERNARDO FIGUEIREDO;;0;;Colis?â?úo;Anoitecer;;;;;;0;1;1;1;0;0;0;0;0;1;0;0;-3,739928000000000;-38,553030000000000
329132;11;3;2018;15:56;0;AV SEN FERNANDES TAVORA;;;854;;Colis?â?úo;Luz do Dia;;;Meio de Quadra;;;0;1;1;1;0;0;0;0;0;1;0;0;-3,763110889000000;-38,580445000000000
329171;11;3;2018;20:16;0;AV JOSE BASTOS;;;1670;;Colis?â?úo;;;;Meio de Quadra;;;0;1;1;0;0;0;0;0;0;1;0;0;-3,741991100000000;-38,542548000000000
329172;11;3;2018;20:41;0;AV JORGE CAVALCANTE;;;1141;;Colis?â?úo;;;;Meio de Quadra;;;0;1;0;0;0;0;0;0;0;0;0;0;;
329169;11;3;2018;20:06;6573;AV C CJ CEARA;AV H CJ CEARA;;0;;Colis?â?úo;;;;Outros;Pare;Residencial;0;1;1;1;0;0;0;0;0;1;0;0;-3,762711000000000;-38,609547000000000
329192;11;3;2018;21:10;0;AV D CJ CEARA;;;770;;Atropelamento;;;;Meio de Quadra;;;0;2;0;0;0;0;0;0;0;0;0;0;;
329193;11;3;2018;21:31;0;RUA PAULO ANDRE;;;349;;Queda;;;;Meio de Quadra;;;0;1;0;0;0;0;0;0;0;1;0;0;;
329189;11;3;2018;20:57;0;RUA GEORGE CAVALCANTE;;;1141;;Colis?â?úo;;;;Meio de Quadra;;;0;1;1;1;0;1;0;0;0;0;0;0;-3,721478200000000;-38,592059100000000
329190;11;3;2018;20:57;0;AV GAL MURILO BORGES;;;1061;;Colis?â?úo;;;;Meio de Quadra;;;0;1;1;1;0;0;0;0;0;1;0;0;-3,765774800000000;-38,501138800000000
329201;11;3;2018;22:00;0;RUA VICENTE LEITE;;;20;;Colis?â?úo;;;;Meio de Quadra;;;0;1;1;1;0;0;0;0;0;1;0;0;-3,727747800000000;-38,492523400000000
329203;11;3;2018;22:32;0;RUA DOS ABOLICIONISTAS;;;110;;Colis?â?úo;;;;Meio de Quadra;;;0;1;0;0;0;0;0;0;0;0;0;0;-3,698250000000000;-38,579190000000000
327153;11;3;2018;15:14;18756;RUA VALPARAISO;AV B CJ HAB ST SAO JOAO;;0;;Colis?â?úo;Luz do Dia;;;Cruz;Pare;Residencial;0;0;2;1;0;0;0;0;0;0;0;0;-3,846515000000000;-38,517719000000000
321999;11;3;2018;07:59;1447;AV DES MOREIRA;RUA TORRES CAMARA;;0;;Colis?â?úo Transversal;Luz do Dia;Nublado;Molhada;Cruz;Sem?â?íforo;Comercial;0;1;1;0;0;0;0;0;0;1;0;0;-3,738207000000000;-38,498980000000000
322000;11;3;2018;11:15;0;AV PRS COSTA E SILVA;;;1347;;Atropelamento;Luz do Dia;Bom;Seca;Meio de Quadra;N?â?úo H?â?í Controle;Comercial;0;1;1;1;0;0;0;0;0;0;0;0;-3,824342500000000;-38,545567000000000
322001;11;3;2018;13:28;0;AV FILOMENO GOMES;;;814;;Engavetamento;Luz do Dia;Bom;Seca;Meio de Quadra;N?â?úo H?â?í Controle;Comercial;0;0;1;1;0;0;0;0;0;0;0;0;-3,722090200000000;-38,541190000000000
322003;11;3;2018;16:41;0;RUA VITORIA (AV. PERIMETRAL);;;854;;Colis?â?úo Traseira;Luz do Dia;Bom;Seca;Meio de Quadra;N?â?úo H?â?í Controle;Comercial;0;1;0;0;0;0;0;0;0;1;0;0;-3,760347400000000;-38,586002000000000
322004;11;3;2018;18:50;0;AV SEN VIRGILIO TAVORA;;;617;;Atropelamento;Via Iluminada;Bom;Seca;Meio de Quadra;N?â?úo H?â?í Controle;Comercial;0;1;1;0;0;1;0;0;0;0;0;0;-3,733071300000000;-38,491960000000000
322005;11;3;2018;19:41;0;AV PRS COSTA E SILVA;;;4442;;Colis?â?úo Traseira;Via Iluminada;Bom;Seca;Meio de Quadra;N?â?úo H?â?í Controle;Comercial;0;0;2;1;0;0;0;0;0;0;0;0;-3,825552700000000;-38,540085000000000
322006;11;3;2018;20:07;0;RUA GAL RABELO;;;232;;N?â?úo Informado;Via Iluminada;Bom;Seca;Meio de Quadra;N?â?úo H?â?í Controle;Residencial;0;0;2;0;0;0;0;0;0;0;0;0;-3,805190300000000;-38,605230000000000
322007;11;3;2018;21:15;1716;AV GOV RAUL BARBOSA;AV GAL MURILO BORGES;;0;;Colis?â?úo Transversal;Via Iluminada;Bom;Seca;Rotat?â??ria;D?â?¬ Prefer?â?¬ncia;Residencial;0;0;2;0;0;0;0;0;0;1;0;0;-3,763977000000000;-38,508802000000000
322008;11;3;2018;19:11;15558;RUA LETICIA;RUA NICOLAU COELHO;;0;;Colis?â?úo;Via Iluminada;Bom;Seca;T;Pare;Residencial;0;1;1;1;0;1;0;0;0;0;0;0;-3,821830000000000;-38,492521000000000
322014;11;3;2018;11:00;1516;AV PDE ANTONIO TOMAS;AV DES MOREIRA;;0;;Colis?â?úo Transversal;Luz do Dia;Bom;Molhada;Cruz;Sem?â?íforo;Comercial;0;2;0;1;0;0;0;0;0;0;0;0;-3,740161000000000;-38,499616000000000
322156;11;3;2018;04:40;1333;RUA BARBOSA DE FREITAS;RUA MARIA TOMASIA;;0;;Colis?â?úo Transversal;Via Iluminada;Chuva;Molhada;Cruz;Pare;Comercial;0;1;1;1;0;0;0;0;0;0;0;0;-3,735546000000000;-38,497042000000000
322012;11;3;2018;16:12;12682;AV CEL CARVALHO;RUA DEP MATOSO FILHO;;0;;Colis?â?úo Transversal;Luz do Dia;Bom;Seca;T;Pare;Comercial;0;0;2;1;1;0;0;0;0;0;0;0;-3,729932000000000;-38,584780000000000
322020;12;3;2018;20:15;1580;RUA NUNES VALENTE;RUA PDE VALDEVINO;;0;;Colis?â?úo Transversal;Via Iluminada;Nublado;Seca;Cruz;Pare;Residencial;0;0;2;1;0;0;0;0;0;0;0;0;-3,742608000000000;-38,505782000000000
322021;12;3;2018;22:15;0;RUA PRO FRANCISCO GONCALVES;;;444;;Choque c/ Obst?â?ículo Fixo;Via Iluminada;Bom;Seca;;;;0;1;1;1;0;0;0;0;0;0;0;0;-3,748503000000000;-38,496346000000000
322010;12;3;2018;09:26;9104;RUA GRACILIANO RAMOS;RUA PAULA RODRIGUES;;0;;Colis?â?úo Lateral;Luz do Dia;Bom;Seca;Cruz;Pare;Residencial;0;0;2;1;0;0;0;0;0;0;0;0;-3,755149000000000;-38,528324000000000
322011;12;3;2018;09:49;9152;RUA MARTINHO RODRIGUES;RUA MIN JOAQUIM BASTOS D14;;0;;Colis?â?úo Lateral;Luz do Dia;Bom;Seca;Cruz;Pare;Residencial;0;0;2;1;0;0;0;0;0;0;0;0;-3,754850000000000;-38,526951000000000
322059;12;3;2018;11:08;12521;RUA JULIO BRAGA;AV AUGUSTO DOS ANJOS;;0;;Choque c/ Obst?â?ículo Fixo;Luz do Dia;Nublado;Seca;Cruz;Sem?â?íforo;Comercial;0;1;0;1;0;0;0;0;0;0;0;0;-3,776779000000000;-38,576193000000000
322015;12;3;2018;13:00;18445;RUA PDE MAXIMO FEITOSA;AV SGT HERMINIO SAMPAIO;;0;;Colis?â?úo Transversal;Luz do Dia;Bom;Seca;Cruz;Pare;Comercial;0;0;1;0;0;0;0;0;0;1;0;0;-3,729827000000000;-38,574930000000000
322016;12;3;2018;16:01;19662;RUA GUSTAVO SAMPAIO;RUA PRO NOGUEIRA;;0;;Colis?â?úo Transversal;Luz do Dia;Bom;Seca;Cruz;Pare;Comercial;0;0;2;1;0;0;0;0;0;0;0;0;-3,733875000000000;-38,549740000000000
322017;12;3;2018;15:50;0;RUA CEL FRANCISCO PEREIRA (MESSEJANA);;;39;;Colis?â?úo Lateral;Luz do Dia;Bom;Seca;Meio de Quadra;N?â?úo H?â?í Controle;Comercial;0;1;1;1;1;0;0;0;0;0;0;0;-3,748514200000000;-38,545906000000000
322018;12;3;2018;15:30;0;AV PASTEUR;RUA CRUZEIRO DO SUL;;894;;Colis?â?úo Frontal;Luz do Dia;Bom;Seca;Cruz;Pare;Residencial;0;0;2;1;0;0;0;0;0;0;0;0;-3,713776600000000;-38,559803000000000
327154;12;3;2018;15:45;0;AV DOMINGOS OLIMPIO;;;0;;Colis?â?úo;Luz do Dia;;;Meio de Quadra;;;0;0;2;0;1;0;0;0;0;0;0;0;;