COD_ACIDENTE;DIA;MES;ANO;HORA;INTERSECAO;LOG1;LOG2;LOG3;NUMERO;REFERENCIA;NATUREZA;ILUMINACAO;TEMPO;SUPERFICIEPISTA;TIPOCRUZAMENTO;CONTROLETRAFEGO;USOSOLO;MORTOS;FERIDOS;ILESOS;AUTOMOVEL;ONIBUS;BICICLETA;CAMINHAO;MICROONIBUS;CICLOMOTOR;MOTOCICLETA;TRACAOANIMAL;TREM;LATITUDE;LONGITUDE
327158;12;3;2018;10:10;0;AV MR HULL;;;0;;Atropelamento;Luz do Dia;;;Meio de Quadra;;;0;1;1;0;0;0;0;0;0;0;0;0;;
327522;12;3;2018;10:50;0;AV ENG SANTANA JUNIOR;;;0;;Colis?â?úo;Luz do Dia;;;Meio de Quadra;;;0;0;2;1;0;0;0;0;0;0;0;0;;
327523;12;3;2018;16:00;0;AV SEN CARLOS JEREISSATI (AEROPORTO);;;0;KM 02;Colis?â?úo;Luz do Dia;;;Meio de Quadra;;;0;0;2;1;0;0;0;0;0;0;0;0;-3,782194000000000;-38,535424000000000
327525;12;3;2018;17:30;0;AV ENG SANTANA JUNIOR;;;0;;Colis?â?úo;Anoitecer;;;Meio de Quadra;;;0;0;2;1;0;0;0;0;0;1;0;0;;
327354;12;3;2018;07:40;0;RD BR 116;;;5000;KM-05;Tombamento;Luz do Dia;;;Meio de Quadra;;;0;2;0;0;0;0;0;0;0;1;0;0;-3,796502000000000;-38,506787000000000
329204;12;3;2018;02:37;0;AV G CJ CEARA;;;9;;Colis?â?úo;;;;Meio de Quadra;;;0;1;0;0;0;0;0;0;0;0;0;0;-3,769895200000000;-38,613562900000000
329205;12;3;2018;06:18;0;RUA FOT RIBEIRO;;;62;;Queda;Luz do Dia;;;Meio de Quadra;;;0;1;0;0;0;1;0;0;0;0;0;0;-3,750068000000000;-38,499525000000000
329206;12;3;2018;06:53;0;AV JOR JOAO RAMOS;;;0;;Colis?â?úo;Luz do Dia;;;Meio de Quadra;;;0;1;1;1;0;0;0;0;0;1;0;0;;
329207;12;3;2018;07:43;0;RD BR 116;;;0;;Colis?â?úo;Luz do Dia;;;Meio de Quadra;;;0;1;1;1;0;0;0;0;0;1;0;0;;
329234;12;3;2018;10:41;0;RUA PDE PEDRO DE ALENCAR;;;372;;Atropelamento;Luz do Dia;;;Meio de Quadra;;;0;1;1;0;1;0;0;0;0;0;0;0;-3,831020286000000;-38,493925114000000
329242;12;3;2018;11:15;0;RUA VALPARAISO;;;153;;Colis?â?úo;Luz do Dia;;;Meio de Quadra;;;0;1;1;1;0;0;0;0;0;1;0;0;-3,843590000000000;-38,526680000000000
329243;12;3;2018;11:24;0;RUA 16 CJ NOVA ASSUNCAO;;;980;;Colis?â?úo;Luz do Dia;;;Meio de Quadra;;;0;1;1;1;0;0;0;0;0;1;0;0;;
329244;12;3;2018;11:33;0;RUA 301 CJ CEARA;;;416;;Colis?â?úo;Luz do Dia;;;Meio de Quadra;;;0;1;1;1;0;1;0;0;0;0;0;0;-3,775540000000000;-38,612510000000000
329239;12;3;2018;10:47;0;RUA CHICO LEMOS;;;0;;Colis?â?úo;Luz do Dia;;;Meio de Quadra;;;0;1;1;0;0;0;0;0;0;1;0;0;;
329240;12;3;2018;10:53;0;RUA CAP NESTOR GOIS;;;347;;Queda;Luz do Dia;;;Meio de Quadra;;;0;1;0;0;0;1;0;0;0;0;0;0;-3,722850945000000;-38,561428444000000
329252;12;3;2018;12:13;9575;RUA TEODORO DE CASTRO;RUA SAO LUIZ DO OESTE;;0;;Colis?â?úo;Luz do Dia;;;Cruz;Pare;Residencial;0;1;1;1;0;0;0;0;0;1;0;0;-3,778623000000000;-38,609112000000000
329254;12;3;2018;13:27;0;RUA ALEXANDRE BARAUNA;;;0;;Colis?â?úo;Luz do Dia;;;Meio de Quadra;;;0;1;1;1;0;0;0;0;0;1;0;0;;
329256;12;3;2018;13:50;0;AV SGT HERMINIO SAMPAIO;;;0;;Colis?â?úo;Luz do Dia;;;Meio de Quadra;;;0;1;1;0;0;0;0;0;0;1;0;0;;
329257;12;3;2018;14:16;14385;RUA SABINO BATISTA;RUA GERSON FARIAS;;0;;Colis?â?úo;Luz do Dia;;;;;;0;1;1;1;0;0;0;0;0;1;0;0;-3,723350000000000;-38,552625000000000
329258;12;3;2018;14:22;0;RUA CARLOS STUDART;;;581;;Colis?â?úo;Luz do Dia;;;Meio de Quadra;;;0;1;1;1;0;0;0;0;0;1;0;0;-3,796922628000000;-38,569119608000000
329263;12;3;2018;14:52;0;RUA ANTONIO POMPEU;;;0;;Colis?â?úo;Luz do Dia;;;Meio de Quadra;;;0;1;1;1;0;0;0;0;0;1;0;0;;
329264;12;3;2018;14:52;0;AV MAJ ASSIS;;;0;;Colis?â?úo;Luz do Dia;;;Meio de Quadra;;;0;1;1;1;0;0;0;0;0;1;0;0;;
329265;12;3;2018;14:58;13409;RUA MON BRUNO;RUA JOAO BRIGIDO;;0;;Colis?â?úo;Luz do Dia;;;Cruz;Pare;Comercial;0;1;1;1;0;0;0;0;0;1;0;0;-3,741670000000000;-38,512432000000000
329266;12;3;2018;15:03;16488;RUA CEL TIBURCIO;RUA CARLOS PIMENTA;;0;;Queda;Luz do Dia;;;;;;0;1;0;0;0;0;0;0;0;1;0;0;-3,815090000000000;-38,574623000000000
329268;12;3;2018;16:04;311;RUA PEDRO DE QUEIROZ;RUA DAMIAO FERNANDES;;0;;Colis?â?úo;Luz do Dia;;;Meio de Quadra;Pare;Residencial;0;1;1;1;0;0;0;0;0;1;0;0;-3,744021000000000;-38,558940000000000
329269;12;3;2018;16:11;0;AV ALBERTO CRAVEIRO;;;0;;Colis?â?úo;Luz do Dia;;;Meio de Quadra;;;0;1;0;0;0;0;0;0;0;0;0;0;;
329272;12;3;2018;17:04;0;RD QUARTO ANEL VIARIO;;;2935;;Colis?â?úo;Anoitecer;;;Meio de Quadra;;;0;1;0;0;0;0;0;0;0;0;0;0;;
329273;12;3;2018;17:31;0;AV CEL CARVALHO;;;1948;;Colis?â?úo;Anoitecer;;;Meio de Quadra;;;0;1;0;0;0;0;0;0;0;0;0;0;-3,719494714000000;-38,587408572000000
329276;12;3;2018;18:11;0;RUA ESTEVAO DE CAMPOS;;;380;;Colis?â?úo;Anoitecer;;;Meio de Quadra;;;0;1;1;1;0;0;0;0;0;1;0;0;-3,705914313000000;-38,577828188000000
329277;12;3;2018;20:40;0;AV CASTELO DE CASTRO;;;739;;Colis?â?úo;;;;Meio de Quadra;;;0;1;1;1;0;0;0;0;0;1;0;0;-3,836041000000000;-38,521663000000000
329260;12;3;2018;14:26;0;AV MOZART PINHEIRO DE LUCENA;;;1919;;Colis?â?úo;Luz do Dia;;;Meio de Quadra;;;0;1;1;1;0;0;0;0;0;1;0;0;-3,719273286000000;-38,595973714000000
329338;12;3;2018;21:28;0;RUA MANUEL CASTELO BRANCO;;;0;;Colis?â?úo;;;;Meio de Quadra;;;0;1;1;1;0;0;0;0;0;1;0;0;;
329348;12;3;2018;21:44;0;RUA BERNARDO MANUEL;;;9976;;Colis?â?úo;;;;Meio de Quadra;;;0;1;1;1;0;0;0;0;0;1;0;0;-3,804702000000000;-38,553210000000000
329349;12;3;2018;22:34;23644;RUA DR GILBERTO CAMARA;RUA BAR CRATO;;0;;Colis?â?úo;;;;Cruz;Pare;Residencial;0;1;1;0;0;0;0;0;0;1;0;0;-3,722266000000000;-38,563395000000000
326808;12;3;2018;13:30;17617;RUA CEARA;RUA ACRE;;0;;Colis?â?úo Lateral;Luz do Dia;;;T;Pare;Residencial;0;0;2;1;0;0;0;0;0;0;0;0;-3,759573000000000;-38,564785000000000
326809;12;3;2018;08:50;0;AV MACIEL BEZERRA;;;1968;;Outros;Luz do Dia;;;Meio de Quadra;;;0;2;0;0;0;1;0;0;0;1;0;0;;
326810;12;3;2018;16:40;0;RUA ANTONIO MARTINS;;;0;;Colis?â?úo Traseira;Luz do Dia;;;Meio de Quadra;;;0;0;2;1;1;0;0;0;0;0;0;0;;
326812;12;3;2018;21:00;0;RUA FAUSTO CABRAL;;;618;;Colis?â?úo Lateral;;;;Meio de Quadra;;;0;0;2;1;0;0;0;0;0;0;0;0;-3,733662000000000;-38,476448000000000
326817;13;3;2018;09:40;10405;AV GENIBAU;RUA JOSE MENDONCA;;0;;Colis?â?úo Transversal;Luz do Dia;;;T;Pare;Residencial;0;0;2;1;0;0;0;0;0;0;0;0;-3,760237000000000;-38,602771000000000
326818;13;3;2018;08:10;5758;AV OLIVEIRA PAIVA;RUA VALTER DE CASTRO;;0;;Colis?â?úo Transversal;Luz do Dia;;;Duplo T;Sem?â?íforo;Comercial;0;1;2;1;0;0;0;0;0;1;0;0;-3,795578000000000;-38,493446000000000
326814;13;3;2018;09:00;0;AV PRS COSTA E SILVA;;;2861;;Colis?â?úo Lateral;Luz do Dia;;;Meio de Quadra;;;0;1;1;0;0;0;1;0;0;1;0;0;-3,821340000000000;-38,556820000000000
329350;13;3;2018;06:11;0;AV PERIMETRAL;;;0;;Colis?â?úo;Luz do Dia;;;Meio de Quadra;;;0;1;1;1;0;0;0;0;0;1;0;0;;
329406;13;3;2018;10:23;0;AV GOV RAUL BARBOSA;;;0;;Colis?â?úo;Luz do Dia;;;Meio de Quadra;;;0;1;1;1;0;0;0;0;0;1;0;0;;
329354;13;3;2018;07:44;0;RD ESTRADA DA PAJUCARA;;;0;;Queda;Luz do Dia;;;Meio de Quadra;;;0;1;0;0;0;0;0;0;0;1;0;0;;
329355;13;3;2018;08:04;0;AV GOV RAUL BARBOSA;;;0;;Colis?â?úo;Luz do Dia;;;Meio de Quadra;;;0;1;1;1;0;0;0;0;0;1;0;0;;
329356;13;3;2018;08:47;0;AV GAL OSORIO DE PAIVA;;;1841;;Colis?â?úo;Luz do Dia;;;Meio de Quadra;;;0;1;1;1;0;0;0;0;0;1;0;0;-3,783347000000000;-38,578753000000000
329401;13;3;2018;09:37;0;RUA ALAGOAS;;;3661;;Atropelamento;Luz do Dia;;;Meio de Quadra;;;0;1;1;1;0;0;0;0;0;0;0;0;-3,750406667000000;-38,579767000000000
329414;13;3;2018;12:27;12864;AV DOMINGOS OLIMPIO;RUA ASSUNCAO;;0;;Queda;Luz do Dia;;;Cruz;Sem?â?íforo;Comercial;0;1;0;0;0;1;0;0;0;0;0;0;-3,737192000000000;-38,529548000000000
329404;13;3;2018;10:03;15317;RUA NUNES VALENTE;RUA TEN BENEVOLO;;0;;Colis?â?úo;Luz do Dia;;;Cruz;Pare;Residencial;0;1;1;0;0;0;0;0;0;1;0;0;-3,730365000000000;-38,501859000000000
329425;13;3;2018;14:04;0;RUA PROF. MANOEL LOURENCO;;;0;;Colis?â?úo;Luz do Dia;;;Meio de Quadra;;;0;1;1;1;0;0;0;0;0;1;0;0;;
329438;13;3;2018;16:30;0;AV ALBERTO CRAVEIRO;;;507;MAKRO;Queda;Luz do Dia;;;Meio de Quadra;;;0;1;0;0;0;0;0;0;0;1;0;0;-3,782591000000000;-38,516476000000000
329440;13;3;2018;16:36;0;AV PRS CASTELO BRANCO;;;352;;Colis?â?úo;Luz do Dia;;;Meio de Quadra;;;0;1;1;0;0;0;0;0;0;1;0;0;-3,721942001000000;-38,525249501000000
329441;13;3;2018;16:40;0;AV GOV RAUL BARBOSA;;;0;;Colis?â?úo;Luz do Dia;;;Meio de Quadra;;;0;1;1;1;0;0;0;0;0;1;0;0;;
329442;13;3;2018;16:41;0;AV PRS CASTELO BRANCO;;;368;;Colis?â?úo;Luz do Dia;;;Meio de Quadra;;;0;1;1;0;0;0;0;0;0;1;0;0;-3,721942001000000;-38,525249501000000
329443;13;3;2018;16:41;15700;RUA GUILHERME PESSOA;RUA VICENTE NOBRE MACEDO;;0;;Colis?â?úo;Luz do Dia;;;Cruz;Pare;Residencial;0;1;1;1;0;0;0;0;0;1;0;0;-3,827498000000000;-38,484654000000000
329446;13;3;2018;17:27;0;AV DUQ CAXIAS;;;0;;Atropelamento;Anoitecer;;;Meio de Quadra;;;0;1;1;0;0;0;0;0;0;1;0;0;;
329448;13;3;2018;20:09;0;RUA CRISTAIS PAULISTA;;;0;;Queda;;;;Meio de Quadra;;;0;1;0;0;0;1;0;0;0;0;0;0;;
329452;13;3;2018;20:44;25158;AV ALM MAXIMIANO DA FONSECA;AV WASHINGTON SOARES;;0;;Atropelamento;;;;Cruz;Sem?â?íforo;Escola;0;1;1;1;0;0;0;0;0;0;0;0;-3,771482000000000;-38,482016000000000
329454;13;3;2018;21:14;0;AV SGT HERMINIO SAMPAIO;;;0;;Colis?â?úo;;;;Meio de Quadra;;;0;1;1;1;0;0;0;0;0;1;0;0;;
329465;13;3;2018;21:40;0;RUA JOAO SORONGO;;;435;;Colis?â?úo;;;;Meio de Quadra;;;0;1;1;1;0;0;0;0;0;1;0;0;-3,751243221000000;-38,543191966000000
322046;13;3;2018;00:30;0;RUA PAURILO BARROSO;;;763;;N?â?úo Informado;Via Iluminada;Nublado;Seca;Meio de Quadra;Pare;Residencial;0;1;1;1;0;0;0;0;0;0;0;0;-3,803198000000000;-38,570335000000000
322024;13;3;2018;08:30;0;AV FRE CIRILO;;;4749;;Colis?â?úo Traseira;Luz do Dia;Bom;Seca;Meio de Quadra;N?â?úo H?â?í Controle;Residencial;0;1;2;1;0;0;0;0;0;1;0;0;-3,824746400000000;-38,494070000000000
322025;13;3;2018;09:00;0;AV PRS CASTELO BRANCO;;;2438;;Colis?â?úo Traseira;Luz do Dia;Bom;Seca;Meio de Quadra;N?â?úo H?â?í Controle;Comercial;0;0;2;1;0;0;0;0;0;0;0;0;-3,713318000000000;-38,549710000000000
322026;13;3;2018;13:10;0;AV VIENA WEYNE;;;260;;Colis?â?úo Lateral;Luz do Dia;Bom;Seca;Meio de Quadra;Pare;Comercial;0;1;1;0;0;0;0;1;0;1;0;0;-3,801155600000000;-38,491547000000000
322027;13;3;2018;14:35;0;RUA MIN ALBUQUERQUE LIMA;;;552;;Colis?â?úo Lateral;Luz do Dia;Bom;Seca;Meio de Quadra;N?â?úo H?â?í Controle;Comercial;0;0;2;0;1;0;0;0;0;0;0;0;-3,769188200000000;-38,607407000000000
322028;13;3;2018;11:30;24177;AV ENG SANTANA JUNIOR;RUA PRO HERACLITO;;0;;Colis?â?úo Lateral;Luz do Dia;Bom;Seca;Cruz;Pare;Residencial;0;1;1;1;0;0;0;0;0;0;0;0;-3,731393000000000;-38,479398000000000
322029;13;3;2018;16:43;19659;RUA CRUZ SALDANHA;AV BEZERRA DE MENEZES;;0;;Colis?â?úo Traseira;Luz do Dia;Bom;Seca;T;Pare;Lazer;0;0;2;1;0;0;0;0;0;0;0;0;-3,733569000000000;-38,554319000000000
322030;13;3;2018;13:56;7751;RUA ESTADO DO RIO;RUA CEARA;;0;;Colis?â?úo Transversal;Luz do Dia;Bom;Seca;Cruz;Pare;Residencial;0;1;1;1;0;0;0;0;0;1;0;0;-3,756475000000000;-38,569606000000000
322031;13;3;2018;17:17;0;AV VICENTE DE CASTRO;;;4521;;Colis?â?úo Transversal;Via Iluminada;Bom;Seca;Meio de Quadra;N?â?úo H?â?í Controle;Residencial;0;1;1;0;0;0;0;0;0;1;0;0;-3,720054600000000;-38,476640000000000
322032;13;3;2018;18:30;15360;AV DOM LUIS;AV DES MOREIRA;;0;;Colis?â?úo Lateral;Via Iluminada;Bom;Seca;Rotat?â??ria;Sem?â?íforo;Comercial;0;0;2;0;0;0;0;0;0;0;0;0;-3,733239000000000;-38,497383000000000
322033;13;3;2018;18:40;0;AV LUCIANO CARNEIRO;;;869;;Colis?â?úo Transversal;Via Iluminada;Bom;Seca;Meio de Quadra;N?â?úo H?â?í Controle;Residencial;0;1;1;1;0;0;0;0;0;1;0;0;-3,755471000000000;-38,533775000000000
322034;13;3;2018;19:58;0;RUA FONSECA LOBO;;;333;;Colis?â?úo Transversal;Via Iluminada;Bom;Seca;Meio de Quadra;N?â?úo H?â?í Controle;Residencial;0;0;2;1;0;0;0;0;0;0;0;0;-3,741587200000000;-38,490345000000000
322035;13;3;2018;20:21;0;RUA INGLATERRA;;;312;;Colis?â?úo Lateral;Anoitecer;Bom;Seca;Cruz;Pare;Residencial;0;0;2;1;0;0;0;0;0;1;0;0;-3,782777800000000;-38,560726000000000
322036;13;3;2018;22:06;0;AV SGT HERMINIO SAMPAIO;;;2805;;Colis?â?úo Traseira;Via Iluminada;Bom;Seca;Meio de Quadra;Pare;Comercial;0;1;0;1;0;0;0;0;0;1;0;0;-3,727340000000000;-38,565700000000000
322022;13;3;2018;08:26;9246;RUA BAR RIO BRANCO;AV 13 DE MAIO;;0;;N?â?úo Informado;Luz do Dia;Bom;Seca;Meio de Quadra;Pare;Residencial;0;0;2;1;0;0;0;0;0;0;0;0;-3,745129000000000;-38,534255000000000
322143;14;3;2018;14:13;0;AV MON TABOSA;;;1381;;N?â?úo Informado;Luz do Dia;Bom;Seca;Meio de Quadra;N?â?úo H?â?í Controle;Residencial;0;0;2;1;0;0;0;0;0;0;0;0;-3,724511900000000;-38,506104000000000
322037;14;3;2018;07:50;0;AV 13 DE MAIO;;;2022;;Colis?â?úo Traseira;Luz do Dia;Bom;Seca;Meio de Quadra;Sem?â?íforo;Comercial;0;0;3;1;0;0;0;0;0;0;0;0;-3,744291300000000;-38,535190000000000
322038;14;3;2018;09:00;1462;RUA JOAO CARVALHO;RUA NUNES VALENTE;;0;;Colis?â?úo Transversal;Luz do Dia;Bom;Seca;Cruz;Pare;Comercial;0;1;1;1;0;0;0;0;0;1;0;0;-3,738599000000000;-38,504491000000000
322039;14;3;2018;09:10;0;RUA DNA LEOPOLDINA;;;823;;Tombamento;Luz do Dia;Bom;Seca;Meio de Quadra;N?â?úo H?â?í Controle;Comercial;0;0;2;1;0;0;0;0;0;1;0;0;-3,732306200000000;-38,519905000000000
322040;14;3;2018;13:38;11730;RUA JULIO BRAGA;RUA MENINO JESUS DE PRAGA;;0;;Colis?â?úo Lateral;Luz do Dia;Bom;Seca;Cruz;Pare;Comercial;0;1;1;0;0;0;0;0;0;1;0;0;-3,773580000000000;-38,583875000000000
322041;14;3;2018;15:33;5099;AV TRISTAO GONCALVES;RUA SEN ALENCAR;;0;;Colis?â?úo Lateral;Luz do Dia;Bom;Seca;Cruz;Pare;Comercial;0;0;2;1;0;0;0;0;0;1;0;0;-3,723524000000000;-38,532122000000000
322042;14;3;2018;15:50;0;AV ALBERTO CRAVEIRO;RUA ADEMAR PAULA;;0;;Colis?â?úo;Luz do Dia;Bom;Seca;Meio de Quadra;;;0;1;1;1;0;0;0;0;0;1;0;0;-3,801392800000000;-38,519737000000000
322043;14;3;2018;11:18;0;AV DES GONZAGA;RUA DES WALDEMAR ALVES PEREIRA;;0;;Colis?â?úo Transversal;Luz do Dia;Bom;Seca;Meio de Quadra;N?â?úo H?â?í Controle;Comercial;0;1;1;1;0;0;0;0;0;1;0;0;-3,770673500000000;-38,498130000000000
322044;14;3;2018;18:40;0;AV PRS COSTA E SILVA;;;5183;CIALNE;Engavetamento;Via Iluminada;Bom;Seca;Meio de Quadra;N?â?úo H?â?í Controle;Industrial;0;0;4;1;0;0;0;0;0;0;0;0;-3,827393800000000;-38,534830000000000
322045;14;3;2018;16:49;8054;AV JOAO PESSOA;RUA APOLO;;0;;Colis?â?úo Frontal;Luz do Dia;Bom;Seca;T;Pare;Comercial;0;1;1;1;1;0;0;0;0;1;0;0;-3,755045000000000;-38,551800000000000
322047;14;3;2018;20:46;0;RUA OSVALDO CRUZ;;;3250;;Colis?â?úo Lateral;Via Iluminada;Bom;Seca;Meio de Quadra;Pare;Residencial;0;0;2;1;0;0;0;0;0;0;0;0;-3,752584200000000;-38,505684000000000
322048;14;3;2018;20:51;19098;RUA AMELIA BENEBIEN;RUA JOSE CARLOS GURGEL NOGUEIRA;;0;;N?â?úo Informado;Via Iluminada;Bom;Seca;Outros;Pare;Residencial;0;0;2;0;0;0;0;0;0;1;0;0;-3,737715000000000;-38,476619000000000
322049;14;3;2018;17:26;6235;RUA 531 CJ CEARA;AV C CJ CEARA;;0;;Colis?â?úo;Luz do Dia;Bom;Seca;T;N?â?úo H?â?í Controle;Escola;0;1;1;0;0;0;0;1;0;1;0;0;-3,768267000000000;-38,612676000000000
327356;14;3;2018;07:35;0;RD BR 020;;;0;KM 429;Colis?â?úo Frontal;Luz do Dia;;;Meio de Quadra;;;0;1;1;1;0;0;0;0;0;1;0;0;-3,869000000000000;-38,507000000000000
327526;14;3;2018;08:40;0;AV SEN CARLOS JEREISSATI (AEROPORTO);;;0;KM 03;Queda;Luz do Dia;;;Meio de Quadra;;;0;1;0;0;0;0;0;0;0;1;0;0;-3,779641000000000;-38,544038000000000
327163;14;3;2018;20:28;0;RD CE-040;;;0;KM-06;Colis?â?úo;;;;Meio de Quadra;;;0;0;2;0;0;0;0;0;0;1;0;0;-3,809596804000000;-38,478733480000000
327161;14;3;2018;16:00;22081;RUA CAP FRANCISCO PEDRO;RUA GUSTAVO BRAGA;;0;;Colis?â?úo;Luz do Dia;;;Cruz;Pare;Comercial;0;0;2;1;0;0;0;0;0;0;0;0;-3,751155000000000;-38,552452000000000
329466;14;3;2018;06:36;0;AV PRS CASTELO BRANCO;;;2518;;Colis?â?úo;Luz do Dia;;;Meio de Quadra;;;0;1;1;1;0;0;0;0;0;1;0;0;-3,713158187000000;-38,550442319000000
329467;14;3;2018;07:10;0;RUA CON DE CASTRO;;;5550;;Colis?â?úo;Luz do Dia;;;Meio de Quadra;;;0;1;0;0;0;0;0;0;0;0;0;0;-3,812008000000000;-38,597478000000000
329468;14;3;2018;07:11;0;RUA PRO GOMES BRASIL;;;177;;Atropelamento;Luz do Dia;;;Meio de Quadra;;;0;2;0;0;0;0;0;0;0;1;0;0;;
329470;14;3;2018;07:17;0;RUA GUSTAVO SAMPAIO;;;2115;;Colis?â?úo;Luz do Dia;;;Meio de Quadra;;;0;1;1;1;0;0;0;0;0;1;0;0;-3,736696970000000;-38,563400576000000
329473;14;3;2018;07:31;0;AV SANTOS DUMONT;;;0;;Colis?â?úo;Luz do Dia;;;Meio de Quadra;;;0;1;1;0;0;0;0;0;0;1;0;0;;
329475;14;3;2018;10:14;0;AV PRO JOSE ARTHUR CARVALHO;;;461;;Colis?â?úo;Luz do Dia;;;Meio de Quadra;;;0;1;1;1;0;0;0;0;0;1;0;0;-3,825964000000000;-38,476202000000000
329477;14;3;2018;11:13;0;AV PERIMETRAL;;;3864;;Colis?â?úo;Luz do Dia;;;Meio de Quadra;;;0;1;1;1;0;0;0;0;0;1;0;0;;
329488;14;3;2018;12:02;0;RUA CON DE CASTRO;;;0;;Colis?â?úo;Luz do Dia;;;Meio de Quadra;;;0;1;1;1;0;0;0;0;0;1;0;0;;
329496;14;3;2018;15:50;0;AV JOAO PESSOA;;;4901;;Colis?â?úo;Luz do Dia;;;Meio de Quadra;;;0;1;0;0;0;0;0;0;0;0;0;0;-3,755443000000000;-38,552153000000000
329497;14;3;2018;15:55;0;AV CEL CARVALHO;;;935;;Colis?â?úo;Luz do Dia;;;Meio de Quadra;;;0;1;1;1;0;0;0;0;0;1;0;0;-3,710718000000000;-38,589633000000000
329498;14;3;2018;15:59;13469;RUA JOAO CORDEIRO;RUA PINHO PESSOA;;0;;Colis?â?úo;Luz do Dia;;;Cruz;Pare;Residencial;0;1;1;1;0;0;0;0;0;0;0;0;-3,744343000000000;-38,519279000000000
329499;14;3;2018;17:00;0;AV CONTORNO SUL;;;700;;Queda;Anoitecer;;;Meio de Quadra;;;0;1;0;0;0;0;0;0;0;1;0;0;-3,835501158000000;-38,516701211000000
329500;14;3;2018;17:33;19943;RUA JOAO ARARIPE;RUA FRANCISCO LORDA;;0;;Colis?â?úo;Anoitecer;;;Cruz;Sem?â?íforo;Residencial;0;1;0;0;0;0;0;0;0;0;0;0;-3,761468000000000;-38,533328000000000
329501;14;3;2018;18:50;7629;RUA ALAGOAS;RUA STA CATARINA (BELA VISTA / PAN AMERICANO);;0;;Colis?â?úo;;;;Cruz;Pare;Residencial;0;1;1;1;0;0;0;0;0;1;0;0;-3,760356000000000;-38,569550000000000
329492;14;3;2018;14:50;0;RUA LEONARDO MOTA;;;1583;;Colis?â?úo;Luz do Dia;;;Meio de Quadra;;;0;1;1;1;0;0;0;0;0;1;0;0;-3,740040000000000;-38,497350000000000
329493;14;3;2018;15:32;0;AV JOAO PESSOA;;;28;;Colis?â?úo;Luz do Dia;;;Meio de Quadra;;;0;1;0;0;0;0;0;0;0;0;0;0;;
329494;14;3;2018;15:46;9297;AV FRANCISCO SA;RUA CESAR CORREIA;;0;;Colis?â?úo;Luz do Dia;;;Cruz;Pare;Residencial;0;1;1;1;0;0;0;0;0;1;0;0;-3,711949000000000;-38,573313000000000
329490;14;3;2018;12:11;0;RUA FIRMINO ROCHA AGUIAR;;;650;;Capotamento;Luz do Dia;;;Meio de Quadra;;;0;1;0;1;0;0;0;0;0;0;0;0;-3,763305000000000;-38,485263000000000
329520;14;3;2018;18:52;0;RUA CAR ARCO VERDE;;;0;;Atropelamento;;;;Meio de Quadra;;;0;1;1;0;0;0;0;0;0;1;0;0;;
329530;14;3;2018;20:23;0;RUA AMELIA BENEBIEN;;;505;;Colis?â?úo;;;;Meio de Quadra;;;0;1;0;0;0;0;0;0;0;0;0;0;-3,737740000000000;-38,476290000000000
329545;14;3;2018;21:14;16709;RUA JOAQUIM CORREIA;RUA PLANALTINA (PL AYRTON SENNA);;0;;Colis?â?úo;;;;;;;0;1;0;0;0;0;0;0;0;0;0;0;-3,835665000000000;-38,568885000000000
329546;14;3;2018;22:45;0;RUA BERNARDO MANUEL;;;0;;Colis?â?úo;;;;Meio de Quadra;;;0;1;0;0;0;0;0;0;0;0;0;0;;
329547;14;3;2018;23:06;0;RUA OSVALDO CRUZ;;;1400;;Queda;;;;Meio de Quadra;;;0;1;0;0;0;0;0;0;0;1;0;0;-3,738030000000000;-38,501160000000000
329548;14;3;2018;23:34;0;AV FILOMENO GOMES;;;430;;Colis?â?úo;;;;Meio de Quadra;;;0;1;1;1;0;0;0;0;0;1;0;0;-3,719082300000000;-38,541675900000000
329543;14;3;2018;20:35;0;RUA RAIMUNDO MARQUES;;;1089;;Queda;;;;Meio de Quadra;;;0;1;0;0;0;1;0;0;0;0;0;0;-3,807052700000000;-38,598146800000000
329551;15;3;2018;00:06;0;AV GENIBAU;;;670;;Colis?â?úo;;;;Meio de Quadra;;;0;1;1;1;0;0;0;0;0;1;0;0;-3,760590637000000;-38,600931182000000
329554;15;3;2018;06:23;0;RD BR 116;;;15000;KM-15;Atropelamento;Luz do Dia;;;Meio de Quadra;;;0;1;1;0;0;0;0;0;0;0;0;0;-3,882329000000000;-38,501113000000000
329555;15;3;2018;07:13;0;RUA 725 CJ CEARA;;;310;;Colis?â?úo;Luz do Dia;;;Meio de Quadra;;;0;1;1;1;0;0;0;0;0;1;0;0;-3,771548200000000;-38,603982100000000
329557;15;3;2018;07:37;0;AV DIOGUINHO;;;0;;Colis?â?úo;Luz do Dia;;;Meio de Quadra;;;0;1;0;0;0;0;0;0;0;0;0;0;;
329558;15;3;2018;07:46;0;AV DR SILAS MUNGUBA;;;0;;Queda;Luz do Dia;;;Meio de Quadra;;;0;1;0;0;0;0;0;0;0;1;0;0;;
329564;15;3;2018;10:35;0;AV FRANCISCO SA;;;5594;;Atropelamento;Luz do Dia;;;Meio de Quadra;;;0;1;1;1;0;0;0;0;0;0;0;0;-3,711611000000000;-38,574359000000000
329565;15;3;2018;11:37;0;AV PRS COSTA E SILVA;;;62;;Colis?â?úo;Luz do Dia;;;Meio de Quadra;;;0;1;1;1;0;0;0;0;0;1;0;0;;