COD_ACIDENTE;DIA;MES;ANO;HORA;INTERSECAO;LOG1;LOG2;LOG3;NUMERO;REFERENCIA;NATUREZA;ILUMINACAO;TEMPO;SUPERFICIEPISTA;TIPOCRUZAMENTO;CONTROLETRAFEGO;USOSOLO;MORTOS;FERIDOS;ILESOS;AUTOMOVEL;ONIBUS;BICICLETA;CAMINHAO;MICROONIBUS;CICLOMOTOR;MOTOCICLETA;TRACAOANIMAL;TREM;LATITUDE;LONGITUDE
329568;15;3;2018;12:05;7718;AV CARNEIRO DE MENDONCA;AV JOSE BASTOS;;0;;Atropelamento;Luz do Dia;;;Cruz;Sem?â?íforo;Comercial;0;1;1;1;0;0;0;0;0;0;0;0;-3,764109000000000;-38,566759000000000
329572;15;3;2018;13:58;0;RUA ALVES DE SOUZA;;;1240;;Colis?â?úo;Luz do Dia;;;Meio de Quadra;;;0;1;1;1;0;0;0;0;0;1;0;0;-3,804836400000000;-38,597034400000000
329561;15;3;2018;10:13;0;AV DOS EXPEDICIONARIOS;;;5056;;Colis?â?úo;Luz do Dia;;;Meio de Quadra;;;0;1;1;1;0;1;0;0;0;0;0;0;-3,764258600000000;-38,540999920000000
329583;15;3;2018;14:37;15277;AV ANTONIO JUSTA;AV SEN VIRGILIO TAVORA;;0;;Colis?â?úo;Luz do Dia;;;;;;0;1;1;1;0;0;0;0;0;1;0;0;-3,728875000000000;-38,490692000000000
329585;15;3;2018;15:07;0;AV B CJ CEARA;;;0;;Colis?â?úo;Luz do Dia;;;Meio de Quadra;;;0;1;1;1;0;0;0;0;0;1;0;0;;
329587;15;3;2018;15:19;0;AV F CJ CEARA;;;205;;Colis?â?úo;Luz do Dia;;;Meio de Quadra;;;0;1;1;1;0;0;0;0;0;1;0;0;-3,763384621000000;-38,607871448000000
329589;15;3;2018;15:20;0;RUA JOSE TORRES;;;1073;;Colis?â?úo;Luz do Dia;;;Meio de Quadra;;;0;1;1;1;0;0;0;0;0;1;0;0;-3,780469647000000;-38,607406353000000
329591;15;3;2018;15:55;0;RUA ALM RUBIM;;;1161;;Atropelamento;Luz do Dia;;;Meio de Quadra;;;0;1;1;1;0;0;0;0;0;0;0;0;-3,767622000000000;-38,555464500000000
329594;15;3;2018;16:21;11338;AV GODOFREDO MACIEL;RUA FRANCISCO GLICERIO;;0;;Colis?â?úo;Luz do Dia;;;Cruz;Sem?â?íforo;Comercial;0;1;1;1;0;0;0;0;0;1;0;0;-3,795981000000000;-38,569757000000000
329597;15;3;2018;16:23;0;RUA JULIO BRAGA;;;0;;Colis?â?úo;Luz do Dia;;;Meio de Quadra;;;0;0;2;0;0;0;0;0;0;1;0;0;;
329598;15;3;2018;16:53;0;AV PRS COSTA E SILVA;;;4107;;Colis?â?úo;Luz do Dia;;;Meio de Quadra;;;0;1;0;0;0;0;0;0;0;0;0;0;-3,824654000000000;-38,543737000000000
329655;15;3;2018;17:36;0;RD BR 116;;;0;;Atropelamento;Anoitecer;;;Meio de Quadra;;;0;1;1;0;0;0;0;0;0;0;0;0;;
329656;15;3;2018;17:51;0;AV PRS COSTA E SILVA;;;4135;;Colis?â?úo;Anoitecer;;;Meio de Quadra;;;0;1;1;1;0;1;0;0;0;0;0;0;-3,824723941000000;-38,543440019000000
329660;15;3;2018;19:01;0;RUA CEL MATOS DOURADO;;;0;;Atropelamento;;;;Meio de Quadra;;;0;1;1;0;0;0;0;0;0;1;0;0;;
329664;15;3;2018;19:46;0;AV PRS COSTA E SILVA;;;0;;Colis?â?úo;;;;Meio de Quadra;;;0;1;1;1;0;0;0;0;0;1;0;0;;
329666;15;3;2018;20:08;0;AV GAL OSORIO DE PAIVA;;;0;;Colis?â?úo;;;;Meio de Quadra;;;0;1;1;1;0;0;0;0;0;1;0;0;;
329669;15;3;2018;20:16;0;AV PERIMETRAL;;;1301;;Colis?â?úo;;;;Meio de Quadra;;;0;1;1;1;0;0;0;0;0;1;0;0;;
329671;15;3;2018;21:29;0;AV COS GOMES DE FREITAS (SAPIRANGA/COITE);;;0;;Colis?â?úo;;;;Meio de Quadra;;;0;1;0;0;0;0;0;0;0;0;0;0;;
326868;15;3;2018;19:00;15247;RUA DEP MOREIRA DA ROCHA;RUA NUNES VALENTE;;0;;Choque c/ Obst?â?ículo Fixo;;;;Cruz;Pare;Residencial;0;1;1;1;0;0;0;0;0;0;0;0;-3,727994000000000;-38,501120000000000
326899;15;3;2018;13:45;0;RUA VITAL BRASIL;;;514;;Colis?â?úo;Luz do Dia;;;Meio de Quadra;;;0;1;1;0;1;0;0;0;0;1;0;0;-3,781484500000000;-38,585762971000000
327164;15;3;2018;12:00;11667;RUA ARARIPE MACEDO;RUA JULIO MACIEL D35;;0;;Colis?â?úo;Luz do Dia;;;;;;0;0;2;0;0;0;1;0;0;0;0;0;-3,770494000000000;-38,581083000000000
327165;15;3;2018;11:15;0;AV MR HULL;;;0;;Colis?â?úo;Luz do Dia;;;Meio de Quadra;;;0;0;2;0;0;0;0;0;0;1;0;0;;
327527;15;3;2018;10:15;0;RD CE-040;;;0;KM-05;Colis?â?úo;Luz do Dia;;;Meio de Quadra;;;0;0;2;1;0;0;0;0;0;0;0;0;-3,800595823000000;-38,479534630000000
327357;15;3;2018;09:30;0;RD BR 116;;;5000;KM-05;Colis?â?úo Lateral;Luz do Dia;;;Meio de Quadra;;;0;1;1;0;0;0;1;0;1;0;0;0;-3,796502000000000;-38,506787000000000
327358;15;3;2018;09:15;0;RD BR 020;;;0;KM 431;Colis?â?úo Lateral;Luz do Dia;;;Meio de Quadra;;;0;0;2;1;0;0;0;0;0;0;0;0;;
327360;15;3;2018;17:20;0;RD BR 116;;;3000;KM-03;Colis?â?úo Traseira;Anoitecer;;;Meio de Quadra;;;0;1;1;0;1;0;0;0;0;0;0;0;-3,779838000000000;-38,514372000000000
315351;15;3;2018;22:45;61;RUA HUGO VITOR;AV MR HULL;;0;;Colis?â?úo;;;;T;Pare;Residencial;1;0;0;0;0;0;0;0;0;1;0;0;-3,739677000000000;-38,591639000000000
329673;15;3;2018;21:36;0;AV DIOGUINHO;;;0;;Queda;;;;Meio de Quadra;;;0;1;0;0;0;0;0;0;0;1;0;0;;
329681;15;3;2018;22:10;5084;RUA SEN ALENCAR;RUA PRC ISABEL;;0;;Colis?â?úo;;;;Cruz;Pare;Comercial;0;1;1;1;0;0;0;0;0;1;0;0;-3,722828000000000;-38,534356000000000
322050;15;3;2018;01:05;1542;AV RUI BARBOSA;RUA PDE VALDEVINO;;0;;Colis?â?úo Lateral;Via Iluminada;Bom;Seca;Cruz;Sem?â?íforo;Comercial;0;1;1;1;0;0;0;0;0;1;0;0;-3,740964000000000;-38,511029000000000
322051;15;3;2018;08:52;0;RUA SEN POMPEU;;;2551;;Colis?â?úo Traseira;Luz do Dia;Bom;Seca;Meio de Quadra;N?â?úo H?â?í Controle;Escola;0;1;1;1;0;0;0;0;0;1;0;0;-3,740868800000000;-38,533780000000000
322052;15;3;2018;09:25;0;AV DIOGUINHO;;;1331;;Colis?â?úo Traseira;Luz do Dia;Bom;Seca;Meio de Quadra;Pare;Lazer;0;2;2;0;1;0;0;0;0;0;0;0;-3,729404200000000;-38,459934000000000
322053;15;3;2018;07:15;1358;AV SANTOS DUMONT;AV DES MOREIRA;;0;;Colis?â?úo;Luz do Dia;Bom;Seca;Cruz;Sem?â?íforo;Comercial;0;0;2;1;0;1;0;0;0;0;0;0;-3,736226000000000;-38,498365000000000
322054;15;3;2018;10:02;7851;AV PONTES VIEIRA;RUA JOSE VILAR;;0;;Colis?â?úo Transversal;Luz do Dia;Bom;Seca;Cruz;Sem?â?íforo;Comercial;0;1;1;1;0;0;0;0;0;1;0;0;-3,752317000000000;-38,510030000000000
322055;15;3;2018;09:30;9069;RUA GUILHERME MOREIRA;RUA LAURO MAIA;;0;;Colis?â?úo Transversal;Luz do Dia;Bom;Seca;Cruz;Pare;Residencial;0;1;1;1;0;0;0;0;0;1;0;0;-3,749673000000000;-38,522399000000000
322056;15;3;2018;11:30;0;RUA BARRA NOVA;;;870;;Atropelamento;Luz do Dia;Bom;Seca;Meio de Quadra;N?â?úo H?â?í Controle;Comercial;0;1;1;1;0;0;0;0;0;0;0;0;-3,783586300000000;-38,505413000000000
322057;15;3;2018;11:43;0;AV PRS COSTA E SILVA;;;56;;Colis?â?úo Transversal;Luz do Dia;Bom;Seca;Meio de Quadra;N?â?úo H?â?í Controle;Residencial;0;1;0;1;0;0;0;0;0;1;0;0;-3,815794700000000;-38,568680000000000
322058;15;3;2018;13:14;0;AV VIS RIO BRANCO;;;4161;;Colis?â?úo Lateral;Luz do Dia;Bom;Seca;Y;N?â?úo H?â?í Controle;Comercial;0;0;2;1;0;0;0;0;0;0;0;0;-3,757581000000000;-38,519760000000000
322116;15;3;2018;13:27;0;AV DOMINGOS OLIMPIO;;;1021;;Colis?â?úo Lateral;Luz do Dia;Bom;Seca;Meio de Quadra;Sem?â?íforo;Comercial;0;0;2;1;0;0;0;0;0;0;0;0;-3,736000800000000;-38,532944000000000
322060;15;3;2018;14:50;0;RUA BENI DE CARVALHO;;;796;;Colis?â?úo Transversal;Luz do Dia;Bom;Seca;Meio de Quadra;N?â?úo H?â?í Controle;Comercial;0;0;2;1;0;0;0;0;0;0;0;0;-3,746609700000000;-38,493332000000000
322061;15;3;2018;13:35;1467;AV SANTOS DUMONT;RUA MON CATAO;;0;;Atropelamento;Luz do Dia;Bom;Seca;Cruz;Sem?â?íforo;Comercial;0;1;1;0;1;0;0;0;0;0;0;0;-3,738745000000000;-38,490564000000000
322062;15;3;2018;16:32;0;AV BEIRA MAR;;;4293;;Engavetamento;Luz do Dia;Bom;Seca;Meio de Quadra;N?â?úo H?â?í Controle;Comercial;0;0;3;1;0;0;0;0;0;1;0;0;-3,722907300000000;-38,483376000000000
322063;15;3;2018;16:30;0;RUA WALDIR DIOGO;;;760;;Colis?â?úo Lateral;Luz do Dia;Bom;Seca;Meio de Quadra;N?â?úo H?â?í Controle;Comercial;0;0;2;1;0;0;0;0;0;0;0;0;-3,804590500000000;-38,584910000000000
322064;15;3;2018;18:50;24209;RUA JULIO AZEVEDO;RUA PRO HERACLITO;;0;;Colis?â?úo Transversal;Mal Iluminada;Bom;Seca;Cruz;Pare;Residencial;0;1;1;1;0;0;0;0;0;1;0;0;-3,732449000000000;-38,475700000000000
322065;15;3;2018;17:58;0;AV PRS COSTA E SILVA;;;4157;;Colis?â?úo;Luz do Dia;Bom;Seca;Meio de Quadra;N?â?úo H?â?í Controle;Residencial;0;2;0;0;0;1;0;0;0;1;0;0;-3,824664400000000;-38,543330000000000
322066;15;3;2018;21:07;0;AV AUGUSTO DOS ANJOS;;;2390;;Choque c/ Obst?â?ículo Fixo;Via Iluminada;Bom;Seca;Meio de Quadra;Sem?â?íforo;Comercial;0;0;1;1;0;0;0;0;0;0;0;0;-3,786630200000000;-38,584515000000000
322067;15;3;2018;19:53;1519;RUA PDE VALDEVINO;RUA CARLOS VASCONCELOS;;0;;Colis?â?úo Transversal;Mal Iluminada;Bom;Seca;Cruz;Sem?â?íforo;Comercial;0;1;1;1;0;0;0;0;0;0;0;0;-3,740277000000000;-38,513190000000000
322068;15;3;2018;21:00;618;AV DR THEBERGE;RUA COS GOUVEIA;;0;;Colis?â?úo Transversal;Via Iluminada;Bom;Seca;T;Pare;Comercial;0;1;1;1;0;0;0;0;0;1;0;0;-3,717354000000000;-38,565848000000000
322069;15;3;2018;20:10;0;AV PRS COSTA E SILVA;;;4201;;Colis?â?úo Traseira;Via Iluminada;Bom;Seca;Meio de Quadra;N?â?úo H?â?í Controle;Residencial;0;0;2;1;0;0;0;0;0;1;0;0;-3,824908000000000;-38,542732000000000
322070;16;3;2018;01:03;5709;AV OLIVEIRA PAIVA;AV DES GONZAGA;;0;;Choque c/ Obst?â?ículo Fixo;Via Iluminada;Bom;Seca;Cruz;Sem?â?íforo;Comercial;0;0;1;1;0;0;0;0;0;0;0;0;-3,797165000000000;-38,499953000000000
322071;16;3;2018;07:30;0;AV ALM HENRIQUE SABOIA;;;2151;;Choque c/ Obst?â?ículo Fixo;Luz do Dia;Bom;Seca;Meio de Quadra;N?â?úo H?â?í Controle;Rural;0;0;1;1;0;0;0;0;0;0;0;0;-3,755344600000000;-38,503963000000000
322072;16;3;2018;07:15;7992;RUA ANA NERY;AV JOAO PESSOA;;0;;Colis?â?úo Transversal;Luz do Dia;Bom;Seca;Cruz;Pare;Comercial;0;1;1;1;0;0;0;0;0;1;0;0;-3,749460000000000;-38,546781000000000
322073;16;3;2018;09:25;0;AV PRO GOMES DE MATOS;;;748;;Colis?â?úo Lateral;Luz do Dia;Bom;Seca;Meio de Quadra;Gesto;Comercial;0;1;1;1;0;0;0;0;0;1;0;0;-3,759990500000000;-38,544594000000000
322074;16;3;2018;10:38;0;AV 13 DE MAIO;;;955;;Colis?â?úo Lateral;Luz do Dia;Bom;Seca;N?â?úo Informado;N?â?úo H?â?í Controle;Comercial;0;0;2;1;0;0;0;0;0;0;0;0;-3,750568200000000;-38,527950000000000
322075;16;3;2018;10:59;5777;RUA CHICO LEMOS;RUA JOSE A CAVALCANTE;;0;;Colis?â?úo Lateral;Luz do Dia;Bom;Seca;Cruz;Pare;Residencial;0;1;1;1;0;0;0;0;0;1;0;0;-3,790905000000000;-38,499317000000000
322077;16;3;2018;12:30;0;RUA BERNARDO MANUEL;;;9045;;Colis?â?úo Traseira;Luz do Dia;Bom;Seca;Meio de Quadra;N?â?úo H?â?í Controle;Comercial;0;1;1;1;0;0;0;0;0;1;0;0;-3,798786600000000;-38,551437000000000
322078;16;3;2018;14:15;5464;AV HERACLITO GRACA;RUA GONCALVES LEDO;;0;;Colis?â?úo Transversal;Luz do Dia;Bom;Seca;T;Pare;Escola;0;1;1;0;0;0;0;0;0;1;0;0;-3,735743000000000;-38,517784000000000
322079;16;3;2018;14:24;0;RUA AZEVEDO BOLAO;;;520;;N?â?úo Informado;Luz do Dia;Bom;Seca;T;Pare;Residencial;0;1;1;1;0;0;0;0;0;1;0;0;-3,734806500000000;-38,548620000000000
322080;16;3;2018;16:00;0;AV GODOFREDO MACIEL;;;521;;Colis?â?úo Traseira;Luz do Dia;Bom;Seca;Meio de Quadra;N?â?úo H?â?í Controle;Comercial;0;0;2;1;0;0;0;0;0;0;0;0;-3,780914300000000;-38,565056000000000
322081;16;3;2018;17:01;0;AV WENEFRIDO MELO;;;0;;Colis?â?úo Lateral;Luz do Dia;Bom;Seca;Meio de Quadra;N?â?úo H?â?í Controle;Comercial;0;1;1;1;0;0;0;0;0;1;0;0;-3,809495700000000;-38,577343000000000
322082;16;3;2018;17:07;1432;AV SANTOS DUMONT;AV SEN VIRGILIO TAVORA;;0;;Colis?â?úo Lateral;Luz do Dia;Bom;Seca;Cruz;Sem?â?íforo;Comercial;0;0;1;1;1;0;0;0;0;0;0;0;-3,737828000000000;-38,493482000000000
322083;16;3;2018;16:51;0;AV FRE CIRILO;;;3451;HOSPITAL CORACAO;Colis?â?úo Lateral;Luz do Dia;Bom;Seca;Meio de Quadra;Sem?â?íforo;Comercial;0;0;3;1;0;0;0;0;0;1;0;0;-3,814629300000000;-38,498680000000000
322084;16;3;2018;18:56;0;AV DR THEBERGE;;;2600;;Colis?â?úo Traseira;Via Iluminada;Bom;Seca;Meio de Quadra;Gesto;Comercial;0;0;2;1;0;0;0;0;0;0;0;0;-3,725383800000000;-38,568386000000000
322085;16;3;2018;19:30;0;RUA BERNARDO MANUEL;;;8920;;Colis?â?úo Traseira;Anoitecer;Bom;Seca;Meio de Quadra;N?â?úo H?â?í Controle;Comercial;0;0;2;1;0;0;0;0;0;1;0;0;-3,797222400000000;-38,551113000000000
322086;16;3;2018;17:27;0;AV BEZERRA DE MENEZES;;;581;;Atropelamento;Luz do Dia;Bom;Seca;Meio de Quadra;Sem?â?íforo;Comercial;0;1;1;0;0;0;0;1;0;0;0;0;-3,732982400000000;-38,550503000000000
322087;16;3;2018;18:50;9019;RUA BAR ARATANHA;RUA SALDANHA MARINHO;;0;;Colis?â?úo Transversal;Via Iluminada;Bom;Seca;Cruz;Sem?â?íforo;Comercial;0;1;1;1;0;0;0;0;0;1;0;0;-3,742820000000000;-38,529697000000000
329682;16;3;2018;06:20;0;AV GAL OSORIO DE PAIVA;;;0;;Queda;Luz do Dia;;;Meio de Quadra;;;0;1;0;0;0;0;0;0;0;1;0;0;;
329683;16;3;2018;06:24;0;RUA DES HERMES PARAHYBA;;;158;;Colis?â?úo;Luz do Dia;;;Meio de Quadra;;;0;1;1;0;0;0;0;0;0;1;0;0;-3,714153000000000;-38,585273000000000
329686;16;3;2018;06:57;0;RUA COS LAFAYETE;;;0;;Colis?â?úo;Luz do Dia;;;Meio de Quadra;;;0;1;0;0;0;0;0;0;0;0;0;0;;
329688;16;3;2018;07:38;25287;AV AUGUSTO DOS ANJOS;RUA PRIMEIRO DE MAIO D34;;0;;Colis?â?úo;Luz do Dia;;;T;Pare;Residencial;0;1;1;1;0;0;0;0;0;1;0;0;-3,784490000000000;-38,582915000000000
329690;16;3;2018;07:50;0;RUA CON DE CASTRO;;;1324;;Colis?â?úo;Luz do Dia;;;Meio de Quadra;;;0;1;1;1;0;0;0;0;0;1;0;0;-3,784019000000000;-38,572534499000000
329692;16;3;2018;07:51;12648;RUA MARIA CLARA;RUA RIO ARAGUAIA;;0;;Colis?â?úo;Luz do Dia;;;Cruz;N?â?úo H?â?í Controle;Comercial;0;1;0;0;0;0;0;0;0;0;0;0;-3,725741000000000;-38,582119000000000
329695;16;3;2018;07:57;0;AV GAL OSORIO DE PAIVA;;;0;;Colis?â?úo;Luz do Dia;;;Meio de Quadra;;;0;1;1;1;0;0;0;0;0;1;0;0;;
329696;16;3;2018;08:05;0;AV DOM MANUEL;;;1020;;Colis?â?úo;Luz do Dia;;;Meio de Quadra;;;0;1;1;1;0;0;0;0;0;1;0;0;-3,733144000000000;-38,522666000000000
329717;16;3;2018;11:27;0;RUA SOUSA CARVALHO;;;0;;Colis?â?úo;Luz do Dia;;;Meio de Quadra;;;0;1;1;1;0;0;0;0;0;1;0;0;;
329718;16;3;2018;11:46;0;RUA GOIAS;;;0;;Atropelamento;Luz do Dia;;;Meio de Quadra;;;0;1;1;1;0;0;0;0;0;0;0;0;;
329719;16;3;2018;12:15;0;RUA BARTOLOMEU DE GUSMAO;;;880;;Atropelamento;Luz do Dia;;;Meio de Quadra;;;0;1;1;1;0;0;0;0;0;0;0;0;-3,757504500000000;-38,525061500000000
329700;16;3;2018;08:47;0;TR REJANE;;;619;;Colis?â?úo;Luz do Dia;;;Meio de Quadra;;;0;1;1;1;0;0;0;0;0;1;0;0;-3,805810000000000;-38,585150000000000
329701;16;3;2018;09:07;0;AV OLIVEIRA PAIVA;;;0;;Colis?â?úo;Luz do Dia;;;Meio de Quadra;;;0;1;1;1;0;0;0;0;0;1;0;0;;
329771;16;3;2018;14:50;0;AV JOAO DE ARAUJO LIMA;;;1427;;Colis?â?úo;Luz do Dia;;;Meio de Quadra;;;0;1;1;1;0;0;0;0;0;1;0;0;-3,833745300000000;-38,560620600000000
329772;16;3;2018;14:54;0;RUA TEBAS;;;621;;Colis?â?úo;Luz do Dia;;;Meio de Quadra;;;0;1;1;0;0;0;0;0;0;1;0;0;;
329773;16;3;2018;15:04;0;AV N CJ CEARA;;;1470;;Colis?â?úo;Luz do Dia;;;Meio de Quadra;;;0;1;1;1;0;0;0;0;0;1;0;0;;
329775;16;3;2018;15:14;0;AV CASTELO DE CASTRO;;;265;;Queda;Luz do Dia;;;Meio de Quadra;;;0;1;0;0;0;0;0;0;0;1;0;0;-3,829587400000000;-38,521220100000000
329780;16;3;2018;15:51;0;AV FRE CIRILO;;;3451;;Colis?â?úo;Luz do Dia;;;Meio de Quadra;;;0;1;1;1;0;0;0;0;0;1;0;0;-3,814821789000000;-38,498522873000000
329799;16;3;2018;19:56;0;RUA CEL QUEIROZ;;;567;;Queda;;;;Meio de Quadra;;;0;1;0;0;0;1;0;0;0;0;0;0;-3,749484900000000;-38,467449700000000
329800;16;3;2018;22:02;0;AV PRS JUSCELINO KUBITSCHEK (PASSAR?âÔÇ?);;;4555;;Colis?â?úo;;;;Meio de Quadra;;;0;1;0;0;0;0;0;0;0;0;0;0;-3,819092025000000;-38,533650850000000
329782;16;3;2018;16:16;0;AV SEN FERNANDES TAVORA;;;376;;Colis?â?úo;Luz do Dia;;;Meio de Quadra;;;0;1;0;0;0;0;0;0;0;0;0;0;-3,766831400000000;-38,573641000000000
329783;16;3;2018;16:59;0;AV BAR STUDART;;;2360;;Queda;Luz do Dia;;;Meio de Quadra;;;0;1;0;0;0;1;0;0;0;0;0;0;-3,744367658000000;-38,509718500000000
329784;16;3;2018;17:06;0;AV BEZERRA DE MENEZES;;;1816;;Atropelamento;Anoitecer;;;Meio de Quadra;;;1;0;1;0;0;0;0;0;0;0;0;0;-3,734691900000000;-38,561102100000000
329787;16;3;2018;17:07;0;RUA SAO FELIPE D71;;;1151;;Colis?â?úo;Anoitecer;;;Meio de Quadra;;;0;1;0;0;0;0;0;0;0;0;0;0;-3,804363900000000;-38,599526800000000
329788;16;3;2018;17:13;0;RUA CARLOS AMORA;;;150;;Queda;Anoitecer;;;Meio de Quadra;;;0;1;0;0;0;1;0;0;0;0;0;0;-3,775034500000000;-38,563769000000000
329789;16;3;2018;17:41;0;RUA MARIA JULIA;;;300;;Colis?â?úo;Anoitecer;;;Meio de Quadra;;;0;1;0;0;0;0;0;0;0;0;0;0;-3,787166700000000;-38,598461600000000
329791;16;3;2018;17:50;0;AV CASTELO DE CASTRO;;;855;;Colis?â?úo;Anoitecer;;;Meio de Quadra;;;0;1;1;0;0;0;0;0;0;1;0;0;-3,837144250000000;-38,521695500000000
329792;16;3;2018;18:25;0;AV ENG LEAL LIMA VERDE (SAPIRANGA/COITE);;;390;;Colis?â?úo;Anoitecer;;;Meio de Quadra;;;0;1;1;1;0;1;0;0;0;0;0;0;-3,811450000000000;-38,474390000000000
329805;16;3;2018;22:32;0;AV DUQ CAXIAS;;;0;;Colis?â?úo;;;;Meio de Quadra;;;0;1;1;0;0;0;0;0;0;1;0;0;;
329828;16;3;2018;01:11;0;RUA RIO TOCANTINS;;;364;;Colis?â?úo;;;;Meio de Quadra;;;0;1;1;1;0;0;0;0;0;1;0;0;-3,719724000000000;-38,580856000000000
329838;16;3;2018;04:07;0;AV PERIMETRAL;;;0;MADEIREIRA SAO LUIS;Capotamento;;;;Meio de Quadra;;;0;1;0;0;0;0;0;0;0;0;0;0;;
329839;16;3;2018;04:11;0;AV PRS COSTA E SILVA;;;1315;;Capotamento;;;;Meio de Quadra;;;0;1;0;1;0;0;0;0;0;0;0;0;;
327529;16;3;2018;05:50;0;RD CE-060;;;0;KM-03;Atropelamento;Amanhecer;;;Meio de Quadra;;;0;2;0;0;0;0;0;0;0;1;0;0;-3,843038000000000;-38,585133000000000
327530;16;3;2018;09:00;0;AV MIN JOSE AMERICO;;;0;;Colis?â?úo;Luz do Dia;;;Meio de Quadra;;;0;1;1;0;0;1;0;0;0;1;0;0;;
327531;16;3;2018;;0;AV SEN CARLOS JEREISSATI (AEROPORTO);;;0;KM 04;Colis?â?úo;;;;Meio de Quadra;;;0;0;2;0;0;0;1;0;0;0;0;0;-3,774020000000000;-38,550907000000000
327532;16;3;2018;16:45;0;AV SEN CARLOS JEREISSATI (AEROPORTO);;;0;KM 01;Colis?â?úo;Luz do Dia;;;Meio de Quadra;;;0;1;1;1;0;0;0;0;0;1;0;0;-3,783753000000000;-38,526850000000000
327533;16;3;2018;19:16;0;AV SEN CARLOS JEREISSATI (AEROPORTO);;;0;KM 04;Colis?â?úo;;;;Meio de Quadra;;;0;0;2;1;0;0;0;0;0;1;0;0;-3,774020000000000;-38,550907000000000
327171;16;3;2018;11:00;1316;AV SANTOS DUMONT;RUA TIBURCIO CAVALCANTE;;0;;Colis?â?úo;Luz do Dia;;;Cruz;N?â?úo H?â?í Controle;Comercial;0;0;2;1;0;0;0;0;0;0;0;0;-3,734979000000000;-38,502259000000000
327175;16;3;2018;21:45;0;RUA PEREIRA VALENTE;;;1287;;Colis?â?úo;;;;Meio de Quadra;;;0;0;2;1;0;0;0;0;0;0;0;0;-3,734439000000000;-38,490267000000000
327188;16;3;2018;14:45;14591;AV EDILSON B SOARES;RUA LIDIA BRIGIDO;;0;;Colis?â?úo;Luz do Dia;;;;;;0;1;1;1;0;0;0;0;0;1;0;0;-3,789827000000000;-38,484843000000000
326920;16;3;2018;06:40;16039;AV PRS COSTA E SILVA;RUA CEL TIBURCIO;;0;;Colis?â?úo;Luz do Dia;;;Cruz;Sem?â?íforo;Comercial;0;0;2;1;0;0;0;0;0;1;0;0;-3,812167000000000;-38,573703000000000
326929;16;3;2018;07:40;25287;AV AUGUSTO DOS ANJOS;RUA PRIMEIRO DE MAIO D34;;0;;Colis?â?úo;Luz do Dia;;;T;Pare;Residencial;0;0;2;1;0;0;0;0;0;1;0;0;-3,784490000000000;-38,582915000000000
326934;16;3;2018;07:50;19528;RUA JULIO GASPAR;RUA CAMBARA;;0;;Colis?â?úo;Luz do Dia;;;Cruz;Pare;Residencial;0;0;2;0;1;0;0;0;0;1;0;0;-3,782019000000000;-38,563574000000000
329197;17;3;2018;23:22;0;RUA DOM XISTO ALBANO;;;753;;Colis?â?úo;;;;Meio de Quadra;;;0;1;0;0;0;0;0;0;0;0;0;0;-3,792039269000000;-38,581034115000000
329184;17;3;2018;19:23;15437;AV FRE CIRILO;RUA HOMEM DE MELO;;0;;Atropelamento;;;;Cruz;Pare;Comercial;0;1;0;0;0;0;0;0;0;1;0;0;-3,817039000000000;-38,497528000000000
329186;17;3;2018;20:29;0;RUA DR SEIXAS;;;762;;Queda;;;;Meio de Quadra;;;0;1;0;0;0;1;0;0;0;0;0;0;-3,773450000000000;-38,594530000000000
329187;17;3;2018;20:30;0;RUA COS LAFAYETE;;;402;;Colis?â?úo;;;;Meio de Quadra;;;0;2;0;1;0;0;0;0;0;1;0;0;-3,718117857000000;-38,581461929000000
329170;17;3;2018;13:52;0;RUA EQUADOR;;;726;;Colis?â?úo;Luz do Dia;;;Meio de Quadra;;;0;1;0;1;0;1;0;0;0;0;0;0;-3,773482000000000;-38,552222000000000
329181;17;3;2018;18:41;0;AV MR HULL;;;0;;Atropelamento;;;;Meio de Quadra;;;0;1;0;1;0;0;0;0;0;0;0;0;;
329176;17;3;2018;15:45;3769;AV DOMINGOS OLIMPIO;RUA SEN POMPEU;;0;;Colis?â?úo;Luz do Dia;;;Cruz;Sem?â?íforo;Comercial;0;1;0;1;0;0;0;0;0;1;0;0;-3,736254000000000;-38,532455000000000
329177;17;3;2018;16:17;23343;AV PONTES VIEIRA;RUA TIBURCIO CAVALCANTE;;0;;Colis?â?úo;Luz do Dia;;;Cruz;Sem?â?íforo;Comercial;0;1;0;1;0;0;0;0;0;1;0;0;-3,752053000000000;-38,507749000000000
329178;17;3;2018;16:38;0;AV PERIMETRAL;;;781;;Atropelamento;Luz do Dia;;;Meio de Quadra;;;0;1;0;0;0;0;0;0;0;0;0;0;;
329179;17;3;2018;16:50;10399;RUA DAS PEDRINHAS;RUA STA ADELIA;;0;;Colis?â?úo;Luz do Dia;;;;;;0;1;0;1;0;0;0;0;0;1;0;0;-3,759602000000000;-38,599655000000000
329173;17;3;2018;13:53;9243;AV EDUARDO GIRAO;AV DOS EXPEDICIONARIOS;;0;;Colis?â?úo;Luz do Dia;;;Cruz;Sem?â?íforo;Comercial;0;1;0;0;0;0;0;0;0;1;0;0;-3,750712000000000;-38,536849000000000