COD_ACIDENTE;DIA;MES;ANO;HORA;INTERSECAO;LOG1;LOG2;LOG3;NUMERO;REFERENCIA;NATUREZA;ILUMINACAO;TEMPO;SUPERFICIEPISTA;TIPOCRUZAMENTO;CONTROLETRAFEGO;USOSOLO;MORTOS;FERIDOS;ILESOS;AUTOMOVEL;ONIBUS;BICICLETA;CAMINHAO;MICROONIBUS;CICLOMOTOR;MOTOCICLETA;TRACAOANIMAL;TREM;LATITUDE;LONGITUDE
329174;17;3;2018;14:24;0;RUA GAL CLARINDO DE QUEIROZ;;;1922;;Colis?â?úo;Luz do Dia;;;Meio de Quadra;;;0;1;0;1;0;0;0;0;0;1;0;0;-3,729201000000000;-38,541099000000000
329167;17;3;2018;13:50;0;RUA ALBERTO MAGNO;;;1390;;Colis?â?úo;Luz do Dia;;;Meio de Quadra;;;0;1;0;0;0;0;0;0;0;0;0;0;-3,765502000000000;-38,550525000000000
329162;17;3;2018;12:33;0;AV SGT HERMINIO SAMPAIO;;;0;;Colis?â?úo;Luz do Dia;;;Meio de Quadra;;;0;1;0;1;0;0;0;0;0;1;0;0;;
329157;17;3;2018;09:00;7849;RUA JOSE VILAR;RUA FRANCISCO HOLANDA;;0;;Colis?â?úo;Luz do Dia;;;Cruz;Pare;Residencial;0;1;0;1;0;0;0;0;0;1;0;0;-3,747448000000000;-38,508441000000000
329158;17;3;2018;09:30;0;AV GODOFREDO MACIEL;;;600;;Queda;Luz do Dia;;;Meio de Quadra;;;0;1;0;0;0;1;0;0;0;0;0;0;-3,781341000000000;-38,565258000000000
329159;17;3;2018;12:02;0;AV PERIMETRAL;;;0;;Atropelamento;Luz do Dia;;;Meio de Quadra;;;0;1;0;1;0;0;0;0;0;0;0;0;;
329160;17;3;2018;12:19;0;RUA ARTUR DE SOUZA;;;1615;;Colis?â?úo;Luz do Dia;;;Meio de Quadra;;;0;2;0;1;0;0;0;0;0;1;0;0;-3,825250000000000;-38,576130000000000
329155;17;3;2018;05:58;0;AV MR HULL;;;0;;Colis?â?úo;Amanhecer;;;Meio de Quadra;;;0;1;0;1;0;0;0;0;0;1;0;0;;
327184;17;3;2018;20:30;0;RUA LONDRINA;;;311;;Atropelamento;;;;Meio de Quadra;;;0;1;1;1;0;0;0;0;0;0;0;0;-3,783544500000000;-38,594718000000000
327177;17;3;2018;09:25;12426;AV SEN FERNANDES TAVORA;RUA RIBEIRO LEITAO;;0;;Colis?â?úo;Luz do Dia;;;Cruz;Pare;Comercial;0;2;0;0;0;0;0;0;0;1;0;0;-3,764304000000000;-38,578199000000000
326966;17;3;2018;22:40;0;AV DUQ CAXIAS;;;940;;Colis?â?úo;;;;Meio de Quadra;;;0;1;0;0;0;0;0;0;0;1;0;0;-3,730837334000000;-38,532829667000000
326977;17;3;2018;09:00;0;AV GAL OSORIO DE PAIVA;;;395;;Colis?â?úo;Luz do Dia;;;Meio de Quadra;;;0;1;1;1;0;0;0;0;0;1;0;0;-3,775618000000000;-38,566451000000000
326995;17;3;2018;21:00;0;RUA FREDERICO BORGES;;;305;;Colis?â?úo;;;;Meio de Quadra;;;0;0;2;1;0;0;0;0;0;0;0;0;-3,732355250000000;-38,489255000000000
327292;17;3;2018;15:00;16142;RUA ARTUR DE SOUZA;RUA UMARI;;0;;Colis?â?úo;Luz do Dia;;;;;;0;0;2;1;0;0;0;0;0;1;0;0;;
322088;17;3;2018;02:55;0;RUA TR?â?áS (MESSEJANA);RUA BADY MIGUEL;;0;;Choque c/ Obst?â?ículo Fixo;Via Iluminada;Bom;Seca;Meio de Quadra;Pare;Residencial;0;0;1;1;0;0;0;0;0;0;0;0;-3,827618000000000;-38,491695000000000
322090;17;3;2018;09:32;0;AV DUQ CAXIAS;;;235;;Colis?â?úo Traseira;Luz do Dia;Bom;Seca;Meio de Quadra;Sem?â?íforo;Comercial;0;0;2;1;0;0;0;0;0;1;0;0;-3,732747600000000;-38,526657000000000
322091;17;3;2018;14:06;9224;RUA MIN JOAQUIM BASTOS D14;RUA GAL SILVA JUNIOR;;0;;Colis?â?úo Lateral;Luz do Dia;Bom;Seca;Cruz;Pare;Residencial;0;1;1;0;1;0;0;0;0;1;0;0;-3,752716000000000;-38,529448000000000
322092;17;3;2018;16:00;0;AV DOM MANUEL;AV DUQ CAXIAS;;0;;Colis?â?úo Lateral;Luz do Dia;Bom;Seca;Cruz;Sem?â?íforo;Comercial;0;0;2;1;0;0;0;0;0;0;0;0;-3,734079400000000;-38,523026000000000
322093;17;3;2018;15:57;22296;RUA PDE ANCHIETA;RUA SOARES BULCAO;;0;;Choque c/ Obst?â?ículo Fixo;Luz do Dia;Bom;Seca;Cruz;Pare;Comercial;0;0;1;1;0;0;0;0;0;0;0;0;-3,731832000000000;-38,552133000000000
322094;17;3;2018;16:54;7914;AV ANTONIO SALES;RUA LEONARDO MOTA;;0;;N?â?úo Informado;Luz do Dia;Bom;Seca;Cruz;Sem?â?íforo;Comercial;0;0;2;1;0;0;0;0;0;0;0;0;-3,746358000000000;-38,499442000000000
322076;17;3;2018;11:30;10963;RUA 15 DE NOVEMBRO;RUA ANTONIO FIUZA;;0;;Engavetamento;Luz do Dia;Bom;Seca;Cruz;Sem?â?íforo;Comercial;0;0;4;1;0;0;0;0;0;0;0;0;-3,770252000000000;-38,552228000000000
322095;18;3;2018;07:00;0;AV ABOLICAO;;;3340;;Choque c/ Obst?â?ículo Fixo;Amanhecer;Bom;Seca;Meio de Quadra;N?â?úo H?â?í Controle;Comercial;0;1;0;0;0;0;0;0;0;1;0;0;-3,794160000000000;-38,586410000000000
322096;18;3;2018;05:45;1605;AV DES MOREIRA;RUA BENI DE CARVALHO;;0;;Colis?â?úo Transversal;Luz do Dia;Bom;Seca;Cruz;Sem?â?íforo;Comercial;0;1;1;1;0;0;0;0;0;1;0;0;-3,744098000000000;-38,500877000000000
322097;18;3;2018;08:35;788;RUA TEN JAIME ANDRADE;RUA ASP MENDES;;0;;Colis?â?úo Transversal;Luz do Dia;Bom;Seca;Cruz;Pare;Comercial;0;1;1;1;0;0;0;0;0;0;0;0;-3,771226000000000;-38,513779000000000
322098;18;3;2018;09:50;3771;AV DOMINGOS OLIMPIO;AV DA UNIVERSIDADE;;0;;Colis?â?úo;Luz do Dia;Bom;Seca;Cruz;Sem?â?íforo;Comercial;0;1;1;0;1;1;0;0;0;0;0;0;-3,735594000000000;-38,534216000000000
322099;18;3;2018;14:13;0;AV CEL CARVALHO;;;3014;;Choque c/ Obst?â?ículo Fixo;Luz do Dia;Bom;Seca;Meio de Quadra;N?â?úo H?â?í Controle;Residencial;0;0;1;1;0;0;0;0;0;0;0;0;-3,729862500000000;-38,584790000000000
322100;18;3;2018;15:52;5463;RUA BARBARA DE ALENCAR;RUA DNA LEOPOLDINA;;0;;N?â?úo Informado;Luz do Dia;Bom;Seca;Cruz;Pare;Comercial;0;0;2;1;0;0;0;0;0;0;0;0;-3,735695000000000;-38,521102000000000
322101;18;3;2018;16:46;24975;AV ALM HENRIQUE SABOIA;RUA PLINIO CAMARA;;0;;N?â?úo Informado;Luz do Dia;Bom;Seca;Meio de Quadra;N?â?úo H?â?í Controle;Comercial;0;0;2;1;0;0;0;0;0;0;0;0;-3,751385000000000;-38,496296000000000
322102;18;3;2018;13:30;0;AV RECREIO D64;;;1185;;Colis?â?úo Transversal;Luz do Dia;Bom;Seca;;;;0;2;0;0;0;0;0;0;0;1;0;0;-3,816181700000000;-38,450146000000000
322103;18;3;2018;18:40;15317;RUA TEN BENEVOLO;RUA NUNES VALENTE;;0;;Colis?â?úo Lateral;Mal Iluminada;Bom;Seca;Cruz;Pare;Residencial;0;2;1;1;0;1;0;0;0;0;0;0;-3,730365000000000;-38,501859000000000
322104;18;3;2018;19:52;0;AV SANTOS DUMONT;;;2825;;Colis?â?úo Lateral;Anoitecer;Bom;Seca;Meio de Quadra;Sem?â?íforo;Comercial;0;0;2;1;1;0;0;0;0;0;0;0;-3,736199600000000;-38,498775000000000
322105;18;3;2018;19:54;0;AV JUSCELINO KUBITSCHEK (CANINDEZINHO);AV PAROARAS;;0;;Colis?â?úo Transversal;Via Iluminada;Bom;Seca;Cruz;Sem?â?íforo;Residencial;0;2;1;1;0;0;0;0;0;1;0;0;-3,816488700000000;-38,531647000000000
322106;18;3;2018;20:00;15169;AV BEIRA MAR;RUA JOAQUIM NABUCO;;0;;Atropelamento;Via Iluminada;Bom;Seca;T;Pare;Residencial;0;1;1;1;0;0;0;0;0;0;0;0;-3,725387000000000;-38,498120000000000
327361;18;3;2018;18:30;0;RD BR 222;;;0;KM-03;Colis?â?úo Lateral;Anoitecer;;;Meio de Quadra;;;0;1;1;0;0;1;0;0;0;1;0;0;-3,740300848000000;-38,595940970000000
327362;18;3;2018;20:25;0;RD BR 116;;;13000;KM-13;Colis?â?úo Traseira;;;;Meio de Quadra;;;0;1;1;1;0;0;0;0;0;0;0;0;-3,864670000000000;-38,497727000000000
327059;18;3;2018;01:30;0;AV PRS CASTELO BRANCO;;;3970;;Colis?â?úo;;;;Meio de Quadra;;;0;1;1;1;0;0;0;0;0;0;0;0;-3,708553000000000;-38,567995000000000
327190;18;3;2018;08:25;0;AV JOAO PESSOA;;;0;;Choque c/ Obst?â?ículo Fixo;Luz do Dia;;;Meio de Quadra;;;0;2;0;1;0;0;0;0;0;0;0;0;;
327226;18;3;2018;17:45;0;AV ABOLICAO;;;2030;;Colis?â?úo;Anoitecer;;;Meio de Quadra;;;0;0;2;1;0;0;0;0;0;1;0;0;-3,725592500000000;-38,500878500000000
329202;18;3;2018;00:27;0;RUA PEDRO SAMPAIO;;;1350;;Queda;;;;Meio de Quadra;;;0;1;0;0;0;1;0;0;0;0;0;0;-3,747920000000000;-38,554970000000000
329226;18;3;2018;07:05;0;AV ENG SANTANA JUNIOR;;;1200;;Queda;Luz do Dia;;;Meio de Quadra;;;0;1;0;0;0;0;0;0;0;1;0;0;-3,738368800000000;-38,483954000000000
329208;18;3;2018;00:36;0;RUA DALAS;;;1515;;Queda;;;;Meio de Quadra;;;0;1;0;0;0;0;0;0;0;1;0;0;-3,792816600000000;-38,630872000000000
329216;18;3;2018;02:23;1282;AV SANTOS DUMONT;AV BAR STUDART;;0;;Atropelamento;;;;Cruz;Sem?â?íforo;Comercial;0;1;0;0;0;0;0;0;0;1;0;0;-3,733642000000000;-38,506304000000000
329221;18;3;2018;05:06;0;AV RAD JOSE LIMA VERDE;;;1500;;Queda;Amanhecer;;;Meio de Quadra;;;0;1;0;0;0;0;0;0;0;1;0;0;-3,709829000000000;-38,602265500000000
329280;18;3;2018;13:58;0;RD QUARTO ANEL VIARIO;;;1700;;Queda;Luz do Dia;;;Meio de Quadra;;;0;2;0;0;0;0;0;0;0;1;0;0;-3,863304179000000;-38,524632284000000
329223;18;3;2018;05:38;0;AV GODOFREDO MACIEL;;;918;;Atropelamento;Amanhecer;;;Meio de Quadra;;;0;1;0;1;0;0;0;0;0;0;0;0;-3,784762000000000;-38,566283000000000
329233;18;3;2018;07:05;0;AV DR SILAS MUNGUBA;;;1409;;Colis?â?úo;Luz do Dia;;;Meio de Quadra;;;0;1;0;1;0;0;0;0;0;1;0;0;-3,783950000000000;-38,553910000000000
329238;18;3;2018;12:21;6752;RUA PRO OTAVIO LOBO;AV SANTOS DUMONT;;0;;Colis?â?úo;Luz do Dia;;;Cruz;Sem?â?íforo;Comercial;0;1;0;1;0;0;0;0;0;1;0;0;-3,742845000000000;-38,477829000000000
329293;18;3;2018;16:42;19018;RUA JOSE CARLOS GURGEL NOGUEIRA;AV ENG ALBERTO SA;;0;;Colis?â?úo;Luz do Dia;;;Cruz;Sem?â?íforo Intermitente;Residencial;0;1;0;0;0;0;0;0;0;0;0;0;-3,734800000000000;-38,475012000000000
329294;18;3;2018;17:03;0;AV ABOLICAO;;;2030;;Colis?â?úo;Anoitecer;;;Meio de Quadra;;;0;1;0;1;0;0;0;0;0;1;0;0;-3,725592500000000;-38,500878500000000
329295;18;3;2018;17:30;0;RUA 137 CJ CEARA;;;46;;Colis?â?úo;Anoitecer;;;Meio de Quadra;;;0;1;0;1;0;0;0;0;0;1;0;0;-3,771748738000000;-38,609896881000000
329296;18;3;2018;18:27;0;AV MR HULL;;;0;;Colis?â?úo;Anoitecer;;;Meio de Quadra;;;0;1;0;0;0;0;0;0;0;0;0;0;;
329297;18;3;2018;18:59;0;AV PRS JUSCELINO KUBITSCHEK (PASSAR?âÔÇ?);;;0;;Colis?â?úo;;;;Meio de Quadra;;;0;1;0;1;0;0;0;0;0;1;0;0;;
329298;18;3;2018;19:14;0;RUA CASTRO MONTE;;;115;;Atropelamento;;;;Meio de Quadra;;;0;1;0;1;0;0;0;0;0;0;0;0;-3,728793636000000;-38,486250000000000
329299;18;3;2018;19:20;0;RUA CON DE CASTRO;;;3543;;Colis?â?úo;;;;Meio de Quadra;;;0;1;0;1;0;1;0;0;0;0;0;0;-3,798628000000000;-38,586068000000000
329300;18;3;2018;20:07;0;AV DEP PAULINO ROCHA;;;46;;Colis?â?úo;;;;Meio de Quadra;;;0;1;0;1;0;1;0;0;0;0;0;0;-3,801738000000000;-38,507487000000000
329301;18;3;2018;20:13;0;RUA JULIO GASPAR;;;770;;Colis?â?úo;;;;Meio de Quadra;;;0;2;0;1;0;0;0;0;0;1;0;0;-3,783745000000000;-38,561561000000000
329302;18;3;2018;20:26;0;RD BR 116;;;12000;KM-12;Colis?â?úo;;;;Meio de Quadra;;;0;1;0;1;0;0;0;0;0;0;0;0;-3,855740000000000;-38,496066000000000
329303;18;3;2018;22:18;0;RUA MON SALAZAR;;;1126;;Colis?â?úo;;;;Meio de Quadra;;;0;1;0;1;0;1;0;0;0;0;0;0;-3,755770000000000;-38,509630000000000
329304;18;3;2018;22:25;19310;RUA GUILHERME PERDIGAO;RUA DES GOMES PARENTE;;0;;Colis?â?úo;;;;Cruz;Pare;Residencial;0;1;0;1;0;0;0;0;0;1;0;0;-3,775031000000000;-38,573368000000000
329305;19;3;2018;00:19;0;RUA GERALDO BARBOSA;;;110;;Queda;;;;Meio de Quadra;;;0;1;0;0;0;0;0;0;0;1;0;0;-3,794957353000000;-38,592814794000000
329306;19;3;2018;01:44;0;RUA FRANCO ROCHA;;;455;;Colis?â?úo;;;;Meio de Quadra;;;0;1;0;1;0;0;0;0;0;1;0;0;-3,754828250000000;-38,580378500000000
329307;19;3;2018;02:45;3975;RUA ALBERTO MAGNO;RUA PRO COSTA MENDES;;0;;Queda;;;;Cruz;Sem?â?íforo;Residencial;0;1;0;0;0;0;0;0;0;1;0;0;-3,757528000000000;-38,543548000000000
329326;19;3;2018;06:05;0;AV ENG SANTANA JUNIOR;;;0;;Queda;Luz do Dia;;;Meio de Quadra;;;0;1;0;0;0;0;0;0;0;1;0;0;;
329330;19;3;2018;06:12;0;RUA ALM RUBIM;;;1779;;Queda;Luz do Dia;;;Meio de Quadra;;;0;1;0;0;0;0;0;0;0;1;0;0;-3,773105000000000;-38,557416608000000
329351;19;3;2018;21:28;0;AV L CJ CEARA;;;1421;;Queda;;;;Meio de Quadra;;;0;1;0;0;0;0;0;0;0;1;0;0;;
329352;19;3;2018;22:28;0;AV BEZERRA DE MENEZES;;;481;;Colis?â?úo;;;;Meio de Quadra;;;0;1;0;0;0;0;0;0;0;0;0;0;-3,732477636000000;-38,549052636000000
329353;19;3;2018;23:43;0;AV CENTRAL;;;1374;;Colis?â?úo;;;;Meio de Quadra;;;0;2;0;0;0;0;0;0;0;1;0;0;-3,750110000000000;-38,471300000000000
329337;19;3;2018;07:58;0;AV GAL OSORIO DE PAIVA;;;5440;;Atropelamento;Luz do Dia;;;Meio de Quadra;;;0;1;0;0;0;0;0;0;0;1;0;0;-3,805011333000000;-38,602374833000000
329384;19;3;2018;03:04;0;RUA URUCUTUBA;;;129;;Queda;;;;Meio de Quadra;;;0;1;0;0;0;0;0;0;0;1;0;0;-3,798343975000000;-38,597061187000000
329339;19;3;2018;12:23;0;RUA GAL SAMPAIO;;;724;;Colis?â?úo;Luz do Dia;;;Meio de Quadra;;;0;1;0;1;0;0;0;0;0;1;0;0;-3,724877091000000;-38,530189091000000
329340;19;3;2018;14:19;0;RD BR 116;;;0;;Colis?â?úo;Luz do Dia;;;Meio de Quadra;;;0;1;0;0;0;0;0;0;0;0;0;0;;
329341;19;3;2018;14:34;0;AV FRANCISCO SA;;;5991;;Colis?â?úo;Luz do Dia;;;Meio de Quadra;;;0;1;0;1;0;0;0;0;0;1;0;0;-3,710088000000000;-38,578679000000000
329342;19;3;2018;14:53;0;RUA RIO GRANDE DO NORTE;;;0;;Atropelamento;Luz do Dia;;;Meio de Quadra;;;0;1;0;0;0;0;0;0;0;1;0;0;;
329343;19;3;2018;16:49;0;RUA PDE VALDEVINO;;;714;;Colis?â?úo;Luz do Dia;;;Meio de Quadra;;;0;1;0;1;0;0;0;0;0;1;0;0;-3,738999000000000;-38,517709700000000
329344;19;3;2018;17:44;0;AV HERACLITO GRACA;;;900;;Atropelamento;Anoitecer;;;Meio de Quadra;;;0;1;0;1;0;0;0;0;0;0;0;0;-3,735857700000000;-38,516769900000000
329345;19;3;2018;18:16;0;AV OLIVEIRA PAIVA;;;0;;Colis?â?úo;Anoitecer;;;Meio de Quadra;;;0;1;0;1;0;0;0;0;0;0;0;0;;
329346;19;3;2018;19:28;0;RUA CON DE CASTRO;;;1047;;Colis?â?úo;;;;Meio de Quadra;;;0;1;0;1;0;0;0;0;0;1;0;0;-3,781927361000000;-38,570600229000000
329347;19;3;2018;20:02;12689;RUA PRP NASSAU;RUA ALBERTO FERREIRA;;0;;Colis?â?úo;;;;;;;0;1;0;1;0;0;0;0;0;1;0;0;-3,728592000000000;-38,583816000000000
327205;19;3;2018;21:00;0;AV 13 DE MAIO;;;841;;Colis?â?úo;;;;Meio de Quadra;;;0;0;2;1;0;0;0;0;0;0;0;0;-3,751140640000000;-38,527207760000000
327193;19;3;2018;02:00;0;AV AREIA BRANCA;;;163;;Colis?â?úo;;;;Meio de Quadra;;;0;0;2;0;0;0;0;0;0;1;0;0;-3,728499200000000;-38,474587800000000
327365;19;3;2018;10:00;0;RD BR 116;;;15000;KM-15;Colis?â?úo Traseira;Luz do Dia;;;Meio de Quadra;;;0;1;1;1;0;0;0;0;0;1;0;0;-3,882329000000000;-38,501113000000000
315229;19;3;2018;08:00;0;AV GAL OSORIO DE PAIVA;;;5440;;Atropelamento;Luz do Dia;;;Meio de Quadra;;;1;1;0;0;0;0;0;0;0;1;0;0;-3,805011333000000;-38,602374833000000
315231;19;3;2018;10:31;0;RUA DEMETRIO MENEZES;;;134;;Atropelamento;Luz do Dia;;;Meio de Quadra;;;1;0;1;0;0;0;1;0;0;0;0;0;-3,737330000000000;-38,583610000000000
322107;19;3;2018;06:51;11021;RUA ALM RUBIM;RUA MUNDICA PAULA;;0;;Queda;Luz do Dia;Bom;Seca;Cruz;Pare;Comercial;0;0;1;0;0;0;0;0;0;1;0;0;-3,773259000000000;-38,557470000000000
322108;19;3;2018;08:14;19683;RUA AZEVEDO BOLAO;RUA PRO JOSE DE BARCELOS;;0;;Colis?â?úo Transversal;Luz do Dia;Nublado;Seca;Cruz;Pare;Comercial;0;0;2;1;0;0;0;0;0;0;0;0;-3,735196000000000;-38,550610000000000
322109;19;3;2018;09:10;0;AV ABOLICAO;;;2323;;Colis?â?úo Traseira;Luz do Dia;Bom;Seca;Meio de Quadra;Sem?â?íforo;Residencial;0;1;1;0;0;0;0;0;0;1;0;0;-3,726660500000000;-38,498302000000000
322110;19;3;2018;10:40;24993;AV DOM MANUEL;RUA ROCHA LIMA;;0;;Colis?â?úo Transversal;Luz do Dia;Nublado;Seca;Cruz;Sem?â?íforo;Comercial;0;1;1;1;0;0;0;0;0;1;0;0;-3,735959000000000;-38,523587000000000
322111;19;3;2018;13:50;17309;AV PRO GOMES DE MATOS;RUA ALFREDO DE CASTRO;;0;;Colis?â?úo Lateral;Luz do Dia;Bom;Seca;T;Pare;Comercial;0;0;2;1;0;0;0;0;0;0;0;0;-3,764234000000000;-38,548267000000000
322112;19;3;2018;11:00;17583;RUA PIAUI;RUA ESTADO DO RIO;;0;;Colis?â?úo Traseira;Luz do Dia;Bom;Seca;Cruz;Pare;Residencial;0;0;1;1;0;0;0;0;0;1;0;0;-3,755344000000000;-38,568847000000000
322113;20;3;2018;07:30;15571;AV FRE CIRILO;RUA LETICIA;;0;;Colis?â?úo Traseira;Luz do Dia;Bom;Seca;Cruz;Sem?â?íforo;Residencial;0;0;2;1;0;0;0;1;0;0;0;0;-3,822257000000000;-38,495262000000000
322114;20;3;2018;08:48;23606;RUA BAR CRATO;RUA MAJ VERISSIMO;;0;;Colis?â?úo Transversal;Luz do Dia;Bom;Seca;Cruz;Pare;Comercial;0;1;1;0;1;0;0;0;0;1;0;0;-3,722084000000000;-38,562705000000000
322115;20;3;2018;09:08;0;AV GAL OSORIO DE PAIVA;;;2395;;Colis?â?úo Traseira;Luz do Dia;Bom;Seca;Y;Sem?â?íforo;Comercial;0;0;1;1;0;0;0;0;0;0;0;0;-3,786970900000000;-38,584440000000000
322117;20;3;2018;12:45;7855;RUA CEL JUCA;RUA HENRIQUETA GALENO;;0;;Colis?â?úo Transversal;Luz do Dia;Bom;Seca;Cruz;Pare;Residencial;0;1;0;1;0;0;0;0;0;1;0;0;-3,746989000000000;-38,494284000000000
322118;20;3;2018;13:27;1406;AV DES MOREIRA;RUA DES LEITE ALBUQUERQUE;;0;;Colis?â?úo Traseira;Luz do Dia;Bom;Seca;Cruz;Sem?â?íforo;Comercial;0;0;1;1;0;0;0;0;0;0;0;0;-3,737220000000000;-38,498678000000000
322119;20;3;2018;14:22;0;RUA PEDRO II;RUA EDUARDO PERDIGAO;;0;;Colis?â?úo Lateral;Luz do Dia;Bom;Seca;Duplo T;Sem?â?íforo;Comercial;0;0;2;0;1;0;0;0;0;0;0;0;-3,776121000000000;-38,564310000000000
322120;20;3;2018;15:04;0;RUA ANDRE CHAVES;;;105;;Colis?â?úo Transversal;Luz do Dia;Bom;Seca;Cruz;Pare;Residencial;0;0;2;1;0;0;0;0;0;0;0;0;-3,758167300000000;-38,536858000000000
322121;20;3;2018;15:31;5436;RUA GAL CLARINDO DE QUEIROZ;RUA JAIME BENEVOLO;;0;;Colis?â?úo Transversal;Luz do Dia;Bom;Seca;Cruz;Pare;Comercial;0;0;2;1;0;0;0;0;0;0;0;0;-3,734060000000000;-38,526017000000000
322122;20;3;2018;16:00;0;RUA JORGE DUMAR;;;1998;;Colis?â?úo Lateral;Luz do Dia;Bom;Seca;Meio de Quadra;N?â?úo H?â?í Controle;Residencial;0;0;2;1;0;0;0;0;0;0;0;0;-3,753276600000000;-38,539536000000000
322123;20;3;2018;19:52;0;RUA DOM HENRIQUE;;;385;;Colis?â?úo Lateral;Via Iluminada;Bom;Seca;Meio de Quadra;N?â?úo H?â?í Controle;Residencial;0;1;1;1;0;0;0;0;0;1;0;0;-3,787972500000000;-38,581154000000000
322124;20;3;2018;20:03;0;RUA VALVERDE;;;1430;;Colis?â?úo Lateral;Anoitecer;Bom;Seca;Meio de Quadra;N?â?úo H?â?í Controle;Comercial;0;0;2;0;1;0;0;0;0;1;0;0;-3,847377800000000;-38,515667000000000
322125;20;3;2018;20:03;0;RUA MON CARNEIRO DA CUNHA;;;305;;Colis?â?úo Transversal;Via Iluminada;Bom;Seca;;;;0;1;1;1;0;0;0;0;0;1;0;0;-3,775153600000000;-38,493200000000000
322126;20;3;2018;18:32;0;AV BEZERRA DE MENEZES;;;871;;N?â?úo Informado;Via Iluminada;Bom;Seca;Meio de Quadra;N?â?úo H?â?í Controle;Comercial;0;0;1;1;0;0;0;0;0;0;0;0;-3,733356700000000;-38,552578000000000
322127;20;3;2018;19:30;0;AV GODOFREDO MACIEL;;;3420;;Colis?â?úo Lateral;Via Iluminada;Bom;Seca;Meio de Quadra;N?â?úo H?â?í Controle;Comercial;0;0;2;1;0;0;0;0;0;0;0;0;-3,805361000000000;-38,572800000000000
322128;20;3;2018;22:27;0;AV GODOFREDO MACIEL;;;707;;N?â?úo Informado;Via Iluminada;Bom;Seca;Meio de Quadra;N?â?úo H?â?í Controle;Comercial;0;0;2;1;1;0;0;0;0;0;0;0;-3,782593700000000;-38,565758000000000
322129;20;3;2018;22:49;0;RUA GERMANO FRANCK;RUA CARLOS AMORA;;0;;Colis?â?úo Lateral;Via Iluminada;Bom;Seca;Cruz;Sem?â?íforo;Comercial;0;0;2;1;0;0;0;0;0;0;0;0;-3,777291000000000;-38,562164000000000
322134;20;3;2018;07:50;9243;AV DOS EXPEDICIONARIOS;AV EDUARDO GIRAO;;0;;Colis?â?úo Traseira;Luz do Dia;Bom;Seca;Cruz;Sem?â?íforo;Comercial;0;1;1;0;0;0;0;0;0;1;0;0;-3,750712000000000;-38,536849000000000
315324;20;3;2018;06:00;0;RUA 1036 CJ CEARA;;;50;;Atropelamento;Luz do Dia;;;Meio de Quadra;;;1;0;1;0;0;0;0;0;0;0;0;0;-3,759374000000000;-38,610966000000000
327534;20;3;2018;21:30;0;RD CE-040;;;0;KM-01;Colis?â?úo;;;;Meio de Quadra;;;0;0;2;1;1;0;0;0;0;0;0;0;-3,764650449000000;-38,482583040000000
327207;20;3;2018;10:50;12674;AV CEL CARVALHO;RUA GUILHERME MENDES;;0;;Colis?â?úo;Luz do Dia;;;Cruz;Pare;Comercial;0;0;2;0;0;0;0;0;0;1;0;0;-3,720651000000000;-38,587094000000000
329407;20;3;2018;15:37;0;RUA VALPARAISO;;;1440;;Outros;Luz do Dia;;;Meio de Quadra;;;0;1;0;0;0;0;0;0;0;0;0;0;-3,837869809000000;-38,533512268000000
329408;20;3;2018;15:41;0;RUA BAR SOBRAL;;;11;;Colis?â?úo;Luz do Dia;;;Meio de Quadra;;;0;1;0;1;0;0;0;0;0;1;0;0;;
329409;20;3;2018;16:08;0;AV DR THEBERGE;;;1879;;Colis?â?úo;Luz do Dia;;;Meio de Quadra;;;0;1;0;1;0;0;0;0;0;1;0;0;-3,717354000000000;-38,565848000000000
329410;20;3;2018;16:12;0;RUA TIRADENTES;;;486;;Colis?â?úo;Luz do Dia;;;Meio de Quadra;;;0;1;0;0;0;0;0;0;0;0;0;0;-3,742276743000000;-38,548890743000000
329411;20;3;2018;16:27;15360;AV DOM LUIS;AV DES MOREIRA;;0;;Colis?â?úo;Luz do Dia;;;Rotat?â??ria;N?â?úo H?â?í Controle;Comercial;0;1;0;1;0;0;0;0;0;1;0;0;-3,733239000000000;-38,497383000000000
329412;20;3;2018;16:32;0;RUA CAP OLAVO;;;344;;Colis?â?úo;Luz do Dia;;;Meio de Quadra;;;0;1;0;0;0;0;0;0;0;0;0;0;-3,765348000000000;-38,515937000000000
329413;20;3;2018;18:21;0;AV ENG HUMBERTO MONTE;;;531;;Colis?â?úo;Anoitecer;;;Meio de Quadra;;;0;3;0;1;0;0;0;0;0;1;0;0;-3,753384000000000;-38,556940000000000
329389;20;3;2018;11:34;0;AV GAL OSORIO DE PAIVA;;;2982;;Atropelamento;Luz do Dia;;;Meio de Quadra;;;0;1;0;0;0;0;0;0;0;1;0;0;-3,789256000000000;-38,587028000000000
329390;20;3;2018;12:17;0;AV COS GOMES DE FREITAS (SAPIRANGA/COITE);;;0;;Colis?â?úo;Luz do Dia;;;Meio de Quadra;;;0;1;0;1;0;0;0;0;0;1;0;0;;