COD_ACIDENTE;DIA;MES;ANO;HORA;INTERSECAO;LOG1;LOG2;LOG3;NUMERO;REFERENCIA;NATUREZA;ILUMINACAO;TEMPO;SUPERFICIEPISTA;TIPOCRUZAMENTO;CONTROLETRAFEGO;USOSOLO;MORTOS;FERIDOS;ILESOS;AUTOMOVEL;ONIBUS;BICICLETA;CAMINHAO;MICROONIBUS;CICLOMOTOR;MOTOCICLETA;TRACAOANIMAL;TREM;LATITUDE;LONGITUDE
329391;20;3;2018;12:51;0;RUA CHICO MOTA;;;226;;Queda;Luz do Dia;;;Meio de Quadra;;;0;1;0;0;0;0;0;0;0;1;0;0;-3,784914100000000;-38,521876300000000
329392;20;3;2018;13:20;0;AV ALBERTO CRAVEIRO;;;1489;;Atropelamento;Luz do Dia;;;Meio de Quadra;;;0;2;0;0;0;0;0;0;0;1;0;0;-3,793773000000000;-38,517745000000000
329393;20;3;2018;13:50;0;RUA JOAO AREAS;;;248;;Queda;Luz do Dia;;;Meio de Quadra;;;0;1;0;0;0;0;0;0;0;1;0;0;-3,789010373000000;-38,575844118000000
329394;20;3;2018;14:26;0;AV DES GONZAGA;;;220;;Atropelamento;Luz do Dia;;;Meio de Quadra;;;0;1;0;1;0;0;0;0;0;0;0;0;-3,788993000000000;-38,503663000000000
329357;20;3;2018;00:18;0;AV TRISTAO GONCALVES;;;0;;Atropelamento;;;;Meio de Quadra;;;0;1;0;0;0;0;0;0;0;1;0;0;;
329358;20;3;2018;07:09;0;RUA VALPARAISO;;;2020;;Colis?â?úo;Luz do Dia;;;Meio de Quadra;;;0;1;0;1;0;0;0;0;0;1;0;0;-3,846398000000000;-38,519856500000000
329403;20;3;2018;14:32;3807;AV CARAPINIMA;AV IMPERADOR;;0;;Colis?â?úo;Luz do Dia;;;;;;0;1;0;0;0;0;0;0;0;0;0;0;-3,737277000000000;-38,537423000000000
329405;20;3;2018;15:06;0;AV JOAO PESSOA;;;4821;;Atropelamento;Luz do Dia;;;Meio de Quadra;;;0;1;0;1;0;0;0;0;0;0;0;0;-3,754529000000000;-38,551359000000000
329418;20;3;2018;21:22;10863;RUA PORTO VELHO;RUA PRO HERIBALDO COSTA;;0;;Colis?â?úo;;;;Cruz;Sem?â?íforo;Residencial;0;1;0;1;0;0;0;0;0;1;0;0;-3,765974000000000;-38,587014000000000
329415;20;3;2018;19:58;0;RUA SANTIAGO (QUINTINO CUNHA);;;864;;Atropelamento;;;;Meio de Quadra;;;0;1;0;1;0;0;0;0;0;0;0;0;-3,783080000000000;-38,500140000000000
329416;20;3;2018;20:15;0;AV MOZART PINHEIRO DE LUCENA;;;2201;;Atropelamento;;;;Meio de Quadra;;;0;1;0;0;0;0;0;0;0;1;0;0;-3,722853000000000;-38,597027000000000
329387;20;3;2018;10:45;0;AV J CJ JOSE WALTER;;;158;;Colis?â?úo;Luz do Dia;;;Meio de Quadra;;;0;1;0;0;0;0;0;0;0;1;0;0;-3,826375369000000;-38,554273368000000
329419;21;3;2018;00:21;0;AV CEL CARVALHO;;;0;;Colis?â?úo;;;;Meio de Quadra;;;0;1;0;1;0;0;0;0;0;1;0;0;;
329420;21;3;2018;06:45;0;AV GAL OSORIO DE PAIVA;;;1183;;Queda;Luz do Dia;;;Meio de Quadra;;;0;1;0;0;0;0;0;0;0;1;0;0;-3,779361933000000;-38,572414169000000
329423;21;3;2018;06:57;0;RUA COLETORA A (MONDUBIM);;;0;;Colis?â?úo;Luz do Dia;;;Meio de Quadra;;;0;1;0;1;0;0;0;0;0;1;0;0;;
329424;21;3;2018;07:13;0;RUA BAR AQUIRAZ;;;980;;Colis?â?úo;Luz do Dia;;;Meio de Quadra;;;0;1;0;0;0;0;0;0;0;1;0;0;-3,837152000000000;-38,488195000000000
329435;21;3;2018;12:12;0;AV JOSE BASTOS;;;6670;;Colis?â?úo;Luz do Dia;;;Meio de Quadra;;;0;1;0;1;0;0;0;0;0;1;0;0;-3,769316500000000;-38,570226000000000
329426;21;3;2018;07:59;0;AV F CJ CEARA;;;511;;Colis?â?úo;Luz do Dia;;;Meio de Quadra;;;0;1;0;0;0;0;0;0;0;0;0;0;-3,764477222000000;-38,605397048000000
329428;21;3;2018;08:23;0;RUA PROF. MANOEL LOURENCO;;;20;;Colis?â?úo;Luz do Dia;;;Meio de Quadra;;;0;1;0;1;0;0;0;0;0;1;0;0;;
329430;21;3;2018;10:13;0;AV WASHINGTON SOARES;;;707;;Queda;Luz do Dia;;;Meio de Quadra;;;0;1;0;0;0;0;0;0;0;1;0;0;-3,759139348000000;-38,483972783000000
329431;21;3;2018;10:21;0;RUA GAL DUTRA;;;30;;Queda;Luz do Dia;;;Meio de Quadra;;;0;1;0;0;0;1;0;0;0;0;0;0;;
329433;21;3;2018;11:28;0;RUA TEODOMIRO DE CASTRO;;;4154;;Colis?â?úo;Luz do Dia;;;Meio de Quadra;;;0;1;0;1;0;0;0;0;0;1;0;0;-3,719538000000000;-38,570794000000000
329445;21;3;2018;13:55;0;RD DR MENDEL STEINBRUCH;;;4551;;Colis?â?úo;Luz do Dia;;;Meio de Quadra;;;0;1;0;1;0;0;0;0;0;1;0;0;;
329449;21;3;2018;14:58;772;RUA TEN WILSON  D46;RUA CAP OLAVO;;0;;Colis?â?úo;Luz do Dia;;;Cruz;Pare;Comercial;0;1;0;1;0;1;0;0;0;0;0;0;-3,769699000000000;-38,515179000000000
329453;21;3;2018;16:11;0;AV FRE CIRILO;;;4000;;Colis?â?úo;Luz do Dia;;;Meio de Quadra;;;0;1;0;1;0;0;0;0;0;1;0;0;-3,819139420000000;-38,496622098000000
329456;21;3;2018;16:35;5106;RUA GUILHERME ROCHA;RUA AGAPITO DOS SANTOS;;0;;Colis?â?úo;Luz do Dia;;;Cruz;Pare;Comercial;0;1;0;1;0;1;0;0;0;0;0;0;-3,723675000000000;-38,538124000000000
329459;21;3;2018;16:44;0;RUA FENIX;;;793;;Queda;Luz do Dia;;;Meio de Quadra;;;0;1;0;0;0;0;0;0;0;1;0;0;-3,773899500000000;-38,501239700000000
329461;21;3;2018;16:46;0;RUA JOSE ARAGAO;;;44;;Queda;Luz do Dia;;;Meio de Quadra;;;0;1;0;0;0;0;0;0;0;1;0;0;;
329463;21;3;2018;17:08;5711;AV OLIVEIRA PAIVA;RUA CHICO LEMOS;;0;;Colis?â?úo;Anoitecer;;;Cruz;Sem?â?íforo;Comercial;0;1;0;1;0;0;0;0;0;1;0;0;-3,795857000000000;-38,497091000000000
329487;21;3;2018;17:43;1337;AV SANTOS DUMONT;RUA OSVALDO CRUZ (ALDEOTA);;0;;Colis?â?úo;Anoitecer;;;Cruz;Sem?â?íforo;Comercial;0;1;0;1;0;0;0;0;0;1;0;0;-3,735602000000000;-38,500317000000000
329491;21;3;2018;18:40;0;RD BR 116;;;0;;Colis?â?úo;;;;Meio de Quadra;;;0;1;0;1;0;0;0;0;0;1;0;0;;
329495;21;3;2018;18:45;11339;AV GODOFREDO MACIEL;AV BENJAMIM BRASIL;;0;;Colis?â?úo;;;;Cruz;Sem?â?íforo;Comercial;0;1;0;1;0;0;0;0;0;1;0;0;-3,803264000000000;-38,572040000000000
329489;21;3;2018;17:50;8927;RUA TEREZA CRISTINA;RUA CAMPOS SALES;;0;;Colis?â?úo;Anoitecer;;;Cruz;N?â?úo H?â?í Controle;Residencial;0;1;0;0;0;0;0;0;0;0;0;0;-3,736194000000000;-38,539507000000000
329485;21;3;2018;17:33;0;AV IMPERADOR;;;1287;;Atropelamento;Anoitecer;;;Meio de Quadra;;;0;1;0;0;0;0;0;0;0;1;0;0;-3,732445556000000;-38,536006778000000
329480;21;3;2018;17:33;0;AV LINEU MACHADO;;;234;;Colis?â?úo;Anoitecer;;;Meio de Quadra;;;0;1;0;0;0;0;0;0;0;0;0;0;-3,762706500000000;-38,575218500000000
326797;21;3;2018;18:00;0;AV PONTES VIEIRA;;;926;;Atropelamento;Anoitecer;Bom;Seca;Meio de Quadra;;;1;0;1;0;0;0;0;0;0;1;0;0;-3,752600500000000;-38,512469000000000
326794;21;3;2018;23:30;9243;AV EDUARDO GIRAO;AV DOS EXPEDICIONARIOS;;0;;Colis?â?úo Lateral;Anoitecer;Chuva;Molhada;Cruz;Sem?â?íforo;Comercial;0;0;2;1;0;0;0;0;0;1;0;0;-3,750712000000000;-38,536849000000000
326800;21;3;2018;08:00;0;RUA PERNAMBUCO;;;2271;;Colis?â?úo Lateral;Luz do Dia;Bom;Seca;Meio de Quadra;Outros;Residencial;0;0;2;1;0;0;0;0;0;0;0;0;-3,753900000000000;-38,575789000000000
326802;21;3;2018;13:30;0;AV FRANCISCO SA;;;5700;;Colis?â?úo Transversal;Luz do Dia;Bom;Seca;Meio de Quadra;Sem?â?íforo;Comercial;0;1;1;0;0;0;0;0;0;1;0;0;-3,711246000000000;-38,575397000000000
327213;21;3;2018;09:41;0;AV MIN JOSE AMERICO;;;395;;Colis?â?úo;Luz do Dia;;;Meio de Quadra;;;0;0;2;1;0;0;0;0;0;0;0;0;-3,811312200000000;-38,496263800000000
327238;21;3;2018;14:25;0;RUA VILA RICA;;;868;;Colis?â?úo;Luz do Dia;;;Meio de Quadra;;;0;1;1;1;0;0;0;0;0;0;0;0;-3,785355000000000;-38,550434478000000
327240;21;3;2018;17:45;0;AV DES FLORIANO BENEVIDES;;;220;;Colis?â?úo;Anoitecer;;;Meio de Quadra;;;0;0;2;0;0;0;0;0;0;0;0;0;-3,772678443000000;-38,479651100000000
327217;21;3;2018;22:40;0;AV WASHINGTON SOARES;;;2115;;Colis?â?úo;;;;Meio de Quadra;;;0;0;4;1;0;0;0;0;0;1;0;0;-3,777153539000000;-38,481536769000000
327535;21;3;2018;18:10;0;AV ENG SANTANA JUNIOR;;;0;;Colis?â?úo;Anoitecer;;;Meio de Quadra;;;0;0;2;1;0;0;0;0;0;0;0;0;;
327293;21;3;2018;10:10;0;RD CE-060;;;4847;KM-01;Colis?â?úo;Luz do Dia;;;Meio de Quadra;;;0;1;1;1;0;0;0;0;0;0;0;0;-3,826136000000000;-38,579500000000000
322135;21;3;2018;15:48;0;RUA PEREIRA DE MIRANDA;;;80;;Colis?â?úo Frontal;Luz do Dia;Bom;Seca;Meio de Quadra;N?â?úo H?â?í Controle;Comercial;0;0;1;1;0;0;0;0;0;1;0;0;-3,738754300000000;-38,484993000000000
322136;21;3;2018;19:24;0;RUA CAP ARAGAO;;;0;;Colis?â?úo Transversal;Luz do Dia;Bom;Seca;Rotat?â??ria;Pare;Residencial;0;0;2;1;0;0;0;0;0;0;0;0;-3,764086000000000;-38,509132000000000
322137;21;3;2018;17:37;17412;RUA ALBERTO MAGNO;RUA BAR SOBRAL;;0;;N?â?úo Informado;Anoitecer;Bom;Seca;Cruz;Sem?â?íforo;Comercial;0;0;2;0;1;0;0;0;0;1;0;0;-3,767991000000000;-38,552417000000000
322138;21;3;2018;16:32;5338;RUA PINTO MADEIRA;RUA VINTE E CINCO DE MARCO;;0;;N?â?úo Informado;Luz do Dia;Bom;Seca;Cruz;Pare;Comercial;0;1;1;0;0;0;0;0;0;1;0;0;-3,730648000000000;-38,522925000000000
322144;21;3;2018;13:58;0;RUA PRO HERIBALDO COSTA;;;400;;Atropelamento;Luz do Dia;Bom;Seca;Meio de Quadra;Sem?â?íforo;Comercial;0;1;1;0;0;0;0;0;0;1;0;0;-3,756195500000000;-38,582016000000000
322131;21;3;2018;09:22;0;RUA PROF. MANOEL LOURENCO;RUA GEORGE ROCHA;;0;;Colis?â?úo Traseira;Luz do Dia;Bom;Seca;Rotat?â??ria;D?â?¬ Prefer?â?¬ncia;Comercial;0;0;2;1;0;0;0;0;0;1;0;0;-3,763874000000000;-38,573063000000000
322132;21;3;2018;09:20;15808;AV JOR THOMAZ COELHO;RUA STA CLARA DE ASSIS;;0;;Colis?â?úo Lateral;Luz do Dia;Bom;Seca;T;Sem?â?íforo;Comercial;0;1;1;1;0;0;0;0;0;1;0;0;-3,831579000000000;-38,502808000000000
322133;21;3;2018;11:13;0;RUA CAP ARAGAO;;;945;;Colis?â?úo Lateral;Luz do Dia;Bom;Seca;Meio de Quadra;N?â?úo H?â?í Controle;Comercial;0;0;2;1;0;0;0;0;0;0;0;0;-3,764169200000000;-38,509583000000000
322142;21;3;2018;17:06;0;AV OLIVEIRA PAIVA;;;946;;Colis?â?úo Lateral;Luz do Dia;Bom;Seca;Meio de Quadra;N?â?úo H?â?í Controle;Comercial;0;0;2;0;0;0;0;0;0;1;0;0;-3,796014000000000;-38,497444000000000
322281;22;3;2018;13:24;0;AV DOMINGOS OLIMPIO;;;179;;Colis?â?úo Traseira;Luz do Dia;Nublado;Molhada;Meio de Quadra;Sem?â?íforo;Comercial;0;0;2;1;0;0;0;0;0;0;0;0;-3,738229000000000;-38,525894000000000
322130;22;3;2018;08:48;0;AV BEIRA MAR;;;3300;;Colis?â?úo Lateral;Luz do Dia;Bom;Seca;Meio de Quadra;N?â?úo H?â?í Controle;Comercial;0;1;1;1;0;0;0;0;0;1;0;0;-3,725486000000000;-38,491280000000000
322145;22;3;2018;14:03;1584;RUA VIS MAUA;RUA GAL TERTULIANO POTYGUARA;;0;;Colis?â?úo Lateral;Luz do Dia;Nublado;Seca;Cruz;N?â?úo H?â?í Controle;Comercial;0;0;2;1;1;0;0;0;0;0;0;0;-3,742796000000000;-38,501576000000000
322146;22;3;2018;14:34;6722;AV ENG SANTANA JUNIOR;RUA DR GILBERTO STUDART;;0;;Colis?â?úo;Luz do Dia;Nublado;Seca;T;Sem?â?íforo;Comercial;0;1;1;0;0;0;0;0;0;1;0;0;-3,741972000000000;-38,486048000000000
322147;22;3;2018;14:31;0;AV DR SILAS MUNGUBA;;;1700;;Queda;Luz do Dia;Chuva;Molhada;Meio de Quadra;Sem?â?íforo;Escola;0;1;0;0;0;0;0;0;0;1;0;0;-3,785953000000000;-38,551525000000000
322148;22;3;2018;12:45;0;AV DR SILAS MUNGUBA;;;6468;;Colis?â?úo Traseira;Luz do Dia;Chuva;Molhada;Meio de Quadra;N?â?úo H?â?í Controle;Comercial;0;1;1;1;1;0;0;0;0;0;0;0;-3,800756500000000;-38,530163000000000
322149;22;3;2018;14:37;0;RUA CESAR ROSSAS;;;111;;Colis?â?úo Traseira;Luz do Dia;Chuva;Molhada;Meio de Quadra;Sem?â?íforo;Comercial;0;0;2;1;0;0;0;0;0;0;0;0;-3,768634600000000;-38,552800000000000
322150;22;3;2018;20:59;0;AV FILOMENO GOMES;;;337;;Colis?â?úo Lateral;Mal Iluminada;Bom;Seca;Meio de Quadra;Sem?â?íforo;Residencial;0;0;2;1;0;0;0;0;0;0;0;0;-3,717649700000000;-38,541824000000000
322151;22;3;2018;19:40;25354;RUA CEL MANUEL ALBANO;RUA ISAIAS BEVILAQUA;;0;;Colis?â?úo Transversal;Mal Iluminada;Bom;Seca;T;N?â?úo H?â?í Controle;Residencial;0;0;3;1;0;0;0;0;0;1;0;0;-3,805463600000000;-38,573574000000000
322139;22;3;2018;08:20;0;AV JOAO PESSOA;;;6760;;Colis?â?úo Lateral;Luz do Dia;Bom;Seca;T;N?â?úo H?â?í Controle;Comercial;0;0;1;1;0;0;0;0;0;1;0;0;-3,769423000000000;-38,560863000000000
322140;22;3;2018;09:19;0;RUA JOAQUIM ALBANO;;;1;;Colis?â?úo Traseira;Luz do Dia;Bom;Seca;Meio de Quadra;N?â?úo H?â?í Controle;Comercial;0;0;1;1;0;0;0;0;0;1;0;0;-3,736451000000000;-38,584470000000000
322141;22;3;2018;11:25;4769;RUA MONTE PASCOAL;RUA DOS TREVOS;;0;;Colis?â?úo Lateral;Luz do Dia;Bom;Seca;Cruz;Pare;Residencial;0;1;1;1;0;0;0;0;0;1;0;0;-3,804944000000000;-38,599354000000000
335582;22;3;2018;01:57;0;RUA DONDON FEITOSA;;;125;;Atropelamento;;;;Meio de Quadra;;;0;1;0;0;0;0;0;0;0;1;0;0;-3,753780600000000;-38,552383800000000
335583;22;3;2018;07:27;7846;RUA JOSE VILAR;RUA JULIO SIQUEIRA;;0;;Colis?â?úo;Luz do Dia;;;Cruz;Pare;Comercial;0;1;0;1;0;0;0;0;0;1;0;0;-3,749493000000000;-38,509103000000000
335585;22;3;2018;07:46;0;RUA ESPIRITO SANTO;;;135;;Colis?â?úo;Luz do Dia;;;Meio de Quadra;;;0;1;0;0;0;0;0;0;0;1;0;0;-3,750303000000000;-38,566482000000000
327218;22;3;2018;15:50;0;AV CEL CARVALHO;;;2151;;Colis?â?úo;Luz do Dia;;;Meio de Quadra;;;0;0;1;0;0;0;0;0;0;0;0;0;-3,721000306000000;-38,586999490000000
327219;22;3;2018;16:57;21915;RUA DEP MATOSO FILHO;RUA PDE PERDIGAO SAMPAIO;;0;;Colis?â?úo;Luz do Dia;;;;;;0;0;2;0;0;0;0;0;0;0;0;0;-3,734677000000000;-38,595821000000000
327220;22;3;2018;22:18;0;AV JOSE BASTOS;;;0;;Atropelamento;;;;Meio de Quadra;;;0;1;1;0;0;0;0;0;0;1;0;0;;
326811;22;3;2018;07:50;25890;AV H CJ CEARA;RUA BARRA VERMELHA;;0;;Colis?â?úo Lateral;Luz do Dia;Nublado;Seca;Cruz;Pare;Comercial;0;1;1;0;1;0;0;0;0;1;0;0;-3,775983000000000;-38,611523000000000
326804;22;3;2018;08:45;0;RUA ANA NERY;;;188;;Colis?â?úo Transversal;Luz do Dia;Bom;Seca;Meio de Quadra;Outros;Residencial;0;0;2;1;0;0;0;0;0;0;0;0;-3,754442000000000;-38,541340000000000
326806;22;3;2018;07:20;12426;AV SEN FERNANDES TAVORA;RUA RIBEIRO LEITAO;;0;;Colis?â?úo Transversal;Luz do Dia;Nublado;Seca;Cruz;Pare;Comercial;0;0;2;1;0;0;0;0;0;0;0;0;-3,764304000000000;-38,578199000000000
326816;22;3;2018;07:30;15728;RUA INACIO ORIA;RUA DR JOAQUIM BENTO;;0;;Colis?â?úo Lateral;Luz do Dia;Nublado;Seca;Duplo T;Pare;Comercial;0;0;2;1;0;0;0;0;0;0;0;0;-3,828302000000000;-38,483923000000000
326819;22;3;2018;19:15;1445;RUA VICENTE LEITE;RUA DES LEITE ALBUQUERQUE;;0;;Colis?â?úo Transversal;Via Iluminada;Bom;Seca;Cruz;Pare;Residencial;0;0;2;1;0;0;0;0;0;0;0;0;-3,738178000000000;-38,495734000000000
329511;22;3;2018;07:20;0;AV N CJ JOSE WALTER;;;515;;Colis?â?úo;Luz do Dia;;;Meio de Quadra;;;0;1;0;1;0;0;0;0;0;1;0;0;;
329513;22;3;2018;07:31;0;AV LINEU MACHADO;;;735;;Atropelamento;Luz do Dia;;;Meio de Quadra;;;0;1;0;1;0;0;0;0;0;0;0;0;-3,766361667000000;-38,577141667000000
329552;22;3;2018;10:54;0;RUA AURINO COLARES;;;324;;Queda;Luz do Dia;;;Meio de Quadra;;;0;1;0;0;0;0;0;0;0;1;0;0;-3,828374000000000;-38,469139900000000
329550;22;3;2018;10:47;0;AV ALM TAMANDARE;;;904;;Queda;Luz do Dia;;;Meio de Quadra;;;0;1;0;0;0;1;0;0;0;0;0;0;-3,719770000000000;-38,519900000000000
329526;22;3;2018;08:23;0;AV H CJ JOSE WALTER;;;0;;Colis?â?úo;Luz do Dia;;;Meio de Quadra;;;0;1;0;0;0;0;0;0;0;0;0;0;;
329524;22;3;2018;07:37;0;RUA CON DE CASTRO;;;6145;;Atropelamento;Luz do Dia;;;Meio de Quadra;;;0;1;0;0;0;0;0;0;0;1;0;0;-3,816039054000000;-38,599841762000000
329541;22;3;2018;10:33;8000;AV JOAO PESSOA;RUA DELMIRO FARIAS;;0;;Colis?â?úo;Luz do Dia;;;Cruz;Pare;Comercial;0;1;0;0;0;0;0;0;0;0;0;0;-3,750275000000000;-38,547538000000000
329639;22;3;2018;18:28;0;RUA DEMOCRITO ROCHA;;;31;;Colis?â?úo;Anoitecer;;;Meio de Quadra;;;0;1;0;0;0;0;0;0;0;1;0;0;-3,726559586000000;-38,547434552000000
329645;22;3;2018;21:40;0;AV DEP PAULINO ROCHA;;;245;;Queda;;;;Meio de Quadra;;;0;1;0;0;0;0;0;0;0;1;0;0;;
329650;22;3;2018;22:17;0;RUA SABIA;;;251;;Colis?â?úo;;;;Meio de Quadra;;;0;1;0;1;0;0;0;0;0;1;0;0;-3,775003222000000;-38,577943956000000
329603;22;3;2018;11:39;13402;AV ANTONIO SALES;RUA ILDEFONSO ALBANO;;0;;Colis?â?úo;Luz do Dia;;;Cruz;Sem?â?íforo;Comercial;0;1;0;1;0;0;0;0;0;1;0;0;-3,741238000000000;-38,515947000000000
329612;22;3;2018;12:30;0;AV ENG HUMBERTO MONTE;;;600;;Queda;Luz do Dia;;;Meio de Quadra;;;0;1;0;0;0;0;0;0;0;1;0;0;-3,752984000000000;-38,557303942000000
329630;22;3;2018;17:17;0;RUA PERNAMBUCO;;;2931;;Colis?â?úo;Anoitecer;;;Meio de Quadra;;;0;2;0;0;0;0;0;0;0;1;0;0;-3,749994000000000;-38,579467000000000
329608;22;3;2018;12:04;0;AV AUGUSTO DOS ANJOS;;;491;;Colis?â?úo;Luz do Dia;;;Meio de Quadra;;;0;1;0;1;0;0;0;0;0;1;0;0;-3,773094000000000;-38,572836000000000
329634;22;3;2018;17:40;17601;RUA PIAUI;RUA RIO GRANDE DO SUL;;0;;Colis?â?úo;Anoitecer;;;Cruz;Pare;;0;1;0;1;0;0;0;0;0;1;0;0;-3,756880000000000;-38,566439000000000
329563;22;3;2018;10:54;9168;AV LUCIANO CARNEIRO;AV BORGES DE MELO;;0;;Queda;Luz do Dia;;;Cruz;Sem?â?íforo;Residencial;0;1;0;0;0;0;0;0;0;1;0;0;-3,756465000000000;-38,534097000000000
329573;22;3;2018;11:11;0;AV GOV PARSIFAL BARROSO;;;0;;Queda;Luz do Dia;;;Meio de Quadra;;;0;2;0;0;0;0;0;0;0;1;0;0;;
329569;22;3;2018;10:58;0;RUA MANDACARUS D68;;;1048;;Colis?â?úo;Luz do Dia;;;Meio de Quadra;;;0;1;0;1;0;1;0;0;0;0;0;0;;
329670;23;3;2018;07:22;0;AV JOSE BASTOS;;;5052;;Queda;Luz do Dia;;;Meio de Quadra;;;0;1;0;0;0;0;0;0;0;1;0;0;-3,767240400000000;-38,569654000000000
329662;23;3;2018;06:34;0;AV CEL CARVALHO;;;3643;;Atropelamento;Luz do Dia;;;Meio de Quadra;;;0;1;0;0;0;0;0;0;0;0;0;0;-3,717700000000000;-38,587880000000000
329659;23;3;2018;06:34;0;RUA MOCAMBIQUE;;;460;;Queda;Luz do Dia;;;Meio de Quadra;;;0;1;0;0;0;0;0;0;0;1;0;0;-3,763102200000000;-38,599037400000000
329672;23;3;2018;07:35;796;RUA TEN JOAO ALBANO;RUA ASP MENDES;;0;;Colis?â?úo;Luz do Dia;;;Cruz;Pare;Residencial;0;1;0;1;0;0;0;0;0;1;0;0;-3,772068000000000;-38,513608000000000
329668;23;3;2018;06:37;0;AV SEN FERNANDES TAVORA;;;961;;Queda;Luz do Dia;;;Meio de Quadra;;;0;1;0;0;0;0;0;0;0;1;0;0;-3,762452000000000;-38,581677000000000
326820;23;3;2018;17:40;0;AV ENG HUMBERTO MONTE;;;0;;Colis?â?úo Traseira;Via Iluminada;Bom;Seca;Meio de Quadra;N?â?úo H?â?í Controle;Residencial;0;0;2;1;0;0;0;0;0;0;0;0;;
326821;23;3;2018;19:00;0;AV CEL CARVALHO;;;2960;;Colis?â?úo Lateral;Via Iluminada;Bom;Seca;Meio de Quadra;Sem?â?íforo Manual;Comercial;0;0;2;1;0;0;1;0;0;0;0;0;-3,728792400000000;-38,584940533000000
327539;23;3;2018;18:40;0;RD CE-040;;;0;KM-10;Colis?â?úo;;;;Meio de Quadra;;;0;0;2;1;0;0;0;0;0;0;0;0;-3,842576660000000;-38,480882840000000
315232;23;3;2018;18:06;0;RUA SGT JOAO PINHEIRO;;;1394;;Atropelamento;Anoitecer;;;Meio de Quadra;;;1;0;1;0;0;0;0;0;0;0;0;0;-3,785299240000000;-38,623485960000000
329697;23;3;2018;18:34;19944;RUA TERTULIANO SALES;RUA FRANCISCO LORDA;;0;;Atropelamento;;;;Cruz;Sem?â?íforo;Comercial;0;1;0;1;0;0;0;0;0;0;0;0;-3,762118000000000;-38,531234000000000
329698;23;3;2018;19:07;0;RUA VITAL BRASIL;;;0;;Colis?â?úo;;;;Meio de Quadra;;;0;1;0;0;0;0;0;0;0;1;0;0;;
329699;23;3;2018;19:27;0;RUA DOM LINO;;;700;;Colis?â?úo;;;;Meio de Quadra;;;0;1;0;1;0;0;0;0;0;1;0;0;-3,740582000000000;-38,556267000000000
329694;23;3;2018;15:08;0;RUA FAUSTO AGUIAR;;;62;;Colis?â?úo;Luz do Dia;;;Meio de Quadra;;;0;1;0;0;0;0;0;0;0;0;0;0;-3,807442200000000;-38,494533100000000
329689;23;3;2018;15:07;0;AV JOAO DE ARAUJO LIMA;;;571;;Colis?â?úo;Luz do Dia;;;Meio de Quadra;;;0;1;0;1;0;0;0;0;0;1;0;0;-3,826586905000000;-38,559107331000000
329684;23;3;2018;14:58;0;AV LUCIANO CARNEIRO;;;991;;Colis?â?úo;Luz do Dia;;;Meio de Quadra;;;0;1;0;1;0;0;0;0;0;1;0;0;;
329677;23;3;2018;08:20;0;AV I CJ JOSE WALTER;;;1900;;Queda;Luz do Dia;;;Meio de Quadra;;;0;1;0;0;0;0;0;0;0;1;0;0;-3,840685500000000;-38,555444500000000
329678;23;3;2018;09:32;0;AV CEL CARVALHO;;;117;;Colis?â?úo;Luz do Dia;;;Meio de Quadra;;;0;1;0;1;0;0;0;0;0;1;0;0;-3,703955121000000;-38,591424506000000
329679;23;3;2018;14:11;0;RUA ANTONIO JACO;;;480;;Queda;Luz do Dia;;;Meio de Quadra;;;0;1;0;0;0;1;0;0;0;0;0;0;-3,820070672000000;-38,591059400000000
329680;23;3;2018;14:16;0;RUA GUSTAVO SAMPAIO;;;0;;Colis?â?úo;Luz do Dia;;;Meio de Quadra;;;0;1;0;0;0;0;0;0;0;1;0;0;;
329703;23;3;2018;20:10;0;RUA BARBOSA DE FREITAS;;;1055;;Colis?â?úo;;;;Meio de Quadra;;;0;1;0;1;0;0;0;0;0;1;0;0;-3,734826105000000;-38,496804000000000
329704;23;3;2018;20:13;0;AV COSTA OESTE;;;50;;Queda;;;;Meio de Quadra;;;0;1;0;0;0;0;0;0;0;1;0;0;-3,697993300000000;-38,576631900000000
329705;23;3;2018;21:07;12521;AV AUGUSTO DOS ANJOS;RUA JULIO BRAGA;;0;;Colis?â?úo;;;;Cruz;Sem?â?íforo;Comercial;0;1;0;1;0;0;0;0;0;1;0;0;-3,776779000000000;-38,576193000000000
329706;23;3;2018;21:53;7211;AV PRS CASTELO BRANCO;AV DR THEBERGE;;0;;Colis?â?úo;;;;Cruz;Sem?â?íforo;Comercial;0;1;0;1;0;0;0;0;0;1;0;0;-3,710079000000000;-38,563456000000000
329707;23;3;2018;21:57;0;RUA MENDES JUNIOR;;;421;;Atropelamento;;;;Meio de Quadra;;;0;1;0;0;0;0;0;0;0;1;0;0;-3,735987556000000;-38,594976944000000
329708;23;3;2018;22:46;7211;AV PRS CASTELO BRANCO;AV DR THEBERGE;;0;;Queda;;;;Cruz;Sem?â?íforo;Comercial;0;1;0;0;0;0;0;0;0;1;0;0;-3,710079000000000;-38,563456000000000