COD_ACIDENTE;DIA;MES;ANO;HORA;INTERSECAO;LOG1;LOG2;LOG3;NUMERO;REFERENCIA;NATUREZA;ILUMINACAO;TEMPO;SUPERFICIEPISTA;TIPOCRUZAMENTO;CONTROLETRAFEGO;USOSOLO;MORTOS;FERIDOS;ILESOS;AUTOMOVEL;ONIBUS;BICICLETA;CAMINHAO;MICROONIBUS;CICLOMOTOR;MOTOCICLETA;TRACAOANIMAL;TREM;LATITUDE;LONGITUDE
322152;23;3;2018;08:15;0;AV ALM BARROSO;;;0;SECRET?â?üRIA DE SA?â?íDE;Colis?â?úo Lateral;Luz do Dia;Bom;Seca;Meio de Quadra;N?â?úo H?â?í Controle;Comercial;0;0;1;1;1;0;0;0;0;0;0;0;-3,726623500000000;-38,514690000000000
322153;23;3;2018;09:03;0;AV GAL OSORIO DE PAIVA;;;0;;Colis?â?úo Lateral;Luz do Dia;Bom;Seca;Meio de Quadra;Sem?â?íforo;Comercial;0;2;1;1;0;0;0;0;0;1;0;0;-3,794599000000000;-38,592220000000000
322154;23;3;2018;08:48;0;AV DIOGUINHO;;;6361;;Atropelamento;Luz do Dia;Bom;Seca;Meio de Quadra;N?â?úo H?â?í Controle;Comercial;1;2;0;0;0;0;0;0;0;1;0;0;-3,769686700000000;-38,439392000000000
322155;23;3;2018;09:48;0;RUA STA TEREZINHA DO MEN JES E DA SAG FACE;;;0;;Colis?â?úo Lateral;Luz do Dia;Bom;Seca;Meio de Quadra;N?â?úo H?â?í Controle;Residencial;0;0;2;1;0;0;0;0;0;0;0;0;-3,753483000000000;-38,495365000000000
322157;23;3;2018;10:00;19669;RUA PRO RAIMUNDO ARRUDA;RUA GUSTAVO SAMPAIO;;0;;Colis?â?úo Transversal;Luz do Dia;Bom;Seca;Cruz;Pare;Residencial;0;1;0;0;0;0;0;0;0;1;0;0;-3,734328000000000;-38,551915000000000
322158;23;3;2018;13:42;7779;RUA VIS MAUA;RUA DOM EXPEDITO LOPES;;0;;Colis?â?úo Transversal;Luz do Dia;Bom;Seca;Cruz;Pare;Residencial;0;0;2;1;0;0;0;0;0;1;0;0;-3,744731000000000;-38,502182000000000
322159;23;3;2018;14:00;0;AV BENJAMIM BRASIL;;;221;;Colis?â?úo Traseira;Luz do Dia;Bom;Seca;Meio de Quadra;Sem?â?íforo;Comercial;0;0;2;0;0;0;0;1;0;0;0;0;-3,803490000000000;-38,571545000000000
322160;23;3;2018;14:32;0;RUA SILVA PAULET;;;1688;;Colis?â?úo Lateral;Luz do Dia;Bom;Seca;Meio de Quadra;Sem?â?íforo;Residencial;0;0;2;1;0;0;0;0;0;0;0;0;-3,739301400000000;-38,507020000000000
322161;23;3;2018;14:05;5455;RUA ANTONIO POMPEU;RUA FLORIANO PEIXOTO;;0;;Colis?â?úo Transversal;Luz do Dia;Bom;Seca;Cruz;Pare;Comercial;0;1;1;0;1;0;0;0;0;1;0;0;-3,735086000000000;-38,529685000000000
322162;23;3;2018;15:51;0;AV LUCIANO CARNEIRO;;;1991;;N?â?úo Informado;Luz do Dia;Bom;Seca;Meio de Quadra;N?â?úo H?â?í Controle;Residencial;0;0;1;0;0;0;0;0;0;1;0;0;-3,765354900000000;-38,536830000000000
322163;23;3;2018;15:49;0;AV FRE CIRILO;RUA EUDES CARDOSO;;4810;;Colis?â?úo Transversal;Luz do Dia;Nublado;Seca;Meio de Quadra;;;0;1;1;1;0;0;0;0;0;1;0;0;-3,825588700000000;-38,493660000000000
322164;23;3;2018;16:50;0;RUA PEREIRA VALENTE;;;501;;Colis?â?úo Lateral;Luz do Dia;Bom;Seca;Meio de Quadra;Sem?â?íforo;Residencial;0;0;2;1;0;0;0;0;0;0;0;0;-3,732234700000000;-38,497257000000000
322165;23;3;2018;19:33;0;AV JOSE SABOIA;;;115;;Colis?â?úo Lateral;Via Iluminada;Bom;Seca;Meio de Quadra;N?â?úo H?â?í Controle;Industrial;0;0;1;1;0;0;0;0;0;0;0;0;-3,714015200000000;-38,472843000000000
322166;23;3;2018;19:30;0;RUA VITAL BRASIL;;;0;;Colis?â?úo Transversal;Mal Iluminada;Bom;Seca;Meio de Quadra;N?â?úo H?â?í Controle;Residencial;0;1;0;0;0;0;0;0;0;1;0;0;-3,778977400000000;-38,594450000000000
322167;23;3;2018;21:00;9072;AV VIS RIO BRANCO;AV PONTES VIEIRA;;0;;Colis?â?úo Traseira;Via Iluminada;Bom;Seca;Cruz;Sem?â?íforo;Comercial;0;0;2;1;0;0;0;0;0;0;0;0;-3,753544000000000;-38,520486000000000
322168;23;3;2018;21:40;5246;RUA GONCALVES LEDO;RUA PEREIRA FILGUEIRAS;;0;;Colis?â?úo Transversal;Via Iluminada;Bom;Seca;Cruz;Pare;Comercial;0;1;1;1;0;0;0;0;0;0;0;0;-3,727667000000000;-38,515004000000000
322179;23;3;2018;20:20;5100;AV DOM MANUEL;AV MON TABOSA;;0;;Colis?â?úo Lateral;Via Iluminada;Bom;Seca;Cruz;Sem?â?íforo;Comercial;0;0;2;0;1;0;0;0;0;0;0;0;-3,723631100000000;-38,519466000000000
322169;24;3;2018;04:05;26091;AV JOVITA FEITOSA;AV JOSE JATAHY;;0;;Colis?â?úo Transversal;Via Iluminada;Bom;Seca;Cruz;Sem?â?íforo;Residencial;0;5;0;1;0;0;0;0;0;0;0;0;-3,737273000000000;-38,543936000000000
322170;24;3;2018;09:15;0;AV DOMINGOS OLIMPIO;;;0;;N?â?úo Informado;Luz do Dia;Nublado;Molhada;Meio de Quadra;N?â?úo H?â?í Controle;Comercial;0;1;1;1;0;0;0;0;0;1;0;0;-3,736343100000000;-38,531975000000000
322171;24;3;2018;08:10;5307;AV DUQ CAXIAS;RUA PRC ISABEL;;0;;Colis?â?úo Transversal;Luz do Dia;Chuva;Molhada;Cruz;Sem?â?íforo;Comercial;0;0;2;1;0;0;0;0;0;0;0;0;-3,729687000000000;-38,536407000000000
322172;24;3;2018;10:00;1445;RUA VICENTE LEITE;RUA DES LEITE ALBUQUERQUE;;0;;Colis?â?úo Transversal;Luz do Dia;Bom;Seca;Cruz;Pare;Comercial;0;1;1;1;0;0;0;0;0;0;0;0;-3,738178000000000;-38,495734000000000
322173;24;3;2018;07:35;17548;RUA ALVARO CORREIA;RUA MES JERONIMO D48;;0;;Colis?â?úo Transversal;Luz do Dia;Bom;Seca;Cruz;Pare;Residencial;0;1;1;1;0;0;0;0;0;1;0;0;-3,729748000000000;-38,481884000000000
322174;24;3;2018;10:00;11339;AV GODOFREDO MACIEL;AV BENJAMIM BRASIL;;0;;Colis?â?úo Lateral;Luz do Dia;Bom;Seca;Cruz;Sem?â?íforo;Comercial;0;1;1;1;0;0;0;0;1;0;0;0;-3,803264000000000;-38,572040000000000
322175;24;3;2018;12:00;0;RUA VIRIATO RIBEIRO;;;1091;;Colis?â?úo Lateral;Luz do Dia;Bom;Seca;Meio de Quadra;N?â?úo H?â?í Controle;Residencial;0;1;1;1;0;0;0;0;0;1;0;0;-3,748538500000000;-38,562960000000000
322176;24;3;2018;15:17;13487;RUA CEL ALVES TEIXEIRA;RUA HENRIQUE RABELO;;0;;Colis?â?úo Transversal;Luz do Dia;Bom;Seca;Cruz;Pare;Residencial;0;0;1;1;0;0;0;0;0;1;0;0;-3,745194000000000;-38,521181000000000
329709;24;3;2018;01:18;0;RUA CON LIMA SUCUPIRA;;;930;;Queda;;;;Meio de Quadra;;;0;1;0;0;0;0;0;0;0;1;0;0;-3,780412875000000;-38,544103875000000
329710;24;3;2018;05:10;21611;RUA COM GARCIA;RUA JOAO RAMALHO;;0;;Colis?â?úo;Amanhecer;;;Cruz;Pare;Residencial;0;1;0;1;0;0;0;0;0;1;0;0;-3,799067000000000;-38,588536000000000
329711;24;3;2018;05:12;1232;RUA COSTA BARROS;RUA MON BRUNO;;0;;Colis?â?úo;Amanhecer;;;Cruz;Pare;Comercial;0;1;0;1;0;0;0;0;0;1;0;0;-3,731183000000000;-38,509040000000000
329712;24;3;2018;05:57;0;RUA XAVIER DE CASTRO;;;50;;Atropelamento;Amanhecer;;;Meio de Quadra;;;0;1;0;1;0;0;0;0;0;0;0;0;-3,721132987000000;-38,512336304000000
329713;24;3;2018;06:51;0;AV SGT HERMINIO SAMPAIO;;;1558;;Colis?â?úo;Luz do Dia;;;Meio de Quadra;;;0;1;0;1;0;0;0;0;0;1;0;0;-3,725309000000000;-38,554694000000000
329714;24;3;2018;07:16;0;RUA CAP ARAGAO;;;701;;Colis?â?úo;Luz do Dia;;;Meio de Quadra;;;0;1;0;1;0;0;0;0;0;1;0;0;-3,764730000000000;-38,512040000000000
329715;24;3;2018;07:24;0;RUA ALBANO AMARAL;;;602;;Colis?â?úo;Luz do Dia;;;Meio de Quadra;;;0;1;0;1;0;0;0;0;0;1;0;0;-3,798076000000000;-38,580606000000000
329738;24;3;2018;08:15;0;RUA CONDE D?é??EU;;;0;;Atropelamento;Luz do Dia;;;Meio de Quadra;;;0;1;0;0;1;0;0;0;0;0;0;0;;
329739;24;3;2018;09:08;0;RUA JACINTO MATOS;;;0;;Colis?â?úo;Luz do Dia;;;Meio de Quadra;;;0;1;0;1;0;0;0;0;0;1;0;0;;
329740;24;3;2018;09:40;0;RUA CON DE CASTRO;;;4591;;Colis?â?úo;Luz do Dia;;;Meio de Quadra;;;0;2;0;1;0;0;0;0;0;1;0;0;;
329741;24;3;2018;09:42;0;RUA DES HERMES PARAHYBA;;;604;;Colis?â?úo;Luz do Dia;;;Meio de Quadra;;;0;1;0;1;0;0;0;0;0;1;0;0;-3,713748960000000;-38,589304760000000
329742;24;3;2018;10:08;0;RUA PDE ANCHIETA;;;1381;;Atropelamento;Luz do Dia;;;Meio de Quadra;;;0;1;0;0;0;0;0;0;0;1;0;0;-3,732433364000000;-38,552208000000000
329757;24;3;2018;16:30;0;AV DOS EXPEDICIONARIOS;;;4395;;Colis?â?úo;Luz do Dia;;;Meio de Quadra;;;0;1;0;1;0;0;0;0;0;1;0;0;-3,756730000000000;-38,538697000000000
329758;24;3;2018;16:57;0;RUA PORTO ALEGRE;;;1506;;Colis?â?úo;Luz do Dia;;;;;;0;1;0;1;0;0;0;0;0;1;0;0;-3,759606800000000;-38,591794240000000
329761;24;3;2018;18:13;0;AV GODOFREDO MACIEL;;;4015;;Colis?â?úo;Anoitecer;;;Meio de Quadra;;;0;1;0;1;0;0;0;0;0;1;0;0;-3,810062667000000;-38,574171056000000
329763;24;3;2018;19:28;0;AV PERIMETRAL;;;3309;;Colis?â?úo;;;;Meio de Quadra;;;0;1;0;1;0;0;0;0;0;1;0;0;;
329764;24;3;2018;20:30;0;RUA JOAQUIM CORREIA;;;800;;Colis?â?úo;;;;Meio de Quadra;;;0;2;0;0;0;0;0;0;0;1;0;0;-3,834530600000000;-38,571907500000000
329766;24;3;2018;20:45;0;RUA LEBOM MAIA;;;464;;Colis?â?úo;;;;Meio de Quadra;;;0;1;0;1;0;0;0;0;0;1;0;0;-3,785437660000000;-38,579569940000000
329767;24;3;2018;21:41;0;AV PRS CASTELO BRANCO;;;0;;Colis?â?úo;;;;Meio de Quadra;;;0;1;0;1;0;0;0;0;0;1;0;0;;
329746;24;3;2018;11:50;0;AV IMPERADOR;;;1687;;Atropelamento;Luz do Dia;;;Meio de Quadra;;;0;2;0;0;0;0;0;0;0;1;0;0;-3,735833000000000;-38,537013000000000
329734;24;3;2018;08:04;0;RUA GAL CAIADO DE CASTRO;;;230;;Colis?â?úo;Luz do Dia;;;Meio de Quadra;;;0;1;0;1;0;0;0;0;0;1;0;0;-3,785380133000000;-38,488755578000000
329748;24;3;2018;13:46;0;RUA ASP MENDES;;;0;;Atropelamento;Luz do Dia;;;Meio de Quadra;;;0;1;0;0;0;0;0;0;0;1;0;0;;
329750;24;3;2018;13:58;0;AV PERIMETRAL;;;3601;;Colis?â?úo;Luz do Dia;;;Meio de Quadra;;;0;1;0;0;0;0;0;0;0;1;0;0;;
329752;24;3;2018;14:17;0;RUA ALBERTO MAGNO;;;74;;Colis?â?úo;Luz do Dia;;;Meio de Quadra;;;0;2;0;0;0;0;0;0;0;1;0;0;-3,755752143000000;-38,541974143000000
329754;24;3;2018;15:19;0;RUA 113 CJ CEARA;;;29;;Atropelamento;Luz do Dia;;;Meio de Quadra;;;0;1;0;1;0;0;0;0;0;0;0;0;-3,773627397000000;-38,607229981000000
329755;24;3;2018;16:08;0;RUA JOSE HIPOLITO;;;1238;;Colis?â?úo;Luz do Dia;;;Meio de Quadra;;;0;1;0;1;0;0;0;0;0;1;0;0;-3,836209000000000;-38,485110000000000
327540;24;3;2018;08:10;0;AV SEN CARLOS JEREISSATI (AEROPORTO);;;0;KM 01;Colis?â?úo;Luz do Dia;;;Meio de Quadra;;;0;0;3;1;0;0;0;0;0;0;0;0;-3,783753000000000;-38,526850000000000
327542;24;3;2018;13:45;0;RD CE-040;;;0;KM-04;Colis?â?úo;Via Iluminada;;Seca;Meio de Quadra;;;0;0;3;1;0;0;0;0;0;0;0;0;-3,791613156000000;-38,480330840000000
327212;24;3;2018;21:20;0;RUA MON CARNEIRO DA CUNHA;;;305;;Colis?â?úo;;;;Meio de Quadra;;;0;0;2;1;0;0;0;0;0;1;0;0;-3,775313000000000;-38,493029000000000
327224;24;3;2018;13:12;4194;AV FRANCISCO SA;AV TEN LISBOA;;0;;Colis?â?úo;Luz do Dia;;;Com Via F?â?®rrea;Cancela;Comercial;0;0;2;1;0;0;0;0;0;0;0;0;-3,717874000000000;-38,555953000000000
327225;24;3;2018;22:11;0;AV PRS CASTELO BRANCO;;;0;;Colis?â?úo;;;;Meio de Quadra;;;0;0;2;0;0;0;0;0;0;1;0;0;;
327246;24;3;2018;22:50;0;RUA EGIDIO DE OLIVEIRA;;;0;;Choque c/ Obst?â?ículo Fixo;;;;Meio de Quadra;;;0;0;1;0;0;0;0;0;0;0;0;0;;
327257;24;3;2018;06:10;0;RUA JOAO RAMALHO;;;214;;Colis?â?úo;Luz do Dia;;;Meio de Quadra;;;0;0;2;0;1;0;0;0;0;1;0;0;-3,799044400000000;-38,588314700000000
326822;24;3;2018;09:15;0;RUA CEL AMANCIO CAVALCANTE;;;45;;Colis?â?úo Lateral;Luz do Dia;Bom;Seca;Meio de Quadra;Outros;Residencial;0;1;1;1;0;0;0;0;0;1;0;0;-3,756250621000000;-38,538169862000000
326824;25;3;2018;14:06;7479;AV ALBERTO CRAVEIRO;RUA PEDRO DANTAS;;0;;Colis?â?úo Traseira;Luz do Dia;Bom;Seca;Cruz;Sem?â?íforo;Residencial;0;2;1;1;0;0;0;0;0;0;0;0;-3,786753000000000;-38,517220000000000
329089;25;3;2018;19:50;0;AV PRS COSTA E SILVA;;;1578;FROTINHA DE MESSEJANA;Colis?â?úo;;;;Meio de Quadra;;;0;1;1;0;0;0;0;0;0;0;0;0;-3,818097100000000;-38,565077600000000
329091;25;3;2018;20:39;0;RUA JAMACARU;;;1729;;Colis?â?úo;;;;Meio de Quadra;;;0;1;1;1;0;0;0;0;0;1;0;0;-3,840320000000000;-38,519460000000000
329085;25;3;2018;18:37;2326;RUA SEN ROBERT KENNEDY;AV PRS CASTELO BRANCO;;0;;Colis?â?úo;;;;Cruz;Sem?â?íforo Intermitente;Comercial;0;1;1;1;0;1;0;0;0;0;0;0;-3,704117000000000;-38,579042000000000
329097;25;3;2018;22:23;2599;RUA ALVARO GARRIDO;RUA JACI;;0;;Colis?â?úo;;;;;;;0;1;1;1;0;0;0;0;0;1;0;0;-3,712733000000000;-38,585150000000000
329093;25;3;2018;21:04;0;RUA MATOS VASCONCELOS;;;886;;Colis?â?úo;;;;Meio de Quadra;;;0;1;1;1;0;0;0;0;0;1;0;0;-3,753413000000000;-38,552490353000000
329095;25;3;2018;21:23;0;AV ENG ALBERTO SA;;;2070;;Colis?â?úo;;;;Meio de Quadra;;;0;1;1;0;0;0;0;0;0;1;0;0;-3,734850000000000;-38,474900000000000
329108;25;3;2018;22:57;17462;AV ABOLICAO;AV BEIRA MAR;;0;;Colis?â?úo;;;;T;Sem?â?íforo;Comercial;0;1;1;0;0;0;0;0;0;0;0;0;-3,721576000000000;-38,478759000000000
329102;25;3;2018;22:33;0;RD QUARTO ANEL VIARIO;;;0;HANGAR;Queda;;;;Meio de Quadra;;;0;1;0;0;0;0;0;0;0;1;0;0;;
329103;25;3;2018;22:55;0;RUA RAIMUNDO PINHEIRO;;;1380;;Queda;;;;Meio de Quadra;;;0;1;0;0;0;0;0;0;0;1;0;0;-3,797152100000000;-38,599543200000000
329070;25;3;2018;18:05;0;RUA MONTE LIBANO;;;266;;Colis?â?úo;Anoitecer;;;Meio de Quadra;;;0;1;1;1;0;1;0;0;0;0;0;0;-3,822613600000000;-38,560465400000000
329078;25;3;2018;18:36;0;AV D CJ JOSE WALTER;;;440;HOSP. GONZAGUINHA;Queda;;;;Meio de Quadra;;;0;1;0;0;0;0;0;0;0;1;0;0;;
329065;25;3;2018;17:34;0;RUA G CJ VILA VELHA;;;56;;Colis?â?úo;Anoitecer;;;Meio de Quadra;;;0;1;1;1;0;0;0;0;0;1;0;0;-3,716166400000000;-38,601957300000000
329049;25;3;2018;13:57;1574;RUA PDE VALDEVINO;RUA JOSE VILAR;;0;;Colis?â?úo;Luz do Dia;;;Cruz;Sem?â?íforo Manual;Residencial;0;1;1;1;0;0;0;0;0;1;0;0;-3,742300000000000;-38,506779000000000
329013;25;3;2018;06:00;12803;AV PRO GOMES DE MATOS;RUA PRE NOVE;;0;;Colis?â?úo;Luz do Dia;;;Y;Sem?â?íforo Intermitente;Comercial;0;2;0;0;0;0;0;0;0;0;0;0;-3,754550000000000;-38,539954000000000
329046;25;3;2018;13:10;0;RUA TERTULIANO SALES;;;544;HOSP. ALBERT SABIN;Queda;Luz do Dia;;;Meio de Quadra;;;0;1;0;0;0;1;0;0;0;0;0;0;-3,763740000000000;-38,531920000000000
329062;25;3;2018;15:23;0;LOGRADOURO SEM NOME;;;30;;Queda;Luz do Dia;;;Meio de Quadra;;;0;1;0;0;0;1;0;0;0;0;0;0;;
329063;25;3;2018;16:38;0;AV BORGES DE MELO;;;464;;Colis?â?úo;Luz do Dia;;;Meio de Quadra;;;0;1;1;1;0;1;0;0;0;0;0;0;-3,761040500000000;-38,522871000000000
329015;25;3;2018;09:31;0;AV AUGUSTO DOS ANJOS;;;930;;Colis?â?úo;Luz do Dia;;;Meio de Quadra;;;0;1;1;1;0;0;0;0;0;1;0;0;-3,775906000000000;-38,575407000000000
329016;25;3;2018;10:08;0;RUA SEIS COMPANHEIROS;;;86;;Colis?â?úo;Luz do Dia;;;Meio de Quadra;;;0;1;1;0;0;0;0;0;0;1;0;0;-3,700572700000000;-38,575243300000000
329017;25;3;2018;10:35;0;AV PDE ANTONIO TOMAS;;;0;;Queda;Luz do Dia;;;Meio de Quadra;;;0;1;0;0;0;1;0;0;0;0;0;0;;
329039;25;3;2018;11:04;0;AV J CJ JOSE WALTER;;;70;;Atropelamento;Luz do Dia;;;Meio de Quadra;;;0;1;1;1;0;0;0;0;0;0;0;0;-3,825794667000000;-38,554085667000000
329040;25;3;2018;11:17;15306;RUA ANA BILHAR;RUA LEONARDO MOTA;;0;;Colis?â?úo;Luz do Dia;;;Cruz;Sem?â?íforo;Residencial;0;1;1;1;0;0;0;0;0;1;0;0;-3,729944000000000;-38,494191000000000
329041;25;3;2018;12:26;0;AV GAL OSORIO DE PAIVA;;;6800;;Queda;Luz do Dia;;;Meio de Quadra;;;0;1;0;0;0;0;0;0;0;1;0;0;-3,813607000000000;-38,610667000000000
329042;25;3;2018;12:31;0;RUA AVILA GOULART;;;900;;Atropelamento;Luz do Dia;;;Meio de Quadra;;;0;1;1;1;0;0;0;0;0;0;0;0;-3,735650000000000;-38,478150000000000
329043;25;3;2018;12:37;0;RUA TAMIARANA;;;649;;Queda;Luz do Dia;;;Meio de Quadra;;;0;1;0;0;0;0;0;0;0;1;0;0;-3,779380000000000;-38,591890000000000
329044;25;3;2018;12:51;3230;RUA SOUSA CARVALHO;RUA TAMIARANA;;0;;Queda;Luz do Dia;;;Cruz;Pare;Residencial;0;1;0;0;0;0;0;0;0;1;0;0;-3,782577000000000;-38,592301000000000
329009;25;3;2018;00:14;0;RUA SANDRA GENTIL;;;617;;Queda;;;;Meio de Quadra;;;0;1;0;0;0;0;0;0;0;1;0;0;-3,793980000000000;-38,468960000000000
329010;25;3;2018;02:32;0;RUA MUNDICA PAULA;;;185;;Colis?â?úo;;;;Meio de Quadra;;;0;1;1;0;0;0;0;0;0;0;0;0;-3,773271000000000;-38,557307833000000
329011;25;3;2018;04:22;0;AV BORGES DE MELO;;;0;;Atropelamento;;;;Meio de Quadra;;;0;1;1;0;0;0;0;0;0;1;0;0;;
327250;25;3;2018;11:45;0;AV ALM HENRIQUE SABOIA;;;1231;;Colis?â?úo;Luz do Dia;;;Meio de Quadra;;;0;0;2;1;0;0;0;0;0;0;0;0;-3,746528000000000;-38,491774100000000
327252;25;3;2018;21:35;0;RUA STA ESMERALDA D56;;;110;;Colis?â?úo;;;;Meio de Quadra;;;0;0;2;1;0;0;0;0;0;0;0;0;-3,752824483000000;-38,498675517000000
327253;25;3;2018;23:20;0;RUA CIDADE ECOLOGICA;;;0;;Colis?â?úo;;;;Meio de Quadra;;;0;0;2;1;0;0;0;0;0;0;0;0;;
327543;25;3;2018;05:10;0;RD CE-040;;;0;KM-02;Colis?â?úo;Amanhecer;;;Meio de Quadra;;;0;0;2;1;0;0;0;0;0;0;0;0;-3,773616148000000;-38,481799400000000
327305;25;3;2018;;0;RUA ERETIDES ALENCAR;;;1036;;Colis?â?úo;;;;Meio de Quadra;;;0;0;2;1;0;0;0;0;0;0;0;0;-3,726665500000000;-38,583073600000000
315239;25;3;2018;06:00;0;AV GAL OSORIO DE PAIVA;;;1441;;Colis?â?úo Frontal;Luz do Dia;Bom;Seca;Meio de Quadra;N?â?úo H?â?í Controle;Comercial;2;0;0;0;0;0;0;0;0;1;0;0;-3,780881400000000;-38,574730000000000
322177;25;3;2018;07:27;10995;RUA 15 DE NOVEMBRO;RUA ALM RUBIM;;0;;Colis?â?úo Transversal;Luz do Dia;Bom;Seca;Cruz;Pare;Residencial;0;2;2;1;0;0;0;0;0;1;0;0;-3,768907000000000;-38,555939000000000
322180;25;3;2018;13:30;13432;AV ANTONIO SALES;AV RUI BARBOSA;;0;;Colis?â?úo Transversal;Luz do Dia;Bom;Seca;Cruz;Sem?â?íforo;Comercial;0;0;2;1;0;0;0;0;0;0;0;0;-3,742611000000000;-38,511569000000000
322181;25;3;2018;18:47;0;AV DEP PAULINO ROCHA;;;2780;;Colis?â?úo Transversal;Luz do Dia;Bom;Seca;Meio de Quadra;Pare;Residencial;0;0;2;1;0;0;0;0;0;0;0;0;-3,809730500000000;-38,520874000000000
322182;25;3;2018;21:46;1516;AV DES MOREIRA;AV PDE ANTONIO TOMAS;;0;;N?â?úo Informado;Via Iluminada;Bom;Seca;Cruz;Sem?â?íforo;Residencial;0;0;2;1;1;0;0;0;0;0;0;0;-3,740161000000000;-38,499616000000000
322183;26;3;2018;07:38;111;RUA DR CATUNDA GONDIM;RUA CAP BRASIL;;0;;Queda;Luz do Dia;Chuva;Molhada;T;Pare;Comercial;0;1;0;0;0;0;0;0;0;1;0;0;-3,737649000000000;-38,586326000000000
322184;26;3;2018;07:37;22070;RUA JOSE FACANHA;RUA PAPI JUNIOR;;0;;Colis?â?úo Transversal;Luz do Dia;Chuva;Molhada;Cruz;Pare;Residencial;0;1;1;0;0;0;0;0;0;1;0;0;-3,752136000000000;-38,557265000000000
322185;26;3;2018;09:39;7766;AV ANTONIO SALES;RUA TIBURCIO CAVALCANTE;;0;;N?â?úo Informado;Luz do Dia;Nublado;Molhada;Cruz;Sem?â?íforo;Comercial;0;0;3;1;0;0;0;0;0;0;0;0;-3,744543000000000;-38,505333000000000
322186;26;3;2018;08:14;0;AV ROGACIANO LEITE;;;900;;Colis?â?úo;Luz do Dia;Nublado;Molhada;Meio de Quadra;N?â?úo H?â?í Controle;Residencial;0;1;2;1;0;0;0;0;0;1;0;0;-3,766256800000000;-38,496246000000000
322187;26;3;2018;09:37;1585;RUA PDE VALDEVINO;RUA TIBURCIO CAVALCANTE;;0;;Colis?â?úo Lateral;Luz do Dia;Chuva;Molhada;Cruz;Sem?â?íforo;Residencial;0;0;2;1;0;0;0;0;0;0;0;0;-3,742915000000000;-38,504815000000000
322188;26;3;2018;08:10;1538;AV PDE ANTONIO TOMAS;RUA LEONARDO MOTA;;0;;Colis?â?úo;Luz do Dia;Chuva;Molhada;Cruz;Sem?â?íforo;Comercial;0;2;0;1;0;0;0;0;0;0;0;0;-3,740811000000000;-38,497662000000000
322189;26;3;2018;10:58;238;RUA GONCALVES DIAS;RUA GAL BERNARDO FIGUEIREDO;;0;;Colis?â?úo Lateral;Luz do Dia;Nublado;Molhada;T;N?â?úo H?â?í Controle;Residencial;0;1;1;1;0;0;0;0;0;1;0;0;-3,739793000000000;-38,552444000000000
322190;26;3;2018;13:03;13602;AV GAL MURILO BORGES;AV ROGACIANO LEITE;;0;;Colis?â?úo Traseira;Luz do Dia;Bom;Seca;Cruz;Sem?â?íforo;Comercial;0;0;2;1;0;0;0;0;0;0;0;0;-3,767788000000000;-38,496968000000000
322191;26;3;2018;13:45;19957;AV LUCIANO CARNEIRO;RUA STA QUITERIA;;0;;Colis?â?úo Transversal;Luz do Dia;Nublado;Seca;T;Sem?â?íforo;Comercial;0;1;1;1;0;0;0;0;0;1;0;0;-3,760537000000000;-38,535339000000000
322192;26;3;2018;14:27;17347;RUA ALBERTO MAGNO;RUA IRM BAZET;;0;;Colis?â?úo Transversal;Luz do Dia;Bom;Seca;Cruz;Pare;Comercial;0;1;1;1;0;0;0;0;1;0;0;0;-3,765502000000000;-38,550525000000000
322193;26;3;2018;17:20;0;RUA EQUADOR;;;779;;Atropelamento;Via Iluminada;Bom;Seca;Meio de Quadra;N?â?úo H?â?í Controle;Residencial;0;1;1;0;0;0;0;0;0;1;0;0;-3,774500800000000;-38,552555000000000
322194;26;3;2018;18:17;3774;AV DA UNIVERSIDADE;RUA QUIXADA D06;;0;;Colis?â?úo Lateral;Anoitecer;Bom;Seca;T;Gesto;Comercial;0;1;1;1;0;1;0;0;0;0;0;0;-3,736463000000000;-38,535010000000000
322195;26;3;2018;19:04;11191;AV DR SILAS MUNGUBA;RUA JOSE MENELEU D41;;0;;Colis?â?úo Lateral;Via Iluminada;Bom;Seca;T;Sem?â?íforo;Comercial;0;1;1;1;0;0;0;0;0;1;0;0;-3,780972000000000;-38,558016000000000
322196;26;3;2018;19:00;0;RUA PDE VALDEVINO;;;150;;Colis?â?úo Transversal;Via Iluminada;Bom;Seca;Meio de Quadra;N?â?úo H?â?í Controle;Comercial;0;0;2;1;1;0;0;0;0;0;0;0;-3,737547200000000;-38,522570000000000
322197;26;3;2018;18:22;0;RUA ROMEU MARTINS;;;481;;Engavetamento;Anoitecer;Bom;Seca;Meio de Quadra;N?â?úo H?â?í Controle;Residencial;0;1;3;1;0;0;0;0;0;1;0;0;-3,765029000000000;-38,554466000000000
327371;26;3;2018;07:10;0;RD BR 116;;;1000;KM-01;Colis?â?úo Lateral;Luz do Dia;;;Meio de Quadra;;;0;0;2;1;0;0;1;0;0;0;0;0;-3,762554000000000;-38,518702000000000