COD_ACIDENTE;DIA;MES;ANO;HORA;INTERSECAO;LOG1;LOG2;LOG3;NUMERO;REFERENCIA;NATUREZA;ILUMINACAO;TEMPO;SUPERFICIEPISTA;TIPOCRUZAMENTO;CONTROLETRAFEGO;USOSOLO;MORTOS;FERIDOS;ILESOS;AUTOMOVEL;ONIBUS;BICICLETA;CAMINHAO;MICROONIBUS;CICLOMOTOR;MOTOCICLETA;TRACAOANIMAL;TREM;LATITUDE;LONGITUDE
327544;26;3;2018;23:50;0;RD CE-040;;;0;KM-02;Outros;;;;Meio de Quadra;;;0;1;0;0;0;0;0;0;0;1;0;0;-3,773616148000000;-38,481799400000000
327268;26;3;2018;10:52;0;AV GAL OSORIO DE PAIVA;;;5295;;Colis?â?úo;Luz do Dia;;;Meio de Quadra;;;0;1;1;0;0;0;0;0;0;1;0;0;-3,803923000000000;-38,601304000000000
329112;26;3;2018;02:45;24833;RUA 45 CJ DOS BANCARIOS;RUA 28 CJ DOS BANCARIOS;;0;;Atropelamento;;;;;;;0;1;1;0;0;1;0;0;0;0;0;0;-3,719111000000000;-38,601293000000000
329120;26;3;2018;06:32;0;AV JANGADEIROS (MUCURIPE);;;337;;Queda;Luz do Dia;;;Meio de Quadra;;;0;1;0;0;0;0;0;0;0;1;0;0;-3,721934000000000;-38,475956222000000
329117;26;3;2018;06:22;0;AV SGT HERMINIO SAMPAIO;;;0;;Colis?â?úo;Luz do Dia;;;Meio de Quadra;;;0;1;1;1;0;0;0;0;0;1;0;0;;
329115;26;3;2018;05:48;6797;RUA ANDRADE FURTADO;RUA BATISTA DE OLIVEIRA;;0;;Atropelamento;Amanhecer;;;Cruz;Sem?â?íforo;Residencial;0;1;1;1;0;0;0;0;0;0;0;0;-3,745163000000000;-38,481475000000000
329156;26;3;2018;10:46;12840;RUA SOLON PINHEIRO;RUA CARLOS GOMES;;0;;Colis?â?úo;Luz do Dia;;;Cruz;Pare;Residencial;0;1;1;1;0;0;0;0;0;1;0;0;-3,740604000000000;-38,529735000000000
329149;26;3;2018;08:58;0;AV SEN FERNANDES TAVORA;;;2978;;Queda;Luz do Dia;;;Meio de Quadra;;;0;1;0;0;0;0;0;0;0;1;0;0;-3,755136667000000;-38,598233250000000
329150;26;3;2018;10:01;0;AV DES MOREIRA;;;3059;;Colis?â?úo;Luz do Dia;;;Meio de Quadra;;;0;1;1;1;0;0;0;0;0;1;0;0;;
329161;26;3;2018;10:54;10027;RUA TAUBATE;RUA TAQUARI;;0;;Colis?â?úo;Luz do Dia;;;Cruz;Pare;Residencial;0;1;1;1;0;0;0;0;0;1;0;0;-3,777270000000000;-38,597790000000000
329163;26;3;2018;12:26;22940;RUA BERNARDO MANUEL;RUA JAPI;;0;;Colis?â?úo;Luz do Dia;;;Cruz;Pare;Comercial;0;1;1;1;0;0;0;0;0;1;0;0;-3,784073000000000;-38,546927000000000
329152;26;3;2018;10:16;0;RUA CASTRO DE ALENCAR;;;1320;;Colis?â?úo;Luz do Dia;;;Meio de Quadra;;;0;1;1;1;0;1;0;0;0;0;0;0;-3,782457500000000;-38,504587000000000
329133;26;3;2018;08:35;0;RUA CAR ARCO VERDE;;;185;;Colis?â?úo;Luz do Dia;;;Meio de Quadra;;;0;1;1;1;0;0;0;0;0;1;0;0;-3,751430000000000;-38,593031000000000
329129;26;3;2018;07:46;0;AV DR SILAS MUNGUBA;;;4386;;Colis?â?úo;Luz do Dia;;;Meio de Quadra;;;0;1;1;1;0;0;0;0;0;1;0;0;-3,792719000000000;-38,535410000000000
329124;26;3;2018;07:05;0;AV GAL OSORIO DE PAIVA;;;7828;;Colis?â?úo;Luz do Dia;;;Meio de Quadra;;;0;1;1;1;0;0;0;0;0;1;0;0;-3,820566135000000;-38,617423486000000
329147;26;3;2018;08:57;0;RUA N ESPLANADA CASTELAO;;;570;;Colis?â?úo;Luz do Dia;;;Meio de Quadra;;;0;1;1;0;0;0;0;0;0;0;0;0;;
329138;26;3;2018;08:44;0;AV DIOGUINHO;;;0;;Colis?â?úo;Luz do Dia;;;Meio de Quadra;;;0;1;1;1;0;0;0;0;0;1;0;0;;
329139;26;3;2018;08:47;0;AV PRS COSTA E SILVA;;;2880;;Atropelamento;Luz do Dia;;;Meio de Quadra;;;0;1;1;1;0;0;0;0;0;0;0;0;;
329131;26;3;2018;08:34;0;RUA SEN POMPEU;;;1099;;Colis?â?úo;Luz do Dia;;;Meio de Quadra;;;0;1;1;1;0;0;0;0;0;1;0;0;-3,727606142000000;-38,529836566000000
329214;26;3;2018;18:13;21988;RUA TIRADENTES;RUA MAJ PEDRO SAMPAIO;;0;;Atropelamento;Anoitecer;;;Cruz;Pare;Residencial;0;1;1;1;0;0;0;0;0;0;0;0;-3,741818000000000;-38,549392000000000
329185;26;3;2018;16:25;1437;RUA JOAO CARVALHO;RUA SILVA PAULET;;0;;Colis?â?úo;Luz do Dia;;;Cruz;Pare;Escola;0;1;1;1;0;0;0;0;0;1;0;0;-3,737966000000000;-38,506557000000000
329168;26;3;2018;14:08;1234;AV SANTOS DUMONT;RUA ANTONIO AUGUSTO;;0;;Colis?â?úo;Luz do Dia;;;Cruz;Pare;Comercial;0;1;1;1;0;0;0;0;0;1;0;0;-3,731222000000000;-38,513733000000000
329165;26;3;2018;13:18;3975;RUA PRO COSTA MENDES;RUA ALBERTO MAGNO;;0;;Colis?â?úo;Luz do Dia;;;Cruz;Sem?â?íforo;Residencial;0;1;1;1;0;0;0;0;0;1;0;0;-3,757528000000000;-38,543548000000000
329166;26;3;2018;13:20;0;RUA JARDIM FLUMINENSE;;;0;;Colis?â?úo;Luz do Dia;;;Meio de Quadra;;;0;1;1;1;0;0;0;0;0;1;0;0;;
329175;26;3;2018;14:59;0;AV TRISTAO GONCALVES;;;373;;Atropelamento;Luz do Dia;;;Meio de Quadra;;;0;2;0;0;0;0;0;0;0;1;0;0;-3,725156857000000;-38,532617857000000
329291;26;3;2018;20:37;0;RUA BENU MARCONDES;;;480;;Atropelamento;;;;Meio de Quadra;;;0;1;1;0;0;0;0;0;0;1;0;0;;
329292;26;3;2018;23:04;0;AV CASTELO DE CASTRO;;;0;;Colis?â?úo;;;;Meio de Quadra;;;0;1;1;0;0;0;0;0;0;1;0;0;;
329278;26;3;2018;19:45;21322;RUA CARVALHO MOTA;RUA AZEVEDO BOLAO;;0;;Colis?â?úo;;;;;;;0;1;1;0;0;0;0;0;0;0;0;0;-3,733818000000000;-38,545194000000000
329279;26;3;2018;20:27;0;AV SGT HERMINIO SAMPAIO;;;4296;;Atropelamento;;;;Meio de Quadra;;;0;1;1;0;0;0;0;0;0;1;0;0;-3,731267000000000;-38,578623000000000
329262;26;3;2018;18:41;0;AV PRS CASTELO BRANCO;;;0;;Colis?â?úo;;;;Meio de Quadra;;;0;1;1;0;0;0;0;0;0;0;0;0;;
329281;26;3;2018;20:34;1270;RUA PINTO MADEIRA;RUA JOAO CORDEIRO;;0;;Colis?â?úo;;;;Cruz;Sem?â?íforo;Comercial;0;1;1;1;0;0;0;0;0;1;0;0;-3,732960000000000;-38,515428000000000
329274;26;3;2018;19:18;0;RUA PRO COSTA MENDES;;;727;;Colis?â?úo;;;;Meio de Quadra;;;0;1;1;1;0;1;0;0;0;0;0;0;-3,754698000000000;-38,546911000000000
326825;26;3;2018;21:00;20403;RUA PDE PEDRO DE ALENCAR;RUA LUCIOLA;;0;;Colis?â?úo Transversal;Via Iluminada;Bom;Seca;T;Pare;Residencial;0;1;1;1;0;0;0;0;0;1;0;0;-3,842251000000000;-38,494322000000000
326835;27;3;2018;21:00;19331;AV GAL OSORIO DE PAIVA;RUA PRO GOMES BRASIL;;0;;Colis?â?úo Lateral;Via Iluminada;Bom;Seca;T;Sem?â?íforo;Escola;0;0;2;1;0;0;0;0;0;0;0;0;-3,775618000000000;-38,566451000000000
326832;27;3;2018;12:45;0;RUA GUSTAVO SAMPAIO;;;78;;Colis?â?úo Traseira;Luz do Dia;Bom;Seca;Meio de Quadra;N?â?úo H?â?í Controle;Residencial;0;1;2;0;1;0;0;0;0;0;0;0;-3,732937326000000;-38,545333651000000
329542;27;3;2018;13:08;0;RUA PDE PEDRO DE ALENCAR;;;1428;VEGA TRANSPORTES;Colis?â?úo;Luz do Dia;;;Meio de Quadra;;;0;1;1;0;0;0;0;0;0;0;0;0;-3,840644689000000;-38,494275659000000
329523;27;3;2018;12:55;0;RUA SEIS COMPANHEIROS;;;262;;Colis?â?úo;Luz do Dia;;;Meio de Quadra;;;0;1;1;0;0;0;0;0;0;1;0;0;-3,702804000000000;-38,576070000000000
329516;27;3;2018;12:21;26075;AV SGT HERMINIO SAMPAIO;AV JOSE JATAHY;;0;;Atropelamento;Luz do Dia;;;Cruz;Sem?â?íforo;Comercial;0;1;1;1;0;0;0;0;0;0;0;0;-3,724727000000000;-38,545904000000000
329481;27;3;2018;10:21;9054;RUA LAURO MAIA;RUA ARTHUR TEMOTEO;;0;;Colis?â?úo;Luz do Dia;;;Cruz;Pare;Residencial;0;1;1;1;0;0;0;0;0;0;0;0;-3,745539000000000;-38,523244000000000
329483;27;3;2018;12:20;0;RUA TEOFILO GURGEL;;;40;;Atropelamento;Luz do Dia;;;Meio de Quadra;;;0;1;1;1;0;0;0;0;0;0;0;0;-3,725334700000000;-38,546382800000000
329471;27;3;2018;10:19;0;RUA LIBERATO BARROSO;;;1363;;Atropelamento;Luz do Dia;;;Meio de Quadra;;;0;1;1;0;0;0;0;0;0;1;0;0;-3,724895146000000;-38,539354909000000
329450;27;3;2018;09:09;0;AV ROGACIANO LEITE;;;1040;;Colis?â?úo;Luz do Dia;;;Meio de Quadra;;;0;1;1;1;0;0;0;0;0;0;0;0;-3,766870000000000;-38,496720000000000
329421;27;3;2018;08:04;0;AV GAL MURILO BORGES;;;0;;Colis?â?úo;Luz do Dia;;;Meio de Quadra;;;0;1;1;1;0;0;0;0;0;1;0;0;;
329422;27;3;2018;08:24;12699;AV CEL CARVALHO;AV MAJ ASSIS;;0;;Colis?â?úo;Luz do Dia;;;Cruz;Sem?â?íforo;Comercial;0;1;1;1;0;0;0;0;0;1;0;0;-3,723796000000000;-38,586255000000000
329417;27;3;2018;07:45;0;AV JOVITA FEITOSA;;;115;;Queda;Luz do Dia;;;Meio de Quadra;;;0;1;0;0;0;0;0;0;0;1;0;0;-3,737437000000000;-38,544748000000000
329611;27;3;2018;17:04;0;RUA BERNARDO MANUEL;;;7200;;Colis?â?úo;Anoitecer;;;;;;0;1;1;1;0;0;0;0;0;1;0;0;-3,781268000000000;-38,546074000000000
329637;27;3;2018;21:12;0;RUA 3 DE MAIO;;;1276;;Queda;;;;Meio de Quadra;;;0;1;0;0;0;0;0;0;0;1;0;0;-3,748485100000000;-38,564863900000000
329641;27;3;2018;22:23;0;RUA 844 CJ CEARA;;;1135;;Queda;;;;Meio de Quadra;;;0;1;0;0;0;0;0;0;0;1;0;0;-3,770760000000000;-38,602190000000000
329643;27;3;2018;22:57;19224;AV SANTOS DUMONT;RUA FRANCISCO MATOS;;0;;Atropelamento;;;;Cruz;Sem?â?íforo;Comercial;0;1;1;1;0;0;0;0;0;0;0;0;-3,745497000000000;-38,469675000000000
329562;27;3;2018;13:23;0;RUA PROFETA ISAIAS;;;456;;Atropelamento;Luz do Dia;;;Meio de Quadra;;;0;1;1;0;0;0;0;0;0;1;0;0;-3,701408700000000;-38,573700000000000
329620;27;3;2018;17:33;0;RUA ALVARO DIAS;;;34;;Colis?â?úo;Anoitecer;;;Meio de Quadra;;;0;1;1;1;0;0;0;0;0;1;0;0;-3,837564333000000;-38,528469000000000
329621;27;3;2018;17:33;0;AV ABOLICAO;;;3207;;Queda;Anoitecer;;;Meio de Quadra;;;0;1;0;0;0;0;0;0;0;1;0;0;-3,726651471000000;-38,491115647000000
329622;27;3;2018;18:33;0;RUA SILVINHA TELES D69;;;218;;Colis?â?úo;;;;Meio de Quadra;;;0;2;0;0;0;0;0;0;0;1;0;0;-3,849868838000000;-38,524879781000000
329606;27;3;2018;16:08;0;AV BEZERRA DE MENEZES;;;1052;;Colis?â?úo;Luz do Dia;;;Meio de Quadra;;;0;1;1;1;0;0;0;0;0;1;0;0;-3,733530649000000;-38,554134081000000
329600;27;3;2018;15:02;0;RD CE-060;;;6311;BALAO DO MONDUBIM;Colis?â?úo;Luz do Dia;;;Meio de Quadra;;;0;1;1;1;0;0;0;0;0;1;0;0;-3,826136000000000;-38,579500000000000
327269;27;3;2018;12:50;0;AV MIN JOSE AMERICO;;;881;;Colis?â?úo;Luz do Dia;;;Meio de Quadra;;;0;1;1;1;0;0;0;0;0;1;0;0;-3,809502000000000;-38,491574000000000
327545;27;3;2018;14:00;0;RD CE-040;;;0;KM-03;Colis?â?úo;Via Iluminada;;Seca;Meio de Quadra;;;0;0;2;1;0;0;0;0;0;0;0;0;-3,782614325000000;-38,481083900000000
327546;27;3;2018;16:10;0;RD CE-040;;;0;KM-04;Colis?â?úo;Via Iluminada;;Seca;Meio de Quadra;;;0;0;2;1;0;0;0;1;0;0;0;0;-3,791613156000000;-38,480330840000000
327547;27;3;2018;21:00;0;RD CE-060;;;0;KM-02;Colis?â?úo;Via Iluminada;;Seca;Meio de Quadra;;;0;0;2;1;0;0;1;0;0;0;0;0;-3,834064000000000;-38,582111000000000
327549;27;3;2018;13:31;0;AV ENG SANTANA JUNIOR;;;0;IGUATEMI;Colis?â?úo;Luz do Dia;;Seca;Meio de Quadra;;;0;1;1;0;0;0;0;1;0;1;0;0;;
322198;27;3;2018;06:52;3769;AV DOMINGOS OLIMPIO;RUA SEN POMPEU;;0;;Colis?â?úo Traseira;Luz do Dia;Nublado;Molhada;Cruz;Sem?â?íforo;Comercial;0;1;1;1;1;0;0;0;0;0;0;0;-3,736254000000000;-38,532455000000000
322199;27;3;2018;08:30;14711;RUA JOAO AREAS;RUA SUICA;;0;;Colis?â?úo Transversal;Luz do Dia;Nublado;Molhada;Cruz;N?â?úo H?â?í Controle;Residencial;0;1;1;1;0;0;0;0;0;1;0;0;-3,793895000000000;-38,576036000000000
322200;27;3;2018;08:22;0;AV PDE ANTONIO TOMAS;;;77;;Engavetamento;Luz do Dia;Bom;Molhada;;;;0;0;3;1;0;0;0;0;0;0;0;0;-3,739201300000000;-38,502770000000000
322201;27;3;2018;09:54;4531;AV DEP PAULINO ROCHA;RUA ENF JOAQUIM PINTO;;0;;Colis?â?úo Transversal;Luz do Dia;Nublado;Molhada;Cruz;N?â?úo H?â?í Controle;Comercial;0;2;0;0;0;0;0;0;0;1;0;0;-3,803203000000000;-38,507774000000000
322202;27;3;2018;09:55;0;RUA DEP MOREIRA DA ROCHA;;;909;;Engavetamento;Luz do Dia;Bom;Seca;Meio de Quadra;N?â?úo H?â?í Controle;Residencial;0;0;3;1;0;0;0;0;0;0;0;0;-3,727148000000000;-38,504990000000000
322203;27;3;2018;08:22;5304;RUA PDE MORORO;RUA ISMENIA;;0;;Colis?â?úo Lateral;Luz do Dia;Bom;Seca;T;N?â?úo H?â?í Controle;Comercial;0;1;1;1;0;0;0;0;0;1;0;0;-3,729570000000000;-38,538730000000000
322204;27;3;2018;13:10;24967;AV SANTOS DUMONT;AV ALM HENRIQUE SABOIA;;0;;Colis?â?úo Traseira;Luz do Dia;Bom;Seca;T;Sem?â?íforo;Comercial;0;1;2;1;0;0;0;0;0;1;0;0;-3,739676200000000;-38,486935000000000
322205;27;3;2018;13:35;1589;AV DES MOREIRA;RUA GAL TERTULIANO POTYGUARA;;0;;Colis?â?úo Transversal;Luz do Dia;Bom;Molhada;Cruz;Sem?â?íforo;Comercial;0;0;2;1;0;0;0;0;0;0;0;0;-3,743130000000000;-38,500568000000000
322206;27;3;2018;13:35;1927;RUA MARIA QUINTINO;AV ISABEL BEZERRA;;0;;Queda;Luz do Dia;Bom;Seca;Cruz;Pare;Residencial;0;1;1;0;1;0;0;0;0;1;0;0;-3,855018000000000;-38,500730000000000
322207;27;3;2018;15:31;0;AV BAR STUDART;;;2023;;Colis?â?úo Traseira;Luz do Dia;Nublado;Seca;Meio de Quadra;Sem?â?íforo;Comercial;0;1;2;1;1;0;0;0;0;0;0;0;-3,741280800000000;-38,508633000000000
322208;27;3;2018;16:09;0;AV JOAO PESSOA;;;5412;;Colis?â?úo Lateral;Luz do Dia;Bom;Seca;Meio de Quadra;Pare;Comercial;0;1;1;1;0;0;0;0;0;1;0;0;-3,758562300000000;-38,554893000000000
322209;27;3;2018;15:42;0;RUA VITORIA;RUA FLORIANOPOLIS;;0;;Colis?â?úo;Luz do Dia;Bom;Seca;Meio de Quadra;N?â?úo H?â?í Controle;Comercial;0;0;2;1;0;0;0;0;0;1;0;0;-3,761273400000000;-38,586285000000000
322210;27;3;2018;19:00;0;AV ABOLICAO;;;3035;;N?â?úo Informado;Via Iluminada;Bom;Seca;Meio de Quadra;N?â?úo H?â?í Controle;Comercial;0;0;1;1;0;0;0;0;0;0;0;0;-3,726775400000000;-38,492065000000000
322211;27;3;2018;20:44;7765;RUA DOM EXPEDITO LOPES;RUA TIBURCIO CAVALCANTE;;0;;Colis?â?úo Transversal;Via Iluminada;Bom;Seca;Cruz;Sem?â?íforo;Residencial;0;0;1;1;0;0;0;0;0;0;0;0;-3,743802000000000;-38,505097000000000
322389;27;3;2018;14:43;13492;RUA DR JOSE LOURENCO;RUA PINHO PESSOA;;1;;Colis?â?úo Lateral;Luz do Dia;Bom;Seca;Cruz;Pare;Residencial;0;0;1;1;0;0;0;0;0;1;0;0;-3,745487000000000;-38,511254000000000
322212;28;3;2018;05:45;0;AV JOR THOMAZ COELHO;;;609;;Queda;Amanhecer;Chuva;Molhada;Meio de Quadra;Pare;Comercial;0;1;0;0;0;0;0;0;0;1;0;0;-3,832113300000000;-38,501537000000000
322213;28;3;2018;07:03;26227;RUA AGAMENON;AV GAL OSORIO DE PAIVA;;0;;N?â?úo Informado;Luz do Dia;Chuva;Molhada;Cruz;Sem?â?íforo;Comercial;0;0;2;1;0;0;0;0;0;1;0;0;-3,789852900000000;-38,588192000000000
322214;28;3;2018;07:35;0;AV GAL OSORIO DE PAIVA;;;4233;;Atropelamento;Luz do Dia;Chuva;Molhada;Meio de Quadra;N?â?úo H?â?í Controle;Comercial;0;2;0;0;0;0;0;0;0;1;0;0;-3,795797600000000;-38,593220000000000
322215;28;3;2018;07:32;0;AV ROGACIANO LEITE;;;400;;Colis?â?úo Transversal;Luz do Dia;Chuva;Molhada;Meio de Quadra;N?â?úo H?â?í Controle;Comercial;0;1;1;0;0;0;0;0;0;1;0;0;-3,761899200000000;-38,493860000000000
322216;28;3;2018;07:35;1381;RUA ILDEFONSO ALBANO;AV HERACLITO GRACA;;0;;Colis?â?úo Traseira;Luz do Dia;Chuva;Molhada;Duplo T;Sem?â?íforo;Comercial;0;1;1;1;0;0;0;0;0;1;0;0;-3,736724600000000;-38,514410000000000
322217;28;3;2018;08:48;0;AV ENG SANTANA JUNIOR;;;0;FRANGOLANDIA;Colis?â?úo Transversal;Luz do Dia;Chuva;Molhada;Meio de Quadra;N?â?úo H?â?í Controle;Comercial;0;1;1;0;0;0;0;0;0;1;0;0;-3,749903400000000;-38,490450000000000
322218;28;3;2018;10:19;0;AV ABOLICAO;;;1888;;Colis?â?úo Transversal;Luz do Dia;Chuva;Inundada;Meio de Quadra;N?â?úo H?â?í Controle;Comercial;0;0;2;0;1;0;0;0;0;0;0;0;-3,725215700000000;-38,502163000000000
322219;28;3;2018;11:31;10995;RUA 15 DE NOVEMBRO;RUA ALM RUBIM;;0;;Colis?â?úo Transversal;Luz do Dia;Nublado;Molhada;Cruz;Pare;Comercial;0;2;1;1;0;0;0;0;0;1;0;0;-3,768907000000000;-38,555939000000000
322220;28;3;2018;13:30;0;AV GAL MURILO BORGES;;;0;;Colis?â?úo Transversal;Luz do Dia;Bom;Seca;Meio de Quadra;N?â?úo H?â?í Controle;Rural;0;0;2;1;0;0;0;0;0;0;0;0;-3,764287700000000;-38,505848000000000
322221;28;3;2018;13:29;0;AV DEP PAULINO ROCHA;;;0;;Colis?â?úo Traseira;Luz do Dia;Nublado;Seca;Meio de Quadra;N?â?úo H?â?í Controle;Comercial;0;0;3;1;0;0;0;0;0;0;0;0;-3,810607200000000;-38,517090000000000
322222;28;3;2018;14:23;19137;RUA BATISTA DE OLIVEIRA;RUA ANDRE DALL OLIO;;0;;Colis?â?úo Lateral;Luz do Dia;Bom;Seca;Meio de Quadra;N?â?úo H?â?í Controle;Residencial;0;0;1;1;0;0;0;0;0;0;0;0;-3,739190000000000;-38,477454000000000
322223;28;3;2018;13:50;0;AV BEZERRA DE MENEZES;;;871;;Colis?â?úo Lateral;Luz do Dia;Nublado;Seca;Meio de Quadra;Sem?â?íforo;Comercial;0;0;2;1;0;0;0;0;0;0;0;0;-3,733366300000000;-38,552402000000000
322224;28;3;2018;12:50;5258;RUA PDE MORORO;RUA PEDRO I;;0;;Colis?â?úo Transversal;Luz do Dia;Bom;Seca;Cruz;Pare;Comercial;0;0;2;1;0;0;0;0;0;0;0;0;-3,728123000000000;-38,538290000000000
322225;28;3;2018;14:26;5463;RUA DNA LEOPOLDINA;RUA BARBARA DE ALENCAR;;0;;Colis?â?úo Transversal;Luz do Dia;Bom;Seca;Cruz;Pare;Comercial;0;1;1;0;1;0;0;0;0;1;0;0;-3,735695000000000;-38,521102000000000
322226;28;3;2018;16:30;0;AV 13 DE MAIO;;;377;;Colis?â?úo Traseira;Luz do Dia;Nublado;Seca;Meio de Quadra;N?â?úo H?â?í Controle;Residencial;0;0;2;0;1;0;0;0;0;0;0;0;-3,753420000000000;-38,524414000000000
322227;28;3;2018;08:25;7983;AV JOAO PESSOA;RUA JOAO SORONGO;;0;;Colis?â?úo Transversal;Luz do Dia;Chuva;Molhada;Cruz;Pare;Residencial;0;1;0;1;1;0;0;0;0;0;0;0;-3,748663000000000;-38,546069000000000
322228;28;3;2018;17:18;15807;RUA PERGENTINO MAIA;RUA CEL DIONISIO ALENCAR;;0;;Colis?â?úo Traseira;Luz do Dia;Bom;Seca;Cruz;Pare;Comercial;0;0;2;1;1;0;0;0;0;0;0;0;-3,831561000000000;-38,487711000000000
322229;28;3;2018;21:12;0;RUA PRO COSTA MENDES;;;1274;;N?â?úo Informado;Via Iluminada;Bom;Seca;Cruz;Pare;Residencial;0;0;2;1;0;0;0;0;0;0;0;0;-3,751545700000000;-38,550686000000000
322230;28;3;2018;22:16;15273;RUA ANA BILHAR;RUA OSVALDO CRUZ (ALDEOTA);;0;;Colis?â?úo Transversal;Via Iluminada;Bom;Seca;Cruz;Sem?â?íforo;Residencial;0;0;2;1;0;0;0;0;0;0;0;0;-3,728699000000000;-38,498091000000000
322233;28;3;2018;10:42;0;AV GODOFREDO MACIEL;RUA MOREIRA DA ROCHA;;0;;Colis?â?úo;Luz do Dia;Chuva;Molhada;Meio de Quadra;Pare;Comercial;0;1;1;0;1;0;0;0;0;0;0;0;-3,835616000000000;-38,492725000000000
322254;28;3;2018;20:06;0;AV DEP PAULINO ROCHA;;;0;;Colis?â?úo Traseira;Via Iluminada;Bom;Seca;Meio de Quadra;D?â?¬ Prefer?â?¬ncia;Lazer;0;0;1;1;0;0;0;0;0;0;0;0;-3,803098400000000;-38,521282000000000
322023;28;3;2018;09:35;0;AV PONTES VIEIRA;;;80;;Colis?â?úo Traseira;Luz do Dia;Bom;Seca;Meio de Quadra;N?â?úo H?â?í Controle;Comercial;0;0;3;1;0;0;0;0;0;0;0;0;-3,753227700000000;-38,518345000000000
327551;28;3;2018;14:30;0;AV SEN CARLOS JEREISSATI (AEROPORTO);;;0;KM 04;Colis?â?úo;Via Iluminada;;Seca;Meio de Quadra;;;0;0;2;1;0;0;0;0;0;0;0;0;-3,774020000000000;-38,550907000000000
327552;28;3;2018;19:10;0;RD CE-040;;;0;KM-08;Colis?â?úo;Via Iluminada;;Seca;Meio de Quadra;;;0;0;3;1;0;0;0;0;0;0;0;0;-3,825515822000000;-38,481538320000000
327285;28;3;2018;21:15;0;AV WASHINGTON SOARES;;;10000;;Atropelamento;Via Iluminada;;Seca;Meio de Quadra;;;0;1;1;0;0;0;0;0;0;0;0;0;-3,836325002000000;-38,481285504000000
327392;28;3;2018;23:20;0;RD BR 222;;;0;KM-01;Colis?â?úo Traseira;;;;Meio de Quadra;;;0;1;1;0;0;0;1;0;0;1;0;0;-3,737698444000000;-38,578146930000000
327306;28;3;2018;10:30;0;RUA VALMIR PONTES;;;0;;Colis?â?úo;Luz do Dia;;;Meio de Quadra;;;0;0;2;1;0;0;0;0;0;0;0;0;;
327274;28;3;2018;08:00;0;AV GODOFREDO MACIEL;;;0;;Colis?â?úo;Luz do Dia;;;Meio de Quadra;;;0;0;2;0;0;0;0;0;0;0;0;0;;
329685;28;3;2018;07:53;0;AV DA UNIVERSIDADE;;;2118;;Queda;Luz do Dia;;;Meio de Quadra;;;0;1;0;0;0;1;0;0;0;0;0;0;-3,736463000000000;-38,535010000000000
329691;28;3;2018;08:57;0;AV PRO GOMES DE MATOS;;;1375;;Queda;Luz do Dia;;;Meio de Quadra;;;0;1;0;0;0;0;0;0;0;1;0;0;-3,764178822000000;-38,548217929000000
329762;28;3;2018;11:23;0;RUA SAO FRANCISCO D34;;;557;;Colis?â?úo;Luz do Dia;;;Meio de Quadra;;;0;1;1;0;0;0;0;0;0;1;0;0;-3,783786120000000;-38,591534493000000
329778;28;3;2018;11:50;0;RUA MAJ WEYNE;;;936;;Colis?â?úo;Luz do Dia;;;Meio de Quadra;;;0;1;1;0;0;0;0;0;0;1;0;0;-3,748664925000000;-38,544427000000000
329856;28;3;2018;17:11;0;RUA TEBAS;;;677;;Colis?â?úo;Anoitecer;;;Meio de Quadra;;;0;1;1;1;0;0;0;0;0;1;0;0;;
329806;28;3;2018;13:55;0;AV DR SILAS MUNGUBA;;;728;;Colis?â?úo;Luz do Dia;;;Meio de Quadra;;;0;1;1;0;0;0;0;0;0;1;0;0;-3,780244500000000;-38,559388500000000
329807;28;3;2018;14:24;0;AV DR SILAS MUNGUBA;;;5475;;Queda;Luz do Dia;;;Meio de Quadra;;;0;1;0;0;0;0;0;0;0;1;0;0;-3,800522818000000;-38,530285000000000
329793;28;3;2018;12:27;15601;RUA VASCO DE ATAIDE;RUA TEN JOSE NEWTON;;0;;Atropelamento;Luz do Dia;;;Cruz;Pare;Residencial;0;1;1;0;0;0;0;0;0;1;0;0;-3,823449000000000;-38,491506000000000
329802;28;3;2018;13:09;0;LOGRADOURO SEM NOME;;;104;;Atropelamento;Luz do Dia;;;Meio de Quadra;;;0;1;1;1;0;0;0;0;0;0;0;0;;
329786;28;3;2018;12:07;0;AV WASHINGTON SOARES;;;6055;;Colis?â?úo;Luz do Dia;;;Meio de Quadra;;;0;1;1;1;0;0;1;0;0;0;0;0;-3,812163000000000;-38,479154000000000
329814;28;3;2018;15:45;0;RUA DNA LUCIA PINHEIRO (QUINTINO CUNHA);;;50;;Queda;Luz do Dia;;;Meio de Quadra;;;0;1;0;0;0;0;0;0;0;1;0;0;-3,732127500000000;-38,597514500000000