COD_ACIDENTE;DIA;MES;ANO;HORA;INTERSECAO;LOG1;LOG2;LOG3;NUMERO;REFERENCIA;NATUREZA;ILUMINACAO;TEMPO;SUPERFICIEPISTA;TIPOCRUZAMENTO;CONTROLETRAFEGO;USOSOLO;MORTOS;FERIDOS;ILESOS;AUTOMOVEL;ONIBUS;BICICLETA;CAMINHAO;MICROONIBUS;CICLOMOTOR;MOTOCICLETA;TRACAOANIMAL;TREM;LATITUDE;LONGITUDE
329858;28;3;2018;17:39;0;AV MAJ ASSIS;;;1700;;Colis?â?úo;Anoitecer;;;Meio de Quadra;;;0;1;1;1;0;0;0;0;0;1;0;0;-3,721939400000000;-38,594461600000000
329892;28;3;2018;18:17;10850;RUA PORTO ALEGRE;RUA GUARANI D35 (JOAO XXIII);;0;;Colis?â?úo;Anoitecer;;;Cruz;Pare;Residencial;0;1;1;1;0;0;0;0;0;1;0;0;-3,765455000000000;-38,580844000000000
329903;28;3;2018;18:38;2837;RUA MARIA JULIA;RUA BOM JESUS (GRANJA LISBOA);;0;;Colis?â?úo;;;;Cruz;Pare;Residencial;0;1;1;1;0;0;0;0;0;1;0;0;-3,794640000000000;-38,600603000000000
329912;28;3;2018;18:38;17347;RUA ALBERTO MAGNO;RUA IRM BAZET;;0;;Colis?â?úo;;;;Cruz;Pare;Comercial;0;1;1;1;0;0;0;0;0;1;0;0;-3,765502000000000;-38,550525000000000
329924;28;3;2018;19:07;0;AV WASHINGTON SOARES;;;0;;Atropelamento;;;;Meio de Quadra;;;0;1;1;1;0;0;0;0;0;0;0;0;;
329930;28;3;2018;20:14;0;RUA CARLOS RIBEIRO;;;425;;Atropelamento;;;;Meio de Quadra;;;0;1;1;1;0;0;0;0;0;0;0;0;-3,746590000000000;-38,526440000000000
329931;28;3;2018;21:32;24970;RUA VICENTE LEITE;AV ALM HENRIQUE SABOIA;;0;;Queda;;;;Cruz;Pare;Comercial;0;1;0;0;0;0;0;0;0;1;0;0;-3,752102000000000;-38,499821000000000
329928;28;3;2018;19:37;0;RUA PARAGUAI;;;269;;Colis?â?úo;;;;Meio de Quadra;;;0;1;1;0;0;0;0;0;0;0;0;0;-3,748630000000000;-38,566050000000000
329936;28;3;2018;22:02;0;RUA SAO JOAO D20;;;70;;Colis?â?úo;;;;Meio de Quadra;;;0;1;1;1;0;0;0;0;0;1;0;0;-3,715546000000000;-38,549761000000000
329940;28;3;2018;22:06;0;RUA DO MORRO;;;370;;Atropelamento;;;;Meio de Quadra;;;0;1;1;1;0;0;0;0;0;0;0;0;-3,729999600000000;-38,475232600000000
329651;28;3;2018;05:51;0;RUA JARDIM FLUMINENSE;;;0;;Colis?â?úo;Amanhecer;;;Meio de Quadra;;;0;1;1;0;0;0;0;0;0;0;0;0;;
329657;28;3;2018;07:17;0;AV GAL OSORIO DE PAIVA;;;4237;;Queda;Luz do Dia;;;Meio de Quadra;;;0;2;0;0;0;0;0;0;0;1;0;0;-3,795822308000000;-38,593445000000000
326826;28;3;2018;09:30;0;AV AGUANAMBI;;;1572;;Colis?â?úo Lateral;Luz do Dia;;;Meio de Quadra;;;0;0;2;1;0;0;0;0;0;0;0;0;-3,750756500000000;-38,523596000000000
326827;28;3;2018;20:00;0;RUA RIO GRANDE DO NORTE;;;0;;Colis?â?úo Traseira;;;;Meio de Quadra;;;0;0;2;1;1;0;0;0;0;0;0;0;;
326823;28;3;2018;17:06;12666;AV CEL CARVALHO;RUA ROSINHA SAMPAIO;;0;;Colis?â?úo Lateral;Anoitecer;;;Cruz;Pare;Residencial;0;1;1;1;0;0;0;0;0;1;0;0;-3,726938000000000;-38,585413000000000
326828;29;3;2018;16:30;13511;RUA JOAO CORDEIRO;RUA PDE CHEVALIER;;0;;Choque c/ Obst?â?ículo Fixo;Luz do Dia;;;Cruz;Pare;Residencial;0;0;1;0;0;0;0;0;0;0;0;0;-3,746469000000000;-38,519396000000000
326833;29;3;2018;07:05;738;AV FRANCISCO SA;RUA DNA MENDINHA;;0;;Colis?â?úo Lateral;Luz do Dia;;;Cruz;Pare;Comercial;0;1;1;1;0;0;0;0;0;1;0;0;-3,712666000000000;-38,571238000000000
326836;29;3;2018;15:20;0;AV MAJ ASSIS;;;2205;;Colis?â?úo Traseira;Luz do Dia;;;Meio de Quadra;;;0;0;2;1;0;0;0;0;0;0;0;0;-3,720879000000000;-38,599435250000000
317691;29;3;2018;00:10;0;AV C CJ CEARA;;;287;;Choque c/ Obst?â?ículo Fixo;;;;Meio de Quadra;;;1;0;0;0;0;0;0;0;0;1;0;0;-3,761161000000000;-38,608953333000000
315246;29;3;2018;18:42;0;AV JOR JOAO RAMOS;;;1240;;Atropelamento;;;;Meio de Quadra;;;1;0;1;1;0;0;0;0;0;0;0;0;-3,843058000000000;-38,569014000000000
329946;29;3;2018;19:33;0;AV AUGUSTO DOS ANJOS;;;1992;;Colis?â?úo;;;;Meio de Quadra;;;0;2;0;0;0;0;0;0;0;1;0;0;-3,783212500000000;-38,581808000000000
329947;29;3;2018;00:13;0;AV C CJ NOVA ASSUNCAO;;;227;;Colis?â?úo;;;;Meio de Quadra;;;0;1;1;0;0;0;0;0;0;0;0;0;-3,825876177000000;-38,520257118000000
330068;29;3;2018;07:07;0;AV I CJ CEARA;;;720;;Colis?â?úo;Luz do Dia;;;Meio de Quadra;;;0;1;1;0;0;0;0;0;0;1;0;0;-3,770755143000000;-38,597633000000000
330081;29;3;2018;07:22;24970;RUA VICENTE LEITE;AV ALM HENRIQUE SABOIA;;0;;Queda;Luz do Dia;;;Cruz;Pare;Comercial;0;1;0;0;0;0;0;0;0;1;0;0;-3,752102000000000;-38,499821000000000
330085;29;3;2018;07:28;17410;RUA ALM RUBIM;RUA PRO TEODORICO;;0;;Colis?â?úo;Luz do Dia;;;Cruz;Pare;Residencial;0;1;1;1;0;0;0;0;0;1;0;0;-3,767984000000000;-38,555605000000000
330629;29;3;2018;09:05;0;RUA CEL MATOS DOURADO;;;692;;Atropelamento de Animal;Luz do Dia;;;Meio de Quadra;;;0;1;0;0;0;0;0;0;0;1;0;0;;
330639;29;3;2018;12:23;0;RUA BAUXITA;;;444;;Atropelamento;Luz do Dia;;;Meio de Quadra;;;0;1;1;1;0;0;0;0;0;0;0;0;-3,722830000000000;-38,480670000000000
330631;29;3;2018;09:20;0;AV ODILON GUIMARAES;;;4583;;Colis?â?úo;Luz do Dia;;;Meio de Quadra;;;0;1;1;1;0;0;0;0;0;1;0;0;-3,808497850000000;-38,462027203000000
330632;29;3;2018;10:22;0;AV GAL OSORIO DE PAIVA;;;0;;Atropelamento;Luz do Dia;;;Meio de Quadra;;;0;1;1;0;0;0;0;0;0;0;0;0;;
330633;29;3;2018;10:42;0;RUA JOSE MENDONCA;;;152;;Atropelamento;Luz do Dia;;;Meio de Quadra;;;0;1;1;0;0;0;0;0;0;1;0;0;-3,760278259000000;-38,602778704000000
330635;29;3;2018;11:31;0;RUA CEL MATOS DOURADO;;;322;;Queda;Luz do Dia;;;Meio de Quadra;;;0;1;0;0;0;0;0;0;0;1;0;0;-3,741685511000000;-38,585155936000000
330637;29;3;2018;11:46;0;AV JOVITA FEITOSA;;;1247;;Queda;Luz do Dia;;;Meio de Quadra;;;0;1;0;0;0;0;0;0;0;1;0;0;-3,739649000000000;-38,555411000000000
330664;29;3;2018;14:37;0;AV LUCIANO CARNEIRO;;;1403;;Colis?â?úo;Luz do Dia;;;Meio de Quadra;;;0;1;1;1;0;0;0;0;0;1;0;0;;
330668;29;3;2018;16:42;0;AV SEN FERNANDES TAVORA;;;2976;;Colis?â?úo;Luz do Dia;;;Meio de Quadra;;;0;1;1;1;0;0;0;0;0;1;0;0;-3,755160000000000;-38,598111000000000
330675;29;3;2018;17:02;16037;RUA GASTAO JUSTA;RUA OSCAR BENEVIDES;;0;;Colis?â?úo;Anoitecer;;;;;;0;1;1;1;0;0;0;0;0;1;0;0;-3,811135000000000;-38,571023000000000
330661;29;3;2018;14:37;0;AV ALBERTO CRAVEIRO;;;1403;;Queda;Luz do Dia;;;Meio de Quadra;;;0;1;0;0;0;0;0;0;0;1;0;0;-3,792371000000000;-38,517448000000000
330681;29;3;2018;18:55;12837;AV DOMINGOS OLIMPIO;RUA JAIME BENEVOLO;;0;;Queda;;;;Cruz;Sem?â?íforo;Comercial;0;1;0;0;0;1;0;0;0;0;0;0;-3,737780000000000;-38,527245000000000
330691;29;3;2018;21:59;0;RUA RAIMUNDO GOMES;;;177;;Colis?â?úo;;;;Meio de Quadra;;;0;1;1;1;0;0;0;0;0;1;0;0;-3,790694400000000;-38,496863200000000
330694;29;3;2018;22:31;0;RUA ENG LUIS MONTENEGRO;;;612;;Queda;;;;Meio de Quadra;;;0;1;0;0;0;0;0;0;0;1;0;0;-3,813830000000000;-38,618860000000000
330695;29;3;2018;23:20;0;RUA ALBANIA;;;281;;Queda;;;;Meio de Quadra;;;0;1;0;0;0;0;0;0;0;1;0;0;-3,788560000000000;-38,573950000000000
327287;29;3;2018;17:30;0;RUA CAP MELO;;;3720;;Colis?â?úo;Anoitecer;;;Meio de Quadra;;;0;0;2;1;0;0;0;0;0;1;0;0;-3,754915000000000;-38,513386000000000
327288;29;3;2018;17:15;0;RUA BELOS PORTOS;;;0;;Colis?â?úo;Anoitecer;;;Meio de Quadra;;;0;0;2;1;0;0;0;0;0;0;0;0;;
327289;29;3;2018;21:45;0;RUA RAD JOAO RAMOS (DUNAS);;;0;;Atropelamento;;;;Meio de Quadra;;;0;1;1;0;0;0;0;0;0;0;0;0;;
327290;29;3;2018;18:37;0;AV SGT HERMINIO SAMPAIO;;;0;;Atropelamento;;;;Meio de Quadra;;;0;2;0;0;0;0;0;0;0;0;0;0;;
327291;29;3;2018;18:10;0;AV CEL CARVALHO;;;2675;;Atropelamento;Anoitecer;;;Meio de Quadra;;;0;1;1;1;0;0;0;0;0;0;0;0;-3,726383286000000;-38,585556000000000
322264;29;3;2018;19:12;0;AV CEL CARVALHO;;;2675;;Atropelamento;Via Iluminada;Chuva;Molhada;Meio de Quadra;Sem?â?íforo;Comercial;0;1;1;1;0;0;0;0;0;0;0;0;-3,726411800000000;-38,585495000000000
322234;29;3;2018;11:15;15821;AV JOR THOMAZ COELHO;RUA ANGELICA GURGEL;;0;;Colis?â?úo Lateral;Luz do Dia;Chuva;Inundada;T;D?â?¬ Prefer?â?¬ncia;Comercial;0;0;2;1;1;0;0;0;0;0;0;0;-3,832400000000000;-38,499058000000000
322235;29;3;2018;11:07;0;RUA CEL GUILHERME ALENCAR;;;767;;Choque c/ Obst?â?ículo Fixo;Luz do Dia;Chuva;Molhada;Meio de Quadra;N?â?úo H?â?í Controle;Residencial;0;0;1;1;0;0;0;0;0;0;0;0;-3,835600000000000;-38,492720000000000
322236;29;3;2018;12:56;19133;RUA PEREIRA DE MIRANDA;AV ENG SANTANA JUNIOR;;0;;N?â?úo Informado;Luz do Dia;Nublado;Molhada;Cruz;Pare;Residencial;0;1;1;0;1;0;0;0;0;1;0;0;-3,739031000000000;-38,484204000000000
322237;29;3;2018;11:55;1657;RUA BENI DE CARVALHO;RUA CEL JUCA;;0;;Atropelamento;Luz do Dia;Nublado;Molhada;Cruz;Sem?â?íforo;Comercial;0;1;1;1;0;0;0;0;0;0;0;0;-3,746301000000000;-38,494070000000000
322238;29;3;2018;12:30;9020;RUA JAIME BENEVOLO;RUA SALDANHA MARINHO;;0;;Colis?â?úo Transversal;Luz do Dia;Bom;Seca;Cruz;Sem?â?íforo;Comercial;0;0;2;1;0;0;0;0;0;1;0;0;-3,743046000000000;-38,528994000000000
322239;29;3;2018;12:54;0;AV BEIRA MAR;;;4444;;Atropelamento;Luz do Dia;Bom;Seca;Meio de Quadra;Pare;Residencial;0;1;1;1;0;0;0;0;0;0;0;0;-3,722549700000000;-38,481586000000000
322240;29;3;2018;14:26;0;AV AMERICO BARREIRA;;;0;;Colis?â?úo Traseira;Luz do Dia;Nublado;Seca;Meio de Quadra;Sem?â?íforo;Residencial;0;0;2;0;0;0;0;0;0;1;0;0;-3,757182400000000;-38,559753000000000
322241;29;3;2018;15:24;0;AV JOAO DE ARAUJO LIMA;;;0;;Colis?â?úo Traseira;Luz do Dia;Nublado;Molhada;Meio de Quadra;Sem?â?íforo;Comercial;0;0;1;1;0;0;0;0;0;1;0;0;-3,822203400000000;-38,558514000000000
322242;29;3;2018;15:25;25351;AV PRS JUSCELINO KUBITSCHEK (PASSAR?âÔÇ?);RUA MARINHO E SILVA;;0;;N?â?úo Informado;Luz do Dia;Nublado;Seca;T;N?â?úo H?â?í Controle;Comercial;0;0;2;1;0;0;0;0;0;0;0;0;-3,821671000000000;-38,535095000000000
322243;29;3;2018;18:50;9200;RUA JAIME BENEVOLO;RUA DEP JOAO PONTES;;0;;N?â?úo Informado;Via Iluminada;Chuva;Molhada;Cruz;Pare;Residencial;0;0;2;1;0;0;0;0;0;0;0;0;-3,746140000000000;-38,530076000000000
322244;29;3;2018;18:46;5053;RUA SEN ALENCAR;RUA AGAPITO DOS SANTOS;;0;;Colis?â?úo Transversal;Via Iluminada;Chuva;Molhada;Cruz;Pare;Residencial;0;1;1;1;0;0;0;0;0;1;0;0;-3,721799000000000;-38,537552000000000
322245;29;3;2018;21:29;0;AV SGT HERMINIO SAMPAIO;;;3100;;Atropelamento;Via Iluminada;Chuva;Molhada;Outros;Sem?â?íforo;Comercial;0;1;1;1;0;0;0;0;0;0;0;0;-3,727461300000000;-38,566700000000000
322246;29;3;2018;21:58;0;RUA FLORIANO PEIXOTO;;;0;;Colis?â?úo Transversal;Via Iluminada;Nublado;Molhada;Meio de Quadra;Pare;Residencial;0;0;1;1;0;0;0;0;0;0;0;0;-3,745157500000000;-38,533020000000000
322247;29;3;2018;19:30;0;RUA STA LIDUINA D42;;;13;;N?â?úo Informado;Via Iluminada;Nublado;Seca;Meio de Quadra;N?â?úo H?â?í Controle;Residencial;0;0;1;1;0;0;0;0;0;0;0;0;-3,797781000000000;-38,584965000000000
322248;29;3;2018;22:26;0;AV CARNEIRO DE MENDONCA;;;1502;;Colis?â?úo Lateral;Via Iluminada;Chuva;Molhada;Meio de Quadra;N?â?úo H?â?í Controle;Comercial;0;0;2;1;0;0;0;0;0;0;0;0;-3,761222600000000;-38,572067000000000
322231;29;3;2018;07:37;19667;AV BEZERRA DE MENEZES;RUA ERETIDES MARTINS;;0;;Colis?â?úo Lateral;Luz do Dia;Nublado;Seca;Cruz;Sem?â?íforo;Comercial;0;1;1;1;0;0;0;0;0;1;0;0;-3,734232000000000;-38,557568000000000
322232;29;3;2018;08:15;22198;AV SGT HERMINIO SAMPAIO;RUA DR HELIO VIANA;;0;;Colis?â?úo Transversal;Luz do Dia;Nublado;Seca;T;Pare;Residencial;0;1;1;1;0;0;0;0;0;1;0;0;-3,726835000000000;-38,563084000000000
322253;29;3;2018;07:02;1525;AV PDE ANTONIO TOMAS;RUA BARBOSA DE FREITAS;;0;;Colis?â?úo Transversal;Luz do Dia;Nublado;Molhada;Cruz;N?â?úo H?â?í Controle;Comercial;0;2;1;1;0;0;0;0;0;0;0;0;-3,740495000000000;-38,498619000000000
322249;30;3;2018;06:05;9154;AV 13 DE MAIO;RUA MARTINHO RODRIGUES;;0;;Colis?â?úo Transversal;Luz do Dia;Nublado;Seca;Cruz;Sem?â?íforo;Comercial;0;1;1;0;1;0;0;0;0;1;0;0;-3,752832000000000;-38,525221000000000
322251;30;3;2018;07:30;15984;RUA GASTAO JUSTA;RUA DR RODRIGO C SANDOVAL;;0;;Colis?â?úo Transversal;Luz do Dia;Nublado;Seca;Cruz;Pare;Residencial;0;1;1;1;0;0;0;0;0;1;0;0;-3,805778000000000;-38,569575000000000
322252;30;3;2018;14:20;15792;RUA CEL FRANCISCO PEREIRA (MESSEJANA);RUA PERGENTINO MAIA;;0;;Colis?â?úo Transversal;Luz do Dia;Bom;Seca;Cruz;Pare;Comercial;0;1;1;1;0;0;0;0;0;1;0;0;-3,830868000000000;-38,492803000000000
322255;30;3;2018;15:47;15174;RUA TOMAS POMPEU;RUA CARLOS VASCONCELOS;;0;;Queda;Luz do Dia;Bom;Seca;T;N?â?úo H?â?í Controle;Residencial;0;1;0;0;0;0;0;0;1;0;0;0;-3,725709000000000;-38,508447000000000
322256;30;3;2018;16:20;0;RUA JAIME BENEVOLO;RUA CEL SOLON;;52;;Colis?â?úo Transversal;Luz do Dia;Bom;Seca;Meio de Quadra;Sem?â?íforo;Residencial;0;2;1;1;0;0;0;0;0;1;0;0;-3,742966000000000;-38,528920000000000
322257;30;3;2018;19:43;0;AV GAL OSORIO DE PAIVA;;;5750;;Colis?â?úo Traseira;Via Iluminada;Bom;Seca;Meio de Quadra;N?â?úo H?â?í Controle;Comercial;0;0;2;1;0;0;0;0;0;1;0;0;-3,807048000000000;-38,604317000000000
322258;30;3;2018;20:41;0;AV GAL OSORIO DE PAIVA;;;7736;;Atropelamento;Via Iluminada;Bom;Seca;Meio de Quadra;N?â?úo H?â?í Controle;Comercial;0;1;1;1;0;0;0;0;0;0;0;0;-3,820514200000000;-38,617523000000000
327294;30;3;2018;20:52;0;RD DR MENDEL STEINBRUCH;;;6348;;Colis?â?úo;;;;Meio de Quadra;;;0;1;1;0;0;1;0;0;0;1;0;0;;
327303;30;3;2018;22:15;0;AV MIN JOSE AMERICO;;;0;;Colis?â?úo;;;;Meio de Quadra;;;0;0;2;0;1;0;0;0;0;1;0;0;;
327304;30;3;2018;21:40;0;RD BR 116;;;0;;Colis?â?úo;;;;Meio de Quadra;;;0;0;1;0;0;0;0;0;0;1;0;0;;
327395;30;3;2018;22:50;0;RD BR 116;;;3000;KM-03;Atropelamento;;;;Meio de Quadra;;;0;1;1;1;0;0;0;0;0;0;0;0;-3,779838000000000;-38,514372000000000
330729;30;3;2018;00:08;25009;RUA TULIPA;RUA RAIMUNDO FROTA;;0;;Colis?â?úo;;;;;;;0;1;1;1;0;0;0;0;0;1;0;0;;
330734;30;3;2018;00:59;708;AV DR THEBERGE;RUA CRUZ E SOUSA D21;;0;;Colis?â?úo;;;;Cruz;Sem?â?íforo;Residencial;0;1;1;1;0;1;0;0;0;0;0;0;-3,719218000000000;-38,566456000000000
330798;30;3;2018;02:40;0;AV JOVITA FEITOSA;;;185;;Atropelamento;;;;Meio de Quadra;;;0;1;1;1;0;0;0;0;0;0;0;0;-3,737590000000000;-38,545496000000000
330805;30;3;2018;08:08;0;RD BR 116;;;12000;KM-12;Queda;Luz do Dia;;;Meio de Quadra;;;0;1;0;0;0;0;0;0;0;1;0;0;-3,855740000000000;-38,496066000000000
330810;30;3;2018;08:50;16754;RUA CEL QUEIROZ;RUA PARANAI;;0;;Outros;Luz do Dia;;;;;;0;1;0;0;0;0;0;0;0;1;0;0;-3,833641000000000;-38,569055000000000
330838;30;3;2018;09:05;0;RUA URUCUTUBA;;;1579;;Colis?â?úo;Luz do Dia;;;Meio de Quadra;;;0;1;1;1;0;0;0;0;0;1;0;0;-3,797921000000000;-38,610347000000000
330839;30;3;2018;11:27;26091;AV JOSE JATAHY;AV JOVITA FEITOSA;;0;;Colis?â?úo;Luz do Dia;;;Cruz;Sem?â?íforo;Residencial;0;1;1;1;0;0;0;0;0;1;0;0;-3,737273000000000;-38,543936000000000
330842;30;3;2018;12:41;0;AV ALM HENRIQUE SABOIA;;;0;;Queda;Luz do Dia;;;Meio de Quadra;;;0;1;0;0;0;0;0;0;0;1;0;0;;
330879;30;3;2018;14:58;0;RUA APOCALIPSE (MONDUBIM);;;660;;Colis?â?úo;Luz do Dia;;;Meio de Quadra;;;0;1;1;1;0;0;0;0;0;1;0;0;-3,833577800000000;-38,571534400000000
330893;30;3;2018;15:18;0;RUA FRANCISCA MARIA DA CONCEICAO;;;150;;Queda;Luz do Dia;;;Meio de Quadra;;;0;1;0;0;0;0;0;0;0;1;0;0;-3,841909826000000;-38,566272783000000
330895;30;3;2018;15:35;0;AV D CJ CEARA;;;440;;Queda;Luz do Dia;;;Meio de Quadra;;;0;1;0;0;0;1;0;0;0;0;0;0;;
330904;30;3;2018;18:24;0;RUA CEL NUNES DE MELO;;;1483;;Queda;Anoitecer;;;Meio de Quadra;;;0;1;0;0;0;1;0;0;0;0;0;0;-3,752360607000000;-38,556008321000000
330898;30;3;2018;16:33;0;AV DO VAQUEIRO;;;1670;;Queda;Luz do Dia;;;Meio de Quadra;;;0;1;0;0;0;0;0;0;0;1;0;0;-3,858609897000000;-38,505790633000000
330899;30;3;2018;17:14;5162;RUA GAL SAMPAIO;RUA SAO PAULO;;0;;Colis?â?úo;Anoitecer;;;Cruz;Sem?â?íforo;Comercial;0;1;1;0;0;0;0;0;0;1;0;0;-3,725134000000000;-38,530266000000000
330901;30;3;2018;18:08;0;RUA SAO LUIZ DO OESTE;;;358;;Queda;Anoitecer;;;Meio de Quadra;;;0;1;0;0;0;0;0;0;0;1;0;0;-3,774849400000000;-38,555382400000000
330934;30;3;2018;18:55;0;RUA CEL VIRGILIO NOGUEIRA (BOM JARDIM);;;379;;Atropelamento;;;;Meio de Quadra;;;0;1;1;0;0;0;0;0;0;1;0;0;-3,786570200000000;-38,607894300000000
330935;30;3;2018;20:16;0;RUA 1 CJ HAB ST SAO JOAO;;;1057;;Colis?â?úo;;;;Meio de Quadra;;;0;1;1;0;0;0;0;0;0;1;0;0;;
330936;30;3;2018;20:20;7593;RUA CLARIM;RUA AMSTERDA;;0;;Colis?â?úo;;;;;;;0;1;1;1;0;0;0;0;0;1;0;0;-3,789201000000000;-38,526963000000000
330937;30;3;2018;20:21;0;RUA ALCINO GUANABARA;;;1260;;Queda;;;;Meio de Quadra;;;0;1;0;0;0;0;0;0;0;1;0;0;-3,760380000000000;-38,571200000000000
330938;30;3;2018;21:29;0;TR STA CLARA;;;100;;Atropelamento;;;;Meio de Quadra;;;0;1;1;1;0;0;0;0;0;0;0;0;-3,752535061000000;-38,541398970000000
330939;30;3;2018;21:37;10408;RUA HUMAITA D73;AV GENIBAU;;0;;Colis?â?úo;;;;Cruz;Pare;Comercial;0;1;1;0;0;0;0;0;0;1;0;0;-3,760652000000000;-38,600613000000000
330940;30;3;2018;23:36;0;RUA TEBAS;;;341;;Colis?â?úo;;;;Meio de Quadra;;;0;1;1;0;0;0;0;0;0;0;0;0;-3,812296700000000;-38,619451500000000
330928;30;3;2018;18:38;10140;RUA CEL FABRICIANO;RUA VALDEMAR PAES;;0;;Colis?â?úo;;;;;;;0;1;1;1;0;0;0;0;0;1;0;0;-3,785186000000000;-38,599275000000000
330931;30;3;2018;18:51;0;RUA CATOLE;;;2200;;Colis?â?úo;;;;Meio de Quadra;;;0;1;1;1;0;0;0;0;0;1;0;0;-3,849160000000000;-38,520947000000000
317671;30;3;2018;10:15;19667;AV BEZERRA DE MENEZES;RUA ERETIDES MARTINS;;0;;Colis?â?úo Transversal;Luz do Dia;Nublado;Seca;Cruz;Sem?â?íforo;Comercial;1;0;1;1;0;0;0;0;0;1;0;0;-3,734232000000000;-38,557568000000000
326838;30;3;2018;09:00;24372;AV LUCIANO CARNEIRO;RUA ALM RUFINO;;0;;Colis?â?úo Lateral;Luz do Dia;;;Cruz;Sem?â?íforo;Comercial;0;0;2;1;0;0;0;0;0;0;0;0;-3,766580000000000;-38,537195000000000
330941;31;3;2018;01:45;0;RUA 860 CJ CEARA;;;0;;Outros;;;;Meio de Quadra;;;0;1;0;0;0;0;0;0;0;1;0;0;;
330942;31;3;2018;01:54;0;AV OLAVO BILAC;;;91;;Queda;;;;Meio de Quadra;;;0;1;0;0;0;0;0;0;0;1;0;0;-3,722051943000000;-38,566719714000000
330943;31;3;2018;03:02;0;RUA PROF. MANOEL LOURENCO;;;0;;Queda;;;;Meio de Quadra;;;0;1;0;0;0;0;0;0;0;1;0;0;;
330944;31;3;2018;03:44;0;AV SEN FERNANDES TAVORA;;;3250;;Queda;;;;Meio de Quadra;;;0;1;0;0;0;0;0;0;0;1;0;0;-3,754628000000000;-38,600984000000000
330945;31;3;2018;04:00;0;AV GAL OSORIO DE PAIVA;;;0;;Atropelamento;;;;Meio de Quadra;;;0;1;1;0;0;0;1;0;0;0;0;0;;
330946;31;3;2018;04:43;0;AV PERIMETRAL;;;2730;;Queda;;;;Meio de Quadra;;;0;1;0;0;0;0;0;0;0;1;0;0;;
330947;31;3;2018;05:08;0;AV PRO GOMES DE MATOS;;;0;;Queda;Amanhecer;;;Meio de Quadra;;;0;2;1;1;0;0;0;0;0;1;0;0;;
330948;31;3;2018;13:59;0;RUA DO CANAL (TAUAPE);;;234;;Atropelamento;Luz do Dia;;;Meio de Quadra;;;0;1;1;0;0;0;0;0;0;0;0;0;-3,761913100000000;-38,514271300000000
330949;31;3;2018;14:34;0;RUA FIRMINO ROCHA AGUIAR;;;0;;Colis?â?úo;Luz do Dia;;;Meio de Quadra;;;0;1;1;1;0;0;0;0;0;1;0;0;;
330950;31;3;2018;15:08;0;RUA ANA NERY;;;123;;Atropelamento;Luz do Dia;;;Meio de Quadra;;;0;1;1;1;0;0;0;0;0;0;0;0;-3,754745652000000;-38,541009130000000
330951;31;3;2018;17:12;0;RUA DOM PEDRO II;;;348;;Colis?â?úo;Anoitecer;;;Meio de Quadra;;;0;1;1;1;0;1;0;0;0;0;0;0;-3,788439000000000;-38,574451000000000
330952;31;3;2018;17:47;17582;RUA STA CATARINA (BELA VISTA / PAN AMERICANO);RUA MARANHAO;;0;;Colis?â?úo;Anoitecer;;;;;;0;1;1;1;0;0;0;0;0;1;0;0;-3,755315000000000;-38,566283000000000
330953;31;3;2018;18:10;0;RUA VALMIR PONTES;;;0;UNIFOR;Atropelamento;Anoitecer;;;Meio de Quadra;;;0;1;1;1;0;0;0;0;0;0;0;0;;
331057;31;3;2018;21:07;13396;RUA BAR ARACATI;RUA JOAO BRIGIDO;;0;;Colis?â?úo;;;;Cruz;Pare;Comercial;0;1;1;1;0;0;0;0;0;1;0;0;-3,740939000000000;-38,514697000000000
331058;31;3;2018;21:33;0;AV GODOFREDO MACIEL;;;0;;Atropelamento;;;;Meio de Quadra;;;0;1;1;1;0;0;0;0;0;0;0;0;;
331064;31;3;2018;23:33;16057;AV GODOFREDO MACIEL;AV PRS COSTA E SILVA;;0;;Queda;;;;Cruz;Sem?â?íforo;Residencial;0;1;0;0;0;0;0;0;0;1;0;0;-3,811743000000000;-38,574739000000000
327295;31;3;2018;01:50;17435;RUA ALBERTO MAGNO;RUA PRO TEODORICO;;0;;Colis?â?úo;;;;Cruz;Pare;Residencial;0;0;2;1;0;0;0;0;0;0;0;0;-3,768977000000000;-38,552834000000000
322259;31;3;2018;07:46;5045;AV FILOMENO GOMES;RUA SAO PAULO;;0;;Colis?â?úo Transversal;Luz do Dia;Nublado;Molhada;Cruz;Sem?â?íforo;Comercial;0;1;1;1;0;0;0;0;0;1;0;0;-3,721539000000000;-38,541200000000000
322260;31;3;2018;10:08;0;AV BEZERRA DE MENEZES;;;2500;NORTH SHOPPING;Choque c/ Obst?â?ículo Fixo;Luz do Dia;Chuva;Molhada;Meio de Quadra;N?â?úo H?â?í Controle;Comercial;0;0;1;1;0;0;0;0;0;0;0;0;-3,736008400000000;-38,566616000000000
322261;31;3;2018;12:39;0;AV 13 DE MAIO;;;1573;;Colis?â?úo Traseira;Luz do Dia;Nublado;Molhada;Meio de Quadra;N?â?úo H?â?í Controle;Residencial;0;0;2;1;0;0;0;0;0;0;0;0;-3,746790000000000;-38,532227000000000