COD_ACIDENTE;DIA;MES;ANO;HORA;INTERSECAO;LOG1;LOG2;LOG3;NUMERO;REFERENCIA;NATUREZA;ILUMINACAO;TEMPO;SUPERFICIEPISTA;TIPOCRUZAMENTO;CONTROLETRAFEGO;USOSOLO;MORTOS;FERIDOS;ILESOS;AUTOMOVEL;ONIBUS;BICICLETA;CAMINHAO;MICROONIBUS;CICLOMOTOR;MOTOCICLETA;TRACAOANIMAL;TREM;LATITUDE;LONGITUDE
322262;31;3;2018;14:04;5472;RUA ANTONIO POMPEU;RUA JAIME BENEVOLO;;0;;Colis?â?úo Transversal;Luz do Dia;Nublado;Seca;Cruz;Sem?â?íforo;Comercial;0;0;2;1;0;0;0;0;0;0;0;0;-3,736033000000000;-38,526664000000000
322263;31;3;2018;17:06;0;AV GAL OSORIO DE PAIVA;;;7049;;Queda;Anoitecer;Bom;Seca;Meio de Quadra;Gesto;Comercial;0;1;0;0;0;0;0;0;0;1;0;0;-3,815284700000000;-38,612210000000000
322265;31;3;2018;19:41;0;AV PONTES VIEIRA;AV BAR STUDART;;920;SERPRO;Colis?â?úo Traseira;Via Iluminada;Nublado;Seca;;;;0;1;1;1;0;0;0;0;0;1;0;0;-3,752711500000000;-38,512730000000000
322331;31;3;2018;19:31;0;RUA BERNARDO MANUEL;;;8920;;Colis?â?úo Transversal;Via Iluminada;Bom;Seca;Meio de Quadra;Pare;Comercial;0;2;0;0;0;0;0;0;0;1;0;0;-3,797413800000000;-38,551147000000000
322272;1;4;2018;23:55;19656;AV BEZERRA DE MENEZES;RUA PRO JOSE DE BARCELOS;;0;;Colis?â?úo Lateral;Via Iluminada;Chuva;Molhada;Cruz;N?â?úo H?â?í Controle;Comercial;0;0;2;1;1;0;0;0;0;0;0;0;-3,732898000000000;-38,551066000000000
322275;1;4;2018;09:30;0;AV 13 DE MAIO;;;1367;;Colis?â?úo Transversal;Luz do Dia;Nublado;Molhada;Meio de Quadra;Sem?â?íforo;Comercial;0;0;2;1;0;0;0;0;0;0;0;0;-3,747951500000000;-38,530975000000000
322266;1;4;2018;05:40;6737;AV ENG SANTANA JUNIOR;AV PDE ANTONIO TOMAS;;0;;Queda;Amanhecer;Bom;Molhada;Y;N?â?úo H?â?í Controle;Residencial;0;1;0;0;0;0;0;0;0;1;0;0;-3,743981000000000;-38,488012000000000
322267;1;4;2018;07:30;0;AV GAL OSORIO DE PAIVA;;;759;;Colis?â?úo;Luz do Dia;Nublado;Molhada;Meio de Quadra;N?â?úo H?â?í Controle;Residencial;0;0;2;0;1;0;0;0;0;1;0;0;-3,777136000000000;-38,569010000000000
322268;1;4;2018;06:50;0;RUA EDUARDO PERDIGAO;;;251;;Colis?â?úo Transversal;Luz do Dia;Chuva;Molhada;Meio de Quadra;Pare;Comercial;0;1;1;0;1;0;0;0;0;1;0;0;-3,776918000000000;-38,563650000000000
322269;1;4;2018;15:23;5396;RUA GAL CLARINDO DE QUEIROZ;RUA SEN POMPEU;;0;;Colis?â?úo Transversal;Luz do Dia;Bom;Seca;Cruz;Sem?â?íforo;Comercial;0;0;2;1;0;0;0;0;0;0;0;0;-3,732353000000000;-38,531279000000000
322270;1;4;2018;20:48;5283;AV SANTOS DUMONT;AV DOM MANUEL;;0;;Colis?â?úo Transversal;Via Iluminada;Bom;Seca;Cruz;Gesto;Comercial;0;1;1;1;0;0;0;0;0;1;0;0;-3,728774000000000;-38,521250000000000
327073;1;4;2018;17:00;10853;RUA PORTO VELHO;RUA PRO MIRAMAR DA PONTE;;0;;Colis?â?úo;Anoitecer;;;Cruz;D?â?¬ Prefer?â?¬ncia;Residencial;0;0;2;1;0;0;0;0;0;0;0;0;-3,765567000000000;-38,587780000000000
315289;1;4;2018;12:40;0;RD BR 116;;;8000;KM-08;Colis?â?úo;Luz do Dia;;;Meio de Quadra;;;2;0;1;1;0;0;0;0;0;1;0;0;-3,822018000000000;-38,503269000000000
329840;1;4;2018;05:41;0;AV GAL OSORIO DE PAIVA;;;759;;Colis?â?úo;Amanhecer;;;Meio de Quadra;;;0;1;0;0;0;0;0;0;0;0;0;0;-3,777206637000000;-38,569002848000000
329125;1;4;2018;21:14;24993;AV DOM MANUEL;RUA ROCHA LIMA;;0;;Colis?â?úo;;;;Cruz;Sem?â?íforo;Comercial;0;1;0;1;0;0;0;0;0;1;0;0;-3,735959000000000;-38,523587000000000
329118;1;4;2018;19:55;0;RUA CON DE CASTRO;;;0;;Colis?â?úo;;;;Meio de Quadra;;;0;1;0;1;0;0;0;0;0;1;0;0;;
329121;1;4;2018;20:11;0;AV DIOGUINHO;;;5510;;Colis?â?úo;;;;Meio de Quadra;;;0;1;0;1;0;0;0;0;0;1;0;0;-3,762884000000000;-38,442749000000000
329122;1;4;2018;20:29;0;RUA NEREU RAMOS;;;0;;Colis?â?úo;;;;Meio de Quadra;;;0;1;0;1;0;0;0;0;0;1;0;0;;
329123;1;4;2018;20:31;0;AV DIOGUINHO;;;5580;;Colis?â?úo;;;;Meio de Quadra;;;0;1;0;1;0;0;0;0;0;1;0;0;-3,762425778000000;-38,442784778000000
329109;1;4;2018;19:02;0;RUA OSCAR ARARIPE;;;3620;;Colis?â?úo;;;;Meio de Quadra;;;0;1;0;1;0;0;0;0;0;1;0;0;-3,783905167000000;-38,622823500000000
329105;1;4;2018;17:16;0;AV GAL OSORIO DE PAIVA;;;0;;Colis?â?úo;Anoitecer;;;Meio de Quadra;;;0;1;0;0;0;0;0;0;0;1;0;0;;
329106;1;4;2018;17:27;0;RUA JOAQUIM M DE MACEDO;;;465;;Atropelamento;Anoitecer;;;Meio de Quadra;;;0;1;0;0;0;0;0;0;0;1;0;0;-3,757397696000000;-38,581423000000000
329107;1;4;2018;18:13;16204;RUA MONTE LIBANO;RUA 5 CJ PEQ MONDUBIM;;0;;Colis?â?úo;Anoitecer;;;Duplo T;Pare;Misto;0;2;0;1;0;0;0;0;0;1;0;0;-3,823957000000000;-38,561359000000000
329096;1;4;2018;09:49;0;RUA RIO GRANDE DO NORTE;;;542;;Colis?â?úo;Luz do Dia;;;Meio de Quadra;;;0;1;0;0;0;0;0;0;0;0;0;0;-3,761710000000000;-38,562560000000000
329094;1;4;2018;08:51;3807;AV IMPERADOR;AV CARAPINIMA;;0;;Colis?â?úo;Luz do Dia;;;;;;0;2;0;0;0;0;0;0;0;1;0;0;-3,737277000000000;-38,537423000000000
329098;1;4;2018;12:08;0;RUA TIRADENTES;;;0;;Colis?â?úo;Luz do Dia;;;Meio de Quadra;;;0;1;0;1;0;0;0;0;0;1;0;0;;
329100;1;4;2018;12:40;0;AV AGUANAMBI;;;0;;Atropelamento;Luz do Dia;;;Meio de Quadra;;;0;1;0;1;0;0;0;0;0;0;0;0;;
329086;1;4;2018;04:54;0;AV GAL OSORIO DE PAIVA;;;759;;Colis?â?úo;;;;Meio de Quadra;;;0;1;0;0;0;0;0;0;0;0;0;0;-3,777206637000000;-38,569002848000000
329087;1;4;2018;05:41;0;RUA PEDRO C FERNANDES;;;481;;Queda;Amanhecer;;;Meio de Quadra;;;0;1;0;0;0;0;0;0;0;1;0;0;-3,799000600000000;-38,565866800000000
329088;1;4;2018;06:22;0;AV CEL CARVALHO;;;0;;Queda;Luz do Dia;;;Meio de Quadra;;;0;1;0;0;0;0;0;0;0;1;0;0;;
329092;1;4;2018;07:03;0;RUA ROSA LEITE OLIVEIRA;;;1025;;Atropelamento;Luz do Dia;;;Meio de Quadra;;;0;1;0;1;0;0;0;0;0;0;0;0;-3,724470000000000;-38,587030000000000
329079;1;4;2018;01:11;0;RUA RIO TOCANTINS;;;364;;Colis?â?úo;;;;Meio de Quadra;;;0;1;0;1;0;0;0;0;0;1;0;0;-3,719724000000000;-38,580856000000000
329084;1;4;2018;04:11;0;AV PRS COSTA E SILVA;;;1351;;Colis?â?úo;;;;Meio de Quadra;;;0;1;0;0;0;0;0;0;0;0;0;0;;
329081;1;4;2018;07:07;0;AV PRS COSTA E SILVA;;;0;;Colis?â?úo;Luz do Dia;;;Meio de Quadra;;;0;1;0;0;0;0;0;0;0;0;0;0;;
332063;1;4;2018;23:11;0;AV 13 DE MAIO;;;2311;;Atropelamento;;;;Meio de Quadra;;;0;1;0;0;1;0;0;0;0;0;0;0;-3,742892000000000;-38,537017100000000
332058;1;4;2018;12:40;0;RUA ANA BILHAR;;;0;;Atropelamento;Luz do Dia;;;Meio de Quadra;;;0;1;0;1;0;0;0;0;0;0;0;0;;
332059;1;4;2018;16:30;0;RUA TEN LAURO;;;401;;Atropelamento;Luz do Dia;;;Meio de Quadra;;;0;1;0;1;0;0;0;0;0;0;0;0;-3,749707400000000;-38,582196400000000
332044;1;4;2018;06:58;0;AV GAL OSORIO DE PAIVA;;;5561;;Queda;Luz do Dia;;;Meio de Quadra;;;0;1;0;0;0;0;0;0;0;1;0;0;-3,805482000000000;-38,602834000000000
329126;2;4;2018;05:33;5100;AV DOM MANUEL;AV MON TABOSA;;0;;Atropelamento;Amanhecer;;;;;;0;1;0;0;0;0;0;0;0;0;0;0;-3,723552000000000;-38,519533000000000
329128;2;4;2018;07:22;0;RUA CEL MATOS DOURADO;;;326;;Colis?â?úo;Luz do Dia;;;Meio de Quadra;;;0;1;0;1;0;0;0;0;0;1;0;0;-3,741731724000000;-38,585152660000000
329130;2;4;2018;08:31;0;AV PRS CASTELO BRANCO;;;0;;Colis?â?úo;Luz do Dia;;;Meio de Quadra;;;0;1;0;1;0;0;0;0;0;1;0;0;;
329140;2;4;2018;08:42;0;RUA JATAI D71;;;1445;;Queda;Luz do Dia;;;Meio de Quadra;;;0;1;0;0;0;0;0;0;0;1;0;0;;
329164;2;4;2018;08:47;9675;RUA OSCAR ARARIPE;RUA GUARAREMA;;0;;Colis?â?úo;Luz do Dia;;;Cruz;Pare;Misto;0;1;0;1;0;0;0;0;0;1;0;0;-3,785079000000000;-38,618664000000000
329180;2;4;2018;11:10;0;AV DR SILAS MUNGUBA;;;0;;Colis?â?úo;Luz do Dia;;;Meio de Quadra;;;0;1;0;1;0;0;0;0;0;1;0;0;;
329182;2;4;2018;11:18;12404;AV LINEU MACHADO;AV SEN FERNANDES TAVORA;;0;;Colis?â?úo;Luz do Dia;;;Cruz;Sem?â?íforo;Comercial;0;1;0;0;0;0;0;0;0;1;0;0;-3,765199000000000;-38,576540000000000
329183;2;4;2018;11:18;0;RUA JOSE ARAGAO;;;118;;;Luz do Dia;;;Meio de Quadra;;;0;1;0;1;0;0;0;0;0;1;0;0;;
329188;2;4;2018;11:28;0;AV ALBERTO NEPOMUCENO;;;119;;Atropelamento;Luz do Dia;;;Meio de Quadra;;;0;1;0;0;0;1;0;0;0;0;0;0;-3,722157445000000;-38,523705333000000
329194;2;4;2018;13:01;0;AV ALBERTO CRAVEIRO;;;0;;Colis?â?úo;Luz do Dia;;;Meio de Quadra;;;0;2;0;1;0;0;0;0;0;1;0;0;;
329195;2;4;2018;14:45;5421;AV HERACLITO GRACA;AV DUQ CAXIAS;;0;;Atropelamento;Luz do Dia;;;;;;0;1;0;1;0;0;0;0;0;0;0;0;-3,733481000000000;-38,524603000000000
329196;2;4;2018;15:09;0;AV CASTELO DE CASTRO;;;766;;Colis?â?úo;Luz do Dia;;;Meio de Quadra;;;0;2;0;0;0;0;0;0;0;1;0;0;-3,836240000000000;-38,521850000000000
329198;2;4;2018;17:30;0;RUA BERNARDO MANUEL;;;9000;;Colis?â?úo;Anoitecer;;;Meio de Quadra;;;0;1;0;0;0;0;0;0;0;1;0;0;-3,798621000000000;-38,551393200000000
329199;2;4;2018;10:04;84;AV MR HULL;RUA PDE PERDIGAO SAMPAIO;;0;;Colis?â?úo;Luz do Dia;;;Cruz;Sem?â?íforo;Residencial;0;1;0;1;0;0;0;0;0;1;0;0;-3,740113000000000;-38,594635000000000
329200;2;4;2018;18:37;0;AV DIOGUINHO;;;1301;;Colis?â?úo;;;;Meio de Quadra;;;0;1;0;0;0;0;0;0;0;0;0;0;-3,719530000000000;-38,465110000000000
329209;2;4;2018;18:50;0;VL JD PRINCESA ISABEL;;;0;;Colis?â?úo;;;;Meio de Quadra;;;0;1;0;0;0;0;0;0;0;1;0;0;;
329210;2;4;2018;18:58;0;AV ISABEL BEZERRA;;;600;;Colis?â?úo;;;;Meio de Quadra;;;0;1;0;0;0;0;0;0;0;1;0;0;-3,804943800000000;-38,629538800000000
329211;2;4;2018;19:20;0;RUA SAO FELIPE D71;;;1060;;Queda;;;;Meio de Quadra;;;0;1;0;0;0;0;0;0;0;1;0;0;-3,803719700000000;-38,599253900000000
329212;2;4;2018;19:24;0;AV MR HULL;;;5260;;Colis?â?úo;;;;Meio de Quadra;;;0;2;0;0;0;0;0;0;0;0;0;0;-3,739649609000000;-38,591450304000000
329213;2;4;2018;23:29;9156;AV LUCIANO CARNEIRO;RUA MIN JOAQUIM BASTOS D14;;0;;Queda;;;;T;Sem?â?íforo;Escola;0;1;0;0;0;0;0;0;0;1;0;0;-3,750348000000000;-38,532220000000000
327082;2;4;2018;12:40;0;RUA JOSE BUSON;;;0;;Colis?â?úo;Luz do Dia;;;Meio de Quadra;;;0;0;2;0;1;0;0;0;0;1;0;0;;
327088;2;4;2018;15:10;12347;RUA DIAMANTINA;RUA RIO GRANDE DO SUL;;0;;Colis?â?úo;Luz do Dia;;;Cruz;Sem?â?íforo;Residencial;0;0;2;0;0;0;0;0;0;1;0;0;-3,763342000000000;-38,570499000000000
327363;2;4;2018;18:50;0;RD BR 116;;;1000;KM-01;Colis?â?úo Traseira;;;;Meio de Quadra;;;0;2;2;1;0;0;0;0;0;1;0;0;-3,762554000000000;-38,518702000000000
327368;2;4;2018;20:00;0;RD BR 222;;;0;KM-02;Colis?â?úo Transversal;;;;Meio de Quadra;;;0;2;0;0;0;1;0;0;0;1;0;0;-3,740362400000000;-38,596996100000000
327541;2;4;2018;05:45;0;AV SEN CARLOS JEREISSATI (AEROPORTO);;;0;KM 03;Colis?â?úo;Via Iluminada;;Molhada;Meio de Quadra;;;0;0;2;1;0;0;0;0;0;0;0;0;-3,779641000000000;-38,544038000000000
327464;2;4;2018;22:06;0;RUA NUNES VALENTE;;;664;;Colis?â?úo;;;;Meio de Quadra;;;0;0;1;0;1;0;0;0;0;0;0;0;-3,730365000000000;-38,501859000000000
327465;2;4;2018;21:35;0;RUA JOAQUIM DOS ANJOS;;;0;;Colis?â?úo;;;;Meio de Quadra;;;0;0;1;0;0;0;0;0;0;1;0;0;;
322271;2;4;2018;00:53;0;RUA MONTE LIBANO;RUA 5 CJ JOSE WALTER;;0;;Colis?â?úo Transversal;Via Iluminada;Chuva;Molhada;Meio de Quadra;Pare;Comercial;0;0;1;1;0;0;0;0;0;1;0;0;-3,824119800000000;-38,561417000000000
322282;2;4;2018;12:10;5720;RUA VICENTE LOPES;RUA CHICO LEMOS;;0;;Colis?â?úo Transversal;Luz do Dia;Nublado;Seca;Y;N?â?úo H?â?í Controle;Residencial;0;0;2;1;0;0;0;0;0;0;0;0;-3,799080000000000;-38,495632000000000
322283;2;4;2018;22:15;1589;AV DES MOREIRA;RUA GAL TERTULIANO POTYGUARA;;0;;Colis?â?úo Traseira;Via Iluminada;Chuva;Molhada;Cruz;Sem?â?íforo;Comercial;0;0;2;1;1;0;0;0;0;0;0;0;-3,743130000000000;-38,500568000000000
322276;2;4;2018;09:54;11894;RUA FLAVIO LIMA;AV SGT HERMINIO SAMPAIO;;0;;Colis?â?úo Lateral;Luz do Dia;Nublado;Molhada;Cruz;Sem?â?íforo;Comercial;0;0;2;0;1;0;0;0;0;0;0;0;-3,724540000000000;-38,546460000000000
322277;2;4;2018;10:39;1656;RUA PRO DIAS DA ROCHA;RUA BENI DE CARVALHO;;0;;Colis?â?úo Transversal;Luz do Dia;Nublado;Seca;Cruz;Pare;Residencial;0;0;2;1;0;0;0;0;0;1;0;0;-3,745994000000000;-38,495024000000000
322278;2;4;2018;08:27;1462;RUA JOAO CARVALHO;RUA NUNES VALENTE;;0;;Colis?â?úo Lateral;Luz do Dia;Nublado;Molhada;Cruz;Pare;Residencial;0;1;1;1;0;0;0;0;0;1;0;0;-3,738599000000000;-38,504491000000000
322279;2;4;2018;07:45;8647;AV EDILSON B SOARES;RUA PRO SOLON FARIAS;;0;;Colis?â?úo Transversal;Luz do Dia;Nublado;Seca;Cruz;Pare;Comercial;0;1;1;1;0;0;0;0;0;1;0;0;-3,789155000000000;-38,477116000000000
322280;2;4;2018;12:39;1324;RUA DR JOSE LOURENCO;RUA TORRES CAMARA;;0;;Colis?â?úo Transversal;Luz do Dia;Bom;Seca;Cruz;Pare;Comercial;0;0;2;1;0;0;0;0;0;0;0;0;-3,735281000000000;-38,508053000000000
322273;2;4;2018;07:30;0;AV JOSE BASTOS;RUA PDE CICERO;;0;;Colis?â?úo Lateral;Luz do Dia;Bom;Seca;Meio de Quadra;N?â?úo H?â?í Controle;Comercial;0;0;3;1;0;0;0;0;0;1;0;0;-3,743803700000000;-38,544040000000000
322274;2;4;2018;07:30;0;RUA DA PAZ;;;199;;Colis?â?úo Transversal;Luz do Dia;Nublado;Molhada;Meio de Quadra;N?â?úo H?â?í Controle;Residencial;0;0;2;1;0;0;0;0;0;1;0;0;-3,724698000000000;-38,488600000000000
322284;3;4;2018;07:30;7399;RUA CEL MATOS DOURADO;RUA SILVA BAIMA;;0;;Colis?â?úo Traseira;Luz do Dia;Bom;Seca;Cruz;Pare;Comercial;0;0;2;1;0;0;0;0;0;1;0;0;-3,755234000000000;-38,583293000000000
322285;3;4;2018;09:24;10863;RUA PRO HERIBALDO COSTA;RUA PORTO VELHO;;0;;Colis?â?úo Traseira;Luz do Dia;Bom;Seca;Cruz;Sem?â?íforo;Residencial;0;1;1;1;0;0;0;0;0;1;0;0;-3,765974000000000;-38,587014000000000
322286;3;4;2018;10:54;15359;RUA VICENTE LEITE;RUA PEREIRA VALENTE;;0;;Colis?â?úo Transversal;Luz do Dia;Bom;Seca;Cruz;Pare;Comercial;0;1;1;0;0;0;0;0;0;1;0;0;-3,733201000000000;-38,494152000000000
322287;3;4;2018;10:45;5709;AV DES GONZAGA;AV OLIVEIRA PAIVA;;0;;Choque c/ Obst?â?ículo Fixo;Luz do Dia;Bom;Seca;Cruz;Sem?â?íforo;Comercial;0;1;0;1;0;0;0;0;0;0;0;0;-3,797165000000000;-38,499953000000000
322288;3;4;2018;13:53;0;RUA A CJ ARVOREDO;;;1010;;Colis?â?úo Traseira;Luz do Dia;Bom;Seca;Meio de Quadra;N?â?úo H?â?í Controle;Residencial;0;0;2;1;0;0;0;0;0;0;0;0;-3,836009500000000;-38,553050000000000
322289;3;4;2018;14:27;0;AV DUQ CAXIAS;;;689;;Colis?â?úo Traseira;Luz do Dia;Bom;Seca;Meio de Quadra;N?â?úo H?â?í Controle;Comercial;0;1;1;1;0;0;0;0;0;1;0;0;-3,731575500000000;-38,530636000000000
322290;3;4;2018;10:30;15227;AV DES MOREIRA;AV ABOLICAO;;0;;Colis?â?úo Traseira;Luz do Dia;Bom;Seca;Cruz;Sem?â?íforo;Residencial;0;1;1;0;0;0;0;0;0;1;0;0;-3,727331000000000;-38,495474000000000
322291;3;4;2018;09:00;0;AV ALM HENRIQUE SABOIA;;;505;;Colis?â?úo Traseira;Luz do Dia;Bom;Seca;Meio de Quadra;N?â?úo H?â?í Controle;Residencial;0;2;1;1;0;0;0;0;0;1;0;0;-3,751083400000000;-38,495514000000000
322292;3;4;2018;15:05;8974;AV DUQ CAXIAS;RUA EPIFANIO LEITE;;0;;Colis?â?úo Traseira;Luz do Dia;Bom;Seca;Cruz;N?â?úo H?â?í Controle;Comercial;0;0;1;1;0;0;0;0;0;0;0;0;-3,727112000000000;-38,544236000000000
322293;3;4;2018;13:45;25934;RUA CEZIDIO ALBUQUERQUE;RUA ULISSES BEZERRA;;0;;Colis?â?úo Lateral;Luz do Dia;Bom;Seca;T;Pare;Residencial;0;2;1;1;0;0;0;0;0;1;0;0;-3,799885700000000;-38,503517000000000
322294;3;4;2018;16:30;5406;RUA ANTONIO POMPEU;RUA PRC ISABEL;;0;;Colis?â?úo Transversal;Luz do Dia;Bom;Seca;Cruz;Pare;Escola;0;0;2;1;1;0;0;0;0;0;0;0;-3,732693000000000;-38,537283000000000
322295;3;4;2018;18:32;5395;RUA TEREZA CRISTINA;RUA ANTONIO POMPEU;;0;;Colis?â?úo Transversal;Via Iluminada;Bom;Seca;Cruz;Pare;Comercial;0;0;2;0;0;0;0;0;0;1;0;0;-3,732340000000000;-38,538356000000000
322296;3;4;2018;18:20;0;AV ENG HUMBERTO MONTE;;;2535;;Colis?â?úo Traseira;Via Iluminada;Bom;Seca;Meio de Quadra;N?â?úo H?â?í Controle;Comercial;0;0;2;0;0;0;0;0;0;1;0;0;-3,740239600000000;-38,568020000000000
322297;3;4;2018;17:30;0;RUA DOM SEBASTIAO LEME;RUA CARLOS RIBEIRO;;0;;Colis?â?úo Lateral;Via Iluminada;Bom;Seca;Cruz;Pare;Comercial;0;1;1;1;0;0;0;0;0;0;0;0;;
322298;3;4;2018;19:32;0;AV PERIMETRAL;BC CON CASTRO (VL. PERY);;0;;Colis?â?úo Lateral;Anoitecer;Bom;Seca;;;;0;0;2;0;1;0;0;0;0;1;0;0;-3,797450500000000;-38,585026000000000
322299;3;4;2018;20:55;1475;AV SANTOS DUMONT;RUA FONSECA LOBO;;0;;Colis?â?úo Transversal;Via Iluminada;Bom;Seca;Cruz;Pare;Comercial;0;0;2;1;1;0;0;0;0;0;0;0;-3,739062000000000;-38,489602000000000
322300;3;4;2018;19:15;9200;RUA JAIME BENEVOLO;RUA DEP JOAO PONTES;;0;;Colis?â?úo Transversal;Via Iluminada;Bom;Seca;Cruz;N?â?úo H?â?í Controle;Residencial;0;0;2;0;0;0;0;0;0;1;0;0;-3,746140000000000;-38,530076000000000
322301;3;4;2018;22:19;0;AV BEZERRA DE MENEZES;;;0;;Colis?â?úo Traseira;Via Iluminada;Bom;Seca;Meio de Quadra;Sem?â?íforo;Comercial;0;0;3;1;0;0;0;0;0;0;0;0;-3,735877800000000;-38,566350000000000
322304;3;4;2018;18:45;1373;RUA CEL LINHARES;RUA MARIA TOMASIA;;0;;Colis?â?úo Lateral;Mal Iluminada;Bom;Seca;Cruz;Pare;Residencial;0;0;2;1;0;0;0;0;0;0;0;0;-3,736485000000000;-38,494134000000000
327369;3;4;2018;08:47;0;RD BR 116;;;2000;KM-02;Colis?â?úo Traseira;Luz do Dia;;;Meio de Quadra;;;0;1;1;1;0;0;0;0;0;1;0;0;-3,771391000000000;-38,516780000000000
327372;3;4;2018;12:07;0;RD BR 222;;;0;KM-02;Atropelamento;Luz do Dia;;;Meio de Quadra;;;0;1;1;0;1;0;0;0;0;0;0;0;-3,740362400000000;-38,596996100000000
327391;3;4;2018;14:30;0;RD BR 116;;;11000;KM-11;Colis?â?úo Frontal;Luz do Dia;;;Meio de Quadra;;;0;1;1;1;0;0;0;0;0;0;0;0;-3,847160000000000;-38,497176000000000
327393;3;4;2018;16:58;0;RD BR 116;;;9000;KM-09;Choque c/ Obst?â?ículo Fixo;Luz do Dia;;;Meio de Quadra;;;0;1;1;0;0;0;1;0;0;1;0;0;-3,830837000000000;-38,504865000000000
327072;3;4;2018;19:00;9178;RUA MON LIBERATO;RUA MIN JOAQUIM BASTOS D14;;0;;Colis?â?úo;;;;T;Pare;Residencial;0;0;1;1;0;0;0;0;0;0;0;0;-3,750827000000000;-38,531661000000000
329222;3;4;2018;08:41;0;RUA PERILIO TEIXEIRA;;;1336;;Queda;Luz do Dia;;;Meio de Quadra;;;0;1;0;0;0;1;0;0;0;0;0;0;-3,753743375000000;-38,600887531000000
329217;3;4;2018;07:03;0;AV ALM HENRIQUE SABOIA;;;0;;Colis?â?úo;Luz do Dia;;;Meio de Quadra;;;0;1;0;1;0;0;0;0;0;1;0;0;;
329218;3;4;2018;07:13;0;RUA CEL MATOS DOURADO;;;264;;Colis?â?úo;Luz do Dia;;;Meio de Quadra;;;0;1;0;1;0;0;0;0;0;1;0;0;-3,741015426000000;-38,585203447000000
329219;3;4;2018;07:58;0;RUA RECANTO VERDE;;;0;;Colis?â?úo;Luz do Dia;;;;;;0;1;0;1;0;0;0;0;0;1;0;0;;
329220;3;4;2018;08:05;0;AV AGUANAMBI;;;710;;Queda;Luz do Dia;;;Meio de Quadra;;;0;1;0;0;0;0;0;0;0;1;0;0;-3,743018583000000;-38,525791472000000
329227;3;4;2018;11:14;0;AV ALBERTO CRAVEIRO;;;0;;Colis?â?úo;Luz do Dia;;;Meio de Quadra;;;0;1;0;1;0;0;0;0;0;1;0;0;;
329229;3;4;2018;12:41;0;RUA PDE PEDRO DE ALENCAR;;;144;;Atropelamento;Luz do Dia;;;Meio de Quadra;;;0;1;0;0;0;0;0;0;0;1;0;0;-3,828897923000000;-38,493632231000000
329230;3;4;2018;14:15;0;RD BR 116;;;0;;Colis?â?úo;Luz do Dia;;;Meio de Quadra;;;0;1;0;1;0;0;0;0;0;0;0;0;;
329231;3;4;2018;15:33;0;RUA STA LIDUINA D42;;;120;;Colis?â?úo;Luz do Dia;;;Meio de Quadra;;;0;1;0;0;0;0;0;0;0;0;0;0;-3,799103200000000;-38,585076400000000
329232;3;4;2018;15:33;0;AV SGT HERMINIO SAMPAIO;;;3356;;Colis?â?úo;Luz do Dia;;;Meio de Quadra;;;0;1;0;1;0;0;0;0;0;1;0;0;-3,728214000000000;-38,570702000000000
329235;3;4;2018;17:00;5395;RUA TEREZA CRISTINA;RUA ANTONIO POMPEU;;0;;Colis?â?úo;Anoitecer;;;Cruz;Pare;Comercial;0;1;0;0;0;0;1;0;0;1;0;0;-3,732340000000000;-38,538356000000000
329236;3;4;2018;17:01;0;RD BR 116;;;8000;KM-08;Colis?â?úo;Anoitecer;;;Meio de Quadra;;;0;1;0;0;0;0;1;0;0;1;0;0;-3,822018000000000;-38,503269000000000
329237;3;4;2018;17:38;0;AV PRS CASTELO BRANCO;;;0;;Colis?â?úo;Anoitecer;;;Meio de Quadra;;;0;1;0;1;0;0;0;0;0;1;0;0;;
329245;3;4;2018;19:28;0;AV GENIBAU;;;250;;Colis?â?úo;;;;Meio de Quadra;;;0;1;0;1;0;0;0;0;0;1;0;0;-3,761245727000000;-38,597592849000000
329246;3;4;2018;21:53;0;RUA COSTA ARAUJO;;;981;;Colis?â?úo;;;;Meio de Quadra;;;0;1;0;1;0;0;0;0;0;1;0;0;-3,746956800000000;-38,531065050000000
329247;3;4;2018;22:25;0;RUA JAIME BENEVOLO;;;1711;;Colis?â?úo;;;;Meio de Quadra;;;0;1;0;1;0;0;0;0;0;1;0;0;-3,747162000000000;-38,530420000000000
329191;3;4;2018;10:55;0;AV ALBERTO CRAVEIRO;AV DEP PAULINO ROCHA;;108;;Colis?â?úo;Luz do Dia;;;Meio de Quadra;;;0;2;0;1;0;0;0;0;0;1;0;0;;
318021;3;4;2018;12:09;61;RUA HUGO VITOR;AV MR HULL;;0;;Colis?â?úo;Luz do Dia;;;T;Pare;Residencial;1;0;1;0;1;1;0;0;0;0;0;0;-3,739677000000000;-38,591639000000000
329224;3;4;2018;08:46;0;RD BR 116;;;3000;KM-03;Colis?â?úo;Luz do Dia;;;Meio de Quadra;;;0;1;0;0;0;0;0;0;0;1;0;0;-3,779838000000000;-38,514372000000000
329225;3;4;2018;08:51;0;AV ALM HENRIQUE SABOIA;;;0;;Colis?â?úo;Luz do Dia;;;Meio de Quadra;;;0;1;0;1;0;0;0;0;0;1;0;0;;
329241;3;4;2018;18:24;0;RUA JOSE MENDONCA;;;1047;;Colis?â?úo;Anoitecer;;;Meio de Quadra;;;0;1;0;1;0;0;0;0;0;1;0;0;-3,754570068000000;-38,601710764000000