COD_ACIDENTE;DIA;MES;ANO;HORA;INTERSECAO;LOG1;LOG2;LOG3;NUMERO;REFERENCIA;NATUREZA;ILUMINACAO;TEMPO;SUPERFICIEPISTA;TIPOCRUZAMENTO;CONTROLETRAFEGO;USOSOLO;MORTOS;FERIDOS;ILESOS;AUTOMOVEL;ONIBUS;BICICLETA;CAMINHAO;MICROONIBUS;CICLOMOTOR;MOTOCICLETA;TRACAOANIMAL;TREM;LATITUDE;LONGITUDE
326839;3;4;2018;22:40;0;RUA GETULIO VARGAS;RUA ANTONIO MONTEIRO;;1303;;Colis?â?úo Lateral;Via Iluminada;Bom;Seca;;;;0;0;2;1;0;0;0;0;0;1;0;0;-3,816873000000000;-38,594853000000000
326841;3;4;2018;06:57;12818;RUA ALBERTO MAGNO;RUA ANDRE CHAVES;;0;;Colis?â?úo Lateral;Luz do Dia;Bom;Seca;Cruz;Pare;Comercial;0;1;1;0;0;0;0;0;0;1;0;0;-3,756035000000000;-38,542230000000000
326837;3;4;2018;21:07;10772;RUA PRO HERIBALDO COSTA;RUA FLORIANOPOLIS;;0;;Colis?â?úo Lateral;Via Iluminada;Bom;Seca;Cruz;Pare;Residencial;0;0;2;1;0;0;0;0;0;0;0;0;-3,762010000000000;-38,584913000000000
326842;4;4;2018;16:45;5146;RUA GUILHERME ROCHA;RUA PRC ISABEL;;0;;Colis?â?úo Frontal;Luz do Dia;Bom;Seca;Cruz;Pare;Residencial;0;0;2;1;0;0;0;0;0;0;0;0;-3,724720000000000;-38,534931000000000
329253;4;4;2018;07:14;0;AV SGT HERMINIO SAMPAIO;;;2148;;Colis?â?úo;Luz do Dia;;;Meio de Quadra;;;0;1;0;1;0;0;0;0;0;1;0;0;-3,726180500000000;-38,559423500000000
329267;4;4;2018;09:33;0;AV SGT HERMINIO SAMPAIO;;;4200;;Colis?â?úo;Luz do Dia;;;Meio de Quadra;;;0;1;0;0;0;0;1;0;0;1;0;0;-3,730841000000000;-38,577549000000000
329259;4;4;2018;07:41;0;AV SGT HERMINIO SAMPAIO;;;2148;;Colis?â?úo;Luz do Dia;;;Meio de Quadra;;;0;1;0;1;0;0;0;0;0;1;0;0;-3,726180500000000;-38,559423500000000
329275;4;4;2018;11:14;0;RUA SAO ROQUE;;;34;;Colis?â?úo;Luz do Dia;;;Meio de Quadra;;;0;1;0;1;0;0;0;0;0;1;0;0;-3,716022900000000;-38,570963300000000
329270;4;4;2018;09:38;0;AV DR JOAO MACIEL FILHO;;;446;;Queda;Luz do Dia;;;Meio de Quadra;;;0;1;0;0;0;0;0;0;0;1;0;0;-3,786832290000000;-38,495921387000000
329271;4;4;2018;10:07;0;RUA ALUISIO AZEVEDO;;;333;;Queda;Luz do Dia;;;Meio de Quadra;;;0;1;0;0;0;0;0;0;0;1;0;0;-3,771975000000000;-38,575842000000000
329282;4;4;2018;11:17;0;AV SGT HERMINIO SAMPAIO;;;3342;;Colis?â?úo;Luz do Dia;;;Meio de Quadra;;;0;1;0;1;0;0;0;0;0;1;0;0;-3,728096000000000;-38,570340000000000
329283;4;4;2018;11:18;0;RUA VALPARAISO;;;603;;Colis?â?úo;Luz do Dia;;;Meio de Quadra;;;0;1;0;0;0;0;0;0;0;1;0;0;-3,844256490000000;-38,525722598000000
329284;4;4;2018;11:46;0;AV SANTOS DUMONT;;;5010;;Colis?â?úo;Luz do Dia;;;Meio de Quadra;;;0;1;0;0;0;0;0;0;0;0;0;0;-3,739897563000000;-38,487012625000000
329286;4;4;2018;13:10;0;RUA ALUISIO AZEVEDO;;;246;;Colis?â?úo;Luz do Dia;;;Meio de Quadra;;;0;1;0;1;0;0;0;0;0;1;0;0;-3,772283600000000;-38,575272400000000
329288;4;4;2018;14:10;25888;AV JOAO PESSOA;RUA 15 DE NOVEMBRO;;0;;Queda;Luz do Dia;;;T;N?â?úo H?â?í Controle;Escola;0;1;0;0;0;0;0;0;0;1;0;0;-3,767432000000000;-38,559885000000000
329289;4;4;2018;15:09;0;RUA FREDERICO SEVERO;;;2931;;Atropelamento;Luz do Dia;;;Meio de Quadra;;;0;1;0;1;0;0;0;0;0;0;0;0;;
329290;4;4;2018;15:21;0;RUA SALVADOR CORREIA SA;;;1296;;Atropelamento;Luz do Dia;;;Meio de Quadra;;;0;1;0;0;0;0;0;0;0;0;0;0;-3,799730000000000;-38,474510000000000
329308;4;4;2018;17:25;0;RUA GRACA ARANHA;;;491;;Colis?â?úo;Anoitecer;;;Meio de Quadra;;;0;1;0;1;0;0;0;0;0;1;0;0;-3,708963000000000;-38,573420000000000
329309;4;4;2018;17:32;0;AV DIOGUINHO;;;1457;;Atropelamento;Anoitecer;;;Meio de Quadra;;;0;1;0;0;0;0;0;0;0;0;0;0;;
329310;4;4;2018;17:44;0;AV 13 DE MAIO;;;0;;Colis?â?úo;Anoitecer;;;Meio de Quadra;;;0;1;0;0;0;0;0;0;0;0;0;0;;
329311;4;4;2018;18:04;0;AV ALM HENRIQUE SABOIA;;;200;;Queda;Anoitecer;;;Meio de Quadra;;;0;1;0;0;0;0;0;0;0;1;0;0;-3,724543000000000;-38,480498500000000
329312;4;4;2018;19:30;5178;RUA PDE MORORO;RUA LIBERATO BARROSO;;0;;Colis?â?úo;Luz do Dia;;;Cruz;N?â?úo H?â?í Controle;Residencial;0;1;0;0;0;0;0;0;0;0;0;0;-3,725509000000000;-38,537495000000000
329313;4;4;2018;21:26;0;AV DEP PAULINO ROCHA;;;0;;Atropelamento;;;;Meio de Quadra;;;0;1;0;1;0;0;0;0;0;0;0;0;;
329261;4;4;2018;00:12;25126;AV ENG LEAL LIMA VERDE (SAPIRANGA/COITE);RUA CEL OLEGARIO MEMORIA;;0;;Atropelamento;;;;Cruz;Pare;Residencial;0;1;0;1;0;0;0;0;0;0;0;0;-3,791606000000000;-38,476046000000000
329248;4;4;2018;05:34;14682;AV OLIVEIRA PAIVA;RUA JUNIOR ROCHA;;0;;Colis?â?úo;Amanhecer;;;;;;0;1;0;1;0;0;1;0;0;0;0;0;-3,796189000000000;-38,488224000000000
329249;4;4;2018;06:23;0;RD BR 116;;;0;;Colis?â?úo;Luz do Dia;;;Meio de Quadra;;;0;1;0;0;0;0;0;0;0;0;0;0;;
329250;4;4;2018;07:00;0;AV PRO GOMES DE MATOS;;;896;;Colis?â?úo;Luz do Dia;;;Meio de Quadra;;;0;1;0;1;0;0;0;0;0;1;0;0;-3,760768000000000;-38,545294000000000
329251;4;4;2018;07:13;0;AV SANTOS DUMONT;;;4005;;Queda;Luz do Dia;;;Meio de Quadra;;;0;1;0;0;0;0;0;0;0;1;0;0;-3,739432000000000;-38,488460000000000
327394;4;4;2018;06:20;0;RD BR 116;;;7000;KM-07;Colis?â?úo Traseira;Luz do Dia;;;Meio de Quadra;;;0;2;0;0;0;1;0;0;0;1;0;0;-3,786276359000000;-38,511561398000000
327468;4;4;2018;15:45;13271;RUA 45 CJ JOSE WALTER;RUA 62 CJ JOSE WALTER;;0;;Colis?â?úo;Luz do Dia;;;;;;0;0;1;0;1;0;0;0;0;0;0;0;-3,837426000000000;-38,558500000000000
327469;4;4;2018;09:50;19442;AV GODOFREDO MACIEL;RUA GERMANO FRANCK;;0;;Colis?â?úo;Luz do Dia;;;;;;0;0;1;1;0;0;0;0;0;1;0;0;-3,779532000000000;-38,564715000000000
327554;4;4;2018;07:15;0;AV SEN CARLOS JEREISSATI (AEROPORTO);;;0;KM 01;Colis?â?úo;Luz do Dia;;Molhada;Meio de Quadra;;;0;0;2;1;0;0;1;0;0;0;0;0;-3,783753000000000;-38,526850000000000
327548;4;4;2018;08:05;0;AV SEN CARLOS JEREISSATI (AEROPORTO);;;0;KM 01;Colis?â?úo;Luz do Dia;;Molhada;Meio de Quadra;;;0;0;2;1;0;0;0;0;0;0;0;0;-3,783753000000000;-38,526850000000000
322305;4;4;2018;08:35;15225;RUA TEN BENEVOLO;RUA ILDEFONSO ALBANO;;0;;Colis?â?úo Transversal;Luz do Dia;Nublado;Molhada;Cruz;Pare;Comercial;0;0;2;1;0;0;0;0;0;0;0;0;-3,727294000000000;-38,511332000000000
322306;4;4;2018;09:39;10819;RUA PRO HERIBALDO COSTA;RUA GOIANIA;;0;;Colis?â?úo Lateral;Luz do Dia;Bom;Seca;Cruz;Pare;Comercial;0;1;1;0;0;0;0;0;0;1;0;0;-3,763983000000000;-38,585962000000000
322307;4;4;2018;15:13;0;AV BEZERRA DE MENEZES;;;950;;Colis?â?úo Lateral;Luz do Dia;Bom;Seca;Meio de Quadra;Pare;Comercial;0;1;2;1;0;0;0;0;0;1;0;0;-3,733163400000000;-38,553104000000000
322308;4;4;2018;18:41;0;AV 13 DE MAIO;;;1654;;Colis?â?úo Traseira;Via Iluminada;Bom;Seca;Meio de Quadra;N?â?úo H?â?í Controle;Comercial;0;0;5;1;0;0;0;0;0;0;0;0;-3,746306000000000;-38,532970000000000
322309;4;4;2018;18:45;0;AV ALM HENRIQUE SABOIA;;;96;;Colis?â?úo Lateral;Mal Iluminada;Bom;Seca;Meio de Quadra;N?â?úo H?â?í Controle;Comercial;0;0;2;1;0;0;0;0;0;0;0;0;-3,739104500000000;-38,487045000000000
322310;4;4;2018;19:32;0;AV CASTELO DE CASTRO;;;784;;Colis?â?úo Transversal;Anoitecer;Bom;Seca;Outros;N?â?úo H?â?í Controle;Comercial;0;0;2;1;0;0;0;0;0;1;0;0;-3,836604800000000;-38,521660000000000
322311;4;4;2018;19:39;1462;RUA NUNES VALENTE;RUA JOAO CARVALHO;;0;;Colis?â?úo Lateral;Via Iluminada;Bom;Seca;Cruz;N?â?úo H?â?í Controle;Residencial;0;0;2;1;0;0;0;0;0;0;0;0;-3,738599000000000;-38,504491000000000
322313;4;4;2018;08:30;0;RUA PDE CICERO;;;51;;Colis?â?úo Traseira;Luz do Dia;Bom;Seca;Meio de Quadra;Sem?â?íforo;Comercial;0;0;2;1;0;0;0;0;0;0;0;0;-3,745233500000000;-38,544040000000000
322302;4;4;2018;06:30;25614;AV MOZART PINHEIRO DE LUCENA;RUA DNA LUCIA PINHEIRO (QUINTINO CUNHA);;0;;N?â?úo Informado;Luz do Dia;Chuva;Molhada;Cruz;Sem?â?íforo;Comercial;0;0;2;1;0;0;0;0;0;0;0;0;-3,731603000000000;-38,599423000000000
322303;4;4;2018;07:30;21395;RUA MAL LOTT;RUA CON BRAVEZA;;0;;Colis?â?úo Transversal;Luz do Dia;Nublado;Molhada;Cruz;Pare;Residencial;0;1;1;1;0;0;0;0;0;1;0;0;-3,801369000000000;-38,496240000000000
322324;4;4;2018;18:38;19957;RUA STA QUITERIA;AV LUCIANO CARNEIRO;;0;;Colis?â?úo Lateral;Mal Iluminada;Bom;Seca;T;Sem?â?íforo;Comercial;0;1;1;0;0;0;0;0;0;1;0;0;-3,760537000000000;-38,535339000000000
322314;5;4;2018;08:49;2356;RUA SEN ROBERT KENNEDY;RUA ESTEVAO DE CAMPOS;;0;;Colis?â?úo Transversal;Luz do Dia;Bom;Seca;Cruz;Pare;Residencial;0;0;2;1;0;0;0;0;0;1;0;0;-3,705131000000000;-38,579516000000000
322315;5;4;2018;08:30;13368;RUA J DA PENHA;RUA JOAO BRIGIDO;;950;;Colis?â?úo Lateral;Luz do Dia;Bom;Seca;Cruz;Pare;Comercial;0;0;1;1;0;1;0;0;0;0;0;0;-3,738925000000000;-38,521117000000000
322316;5;4;2018;10:25;24962;RUA OSORIO PALMELLA;AV ALM HENRIQUE SABOIA;;0;;Colis?â?úo Traseira;Luz do Dia;Bom;Seca;T;Pare;Comercial;0;0;2;1;0;0;0;0;0;0;0;0;-3,736980000000000;-38,485767000000000
322317;5;4;2018;15:55;13408;AV ANTONIO SALES;RUA BAR ARACATI;;0;;Colis?â?úo Transversal;Luz do Dia;Bom;Seca;Cruz;Pare;Comercial;0;0;3;1;0;0;0;0;0;0;0;0;-3,741563000000000;-38,514894000000000
322318;5;4;2018;15:30;5331;AV SANTOS DUMONT;RUA GONCALVES LEDO;;0;;Colis?â?úo Lateral;Luz do Dia;Bom;Seca;Cruz;Pare;Comercial;0;0;2;1;0;0;0;0;0;0;0;0;-3,730535000000000;-38,515848000000000
322319;5;4;2018;15:55;5331;RUA GONCALVES LEDO;AV SANTOS DUMONT;;0;;Colis?â?úo Lateral;Luz do Dia;Bom;Seca;Cruz;Pare;Comercial;0;1;1;0;0;0;0;0;0;1;0;0;-3,730535000000000;-38,515848000000000
322320;5;4;2018;17:34;8947;RUA GAL CLARINDO DE QUEIROZ;RUA EURICO FACO;;0;;Colis?â?úo Transversal;Luz do Dia;Bom;Seca;Cruz;Pare;Residencial;0;1;2;1;0;0;0;0;0;0;0;0;-3,729201000000000;-38,541099000000000
322321;5;4;2018;19:21;22005;RUA FRANCISCA CLOTILDE;RUA JOAO SORONGO;;0;;Colis?â?úo Frontal;Anoitecer;Bom;Seca;T;N?â?úo H?â?í Controle;Residencial;0;1;1;1;0;0;0;0;0;1;0;0;-3,742561000000000;-38,552756000000000
322322;5;4;2018;20:13;0;AV DR THEBERGE;;;2150;;Colis?â?úo Frontal;Via Iluminada;Bom;Seca;Meio de Quadra;N?â?úo H?â?í Controle;Comercial;0;0;2;1;0;0;0;0;0;1;0;0;-3,719265700000000;-38,566550000000000
322323;5;4;2018;20:19;23475;RUA HERMINIO BARROSO;RUA CRUZ ABREU;;0;;Colis?â?úo Transversal;Via Iluminada;Bom;Seca;Cruz;Pare;Comercial;0;1;1;1;0;0;0;0;0;1;0;0;-3,757764000000000;-38,510917000000000
327556;5;4;2018;16:30;0;RD CE-040;;;0;KM-01;Colis?â?úo;Luz do Dia;;Seca;Meio de Quadra;;;0;0;2;1;0;0;0;0;0;0;0;0;-3,764650449000000;-38,482583040000000
327557;5;4;2018;20:20;0;RD CE-060;;;0;KM-03;Colis?â?úo;Mal Iluminada;;Seca;Meio de Quadra;;;0;0;2;1;0;0;0;0;0;1;0;0;-3,843038000000000;-38,585133000000000
327396;5;4;2018;17:00;0;AV MR HULL;;;429;;Tombamento;Anoitecer;;;Meio de Quadra;;;0;1;0;0;0;0;0;0;0;1;0;0;;
315294;5;4;2018;01:40;0;RUA FIS VIEIRA;;;4058;;Queda;Via Iluminada;Bom;Seca;Meio de Quadra;Pare;Residencial;1;0;0;0;0;0;0;0;0;1;0;0;-3,757044600000000;-38,515247000000000
329331;5;4;2018;16:22;0;RD BR 116;;;0;;Colis?â?úo;Luz do Dia;;;Meio de Quadra;;;0;2;0;1;0;0;0;0;0;1;0;0;;
329332;5;4;2018;19:30;0;RUA ARTUR DE CARVALHO;;;318;;Colis?â?úo;;;;Meio de Quadra;;;0;1;0;0;0;0;0;0;0;0;0;0;-3,762213470000000;-38,535088912000000
329333;5;4;2018;19:48;0;AV DR THEBERGE;;;2150;;Colis?â?úo;;;;Meio de Quadra;;;0;1;0;1;0;0;0;0;0;1;0;0;-3,719218000000000;-38,566456000000000
329334;5;4;2018;20:51;0;RUA ALBERTO MONTEZUMA;;;474;;Colis?â?úo;;;;Meio de Quadra;;;0;1;0;1;0;0;0;0;0;1;0;0;-3,767446150000000;-38,533837700000000
329335;5;4;2018;22:07;0;AV SEN VIRGILIO TAVORA;;;2590;;Queda;;;;Meio de Quadra;;;0;1;0;0;0;0;0;0;0;1;0;0;-3,749225000000000;-38,497121000000000
329336;5;4;2018;22:22;0;AV PRS CASTELO BRANCO;;;0;;Colis?â?úo;;;;Meio de Quadra;;;0;1;0;1;0;0;0;0;0;1;0;0;;
329327;5;4;2018;17:30;0;RUA BARRA NOVA;;;897;;Colis?â?úo;Anoitecer;;;Meio de Quadra;;;0;1;0;1;0;0;0;0;0;1;0;0;-3,783692250000000;-38,505402500000000
329328;5;4;2018;17:38;12837;AV DOMINGOS OLIMPIO;RUA JAIME BENEVOLO;;0;;Atropelamento;Anoitecer;;;Cruz;Sem?â?íforo;Comercial;0;1;0;0;0;1;0;0;0;0;0;0;-3,737780000000000;-38,527245000000000
329329;5;4;2018;18:18;0;RUA HELVECIO MONTE;;;2810;;Queda;Anoitecer;;;Meio de Quadra;;;0;2;0;0;0;0;0;0;0;1;0;0;-3,767340000000000;-38,533290000000000
329359;5;4;2018;23:12;1654;AV SEN VIRGILIO TAVORA;RUA BENI DE CARVALHO;;0;;Colis?â?úo;;;;Cruz;Sem?â?íforo;Comercial;0;1;0;1;0;0;0;0;0;1;0;0;-3,745678000000000;-38,495995000000000
329314;5;4;2018;00:44;0;RUA PDE PEDRO DE ALENCAR;;;1620;;Colis?â?úo;;;;Meio de Quadra;;;0;1;0;1;0;0;0;0;0;1;0;0;-3,842251000000000;-38,494322000000000
329315;5;4;2018;01:06;0;RUA FIS VIEIRA;;;4058;;Queda;;;;Meio de Quadra;;;0;1;0;0;0;0;0;0;0;1;0;0;-3,757341000000000;-38,515176000000000
329316;5;4;2018;07:27;16796;RUA PLANALTINA (PL AYRTON SENNA);RUA APOCALIPSE (MONDUBIM);;0;;Colis?â?úo;Luz do Dia;;;Cruz;;Residencial;0;1;0;1;0;0;0;0;0;1;0;0;;
329317;5;4;2018;;0;RUA DR THOMPSON BULCAO;;;425;;Atropelamento;;;;Meio de Quadra;;;0;1;0;1;0;0;0;0;0;0;0;0;-3,769646500000000;-38,493138700000000
329318;5;4;2018;09:03;13368;RUA JOAO BRIGIDO;RUA J DA PENHA;;0;;Colis?â?úo;Luz do Dia;;;Cruz;Pare;Comercial;0;1;0;1;0;1;0;0;0;0;0;0;-3,738925000000000;-38,521117000000000
329319;5;4;2018;11:14;0;RUA 103 CJ SAO CRISTOVAO;;;0;;Colis?â?úo;Luz do Dia;;;Meio de Quadra;;;0;1;0;0;0;0;0;0;0;1;0;0;;
329320;5;4;2018;11:17;0;RUA CAP HUGO BEZERRA;;;75;;Atropelamento;Luz do Dia;;;Meio de Quadra;;;0;1;0;0;0;0;0;0;0;1;0;0;-3,821251667000000;-38,503783333000000
329321;5;4;2018;11:25;0;RUA JAQUELINE;;;636;;Atropelamento;Luz do Dia;;;Meio de Quadra;;;0;1;0;0;0;0;0;0;0;1;0;0;;
329322;5;4;2018;11:53;0;RUA GUSTAVO SAMPAIO;;;430;;Colis?â?úo;Luz do Dia;;;Meio de Quadra;;;0;1;0;1;0;0;0;0;0;1;0;0;-3,733639000000000;-38,548657000000000
329323;5;4;2018;12:18;0;RUA PEREIRA VALENTE;;;1655;;Queda;Luz do Dia;;;Meio de Quadra;;;0;1;0;0;0;0;0;0;0;1;0;0;-3,734560000000000;-38,485470000000000
329324;5;4;2018;12:57;0;AV JULIO VENTURA;RUA JOSE VILAR;;101;;Colis?â?úo;Luz do Dia;;;Meio de Quadra;;;0;1;0;0;0;0;0;0;0;1;0;0;-3,739640000000000;-38,507100000000000
329325;5;4;2018;15:58;5331;AV SANTOS DUMONT;RUA GONCALVES LEDO;;0;;Colis?â?úo;Luz do Dia;;;Cruz;Pare;Comercial;0;1;0;1;0;0;0;0;0;1;0;0;-3,730535000000000;-38,515848000000000
326843;5;4;2018;15:30;0;AV AUGUSTO DOS ANJOS;;;1126;;Colis?â?úo;Luz do Dia;Bom;Seca;Meio de Quadra;Sem?â?íforo;Residencial;0;0;2;1;0;0;1;0;0;0;0;0;-3,776897889000000;-38,576296148000000
326844;6;4;2018;20:00;0;AV CONTORNO SUL;;;756;;Colis?â?úo Traseira;Via Iluminada;Bom;Seca;Outros;Outros;Residencial;0;1;2;1;0;0;0;0;0;1;0;0;-3,814335100000000;-38,590986800000000
326949;6;4;2018;15:30;0;AV GAL OSORIO DE PAIVA;;;0;;Colis?â?úo Traseira;Luz do Dia;;;Meio de Quadra;;;0;1;1;1;0;0;0;0;0;1;0;0;;
329360;6;4;2018;06:09;0;AV DOMINGOS OLIMPIO;;;0;;Queda;Luz do Dia;;;Meio de Quadra;;;0;1;0;0;0;0;0;0;0;1;0;0;;
329361;6;4;2018;06:12;0;AV DR SILAS MUNGUBA;;;2691;;Atropelamento;Luz do Dia;;;Meio de Quadra;;;0;1;0;1;0;0;0;0;0;0;0;0;-3,786661000000000;-38,549666000000000
329362;6;4;2018;06:30;0;AV GAL OSORIO DE PAIVA;;;5081;;Queda;Luz do Dia;;;Meio de Quadra;;;0;1;0;0;0;0;0;0;0;1;0;0;-3,802827000000000;-38,600217000000000
329363;6;4;2018;06:34;0;RUA CIDADE ECOLOGICA;;;55;;Queda;Luz do Dia;;;Meio de Quadra;;;0;1;0;0;0;1;0;0;0;0;0;0;;
329364;6;4;2018;06:55;10863;RUA PRO HERIBALDO COSTA;RUA PORTO VELHO;;0;;Queda;Luz do Dia;;;Cruz;Sem?â?íforo;Residencial;0;1;0;0;0;0;0;0;0;1;0;0;-3,765974000000000;-38,587014000000000
329365;6;4;2018;09:21;0;RUA LICURGO MONTENEGRO;;;196;;Colis?â?úo;Luz do Dia;;;Meio de Quadra;;;0;1;0;0;0;0;0;0;0;1;0;0;-3,735401300000000;-38,577459700000000
329366;6;4;2018;10:05;0;AV SEN FERNANDES TAVORA;;;0;;Queda;Luz do Dia;;;Meio de Quadra;;;0;1;0;0;0;0;0;0;0;1;0;0;;
329367;6;4;2018;12:08;5323;RUA ASSUNCAO;RUA PEDRO PEREIRA;;0;;Atropelamento;Luz do Dia;;;Cruz;Pare;Comercial;0;1;0;1;0;0;0;0;0;0;0;0;-3,730116000000000;-38,527197000000000
329368;6;4;2018;13:38;0;RUA ENG JOAO NOGUEIRA;;;356;;Queda;Luz do Dia;;;Meio de Quadra;;;0;1;0;0;0;0;0;0;0;1;0;0;-3,712750000000000;-38,559740000000000
329369;6;4;2018;16:00;0;RUA FRANCISCO XAVIER;;;0;;Colis?â?úo;Luz do Dia;;;Meio de Quadra;;;0;1;0;1;0;0;0;0;0;1;0;0;;
329370;6;4;2018;17:35;0;RUA EMILIO DE MENESES;;;1372;;Atropelamento;Anoitecer;;;Meio de Quadra;;;0;1;0;0;0;0;1;0;0;0;0;0;-3,779977000000000;-38,593709500000000
329371;6;4;2018;18:09;8934;AV DOMINGOS OLIMPIO;RUA PDE MORORO;;0;;Colis?â?úo;Anoitecer;;;Cruz;Sem?â?íforo;Residencial;0;1;0;1;0;0;0;0;0;1;0;0;-3,733752000000000;-38,539949000000000
329372;6;4;2018;18:35;0;RUA CAP GUTEMBERG;;;756;;Atropelamento;;;;Meio de Quadra;;;0;1;0;1;0;0;0;0;0;0;0;0;-3,790200000000000;-38,507220000000000
329373;6;4;2018;19:24;0;AV PRS COSTA E SILVA;;;0;;Colis?â?úo;;;;Meio de Quadra;;;0;1;0;1;0;0;0;0;0;1;0;0;;
329375;6;4;2018;20:17;0;RUA ALBERTO MAGNO;;;520;;Atropelamento;;;;Meio de Quadra;;;0;1;0;1;0;0;0;0;0;0;0;0;-3,760372429000000;-38,546046286000000
329376;6;4;2018;22:43;0;AV BENJAMIM BRASIL;;;0;;Colis?â?úo;;;;Meio de Quadra;;;0;1;0;0;0;0;0;0;0;1;0;0;;
329377;6;4;2018;23:29;0;AV CEL CARVALHO;;;2800;;Colis?â?úo;;;;Meio de Quadra;;;0;1;0;1;0;0;0;0;0;1;0;0;-3,704052000000000;-38,591521600000000
329519;6;4;2018;07:09;0;AV GODOFREDO MACIEL;;;0;;Colis?â?úo;Luz do Dia;;;Meio de Quadra;;;0;1;0;1;0;0;0;0;0;1;0;0;;
327397;6;4;2018;06:30;0;AV MR HULL;;;430;;Colis?â?úo Traseira;Luz do Dia;;;Meio de Quadra;;;0;1;1;0;0;0;1;0;0;1;0;0;;
327398;6;4;2018;06:45;0;AV MR HULL;;;428;;Engavetamento;Luz do Dia;;;Meio de Quadra;;;0;0;4;1;0;0;0;0;0;0;0;0;;
327559;6;4;2018;18:15;0;RD CE-040;;;0;KM-08;Colis?â?úo;Anoitecer;;Seca;Meio de Quadra;;;0;1;1;1;0;0;0;0;1;0;0;0;-3,825515822000000;-38,481538320000000
322325;6;4;2018;00:35;1654;RUA BENI DE CARVALHO;AV SEN VIRGILIO TAVORA;;0;;Capotamento;Via Iluminada;Bom;Seca;Cruz;Sem?â?íforo;Comercial;0;1;1;1;0;0;0;0;0;0;0;0;-3,745678000000000;-38,495995000000000
322326;6;4;2018;05:25;7641;RUA PERNAMBUCO;RUA GUANABARA;;0;;Colis?â?úo Lateral;Amanhecer;Nublado;Molhada;Cruz;Pare;Residencial;0;1;1;0;1;0;0;0;0;1;0;0;-3,758836000000000;-38,570243000000000
322327;6;4;2018;07:30;14343;AV PRS CASTELO BRANCO;RUA PDE MORORO;;0;;Colis?â?úo Traseira;Luz do Dia;Bom;Seca;T;Sem?â?íforo;Escola;0;1;1;1;0;0;0;0;0;1;0;0;-3,718179000000000;-38,535277000000000
322328;6;4;2018;10:00;5051;RUA SEN JAGUARIBE;RUA SEN POMPEU;;0;;Colis?â?úo Lateral;Luz do Dia;Chuva;Molhada;Cruz;Pare;Comercial;0;1;0;0;0;0;0;0;0;1;0;0;-3,721667000000000;-38,528055000000000
322329;6;4;2018;13:44;3790;AV 13 DE MAIO;RUA NOSSA SRA REMEDIOS;;0;;Colis?â?úo Lateral;Luz do Dia;Bom;Seca;T;Pare;Comercial;0;0;2;1;0;0;0;0;0;1;0;0;-3,742046000000000;-38,537836000000000
322330;6;4;2018;15:43;0;RUA CARLOS VASCONCELOS;;;977;;Colis?â?úo Lateral;Luz do Dia;Bom;Seca;Meio de Quadra;Sem?â?íforo;Comercial;0;0;2;1;0;0;0;0;0;0;0;0;-3,730427300000000;-38,509953000000000
322332;6;4;2018;14:20;0;AV CONTORNO (CASTEL?âãÆO);RUA M ESPLANADA CASTELAO;;0;;Colis?â?úo Lateral;Luz do Dia;Bom;Seca;T;N?â?úo H?â?í Controle;Residencial;0;1;1;0;1;0;0;0;0;1;0;0;-3,809094400000000;-38,520350000000000
322333;6;4;2018;17:30;19743;RUA AZEVEDO BOLAO;RUA PRO LINO ENCARNACAO;;0;;Colis?â?úo Transversal;Anoitecer;Bom;Seca;Cruz;Pare;Residencial;0;0;2;1;0;0;0;0;0;1;0;0;-3,737419000000000;-38,561430000000000
322338;6;4;2018;08:33;0;RUA PDE PEDRO DE ALENCAR;;;1841;;Colis?â?úo Lateral;Luz do Dia;Bom;Molhada;Meio de Quadra;N?â?úo H?â?í Controle;Comercial;0;1;1;1;0;0;0;0;0;1;0;0;-3,848985400000000;-38,494984000000000
322339;6;4;2018;09:03;15743;RUA MANUEL ARRUDA;RUA HERBENE;;0;;Colis?â?úo Transversal;Luz do Dia;Bom;Seca;Cruz;Pare;Comercial;0;2;0;1;1;0;0;0;0;0;0;0;-3,828948000000000;-38,504019000000000
322447;6;4;2018;19:30;7862;AV ANTONIO SALES;RUA PRO DIAS DA ROCHA;;0;;Colis?â?úo Transversal;Via Iluminada;Bom;Seca;Cruz;Pare;Comercial;0;0;2;1;0;0;0;0;0;0;0;0;-3,747586000000000;-38,495535000000000
322387;6;4;2018;21:38;9155;AV LUCIANO CARNEIRO;AV EDUARDO GIRAO;;0;;Colis?â?úo Traseira;Mal Iluminada;Bom;Seca;Meio de Quadra;Sem?â?íforo;Escola;0;0;2;1;0;0;0;0;0;0;0;0;-3,752275000000000;-38,532811000000000
322340;7;4;2018;10:26;0;RUA PRO HERIBALDO COSTA;;;1692;;Colis?â?úo Traseira;Luz do Dia;Bom;Seca;Meio de Quadra;Sem?â?íforo;Comercial;0;0;1;0;0;0;0;0;0;1;0;0;-3,766501200000000;-38,587320000000000
322341;7;4;2018;14:17;12817;AV PRO GOMES DE MATOS;RUA DELMIRO FARIAS;;0;;N?â?úo Informado;Luz do Dia;Bom;Seca;T;Pare;Comercial;0;1;1;1;0;1;0;0;0;0;0;0;-3,755817000000000;-38,541034000000000