COD_ACIDENTE;DIA;MES;ANO;HORA;INTERSECAO;LOG1;LOG2;LOG3;NUMERO;REFERENCIA;NATUREZA;ILUMINACAO;TEMPO;SUPERFICIEPISTA;TIPOCRUZAMENTO;CONTROLETRAFEGO;USOSOLO;MORTOS;FERIDOS;ILESOS;AUTOMOVEL;ONIBUS;BICICLETA;CAMINHAO;MICROONIBUS;CICLOMOTOR;MOTOCICLETA;TRACAOANIMAL;TREM;LATITUDE;LONGITUDE
322342;7;4;2018;16:03;11630;RUA PRO HERIBALDO COSTA;RUA BOA VISTA;;0;;N?â?úo Informado;Luz do Dia;Bom;Seca;Cruz;Pare;Comercial;0;0;1;1;0;0;0;0;0;1;0;0;-3,767974000000000;-38,588035000000000
322343;7;4;2018;21:34;0;RUA PERDIGAO DE OLIVEIRA;;;280;;Colis?â?úo Lateral;Via Iluminada;Bom;Seca;Meio de Quadra;N?â?úo H?â?í Controle;Residencial;0;0;2;1;0;0;0;0;0;0;0;0;-3,776763000000000;-38,571920000000000
322334;7;4;2018;01:04;16023;AV BENJAMIM BRASIL;RUA JOAQUIM JERONIMO;;0;;Colis?â?úo Transversal;Via Iluminada;Bom;Seca;Cruz;Pare;Residencial;0;0;1;1;0;0;0;0;0;0;0;0;-3,805487000000000;-38,565006000000000
322335;7;4;2018;01:49;17013;RUA COSME JERONIMO;RUA MARIA GOMES DE SA;;0;;Colis?â?úo Transversal;Via Iluminada;Bom;Seca;Y;Sem?â?íforo;Residencial;0;0;2;1;0;0;0;0;0;1;0;0;-3,821854000000000;-38,585268000000000
322336;7;4;2018;04:59;0;AV ENG HUMBERTO MONTE;;;2810;;Choque c/ Obst?â?ículo Fixo;Via Iluminada;Nublado;Molhada;Meio de Quadra;N?â?úo H?â?í Controle;Comercial;0;0;1;1;0;0;0;0;0;0;0;0;-3,738759800000000;-38,569080000000000
322337;7;4;2018;08:27;7479;AV ALBERTO CRAVEIRO;RUA PEDRO DANTAS;;0;;Colis?â?úo Lateral;Luz do Dia;Bom;Seca;Cruz;Sem?â?íforo;Comercial;0;0;1;1;0;0;0;0;0;0;0;0;-3,786753000000000;-38,517220000000000
329388;7;4;2018;14:33;0;RUA BOA VISTA;;;222;;Colis?â?úo;Luz do Dia;;;Meio de Quadra;;;0;1;0;1;0;0;0;0;0;1;0;0;-3,770496394000000;-38,583322485000000
329402;7;4;2018;18:17;0;RUA JOSE MESSIAS MATOS;;;226;;Colis?â?úo;Anoitecer;;;Meio de Quadra;;;0;1;0;0;0;0;0;0;0;0;0;0;-3,795367063000000;-38,516329392000000
329434;7;4;2018;20:37;0;AV GAL OSORIO DE PAIVA;;;2450;;Colis?â?úo;;;;Meio de Quadra;;;0;1;0;1;0;0;0;0;0;1;0;0;-3,786887000000000;-38,584264000000000
329432;7;4;2018;20:13;0;AV GENIBAU;;;906;;Colis?â?úo;;;;Meio de Quadra;;;0;1;0;1;0;0;0;0;0;1;0;0;;
329429;7;4;2018;19:53;0;RUA RIO GRANDE DO SUL;;;841;;Atropelamento;;;;Meio de Quadra;;;0;1;0;0;0;0;0;0;0;1;0;0;-3,756260154000000;-38,566046692000000
329427;7;4;2018;18:20;25732;RUA LUIS TORRES;RUA CARLOS JUACABA;;0;;Queda;Anoitecer;;;Cruz;N?â?úo H?â?í Controle;Residencial;0;1;0;0;0;0;0;0;0;1;0;0;-3,793166000000000;-38,562595000000000
329436;7;4;2018;23:38;0;RUA LIV POLARY MAIA;;;604;;Queda;;;;Meio de Quadra;;;0;1;0;0;0;0;0;0;0;1;0;0;;
329378;7;4;2018;00:27;3767;AV IMPERADOR;AV DOMINGOS OLIMPIO;;0;;Colis?â?úo;;;;Cruz;Sem?â?íforo;Comercial;0;1;0;1;0;1;0;0;0;0;0;0;-3,734790000000000;-38,536697000000000
329379;7;4;2018;03:43;0;RUA SEN ROBERT KENNEDY;RUA DOMINGOS DA VEIGA;;0;;Colis?â?úo;;;;Meio de Quadra;;;0;1;0;1;0;0;0;0;0;1;0;0;;
329380;7;4;2018;04:33;0;AV ENG HUMBERTO MONTE;;;2754;;Colis?â?úo;;;;Meio de Quadra;;;0;1;0;0;0;0;0;0;0;0;0;0;-3,739666000000000;-38,568335500000000
329381;7;4;2018;08:23;0;AV ENG SANTANA JUNIOR;;;1207;;Colis?â?úo;Luz do Dia;;;Meio de Quadra;;;0;1;0;1;0;0;0;0;0;0;0;0;-3,738153800000000;-38,483647200000000
329382;7;4;2018;09:40;24364;RUA ALM RUFINO;RUA PRO VICENTE SILVEIRA;;0;;Colis?â?úo;Luz do Dia;;;Cruz;Pare;Residencial;0;1;0;1;0;0;0;0;0;1;0;0;-3,766138000000000;-38,538534000000000
329383;7;4;2018;10:28;0;RUA ANA NERY;;;1342;;Queda;Luz do Dia;;;Meio de Quadra;;;0;1;0;0;0;1;0;0;0;0;0;0;-3,746739000000000;-38,549827000000000
329385;7;4;2018;11:29;0;AV GAL OSORIO DE PAIVA;;;3950;;Colis?â?úo;Luz do Dia;;;Meio de Quadra;;;0;1;0;1;0;0;0;0;0;1;0;0;-3,792551525000000;-38,590220494000000
329386;7;4;2018;12:32;9612;RUA OSCAR ARARIPE;RUA SGT JOAO PINHEIRO;;0;;Colis?â?úo;Luz do Dia;;;Cruz;Pare;Comercial;0;1;0;0;0;0;0;0;0;1;0;0;-3,783833000000000;-38,623073000000000
329395;7;4;2018;15:26;0;AV PRS COSTA E SILVA;;;1843;;Colis?â?úo;Luz do Dia;;;Meio de Quadra;;;0;1;0;1;0;0;0;0;0;1;0;0;-3,820507400000000;-38,559078100000000
329396;7;4;2018;16:21;0;RUA JOAQUIM FEIJO;;;864;;Colis?â?úo;Luz do Dia;;;Meio de Quadra;;;0;1;0;1;0;0;0;0;0;1;0;0;-3,739930000000000;-38,542640000000000
329397;7;4;2018;16:41;0;AV CEL CARVALHO;;;1652;;Colis?â?úo;Luz do Dia;;;Meio de Quadra;;;0;1;0;1;0;0;0;0;0;1;0;0;-3,717236550000000;-38,588008700000000
329398;7;4;2018;16:48;0;RUA JOAQUIM ALFREDO;;;0;;Colis?â?úo;Luz do Dia;;;Meio de Quadra;;;0;1;0;1;0;0;0;0;0;1;0;0;;
329399;7;4;2018;18:03;0;AV ALM HENRIQUE SABOIA;;;260;;Colis?â?úo;Anoitecer;;;Meio de Quadra;;;0;1;0;0;0;0;0;0;0;0;0;0;-3,724543000000000;-38,480498500000000
329400;7;4;2018;18:04;0;AV CAP WALDEMAR PAULA LIMA;;;630;;Colis?â?úo;Anoitecer;;;Meio de Quadra;;;0;1;0;0;0;0;0;0;0;1;0;0;-3,818849500000000;-38,507991000000000
326845;7;4;2018;20:55;20005;AV DR SILAS MUNGUBA;RUA DES OTACILIO PEIXOTO;;0;;Choque c/ Obst?â?ículo Fixo;Via Iluminada;Bom;Seca;T;Sem?â?íforo;Comercial;0;0;1;1;0;0;0;0;0;0;0;0;-3,800419000000000;-38,530329000000000
326847;8;4;2018;21:21;10777;RUA PORTO ALEGRE;RUA VITORIA (AV. PERIMETRAL);;0;;Colis?â?úo Frontal;Via Iluminada;Bom;Seca;Cruz;Pare;Residencial;0;2;0;0;0;0;0;0;0;1;0;0;-3,762193000000000;-38,586947000000000
329437;8;4;2018;00:48;3771;AV DOMINGOS OLIMPIO;AV DA UNIVERSIDADE;;0;;Colis?â?úo;;;;Cruz;Sem?â?íforo;Comercial;0;1;0;1;0;0;0;0;0;1;0;0;-3,735594000000000;-38,534216000000000
329439;8;4;2018;00:55;0;RUA ALBERTO MAGNO;;;1306;;Colis?â?úo;;;;Meio de Quadra;;;0;1;0;1;0;0;0;0;0;0;0;0;-3,765109500000000;-38,550373800000000
329444;8;4;2018;08:01;0;AV PRS COSTA E SILVA;;;0;;Queda;Luz do Dia;;;Meio de Quadra;;;0;1;0;0;0;0;0;0;0;1;0;0;;
329451;8;4;2018;08:48;0;AV JOSE BASTOS;;;0;;Colis?â?úo;Luz do Dia;;;Meio de Quadra;;;0;1;0;1;0;0;0;0;0;1;0;0;;
329447;8;4;2018;08:36;0;RUA BERNARDO MANUEL;;;11149;;Queda;Luz do Dia;;;Meio de Quadra;;;0;1;0;0;0;0;0;0;0;1;0;0;-3,817055000000000;-38,556995000000000
329460;8;4;2018;11:14;0;AV GAL MURILO BORGES;;;0;;Queda;Luz do Dia;;;Meio de Quadra;;;0;1;0;0;0;0;0;0;0;1;0;0;;
329457;8;4;2018;09:45;10999;RUA 15 DE NOVEMBRO;RUA ALBERTO MAGNO;;0;;Colis?â?úo;Luz do Dia;;;Cruz;Pare;Residencial;0;1;0;1;0;0;0;0;0;1;0;0;-3,769909000000000;-38,553169000000000
329458;8;4;2018;11:11;0;RUA GAL TERTULIANO POTYGUARA;;;158;;Colis?â?úo;Luz do Dia;;;Meio de Quadra;;;0;1;0;1;0;0;0;0;0;0;0;0;-3,742480000000000;-38,502538000000000
329455;8;4;2018;09:13;0;RUA JOAO RIBEIRO;;;0;;Atropelamento;Luz do Dia;;;Meio de Quadra;;;0;1;0;1;0;0;0;0;0;0;0;0;;
329472;8;4;2018;13:37;0;RUA BERNARDO MANUEL;;;7208;;Colis?â?úo;Luz do Dia;;;Meio de Quadra;;;0;1;0;1;0;0;0;0;0;1;0;0;-3,781268000000000;-38,546074000000000
329474;8;4;2018;14:05;21363;RUA PDE GUERRA;RUA OTAVIO JUSTA;;0;;Colis?â?úo;Luz do Dia;;;Cruz;Outros;Rural;0;1;0;1;0;0;0;0;0;1;0;0;-3,736813000000000;-38,547438000000000
329478;8;4;2018;15:21;0;AV PRS COSTA E SILVA;;;0;;Queda;Luz do Dia;;;Meio de Quadra;;;0;1;0;0;0;0;0;0;0;1;0;0;;
329479;8;4;2018;15:42;0;RUA AMELIA BENEBIEN;;;533;;Colis?â?úo;Luz do Dia;;;Meio de Quadra;;;0;1;0;1;0;0;0;0;0;1;0;0;-3,737897800000000;-38,476835900000000
329476;8;4;2018;14:48;0;RUA DR ABDENAGO;;;0;;Colis?â?úo;Luz do Dia;;;Meio de Quadra;;;0;1;0;1;0;0;0;0;0;1;0;0;;
329464;8;4;2018;12:19;18994;RUA AVILA GOULART;AV ENG SANTANA JUNIOR;;0;;Colis?â?úo;Luz do Dia;;;Outros;Sem?â?íforo;Comercial;0;1;0;1;0;0;0;0;0;1;0;0;-3,733357000000000;-38,480624000000000
329462;8;4;2018;12:14;0;AV GAL OSORIO DE PAIVA;;;5119;;Colis?â?úo;Luz do Dia;;;Meio de Quadra;;;0;1;0;0;0;0;0;0;0;0;0;0;-3,803370200000000;-38,600763600000000
329469;8;4;2018;12:36;0;RUA JOSE HIPOLITO;;;1087;;Colis?â?úo;Luz do Dia;;;Meio de Quadra;;;0;1;0;1;0;0;0;0;0;1;0;0;-3,835532324000000;-38,486489632000000
329484;8;4;2018;16:08;0;AV GODOFREDO MACIEL;;;767;;;Luz do Dia;;;Meio de Quadra;;;0;1;0;1;0;0;0;0;0;1;0;0;-3,782952000000000;-38,565741000000000
329482;8;4;2018;15:43;0;RUA JOSE CARLOS GURGEL NOGUEIRA;;;616;;Queda;Luz do Dia;;;Meio de Quadra;;;0;1;0;0;0;0;0;0;0;1;0;0;-3,737475500000000;-38,476564500000000
329486;8;4;2018;16:16;0;RUA JULIO SILVA;;;0;;Colis?â?úo;Luz do Dia;;;Meio de Quadra;;;0;1;0;0;0;0;0;0;0;0;0;0;;
329502;8;4;2018;17:38;15137;RUA ILDEFONSO ALBANO;AV MON TABOSA;;0;;Colis?â?úo;Anoitecer;;;Cruz;Sem?â?íforo;Comercial;0;1;0;1;0;0;0;0;0;1;0;0;-3,724155000000000;-38,510333000000000
329503;8;4;2018;18:18;0;AV WASHINGTON SOARES;;;9446;;Colis?â?úo;Anoitecer;;;Meio de Quadra;;;0;1;0;1;0;0;0;0;0;1;0;0;-3,833810000000000;-38,482579000000000
329504;8;4;2018;18:58;0;AV PRS CASTELO BRANCO;;;9446;;Choque c/ Obst?â?ículo Fixo;;;;Meio de Quadra;;;0;1;0;1;0;0;0;0;0;1;0;0;;
329505;8;4;2018;19:06;3030;RUA ANDRE REBOUCAS;RUA DIOGO CORREIA;;0;;Colis?â?úo;;;;Cruz;Sem?â?íforo;Comercial;0;1;0;1;0;0;0;0;0;1;0;0;-3,774008000000000;-38,588606000000000
329506;8;4;2018;19:11;18554;RUA PRO CABRAL;RUA UMARIZEIRA;;0;;Colis?â?úo;;;;Cruz;Pare;Comercial;0;1;0;1;0;0;0;0;0;1;0;0;-3,822086000000000;-38,596741000000000
329507;8;4;2018;20:30;0;AV DEP PAULINO ROCHA;;;1851;;Queda;;;;Meio de Quadra;;;0;1;0;0;0;0;0;0;0;1;0;0;-3,811508482000000;-38,513824435000000
322344;8;4;2018;00:19;0;BC CON CASTRO (VL. PERY);RUA EDUARDO PERDIGAO;;0;;Capotamento;Via Iluminada;Bom;Seca;Cruz;Pare;Comercial;0;1;0;1;0;0;0;0;0;0;0;0;-3,775566600000000;-38,564700000000000
322345;8;4;2018;06:27;22845;RUA GOV JOAO CARLOS;RUA CON LIMA SUCUPIRA;;0;;Colis?â?úo Transversal;Amanhecer;Nublado;Molhada;Cruz;Pare;Residencial;0;0;2;1;0;0;0;0;0;0;0;0;-3,777951000000000;-38,551518000000000
322347;8;4;2018;13:14;5468;RUA BAR ARATANHA;RUA ANTONIO POMPEU;;0;;N?â?úo Informado;Luz do Dia;Nublado;Seca;Cruz;Sem?â?íforo;Comercial;0;0;3;1;0;0;0;0;0;0;0;0;-3,735826000000000;-38,527351000000000
322348;8;4;2018;13:26;0;AV LUCIANO CARNEIRO;;;1991;;Colis?â?úo Lateral;Luz do Dia;Bom;Seca;Meio de Quadra;N?â?úo H?â?í Controle;Residencial;0;1;2;1;0;0;0;0;0;0;0;0;-3,765874000000000;-38,536930000000000
322349;8;4;2018;13:43;5490;AV DOM MANUEL;RUA ANTONIO POMPEU;;0;;Colis?â?úo Lateral;Via Iluminada;Nublado;Seca;Cruz;Sem?â?íforo;Comercial;0;0;2;1;0;0;0;0;0;0;0;0;-3,736873000000000;-38,523967000000000
322350;8;4;2018;14:54;1503;AV SEN VIRGILIO TAVORA;RUA EDUARDO GARCIA;;0;;Colis?â?úo Traseira;Luz do Dia;Bom;Seca;Cruz;Sem?â?íforo;Comercial;0;0;1;1;0;0;0;0;0;0;0;0;-3,739797000000000;-38,494102000000000
322351;8;4;2018;17:06;0;AV SEN CARLOS JEREISSATI (AEROPORTO);;;0;AEROPORTO;Colis?â?úo Lateral;Luz do Dia;Bom;Seca;Meio de Quadra;N?â?úo H?â?í Controle;Comercial;0;0;2;1;0;0;0;0;0;0;0;0;-3,779007700000000;-38,540363000000000
322352;8;4;2018;21:29;15190;AV ABOLICAO;RUA JOAQUIM NABUCO;;0;;Colis?â?úo Lateral;Via Iluminada;Bom;Seca;Cruz;Sem?â?íforo;Comercial;0;0;2;1;0;0;0;0;0;0;0;0;-3,726373000000000;-38,498436000000000
322353;8;4;2018;19:47;18554;RUA PRO CABRAL;RUA UMARIZEIRA;;0;;Colis?â?úo Transversal;Via Iluminada;Bom;Seca;Cruz;Pare;Comercial;0;0;2;0;0;0;0;0;0;1;0;0;-3,822086000000000;-38,596741000000000
315299;8;4;2018;15:43;0;RUA AMELIA BENEBIEN;;;568;;Colis?â?úo;Luz do Dia;;;Meio de Quadra;;;1;0;1;1;0;0;0;0;0;1;0;0;-3,737652200000000;-38,477017300000000
327565;9;4;2018;14:50;0;RD CE-040;;;0;KM-02;Colis?â?úo;Luz do Dia;;Seca;Meio de Quadra;;;0;0;2;1;0;0;1;0;0;0;0;0;-3,773616148000000;-38,481799400000000
327566;9;4;2018;15:50;0;AV SEN CARLOS JEREISSATI (AEROPORTO);;;0;KM 03;Colis?â?úo;Luz do Dia;;Seca;Meio de Quadra;;;0;0;2;1;0;0;0;0;0;0;0;0;-3,779641000000000;-38,544038000000000
327567;9;4;2018;14:15;0;RD CE-040;;;0;KM-03;Colis?â?úo;Luz do Dia;;Seca;Meio de Quadra;;;0;0;2;1;0;0;0;0;0;0;0;0;-3,782614325000000;-38,481083900000000
322354;9;4;2018;01:10;12479;AV AUGUSTO DOS ANJOS;RUA PERDIGAO DE OLIVEIRA;;0;;N?â?úo Informado;Via Iluminada;Bom;Seca;Cruz;Sem?â?íforo;Comercial;0;0;1;1;0;0;0;0;0;1;0;0;-3,775131000000000;-38,574712000000000
322355;9;4;2018;06:55;25000;AV DOM MANUEL;RUA COSTA BARROS;;0;;Colis?â?úo Transversal;Luz do Dia;Bom;Seca;Cruz;Sem?â?íforo;Comercial;0;1;1;1;0;0;0;0;0;1;0;0;-3,727381000000000;-38,520793000000000
322356;9;4;2018;10:05;0;AV SEN VIRGILIO TAVORA;AV ALM HENRIQUE SABOIA;;0;;Colis?â?úo Lateral;Luz do Dia;Bom;Seca;Meio de Quadra;N?â?úo H?â?í Controle;Lazer;0;1;1;0;0;0;0;0;0;1;0;0;-3,751515900000000;-38,497116000000000
322357;9;4;2018;11:41;0;RUA MIN JOAQUIM BASTOS D14;;;400;;Colis?â?úo Lateral;Luz do Dia;Bom;Seca;Meio de Quadra;N?â?úo H?â?í Controle;Residencial;0;0;2;1;0;0;0;0;0;0;0;0;-3,753412000000000;-38,528690000000000
322358;9;4;2018;07:50;0;RUA CESAR ROSSAS;;;415;;Colis?â?úo Lateral;Luz do Dia;Bom;Seca;Meio de Quadra;N?â?úo H?â?í Controle;Comercial;0;1;2;1;0;0;0;0;0;1;0;0;-3,769526200000000;-38,555935000000000
322359;9;4;2018;13:11;0;AV OLIVEIRA PAIVA;;;0;;Colis?â?úo Traseira;Luz do Dia;Bom;Seca;Meio de Quadra;N?â?úo H?â?í Controle;Comercial;0;1;1;0;0;0;0;0;0;0;0;0;-3,796676600000000;-38,498882000000000
322360;9;4;2018;13:02;7598;AV DR SILAS MUNGUBA;RUA DO FIM;;0;;Colis?â?úo Transversal;Luz do Dia;Bom;Seca;T;Pare;Comercial;0;0;2;1;0;0;0;0;0;1;0;0;-3,791983000000000;-38,536419000000000
322361;9;4;2018;12:40;5249;RUA COSTA BARROS;RUA RODRIGUES JUNIOR;;0;;Colis?â?úo Transversal;Luz do Dia;Bom;Seca;Cruz;Pare;Residencial;0;2;0;1;0;0;0;0;0;1;0;0;-3,727742000000000;-38,519688000000000
322362;9;4;2018;13:20;1420;AV SANTOS DUMONT;RUA CEL LINHARES;;3431;;Colis?â?úo Transversal;Luz do Dia;Bom;Seca;Cruz;Pare;Residencial;0;1;3;1;1;0;0;0;0;1;0;0;-3,737489000000000;-38,494449000000000
322363;9;4;2018;17:28;0;AV DUQ CAXIAS;;;0;CRASA;Colis?â?úo Lateral;Luz do Dia;Bom;Seca;T;Sem?â?íforo;Comercial;0;0;2;1;0;0;0;0;0;0;0;0;-3,726410400000000;-38,545790000000000
322364;9;4;2018;17:37;6722;AV ENG SANTANA JUNIOR;RUA DR GILBERTO STUDART;;0;;Colis?â?úo Transversal;Anoitecer;Bom;Seca;Outros;Pare;Comercial;0;0;2;0;1;0;0;0;0;0;0;0;-3,741972000000000;-38,486048000000000
322365;9;4;2018;18:20;5331;AV SANTOS DUMONT;RUA GONCALVES LEDO;;0;;Colis?â?úo Transversal;Via Iluminada;Bom;Seca;Cruz;Pare;Comercial;0;0;2;1;0;0;0;0;0;0;0;0;-3,730535000000000;-38,515848000000000
322406;9;4;2018;21:02;0;RUA MANUEL CASTELO BRANCO;;;1220;;Colis?â?úo Frontal;Via Iluminada;Bom;Seca;Meio de Quadra;Pare;Residencial;0;1;0;1;0;0;0;0;0;1;0;0;-3,833749500000000;-38,483875000000000
329509;9;4;2018;05:54;16039;AV PRS COSTA E SILVA;RUA CEL TIBURCIO;;0;;Colis?â?úo;Amanhecer;;;Cruz;Sem?â?íforo;Comercial;0;1;0;1;0;0;0;0;0;1;0;0;-3,812167000000000;-38,573703000000000
329510;9;4;2018;05:59;0;RUA TULIPA NEGRA;;;231923;COL. CASTRO ALVES;Colis?â?úo;Amanhecer;;;Meio de Quadra;;;0;2;0;0;0;0;0;0;0;1;0;0;;
329521;9;4;2018;07:25;0;RUA ARTUR DE CARVALHO;;;3385;;Atropelamento;Luz do Dia;;;Meio de Quadra;;;0;1;0;0;0;0;0;0;0;1;0;0;;
329522;9;4;2018;07:30;0;AV SEN FERNANDES TAVORA;;;2472;;Colis?â?úo;Luz do Dia;;;Meio de Quadra;;;0;1;0;0;0;0;0;0;0;1;0;0;-3,755556000000000;-38,595960000000000
329517;9;4;2018;07:03;0;RUA MONTE PASCOAL;;;678;;Colis?â?úo;Luz do Dia;;;Meio de Quadra;;;0;1;0;1;0;0;0;0;0;1;0;0;;
329518;9;4;2018;07:04;0;RUA PRO COSTA MENDES;;;2206;;Queda;Luz do Dia;;;Meio de Quadra;;;0;1;0;0;0;0;0;0;0;1;0;0;;
329514;9;4;2018;06:38;0;AV DEP PAULINO ROCHA;;;1730;;Colis?â?úo;Luz do Dia;;;Meio de Quadra;;;0;1;0;0;0;0;0;0;0;0;0;0;-3,811685480000000;-38,512920487000000
329515;9;4;2018;06:49;0;RUA FRE JOSE MARIA;;;348;;Colis?â?úo;Luz do Dia;;;Meio de Quadra;;;0;1;0;1;0;0;0;0;0;1;0;0;-3,736052273000000;-38,574935455000000
329512;9;4;2018;06:33;0;RD DR MENDEL STEINBRUCH;;;5742;;Queda;Luz do Dia;;;Meio de Quadra;;;0;1;0;0;0;0;0;0;0;1;0;0;;
329544;9;4;2018;21:29;0;RUA DARCY VARGAS;;;396;;Colis?â?úo;;;;Meio de Quadra;;;0;1;0;0;0;0;0;0;0;0;0;0;-3,795260000000000;-38,587770000000000
329525;9;4;2018;07:56;0;AV PINTO BANDEIRA D56;;;23552;;Colis?â?úo;Luz do Dia;;;Meio de Quadra;;;0;1;0;0;0;0;0;0;0;1;0;0;-3,774124964000000;-38,487011911000000
329527;9;4;2018;07:59;0;AV TEN LISBOA;;;1358;;Colis?â?úo;Luz do Dia;;;Meio de Quadra;;;0;1;0;0;0;0;0;0;0;0;0;0;-3,717733100000000;-38,547693700000000
329528;9;4;2018;09:08;0;RUA EMILIO DE MENESES;;;2983;;Colis?â?úo;Luz do Dia;;;Meio de Quadra;;;0;1;0;0;0;0;0;0;0;1;0;0;-3,776120345000000;-38,607365586000000
329529;9;4;2018;09:34;0;AV PRS COSTA E SILVA;;;0;;Colis?â?úo;Luz do Dia;;;Meio de Quadra;;;0;1;0;1;0;0;0;0;0;1;0;0;;
329531;9;4;2018;09:38;0;AV GOV RAUL BARBOSA;;;5480;;Colis?â?úo;Luz do Dia;;;Meio de Quadra;;;0;1;0;1;0;1;0;0;0;0;0;0;-3,767180500000000;-38,509255500000000
329532;9;4;2018;10:04;0;AV SEN CARLOS JEREISSATI (AEROPORTO);;;0;;Colis?â?úo;Luz do Dia;;;Meio de Quadra;;;0;1;0;1;0;0;0;0;0;1;0;0;;
329533;9;4;2018;10:32;0;RUA ALAN KARDEC;;;1023;;Colis?â?úo;Luz do Dia;;;Meio de Quadra;;;0;1;0;1;0;0;0;0;0;1;0;0;-3,767945100000000;-38,546776900000000
329534;9;4;2018;11:30;0;AV GAL OSORIO DE PAIVA;;;3366;;Colis?â?úo;Luz do Dia;;;Meio de Quadra;;;0;1;0;0;0;0;0;0;0;1;0;0;-3,790306000000000;-38,588065000000000
329535;9;4;2018;11:54;0;RUA JULIO COLF;;;0;;Colis?â?úo;Luz do Dia;;;Meio de Quadra;;;0;1;0;0;0;0;0;0;0;1;0;0;;
329536;9;4;2018;12:35;0;RUA HENRIQUE DIAS;;;149;;Atropelamento;Luz do Dia;;;Meio de Quadra;;;0;1;0;1;0;0;0;0;0;0;0;0;-3,712346770000000;-38,551967862000000
329537;9;4;2018;13:38;0;RUA MARIA GOMES DE SA;;;1301;;Colis?â?úo;Luz do Dia;;;Meio de Quadra;;;0;1;0;1;0;0;0;0;0;1;0;0;-3,825551000000000;-38,582180000000000
329538;9;4;2018;15:53;0;AV GAL OSORIO DE PAIVA;;;0;;Queda;Luz do Dia;;;Meio de Quadra;;;0;1;0;0;0;0;0;0;0;1;0;0;;
329539;9;4;2018;16:59;0;RUA 8 JD CASTELAO;;;70;;Atropelamento;Luz do Dia;;;Meio de Quadra;;;0;1;0;0;0;0;0;0;0;1;0;0;-3,800690000000000;-38,561850000000000
329540;9;4;2018;18:57;0;RUA CAP HUGO BEZERRA;;;1024;;Queda;Anoitecer;;;Meio de Quadra;;;0;1;0;0;0;0;0;0;0;1;0;0;-3,820505943000000;-38,512194846000000
326848;9;4;2018;19:25;0;RUA PROF. MANOEL LOURENCO;;;0;;Colis?â?úo Transversal;Via Iluminada;Bom;Seca;Meio de Quadra;N?â?úo H?â?í Controle;Comercial;0;0;2;1;0;0;0;0;0;0;0;0;;
326849;9;4;2018;14:00;245;RUA DOM LINO;RUA GAL BERNARDO FIGUEIREDO;;0;;Colis?â?úo Lateral;Luz do Dia;Bom;Seca;Cruz;Outros;Residencial;0;0;2;1;0;0;0;0;0;0;0;0;-3,740582000000000;-38,556267000000000
326850;10;4;2018;14:30;0;AV DOM LUIS;;;502;PRACA PORTUGAL;Colis?â?úo Lateral;Luz do Dia;Bom;Seca;Meio de Quadra;Sem?â?íforo;Comercial;0;0;2;0;1;0;0;0;0;0;0;0;-3,733248849000000;-38,497353091000000
329549;10;4;2018;06:34;0;AV GAL OSORIO DE PAIVA;;;8000;;Atropelamento;Luz do Dia;;;Meio de Quadra;;;0;2;0;0;0;0;0;0;0;1;0;0;-3,821236391000000;-38,618081156000000
329553;10;4;2018;08:58;0;RUA PRO COSTA MENDES;;;700;;Colis?â?úo;Luz do Dia;;;Meio de Quadra;;;0;1;0;1;0;0;0;0;0;1;0;0;-3,754698000000000;-38,546911000000000
329556;10;4;2018;11:47;10863;RUA PRO HERIBALDO COSTA;RUA PORTO VELHO;;0;;Atropelamento;Luz do Dia;;;Cruz;Sem?â?íforo;Residencial;0;1;0;1;0;0;0;0;0;0;0;0;-3,765974000000000;-38,587014000000000
329559;10;4;2018;11:52;0;TR ITAPIUNA;;;150;;Queda;Luz do Dia;;;Meio de Quadra;;;0;1;0;0;0;1;0;0;0;0;0;0;-3,754010000000000;-38,540980000000000
329560;10;4;2018;12:11;0;AV MR HULL;;;0;;Colis?â?úo;Luz do Dia;;;Meio de Quadra;;;0;1;0;1;0;0;0;0;0;1;0;0;;
329601;10;4;2018;21:37;3977;RUA ALBERTO MAGNO;RUA PEDRO MACHADO;;0;;Colis?â?úo;;;;T;Pare;Comercial;0;1;0;1;0;0;0;0;0;1;0;0;-3,758623000000000;-38,544509000000000
329599;10;4;2018;21:23;0;AV GAL OSORIO DE PAIVA;;;7400;;Colis?â?úo;;;;Meio de Quadra;;;0;1;0;0;0;0;0;0;0;1;0;0;;
329584;10;4;2018;17:36;0;AV FRANCISCO SA;;;3447;;Colis?â?úo;Anoitecer;;;Meio de Quadra;;;0;1;0;1;0;0;0;0;0;1;0;0;-3,717919000000000;-38,555822000000000
329588;10;4;2018;17:57;25729;AV TRISTAO GONCALVES;RUA ANTONIO POMPEU;;0;;Colis?â?úo;Anoitecer;;;Cruz;Sem?â?íforo;Comercial;0;1;0;1;0;0;0;0;0;1;0;0;-3,733388000000000;-38,535088000000000
329586;10;4;2018;17:45;24285;RUA ANA BILHAR;RUA CASTRO MONTE;;0;;Colis?â?úo;Anoitecer;;;Cruz;Gesto;Residencial;0;1;0;1;0;1;0;0;0;0;0;0;-3,731488000000000;-38,486106000000000
329596;10;4;2018;20:28;0;RUA JOAO AMORA;;;0;;Colis?â?úo;;;;Meio de Quadra;;;0;1;0;1;0;0;0;0;0;1;0;0;;