COD_ACIDENTE;DIA;MES;ANO;HORA;INTERSECAO;LOG1;LOG2;LOG3;NUMERO;REFERENCIA;NATUREZA;ILUMINACAO;TEMPO;SUPERFICIEPISTA;TIPOCRUZAMENTO;CONTROLETRAFEGO;USOSOLO;MORTOS;FERIDOS;ILESOS;AUTOMOVEL;ONIBUS;BICICLETA;CAMINHAO;MICROONIBUS;CICLOMOTOR;MOTOCICLETA;TRACAOANIMAL;TREM;LATITUDE;LONGITUDE
329592;10;4;2018;18:42;25127;AV ENG HUMBERTO MONTE;RUA BOLIVIA;;0;;Colis?â?úo;;;;Cruz;Pare;Comercial;0;1;0;1;0;0;0;0;0;1;0;0;-3,743796000000000;-38,564826000000000
329593;10;4;2018;19:38;0;AV DIOGUINHO;;;1197;;Atropelamento;;;;Meio de Quadra;;;0;1;0;1;0;0;0;0;0;0;0;0;;
329590;10;4;2018;18:08;0;RUA SGT JOAO PINHEIRO;;;585;;Queda;Anoitecer;;;Meio de Quadra;;;0;1;0;0;0;0;0;0;0;1;0;0;-3,780417000000000;-38,622127250000000
329570;10;4;2018;14:17;1561;AV SEN VIRGILIO TAVORA;AV PDE ANTONIO TOMAS;;0;;Queda;Luz do Dia;;;Cruz;Sem?â?íforo;Comercial;0;1;0;0;0;1;0;0;0;0;0;0;-3,741760000000000;-38,494749000000000
329571;10;4;2018;14:55;0;RUA CON DE CASTRO;;;5736;;Colis?â?úo;Luz do Dia;;;Meio de Quadra;;;0;1;0;1;0;0;0;0;0;1;0;0;-3,813816400000000;-38,598569200000000
329566;10;4;2018;12:13;0;AV GAL OSORIO DE PAIVA;;;5840;;Colis?â?úo;Luz do Dia;;;Meio de Quadra;;;0;1;0;1;0;1;0;0;0;0;0;0;-3,807381500000000;-38,604653500000000
329567;10;4;2018;12:18;11836;RUA JACINTO MATOS;RUA MON DANTAS;;0;;Colis?â?úo;Luz do Dia;;;Cruz;Pare;Residencial;0;1;0;1;0;0;0;0;0;1;0;0;-3,719714000000000;-38,546800000000000
329574;10;4;2018;15:02;0;RUA PAULINO NOGUEIRA;;;1285;;Colis?â?úo;Luz do Dia;;;Meio de Quadra;;;0;1;0;1;0;0;0;0;0;1;0;0;;
329575;10;4;2018;15:11;19759;RUA AMADEU FURTADO;RUA AZEVEDO BOLAO;;0;;Colis?â?úo;Luz do Dia;;;Cruz;Pare;Residencial;0;1;0;1;0;0;0;0;0;1;0;0;-3,737863000000000;-38,563588000000000
329576;10;4;2018;15:19;0;AV GAL OSORIO DE PAIVA;;;5750;;Colis?â?úo;Luz do Dia;;;Meio de Quadra;;;0;1;0;1;0;0;0;0;0;1;0;0;-3,806839500000000;-38,604135249000000
329577;10;4;2018;15:54;0;AV ALBERTO CRAVEIRO;;;2726;;Queda;Luz do Dia;;;Meio de Quadra;;;0;1;0;0;0;1;0;0;0;0;0;0;-3,803636127000000;-38,521896373000000
329578;10;4;2018;16:30;0;RUA VIRGILIO NOGUEIRA PAES;;;1166;;Colis?â?úo;Luz do Dia;;;Meio de Quadra;;;0;1;0;1;0;0;0;0;0;1;0;0;-3,794357059000000;-38,610548588000000
329579;10;4;2018;16:38;0;AV PRS COSTA E SILVA;;;0;;Queda;Luz do Dia;;;Meio de Quadra;;;0;1;0;0;0;1;0;0;0;0;0;0;;
329580;10;4;2018;17:03;0;AV ODILON GUIMARAES;;;1417;;Colis?â?úo;Anoitecer;;;Meio de Quadra;;;0;1;0;1;0;0;0;0;0;1;0;0;-3,825360000000000;-38,479288545000000
329581;10;4;2018;17:21;19306;AV GAL OSORIO DE PAIVA;RUA EDUARDO PERDIGAO;;0;;Colis?â?úo;Anoitecer;;;Cruz;Sem?â?íforo;Comercial;0;1;0;1;0;0;0;0;0;1;0;0;-3,774747000000000;-38,565454000000000
322366;10;4;2018;01:32;7840;AV SORIANO ALBUQUERQUE;AV BAR STUDART;;0;;Colis?â?úo Transversal;Via Iluminada;Nublado;Molhada;Cruz;Sem?â?íforo;Comercial;0;1;2;0;1;0;0;0;1;0;0;0;-3,750183000000000;-38,511573000000000
322367;10;4;2018;06:50;0;AV PONTES VIEIRA;;;247;;Colis?â?úo Traseira;Luz do Dia;Bom;Seca;Meio de Quadra;N?â?úo H?â?í Controle;Comercial;0;0;2;1;0;0;0;0;0;0;0;0;-3,753247300000000;-38,518364000000000
322368;10;4;2018;08:15;19746;RUA ARMANDO OLIVEIRA;RUA GUSTAVO SAMPAIO;;0;;Colis?â?úo Transversal;Luz do Dia;Bom;Seca;Cruz;Pare;Residencial;0;1;1;1;0;0;0;0;0;1;0;0;-3,737521000000000;-38,567382000000000
322369;10;4;2018;09:20;0;RUA JULIO ABREU;;;175;;Colis?â?úo Lateral;Luz do Dia;Bom;Seca;Meio de Quadra;N?â?úo H?â?í Controle;Comercial;0;0;1;1;0;0;0;0;0;0;0;0;-3,735963800000000;-38,487370000000000
322370;10;4;2018;08:45;0;RUA PRO COSTA MENDES;RUA JULIO CESAR D04;;0;;Colis?â?úo Transversal;Luz do Dia;Bom;Seca;Cruz;Pare;Comercial;0;0;1;1;0;0;0;0;0;1;0;0;-3,754705700000000;-38,546850000000000
322371;10;4;2018;12:59;0;RUA ALAN KARDEC;;;1111;;Colis?â?úo Transversal;Luz do Dia;Bom;Seca;Meio de Quadra;N?â?úo H?â?í Controle;Residencial;0;1;1;1;0;0;0;0;0;1;0;0;-3,766324800000000;-38,548096000000000
322373;10;4;2018;13:47;17359;AV PRO GOMES DE MATOS;RUA IRM BAZET;;0;;Colis?â?úo Transversal;Luz do Dia;Bom;Seca;Cruz;Pare;Comercial;0;1;1;1;0;0;0;0;0;1;0;0;-3,766045000000000;-38,549810000000000
322374;10;4;2018;16:36;24424;RUA RAUL CABRAL;RUA TIANGUA;;0;;Colis?â?úo Transversal;Luz do Dia;Nublado;Seca;Cruz;Pare;Residencial;0;1;1;1;0;0;0;0;0;0;0;0;-3,769821000000000;-38,541894000000000
322375;10;4;2018;18:57;0;AV MON TABOSA;;;479;;Colis?â?úo Lateral;Via Iluminada;Bom;Seca;Cruz;Pare;Comercial;0;0;1;1;0;0;0;0;0;1;0;0;-3,723806000000000;-38,515050000000000
322376;10;4;2018;18:40;15340;RUA CEL LINHARES;RUA CANUTO DE AGUIAR;;0;;N?â?úo Informado;Via Iluminada;Nublado;Seca;Cruz;Pare;Comercial;0;1;1;1;0;0;0;0;0;1;0;0;-3,731563000000000;-38,492546000000000
322377;10;4;2018;21:00;0;AV ODILON GUIMARAES;AV H CJ CEARA;RUA 916 CJ CEARA;1423;;Colis?â?úo Traseira;Anoitecer;Bom;Seca;Cruz;N?â?úo H?â?í Controle;Comercial;0;1;1;1;0;0;0;0;0;1;0;0;-3,776589900000000;-38,618008000000000
322388;10;4;2018;10:20;13408;AV ANTONIO SALES;RUA BAR ARACATI;;0;;Colis?â?úo Transversal;Luz do Dia;Bom;Seca;Cruz;Pare;Comercial;0;0;3;1;1;0;0;0;0;0;0;0;-3,741563000000000;-38,514894000000000
322378;11;4;2018;13:25;0;AV CESAR CALS;;;350;;Colis?â?úo Lateral;Luz do Dia;Bom;Seca;Meio de Quadra;N?â?úo H?â?í Controle;Residencial;0;0;2;1;0;0;0;0;0;1;0;0;-3,721108000000000;-38,464386000000000
322379;11;4;2018;18:23;5405;RUA GAL CLARINDO DE QUEIROZ;RUA BAR RIO BRANCO;;0;;Colis?â?úo Lateral;Via Iluminada;Bom;Seca;Cruz;Sem?â?íforo;Comercial;0;0;2;1;0;0;0;0;0;0;0;0;-3,732679000000000;-38,530239000000000
322380;11;4;2018;18:58;0;AV AGUANAMBI;AV SORIANO ALBUQUERQUE;;0;;Colis?â?úo Lateral;Via Iluminada;Bom;Seca;Cruz;Sem?â?íforo;Comercial;0;0;2;1;1;0;0;0;0;0;0;0;;
322381;11;4;2018;18:14;0;RUA MEM DE SA;;;602;;Colis?â?úo Lateral;Via Iluminada;Bom;Seca;Outros;N?â?úo H?â?í Controle;Residencial;0;0;3;1;0;0;0;0;0;1;0;0;-3,827564500000000;-38,485400000000000
322382;11;4;2018;20:28;9200;RUA DEP JOAO PONTES;RUA JAIME BENEVOLO;;0;;Colis?â?úo Transversal;Via Iluminada;Chuva;Molhada;Cruz;Pare;Comercial;0;0;2;1;0;0;0;0;0;0;0;0;-3,746140000000000;-38,530076000000000
322383;11;4;2018;20:30;5300;RUA PEDRO PEREIRA;RUA BAR RIO BRANCO;;0;;Colis?â?úo Lateral;Via Iluminada;Nublado;Molhada;Cruz;Sem?â?íforo;Comercial;0;0;2;1;0;0;0;0;0;0;0;0;-3,729457000000000;-38,529219000000000
322385;11;4;2018;21:12;24331;AV LUCIANO CARNEIRO;RUA ARMANDO MONTEIRO;;0;;Colis?â?úo Lateral;Via Iluminada;Bom;Seca;Cruz;Pare;Residencial;0;0;2;1;0;0;0;0;0;0;0;0;-3,763454000000000;-38,536219000000000
322386;11;4;2018;21:12;0;RUA JOSE ALVES CAVALCANTE;RUA CHICO LEMOS;;0;;Colis?â?úo Transversal;Mal Iluminada;Chuva;Molhada;Meio de Quadra;Pare;Residencial;0;0;2;1;0;0;0;0;0;0;0;0;-3,803404800000000;-38,493020000000000
327574;11;4;2018;17:20;0;RD CE-040;;;0;KM-03;Atropelamento;Mal Iluminada;;Seca;Meio de Quadra;;;0;1;1;0;1;1;0;0;0;0;0;0;-3,782614325000000;-38,481083900000000
327569;11;4;2018;08:15;0;RD CE-040;;;0;KM-12;Colis?â?úo;Luz do Dia;;Seca;Meio de Quadra;;;0;0;2;1;0;0;0;0;0;0;0;0;-3,857690949000000;-38,472042540000000
315308;11;4;2018;21:30;0;RD BR 116;;;13000;KM-13;Atropelamento;;;;Meio de Quadra;;;1;0;1;0;0;0;0;0;0;0;0;0;-3,864670000000000;-38,497727000000000
329602;11;4;2018;09:24;0;AV BEZERRA DE MENEZES;;;766;;Queda;Luz do Dia;;;Meio de Quadra;;;0;1;0;0;0;0;0;0;0;1;0;0;-3,732988000000000;-38,551501000000000
329604;11;4;2018;11:33;0;AV GODOFREDO MACIEL;;;4848;;Colis?â?úo;Luz do Dia;;;Meio de Quadra;;;0;1;0;1;0;0;0;0;0;1;0;0;-3,818399000000000;-38,575727000000000
329605;11;4;2018;13:57;0;AV DR SILAS MUNGUBA;;;2518;;Colis?â?úo;Luz do Dia;;;Meio de Quadra;;;0;1;0;0;0;0;0;0;0;1;0;0;;
329613;11;4;2018;17:38;3189;RUA CARLOS CHAGAS;RUA JOSE ARISTOTELES GONDIM;;0;;Colis?â?úo;Anoitecer;;;Cruz;Pare;Residencial;0;1;0;0;0;0;0;0;0;0;0;0;-3,780113000000000;-38,585335000000000
329614;11;4;2018;17:49;5451;AV DOM MANUEL;RUA BARBARA DE ALENCAR;;0;;Colis?â?úo;Anoitecer;;;Cruz;Sem?â?íforo;Comercial;0;1;0;0;0;0;0;0;0;1;0;0;-3,734972000000000;-38,523262000000000
329615;11;4;2018;10:24;0;RUA TEN ELIEZER COSTA;;;553;;Colis?â?úo;Luz do Dia;;;Meio de Quadra;;;0;1;0;1;0;0;0;0;0;1;0;0;-3,710150000000000;-38,591460000000000
329616;11;4;2018;19:06;0;RUA CHICO LEMOS;;;254;;Colis?â?úo;;;;Meio de Quadra;;;0;1;0;1;0;0;0;0;0;1;0;0;-3,790084600000000;-38,499698733000000
329617;11;4;2018;19:34;0;AV TEN LISBOA;;;1800;;Colis?â?úo;;;;Meio de Quadra;;;0;1;0;0;0;0;0;0;0;0;0;0;-3,717580000000000;-38,551790000000000
329618;11;4;2018;21:21;15821;AV JOR THOMAZ COELHO;RUA ANGELICA GURGEL;;0;;Colis?â?úo;;;;T;D?â?¬ Prefer?â?¬ncia;Comercial;0;1;0;1;0;0;0;0;0;1;0;0;-3,832400000000000;-38,499058000000000
329619;11;4;2018;22:10;0;AV 13 DE MAIO;;;902;;Atropelamento;;;;Meio de Quadra;;;0;1;0;0;0;0;0;0;0;0;0;0;-3,750870000000000;-38,527526000000000
329609;11;4;2018;15:01;0;RUA RAIMUNDO CORREIA;;;199;;Queda;Luz do Dia;;;Meio de Quadra;;;0;1;0;0;0;0;0;0;0;1;0;0;-3,724771537000000;-38,559835171000000
329610;11;4;2018;16:09;0;RUA LUIS GUIMARAES;;;465;;Queda;Luz do Dia;;;Meio de Quadra;;;0;1;0;0;0;0;0;0;0;1;0;0;-3,721920000000000;-38,571790000000000
326851;11;4;2018;07:15;0;RUA PEDRO DANTAS;;;673;;Colis?â?úo Transversal;Luz do Dia;Bom;Seca;Meio de Quadra;Outros;Residencial;0;0;2;1;0;0;0;0;0;1;0;0;-3,785562000000000;-38,523885000000000
326852;12;4;2018;05:35;0;RUA BERNARDO MANUEL;;;9981;;Colis?â?úo Traseira;Amanhecer;Bom;Seca;Meio de Quadra;N?â?úo H?â?í Controle;Comercial;0;0;2;1;1;0;0;0;0;0;0;0;-3,804023667000000;-38,553003333000000
326854;12;4;2018;06:07;11158;RUA JOSE MENELEU D41;RUA JULIO GASPAR;;0;;Colis?â?úo Lateral;Luz do Dia;Nublado;Molhada;Cruz;Pare;Residencial;0;1;1;0;1;0;0;0;0;1;0;0;-3,784374000000000;-38,560804000000000
326855;12;4;2018;20:40;13478;RUA ILDEFONSO ALBANO;RUA PINHO PESSOA;;0;;Colis?â?úo Transversal;Via Iluminada;Bom;Seca;Cruz;Pare;Residencial;0;0;2;1;0;0;0;0;0;0;0;0;-3,744667000000000;-38,517011000000000
326856;12;4;2018;07:00;7479;AV ALBERTO CRAVEIRO;RUA PEDRO DANTAS;;0;;Colis?â?úo Lateral;Luz do Dia;Nublado;Molhada;T;Sem?â?íforo;Comercial;0;2;0;1;0;0;0;0;0;1;0;0;-3,786753000000000;-38,517220000000000
329635;12;4;2018;16:09;15301;RUA SILVA PAULET;RUA TEN BENEVOLO;;0;;Colis?â?úo;Luz do Dia;;;Cruz;Pare;Residencial;0;1;0;1;0;0;0;0;0;1;0;0;-3,729724000000000;-38,503888000000000
329636;12;4;2018;16:37;0;AV PRO GOMES DE MATOS;;;584;;Colis?â?úo;Luz do Dia;;;Meio de Quadra;;;0;1;0;1;0;0;0;0;0;1;0;0;-3,758895000000000;-38,543675000000000
329631;12;4;2018;13:09;0;AV CEL CARVALHO;;;1905;;Colis?â?úo;Luz do Dia;;;Meio de Quadra;;;0;1;0;1;0;0;0;0;0;1;0;0;-3,719302000000000;-38,587461000000000
329632;12;4;2018;13:18;13432;AV ANTONIO SALES;AV RUI BARBOSA;;0;;Atropelamento;Luz do Dia;;;Cruz;Sem?â?íforo;Comercial;0;1;0;0;0;0;0;0;0;0;0;0;-3,742611000000000;-38,511569000000000
329633;12;4;2018;13:53;0;AV GODOFREDO MACIEL;;;878;;Colis?â?úo;Luz do Dia;;;Meio de Quadra;;;0;2;0;0;0;0;0;0;0;0;0;0;-3,783773652000000;-38,565987565000000
329623;12;4;2018;06:27;0;AV ALM HENRIQUE SABOIA;;;0;;Colis?â?úo;Luz do Dia;;;Meio de Quadra;;;0;1;0;1;0;0;0;0;0;1;0;0;;
329624;12;4;2018;07:10;17563;RUA ESPIRITO SANTO;RUA AMAZONAS;;0;;Colis?â?úo;Luz do Dia;;;Cruz;Pare;Residencial;0;2;0;0;0;0;0;0;0;1;0;0;-3,751391000000000;-38,567217000000000
329625;12;4;2018;07:21;0;AV MAE LISBOA;;;395;;Colis?â?úo;Luz do Dia;;;Meio de Quadra;;;0;1;0;0;0;0;0;0;0;0;0;0;-3,808116000000000;-38,477134000000000
329626;12;4;2018;08:31;0;RUA SEN POMPEU;;;2368;;Queda;Luz do Dia;;;Meio de Quadra;;;0;1;0;0;0;1;0;0;0;0;0;0;-3,739132500000000;-38,533328000000000
329627;12;4;2018;09:21;0;RUA TOMAS GONZAGA;;;262;;Colis?â?úo;Luz do Dia;;;Meio de Quadra;;;0;1;0;1;0;0;0;0;0;1;0;0;-3,708474759000000;-38,567515138000000
329628;12;4;2018;10:41;0;RUA JOAO CORDEIRO;;;1561;;Colis?â?úo;Luz do Dia;;;Meio de Quadra;;;0;1;0;1;0;0;0;0;0;1;0;0;-3,734072000000000;-38,515775000000000
329629;12;4;2018;11:15;15435;RUA FARIAS LEMOS;RUA FREDERICO SEVERO;;0;;Colis?â?úo;Luz do Dia;;;Cruz;Pare;Residencial;0;1;0;1;0;0;0;0;0;1;0;0;-3,816836000000000;-38,492707000000000
329658;12;4;2018;21:49;0;RD BR 116;;;1000;KM-01;Colis?â?úo;;;;Meio de Quadra;;;0;1;0;1;0;0;0;0;0;1;0;0;-3,762554000000000;-38,518702000000000
329661;12;4;2018;22:17;0;AV SGT HERMINIO SAMPAIO;;;2556;;Colis?â?úo;;;;Meio de Quadra;;;0;1;0;1;0;0;0;0;0;1;0;0;-3,726791900000000;-38,563683900000000
329663;12;4;2018;22:31;0;AV ENG LEAL LIMA VERDE (SAPIRANGA/COITE);;;2260;;Queda;;;;Meio de Quadra;;;0;1;0;0;0;0;0;0;0;1;0;0;-3,807871000000000;-38,474657000000000
329653;12;4;2018;20:14;0;RUA BERNARDO MANUEL;;;0;;Atropelamento;;;;Meio de Quadra;;;0;2;0;0;0;0;0;0;0;1;0;0;;
329654;12;4;2018;21:01;0;AV MOZART PINHEIRO DE LUCENA;;;0;;Colis?â?úo;;;;Meio de Quadra;;;0;1;0;1;0;0;0;0;0;1;0;0;;
329646;12;4;2018;19:01;0;AV BENJAMIM BRASIL;;;1080;;Colis?â?úo;;;;Meio de Quadra;;;0;1;0;0;0;1;0;0;0;1;0;0;-3,805414400000000;-38,565583300000000
329648;12;4;2018;19:44;0;AV BEIRA MAR;;;3956;;Colis?â?úo;;;;Meio de Quadra;;;0;1;0;0;0;0;0;0;0;0;0;0;-3,723281501000000;-38,485761000000000
329649;12;4;2018;19:53;0;RUA CHILE;;;831;;Atropelamento;;;;Meio de Quadra;;;0;1;0;0;0;0;0;0;0;1;0;0;-3,749092000000000;-38,568226000000000
329644;12;4;2018;18:52;7862;AV ANTONIO SALES;RUA PRO DIAS DA ROCHA;;0;;Colis?â?úo;;;;Cruz;Gesto;Comercial;0;1;0;1;0;0;0;0;0;1;0;0;-3,747586000000000;-38,495535000000000
329642;12;4;2018;18:20;0;RUA CARLOS AMORA;;;0;;Queda;Anoitecer;;;Meio de Quadra;;;0;1;0;0;0;0;0;0;0;1;0;0;;
329638;12;4;2018;17:00;0;RUA ADEMAR DE BARROS;;;36;;Atropelamento;Anoitecer;;;Meio de Quadra;;;0;1;0;0;0;0;0;0;0;0;0;0;-3,780878300000000;-38,498592800000000
329640;12;4;2018;17:11;1288;RUA TIBURCIO CAVALCANTE;RUA MARIA TOMASIA;;0;;Queda;Anoitecer;;;Cruz;Pare;Comercial;0;1;0;0;0;1;0;0;0;0;0;0;-3,733956000000000;-38,501926000000000
327575;12;4;2018;06:55;0;RD CE-040;;;0;KM-06;Colis?â?úo;Luz do Dia;;Molhada;Meio de Quadra;;;0;1;1;1;0;0;0;1;0;0;0;0;-3,809596804000000;-38,478733480000000
322390;12;4;2018;10:45;0;RUA ILDEFONSO ALBANO;;;1392;;Colis?â?úo Transversal;Luz do Dia;Bom;Seca;Meio de Quadra;N?â?úo H?â?í Controle;Comercial;0;0;1;1;0;0;0;0;0;1;0;0;-3,733120700000000;-38,513187000000000
322391;12;4;2018;13:32;0;RUA HOLANDA;RUA BETEL;;1692;;Colis?â?úo Transversal;Luz do Dia;Nublado;Seca;Cruz;Pare;Residencial;0;2;0;0;0;0;0;0;0;1;0;0;-3,803779600000000;-38,559480000000000
322392;12;4;2018;18:29;0;AV PONTES VIEIRA;;;2651;;N?â?úo Informado;Luz do Dia;Bom;Seca;Cruz;Sem?â?íforo;Comercial;0;0;2;1;0;0;0;0;0;1;0;0;-3,750892400000000;-38,497902000000000
322393;12;4;2018;19:01;0;AV SEN VIRGILIO TAVORA;;;2737;;Colis?â?úo Traseira;Via Iluminada;Bom;Seca;Meio de Quadra;Sem?â?íforo;Comercial;0;0;1;1;0;0;0;0;0;0;0;0;-3,750795100000000;-38,497437000000000
322394;12;4;2018;19:00;0;AV GAL MURILO BORGES;;;0;;Colis?â?úo Traseira;Via Iluminada;Bom;Seca;Meio de Quadra;N?â?úo H?â?í Controle;Lazer;0;0;2;0;0;0;0;1;0;0;0;0;-3,766053400000000;-38,500835000000000
322395;12;4;2018;19:39;0;AV DA INDEPENDENCIA;;;1402;;Colis?â?úo Transversal;Luz do Dia;Bom;Seca;Meio de Quadra;N?â?úo H?â?í Controle;Residencial;0;0;2;1;0;0;0;0;0;1;0;0;-3,726279500000000;-38,593117000000000
322396;12;4;2018;18:15;0;AV BEZERRA DE MENEZES;;;370;;Colis?â?úo Transversal;Via Iluminada;Bom;Seca;Meio de Quadra;Sem?â?íforo;Comercial;0;0;2;1;0;0;0;0;0;0;0;0;-3,731116300000000;-38,543274000000000
322397;13;4;2018;08:44;0;AV MON TABOSA;;;206;;Colis?â?úo Traseira;Luz do Dia;Bom;Seca;Meio de Quadra;N?â?úo H?â?í Controle;Comercial;0;0;3;1;0;0;0;0;0;0;0;0;-3,723675000000000;-38,517600000000000
322398;13;4;2018;08:01;0;AV PRS CASTELO BRANCO;;;70;;N?â?úo Informado;Luz do Dia;Nublado;Seca;Meio de Quadra;N?â?úo H?â?í Controle;Comercial;0;0;1;0;0;0;0;0;0;1;0;0;-3,723020300000000;-38,522583000000000
322399;13;4;2018;13:00;1353;AV RUI BARBOSA;RUA AFONSO CELSO;;0;;Colis?â?úo Transversal;Luz do Dia;Bom;Seca;Cruz;Pare;Comercial;0;1;1;1;0;0;0;0;0;1;0;0;-3,736087000000000;-38,509450000000000
322400;13;4;2018;08:50;0;AV ISABEL BEZERRA;;;990;;Colis?â?úo Lateral;Luz do Dia;Bom;Seca;Meio de Quadra;N?â?úo H?â?í Controle;Residencial;0;1;1;1;0;0;0;0;0;1;0;0;-3,854429000000000;-38,504456000000000
322401;13;4;2018;14:22;25231;AV PRS COSTA E SILVA;AV I CJ JOSE WALTER;;0;;Colis?â?úo Lateral;Luz do Dia;Nublado;Seca;Duplo T;Sem?â?íforo;Residencial;0;0;2;1;0;0;0;0;0;0;0;0;-3,823494000000000;-38,550232000000000
322402;13;4;2018;18:10;0;RUA DR JUSTA ARAUJO D45;;;400;;Colis?â?úo Traseira;Via Iluminada;Bom;Seca;Meio de Quadra;N?â?úo H?â?í Controle;Residencial;0;0;2;1;0;0;0;0;0;0;0;0;-3,779459500000000;-38,551360000000000
322403;13;4;2018;18:52;24286;RUA PEREIRA VALENTE;RUA CASTRO MONTE;;0;;Colis?â?úo Transversal;Via Iluminada;Bom;Seca;Cruz;Pare;Residencial;0;0;1;1;0;0;0;0;0;0;0;0;-3,734725000000000;-38,485966000000000
322404;13;4;2018;20:08;0;RUA BERNARDO MANUEL;;;7223;;Colis?â?úo Lateral;Via Iluminada;Bom;Seca;Meio de Quadra;N?â?úo H?â?í Controle;Comercial;0;0;2;1;1;0;0;0;0;0;0;0;-3,780701600000000;-38,545680000000000
322405;13;4;2018;18:55;0;RUA OTO DE ALENCAR;;;2;;Colis?â?úo Transversal;Via Iluminada;Bom;Seca;T;N?â?úo H?â?í Controle;Lazer;0;0;2;1;0;0;0;0;0;0;0;0;-3,723926500000000;-38,540450000000000
322407;13;4;2018;21:45;5627;AV ROGACIANO LEITE;AV JOSE LEON;;0;;Colis?â?úo Lateral;Via Iluminada;Bom;Seca;Cruz;Sem?â?íforo;Residencial;0;1;0;1;0;0;0;0;0;0;0;0;-3,787355000000000;-38,503527000000000
327399;13;4;2018;14:00;0;RD BR 116;;;15000;KM-15;Choque c/ Obst?â?ículo Fixo;Luz do Dia;;;Meio de Quadra;;;0;1;0;0;0;0;1;0;0;0;0;0;-3,882329000000000;-38,501113000000000
315339;13;4;2018;21:49;5338;RUA PINTO MADEIRA;RUA VINTE E CINCO DE MARCO;;0;;Queda;;;;Cruz;Pare;Comercial;1;0;1;0;0;0;0;0;0;1;0;0;-3,730648000000000;-38,522925000000000
329674;13;4;2018;11:52;0;RUA JOCKEY CLUBE;;;613;;Queda;Luz do Dia;;;Meio de Quadra;;;0;1;0;0;0;0;0;0;0;1;0;0;-3,761644400000000;-38,580772200000000
329675;13;4;2018;12:50;0;AV PRS CASTELO BRANCO;;;0;;Colis?â?úo;Luz do Dia;;;Meio de Quadra;;;0;1;0;0;0;0;1;0;0;1;0;0;;
329720;13;4;2018;12:52;0;RUA TEODOMIRO DE CASTRO;;;4171;;Colis?â?úo;Luz do Dia;;;Meio de Quadra;;;0;1;0;0;0;0;0;0;0;0;0;0;-3,719538000000000;-38,570794000000000
329721;13;4;2018;14:17;0;RUA MIN ALBUQUERQUE LIMA;;;738;;Colis?â?úo;Luz do Dia;;;Meio de Quadra;;;0;1;0;1;0;0;0;0;0;0;0;0;-3,769826000000000;-38,606368000000000
329722;13;4;2018;14:23;2822;AV GAL OSORIO DE PAIVA;RUA OSCAR ARARIPE;;0;;Colis?â?úo;Luz do Dia;;;T;Sem?â?íforo;Comercial;0;1;0;0;0;0;0;0;0;0;0;0;-3,794165000000000;-38,591823000000000
329723;13;4;2018;15:01;0;RD BR 116;;;1116;;Colis?â?úo;Luz do Dia;;;Meio de Quadra;;;0;1;0;1;0;1;0;0;0;0;0;0;-3,762554000000000;-38,518702000000000
329724;13;4;2018;15:55;0;RUA BERNARDO MANUEL;;;0;;Colis?â?úo;Luz do Dia;;;Meio de Quadra;;;0;1;0;1;0;0;0;0;0;1;0;0;;
329725;13;4;2018;18:17;0;RUA COELHO NETO;;;358;;;Anoitecer;;;Meio de Quadra;;;0;1;0;0;0;0;0;0;0;0;0;0;-3,718554182000000;-38,570024727000000
329726;13;4;2018;18:31;0;AV SEN CARLOS JEREISSATI (AEROPORTO);;;0;;Queda;;;;Meio de Quadra;;;0;1;0;0;0;1;0;0;0;0;0;0;;
329727;13;4;2018;18:49;0;RUA CARLOS VASCONCELOS;;;115;;Colis?â?úo;;;;Meio de Quadra;;;0;1;0;1;0;1;0;0;0;0;0;0;-3,722769500000000;-38,507488937000000
329728;13;4;2018;19:32;1289;AV SANTOS DUMONT;RUA SILVA PAULET;;0;;Colis?â?úo;;;;Cruz;Pare;Comercial;0;1;0;1;0;1;0;0;0;0;0;0;-3,733985000000000;-38,505258000000000
329729;13;4;2018;20:56;0;RUA VIRIATO RIBEIRO;;;257;;Colis?â?úo;;;;Meio de Quadra;;;0;1;0;1;0;0;0;0;0;1;0;0;-3,754044000000000;-38,557523000000000
329730;13;4;2018;22:34;0;RUA LETICIA;;;223;;Colis?â?úo;;;;Meio de Quadra;;;0;1;0;1;0;0;0;0;0;1;0;0;-3,821898000000000;-38,493121000000000
329665;13;4;2018;00:00;0;RUA GURGEL DO AMARAL;;;1068;;Atropelamento;;;;Meio de Quadra;;;0;1;0;1;0;0;0;0;0;0;0;0;;
329667;13;4;2018;06:05;0;AV FRANCISCO SA;;;0;;Atropelamento;Luz do Dia;;;Meio de Quadra;;;0;1;0;0;0;0;0;0;0;1;0;0;;
326857;13;4;2018;13:20;5084;RUA PRC ISABEL;RUA SEN ALENCAR;;0;;Colis?â?úo Transversal;Luz do Dia;Bom;Seca;Cruz;Pare;Comercial;0;0;2;1;0;0;0;0;0;1;0;0;-3,722828000000000;-38,534356000000000