COD_ACIDENTE;DIA;MES;ANO;HORA;INTERSECAO;LOG1;LOG2;LOG3;NUMERO;REFERENCIA;NATUREZA;ILUMINACAO;TEMPO;SUPERFICIEPISTA;TIPOCRUZAMENTO;CONTROLETRAFEGO;USOSOLO;MORTOS;FERIDOS;ILESOS;AUTOMOVEL;ONIBUS;BICICLETA;CAMINHAO;MICROONIBUS;CICLOMOTOR;MOTOCICLETA;TRACAOANIMAL;TREM;LATITUDE;LONGITUDE
326858;14;4;2018;15:10;0;AV GAL OSORIO DE PAIVA;;;849;;Colis?â?úo Lateral;Luz do Dia;;;Meio de Quadra;;;0;1;1;1;0;0;0;0;0;1;0;0;-3,777848909000000;-38,570024212000000
326859;14;4;2018;14:00;1573;RUA JOAQUIM NABUCO;RUA GAL TERTULIANO POTYGUARA;;0;;Colis?â?úo Transversal;Luz do Dia;;;Cruz;Pare;Residencial;0;0;2;1;0;0;0;0;0;0;0;0;-3,742164000000000;-38,503511000000000
317586;14;4;2018;17:30;9559;RUA BARRA VERMELHA;RUA TEODORO DE CASTRO;;0;;Colis?â?úo Transversal;Anoitecer;;;Cruz;Pare;Comercial;1;0;2;0;1;0;0;0;0;1;0;0;-3,777820000000000;-38,612011000000000
329731;14;4;2018;03:34;17370;RUA ALM RUBIM;RUA BAR SOBRAL;;0;;Colis?â?úo;;;;Cruz;Pare;Residencial;0;1;0;1;0;0;0;0;0;1;0;0;-3,766572000000000;-38,554972000000000
329732;14;4;2018;03:50;0;RUA GAL POTIGUARA;;;2053;;Colis?â?úo;;;;Meio de Quadra;;;0;1;0;1;0;0;0;0;0;1;0;0;;
329733;14;4;2018;04:08;0;AV WASHINGTON SOARES;;;0;;Colis?â?úo;;;;Meio de Quadra;;;0;1;0;1;0;0;0;0;0;1;0;0;;
329743;14;4;2018;09:26;0;AV PRS CASTELO BRANCO;;;3453;;Queda;Luz do Dia;;;Meio de Quadra;;;0;1;0;0;0;1;0;0;0;0;0;0;-3,710181188000000;-38,562370375000000
329744;14;4;2018;09:55;0;RUA LAURO MAIA;;;1250;;Colis?â?úo;Luz do Dia;;;Meio de Quadra;;;0;1;0;0;0;0;0;0;0;0;0;0;-3,750867000000000;-38,522154000000000
329745;14;4;2018;10:01;17433;RUA PRO TEODORICO;RUA CESAR ROSSAS;;0;;Colis?â?úo;Luz do Dia;;;Cruz;Pare;Comercial;0;1;0;1;0;0;0;0;0;1;0;0;-3,768770000000000;-38,553473000000000
329779;14;4;2018;17:25;5500;RUA PDE VALDEVINO;RUA NOGUEIRA ACIOLI;;0;;Atropelamento;Anoitecer;;;Cruz;Sem?â?íforo;Residencial;0;1;0;1;0;0;0;0;0;0;0;0;-3,738246000000000;-38,519630000000000
329776;14;4;2018;16:55;12207;RUA MORADA NOVA;RUA STA FILOMENA;;0;;Colis?â?úo;Luz do Dia;;;;;;0;1;0;1;0;0;0;0;0;1;0;0;;
329759;14;4;2018;14:38;0;RUA SABIAGUABA;;;1785;;Colis?â?úo;Luz do Dia;;;Meio de Quadra;;;0;1;0;0;0;0;0;0;0;0;0;0;-3,788895500000000;-38,442741800000000
329768;14;4;2018;15:57;0;RUA BAR RIO BRANCO;;;1172;;Atropelamento;Luz do Dia;;;Meio de Quadra;;;0;1;0;0;0;0;0;0;0;1;0;0;-3,728297696000000;-38,528850739000000
329756;14;4;2018;12:53;13376;RUA GONCALVES LEDO;RUA JOAO BRIGIDO;;0;;Colis?â?úo;Luz do Dia;;;Cruz;Pare;Residencial;0;1;0;1;0;0;0;0;0;1;0;0;-3,739611000000000;-38,518955000000000
329753;14;4;2018;11:58;0;RUA JACINTO MATOS;;;931;;Colis?â?úo;Luz do Dia;;;Meio de Quadra;;;0;1;0;1;0;0;0;0;0;1;0;0;-3,719714000000000;-38,546800000000000
329751;14;4;2018;10:56;0;RUA CEL FABRICIANO;;;865;;Colis?â?úo;Luz do Dia;;;Meio de Quadra;;;0;1;0;0;0;0;0;0;0;0;0;0;-3,785162250000000;-38,599354500000000
329749;14;4;2018;10:27;19611;AV GODOFREDO MACIEL;RUA NEREU RAMOS;;0;;Queda;Luz do Dia;;;T;Sem?â?íforo;Comercial;0;1;0;0;0;0;0;0;0;1;0;0;-3,787250000000000;-38,566802000000000
329735;14;4;2018;04:37;0;AV CAP WALDEMAR PAULA LIMA;;;700;;Queda;;;;Meio de Quadra;;;0;1;0;0;0;0;0;0;0;1;0;0;-3,820114000000000;-38,508291000000000
329736;14;4;2018;05:41;0;AV PRS COSTA E SILVA;;;213;;Queda;Amanhecer;;;Meio de Quadra;;;0;1;0;0;0;0;0;0;0;1;0;0;;
329737;14;4;2018;08:53;0;AV SEN FERNANDES TAVORA;;;1131;;Colis?â?úo;Luz do Dia;;;Meio de Quadra;;;0;1;0;1;0;0;0;0;0;1;0;0;-3,761930000000000;-38,582940000000000
329747;14;4;2018;10:25;9134;RUA MON OTAVIO CASTRO;RUA CARLOS RIBEIRO;;0;;Colis?â?úo;Luz do Dia;;;Cruz;Pare;Escola;0;1;0;1;0;0;0;0;0;1;0;0;-3,746618000000000;-38,527091000000000
315320;14;4;2018;15:03;340;RUA CESAR FONTENELE;RUA DOM JOSE LOURENCO  D27;;0;;Colis?â?úo Transversal;Luz do Dia;Bom;Seca;Cruz;Pare;Residencial;1;0;1;1;0;0;0;0;0;1;0;0;-3,745892000000000;-38,557429000000000
329781;14;4;2018;17:43;0;RUA TARCISIO PEIXOTO;;;1005;;Colis?â?úo;Anoitecer;;;Meio de Quadra;;;0;1;0;1;0;0;0;0;0;1;0;0;-3,749844603000000;-38,586231271000000
329794;14;4;2018;10:52;0;AV MAJ ASSIS;;;1357;;Atropelamento;Luz do Dia;;;Meio de Quadra;;;0;1;0;0;0;0;0;0;0;1;0;0;-3,722967384000000;-38,591383447000000
329795;14;4;2018;19:04;1826;TR JOAO CRISPIM 65;RUA MARIA QUINTINO;;0;;Colis?â?úo;;;;;;;0;1;0;0;0;0;0;0;0;1;0;0;-3,855959000000000;-38,500902000000000
329796;14;4;2018;21:44;0;RUA GOMES PASSOS;;;555;;Colis?â?úo;;;;Meio de Quadra;;;0;1;0;1;0;0;0;0;0;1;0;0;-3,711200000000000;-38,561350000000000
329797;14;4;2018;22:16;0;RUA MARTINS DE LIMA;;;904;;Queda;;;;Meio de Quadra;;;0;1;0;0;0;0;0;0;0;1;0;0;-3,828104400000000;-38,601879900000000
329798;14;4;2018;22:32;0;AV AUGUSTO DOS ANJOS;;;520;;Queda;;;;Meio de Quadra;;;0;1;0;0;0;0;0;0;0;1;0;0;-3,773439000000000;-38,573164000000000
329785;14;4;2018;18:00;22979;RUA MAD ELISA BALDO;RUA FRE ALEMAO;;0;;Queda;Anoitecer;;;Cruz;Pare;Comercial;0;1;0;0;0;0;0;0;0;1;0;0;-3,785835000000000;-38,544056000000000
327577;14;4;2018;09:45;0;RD CE-040;;;0;KM-06;Colis?â?úo;Luz do Dia;;Seca;Meio de Quadra;;;0;0;2;1;0;0;0;0;0;0;0;0;-3,809596804000000;-38,478733480000000
322408;14;4;2018;00:57;13436;AV ANTONIO SALES;RUA DR JOSE LOURENCO;;0;;Colis?â?úo Transversal;Via Iluminada;Bom;Seca;Cruz;Sem?â?íforo;Comercial;0;0;2;1;0;0;0;0;0;0;0;0;-3,742954000000000;-38,510450000000000
322409;14;4;2018;02:19;0;AV AGUANAMBI;;;236;;Choque c/ Obst?â?ículo Fixo;Via Iluminada;Bom;Seca;Rotat?â??ria;N?â?úo H?â?í Controle;Comercial;0;0;1;1;0;0;0;0;0;0;0;0;-3,756101800000000;-38,522240000000000
322410;14;4;2018;04:03;1623;AV SEN VIRGILIO TAVORA;RUA GAL TERTULIANO POTYGUARA;;0;;Colis?â?úo Transversal;Via Iluminada;Bom;Seca;Cruz;Sem?â?íforo;Comercial;0;0;2;1;0;0;0;0;0;0;0;0;-3,744710000000000;-38,495684000000000
322411;14;4;2018;04:14;3863;AV 13 DE MAIO;RUA SEN POMPEU;;0;;Colis?â?úo Transversal;Via Iluminada;Bom;Seca;Cruz;Sem?â?íforo;Comercial;0;0;1;1;0;0;0;0;0;0;0;0;-3,744515000000000;-38,534969000000000
322412;14;4;2018;08:00;23435;RUA FIS VIEIRA;RUA MON SALAZAR;;0;;Colis?â?úo Lateral;Luz do Dia;Bom;Seca;Cruz;Pare;Residencial;0;0;3;1;0;0;0;0;0;0;0;0;-3,756255000000000;-38,515394000000000
322413;14;4;2018;09:35;5201;RUA SAO PAULO;RUA FLORIANO PEIXOTO;;0;;Colis?â?úo Transversal;Luz do Dia;Bom;Seca;Cruz;Sem?â?íforo;Comercial;0;0;2;1;0;0;0;0;0;1;0;0;-3,726281000000000;-38,526784000000000
322414;14;4;2018;11:15;0;AV DR SILAS MUNGUBA;RUA IV CJ OITO DE SETEMBRO;;4491;;Queda;Luz do Dia;Bom;Seca;Meio de Quadra;Pare;Residencial;0;1;1;0;0;0;0;0;0;1;0;0;-3,792204100000000;-38,535812000000000
322415;14;4;2018;13:56;13376;RUA JOAO BRIGIDO;RUA GONCALVES LEDO;;0;;Colis?â?úo Transversal;Luz do Dia;Bom;Seca;Cruz;Pare;Residencial;0;0;2;1;0;0;0;0;0;1;0;0;-3,739611000000000;-38,518955000000000
322416;14;4;2018;12:42;9134;RUA CARLOS RIBEIRO;RUA MON OTAVIO CASTRO;;0;;N?â?úo Informado;Luz do Dia;Bom;Seca;Cruz;Pare;Escola;0;0;1;1;0;0;0;0;0;1;0;0;-3,746618000000000;-38,527091000000000
322418;14;4;2018;12:30;7926;RUA BARBOSA DE FREITAS;AV ANTONIO SALES;;0;;N?â?úo Informado;Luz do Dia;Bom;Seca;Cruz;Sem?â?íforo;Comercial;0;0;2;1;1;0;0;0;0;0;0;0;-3,746051000000000;-38,500407000000000
322419;14;4;2018;15:00;0;AV FRANCISCO SA;;;4180;;N?â?úo Informado;Luz do Dia;Bom;Seca;Meio de Quadra;N?â?úo H?â?í Controle;Comercial;0;1;0;0;0;0;0;0;0;1;0;0;-3,715676000000000;-38,562280000000000
322420;14;4;2018;20:09;0;RUA JOAO BRIGIDO;;;0;;Colis?â?úo Lateral;Anoitecer;Bom;Seca;Cruz;Sem?â?íforo;Residencial;0;0;1;1;0;0;0;0;0;0;0;0;-3,741912100000000;-38,511566000000000
322421;14;4;2018;20:43;17361;RUA BAR SOBRAL;RUA BAR CANINDE;;0;;Colis?â?úo Traseira;Via Iluminada;Bom;Seca;Cruz;Gesto;Comercial;0;1;1;0;0;0;0;0;0;1;0;0;-3,766148000000000;-38,555751000000000
322422;14;4;2018;20:00;1522;RUA EDUARDO GARCIA;RUA CEL JUCA;;0;;Colis?â?úo Transversal;Via Iluminada;Bom;Seca;Cruz;Pare;Residencial;0;2;0;0;0;0;0;0;0;0;0;0;-3,740419000000000;-38,492166000000000
322424;14;4;2018;08:30;0;AV PRS CASTELO BRANCO;;;3746;;Colis?â?úo Transversal;Luz do Dia;Bom;Seca;T;Sem?â?íforo;Residencial;0;0;2;1;0;0;0;0;0;0;0;0;-3,709247600000000;-38,565876000000000
322425;15;4;2018;09:10;0;AV ABOLICAO;;;3200;;Colis?â?úo Traseira;Luz do Dia;Chuva;Molhada;Meio de Quadra;N?â?úo H?â?í Controle;Comercial;0;0;2;1;0;0;0;0;0;0;0;0;-3,726669000000000;-38,490860000000000
322426;15;4;2018;12:21;0;AV ABOLICAO;;;3035;;Colis?â?úo Traseira;Luz do Dia;Bom;Seca;Cruz;Sem?â?íforo;Residencial;0;0;2;1;0;0;0;0;0;1;0;0;-3,726912000000000;-38,492260000000000
322427;15;4;2018;12:15;0;AV BEZERRA DE MENEZES;;;765;;Colis?â?úo Traseira;Luz do Dia;Bom;Seca;;;;0;1;1;0;0;0;0;0;0;1;0;0;-3,732901800000000;-38,551903000000000
322428;15;4;2018;12:48;0;RUA JULIO CESAR D04;AV EDUARDO GIRAO;;0;;Colis?â?úo Transversal;Luz do Dia;Bom;Molhada;Cruz;Sem?â?íforo;Residencial;0;1;1;1;0;0;0;0;0;1;0;0;-3,747445800000000;-38,540684000000000
322429;15;4;2018;15:04;7733;AV JOAO PESSOA;RUA BAR SOBRAL;;0;;Colis?â?úo Lateral;Luz do Dia;Bom;Seca;Duplo T;Sem?â?íforo;Residencial;0;0;2;1;1;0;0;0;0;0;0;0;-3,764488500000000;-38,558758000000000
322430;15;4;2018;15:30;17353;RUA TEODORICO BARROSO;RUA JOAQUIM PIMENTA;;0;;Colis?â?úo Transversal;Luz do Dia;Bom;Seca;Cruz;Pare;Residencial;0;0;2;1;0;0;0;0;0;0;0;0;-3,765788000000000;-38,544447000000000
322423;15;4;2018;05:14;26227;AV GAL OSORIO DE PAIVA;RUA AGAMENON;;0;;N?â?úo Informado;Via Iluminada;Bom;Seca;Cruz;Sem?â?íforo;Comercial;0;1;1;1;0;0;0;0;0;1;0;0;-3,790200700000000;-38,587933000000000
327401;15;4;2018;14:40;0;AV MR HULL;;;427;;Colis?â?úo Transversal;Luz do Dia;;;Meio de Quadra;;;0;0;2;1;0;0;0;0;0;0;0;0;;
327402;15;4;2018;20:00;0;RD BR 116;;;3000;KM-03;Colis?â?úo Lateral;;;;Meio de Quadra;;;0;0;2;1;0;0;0;0;0;0;0;0;-3,779838000000000;-38,514372000000000
329804;15;4;2018;02:22;0;RUA GAL BERNARDO FIGUEIREDO;;;380;;Queda;;;;Meio de Quadra;;;0;1;0;0;0;0;0;0;0;1;0;0;-3,739647000000000;-38,551719000000000
329815;15;4;2018;17:27;0;AV FRANCISCO SA;;;5590;;Atropelamento;Anoitecer;;;Meio de Quadra;;;0;1;0;1;0;0;0;0;0;0;0;0;-3,711723000000000;-38,574002000000000
329816;15;4;2018;17:40;0;AV JOVITA FEITOSA;;;303;;Queda;Anoitecer;;;Meio de Quadra;;;0;1;0;0;0;1;0;0;0;0;0;0;-3,737854000000000;-38,546780000000000
329817;15;4;2018;18:29;0;RUA JULIO BRAGA;;;1820;;Colis?â?úo;Anoitecer;;;Meio de Quadra;;;0;1;0;1;0;0;0;0;0;1;0;0;-3,773830907000000;-38,586487698000000
329818;15;4;2018;18:29;0;RUA CEL ERNESTO MATOS;;;1774;;;Anoitecer;;;Meio de Quadra;;;0;1;0;1;0;0;0;0;0;1;0;0;-3,828790000000000;-38,489530000000000
329819;15;4;2018;19:57;0;AV ODILON GUIMARAES;;;1745;;Colis?â?úo;;;;Meio de Quadra;;;0;1;0;0;0;0;0;0;0;0;0;0;-3,823052000000000;-38,477649000000000
329820;15;4;2018;21:20;0;RUA ISMAEL SILVA;;;381;;Queda;;;;Meio de Quadra;;;0;1;0;0;0;0;0;0;0;1;0;0;-3,847892047000000;-38,523817000000000
329821;15;4;2018;23:03;0;AV CARNEIRO DE MENDONCA;;;1724;;Queda;;;;Meio de Quadra;;;0;1;0;0;0;0;0;0;0;1;0;0;-3,760751001000000;-38,573205500000000
329808;15;4;2018;10:46;0;AV DR THEBERGE;;;0;;Colis?â?úo;Luz do Dia;;;Meio de Quadra;;;0;1;0;1;0;0;0;0;0;1;0;0;;
329809;15;4;2018;11:51;21607;RUA CON DE CASTRO;RUA LUIS VIEIRA;;0;;Colis?â?úo;Luz do Dia;;;Y;Pare;Comercial;0;1;0;1;0;0;0;0;0;1;0;0;-3,798405000000000;-38,585845000000000
329810;15;4;2018;13:18;15211;AV ABOLICAO;RUA PAULA BARROS;;0;;Colis?â?úo;Luz do Dia;;;Cruz;Sem?â?íforo;Comercial;0;1;0;1;0;0;0;0;0;1;0;0;-3,726831000000000;-38,492313000000000
329823;15;4;2018;06:45;0;RUA ESTEVAO DE CAMPOS;;;649;;Colis?â?úo;Luz do Dia;;;Meio de Quadra;;;0;1;0;1;0;0;0;0;0;1;0;0;-3,704709528000000;-38,580444667000000
326861;15;4;2018;06:20;25328;RUA PORTO VELHO;RUA TUPI D35;;0;;Colis?â?úo Transversal;Luz do Dia;;;Cruz;Pare;Residencial;0;2;1;1;0;0;0;0;0;1;0;0;-3,768111000000000;-38,583018000000000
326863;15;4;2018;16:00;0;AV PRS COSTA E SILVA;;;2605;;Colis?â?úo Traseira;Luz do Dia;;;Meio de Quadra;;;0;1;2;1;0;0;0;0;0;1;0;0;-3,820849000000000;-38,558904590000000
326869;16;4;2018;08:20;17513;AV ABOLICAO;RUA PEDRO RUFINO D48;;0;;Colis?â?úo Lateral;Luz do Dia;;;;;;0;2;1;1;0;0;0;0;0;1;0;0;-3,726087000000000;-38,487572000000000
326865;16;4;2018;21:15;12359;RUA JOCKEY CLUBE;ET PICI;;0;;Colis?â?úo Lateral;;;;;;;0;1;1;1;0;0;0;0;0;1;0;0;;
329824;16;4;2018;06:57;0;AV GODOFREDO MACIEL;;;1240;;Colis?â?úo;Luz do Dia;;;Meio de Quadra;;;0;1;0;1;0;0;0;0;0;1;0;0;-3,786733000000000;-38,566791000000000
329826;16;4;2018;07:25;0;RUA RAD JOAO RAMOS (DUNAS);;;2095;;Colis?â?úo;Luz do Dia;;;Meio de Quadra;;;0;1;0;1;0;0;0;0;0;1;0;0;;
329827;16;4;2018;;0;AV GODOFREDO MACIEL;;;2213;;Colis?â?úo;Luz do Dia;;;Meio de Quadra;;;0;1;0;0;0;0;0;0;0;1;0;0;-3,794889500000000;-38,569188500000000
329829;16;4;2018;14:42;0;AV SGT HERMINIO SAMPAIO;;;3903;;Colis?â?úo;Luz do Dia;;;Meio de Quadra;;;0;1;0;0;0;0;0;0;0;0;0;0;-3,729827000000000;-38,574930000000000
329830;16;4;2018;16:21;0;TR PRIMEIRO DE MAIO D34;;;874;;Colis?â?úo;Luz do Dia;;;Meio de Quadra;;;0;1;0;0;0;0;0;0;0;0;0;0;-3,781500000000000;-38,593180000000000
329831;16;4;2018;16:50;0;RUA JOSE NOGUEIRA FREIRE;;;180;;Atropelamento;Luz do Dia;;;Meio de Quadra;;;0;1;0;0;0;0;0;0;0;1;0;0;;
329832;16;4;2018;17:52;0;AV HILDEBRANDO DE MELO;;;811;;Queda;Anoitecer;;;Meio de Quadra;;;0;1;0;0;0;0;0;0;0;1;0;0;;
329833;16;4;2018;17:54;0;AV BENJAMIM BRASIL;;;2100;;Queda;Anoitecer;;;Meio de Quadra;;;0;1;0;0;0;0;0;0;0;1;0;0;-3,808173655000000;-38,558265572000000
329834;16;4;2018;18:16;0;AV BEZERRA DE MENEZES;;;1210;;Colis?â?úo;Anoitecer;;;Meio de Quadra;;;0;1;0;1;0;0;0;0;0;1;0;0;-3,733850684000000;-38,555681053000000
329835;16;4;2018;19:07;12002;AV CASTELO DE CASTRO;RUA 204 CJ SAO CRISTOVAO;;0;;Colis?â?úo;;;;Cruz;N?â?úo H?â?í Controle;Comercial;0;1;0;0;0;0;0;0;0;1;0;0;-3,832675000000000;-38,521546000000000
329836;16;4;2018;19:30;6732;RUA ANDRADE FURTADO;RUA JULIO AZEVEDO;;0;;Colis?â?úo;;;;Cruz;Pare;Comercial;0;1;0;1;0;0;0;0;0;1;0;0;-3,744567000000000;-38,483306000000000
329837;16;4;2018;19:59;0;RUA ARTUR DE CARVALHO;;;2200;;Colis?â?úo;;;;Meio de Quadra;;;0;1;0;1;0;0;0;0;0;0;0;0;;
322431;16;4;2018;07:53;0;RUA JOAQUIM MAGALHAES;;;16;;Colis?â?úo Frontal;Luz do Dia;Nublado;Molhada;Meio de Quadra;N?â?úo H?â?í Controle;Comercial;0;0;2;1;0;0;0;0;0;0;0;0;-3,737247200000000;-38,535470000000000
322433;16;4;2018;07:55;10935;RUA BAR CANINDE;RUA ELCIAS LOPES;;0;;Colis?â?úo Transversal;Luz do Dia;Chuva;Molhada;Cruz;Pare;Comercial;0;1;1;0;1;0;0;0;0;1;0;0;-3,770473000000000;-38,557426000000000
322434;16;4;2018;08:56;24970;AV ALM HENRIQUE SABOIA;RUA VICENTE LEITE;;0;;N?â?úo Informado;Luz do Dia;Nublado;Molhada;Cruz;Pare;Comercial;0;0;2;1;0;0;0;0;0;0;0;0;-3,752102000000000;-38,499821000000000
322435;16;4;2018;09:40;15337;RUA PEREIRA FILGUEIRAS;RUA JOSE VILAR;;0;;Colis?â?úo Transversal;Luz do Dia;Bom;Seca;N?â?úo Informado;Sem?â?íforo;Comercial;0;0;2;1;0;0;0;0;0;1;0;0;-3,731461000000000;-38,503284000000000
322436;16;4;2018;09:48;0;AV GODOFREDO MACIEL;;;2740;;Colis?â?úo Lateral;Luz do Dia;Bom;Seca;Meio de Quadra;N?â?úo H?â?í Controle;Comercial;0;0;2;0;1;0;0;0;0;0;0;0;-3,799430600000000;-38,570908000000000
322437;16;4;2018;09:06;8920;RUA GIL AMORA;RUA PRC ISABEL;;0;;Colis?â?úo Lateral;Luz do Dia;Nublado;Molhada;Cruz;Pare;Residencial;0;0;2;1;0;0;0;0;0;0;0;0;-3,735488000000000;-38,538096000000000
322438;16;4;2018;11:30;0;AV DOM LUIS;;;565;;Colis?â?úo Lateral;Luz do Dia;Nublado;Seca;Meio de Quadra;N?â?úo H?â?í Controle;Comercial;0;1;1;0;0;0;0;0;0;1;0;0;-3,733672600000000;-38,496094000000000
322439;16;4;2018;13:50;5777;RUA CHICO LEMOS;RUA JOSE A CAVALCANTE;;0;;Colis?â?úo Transversal;Luz do Dia;Bom;Seca;Cruz;Pare;Residencial;0;1;1;1;0;0;0;0;0;1;0;0;-3,790905000000000;-38,499317000000000
322440;16;4;2018;13:45;0;RUA ENG LUIS MONTENEGRO;;;107;;Choque c/ Obst?â?ículo Fixo;Luz do Dia;Bom;Seca;Meio de Quadra;N?â?úo H?â?í Controle;Residencial;0;0;1;0;0;0;0;0;0;0;0;0;-3,815481700000000;-38,613914000000000
322441;16;4;2018;19:47;0;RUA B;;;0;;Colis?â?úo Transversal;Mal Iluminada;Nublado;Seca;Meio de Quadra;N?â?úo H?â?í Controle;Comercial;0;1;1;1;0;0;0;0;0;1;0;0;-3,772321700000000;-38,479717000000000
322442;16;4;2018;19:57;0;AV SANTOS DUMONT;;;3131;;Colis?â?úo Lateral;Via Iluminada;Chuva;Molhada;Meio de Quadra;Sem?â?íforo;Comercial;0;0;1;1;0;0;0;0;0;0;0;0;-3,736498600000000;-38,496323000000000
322443;16;4;2018;21:08;0;AV FRANCISCO SA;;;5481;;N?â?úo Informado;Via Iluminada;Nublado;Seca;Meio de Quadra;N?â?úo H?â?í Controle;Residencial;0;0;2;1;0;0;0;0;0;1;0;0;-3,711970800000000;-38,573230000000000
322444;16;4;2018;21:07;24286;RUA CASTRO MONTE;RUA PEREIRA VALENTE;;0;;Colis?â?úo Transversal;Via Iluminada;Bom;Seca;Cruz;N?â?úo H?â?í Controle;Residencial;0;0;2;1;0;0;0;0;0;1;0;0;-3,734725000000000;-38,485966000000000
322445;16;4;2018;19:36;14455;RUA PDE FROTA;RUA DEMOCRITO ROCHA;;0;;Colis?â?úo Transversal;Via Iluminada;Bom;Seca;Cruz;Gesto;Residencial;0;1;1;1;0;0;0;0;0;0;0;0;-3,726455000000000;-38,548242000000000
322446;16;4;2018;19:58;14451;AV BENJAMIM BARROSO;RUA DEMOCRITO ROCHA;;0;;Colis?â?úo Transversal;Via Iluminada;Bom;Seca;Cruz;Gesto;Residencial;0;1;1;1;0;0;0;0;0;0;0;0;-3,726248000000000;-38,549837000000000
322483;16;4;2018;21:27;0;AV PRS COSTA E SILVA;;;591;;Colis?â?úo Traseira;Via Iluminada;Bom;Seca;Meio de Quadra;N?â?úo H?â?í Controle;Comercial;0;0;1;1;0;0;0;0;0;0;0;0;-3,832350700000000;-38,500990000000000
322497;17;4;2018;20:14;0;AV CASTELO DE CASTRO;;;618;;Colis?â?úo Lateral;Via Iluminada;Bom;Seca;Cruz;Pare;Comercial;0;1;1;1;0;0;0;0;0;1;0;0;-3,834639800000000;-38,521670000000000
322448;17;4;2018;07:54;7982;RUA MAJ WEYNE;RUA CARLOS CAMARA;;1;;Colis?â?úo Transversal;Luz do Dia;Chuva;Molhada;Cruz;Pare;Residencial;0;0;1;1;0;0;0;0;0;0;0;0;-3,748600000000000;-38,544497000000000
322449;17;4;2018;07:53;0;RUA CHICO FRANCA;RUA ANGELICA GURGEL;;0;;Colis?â?úo Transversal;Luz do Dia;Chuva;Molhada;Cruz;Pare;Residencial;0;0;2;0;1;0;0;0;0;1;0;0;-3,834696300000000;-38,499050000000000
322450;17;4;2018;09:18;8018;AV JOAO PESSOA;RUA JOSE MONTEIRO DOS SANTOS;;0;;Colis?â?úo Lateral;Luz do Dia;Chuva;Molhada;T;Sem?â?íforo;Comercial;0;1;1;1;0;0;0;0;0;1;0;0;-3,751769000000000;-38,548869000000000
322451;17;4;2018;10:29;5199;RUA LIBERATO BARROSO;RUA PRC ISABEL;;0;;Colis?â?úo Lateral;Via Iluminada;Chuva;Molhada;Cruz;Pare;Comercial;0;1;0;1;0;0;0;0;0;1;0;0;-3,726167000000000;-38,535356000000000
322452;17;4;2018;14:00;8934;AV DOMINGOS OLIMPIO;RUA PDE MORORO;;0;;Colis?â?úo Transversal;Luz do Dia;Nublado;Seca;Cruz;Sem?â?íforo;Residencial;0;1;1;1;1;0;0;0;0;0;0;0;-3,733752000000000;-38,539949000000000
322453;17;4;2018;17:17;7957;AV BAR STUDART;AV PONTES VIEIRA;;0;;Colis?â?úo Traseira;Luz do Dia;Nublado;Seca;T;Sem?â?íforo;Comercial;0;0;2;0;1;0;0;0;0;0;0;0;-3,752590000000000;-38,512361000000000
322454;17;4;2018;19:31;0;AV EDUARDO GIRAO;RUA DEP OSWALDO STUDART;;0;;N?â?úo Informado;Via Iluminada;Nublado;Seca;Cruz;Sem?â?íforo;Comercial;0;0;2;1;1;0;0;0;0;0;0;0;-3,755403500000000;-38,529700000000000
322455;17;4;2018;17:55;0;RUA STA ESMERALDA D56;RUA STA TEREZINHA DO MEN JES E DA SAG FACE;;0;;N?â?úo Informado;Via Iluminada;Bom;Seca;Meio de Quadra;N?â?úo H?â?í Controle;Comercial;0;0;2;1;1;0;0;0;0;0;0;0;-3,752964500000000;-38,496975000000000
322456;17;4;2018;21:00;24195;AV ENG SANTANA JUNIOR;RUA PASCOAL CASTRO ALVES;;0;;Colis?â?úo Lateral;Mal Iluminada;Bom;Seca;Cruz;N?â?úo H?â?í Controle;Residencial;0;0;2;1;0;0;0;0;0;0;0;0;-3,731999000000000;-38,479778000000000
329825;17;4;2018;15:16;16050;RUA CARLOS PIMENTA;AV GODOFREDO MACIEL;;0;;Queda;Luz do Dia;;;;;;0;1;0;0;0;0;0;0;0;1;0;0;;
329812;17;4;2018;11:44;0;ET PICI;;;0;;Atropelamento;Luz do Dia;;;Meio de Quadra;;;0;1;0;0;0;0;0;0;0;1;0;0;;
329842;17;4;2018;16:38;0;RUA E CJ JD PRIMAVERA;;;60;;Colis?â?úo;Luz do Dia;;;Meio de Quadra;;;0;1;0;1;0;0;0;0;0;1;0;0;-3,799253243000000;-38,547448730000000
329844;17;4;2018;16:41;0;AV PRO GOMES DE MATOS;;;557;;Atropelamento;Luz do Dia;;;Meio de Quadra;;;0;1;0;0;0;0;0;0;0;1;0;0;-3,758580366000000;-38,543404634000000