COD_ACIDENTE;DIA;MES;ANO;HORA;INTERSECAO;LOG1;LOG2;LOG3;NUMERO;REFERENCIA;NATUREZA;ILUMINACAO;TEMPO;SUPERFICIEPISTA;TIPOCRUZAMENTO;CONTROLETRAFEGO;USOSOLO;MORTOS;FERIDOS;ILESOS;AUTOMOVEL;ONIBUS;BICICLETA;CAMINHAO;MICROONIBUS;CICLOMOTOR;MOTOCICLETA;TRACAOANIMAL;TREM;LATITUDE;LONGITUDE
329857;17;4;2018;21:56;0;RUA BAIXA DO MILAGRE;;;2850;;Queda;;;;Meio de Quadra;;;0;1;0;0;0;0;0;0;0;1;0;0;-3,727860783000000;-38,604675261000000
329852;17;4;2018;18:34;25739;RUA VER PEDRO PAULO MOREIRA;RUA LIDIA BRIGIDO;;0;;Queda;;;;T;Pare;Residencial;0;1;0;0;0;0;0;0;0;1;0;0;-3,787308000000000;-38,485027000000000
329853;17;4;2018;19:19;0;RUA EDUARDO PERDIGAO;;;120;;Colis?â?úo;;;;Meio de Quadra;;;0;1;0;0;0;0;0;0;0;0;0;0;-3,775579000000000;-38,564769000000000
329847;17;4;2018;17:14;0;AV BEIRA MAR;;;3120;;Colis?â?úo;Anoitecer;;;Meio de Quadra;;;0;1;0;0;0;0;0;0;0;0;0;0;-3,725914001000000;-38,493789500000000
329848;17;4;2018;17:22;0;AV JOSE BASTOS;;;4536;;Colis?â?úo;Anoitecer;;;Meio de Quadra;;;0;1;0;0;0;0;0;0;0;1;0;0;-3,756192000000000;-38,556737499000000
329850;17;4;2018;17:43;0;RUA SAO PAULO;;;2057;;Atropelamento;Anoitecer;;;Meio de Quadra;;;0;1;0;0;0;0;0;0;0;1;0;0;-3,720726000000000;-38,543685000000000
329822;17;4;2018;14:50;0;AL CRAVINAS;;;409;;Atropelamento;Luz do Dia;;;Meio de Quadra;;;0;1;0;1;0;0;0;0;0;0;0;0;-3,750680000000000;-38,473760000000000
329803;17;4;2018;10:42;0;AV LINEU MACHADO;;;981;;Queda;Luz do Dia;;;Meio de Quadra;;;0;1;0;0;0;0;0;0;0;1;0;0;-3,768284600000000;-38,578156500000000
329790;17;4;2018;09:26;0;AV GOV RAUL BARBOSA;;;0;;Colis?â?úo;Luz do Dia;;;Meio de Quadra;;;0;1;0;1;0;0;0;0;0;1;0;0;;
329859;17;4;2018;23:15;0;AV DR SILAS MUNGUBA;;;0;;Colis?â?úo;;;;Meio de Quadra;;;0;1;0;1;0;0;0;0;0;1;0;0;;
329855;17;4;2018;21:10;0;RUA STA CECILIA D18;;;306;;Queda;;;;Meio de Quadra;;;0;1;0;0;0;1;0;0;0;0;0;0;-3,718510000000000;-38,605060000000000
315329;17;4;2018;02:48;7211;AV DR THEBERGE;AV PRS CASTELO BRANCO;;0;;Atropelamento;;;;Cruz;Sem?â?íforo;Comercial;1;0;1;1;0;0;0;0;0;0;0;0;-3,710079000000000;-38,563456000000000
329769;17;4;2018;00:48;0;AV MIN JOSE AMERICO;;;150;;Queda;;;;Meio de Quadra;;;0;1;0;0;0;0;0;0;0;1;0;0;-3,812415501000000;-38,498417999000000
329770;17;4;2018;05:38;0;RUA PRO COSTA MENDES;;;2065;;Atropelamento;Amanhecer;;;Meio de Quadra;;;0;1;0;1;0;0;0;0;0;0;0;0;-3,746654048000000;-38,555785572000000
329774;17;4;2018;07:53;24937;AV DR SILAS MUNGUBA;RUA MANUEL TEOFILO;;0;;Colis?â?úo;Luz do Dia;;;Cruz;N?â?úo H?â?í Controle;Residencial;0;1;0;1;0;0;0;0;0;1;0;0;-3,780481000000000;-38,558947000000000
327404;17;4;2018;10:00;0;AV MR HULL;;;429;;Colis?â?úo Traseira;Luz do Dia;;;Meio de Quadra;;;0;0;2;1;0;0;0;0;0;0;0;0;;
327405;17;4;2018;17:30;0;AV MR HULL;;;430;;Tombamento;Anoitecer;;;Meio de Quadra;;;0;2;0;0;0;0;0;0;0;1;0;0;;
327578;17;4;2018;17:00;0;AV SEN CARLOS JEREISSATI (AEROPORTO);;;0;KM 04;Colis?â?úo;Anoitecer;;Seca;Meio de Quadra;;;0;0;2;1;0;0;0;0;0;1;0;0;-3,774020000000000;-38,550907000000000
326871;17;4;2018;21:04;0;AV FRE CIRILO;;;4027;;Colis?â?úo Lateral;;;;Meio de Quadra;;;0;1;1;1;0;0;1;0;0;0;0;0;-3,820095000000000;-38,496207000000000
326872;17;4;2018;11:30;7403;AV SEN FERNANDES TAVORA;RUA ARACAJU;;0;;Colis?â?úo Transversal;Luz do Dia;;;Cruz;Pare;Comercial;0;1;1;1;0;0;0;0;0;1;0;0;-3,759398000000000;-38,587377000000000
326874;18;4;2018;15:50;0;AV DR THEBERGE;;;2520;;Colis?â?úo Transversal;Luz do Dia;;;Meio de Quadra;;;0;1;1;1;0;0;0;0;0;1;0;0;-3,724688500000000;-38,568236500000000
326876;18;4;2018;03:00;0;AV GAL OSORIO DE PAIVA;;;5883;;Choque c/ Obst?â?ículo Fixo;;;;Meio de Quadra;;;0;1;0;1;0;0;0;0;0;0;0;0;-3,807904000000000;-38,605148000000000
326879;18;4;2018;23:59;23952;AV CESAR CALS;RUA MIGUEL CALMON;;0;;Colis?â?úo Transversal;;;;Cruz;N?â?úo H?â?í Controle;Comercial;0;1;1;1;0;0;0;0;0;1;0;0;-3,726534000000000;-38,461558000000000
327579;18;4;2018;08:00;0;RD CE-040;;;0;KM-13;Colis?â?úo;Luz do Dia;;Seca;Meio de Quadra;;;0;0;2;1;0;0;0;0;0;0;0;0;-3,866093254000000;-38,468936820000000
327580;18;4;2018;13:30;0;RD CE-025;;;0;KM-01;Colis?â?úo;Luz do Dia;;Seca;Meio de Quadra;;;0;0;2;1;0;0;0;0;0;0;0;0;-3,807811443000000;-38,470048600000000
327581;18;4;2018;18:00;0;RD CE-040;;;3171;FAROESTE - KM 14;Colis?â?úo;Mal Iluminada;;Seca;Meio de Quadra;;;0;0;2;0;0;0;0;0;0;1;0;0;-3,752392518000000;-38,490747350000000
329902;18;4;2018;17:52;0;AV WASHINGTON SOARES;;;0;;Colis?â?úo;Anoitecer;;;Meio de Quadra;;;0;1;0;1;0;0;0;0;0;1;0;0;;
329895;18;4;2018;16:50;0;AV SGT HERMINIO SAMPAIO;;;2148;;Colis?â?úo;Luz do Dia;;;Meio de Quadra;;;0;1;0;1;0;0;0;0;0;1;0;0;-3,726180500000000;-38,559423500000000
329897;18;4;2018;17:29;0;RUA PIN ANTONIO BANDEIRA;;;120;;Colis?â?úo;Anoitecer;;;Meio de Quadra;;;0;1;0;0;0;0;0;0;0;0;0;0;-3,717811700000000;-38,467315400000000
329860;18;4;2018;02:26;0;AV GAL OSORIO DE PAIVA;;;0;;Colis?â?úo;;;;Meio de Quadra;;;0;1;0;0;0;0;0;0;0;0;0;0;;
329865;18;4;2018;06:48;0;RUA JOAQUIM ALFREDO;;;253;;Queda;Luz do Dia;;;Meio de Quadra;;;0;2;0;0;0;0;0;0;0;1;0;0;-3,807661607000000;-38,582949936000000
329868;18;4;2018;06:57;0;RUA FAUSTO CABRAL;;;1150;;Colis?â?úo;Luz do Dia;;;Meio de Quadra;;;0;1;0;1;0;0;0;0;0;1;0;0;-3,735203088000000;-38,471104441000000
329878;18;4;2018;07:29;0;RUA EMILIO DE MENESES;;;1103;;Queda;Luz do Dia;;;Meio de Quadra;;;0;1;0;0;0;0;0;0;0;1;0;0;-3,780596904000000;-38,591487932000000
329879;18;4;2018;07:59;0;AV WASHINGTON SOARES;;;4527;;Queda;Luz do Dia;;;Meio de Quadra;;;0;2;0;0;0;0;0;0;0;1;0;0;-3,798220000000000;-38,479749000000000
329880;18;4;2018;08:06;0;AV DOMINGOS OLIMPIO;;;0;;Queda;Luz do Dia;;;Meio de Quadra;;;0;1;0;0;0;0;0;0;0;1;0;0;;
329881;18;4;2018;08:43;15114;AV HIS RAIMUNDO GIRAO;RUA CAMOCIM;;0;;Colis?â?úo;Luz do Dia;;;T;;Residencial;0;1;0;1;0;0;0;0;0;1;0;0;-3,722904000000000;-38,506776000000000
329882;18;4;2018;09:25;1367;RUA DES LEITE ALBUQUERQUE;RUA SABINO PIRES;;0;;Colis?â?úo;Luz do Dia;;;T;N?â?úo H?â?í Controle;Comercial;0;1;0;1;0;0;0;0;0;1;0;0;-3,736380000000000;-38,501280000000000
329883;18;4;2018;09:49;0;RUA JULIO BRAGA;;;1639;;Colis?â?úo;Luz do Dia;;;Meio de Quadra;;;0;1;0;1;0;0;0;0;0;1;0;0;-3,773297621000000;-38,585393346000000
329884;18;4;2018;10:11;0;RUA MONTE PASCOAL;;;733;;Colis?â?úo;Luz do Dia;;;Meio de Quadra;;;0;1;0;0;0;0;0;0;0;0;0;0;;
329885;18;4;2018;13:33;0;AV PDE ANTONIO TOMAS;;;0;;Atropelamento;Luz do Dia;;;Meio de Quadra;;;0;1;0;0;0;0;0;0;0;0;0;0;;
329886;18;4;2018;14:52;0;AV OLIVEIRA PAIVA;;;0;;Colis?â?úo;Luz do Dia;;;Meio de Quadra;;;0;1;0;1;0;1;0;0;0;0;0;0;;
329887;18;4;2018;15:18;0;AV UM (ARVOREDO);;;0;;Colis?â?úo;Luz do Dia;;;Meio de Quadra;;;0;1;0;1;0;1;0;0;0;0;0;0;;
329888;18;4;2018;15:29;0;RUA ORIENTE D21;;;827;;Queda;Luz do Dia;;;Meio de Quadra;;;0;1;0;0;0;1;0;0;0;0;0;0;;
329925;18;4;2018;23:22;0;RD BR 116;;;4000;KM-04;Colis?â?úo;;;;Meio de Quadra;;;0;1;0;1;0;0;0;0;0;1;0;0;-3,802354000000000;-38,503869000000000
329922;18;4;2018;20:13;9671;RUA ARI MAIA;RUA OSCAR FRANCA;;0;;Colis?â?úo;;;;Cruz;Pare;Residencial;0;1;0;0;0;0;0;0;0;0;0;0;-3,784963000000000;-38,621799000000000
329923;18;4;2018;22:00;0;RUA RIO GRANDE DO SUL;;;577;;Colis?â?úo;;;;Meio de Quadra;;;0;1;0;1;0;0;0;0;0;1;0;0;-3,754021000000000;-38,564619000000000
329917;18;4;2018;19:33;0;AV COSTA OESTE;;;1607;;Colis?â?úo;;;;Meio de Quadra;;;0;1;0;1;0;0;0;0;0;1;0;0;-3,695760000000000;-38,580100000000000
329919;18;4;2018;20:03;0;AV GOV PARSIFAL BARROSO;;;0;;Queda;;;;Meio de Quadra;;;0;1;0;0;0;1;0;0;0;0;0;0;;
329907;18;4;2018;17:59;5372;RUA DNA LEOPOLDINA;RUA PINTO MADEIRA;;0;;Colis?â?úo;Anoitecer;;;Cruz;Sem?â?íforo;Comercial;0;1;0;1;0;1;0;0;0;0;0;0;-3,731650000000000;-38,519664000000000
329908;18;4;2018;18:22;0;RUA DOM HENRIQUE;;;143;;Atropelamento;Anoitecer;;;Meio de Quadra;;;0;1;0;0;0;1;0;0;0;0;0;0;-3,789639334000000;-38,579281111000000
322457;18;4;2018;06:41;0;AV PRS CASTELO BRANCO;;;400;;Colis?â?úo Transversal;Luz do Dia;Nublado;Molhada;Meio de Quadra;N?â?úo H?â?í Controle;Comercial;0;1;1;0;1;0;0;0;0;1;0;0;-3,720920800000000;-38,529144000000000
322458;18;4;2018;09:01;17326;RUA ALBERTO MAGNO;RUA ALAN KARDEC;;0;;Colis?â?úo Transversal;Luz do Dia;Bom;Seca;Cruz;Pare;Comercial;0;0;2;1;0;0;0;0;0;0;0;0;-3,764796000000000;-38,549918000000000
322459;18;4;2018;09:16;12930;RUA EUSEBIO DE SOUZA;AV DOMINGOS OLIMPIO;;0;;Colis?â?úo Lateral;Luz do Dia;Nublado;Seca;Cruz;Pare;Comercial;0;0;2;1;0;0;0;0;0;0;0;0;-3,738402000000000;-38,525362000000000
322460;18;4;2018;09:49;0;AV PRO GOMES DE MATOS;RUA DES PRAXEDES;;0;;Colis?â?úo Traseira;Luz do Dia;Bom;Seca;Cruz;Sem?â?íforo;Comercial;0;0;2;1;0;0;0;0;0;0;0;0;-3,762008700000000;-38,546337000000000
322461;18;4;2018;11:05;0;RUA MARCOS MACEDO;;;580;;Colis?â?úo Traseira;Luz do Dia;Nublado;Seca;Meio de Quadra;N?â?úo H?â?í Controle;Comercial;0;2;0;1;0;0;0;0;0;0;0;0;-3,734691400000000;-38,496550000000000
322462;18;4;2018;15:30;0;RUA SENA MADUREIRA;;;854;;Colis?â?úo Transversal;Luz do Dia;Bom;Seca;Outros;Sem?â?íforo;Comercial;0;0;2;1;0;0;0;0;0;0;0;0;-3,728624600000000;-38,525830000000000
322463;18;4;2018;14:08;0;RUA NUBIA BARROCAS;;;57;;Colis?â?úo Lateral;Luz do Dia;Bom;Seca;Meio de Quadra;N?â?úo H?â?í Controle;Residencial;0;1;1;0;0;0;0;0;0;0;0;0;-3,787630300000000;-38,482400000000000
322464;18;4;2018;19:23;1716;AV GOV RAUL BARBOSA;AV GAL MURILO BORGES;;0;;Colis?â?úo Transversal;Via Iluminada;Bom;Seca;Rotat?â??ria;Pare;Residencial;0;0;2;1;0;0;0;0;0;0;0;0;-3,763977000000000;-38,508802000000000
322466;18;4;2018;13:20;17377;RUA ELVIRA PINHO;RUA BAR CANINDE;;0;;Colis?â?úo Transversal;Luz do Dia;Bom;Seca;Cruz;Pare;Comercial;0;0;2;1;0;0;0;0;0;0;0;0;-3,766881000000000;-38,556147000000000
322467;19;4;2018;07:40;1661;RUA JOAQUIM NABUCO;RUA VICENTE LINHARES;;0;;Colis?â?úo Transversal;Luz do Dia;Bom;Seca;Cruz;Sem?â?íforo;Residencial;0;1;1;1;0;0;0;0;0;1;0;0;-3,741195000000000;-38,503180000000000
322468;19;4;2018;07:55;0;AV ALBERTO CRAVEIRO;;;1240;;Colis?â?úo;Luz do Dia;Bom;Seca;Meio de Quadra;Pare;Residencial;0;1;1;0;0;1;0;0;0;0;0;0;-3,823837300000000;-38,536785000000000
322469;19;4;2018;07:40;1375;AV SANTOS DUMONT;RUA BARBOSA DE FREITAS;;0;;Colis?â?úo Lateral;Luz do Dia;Bom;Seca;Cruz;Sem?â?íforo;Comercial;0;2;1;0;1;0;0;0;0;0;0;0;-3,736551000000000;-38,497363000000000
322470;19;4;2018;09:30;7855;RUA CEL JUCA;RUA HENRIQUETA GALENO;;0;;Colis?â?úo Transversal;Luz do Dia;Bom;Seca;Cruz;Pare;Comercial;0;1;1;1;0;0;0;0;0;1;0;0;-3,746989000000000;-38,494284000000000
322471;19;4;2018;12:20;15141;AV MON TABOSA;RUA CARLOS VASCONCELOS;;0;;Colis?â?úo Lateral;Luz do Dia;Bom;Seca;Cruz;Sem?â?íforo;Comercial;0;1;1;1;0;0;0;0;0;1;0;0;-3,724289000000000;-38,507985000000000
322472;19;4;2018;13:39;0;RUA MARTINHO RODRIGUES;;;431;;Colis?â?úo Transversal;Luz do Dia;Bom;Seca;Meio de Quadra;N?â?úo H?â?í Controle;Residencial;0;0;2;0;0;0;0;0;0;0;0;0;-3,755775500000000;-38,527750000000000
322473;19;4;2018;15:21;15317;RUA NUNES VALENTE;RUA TEN BENEVOLO;;0;;Colis?â?úo Transversal;Luz do Dia;Bom;Seca;Cruz;Pare;Residencial;0;1;1;0;1;0;0;0;0;1;0;0;-3,730365000000000;-38,501859000000000
322474;19;4;2018;14:22;0;RUA GUSTAVO BRAGA;;;80;;Colis?â?úo Lateral;Luz do Dia;Bom;Seca;Meio de Quadra;Sem?â?íforo;Residencial;0;0;2;1;0;0;0;0;0;1;0;0;-3,751281700000000;-38,552322000000000
322475;19;4;2018;18:33;0;AV DOMINGOS OLIMPIO;;;179;;Colis?â?úo Traseira;Via Iluminada;Bom;Seca;Meio de Quadra;N?â?úo H?â?í Controle;Comercial;0;0;2;1;1;0;0;0;0;0;0;0;-3,738336000000000;-38,525930000000000
322476;19;4;2018;20:22;0;AV PONTES VIEIRA;;;1266;;N?â?úo Informado;Via Iluminada;Bom;Seca;Meio de Quadra;N?â?úo H?â?í Controle;Comercial;0;0;4;1;0;0;0;0;0;0;0;0;-3,752364400000000;-38,510372000000000
322477;19;4;2018;17:40;0;RUA NAPOLEAO LAUREANO;;;405;;Colis?â?úo Lateral;Via Iluminada;Bom;Seca;Meio de Quadra;Pare;Residencial;0;1;1;1;0;0;0;0;0;1;0;0;-3,752523400000000;-38,539460000000000
322478;19;4;2018;21:19;13938;RUA VER PEDRO PAULO MOREIRA;RUA JUNIOR ROCHA;;0;;Colis?â?úo Transversal;Via Iluminada;Bom;Seca;Cruz;Pare;Residencial;0;1;0;0;0;0;0;0;0;1;0;0;-3,787178000000000;-38,487345000000000
322465;19;4;2018;01:08;25782;AV SANTOS DUMONT;RUA PRA FRANCISCA ALMEIDA DE SOUSA;;0;;Colis?â?úo Transversal;Via Iluminada;Bom;Seca;Cruz;Pare;Residencial;0;0;2;0;0;0;0;0;0;0;0;0;-3,749682000000000;-38,456575000000000
329932;19;4;2018;06:52;0;RUA PERILIO TEIXEIRA;;;1043;;Colis?â?úo;Luz do Dia;;;Meio de Quadra;;;0;2;0;0;0;0;0;0;0;1;0;0;-3,755858000000000;-38,601174000000000
329933;19;4;2018;07:06;0;AV JOVITA FEITOSA;;;2153;;Colis?â?úo;Luz do Dia;;;Meio de Quadra;;;0;1;0;1;0;0;0;0;0;1;0;0;-3,739910565000000;-38,556738956000000
329934;19;4;2018;07:16;0;AV ALBERTO CRAVEIRO;;;1240;;Colis?â?úo;Luz do Dia;;;Meio de Quadra;;;0;1;0;1;0;1;0;0;0;0;0;0;-3,791548833000000;-38,517273167000000
329941;19;4;2018;10:19;0;AV MIN JOSE AMERICO;;;730;;Colis?â?úo;Luz do Dia;;;Meio de Quadra;;;0;1;0;1;0;0;0;0;0;1;0;0;-3,810151000000000;-38,493200000000000
329939;19;4;2018;08:00;0;AV I CJ CEARA;;;1245;;Queda;Luz do Dia;;;Meio de Quadra;;;0;1;0;0;0;0;0;0;0;1;0;0;-3,773254000000000;-38,598835000000000
329929;19;4;2018;05:02;0;AV DR THEBERGE;;;1637;;Colis?â?úo;Amanhecer;;;Meio de Quadra;;;0;1;0;1;0;0;0;0;0;0;0;0;-3,715989000000000;-38,565388000000000
329976;19;4;2018;18:22;0;AV JOSE BASTOS;;;3480;;Colis?â?úo;Anoitecer;;;Meio de Quadra;;;0;1;0;0;0;0;0;0;0;1;0;0;-3,749887000000000;-38,550348000000000
329977;19;4;2018;18:48;0;AV PRO GOMES DE MATOS;;;335;;Colis?â?úo;;;;Meio de Quadra;;;0;1;0;1;0;0;0;0;0;1;0;0;-3,757193000000000;-38,542215000000000
329957;19;4;2018;11:55;19080;RUA ANDRE DALL OLIO;RUA JULIO AZEVEDO;;0;;Colis?â?úo;Luz do Dia;;;Cruz;Pare;Comercial;0;1;0;1;0;0;0;0;0;1;0;0;-3,737327000000000;-38,478775000000000
329962;19;4;2018;12:14;19331;AV GAL OSORIO DE PAIVA;RUA PRO GOMES BRASIL;;0;;Colis?â?úo;Luz do Dia;;;Cruz;Sem?â?íforo;Lazer;0;1;0;1;0;0;0;0;0;1;0;0;-3,775618000000000;-38,566451000000000
329963;19;4;2018;12:52;0;RUA NOSSA SRA DAS GRACAS;;;114;;Colis?â?úo;Luz do Dia;;;Meio de Quadra;;;0;1;0;0;0;0;0;0;0;1;0;0;-3,711546507000000;-38,549542234000000
329964;19;4;2018;16:35;0;RUA RECANTO VERDE;;;1995;;Colis?â?úo;Luz do Dia;;;Meio de Quadra;;;0;1;0;0;0;0;0;0;0;1;0;0;-3,844584331000000;-38,514019551000000
329965;19;4;2018;16:45;0;RUA ENG JOAO NOGUEIRA;;;1736;;Atropelamento;Luz do Dia;;;Meio de Quadra;;;0;1;0;0;0;0;0;0;0;0;0;0;-3,719441500000000;-38,562775000000000
329966;19;4;2018;17:16;0;RUA OSCAR ARARIPE;;;1386;;Queda;Anoitecer;;;Meio de Quadra;;;0;1;0;0;0;1;0;0;0;0;0;0;-3,789786334000000;-38,603743083000000
329943;19;4;2018;11:14;0;RUA ARGENTINA;;;231;;Queda;Luz do Dia;;;Meio de Quadra;;;0;1;0;0;0;1;0;0;0;0;0;0;-3,747450681000000;-38,564564851000000
329968;19;4;2018;17:37;19732;RUA TIP SALES;RUA GUSTAVO SAMPAIO;;0;;Colis?â?úo;Anoitecer;;;Cruz;Pare;Comercial;0;1;0;1;0;0;0;0;0;1;0;0;-3,737013000000000;-38,564917000000000
329971;19;4;2018;18:01;0;AV GAL OSORIO DE PAIVA;;;6787;;Queda;Anoitecer;;;Meio de Quadra;;;0;1;0;0;0;0;0;0;0;1;0;0;-3,813187778000000;-38,610250111000000
329972;19;4;2018;18:02;0;AV N CJ JOSE WALTER;;;1480;;Colis?â?úo;Anoitecer;;;Meio de Quadra;;;0;1;0;0;0;0;0;0;0;0;0;0;;
329981;19;4;2018;18:55;0;AV GAL OSORIO DE PAIVA;;;0;;Queda;;;;Meio de Quadra;;;0;1;0;0;0;1;0;0;0;0;0;0;;
329982;19;4;2018;19:10;0;RUA SGT JOAO PINHEIRO;;;0;;Queda;;;;Meio de Quadra;;;0;1;0;0;0;1;0;0;0;0;0;0;;
329983;19;4;2018;19:55;0;AV GAL OSORIO DE PAIVA;;;2461;;Colis?â?úo;;;;Meio de Quadra;;;0;3;0;0;0;0;0;0;0;1;0;0;-3,786887000000000;-38,584264000000000
329984;19;4;2018;20:38;0;AV PRS CASTELO BRANCO;;;3368;;Colis?â?úo;;;;Meio de Quadra;;;0;1;0;1;0;0;0;0;0;1;0;0;-3,710421082000000;-38,561279204000000
329985;19;4;2018;21:25;0;RUA FRANCISCO DE SALES;;;386;;Queda;;;;Meio de Quadra;;;0;1;0;0;0;1;0;0;0;0;0;0;-3,778005000000000;-38,584725000000000
329986;19;4;2018;21:43;0;RUA GAL CAIADO DE CASTRO;;;705;;Colis?â?úo;;;;Meio de Quadra;;;0;1;0;1;0;0;0;0;0;1;0;0;-3,789781286000000;-38,489329286000000
329987;19;4;2018;22:16;0;RUA COM LUIS RIBEIRO;;;42;;Colis?â?úo;;;;Meio de Quadra;;;0;1;0;1;0;1;0;0;0;0;0;0;-3,722279100000000;-38,547037200000000
329988;19;4;2018;23:06;0;AV BEIRA MAR;;;4050;;Colis?â?úo;;;;Meio de Quadra;;;0;1;0;1;0;1;0;0;0;0;0;0;-3,723281501000000;-38,485761000000000
326894;19;4;2018;16:00;15204;AV ABOLICAO;RUA JULIO IBIAPINA;;0;;Colis?â?úo Lateral;Luz do Dia;;;Cruz;Sem?â?íforo;Comercial;0;1;2;1;0;0;0;0;0;1;0;0;-3,726679000000000;-38,491290000000000
326895;19;4;2018;14:40;1443;RUA BAR ARACATI;RUA BARBARA DE ALENCAR;;0;;Colis?â?úo Lateral;Luz do Dia;;;Cruz;Pare;Residencial;0;0;3;1;0;0;0;0;0;1;0;0;-3,738162000000000;-38,513608000000000
326878;19;4;2018;07:25;21624;RUA CON DE CASTRO;RUA PIRAJUI;;0;;Colis?â?úo Transversal;Luz do Dia;;;T;N?â?úo H?â?í Controle;Comercial;0;1;1;1;0;0;0;0;0;1;0;0;-3,802339000000000;-38,589623000000000
330021;20;4;2018;11:24;0;RUA CASTRO E SILVA;;;553;;Atropelamento;Luz do Dia;;;Meio de Quadra;;;0;1;0;0;0;0;0;0;0;1;0;0;;
330022;20;4;2018;13:56;0;RUA REV BOLIVAR P BANDEIRA;;;610;;Colis?â?úo;Luz do Dia;;;Meio de Quadra;;;0;1;0;0;0;0;0;0;0;0;0;0;-3,772372714000000;-38,492858714000000
330023;20;4;2018;16:07;0;RUA MON FURTADO;;;1499;;Colis?â?úo;Luz do Dia;;;Meio de Quadra;;;0;1;0;1;0;0;0;0;0;1;0;0;-3,751789800000000;-38,515774800000000
329994;20;4;2018;07:32;7631;RUA ALAGOAS;RUA PARANA;;0;;Colis?â?úo;Luz do Dia;;;Cruz;Outros;Residencial;0;1;0;0;0;0;1;0;0;1;0;0;-3,759958000000000;-38,570138000000000
329995;20;4;2018;07:45;0;AV ALM MAXIMIANO DA FONSECA;;;1190;;Colis?â?úo;Luz do Dia;;;Meio de Quadra;;;0;1;0;0;0;0;0;0;0;1;0;0;-3,771301000000000;-38,485100000000000
329998;20;4;2018;07:57;0;AV BEZERRA DE MENEZES;;;2661;;Colis?â?úo;Luz do Dia;;;Meio de Quadra;;;0;1;0;0;0;0;0;0;0;0;0;0;-3,736463000000000;-38,568324000000000
330005;20;4;2018;08:06;0;AV ABOLICAO;;;4521;;Queda;Luz do Dia;;;Meio de Quadra;;;0;1;0;0;0;0;0;0;0;1;0;0;;
330070;20;4;2018;16:32;0;RUA ANARIO BRAGA;;;199;;Colis?â?úo;Luz do Dia;;;Meio de Quadra;;;0;1;0;1;0;0;0;0;0;1;0;0;-3,738241273000000;-38,587982818000000
330017;20;4;2018;08:44;0;AV ALBERTO CRAVEIRO;;;0;;Queda;Luz do Dia;;;Meio de Quadra;;;0;2;0;0;0;0;0;0;0;1;0;0;;
330007;20;4;2018;08:17;17298;RUA ALFREDO DE CASTRO;RUA ALBERTO MAGNO;;0;;Colis?â?úo;Luz do Dia;;;Cruz;Pare;Comercial;0;1;0;1;0;0;0;0;0;1;0;0;-3,763729000000000;-38,548952000000000
330011;20;4;2018;08:38;0;AV 13 DE MAIO;;;0;;Colis?â?úo;Luz do Dia;;;Meio de Quadra;;;0;1;0;0;0;0;0;0;0;1;0;0;;
330086;20;4;2018;16:59;15227;AV ABOLICAO;AV DES MOREIRA;;0;;Outros;Luz do Dia;;;Cruz;Sem?â?íforo;Residencial;0;1;0;0;0;0;0;0;0;0;0;0;-3,727331000000000;-38,495474000000000
330087;20;4;2018;17:08;0;AV GAL OSORIO DE PAIVA;;;7815;;Colis?â?úo;Anoitecer;;;Meio de Quadra;;;0;1;0;1;0;1;0;0;0;0;0;0;-3,820519240000000;-38,617376680000000
330089;20;4;2018;17:16;0;RUA DRAGAO DO MAR;;;0;;Colis?â?úo;Anoitecer;;;Meio de Quadra;;;0;1;0;1;0;0;0;0;0;1;0;0;;
330252;20;4;2018;10:15;0;RUA DR AMBROSIO CARNEIRO;;;706;;Colis?â?úo;Luz do Dia;;;Meio de Quadra;;;0;1;0;1;0;0;0;0;0;1;0;0;-3,711240000000000;-38,587020000000000
330137;20;4;2018;23:15;0;RUA PERNAMBUCO;;;0;;Colis?â?úo;;;;Meio de Quadra;;;0;2;0;1;0;0;0;0;0;1;0;0;;
330141;20;4;2018;23:50;0;AV DIOGUINHO;;;0;;Queda;;;;Meio de Quadra;;;0;1;0;0;0;0;0;0;0;1;0;0;;
330111;20;4;2018;18:04;0;RUA MACHADO DE ASSIS;;;425;;Colis?â?úo;Anoitecer;;;Meio de Quadra;;;0;1;0;1;0;0;0;0;0;1;0;0;-3,749882267000000;-38,548679067000000
330112;20;4;2018;18:20;0;AV EDUARDO GIRAO;;;175;;Colis?â?úo;Anoitecer;;;Meio de Quadra;;;0;1;0;1;0;0;0;0;0;0;0;0;-3,749893179000000;-38,538329456000000
330113;20;4;2018;19:26;121;RUA RUI MONTE;RUA CEL JOAQUIM FRANKLIN;;0;;Colis?â?úo;;;;Cruz;Pare;Comercial;0;1;0;1;0;0;0;0;0;1;0;0;-3,742326000000000;-38,587330000000000
330114;20;4;2018;19:42;6800;RUA BATISTA DE OLIVEIRA;AV SANTOS DUMONT;;0;;Colis?â?úo;;;;Cruz;Sem?â?íforo;Comercial;0;1;0;1;0;1;0;0;0;0;0;0;-3,742258000000000;-38,479668000000000