COD_ACIDENTE;DIA;MES;ANO;HORA;INTERSECAO;LOG1;LOG2;LOG3;NUMERO;REFERENCIA;NATUREZA;ILUMINACAO;TEMPO;SUPERFICIEPISTA;TIPOCRUZAMENTO;CONTROLETRAFEGO;USOSOLO;MORTOS;FERIDOS;ILESOS;AUTOMOVEL;ONIBUS;BICICLETA;CAMINHAO;MICROONIBUS;CICLOMOTOR;MOTOCICLETA;TRACAOANIMAL;TREM;LATITUDE;LONGITUDE
330115;20;4;2018;19:49;0;RUA DES PRAXEDES;;;710;;Colis?â?úo;;;;Meio de Quadra;;;0;1;0;1;0;0;0;0;0;1;0;0;-3,760091000000000;-38,548084000000000
330120;20;4;2018;21:16;0;RUA JOAO AMORA;;;1257;;Queda;;;;Meio de Quadra;;;0;1;0;0;0;0;0;0;0;1;0;0;-3,799665294000000;-38,585055559000000
330121;20;4;2018;21:21;0;RUA DOM XISTO ALBANO;;;1880;;Colis?â?úo;;;;Meio de Quadra;;;0;1;0;1;0;1;0;0;0;0;0;0;-3,799374000000000;-38,587726000000000
330129;20;4;2018;22:37;0;RUA SGT JOAO PINHEIRO;;;1393;;Colis?â?úo;;;;Meio de Quadra;;;0;1;0;0;0;0;0;0;0;0;0;0;-3,785812400000000;-38,623518500000000
327582;20;4;2018;12:00;0;RD CE-040;;;0;KM-05;Colis?â?úo;Luz do Dia;;Seca;Meio de Quadra;;;0;0;3;1;0;0;0;0;0;0;0;0;-3,800595823000000;-38,479534630000000
327583;20;4;2018;19:00;0;RD CE-040;;;0;KM-06;Colis?â?úo;Via Iluminada;;Seca;Meio de Quadra;;;0;0;2;1;0;0;0;0;0;0;0;0;-3,809596804000000;-38,478733480000000
327406;20;4;2018;18:40;0;RD BR 116;;;2500;;Atropelamento;;;;Meio de Quadra;;;0;1;1;0;0;0;0;0;0;0;0;0;-3,806109000000000;-38,502401000000000
322479;20;4;2018;01:07;15207;AV RUI BARBOSA;RUA DEP MOREIRA DA ROCHA;;0;;Colis?â?úo Lateral;Via Iluminada;Bom;Seca;Cruz;Sem?â?íforo;Residencial;0;0;2;1;0;0;0;0;0;0;0;0;-3,726748000000000;-38,506454000000000
322480;20;4;2018;08:50;18056;AV DIOGUINHO;RUA FRANCISCO TEIXEIRA DE ALCANTARA;;0;;Colis?â?úo Transversal;Luz do Dia;Bom;Seca;Cruz;N?â?úo H?â?í Controle;Residencial;0;0;2;1;0;0;0;0;0;1;0;0;-3,737233000000000;-38,455721000000000
322481;20;4;2018;14:31;15200;RUA CARLOS VASCONCELOS;RUA DEP MOREIRA DA ROCHA;;0;;Colis?â?úo Transversal;Luz do Dia;Bom;Seca;Cruz;Sem?â?íforo;Residencial;0;1;1;1;0;0;0;0;0;1;0;0;-3,726560000000000;-38,508724000000000
322482;20;4;2018;16:20;0;AV AGUANAMBI;;;1760;;Queda;Luz do Dia;Bom;Seca;Meio de Quadra;N?â?úo H?â?í Controle;Comercial;0;1;0;0;0;0;0;0;0;1;0;0;-3,751348000000000;-38,523674000000000
322517;20;4;2018;09:40;0;AV VICENTE DE CASTRO;;;0;;Queda;Luz do Dia;Bom;Molhada;Meio de Quadra;N?â?úo H?â?í Controle;Residencial;0;1;0;0;0;0;0;0;0;1;0;0;-3,720408200000000;-38,477150000000000
322502;20;4;2018;14:26;0;AV DIOGUINHO;RUA LUIS GUEDES;;0;;N?â?úo Informado;Luz do Dia;Bom;Seca;T;N?â?úo H?â?í Controle;Residencial;0;1;1;1;0;0;0;0;0;1;0;0;-3,750862400000000;-38,448147000000000
322484;20;4;2018;18:35;1462;RUA JOAO CARVALHO;RUA NUNES VALENTE;;0;;Colis?â?úo Transversal;Via Iluminada;Bom;Seca;Cruz;Pare;Residencial;0;0;1;0;0;0;0;0;0;1;0;0;-3,738599000000000;-38,504491000000000
322485;20;4;2018;18:41;18302;RUA DRAGAO DO MAR;RUA SEN ALMINO;;0;;Colis?â?úo Lateral;Via Iluminada;Bom;Seca;Cruz;Pare;Comercial;0;0;1;0;0;0;0;0;0;0;0;0;-3,721816000000000;-38,517919000000000
322486;20;4;2018;19:24;0;AV IMPERADOR;;;122;;Colis?â?úo Lateral;Via Iluminada;Bom;Seca;Meio de Quadra;N?â?úo H?â?í Controle;Comercial;0;0;2;1;1;0;0;0;0;0;0;0;-3,722355600000000;-38,533016000000000
322487;20;4;2018;18:25;0;RUA PRO COSTA MENDES;;;1258;;Colis?â?úo Lateral;Via Iluminada;Bom;Seca;Meio de Quadra;Pare;Residencial;0;0;1;1;0;0;0;0;0;0;0;0;-3,751480300000000;-38,550570000000000
322488;20;4;2018;19:59;23435;RUA MON SALAZAR;RUA FIS VIEIRA;;490;;Colis?â?úo Lateral;Via Iluminada;Bom;Seca;Cruz;Gesto;Comercial;0;0;2;1;0;0;0;0;0;0;0;0;-3,756255000000000;-38,515394000000000
322489;20;4;2018;20:13;183;AV SGT HERMINIO SAMPAIO;RUA DEMETRIO MENEZES;;0;;Colis?â?úo Transversal;Via Iluminada;Bom;Seca;Cruz;Sem?â?íforo;Comercial;0;0;2;1;0;0;0;0;0;1;0;0;-3,733867000000000;-38,584316000000000
322490;21;4;2018;01:33;0;RUA PERNAMBUCO;RUA ACESSO A;;0;;Colis?â?úo Transversal;Luz do Dia;Bom;Seca;Meio de Quadra;Pare;Residencial;0;0;1;1;0;0;0;0;0;1;0;0;-3,755527500000000;-38,574420000000000
322491;21;4;2018;07:20;5091;RUA GAL SAMPAIO;RUA CASTRO E SILVA;;0;;Colis?â?úo Transversal;Luz do Dia;Bom;Seca;Cruz;Sem?â?íforo;Comercial;0;0;1;0;1;0;0;0;0;1;0;0;-3,723098000000000;-38,529670000000000
322492;21;4;2018;08:21;0;BC CON CASTRO (VL. PERY);;;3236;;Colis?â?úo Lateral;Luz do Dia;Bom;Seca;Outros;N?â?úo H?â?í Controle;Residencial;0;0;1;0;1;0;0;0;0;1;0;0;-3,796584400000000;-38,584164000000000
322493;21;4;2018;07:35;0;AV BEZERRA DE MENEZES;;;171;ASSAI;Colis?â?úo Lateral;Luz do Dia;Bom;Seca;Meio de Quadra;N?â?úo H?â?í Controle;Comercial;0;1;2;0;0;0;0;0;0;1;0;0;-3,731040500000000;-38,541634000000000
322494;21;4;2018;10:38;0;RUA ARTUR DE CARVALHO;;;0;;Colis?â?úo Traseira;Luz do Dia;Bom;Seca;Meio de Quadra;N?â?úo H?â?í Controle;Residencial;0;0;1;1;0;0;0;0;0;1;0;0;-3,827144100000000;-38,469470000000000
322495;21;4;2018;11:00;19805;AV ENG HUMBERTO MONTE;RUA JOSE PONTES;;0;;Colis?â?úo Traseira;Luz do Dia;Bom;Seca;Cruz;Sem?â?íforo;Comercial;0;0;2;1;0;0;0;0;0;0;0;0;-3,739413000000000;-38,568553000000000
322496;21;4;2018;11:07;23380;RUA NUNES VALENTE;RUA CAP TIBURCIO DA FROTA;;0;;N?â?úo Informado;Luz do Dia;Bom;Seca;Cruz;Pare;Residencial;0;2;0;1;0;0;0;0;0;0;0;0;-3,754506000000000;-38,509109000000000
322498;21;4;2018;19:40;9038;RUA FLORIANO PEIXOTO;RUA PDE MIGUELINHO;;2357;;Colis?â?úo Transversal;Via Iluminada;Bom;Seca;Cruz;Pare;Residencial;0;0;1;1;0;0;0;0;0;0;0;0;-3,743110000000000;-38,532341000000000
322499;21;4;2018;21:27;0;AV EDUARDO GIRAO;;;350;;Colis?â?úo Traseira;Via Iluminada;Bom;Seca;Meio de Quadra;N?â?úo H?â?í Controle;Residencial;0;0;2;1;0;0;0;0;0;0;0;0;-3,755993100000000;-38,526550000000000
322500;21;4;2018;21:30;0;AV I CJ JOSE WALTER;;;780;;Colis?â?úo Lateral;Via Iluminada;Bom;Seca;Meio de Quadra;N?â?úo H?â?í Controle;Residencial;0;1;1;1;0;0;0;0;0;1;0;0;-3,830938800000000;-38,552532000000000
322524;21;4;2018;04:08;0;AV CEL CARVALHO;;;1100;;Atropelamento;Via Iluminada;Bom;Seca;Outros;N?â?úo H?â?í Controle;Residencial;0;1;1;1;0;0;0;0;0;0;0;0;-3,711724500000000;-38,589340000000000
330144;21;4;2018;00:45;0;RUA OSCAR ARARIPE;;;459;;Colis?â?úo;;;;Meio de Quadra;;;0;1;0;0;0;0;0;0;0;0;0;0;-3,792389099000000;-38,595570226000000
330145;21;4;2018;02:35;12521;RUA JULIO BRAGA;AV AUGUSTO DOS ANJOS;;0;;Queda;;;;Cruz;Sem?â?íforo;Comercial;0;2;0;0;0;0;0;0;0;1;0;0;-3,776779000000000;-38,576193000000000
330146;21;4;2018;03:39;0;RUA 856 CJ CEARA;;;0;;Queda;;;;Meio de Quadra;;;0;1;0;0;0;0;0;0;0;1;0;0;;
330186;21;4;2018;10:42;0;AV PRS CASTELO BRANCO;;;3852;;Queda;Luz do Dia;;;Meio de Quadra;;;0;1;0;0;0;0;0;0;0;1;0;0;-3,709106900000000;-38,566828200000000
330187;21;4;2018;12:02;0;AV WASHINGTON SOARES;;;0;;Colis?â?úo;Luz do Dia;;;Meio de Quadra;;;0;1;0;1;0;0;0;0;0;1;0;0;;
330188;21;4;2018;13:20;0;AV HIS RAIMUNDO GIRAO;;;6;;Colis?â?úo;Luz do Dia;;;Meio de Quadra;;;0;1;0;0;0;0;0;0;0;1;0;0;-3,720326500000000;-38,515418500000000
330189;21;4;2018;16:55;0;AV PRS COSTA E SILVA;;;0;;Atropelamento;Luz do Dia;;;Meio de Quadra;;;0;1;0;1;0;0;0;0;0;0;0;0;;
330190;21;4;2018;18:22;0;RUA PEDRO DANTAS;;;673;;Colis?â?úo;Anoitecer;;;Meio de Quadra;;;0;1;0;1;0;0;0;0;0;1;0;0;-3,785562000000000;-38,523885000000000
330191;21;4;2018;20:48;0;RUA ANTONIO NERY;;;1350;;Queda;;;;Meio de Quadra;;;0;1;0;0;0;0;0;0;0;1;0;0;-3,784180333000000;-38,601884000000000
330192;21;4;2018;20:58;0;RUA URUCUTUBA;;;1084;;Queda;;;;Meio de Quadra;;;0;1;0;0;0;0;0;0;0;1;0;0;-3,797040967000000;-38,604514513000000
330193;21;4;2018;21:28;0;AV WASHINGTON SOARES;;;4294;;Atropelamento;;;;Meio de Quadra;;;0;1;0;0;0;1;0;0;0;0;0;0;-3,794935000000000;-38,479979000000000
330194;21;4;2018;21:44;0;AV I CJ JOSE WALTER;;;855;;Colis?â?úo;;;;Meio de Quadra;;;0;1;0;1;0;0;0;0;0;1;0;0;-3,831720100000000;-38,552572700000000
330195;21;4;2018;23:40;0;RUA DR ATUALPA (V. ELERY);;;4126;;Colis?â?úo;;;;Meio de Quadra;;;0;2;0;1;0;0;0;0;0;1;0;0;-3,723420000000000;-38,563370000000000
330196;21;4;2018;23:42;0;RUA VERBENA;;;300;;Atropelamento;;;;Meio de Quadra;;;0;2;0;0;0;0;0;0;0;1;0;0;-3,778501370000000;-38,588059778000000
330182;21;4;2018;10:07;2523;AV FRANCISCO SA;RUA TULIPA;;0;;Colis?â?úo;Luz do Dia;;;T;Pare;Comercial;0;2;0;1;0;0;0;0;0;1;0;0;-3,710359000000000;-38,577954000000000
330170;21;4;2018;07:34;5091;RUA GAL SAMPAIO;RUA CASTRO E SILVA;;0;;Colis?â?úo;Luz do Dia;;;Cruz;Sem?â?íforo;Comercial;0;1;0;0;0;0;0;0;0;0;0;0;-3,723098000000000;-38,529670000000000
330171;21;4;2018;07:49;0;AV FRE CIRILO;;;4186;;Outros;Luz do Dia;;;Meio de Quadra;;;0;1;0;0;0;0;0;0;0;1;0;0;-3,820634083000000;-38,495969667000000
330172;21;4;2018;08:56;0;AV PRO JOSE ARTHUR CARVALHO;;;0;;Colis?â?úo;Luz do Dia;;;Meio de Quadra;;;0;1;0;1;0;0;0;0;0;1;0;0;;
330177;21;4;2018;09:00;0;RUA 17 RIACHO DOCE;;;115;;Colis?â?úo;Luz do Dia;;;Meio de Quadra;;;0;1;0;0;0;0;0;0;0;0;0;0;;
330164;21;4;2018;07:17;0;RUA CON DE CASTRO;;;3216;;Colis?â?úo;Luz do Dia;;;Meio de Quadra;;;0;1;0;0;0;0;0;0;0;0;0;0;-3,796412667000000;-38,583985167000000
330165;21;4;2018;07:24;0;RUA DR JOSE LOURENCO;;;455;;Atropelamento;Luz do Dia;;;Meio de Quadra;;;0;1;0;1;0;0;0;0;0;0;0;0;-3,727707000000000;-38,505583000000000
330153;21;4;2018;05:43;0;RUA PRO GOMES BRASIL;;;0;;Queda;Amanhecer;;;Meio de Quadra;;;0;1;0;0;0;0;0;0;0;1;0;0;;
330154;21;4;2018;06:27;0;RUA MARIA JULIA;;;483;;Queda;Luz do Dia;;;Meio de Quadra;;;0;1;0;0;0;0;0;0;0;1;0;0;-3,789812167000000;-38,599075083000000
330155;21;4;2018;06:45;0;AV ZEZE DIOGO;;;1820;;Colis?â?úo;Luz do Dia;;;Meio de Quadra;;;0;1;0;0;0;0;0;0;0;0;0;0;-3,724038000000000;-38,461601501000000
326866;21;4;2018;14:50;0;AV PRO GOMES DE MATOS;;;1326;;Colis?â?úo Lateral;Luz do Dia;;;Meio de Quadra;;;0;1;2;0;0;0;0;0;0;1;0;0;-3,763915912000000;-38,547984118000000
326867;21;4;2018;13:17;0;AV CASTELO DE CASTRO;;;524;;Queda;Luz do Dia;;;Meio de Quadra;;;0;0;1;0;0;0;0;0;0;1;0;0;-3,831387400000000;-38,521630300000000
326860;21;4;2018;21:10;25053;AV ODILON GUIMARAES;AV PRO JOSE ARTHUR CARVALHO;;0;;Colis?â?úo Frontal;;;;Y;N?â?úo H?â?í Controle;Misto;0;1;1;1;0;0;0;0;0;1;0;0;-3,825468000000000;-38,479360000000000
326846;21;4;2018;08:00;17564;RUA ESTADO DO RIO;RUA PARA;;0;;Colis?â?úo Transversal;Luz do Dia;;;Cruz;Pare;Residencial;0;2;1;0;1;0;0;0;0;1;0;0;-3,752973000000000;-38,567337000000000
326840;21;4;2018;05:40;0;AV WENEFRIDO MELO;;;0;;Colis?â?úo Lateral;Amanhecer;;;Meio de Quadra;;;0;1;1;1;0;0;0;0;0;1;0;0;;
317613;21;4;2018;22:20;0;AV GAL OSORIO DE PAIVA;;;5424;;Atropelamento;;;;Meio de Quadra;;;1;0;0;0;0;0;0;0;0;1;0;0;-3,804914267000000;-38,602273767000000
330221;22;4;2018;00:22;0;RUA JOAO AMORA;;;1097;;Colis?â?úo;;;;Meio de Quadra;;;0;1;0;1;0;0;0;0;0;1;0;0;-3,799715000000000;-38,584006000000000
330222;22;4;2018;01:58;0;AV DR SILAS MUNGUBA;;;0;;Colis?â?úo;;;;Meio de Quadra;;;0;1;0;0;0;0;0;0;0;0;0;0;;
330245;22;4;2018;10:01;10798;RUA PORTO VELHO;RUA STA FILOMENA;;0;;Colis?â?úo;Luz do Dia;;;Cruz;N?â?úo H?â?í Controle;Residencial;0;1;0;1;0;0;0;0;0;1;0;0;-3,763217000000000;-38,592165000000000
330240;22;4;2018;07:00;0;RUA BERNARDO MANUEL;;;8341;;Queda;Luz do Dia;;;Meio de Quadra;;;0;1;0;0;0;0;0;0;0;1;0;0;-3,792716972000000;-38,549590028000000
330241;22;4;2018;09:37;0;AV CARNEIRO DE MENDONCA;;;446;;Colis?â?úo;Luz do Dia;;;Meio de Quadra;;;0;1;0;1;0;0;0;0;0;1;0;0;-3,765679400000000;-38,563519400000000
330232;22;4;2018;06:53;5359;RUA TEREZA CRISTINA;RUA METON DE ALENCAR;;0;;Atropelamento;Luz do Dia;;;Cruz;N?â?úo H?â?í Controle;Comercial;0;1;0;1;0;0;0;0;0;0;0;0;-3,731262000000000;-38,538031000000000
315353;22;4;2018;10:40;5127;RUA GAL SAMPAIO;RUA SEN ALENCAR;;0;;Atropelamento;Luz do Dia;;;Cruz;Sem?â?íforo;Comercial;1;0;2;1;0;0;0;0;0;0;0;0;-3,724192000000000;-38,529984000000000
330281;22;4;2018;20:04;0;AV MR HULL;;;5100;;Atropelamento;;;;Meio de Quadra;;;0;2;0;0;0;0;0;0;0;1;0;0;-3,739441316000000;-38,590050421000000
330270;22;4;2018;13:20;0;AV WASHINGTON SOARES;;;300;;Queda;Luz do Dia;;;Meio de Quadra;;;0;1;0;0;0;0;0;0;0;1;0;0;-3,757606000000000;-38,488829000000000
330271;22;4;2018;14:28;0;RUA GUILHERME ROCHA;;;172;;Atropelamento;Luz do Dia;;;Meio de Quadra;;;0;1;0;1;0;0;0;0;0;0;0;0;-3,727141100000000;-38,527259400000000
330272;22;4;2018;15:28;0;AV F CJ JOSE WALTER;;;651;;Colis?â?úo;Luz do Dia;;;Meio de Quadra;;;0;1;0;1;0;0;0;0;0;1;0;0;-3,835079131000000;-38,559639522000000
330273;22;4;2018;16:14;0;RUA CEL QUEIROZ;;;209;;Atropelamento;Luz do Dia;;;Meio de Quadra;;;0;1;0;0;0;0;0;0;0;1;0;0;-3,835645900000000;-38,563984500000000
330274;22;4;2018;16:27;0;AV AGUANAMBI;;;1282;;Atropelamento;Luz do Dia;;;Meio de Quadra;;;0;1;0;0;0;0;0;0;0;1;0;0;-3,747970334000000;-38,524371056000000
330275;22;4;2018;17:06;0;RUA ANTONIO MENDES (JD AMERICA);;;91;;Colis?â?úo;Anoitecer;;;Meio de Quadra;;;0;1;0;1;0;0;0;0;0;1;0;0;-3,751904001000000;-38,538354572000000
330276;22;4;2018;19:12;0;RUA FRANCISCO DOMINGOS;;;1248;;Queda;;;;Meio de Quadra;;;0;1;0;0;0;0;0;0;0;1;0;0;-3,777342000000000;-38,591971200000000
330277;22;4;2018;19:21;0;AV MACIEL BEZERRA;;;1494;;Colis?â?úo;;;;Meio de Quadra;;;0;1;0;0;0;0;0;0;0;1;0;0;-3,806092600000000;-38,629789400000000
330278;22;4;2018;19:31;0;AV PRS COSTA E SILVA;;;0;;Colis?â?úo;;;;Meio de Quadra;;;0;1;0;1;0;0;0;0;0;0;0;0;;
330279;22;4;2018;19:43;0;RUA ALAGOAS;;;4220;;Colis?â?úo;;;;Meio de Quadra;;;0;1;0;0;0;0;0;0;0;1;0;0;-3,748095000000000;-38,581915000000000
330264;22;4;2018;12:13;5405;RUA BAR RIO BRANCO;RUA GAL CLARINDO DE QUEIROZ;;0;;Colis?â?úo;Luz do Dia;;;Cruz;Sem?â?íforo;Comercial;0;2;0;0;0;0;0;0;0;1;0;0;-3,732679000000000;-38,530239000000000
330296;22;4;2018;21:43;0;RUA AFONSO LOPES;;;460;;Colis?â?úo;;;;Meio de Quadra;;;0;1;0;1;0;0;0;0;0;0;0;0;-3,789360000000000;-38,547080000000000
330297;22;4;2018;21:47;0;RUA MIGUEL GONCALVES;;;399;;Colis?â?úo;;;;Meio de Quadra;;;0;1;0;1;0;0;0;0;0;0;0;0;-3,756171000000000;-38,558114000000000
330300;22;4;2018;22:14;0;RUA PRO JOSE DE BARCELOS;;;190;;Queda;;;;Meio de Quadra;;;0;1;0;0;0;0;0;0;0;1;0;0;-3,735013500000000;-38,550646500000000
330294;22;4;2018;20:36;0;RUA CEL JUCA;;;1612;;Colis?â?úo;;;;Meio de Quadra;;;0;1;0;1;0;0;0;0;0;1;0;0;-3,745813000000000;-38,493918000000000
330228;22;4;2018;02:01;0;AV ODILON GUIMARAES;;;1396;;Colis?â?úo;;;;Meio de Quadra;;;0;2;0;1;0;0;0;0;0;1;0;0;;
322501;22;4;2018;02:20;839;AV GOV RAUL BARBOSA;RUA MAJ JOSE ARAUJO AGUIAR;;0;;Colis?â?úo Transversal;Via Iluminada;Bom;Seca;Cruz;Sem?â?íforo;Comercial;0;2;0;1;0;0;0;0;0;0;0;0;-3,775451000000000;-38,513020000000000
322503;22;4;2018;08:25;20135;RUA PRO JOSE SILVEIRA;RUA AMANCIO PEREIRA;;0;;Colis?â?úo Transversal;Luz do Dia;Bom;Seca;Cruz;Pare;Residencial;0;1;1;1;0;0;0;0;0;0;0;0;-3,810520000000000;-38,521662000000000
322504;22;4;2018;10:54;15298;RUA BARBOSA DE FREITAS;RUA ANA BILHAR;;0;;Colis?â?úo Transversal;Luz do Dia;Bom;Seca;Cruz;Pare;Residencial;0;4;0;1;0;0;0;0;0;0;0;0;-3,729646000000000;-38,495143000000000
322506;22;4;2018;13:15;19673;RUA GUSTAVO SAMPAIO;RUA PRO ANACLETO;;0;;Colis?â?úo Transversal;Luz do Dia;Bom;Seca;Cruz;Pare;Comercial;0;0;1;1;0;0;0;0;0;0;0;0;-3,734546000000000;-38,552990000000000
322507;22;4;2018;16:19;13233;AV F CJ JOSE WALTER;AV L CJ JOSE WALTER;;0;;Colis?â?úo Transversal;Luz do Dia;Bom;Seca;Rotat?â??ria;D?â?¬ Prefer?â?¬ncia;Residencial;0;0;2;1;0;0;0;0;0;1;0;0;-3,835328000000000;-38,558805000000000
322508;22;4;2018;21:21;0;RUA CEL JUCA;;;0;;Colis?â?úo Transversal;Anoitecer;Bom;Seca;Cruz;Pare;Residencial;0;0;1;1;0;0;0;0;0;1;0;0;-3,745479000000000;-38,493828000000000
322509;22;4;2018;21:35;0;AV PRS COSTA E SILVA;;;0;;Colis?â?úo Traseira;Via Iluminada;Bom;Seca;Meio de Quadra;Pare;Residencial;0;0;1;1;0;0;0;0;0;0;0;0;-3,800927200000000;-38,530220000000000
322510;22;4;2018;22:36;0;RUA GURGEL DO AMARAL;;;1150;;Colis?â?úo Transversal;Via Iluminada;Bom;Seca;Meio de Quadra;Gesto;Comercial;0;0;2;1;0;0;0;0;0;0;0;0;-3,835839700000000;-38,485874000000000
322511;23;4;2018;11:35;17412;RUA ALBERTO MAGNO;RUA BAR SOBRAL;;0;;Colis?â?úo Lateral;Luz do Dia;Bom;Seca;Cruz;Sem?â?íforo;Comercial;0;0;2;1;0;0;0;1;0;0;0;0;-3,767991000000000;-38,552417000000000
322512;23;4;2018;12:00;0;AV CASTELO DE CASTRO;;;888;;N?â?úo Informado;Luz do Dia;Bom;Seca;Meio de Quadra;N?â?úo H?â?í Controle;Comercial;0;0;1;1;0;0;0;0;0;1;0;0;-3,837431200000000;-38,521755000000000
322513;23;4;2018;19:20;0;RUA GERMANO FRANCK;;;267;;Colis?â?úo Lateral;Via Iluminada;Bom;Seca;Meio de Quadra;Sem?â?íforo;Comercial;0;0;1;1;0;0;0;0;0;1;0;0;-3,775133400000000;-38,559486000000000
322514;23;4;2018;17:15;0;RUA ELISEU UCHOA BECCO;;;600;;Colis?â?úo Transversal;Via Iluminada;Bom;Seca;Meio de Quadra;N?â?úo H?â?í Controle;Comercial;0;0;1;1;0;0;0;0;0;0;0;0;-3,763825400000000;-38,486040000000000
322515;23;4;2018;21:39;0;AV PRS JUSCELINO KUBITSCHEK (PASSAR?âÔÇ?);;;5451;;Colis?â?úo Traseira;Via Iluminada;Chuva;Molhada;Outros;N?â?úo H?â?í Controle;Comercial;0;0;3;1;0;0;0;0;0;0;0;0;-3,823621500000000;-38,536780000000000
322548;23;4;2018;18:54;500;AV SEN FERNANDES TAVORA;RUA PRO VIEIRA;;0;;Colis?â?úo Lateral;Via Iluminada;Bom;Seca;Cruz;Pare;Comercial;0;0;2;0;0;0;0;0;0;0;0;0;-3,755810000000000;-38,594591000000000
330397;23;4;2018;11:08;25203;AV MAJ ASSIS;RUA L CJ VILA VELHA;;0;;Colis?â?úo;Luz do Dia;;;Cruz;N?â?úo H?â?í Controle;Residencial;0;1;0;1;0;0;0;0;0;1;0;0;;
330386;23;4;2018;09:29;10101;RUA MARIA JULIA;RUA NEREIDE;;0;;Colis?â?úo;Luz do Dia;;;Cruz;N?â?úo H?â?í Controle;Residencial;0;2;0;1;0;1;0;0;0;0;0;0;-3,787683000000000;-38,598438000000000
330392;23;4;2018;11:05;0;AV PRO JOSE ARTHUR CARVALHO;;;0;;Colis?â?úo;Luz do Dia;;;Meio de Quadra;;;0;1;0;1;0;0;0;0;0;1;0;0;;
330404;23;4;2018;16:33;0;AV FRANCISCO SA;;;4996;;Colis?â?úo;Luz do Dia;;;Meio de Quadra;;;0;1;0;1;0;0;0;0;0;1;0;0;-3,713444000000000;-38,568970000000000
330402;23;4;2018;13:09;0;RUA GIRO;;;234;;Queda;Luz do Dia;;;Meio de Quadra;;;0;1;0;0;0;0;0;0;0;1;0;0;;
330376;23;4;2018;00:48;0;AV WASHINGTON SOARES;;;5290;;Atropelamento;;;;Meio de Quadra;;;0;1;0;1;0;0;0;0;0;0;0;0;-3,805722000000000;-38,479076000000000
330377;23;4;2018;05:09;0;RUA VALPARAISO;;;0;;Colis?â?úo;Amanhecer;;;Meio de Quadra;;;0;1;0;0;0;0;0;0;0;0;0;0;;
330378;23;4;2018;07:29;0;RUA BERNARDO MANUEL;;;0;;Colis?â?úo;Luz do Dia;;;Meio de Quadra;;;0;1;0;1;0;0;0;0;0;1;0;0;;
330434;23;4;2018;16:47;0;RUA 14 CJ SITIO CORREGO;;;0;;Queda;Luz do Dia;;;Meio de Quadra;;;0;1;0;0;0;0;0;0;0;1;0;0;;
330436;23;4;2018;17:10;0;RUA TRES CORACOES;;;889;;Atropelamento;Anoitecer;;;Meio de Quadra;;;0;1;0;0;0;0;0;0;0;1;0;0;-3,789500000000000;-38,610590000000000
330440;23;4;2018;18:39;19313;RUA GERMANO FRANCK;RUA CON LIMA SUCUPIRA;;0;;Colis?â?úo;;;;Cruz;Sem?â?íforo;Comercial;0;1;0;1;0;0;0;0;0;1;0;0;-3,775196000000000;-38,559584000000000
330443;23;4;2018;19:28;0;AV MR HULL;;;5764;;Colis?â?úo;;;;Meio de Quadra;;;0;1;0;0;0;0;0;0;0;1;0;0;-3,740213000000000;-38,595340000000000
330448;23;4;2018;21:56;0;AV BEZERRA DE MENEZES;;;0;;Colis?â?úo;;;;;;;0;1;0;1;0;0;0;0;0;1;0;0;;
330449;23;4;2018;22:05;0;RUA PDE PERDIGAO SAMPAIO;;;0;;Colis?â?úo;;;;Meio de Quadra;;;0;1;0;1;0;0;0;0;0;1;0;0;;
330450;23;4;2018;22:22;0;AV WASHINGTON SOARES;;;0;;Colis?â?úo;;;;Meio de Quadra;;;0;1;0;1;0;0;0;0;0;1;0;0;;
330451;23;4;2018;22:46;0;RUA RAUL CABRAL;;;601;;Queda;;;;Meio de Quadra;;;0;1;0;0;0;1;0;0;0;0;0;0;-3,769259231000000;-38,543674231000000
330452;23;4;2018;11:49;0;RUA VANDA CIDADE;;;234;;Queda;Luz do Dia;;;Meio de Quadra;;;0;1;0;0;0;1;0;0;0;0;0;0;;
330445;23;4;2018;19:43;0;RUA STA ELISA D21;;;1557;;Atropelamento;;;;Meio de Quadra;;;0;1;0;1;0;0;0;0;0;0;0;0;-3,703279350000000;-38,567681887000000
330446;23;4;2018;19:52;0;AV MIN JOSE AMERICO;;;1960;;Queda;;;;Meio de Quadra;;;0;1;0;0;0;0;0;0;0;1;0;0;-3,810780100000000;-38,483236600000000
327407;23;4;2018;07:50;0;RD BR 222;;;3500;KM-03;Colis?â?úo Lateral;Luz do Dia;;;Meio de Quadra;;;0;2;0;1;0;0;0;0;0;1;0;0;-3,740300848000000;-38,595940970000000
327584;23;4;2018;08:40;0;RD CE-060;;;0;KM-01;Colis?â?úo;Luz do Dia;;Seca;Meio de Quadra;;;0;0;2;1;0;0;1;0;0;0;0;0;-3,826136000000000;-38,579500000000000
327585;24;4;2018;07:40;0;RD CE-060;;;0;KM-02;Engavetamento;Luz do Dia;;Seca;Meio de Quadra;;;0;0;3;1;0;0;0;0;0;0;0;0;-3,834064000000000;-38,582111000000000