COD_ACIDENTE;DIA;MES;ANO;HORA;INTERSECAO;LOG1;LOG2;LOG3;NUMERO;REFERENCIA;NATUREZA;ILUMINACAO;TEMPO;SUPERFICIEPISTA;TIPOCRUZAMENTO;CONTROLETRAFEGO;USOSOLO;MORTOS;FERIDOS;ILESOS;AUTOMOVEL;ONIBUS;BICICLETA;CAMINHAO;MICROONIBUS;CICLOMOTOR;MOTOCICLETA;TRACAOANIMAL;TREM;LATITUDE;LONGITUDE
327586;24;4;2018;17:00;0;RD CE-060;;;0;KM-02;Engavetamento;Anoitecer;;Seca;Meio de Quadra;;;0;0;3;1;0;0;1;0;0;1;0;0;-3,834064000000000;-38,582111000000000
329927;24;4;2018;14:03;6749;RUA BATISTA DE OLIVEIRA;RUA DR GILBERTO STUDART;;0;;Queda;Luz do Dia;;;Cruz;Gesto;Residencial;0;1;0;0;0;0;0;0;0;1;0;0;-3,743734000000000;-38,480581000000000
329909;24;4;2018;07:53;7781;AV DES MOREIRA;AV ANTONIO SALES;;0;;Colis?â?úo;Luz do Dia;;;Cruz;Sem?â?íforo;Residencial;0;1;1;1;0;0;0;0;0;1;0;0;-3,745744000000000;-38,501410000000000
329911;24;4;2018;10:38;0;AV PRS COSTA E SILVA;;;0;;Queda;Luz do Dia;;;Meio de Quadra;;;0;1;0;0;0;0;0;0;0;1;0;0;;
329921;24;4;2018;14:01;0;AV A CJ CEARA;;;200;;Colis?â?úo;Luz do Dia;;;Meio de Quadra;;;0;1;1;1;0;0;0;0;0;1;0;0;-3,766267100000000;-38,599426100000000
329913;24;4;2018;11:34;0;RUA MANUEL MOURA;;;215;;Colis?â?úo;Luz do Dia;;;Meio de Quadra;;;0;1;1;0;0;0;0;0;0;1;0;0;;
329915;24;4;2018;11:43;0;RUA FRANCISCA MARIA DA CONCEICAO;;;680;;Colis?â?úo;Luz do Dia;;;Meio de Quadra;;;0;1;1;1;0;0;0;0;0;1;0;0;-3,840055884000000;-38,568569522000000
329916;24;4;2018;12:35;0;AV MR HULL;;;4771;;Colis?â?úo;Luz do Dia;;;Meio de Quadra;;;0;1;1;1;0;1;0;0;0;0;0;0;-3,739022556000000;-38,587301444000000
329845;24;4;2018;07:12;0;RUA CRUZ ABREU;;;77;;Colis?â?úo;Luz do Dia;;;Meio de Quadra;;;0;1;1;1;0;0;0;0;0;1;0;0;-3,758171800000000;-38,515708000000000
329843;24;4;2018;05:46;0;RUA JOSE FACANHA;;;750;;Queda;Amanhecer;;;Meio de Quadra;;;0;1;0;0;0;0;0;0;0;1;0;0;-3,751594875000000;-38,557870297000000
329978;24;4;2018;18:44;5490;RUA PDE VALDEVINO;AV DOM MANUEL;;0;;Colis?â?úo;;;;;;;0;1;1;0;0;0;0;0;0;1;0;0;-3,736873000000000;-38,523967000000000
329979;24;4;2018;19:40;0;AV GAL OSORIO DE PAIVA;;;6783;;Colis?â?úo;;;;Meio de Quadra;;;0;0;1;0;0;0;0;0;0;0;0;0;-3,813068000000000;-38,610131000000000
329980;24;4;2018;21:03;0;AV MOZART PINHEIRO DE LUCENA;;;2755;;Colis?â?úo;;;;Meio de Quadra;;;0;1;1;1;0;0;0;0;0;1;0;0;-3,728780758000000;-38,598680564000000
329989;24;4;2018;21:36;0;AV JOSE JATAHY;;;944;;Queda;;;;Meio de Quadra;;;0;1;0;0;0;1;0;0;0;0;0;0;-3,729573900000000;-38,545172100000000
329990;24;4;2018;22:46;0;AV ODILON GUIMARAES;;;0;;Colis?â?úo;;;;Meio de Quadra;;;0;1;1;1;0;0;0;0;0;1;0;0;;
329991;24;4;2018;23:00;10783;RUA AUDISIO PINHEIRO;RUA CUIABA;;0;;Queda;;;;Cruz;Pare;Residencial;0;1;0;0;0;1;0;0;0;0;0;0;-3,762566000000000;-38,590963000000000
329973;24;4;2018;16:59;0;AV PRS COSTA E SILVA;;;5746;;Colis?â?úo;Luz do Dia;;;Meio de Quadra;;;0;1;1;1;0;0;0;0;0;1;0;0;;
329974;24;4;2018;17:13;0;RUA SATIRO DIAS;;;0;;Colis?â?úo;Anoitecer;;;Meio de Quadra;;;0;0;2;1;0;0;0;0;0;1;0;0;;
329975;24;4;2018;17:45;0;RUA CON DE CASTRO;;;4202;;Colis?â?úo;Anoitecer;;;Meio de Quadra;;;0;1;1;0;0;0;0;0;0;1;0;0;-3,802459115000000;-38,589684847000000
329969;24;4;2018;14:49;0;RUA CEL VIRGILIO NOGUEIRA (BOM JARDIM);;;914;;Colis?â?úo;Luz do Dia;;;Meio de Quadra;;;0;1;0;0;0;0;0;0;0;0;0;0;-3,791190000000000;-38,609640000000000
329970;24;4;2018;15:44;0;RUA STA MARIA D32;;;935;;Queda;Luz do Dia;;;Meio de Quadra;;;0;1;0;0;0;0;0;0;0;1;0;0;-3,783857700000000;-38,502162900000000
329967;24;4;2018;14:36;0;AV PRO GOMES DE MATOS;;;1368;;Colis?â?úo;Luz do Dia;;;Meio de Quadra;;;0;1;1;1;0;0;0;0;0;1;0;0;-3,764234000000000;-38,548267000000000
322516;24;4;2018;02:40;53;RUA PDE PERDIGAO SAMPAIO;RUA CEL JOAQUIM FRANKLIN;;0;;Colis?â?úo Transversal;Via Iluminada;Bom;Seca;Cruz;Pare;Escola;0;0;1;1;0;0;0;0;0;0;0;0;-3,743393000000000;-38,594164000000000
322518;24;4;2018;08:35;0;AV ALBERTO CRAVEIRO;;;0;;Colis?â?úo Transversal;Luz do Dia;Nublado;Seca;Meio de Quadra;N?â?úo H?â?í Controle;Lazer;0;1;2;0;0;0;0;0;0;1;0;0;-3,806352900000000;-38,523830000000000
322519;24;4;2018;08:45;8920;RUA PRC ISABEL;RUA GIL AMORA;;0;;Colis?â?úo Transversal;Luz do Dia;Bom;Seca;Cruz;Pare;Escola;0;1;1;1;0;0;0;0;0;1;0;0;-3,735488000000000;-38,538096000000000
322520;24;4;2018;11:30;0;RUA MANUEL MOURA;RUA ACESSO A;;0;;Colis?â?úo Transversal;Luz do Dia;Bom;Seca;T;Pare;Residencial;0;1;0;0;0;0;0;0;0;1;0;0;-3,715071000000000;-38,582863000000000
322521;24;4;2018;13:00;10999;RUA 15 DE NOVEMBRO;RUA ALBERTO MAGNO;;0;;Colis?â?úo Transversal;Luz do Dia;Bom;Seca;Cruz;Pare;Residencial;0;1;1;0;0;0;0;0;0;1;0;0;-3,769909000000000;-38,553169000000000
322522;24;4;2018;20:03;0;RUA GAL CLARINDO DE QUEIROZ;;;1740;;Colis?â?úo Lateral;Mal Iluminada;Bom;Seca;Meio de Quadra;N?â?úo H?â?í Controle;Comercial;0;1;1;1;0;0;0;0;0;1;0;0;-3,729657600000000;-38,539608000000000
322523;24;4;2018;21:19;0;RUA VER PEDRO PAULO MOREIRA;;;1000;;Colis?â?úo Transversal;Anoitecer;Bom;Seca;Meio de Quadra;Pare;Residencial;0;1;1;1;0;0;0;0;0;1;0;0;-3,787214800000000;-38,487373000000000
322525;25;4;2018;06:47;0;AV GAL OSORIO DE PAIVA;AV ENG LUIS VIEIRA;;3400;;Colis?â?úo Traseira;Luz do Dia;Bom;Seca;Cruz;Sem?â?íforo;Comercial;0;1;1;1;0;0;0;0;0;0;0;0;-3,790675000000000;-38,588306000000000
322526;25;4;2018;08:30;0;RUA BALDUINO FREIRE;RUA PRO SERRAINE BEZERRA;;0;;Colis?â?úo Transversal;Amanhecer;Bom;Seca;;;;0;1;1;1;0;0;0;0;0;1;0;0;-3,735341000000000;-38,585380000000000
322527;25;4;2018;08:15;24939;AV BEZERRA DE MENEZES;RUA CEL MOZART GONDIM;;0;;Atropelamento;Luz do Dia;Bom;Seca;Cruz;Sem?â?íforo;Comercial;0;1;1;0;1;0;0;0;0;0;0;0;-3,734449000000000;-38,558651000000000
322528;25;4;2018;13:25;0;AV GAL OSORIO DE PAIVA;AV ENG LUIS VIEIRA;;0;;Colis?â?úo Lateral;Luz do Dia;Bom;Seca;Cruz;Sem?â?íforo;Comercial;0;1;2;1;0;0;0;0;0;1;0;0;-3,791121700000000;-38,588665000000000
322529;25;4;2018;14:26;0;RUA BERNARDO MANUEL;;;7260;;Engavetamento;Luz do Dia;Bom;Seca;Meio de Quadra;N?â?úo H?â?í Controle;Comercial;0;0;3;1;0;0;0;0;0;0;0;0;-3,782442600000000;-38,546482000000000
322530;25;4;2018;16:14;25732;RUA CARLOS JUACABA;RUA LUIS TORRES;;0;;Colis?â?úo Transversal;Luz do Dia;Bom;Seca;Cruz;N?â?úo H?â?í Controle;Residencial;0;1;1;1;0;0;0;0;0;1;0;0;-3,793166000000000;-38,562595000000000
322531;25;4;2018;17:14;0;RUA MARIA CLARA;;;780;;Colis?â?úo Transversal;Luz do Dia;Bom;Seca;Cruz;Pare;Comercial;0;0;1;1;0;0;0;0;0;0;0;0;-3,725386400000000;-38,585556000000000
322532;25;4;2018;17:20;0;AV AGUANAMBI;;;254;;Colis?â?úo Lateral;Luz do Dia;Bom;Seca;Meio de Quadra;N?â?úo H?â?í Controle;Comercial;0;0;2;1;0;0;0;0;0;0;0;0;-3,738740200000000;-38,524780000000000
322533;25;4;2018;18:35;0;RUA JOSE HIPOLITO;;;213;;Colis?â?úo Traseira;N?â?úo Iluminada;Bom;Seca;Meio de Quadra;N?â?úo H?â?í Controle;Comercial;0;0;2;1;0;0;0;0;0;0;0;0;-3,832769900000000;-38,493587000000000
322534;25;4;2018;19:06;0;AV DEP PAULINO ROCHA;RUA FRANCISCO JOSE A PEREIRA;;0;;Colis?â?úo Lateral;Via Iluminada;Bom;Seca;Meio de Quadra;Gesto;Comercial;0;2;1;0;0;0;0;0;0;1;0;0;-3,810800800000000;-38,509580000000000
322535;25;4;2018;14:00;0;AV MOZART PINHEIRO DE LUCENA;;;2000;;Colis?â?úo Lateral;Luz do Dia;Bom;Seca;Meio de Quadra;N?â?úo H?â?í Controle;Comercial;0;0;1;1;0;0;0;0;0;1;0;0;-3,719939700000000;-38,596270000000000
322536;25;4;2018;20:34;0;AV GAL OSORIO DE PAIVA;;;0;;Colis?â?úo Lateral;Via Iluminada;Bom;Seca;Meio de Quadra;Sem?â?íforo;Comercial;0;0;1;0;1;0;0;0;0;1;0;0;-3,794686000000000;-38,592495000000000
322540;25;4;2018;16:35;26209;AV ROGACIANO LEITE;AV CHANC EDSON QUEIROZ;;0;;Capotamento;Luz do Dia;Bom;Seca;T;Sem?â?íforo;Residencial;0;1;1;1;0;0;0;0;0;0;0;0;-3,764017300000000;-38,494940000000000
329992;25;4;2018;00:28;3871;RUA MAL DEODORO;RUA OLIVIO CAMARA;;0;;Atropelamento;;;;T;Pare;Rural;0;1;1;0;0;0;0;0;0;1;0;0;-3,737331000000000;-38,534013000000000
329993;25;4;2018;07:06;0;AV DES GONZAGA;;;298;;Colis?â?úo;Luz do Dia;;;Meio de Quadra;;;0;1;1;0;0;0;0;0;0;1;0;0;-3,789590000000000;-38,503395500000000
330024;25;4;2018;12:04;0;AV AGUANAMBI;;;855;;Colis?â?úo;Luz do Dia;;;Meio de Quadra;;;0;1;1;1;0;0;0;0;0;1;0;0;-3,744039000000000;-38,525627000000000
330025;25;4;2018;12:13;0;AV AUGUSTO DOS ANJOS;;;491;;Colis?â?úo;Luz do Dia;;;Meio de Quadra;;;0;1;1;0;0;0;0;0;0;1;0;0;-3,773094000000000;-38,572836000000000
330026;25;4;2018;13:15;0;RUA BERNARDO MANUEL;;;0;;Colis?â?úo;Luz do Dia;;;Meio de Quadra;;;0;1;1;1;0;0;0;0;0;1;0;0;;
330027;25;4;2018;13:42;0;AV DES MOREIRA;;;2960;;Colis?â?úo;Luz do Dia;;;Meio de Quadra;;;0;1;1;1;0;0;0;0;0;1;0;0;-3,753019000000000;-38,503726000000000
330028;25;4;2018;15:04;0;RUA MON SALAZAR;;;1237;;Colis?â?úo;Luz do Dia;;;Meio de Quadra;;;0;1;1;1;0;0;0;0;0;1;0;0;-3,755617550000000;-38,508852550000000
330029;25;4;2018;15:23;17310;RUA ALBERTO MAGNO;RUA ALVARO FERNANDES;;0;;Colis?â?úo;Luz do Dia;;;Cruz;Sem?â?íforo;Comercial;0;1;0;0;0;0;0;0;0;0;0;0;-3,764244000000000;-38,549422000000000
330030;25;4;2018;15:28;0;RUA BRAZ DE FRANCESCO;;;100;;Colis?â?úo;Luz do Dia;;;Meio de Quadra;;;0;1;1;1;0;1;0;0;0;0;0;0;-3,735220000000000;-38,567320000000000
330031;25;4;2018;16:05;0;AV BEIRA MAR;;;0;;Queda;Luz do Dia;;;Meio de Quadra;;;0;1;0;0;0;1;0;0;0;0;0;0;;
330032;25;4;2018;16:06;0;AV JOVITA FEITOSA;;;2077;;Colis?â?úo;Luz do Dia;;;Meio de Quadra;;;0;1;1;1;0;0;0;0;0;1;0;0;-3,739953200000000;-38,556295100000000
330033;25;4;2018;16:56;0;RD BR 116;;;0;;Queda;Luz do Dia;;;Meio de Quadra;;;0;1;0;0;0;0;0;0;0;1;0;0;;
330034;25;4;2018;17:57;9543;RUA ARI MAIA;RUA CEL FABRICIANO;;0;;Colis?â?úo;Anoitecer;;;Cruz;Pare;Residencial;0;1;1;0;0;0;0;0;0;1;0;0;-3,779362000000000;-38,620267000000000
330035;25;4;2018;18:03;0;AV JOSE BASTOS;;;0;;Atropelamento;Anoitecer;;;Meio de Quadra;;;0;1;1;0;0;0;0;0;0;0;0;0;;
330036;25;4;2018;18:29;0;AV GAL OSORIO DE PAIVA;;;257;;Colis?â?úo;Anoitecer;;;Meio de Quadra;;;0;1;0;0;0;0;0;0;0;0;0;0;;
330037;25;4;2018;18:34;0;RUA ANA BATISTA;;;636;;Colis?â?úo;;;;;;;0;1;0;0;0;0;0;0;0;0;0;0;;
330038;25;4;2018;18:42;0;AV GODOFREDO MACIEL;;;5923;;Queda;;;;Meio de Quadra;;;0;1;0;0;0;0;0;0;0;1;0;0;-3,826527857000000;-38,579517714000000
330039;25;4;2018;18:52;24380;RUA HELVECIO MONTE;RUA ALBERTO MONTEZUMA;;0;;Colis?â?úo;;;;Cruz;Pare;Residencial;0;1;0;0;0;0;0;0;0;0;0;0;-3,767158000000000;-38,533734000000000
330040;25;4;2018;18:53;0;RUA URUCUTUBA;;;0;;Atropelamento;;;;Meio de Quadra;;;0;1;1;0;0;0;0;0;0;1;0;0;;
330041;25;4;2018;19:35;0;AV DIOGUINHO;;;0;;Atropelamento;;;;Meio de Quadra;;;0;1;1;1;0;0;0;0;0;0;0;0;;
330042;25;4;2018;19:58;0;RUA CEL FABRICIANO;;;1688;;Colis?â?úo;;;;Meio de Quadra;;;0;1;1;0;0;0;1;0;0;1;0;0;-3,783065316000000;-38,606778368000000
330043;25;4;2018;20:12;4612;AV OLIVEIRA PAIVA;AV WASHINGTON SOARES;;0;;Atropelamento;;;;;;;0;1;1;1;0;0;0;0;0;0;0;0;-3,795695000000000;-38,479908000000000
330044;25;4;2018;20:12;0;RD BR 116;;;10000;KM-10;Colis?â?úo;;;;Meio de Quadra;;;0;1;1;1;0;0;0;0;0;1;0;0;-3,834435000000000;-38,503373000000000
330045;25;4;2018;22:04;0;RUA PEDRO WILSON (ITAPERI);;;128;;Colis?â?úo;;;;Meio de Quadra;;;0;1;0;0;0;0;0;0;0;0;0;0;-3,790730000000000;-38,546890000000000
330046;25;4;2018;22:31;0;AV BENJAMIM BRASIL;;;1275;;Colis?â?úo;;;;Meio de Quadra;;;0;1;1;1;0;0;0;0;0;1;0;0;-3,805956000000000;-38,563675000000000
330047;25;4;2018;23:03;0;RUA 23 DE JUNHO;;;1068;;Colis?â?úo;;;;Meio de Quadra;;;0;1;0;0;0;0;0;0;0;0;0;0;-3,783810250000000;-38,601428000000000
330006;25;4;2018;09:57;0;RUA VITAL BRASIL;;;0;;Colis?â?úo;Luz do Dia;;;Meio de Quadra;;;0;1;0;0;0;0;0;0;0;0;0;0;;
330003;25;4;2018;09:44;0;RUA BERNARDO MANUEL;;;530;;Colis?â?úo;Luz do Dia;;;Meio de Quadra;;;0;1;1;1;0;0;0;0;0;1;0;0;;
329999;25;4;2018;07:29;17414;RUA ZACARIAS GONDIM;RUA 15 DE NOVEMBRO;;0;;Colis?â?úo;Luz do Dia;;;Cruz;Pare;Comercial;0;1;1;1;0;0;0;0;0;1;0;0;-3,768021000000000;-38,558445000000000
330001;25;4;2018;07:31;0;AV MIN JOSE AMERICO;;;275;;Colis?â?úo;Luz do Dia;;;Meio de Quadra;;;0;1;1;1;0;0;0;0;0;1;0;0;-3,811474000000000;-38,496335000000000
330008;25;4;2018;11:04;0;RUA TULIPA;;;861;;Colis?â?úo;Luz do Dia;;;Meio de Quadra;;;0;1;0;0;0;0;0;0;0;0;0;0;-3,824268500000000;-38,591033500000000
330009;25;4;2018;11:45;0;RUA JOAQUIM MAGALHAES;;;0;;;Luz do Dia;;;Meio de Quadra;;;0;1;1;1;0;0;0;0;0;1;0;0;;
315358;25;4;2018;02:25;0;AV CEL CARVALHO;;;1100;;Atropelamento;;;;Meio de Quadra;;;1;0;1;1;0;0;0;0;0;0;0;0;-3,711625609000000;-38,589396870000000
327408;25;4;2018;09:50;0;AV MR HULL;;;426;;Tombamento;Luz do Dia;;;Meio de Quadra;;;0;0;1;0;0;0;1;0;0;0;0;0;;
317625;25;4;2018;19:30;0;AV JOSE SABOIA;;;51;PETROBRAS;Atropelamento;;;;Meio de Quadra;;;1;0;1;1;0;0;0;0;0;0;0;0;-3,714160000000000;-38,472565000000000
317628;25;4;2018;20:50;0;RUA OSCAR ARARIPE;;;2010;;Colis?â?úo Frontal;Via Iluminada;Bom;Seca;Meio de Quadra;N?â?úo H?â?í Controle;Comercial;1;0;1;1;0;0;0;0;0;1;0;0;-3,788074059000000;-38,609000471000000
317658;26;4;2018;01:30;19179;AV SANTOS DUMONT;RUA JULIO AZEVEDO;;0;;Colis?â?úo Transversal;;;;Cruz;N?â?úo H?â?í Controle;Comercial;1;2;0;1;0;0;0;0;0;1;0;0;-3,741662000000000;-38,481471000000000
327409;26;4;2018;08:25;0;RD BR 116;;;13000;KM-13;Colis?â?úo Lateral;Luz do Dia;;;Meio de Quadra;;;0;1;1;1;0;0;0;0;0;1;0;0;-3,864670000000000;-38,497727000000000
327587;26;4;2018;13:49;0;RD CE-040;;;0;KM-02;Colis?â?úo;Luz do Dia;;Seca;Meio de Quadra;;;0;0;2;1;0;0;0;0;0;0;0;0;-3,773616148000000;-38,481799400000000
327588;26;4;2018;17:45;0;AV SEN CARLOS JEREISSATI (AEROPORTO);;;0;KM 02;Atropelamento de Animal;Anoitecer;;Seca;Meio de Quadra;;;0;2;0;0;0;0;0;0;0;1;0;0;-3,782194000000000;-38,535424000000000
330090;26;4;2018;09:58;0;RUA GOMES DE FREITAS (PLANALTO AYRTON SENNA);;;3339;;Colis?â?úo;Luz do Dia;;;Meio de Quadra;;;0;1;1;1;0;0;0;0;0;1;0;0;-3,795404900000000;-38,478107600000000
330091;26;4;2018;10:44;0;RUA SULAMITA PORTELA;;;0;;Queda;Luz do Dia;;;Meio de Quadra;;;0;1;0;0;0;0;0;0;0;1;0;0;;
330092;26;4;2018;11:30;0;AV DES GONZAGA;;;0;;Colis?â?úo;Luz do Dia;;;Meio de Quadra;;;0;1;1;1;0;0;0;0;0;1;0;0;;
330093;26;4;2018;11:41;0;AV CASTELO DE CASTRO;;;527;;Queda;Luz do Dia;;;Meio de Quadra;;;0;1;0;0;0;0;0;0;0;1;0;0;-3,833689000000000;-38,521582000000000
330094;26;4;2018;14:59;0;AV AGUANAMBI;;;0;;Queda;Luz do Dia;;;Meio de Quadra;;;0;1;0;0;0;0;0;0;0;1;0;0;;
330088;26;4;2018;09:09;0;RUA TEOFILO GURGEL;;;338;;Colis?â?úo;Luz do Dia;;;Meio de Quadra;;;0;1;1;1;0;1;0;0;0;0;0;0;-3,727720000000000;-38,546620000000000
330082;26;4;2018;08:02;0;RUA COM GARCIA;;;1160;;Colis?â?úo;Luz do Dia;;;Meio de Quadra;;;0;1;1;0;0;0;0;0;0;1;0;0;-3,794184690000000;-38,584132586000000
330077;26;4;2018;07:38;0;AV DEP PAULINO ROCHA;;;2780;;Colis?â?úo;Luz do Dia;;;Meio de Quadra;;;0;1;1;1;0;0;0;0;0;1;0;0;-3,809180000000000;-38,520270000000000
330073;26;4;2018;05:47;0;AV L CJ CEARA;;;1478;;Queda;Amanhecer;;;Meio de Quadra;;;0;1;0;0;0;0;0;0;0;1;0;0;;
330075;26;4;2018;05:57;0;RUA DOM EXPEDITO LOPES;;;0;;Queda;Amanhecer;;;Meio de Quadra;;;0;1;0;0;0;0;0;0;0;1;0;0;;
330080;26;4;2018;07:46;0;RUA JOAO CORDEIRO;;;407;;Colis?â?úo;Luz do Dia;;;Meio de Quadra;;;0;1;1;0;0;0;0;0;0;1;0;0;;
330084;26;4;2018;08:32;0;RUA HENRIQUE AUTRAN;;;0;;Colis?â?úo;Luz do Dia;;;Meio de Quadra;;;0;1;1;1;0;1;0;0;0;0;0;0;;
330096;26;4;2018;15:38;0;RUA RAIMUNDO FROTA;;;6718;;Colis?â?úo;Luz do Dia;;;Meio de Quadra;;;0;1;0;0;0;0;0;0;0;0;0;0;;
330098;26;4;2018;15:43;12526;RUA CARNAUBAL;RUA PIERRE LUZ;;0;;Colis?â?úo;Luz do Dia;;;Cruz;Pare;Residencial;0;1;1;1;0;0;0;0;0;1;0;0;-3,722062000000000;-38,588217000000000
330101;26;4;2018;15:55;0;AV ROGACIANO LEITE;;;1057;;Colis?â?úo;Luz do Dia;;;Meio de Quadra;;;0;1;0;0;0;0;0;0;0;0;0;0;-3,778907300000000;-38,501077600000000
330103;26;4;2018;16:33;0;RUA COELHO DA FONSECA;;;375;;Choque c/ Obst?â?ículo Fixo;Luz do Dia;;;Meio de Quadra;;;0;1;0;1;0;0;0;0;0;0;0;0;-3,712950000000000;-38,561360000000000
330104;26;4;2018;16:49;0;AV MOZART PINHEIRO DE LUCENA;;;0;;Colis?â?úo;Luz do Dia;;;Meio de Quadra;;;0;1;1;0;0;0;0;0;0;1;0;0;;
330105;26;4;2018;17:58;0;AV SGT HERMINIO SAMPAIO;;;5363;;Colis?â?úo;Anoitecer;;;Meio de Quadra;;;0;1;1;1;0;0;0;0;0;1;0;0;-3,734085818000000;-38,587605255000000
330106;26;4;2018;18:04;0;AV LINEU MACHADO;;;657;;Colis?â?úo;Anoitecer;;;Meio de Quadra;;;0;1;1;1;0;0;0;0;0;1;0;0;-3,766231000000000;-38,577074000000000
330107;26;4;2018;19:15;0;AV BAR STUDART;;;0;;Atropelamento;;;;Meio de Quadra;;;0;1;1;0;0;0;0;0;0;1;0;0;;
330108;26;4;2018;19:28;0;RUA MARTINS NETO;;;185;;Colis?â?úo;;;;Meio de Quadra;;;0;1;1;1;0;0;0;0;0;1;0;0;-3,740037000000000;-38,587002000000000
330109;26;4;2018;19:36;0;RUA MARTINS NETO;;;0;;Colis?â?úo;;;;Meio de Quadra;;;0;1;1;1;0;0;0;0;0;1;0;0;;
330110;26;4;2018;19:41;0;AV ABOLICAO;;;0;;Atropelamento;;;;Meio de Quadra;;;0;2;1;0;1;0;0;0;0;0;0;0;;
330142;26;4;2018;20:40;0;AV DOMINGOS OLIMPIO;;;657;;Colis?â?úo;;;;Meio de Quadra;;;0;1;1;0;0;0;1;0;0;1;0;0;-3,737192000000000;-38,529548000000000
330143;26;4;2018;21:10;0;AV BENJAMIM BRASIL;;;1435;;Queda;;;;Meio de Quadra;;;0;1;0;0;0;1;0;0;0;0;0;0;-3,806300000000000;-38,562623000000000
330147;26;4;2018;21:34;0;RUA VALPARAISO;;;684;;Colis?â?úo;;;;Meio de Quadra;;;0;1;1;1;0;0;0;0;0;1;0;0;-3,843842216000000;-38,526236344000000
330148;26;4;2018;22:52;0;RUA PERNAMBUCO;;;600;;Colis?â?úo;;;;Meio de Quadra;;;0;1;1;1;0;0;0;0;0;1;0;0;-3,765157500000000;-38,560577600000000
322541;26;4;2018;09:18;14468;RUA TEOFILO GURGEL;RUA HENRIQUE AUTRAN;;0;;Colis?â?úo Transversal;Luz do Dia;Bom;Seca;Cruz;Pare;Residencial;0;0;1;1;0;1;0;0;0;0;0;0;-3,727775000000000;-38,546567000000000
322542;26;4;2018;07:00;5335;RUA PINTO MADEIRA;RUA GOV SAMPAIO;;0;;Colis?â?úo Transversal;Luz do Dia;Bom;Seca;T;Pare;Comercial;0;1;1;1;0;1;0;0;0;0;0;0;-3,730631000000000;-38,523908000000000
322543;26;4;2018;13:32;0;AV ENG SANTANA JUNIOR;;;918;;Colis?â?úo Traseira;Luz do Dia;Bom;Seca;Meio de Quadra;Sem?â?íforo;Comercial;0;0;2;1;0;0;0;0;0;0;0;0;-3,736084500000000;-38,482340000000000
322544;26;4;2018;13:30;5463;RUA BARBARA DE ALENCAR;RUA DNA LEOPOLDINA;;0;;Colis?â?úo Transversal;Luz do Dia;Bom;Seca;Cruz;Pare;Residencial;0;1;0;1;0;0;0;0;0;1;0;0;-3,735695000000000;-38,521102000000000
322545;26;4;2018;14:06;0;AV ALM HENRIQUE SABOIA;RUA LAURO NOGUEIRA;;0;;Colis?â?úo;Luz do Dia;Bom;Seca;Meio de Quadra;N?â?úo H?â?í Controle;Comercial;0;1;1;0;1;0;0;0;0;1;0;0;-3,737607000000000;-38,485630000000000
322546;26;4;2018;15:23;246;AV JOVITA FEITOSA;RUA DOM LINO;;0;;Colis?â?úo Transversal;Luz do Dia;Bom;Seca;Cruz;Sem?â?íforo;Comercial;0;1;0;0;0;0;0;0;0;1;0;0;-3,739850000000000;-38,556413000000000
322547;26;4;2018;16:49;0;AV TRISTAO GONCALVES;;;1074;;Colis?â?úo Traseira;Luz do Dia;Bom;Seca;Meio de Quadra;Sem?â?íforo;Comercial;0;0;2;0;1;0;0;0;0;0;0;0;-3,730711200000000;-38,534233000000000
322539;26;4;2018;09:05;0;AV DA UNIVERSIDADE;;;2083;;Colis?â?úo Lateral;Luz do Dia;Bom;Seca;Meio de Quadra;N?â?úo H?â?í Controle;Comercial;0;0;2;1;0;0;0;0;0;0;0;0;-3,736160500000000;-38,534670000000000
322549;26;4;2018;19:30;15152;AV BAR STUDART;AV ABOLICAO;;0;;Colis?â?úo Transversal;Via Iluminada;Bom;Seca;Cruz;Sem?â?íforo;Comercial;0;1;2;1;1;1;0;0;0;0;0;0;-3,724762000000000;-38,503445000000000
322558;26;4;2018;18:50;0;AV PRS COSTA E SILVA;;;1347;;Colis?â?úo Lateral;Via Iluminada;Bom;Seca;Meio de Quadra;N?â?úo H?â?í Controle;Residencial;0;1;1;1;0;0;0;0;0;1;0;0;-3,824203700000000;-38,545720000000000
322559;27;4;2018;21:53;5100;AV MON TABOSA;RUA ALM JACEGUAI;;0;;N?â?úo Informado;Via Iluminada;Bom;Seca;Cruz;Sem?â?íforo;Comercial;0;0;2;1;0;0;0;0;0;0;0;0;-3,723554000000000;-38,519439000000000
322561;27;4;2018;15:00;17416;RUA EDITE BRAGA;RUA ELVIRA PINHO;;0;;Colis?â?úo Transversal;Luz do Dia;Bom;Seca;Cruz;Pare;Residencial;0;0;1;0;0;0;0;0;0;1;0;0;-3,768064000000000;-38,553552000000000
322550;27;4;2018;01:23;12864;RUA ASSUNCAO;AV DOMINGOS OLIMPIO;;0;;Colis?â?úo Transversal;Via Iluminada;Bom;Seca;Cruz;Sem?â?íforo;Comercial;0;1;0;0;0;0;0;0;0;1;0;0;-3,737192000000000;-38,529548000000000