COD_ACIDENTE;DIA;MES;ANO;HORA;INTERSECAO;LOG1;LOG2;LOG3;NUMERO;REFERENCIA;NATUREZA;ILUMINACAO;TEMPO;SUPERFICIEPISTA;TIPOCRUZAMENTO;CONTROLETRAFEGO;USOSOLO;MORTOS;FERIDOS;ILESOS;AUTOMOVEL;ONIBUS;BICICLETA;CAMINHAO;MICROONIBUS;CICLOMOTOR;MOTOCICLETA;TRACAOANIMAL;TREM;LATITUDE;LONGITUDE
322551;27;4;2018;01:55;1406;AV DES MOREIRA;RUA DES LEITE ALBUQUERQUE;;0;;Colis?â?úo Transversal;Via Iluminada;Bom;Seca;Cruz;Sem?â?íforo;Comercial;0;0;1;1;0;0;0;0;0;0;0;0;-3,737220000000000;-38,498678000000000
322552;27;4;2018;08:25;1341;RUA MON BRUNO;RUA AFONSO CELSO;;0;;Colis?â?úo Transversal;Luz do Dia;Bom;Seca;Cruz;Pare;Comercial;0;0;2;1;0;0;0;0;0;0;0;0;-3,735734000000000;-38,510519000000000
322553;27;4;2018;07:31;0;AV SGT HERMINIO SAMPAIO;;;1628;;Atropelamento;Luz do Dia;Bom;Seca;Meio de Quadra;N?â?úo H?â?í Controle;Comercial;0;2;0;0;0;0;0;0;0;1;0;0;-3,725391000000000;-38,555305000000000
322554;27;4;2018;11:31;0;RUA SILVIO ROMERO;;;231;;Colis?â?úo Lateral;Luz do Dia;Bom;Seca;Meio de Quadra;N?â?úo H?â?í Controle;Residencial;0;0;1;0;0;0;0;0;0;0;0;0;-3,719731600000000;-38,570614000000000
322555;27;4;2018;14:20;0;RUA GEORGE CAVALCANTE;;;1045;;Queda;Luz do Dia;Bom;Seca;Meio de Quadra;Pare;Residencial;0;0;1;0;0;0;0;0;0;0;0;0;-3,720853000000000;-38,592003000000000
322556;27;4;2018;08:30;0;RUA MAJ MONTENEGRO;RUA JULIO MACIEL D35;;0;;Colis?â?úo Transversal;Luz do Dia;Bom;Seca;Cruz;Pare;Residencial;0;0;2;1;0;0;0;0;0;0;0;0;-3,797407400000000;-38,580563000000000
322557;27;4;2018;16:42;5443;RUA METON DE ALENCAR;RUA SOLON PINHEIRO;;0;;Colis?â?úo Lateral;Luz do Dia;Bom;Seca;Cruz;Sem?â?íforo;Comercial;0;1;1;0;0;0;0;0;0;1;0;0;-3,734622000000000;-38,527697000000000
330149;27;4;2018;06:21;0;RUA BOM JESUS (BARRA DO CEARA);;;1385;;Queda;Luz do Dia;;;Meio de Quadra;;;0;1;0;0;0;0;0;0;0;1;0;0;-3,788139900000000;-38,621602600000000
330150;27;4;2018;07:29;0;AV SGT HERMINIO SAMPAIO;;;1628;;Atropelamento;Luz do Dia;;;Meio de Quadra;;;0;2;1;0;0;0;0;0;0;1;0;0;-3,725382000000000;-38,555149000000000
330151;27;4;2018;07:54;0;RUA CEL VIRGILIO NOGUEIRA (BOM JARDIM);;;1082;;Colis?â?úo;Luz do Dia;;;Meio de Quadra;;;0;1;1;1;0;0;0;0;0;1;0;0;-3,791885400000000;-38,609933400000000
330152;27;4;2018;07:58;0;RUA CESAR ROSSAS;;;342;;Colis?â?úo;Luz do Dia;;;Meio de Quadra;;;0;1;1;0;0;0;0;0;0;1;0;0;-3,769215717000000;-38,554924811000000
330183;27;4;2018;20:53;0;AV MR HULL;;;4560;;Colis?â?úo;;;;Meio de Quadra;;;0;1;0;0;0;0;0;0;0;0;0;0;-3,738490000000000;-38,585170000000000
330184;27;4;2018;20:55;0;RUA CHILE;;;290;;Queda;;;;Meio de Quadra;;;0;1;0;0;0;0;0;0;0;1;0;0;-3,746178000000000;-38,565276000000000
330185;27;4;2018;22:00;0;AV FILOMENO GOMES;;;0;;Colis?â?úo;;;;Meio de Quadra;;;0;1;1;1;0;0;0;0;0;1;0;0;;
330178;27;4;2018;18:11;0;AV GAL OSORIO DE PAIVA;;;0;;Atropelamento;Anoitecer;;;Meio de Quadra;;;0;1;1;1;0;0;0;0;0;0;0;0;;
330179;27;4;2018;18:55;0;AV JOR THOMAZ COELHO;;;1650;;Colis?â?úo;;;;Meio de Quadra;;;0;1;1;1;0;0;0;0;0;1;0;0;-3,829801000000000;-38,509588000000000
330180;27;4;2018;19:21;0;RUA VINTE E QUATRO DE MAIO;;;114;;Colis?â?úo;;;;Meio de Quadra;;;0;1;1;0;0;0;0;0;0;1;0;0;-3,722166400000000;-38,530577400000000
330181;27;4;2018;20:19;0;AV PERIMETRAL;;;0;;Colis?â?úo;;;;Meio de Quadra;;;0;1;1;1;0;1;0;0;0;0;0;0;;
330173;27;4;2018;14:41;0;RUA FRE ODILON;;;0;;Colis?â?úo;Luz do Dia;;;Meio de Quadra;;;0;1;1;0;0;0;0;0;0;1;0;0;;
330174;27;4;2018;16:49;0;RUA GAL BERNARDO FIGUEIREDO;;;1089;;Queda;Luz do Dia;;;Meio de Quadra;;;0;1;0;0;0;1;0;0;0;0;0;0;-3,801601300000000;-38,480630900000000
330175;27;4;2018;17:12;0;RUA NOVA CONQUISTA (BONSUCESSO);;;42;;Queda;Anoitecer;;;Meio de Quadra;;;0;1;0;0;0;1;0;0;0;0;0;0;-3,814848300000000;-38,521514700000000
330176;27;4;2018;17:21;0;AV ALBERTO CRAVEIRO;;;2239;;Colis?â?úo;Anoitecer;;;Meio de Quadra;;;0;1;1;1;0;0;0;0;0;1;0;0;-3,799277765000000;-38,518900400000000
330156;27;4;2018;07:59;0;RUA SGT JOAO PINHEIRO;;;781;;Colis?â?úo;Luz do Dia;;;Meio de Quadra;;;0;1;1;1;0;0;0;0;0;1;0;0;-3,782400000000000;-38,622630000000000
330157;27;4;2018;08:21;0;RUA GAL TERTULIANO POTYGUARA;;;1895;;Colis?â?úo;Luz do Dia;;;Meio de Quadra;;;0;1;1;1;0;0;0;0;0;1;0;0;-3,746354000000000;-38,490420000000000
330158;27;4;2018;08:39;5406;RUA PRC ISABEL;RUA ANTONIO POMPEU;;0;;Colis?â?úo;Luz do Dia;;;Cruz;Pare;Escola;0;1;1;1;0;0;0;0;0;1;0;0;-3,732693000000000;-38,537283000000000
330159;27;4;2018;08:49;0;AV SEN FERNANDES TAVORA;;;1347;;Atropelamento;Luz do Dia;;;Meio de Quadra;;;0;1;1;0;0;0;0;0;0;1;0;0;-3,760761883000000;-38,584838118000000
330160;27;4;2018;10:14;0;RUA TEODOMIRO DE CASTRO;;;4129;;Queda;Luz do Dia;;;Meio de Quadra;;;0;1;0;0;0;1;0;0;0;0;0;0;-3,719615429000000;-38,570644000000000
330161;27;4;2018;10:42;0;RUA VITORIA;;;1046;;Colis?â?úo;Luz do Dia;;;Meio de Quadra;;;0;1;1;1;0;0;0;0;0;1;0;0;-3,767345300000000;-38,589838600000000
330162;27;4;2018;10:49;0;AV DIOGUINHO;;;5448;;Colis?â?úo;Luz do Dia;;;Meio de Quadra;;;0;1;1;1;0;1;0;0;0;0;0;0;;
330163;27;4;2018;11:03;0;AV PRS COSTA E SILVA;;;859;;Colis?â?úo;Luz do Dia;;;Meio de Quadra;;;0;1;1;1;0;0;0;0;0;1;0;0;-3,812772000000000;-38,571836000000000
330166;27;4;2018;11:11;1360;RUA JOAQUIM NABUCO;RUA DES LEITE ALBUQUERQUE;;0;;Colis?â?úo;Luz do Dia;;;Cruz;Pare;Comercial;0;1;1;1;0;0;0;0;0;1;0;0;-3,736273000000000;-38,501621000000000
330167;27;4;2018;13:44;0;RUA FRANCISCO LORDA;;;260;;Atropelamento;Luz do Dia;;;Meio de Quadra;;;0;1;1;0;0;0;0;0;0;1;0;0;-3,762030800000000;-38,531511600000000
330168;27;4;2018;14:11;0;AV MOZART PINHEIRO DE LUCENA;;;2301;;Colis?â?úo;Luz do Dia;;;Meio de Quadra;;;0;1;0;0;0;0;0;0;0;0;0;0;-3,723932600000000;-38,597349600000000
330169;27;4;2018;14:23;0;RUA ROCHA POMBO;;;0;;Colis?â?úo;Luz do Dia;;;Meio de Quadra;;;0;1;1;0;0;0;0;0;0;1;0;0;;
330242;27;4;2018;22:48;0;RUA SILVINHA TELES D69;;;786;;Colis?â?úo;;;;Meio de Quadra;;;0;1;1;1;0;0;0;0;0;1;0;0;-3,846744051000000;-38,528601355000000
330243;27;4;2018;23:39;0;RUA C CJ VILA VELHA;;;26;;Queda;;;;Meio de Quadra;;;0;1;0;0;0;0;0;0;0;1;0;0;-3,712128200000000;-38,601036400000000
327589;27;4;2018;10:20;0;RD CE-025;;;0;;Colis?â?úo;Luz do Dia;;Seca;Meio de Quadra;;;0;0;2;1;0;0;1;0;0;0;0;0;;
327410;27;4;2018;21:00;0;RD BR 222;;;1800;KM-02;Atropelamento;;;;Meio de Quadra;;;0;1;1;1;0;0;0;0;0;0;0;0;-3,740362400000000;-38,596996100000000
317651;27;4;2018;16:30;0;RUA SILVIO ROMERO;;;0;;Colis?â?úo;Luz do Dia;;;Meio de Quadra;;;1;0;1;0;0;0;0;0;0;1;0;0;;
326870;27;4;2018;07:40;3993;RUA ALBERTO MAGNO;RUA DULCINEIA GONDIM;;0;;Colis?â?úo Transversal;Luz do Dia;;;Cruz;Pare;Comercial;0;1;1;1;0;0;0;0;0;0;0;0;-3,759321000000000;-38,545120000000000
326875;27;4;2018;11:45;22070;RUA JOSE FACANHA;RUA PAPI JUNIOR;;0;;Colis?â?úo Transversal;Luz do Dia;;;Cruz;Pare;Comercial;0;0;2;1;0;0;0;0;0;1;0;0;-3,752136000000000;-38,557265000000000
326873;27;4;2018;10:00;1360;RUA DES LEITE ALBUQUERQUE;RUA JOAQUIM NABUCO;;0;;Colis?â?úo Lateral;Luz do Dia;;;Cruz;Pare;Comercial;0;1;1;1;0;0;0;0;0;1;0;0;-3,736273000000000;-38,501621000000000
326880;27;4;2018;12:20;0;AV DIOGUINHO;;;0;;Colis?â?úo Traseira;Luz do Dia;;;Meio de Quadra;;;0;0;2;1;0;0;0;0;0;1;0;0;;
326884;28;4;2018;07:00;0;AV GAL OSORIO DE PAIVA;;;305;;Colis?â?úo Lateral;Luz do Dia;;;Meio de Quadra;;;0;1;1;0;1;0;0;0;0;1;0;0;-3,774834100000000;-38,565553700000000
326892;28;4;2018;15:00;9183;AV FELINO BARROSO;RUA CARLOS RIBEIRO;;0;;Colis?â?úo Frontal;Luz do Dia;;;Cruz;Pare;Residencial;0;0;3;1;0;0;0;0;0;0;0;0;-3,746736000000000;-38,528224000000000
327590;28;4;2018;09:50;0;RD CE-040;;;0;KM-02;Colis?â?úo;Luz do Dia;;Seca;Meio de Quadra;;;0;0;2;1;0;0;0;0;0;0;0;0;-3,773616148000000;-38,481799400000000
330244;28;4;2018;00:45;15200;RUA CARLOS VASCONCELOS;RUA DEP MOREIRA DA ROCHA;;0;;Colis?â?úo;;;;Cruz;Sem?â?íforo;Residencial;0;1;1;1;0;0;0;0;0;1;0;0;-3,726560000000000;-38,508724000000000
330246;28;4;2018;03:24;0;AV ANTONIO JUSTA;;;0;;Choque c/ Obst?â?ículo Fixo;;;;Meio de Quadra;;;0;1;0;1;0;0;0;0;0;0;0;0;;
330247;28;4;2018;05:43;9094;AV SORIANO ALBUQUERQUE;AV VIS RIO BRANCO;;0;;Colis?â?úo;Amanhecer;;;Cruz;Sem?â?íforo;Comercial;0;1;0;0;0;0;0;0;0;0;0;0;-3,747601000000000;-38,521682000000000
330258;28;4;2018;10:19;0;RUA BERNARDO MANUEL;;;10935;;Colis?â?úo;Luz do Dia;;;Meio de Quadra;;;0;1;1;1;0;0;0;0;0;1;0;0;-3,814591280000000;-38,556249627000000
330260;28;4;2018;10:23;0;AV BORGES DE MELO;;;1196;;Colis?â?úo;Luz do Dia;;;Meio de Quadra;;;0;1;1;0;0;0;0;0;0;1;0;0;-3,759583000000000;-38,530465000000000
330261;28;4;2018;10:24;0;RUA CEL FABRICIANO;;;1550;;Colis?â?úo;Luz do Dia;;;Meio de Quadra;;;0;1;1;1;0;0;0;0;0;1;0;0;-3,783312500000000;-38,605868000000000
330262;28;4;2018;11:10;0;AV MR HULL;;;5558;;Colis?â?úo;Luz do Dia;;;Meio de Quadra;;;0;1;1;1;0;0;0;0;0;1;0;0;-3,740018533000000;-38,594011000000000
330263;28;4;2018;11:51;0;AV DEP PAULINO ROCHA;;;1001;;Colis?â?úo;Luz do Dia;;;Meio de Quadra;;;0;1;1;1;0;0;0;0;0;1;0;0;-3,807640000000000;-38,508270000000000
330253;28;4;2018;08:14;0;AV JOSE LEON;;;1311;;Colis?â?úo;Luz do Dia;;;Meio de Quadra;;;0;1;1;1;0;0;0;0;0;1;0;0;-3,788570000000000;-38,498840000000000
330254;28;4;2018;08:24;0;RUA JULIO VERNE;;;280;;Colis?â?úo;Luz do Dia;;;Meio de Quadra;;;0;1;1;0;0;0;0;0;0;1;0;0;-3,774610000000000;-38,558200000000000
330255;28;4;2018;09:47;7684;RUA RODRIGUES ANDRADE;RUA PARAIBA;;0;;Colis?â?úo;Luz do Dia;;;Cruz;Pare;Residencial;0;1;1;1;0;0;0;0;0;1;0;0;-3,762424000000000;-38,563299000000000
330249;28;4;2018;07:09;0;AV PERIMETRAL;;;0;;Colis?â?úo;Luz do Dia;;;Meio de Quadra;;;0;1;1;1;0;0;0;0;0;0;0;0;;
330250;28;4;2018;07:39;0;RUA ANTONIO BARROS;;;0;;Colis?â?úo;Luz do Dia;;;Meio de Quadra;;;0;1;0;0;0;0;0;0;0;0;0;0;;
330251;28;4;2018;07:41;0;RUA JORGE FIGUEIREDO (ANCURI);;;3007;;Colis?â?úo;Luz do Dia;;;Meio de Quadra;;;0;1;0;0;0;0;0;0;0;0;0;0;-3,742400000000000;-38,564690000000000
330308;28;4;2018;17:15;0;RUA GUILHERME PESSOA;;;1211;;Colis?â?úo;Anoitecer;;;Meio de Quadra;;;0;1;1;1;0;0;0;0;0;1;0;0;-3,827528375000000;-38,484410625000000
330312;28;4;2018;17:59;0;AV GAL OSORIO DE PAIVA;;;943;;Colis?â?úo;Anoitecer;;;Meio de Quadra;;;0;1;1;1;0;0;0;0;0;1;0;0;-3,778061000000000;-38,570360000000000
330313;28;4;2018;18:33;0;AV GAL OSORIO DE PAIVA;;;0;;Colis?â?úo;;;;Meio de Quadra;;;0;1;0;0;0;0;0;0;0;0;0;0;;
330314;28;4;2018;19:05;0;AV ALM BARROSO;;;0;;Colis?â?úo;;;;Meio de Quadra;;;0;1;1;1;0;0;0;0;0;1;0;0;;
330315;28;4;2018;20:20;0;RUA MIN SERGIO MOTA;;;107;;Atropelamento;;;;Meio de Quadra;;;0;1;1;0;0;0;0;0;0;1;0;0;-3,751391200000000;-38,562945400000000
330316;28;4;2018;21:40;19871;RUA STA QUITERIA;RUA TOBIAS BARRETO;;0;;Colis?â?úo;;;;Cruz;Pare;Residencial;0;1;0;0;0;0;0;0;0;0;0;0;-3,759128000000000;-38,540106000000000
330319;28;4;2018;21:58;0;AV JOR JOAO RAMOS;;;2453;;Colis?â?úo;;;;Meio de Quadra;;;0;1;0;0;0;0;0;0;0;0;0;0;-3,840612530000000;-38,578545176000000
330320;28;4;2018;22:08;0;RUA CARLOS CHAGAS;;;953;;Queda;;;;Meio de Quadra;;;0;1;0;0;0;0;0;0;0;1;0;0;-3,779237343000000;-38,588382571000000
330321;28;4;2018;22:19;0;AV DIOGUINHO;;;0;;Colis?â?úo;;;;Meio de Quadra;;;0;1;1;1;0;0;0;0;0;1;0;0;;
330310;28;4;2018;17:43;0;RUA 101 CJ NOVO MONDUBIM;;;200;;Atropelamento;Anoitecer;;;Meio de Quadra;;;0;1;1;0;0;0;0;0;0;1;0;0;-3,803391900000000;-38,545327000000000
330325;28;4;2018;23:04;0;AV SEN FERNANDES TAVORA;;;0;;Colis?â?úo;;;;Meio de Quadra;;;0;1;1;1;0;0;0;0;0;1;0;0;;
330326;28;4;2018;23:13;2411;RUA AMADEU DE CASTRO;AV CEL CARVALHO;;0;;Colis?â?úo;;;;Cruz;N?â?úo H?â?í Controle;Comercial;0;1;1;1;0;0;0;0;0;1;0;0;-3,706322000000000;-38,590807000000000
330266;28;4;2018;12:19;0;AV ZEZE DIOGO;;;233;;Colis?â?úo;Luz do Dia;;;Meio de Quadra;;;0;1;1;1;0;0;0;0;0;1;0;0;-3,709166600000000;-38,468347400000000
330267;28;4;2018;14:02;0;RUA GAL SAMPAIO;;;1227;;Colis?â?úo;Luz do Dia;;;Meio de Quadra;;;0;1;1;1;0;0;0;0;0;1;0;0;-3,729125420000000;-38,531439444000000
330268;28;4;2018;16:18;0;AV MOZART PINHEIRO DE LUCENA;;;2472;;Colis?â?úo;Luz do Dia;;;Meio de Quadra;;;0;1;1;1;0;0;0;0;0;1;0;0;-3,725606611000000;-38,597796433000000
330269;28;4;2018;16:47;0;RUA ANARIO BRAGA;;;775;;Atropelamento;Luz do Dia;;;Meio de Quadra;;;0;1;1;0;0;0;0;0;0;1;0;0;-3,736938572000000;-38,593265714000000
322562;28;4;2018;13:13;25878;RUA CEL ZACARIAS J FRANCA;RUA DR WANDA SIDOU;;0;;Colis?â?úo Lateral;Luz do Dia;Bom;Seca;T;Pare;Residencial;0;0;2;1;0;0;0;0;0;0;0;0;-3,806600300000000;-38,506104000000000
322563;28;4;2018;19:01;0;AV ABOLICAO;;;3690;;Colis?â?úo Lateral;Via Iluminada;Bom;Seca;Meio de Quadra;N?â?úo H?â?í Controle;Residencial;0;0;2;1;1;0;0;0;0;0;0;0;-3,725857700000000;-38,486706000000000
322564;28;4;2018;19:36;26255;AV HIS RAIMUNDO GIRAO;RUA HIS GUARINO ALVES;;0;;Colis?â?úo Transversal;Via Iluminada;Bom;Seca;Cruz;Pare;Residencial;0;1;2;1;0;0;0;0;0;1;0;0;-3,720376500000000;-38,514797000000000
322560;28;4;2018;07:57;0;RUA PDE VALDEVINO;;;2470;;N?â?úo Informado;Luz do Dia;Bom;Seca;Meio de Quadra;Gesto;Comercial;0;0;1;1;0;0;0;0;0;0;0;0;-3,743447500000000;-38,503494000000000
322567;28;4;2018;21:30;0;RUA BERNARDO MANUEL;;;8297;;Colis?â?úo Lateral;Via Iluminada;Nublado;Molhada;Meio de Quadra;N?â?úo H?â?í Controle;Comercial;0;1;1;1;0;0;0;0;0;0;0;0;-3,791756600000000;-38,549300000000000
322568;29;4;2018;06:53;26223;AV CHANC EDSON QUEIROZ;RUA ALBERTO FEITOSA LIMA;;0;;Colis?â?úo Lateral;Luz do Dia;Nublado;Molhada;Cruz;Pare;Comercial;0;0;1;1;0;0;0;0;0;1;0;0;-3,767146000000000;-38,484460000000000
322569;29;4;2018;18:36;7862;AV ANTONIO SALES;RUA PRO DIAS DA ROCHA;;0;;Colis?â?úo Traseira;Via Iluminada;Bom;Seca;Cruz;Gesto;Comercial;0;1;1;1;0;0;0;0;0;1;0;0;-3,747586000000000;-38,495535000000000
322570;29;4;2018;19:39;0;AV DR SILAS MUNGUBA;;;5995;;Colis?â?úo Lateral;Via Iluminada;Bom;Seca;Meio de Quadra;Pare;Comercial;0;0;2;1;0;0;0;0;0;1;0;0;-3,805260200000000;-38,526370000000000
322571;29;4;2018;21:07;17326;RUA ALBERTO MAGNO;RUA ALAN KARDEC;;0;;Colis?â?úo Transversal;Via Iluminada;Bom;Seca;Cruz;Pare;Residencial;0;1;2;1;0;0;0;0;0;0;0;0;-3,764796000000000;-38,549918000000000
322572;29;4;2018;22:09;0;RUA POMPILIO GOMES;;;1656;;Capotamento;Via Iluminada;Bom;Seca;Meio de Quadra;N?â?úo H?â?í Controle;Residencial;0;0;2;1;0;0;0;0;0;0;0;0;-3,826023800000000;-38,521336000000000
322565;29;4;2018;00:10;0;RUA PESSOA ANTA;;;0;;Colis?â?úo Lateral;Via Iluminada;Outros;Seca;Meio de Quadra;N?â?úo H?â?í Controle;Comercial;0;0;1;1;0;0;0;0;0;0;0;0;-3,723517000000000;-38,509056000000000
322566;29;4;2018;01:09;1566;RUA PDE VALDEVINO;RUA SILVA PAULET;;0;;Colis?â?úo Transversal;Via Iluminada;Bom;Seca;Cruz;Pare;Comercial;0;1;1;1;0;0;0;0;0;1;0;0;-3,741957000000000;-38,507851000000000
322583;29;4;2018;19:32;8643;AV ENG LEAL LIMA VERDE (SAPIRANGA/COITE);AV EDILSON B SOARES;;0;;Colis?â?úo Transversal;Via Iluminada;Bom;Seca;Cruz;Sem?â?íforo;Comercial;0;1;0;0;0;0;0;0;0;1;0;0;-3,789082000000000;-38,476215000000000
330328;29;4;2018;05:15;0;AV CHANC EDSON QUEIROZ;;;0;;Colis?â?úo;Amanhecer;;;Meio de Quadra;;;0;1;1;1;0;0;0;0;0;1;0;0;;
330329;29;4;2018;05:43;0;AV MR HULL;;;0;;Colis?â?úo;Amanhecer;;;Meio de Quadra;;;0;1;0;0;0;0;0;0;0;0;0;0;;
330335;29;4;2018;14:01;0;RUA FRANCISCA CLOTILDE;;;762;;Queda;Luz do Dia;;;Meio de Quadra;;;0;1;0;0;0;0;0;0;0;1;0;0;;
330336;29;4;2018;14:50;0;RUA PASSO FUNDO;;;1048;;Colis?â?úo;Luz do Dia;;;Meio de Quadra;;;0;1;0;0;0;0;0;0;0;0;0;0;-3,755867300000000;-38,600435100000000
330339;29;4;2018;15:50;0;AV BEIRA MAR;;;0;;Queda;Luz do Dia;;;Meio de Quadra;;;0;1;0;0;0;1;0;0;0;0;0;0;;
330340;29;4;2018;16:29;0;RUA VALPARAISO;;;600;;Colis?â?úo;Luz do Dia;;;Meio de Quadra;;;0;1;0;0;0;0;0;0;0;0;0;0;-3,844300098000000;-38,525668520000000
330332;29;4;2018;08:02;0;RUA VALPARAISO;;;128;;Queda;Luz do Dia;;;Meio de Quadra;;;0;1;0;0;0;0;0;0;0;1;0;0;-3,846079200000000;-38,521550900000000
330333;29;4;2018;12:57;17564;RUA ESTADO DO RIO;RUA PARA;;0;;Colis?â?úo;Luz do Dia;;;Cruz;Pare;Residencial;0;1;2;1;0;0;0;0;0;1;0;0;-3,752973000000000;-38,567337000000000
330343;29;4;2018;17:37;0;AV JOR THOMAZ COELHO;;;0;;Queda;Anoitecer;;;Meio de Quadra;;;0;1;0;0;0;0;0;0;0;1;0;0;;
330345;29;4;2018;17:38;0;AV GOV PARSIFAL BARROSO;;;0;;Colis?â?úo;Anoitecer;;;Meio de Quadra;;;0;1;1;1;0;0;0;0;0;1;0;0;;
330347;29;4;2018;17:42;26226;AV AMERICO BARREIRA;AV CARNEIRO DE MENDONCA;;0;;Queda;Anoitecer;;;Cruz;Sem?â?íforo;Comercial;0;1;0;0;0;0;0;0;0;1;0;0;;
330349;29;4;2018;18:17;8643;AV ENG LEAL LIMA VERDE (SAPIRANGA/COITE);AV EDILSON B SOARES;;0;;Colis?â?úo;Anoitecer;;;Cruz;Sem?â?íforo;Comercial;0;1;1;0;0;0;0;0;0;1;0;0;-3,789082000000000;-38,476215000000000
330350;29;4;2018;18:32;0;AV FRANCISCO SA;;;5226;;Colis?â?úo;;;;Meio de Quadra;;;0;1;0;0;0;0;0;0;0;0;0;0;-3,712717334000000;-38,571088813000000
330351;29;4;2018;18:34;0;AV ADENANTERAS;;;731;;Queda;;;;Meio de Quadra;;;0;1;0;0;0;0;0;0;0;1;0;0;-3,754613668000000;-38,470028052000000
330353;29;4;2018;19:12;0;RUA VILA RICA;;;369;;Colis?â?úo;;;;Meio de Quadra;;;0;1;1;1;0;0;0;0;0;1;0;0;-3,787324035000000;-38,546404690000000
330354;29;4;2018;19:37;0;RUA FRANCO ROCHA;;;278;;Queda;;;;Meio de Quadra;;;0;1;0;0;0;0;0;0;0;1;0;0;-3,755681257000000;-38,579201257000000
330356;29;4;2018;21:04;0;RUA LEDA PORTO FREIRE;;;350;;Queda;;;;Meio de Quadra;;;0;1;0;0;0;0;0;0;0;1;0;0;;
330359;29;4;2018;22:15;0;RUA ANGELA DINIZ;;;360;;Colis?â?úo;;;;Meio de Quadra;;;0;1;1;0;0;0;0;0;0;1;0;0;-3,846270000000000;-38,527760000000000
330360;29;4;2018;22:17;0;RUA EDITE BRAGA;;;742;;Colis?â?úo;;;;Meio de Quadra;;;0;1;1;0;0;0;0;0;0;1;0;0;-3,760686500000000;-38,547704100000000
330361;29;4;2018;23:08;22297;AV BEZERRA DE MENEZES;RUA PDE ANCHIETA;;0;;Atropelamento;;;;Cruz;Sem?â?íforo;Comercial;0;1;1;1;0;0;0;0;0;0;0;0;-3,733155000000000;-38,552298000000000
327411;29;4;2018;05:30;0;RD BR 222;;;2000;KM-02;Choque c/ Obst?â?ículo Fixo;Amanhecer;;;Meio de Quadra;;;0;1;0;1;0;0;0;0;0;0;0;0;-3,740362400000000;-38,596996100000000
327412;29;4;2018;16:44;0;RD BR 116;;;14000;KM-14;Tombamento;Luz do Dia;;;Meio de Quadra;;;0;1;0;0;0;0;0;0;0;1;0;0;-3,873523000000000;-38,499242000000000
327650;29;4;2018;05:30;0;RD CE-060;;;0;KM-03;Atropelamento;Amanhecer;;Seca;Meio de Quadra;;;0;1;1;0;1;0;0;0;0;0;0;0;-3,843038000000000;-38,585133000000000
326906;29;4;2018;19:00;15167;AV BAR STUDART;RUA ANTONELE BEZERRA;;0;;Choque c/ Obst?â?ículo Fixo;;;;T;Pare;Comercial;0;1;0;1;0;0;0;0;0;0;0;0;-3,725327000000000;-38,503624000000000
326907;29;4;2018;07:30;2502;RUA FRANCISCO CALACA;RUA IRINEU DE SOUZA;;0;;Colis?â?úo Transversal;Luz do Dia;;;Cruz;;Residencial;0;2;1;1;0;0;0;0;0;1;0;0;-3,709704000000000;-38,571285000000000
326904;30;4;2018;19:50;6855;AV CONTORNO SUL D71;RUA ARY LOBO D71;;0;;Colis?â?úo Transversal;;;;;;;0;1;1;0;0;0;0;0;0;1;0;0;-3,812134000000000;-38,595754000000000
326905;30;4;2018;21:00;0;RUA AZEVEDO BOLAO;;;185;;Choque c/ Obst?â?ículo Fixo;;;;Meio de Quadra;;;0;1;3;1;0;0;0;0;0;1;0;0;-3,734056667000000;-38,546252833000000
317638;30;4;2018;20:40;0;AV JOVITA FEITOSA;;;280;;Atropelamento;Via Iluminada;Bom;Seca;Meio de Quadra;N?â?úo H?â?í Controle;Residencial;1;0;1;0;0;0;0;0;0;1;0;0;-3,737614900000000;-38,546043000000000
327651;30;4;2018;12:00;0;ROD CE 010;;;0;;Colis?â?úo;Luz do Dia;;Seca;Meio de Quadra;;;0;1;1;1;0;0;1;0;0;0;0;0;;
330363;30;4;2018;00:23;0;AV 13 DE MAIO;;;1043;;Colis?â?úo;;;;Meio de Quadra;;;0;1;1;1;0;0;0;0;0;1;0;0;-3,750007931000000;-38,528531483000000
330379;30;4;2018;11:02;5340;RUA VINTE E QUATRO DE MAIO;AV DUQ CAXIAS;;0;;Colis?â?úo;Luz do Dia;;;Cruz;Sem?â?íforo;Comercial;0;1;1;0;0;0;0;0;0;1;0;0;-3,730708000000000;-38,533230000000000
330380;30;4;2018;11:39;0;RUA MANUEL CASTELO BRANCO;;;408;;Colis?â?úo;Luz do Dia;;;Meio de Quadra;;;0;1;1;1;0;0;0;0;0;1;0;0;-3,831951360000000;-38,491770146000000
330381;30;4;2018;12:57;0;AV ALM HENRIQUE SABOIA;;;0;;Colis?â?úo;Luz do Dia;;;Meio de Quadra;;;0;1;1;0;0;0;0;0;0;1;0;0;;
330382;30;4;2018;13:17;0;AV WASHINGTON SOARES;;;4330;;Atropelamento;Luz do Dia;;;Meio de Quadra;;;0;2;1;0;0;0;0;0;0;1;0;0;-3,794935000000000;-38,479979000000000
330383;30;4;2018;13:45;0;AV GAL OSORIO DE PAIVA;;;636;;Colis?â?úo;Luz do Dia;;;Meio de Quadra;;;0;1;1;0;0;0;0;0;0;1;0;0;-3,776593000000000;-38,568029000000000