COD_ACIDENTE;DIA;MES;ANO;HORA;INTERSECAO;LOG1;LOG2;LOG3;NUMERO;REFERENCIA;NATUREZA;ILUMINACAO;TEMPO;SUPERFICIEPISTA;TIPOCRUZAMENTO;CONTROLETRAFEGO;USOSOLO;MORTOS;FERIDOS;ILESOS;AUTOMOVEL;ONIBUS;BICICLETA;CAMINHAO;MICROONIBUS;CICLOMOTOR;MOTOCICLETA;TRACAOANIMAL;TREM;LATITUDE;LONGITUDE
330384;30;4;2018;14:06;0;RUA JOAO CORDEIRO;;;0;;Colis?â?úo;Luz do Dia;;;Meio de Quadra;;;0;1;1;1;0;0;0;0;0;1;0;0;;
330385;30;4;2018;14:08;0;RUA ESTADO DO RIO;;;854;;Colis?â?úo;Luz do Dia;;;Meio de Quadra;;;0;1;1;1;0;0;0;0;0;1;0;0;-3,758439000000000;-38,570848000000000
330368;30;4;2018;08:25;0;RUA JOSE CARVALHO;;;522;;Queda;Luz do Dia;;;Meio de Quadra;;;0;1;0;0;0;0;0;0;0;1;0;0;-3,750403400000000;-38,597462300000000
330369;30;4;2018;08:33;0;RUA PDE AMBROSIO MACHADO;;;340;;Colis?â?úo;Luz do Dia;;;Meio de Quadra;;;0;1;1;1;0;0;0;0;0;1;0;0;-3,761234526000000;-38,538670105000000
330372;30;4;2018;10:31;12852;RUA EUSEBIO DE SOUZA;RUA CARLOS GOMES;;0;;Atropelamento;Luz do Dia;;;Cruz;Pare;Outros;0;1;1;1;0;0;0;0;0;0;0;0;-3,741488000000000;-38,526735000000000
330393;30;4;2018;20:33;0;TR NOSSA SRA DAS GRACAS;;;993;;Colis?â?úo;;;;Meio de Quadra;;;0;1;1;1;0;0;0;0;0;1;0;0;;
330394;30;4;2018;20:38;21326;RUA AZEVEDO BOLAO;RUA JOSE SOMBRA;;0;;Colis?â?úo;;;;Cruz;Pare;Residencial;0;1;1;1;0;0;0;0;0;1;0;0;;
330395;30;4;2018;21:43;0;RUA BAR SOBRAL;;;0;;Colis?â?úo;;;;Meio de Quadra;;;0;1;1;1;0;0;0;0;0;1;0;0;;
330396;30;4;2018;21:48;0;AV GODOFREDO MACIEL;;;0;;Colis?â?úo;;;;Meio de Quadra;;;0;1;1;1;0;0;0;0;0;1;0;0;;
330387;30;4;2018;16:21;0;RUA VICENTE LOPES;;;970;;Atropelamento;Luz do Dia;;;Meio de Quadra;;;0;1;1;1;0;0;0;0;0;0;0;0;-3,798177546000000;-38,495504491000000
330388;30;4;2018;18:01;0;RUA RUI MONTE;;;368;;Colis?â?úo;Anoitecer;;;Meio de Quadra;;;0;1;1;0;0;0;0;0;0;1;0;0;-3,743620000000000;-38,587240000000000
330389;30;4;2018;18:51;0;AV PERIMETRAL;;;236;;Queda;Anoitecer;;;Meio de Quadra;;;0;1;0;0;0;0;0;0;0;1;0;0;;
330390;30;4;2018;19:07;0;AV LAURO VIEIRA CHAVES;;;791;;Colis?â?úo;;;;Meio de Quadra;;;0;1;0;0;0;0;0;0;0;0;0;0;-3,772364396000000;-38,533774093000000
330391;30;4;2018;20:11;0;RUA ASSIS BEZERRA;;;416;;Colis?â?úo;;;;Meio de Quadra;;;0;0;2;1;0;0;0;0;0;1;0;0;-3,719120000000000;-38,563890000000000
330365;30;4;2018;07:47;0;AV IMPERADOR;;;1360;;Queda;Luz do Dia;;;Meio de Quadra;;;0;1;0;0;0;0;0;0;0;1;0;0;-3,733045000000000;-38,536179000000000
322573;30;4;2018;03:36;0;AV PRS CASTELO BRANCO;;;600;;Choque c/ Obst?â?ículo Fixo;Via Iluminada;Nublado;Molhada;Meio de Quadra;N?â?úo H?â?í Controle;Comercial;0;0;1;1;0;0;0;0;0;0;0;0;-3,718910500000000;-38,532720000000000
322574;30;4;2018;06:20;5424;RUA METON DE ALENCAR;RUA BAR RIO BRANCO;;0;;Choque c/ Obst?â?ículo Fixo;Amanhecer;Nublado;Molhada;Cruz;Sem?â?íforo;Comercial;0;0;2;1;0;0;0;0;0;0;0;0;-3,733701000000000;-38,530563000000000
322575;30;4;2018;06:47;15835;RUA MANUEL CASTELO BRANCO;RUA CEL DIONISIO ALENCAR;;0;;Colis?â?úo Transversal;Amanhecer;Chuva;Molhada;Cruz;Pare;Residencial;0;1;0;1;0;0;0;0;0;1;0;0;-3,832973000000000;-38,488281000000000
322576;30;4;2018;10:24;21369;AV JOVITA FEITOSA;RUA CARVALHO MOTA;;0;;Colis?â?úo Transversal;Luz do Dia;Nublado;Seca;Cruz;Pare;Comercial;0;1;1;0;0;0;0;0;0;1;0;0;-3,737437000000000;-38,544748000000000
322577;30;4;2018;14:01;1351;RUA DES LEITE ALBUQUERQUE;RUA TIBURCIO CAVALCANTE;;0;;Colis?â?úo Transversal;Luz do Dia;Nublado;Seca;Cruz;Pare;Residencial;0;0;2;1;0;0;0;0;0;0;0;0;-3,735956000000000;-38,502587000000000
322578;30;4;2018;13:58;13396;RUA JOAO BRIGIDO;RUA BAR ARACATI;;0;;Colis?â?úo Transversal;Luz do Dia;Bom;Seca;Cruz;Pare;Comercial;0;0;2;1;0;0;0;0;0;0;0;0;-3,740939000000000;-38,514697000000000
322579;30;4;2018;17:25;0;AV BORGES DE MELO;;;1711;;Colis?â?úo Traseira;Luz do Dia;Bom;Seca;Meio de Quadra;N?â?úo H?â?í Controle;Comercial;0;0;3;1;0;0;0;0;0;1;0;0;-3,756239000000000;-38,534325000000000
322580;30;4;2018;21:03;3175;RUA VITAL BRASIL;RUA LUZIA MOREIRA;;0;;Colis?â?úo Transversal;Via Iluminada;Bom;Seca;Cruz;Gesto;Comercial;0;1;1;0;0;1;0;0;0;0;0;0;-3,779420000000000;-38,593017000000000
322582;1;5;2018;01:21;0;AV PRS COSTA E SILVA;;;0;;Colis?â?úo Lateral;Via Iluminada;Nublado;Molhada;Outros;N?â?úo H?â?í Controle;Comercial;0;0;2;1;0;0;0;0;0;0;0;0;-3,817105000000000;-38,566640000000000
322584;1;5;2018;11:23;0;RUA CONDE D?é??EU;;;462;;Colis?â?úo Lateral;Luz do Dia;Bom;Seca;Meio de Quadra;Sem?â?íforo;Comercial;0;0;2;1;1;0;0;0;0;0;0;0;-3,725075700000000;-38,525100000000000
322585;1;5;2018;12:00;0;AV DIOGUINHO;RUA JOAO ALENCAR;;0;;Colis?â?úo Frontal;Luz do Dia;Nublado;Seca;Cruz;Pare;Lazer;0;1;1;1;0;0;0;0;0;0;0;0;-3,748078800000000;-38,449610000000000
322586;1;5;2018;13:58;26285;RUA BELOS PORTOS;RUA PRO MOREIRA DE SOUSA (PASSARE);;0;;Colis?â?úo Transversal;Luz do Dia;Bom;Seca;Cruz;Pare;Residencial;0;0;2;1;0;0;0;0;0;1;0;0;-3,813251000000000;-38,525466000000000
322587;1;5;2018;14:59;0;RUA JOSE BORBA VASCONCELOS;;;555;;Choque c/ Obst?â?ículo Fixo;Luz do Dia;Bom;Seca;Meio de Quadra;N?â?úo H?â?í Controle;Residencial;0;1;0;1;0;0;0;0;0;0;0;0;-3,747630000000000;-38,472336000000000
322588;1;5;2018;15:40;13635;RUA ALBERTO FEITOSA LIMA;RUA JOSE ALVES DE MORAES;;0;;Colis?â?úo Transversal;Luz do Dia;Bom;Seca;Cruz;N?â?úo H?â?í Controle;Escola;0;0;2;1;0;0;0;0;0;0;0;0;-3,769500000000000;-38,484227000000000
322589;1;5;2018;19:48;0;AV ANTONIO SALES;;;2089;;Colis?â?úo Transversal;Anoitecer;Bom;Seca;Cruz;Sem?â?íforo;Comercial;0;0;1;1;0;0;0;0;0;0;0;0;-3,744526600000000;-38,505130000000000
322590;1;5;2018;18:40;0;AV SEN FERNANDES TAVORA;;;387;;Colis?â?úo Traseira;Via Iluminada;Bom;Seca;Meio de Quadra;N?â?úo H?â?í Controle;Comercial;0;0;2;1;1;0;0;0;0;0;0;0;-3,765387000000000;-38,576023000000000
330455;1;5;2018;01:27;0;RUA CEL JOAO CORREIA;;;835;;Queda;;;;Meio de Quadra;;;0;1;0;0;0;1;0;0;0;0;0;0;-3,793170455000000;-38,600483364000000
330457;1;5;2018;08:22;0;AV WASHINGTON SOARES;;;99;;Atropelamento;Luz do Dia;;;Meio de Quadra;;;0;1;0;0;1;0;0;0;0;0;0;0;-3,757384900000000;-38,489415200000000
330459;1;5;2018;09:00;0;RUA URUCUTUBA;;;182;;Colis?â?úo;Luz do Dia;;;Meio de Quadra;;;0;1;0;0;0;0;0;0;0;1;0;0;-3,798225678000000;-38,597460695000000
330453;1;5;2018;00:36;0;RUA LEONEL CHAVES;;;329;;Colis?â?úo;;;;Meio de Quadra;;;0;1;0;1;0;0;0;0;0;0;0;0;-3,774200663000000;-38,568536000000000
330463;1;5;2018;11:37;0;AV GAL OSORIO DE PAIVA;;;6399;;Colis?â?úo;Luz do Dia;;;Meio de Quadra;;;0;1;0;1;0;0;0;0;0;1;0;0;-3,808997000000000;-38,605878600000000
330472;1;5;2018;12:28;0;RUA PRO PAULO LOPES;;;1063;;Colis?â?úo;Luz do Dia;;;Meio de Quadra;;;0;1;0;1;0;0;0;0;0;1;0;0;-3,753816077000000;-38,590675308000000
330461;1;5;2018;09:55;0;AV CONTORNO NORTE (SAO CRSITOVAO);;;1259;;Colis?â?úo;Luz do Dia;;;Meio de Quadra;;;0;1;0;1;0;1;0;0;0;0;0;0;-3,833880412000000;-38,528021529000000
330479;1;5;2018;13:00;26285;RUA BELOS PORTOS;RUA PRO MOREIRA DE SOUSA (PASSARE);;0;;Colis?â?úo;Luz do Dia;;;Cruz;Pare;Residencial;0;1;0;1;0;0;0;0;0;1;0;0;-3,813251000000000;-38,525466000000000
330484;1;5;2018;15:45;0;AV UM (ARVOREDO);;;170;;Colis?â?úo;Luz do Dia;;;Meio de Quadra;;;0;1;0;0;0;0;0;0;0;1;0;0;;
330485;1;5;2018;17:09;0;AV DIOGUINHO;;;2255;;Colis?â?úo;Anoitecer;;;Meio de Quadra;;;0;2;0;1;0;0;0;0;0;1;0;0;-3,736265000000000;-38,456250000000000
330488;1;5;2018;17:31;0;AV CONTORNO OESTE D71;;;1310;;Colis?â?úo;Anoitecer;;;Meio de Quadra;;;0;1;0;1;0;0;0;0;0;1;0;0;;
330489;1;5;2018;17:35;0;RUA ALVARO GARRIDO;;;940;;Queda;Anoitecer;;;Meio de Quadra;;;0;1;0;0;0;1;0;0;0;0;0;0;-3,712470000000000;-38,587560000000000
330482;1;5;2018;15:43;0;AV UM (ARVOREDO);;;2350;;Colis?â?úo;Luz do Dia;;;Meio de Quadra;;;0;1;0;1;0;0;0;0;0;1;0;0;;
330493;1;5;2018;17:55;0;RUA MIGUEL ALVES DE SOUZA;;;1407;;Queda;Anoitecer;;;Meio de Quadra;;;0;1;0;0;0;0;0;0;0;1;0;0;;
330498;1;5;2018;18:45;22176;AV ENG HUMBERTO MONTE;AV JOSE BASTOS;;0;;Atropelamento;;;;T;Sem?â?íforo;Comercial;0;2;0;1;0;0;0;0;0;0;0;0;-3,754966000000000;-38,555455000000000
330496;1;5;2018;18:07;22194;AV SGT HERMINIO SAMPAIO;RUA ERETIDES MARTINS;;0;;Colis?â?úo;Anoitecer;;;;;;0;1;0;1;0;0;0;0;0;1;0;0;-3,726371000000000;-38,560489000000000
330504;1;5;2018;19:01;0;AV SEN FERNANDES TAVORA;;;0;;Colis?â?úo;;;;Meio de Quadra;;;0;1;0;1;0;0;0;0;0;1;0;0;;
330514;1;5;2018;19:31;0;AV SEN FERNANDES TAVORA;;;2870;;Colis?â?úo;;;;Meio de Quadra;;;0;2;0;1;0;0;0;0;0;1;0;0;-3,755286000000000;-38,597421000000000
330526;1;5;2018;20:16;0;RUA MEM DE SA;;;552;;Colis?â?úo;;;;Meio de Quadra;;;0;1;0;0;0;0;0;0;0;0;0;0;-3,827606866000000;-38,485361381000000
330528;1;5;2018;20:40;0;RUA MARIA JULIA;;;1651;;Colis?â?úo;;;;Meio de Quadra;;;0;1;0;1;0;0;0;0;0;1;0;0;-3,799870000000000;-38,602220000000000
330531;1;5;2018;20:42;0;RUA DES FELIX CANDIDO;;;326;;Colis?â?úo;;;;Meio de Quadra;;;0;1;0;1;0;0;0;0;0;1;0;0;-3,768882100000000;-38,577557100000000
330533;1;5;2018;21:04;0;RUA LUIS VIEIRA;;;526;;Colis?â?úo;;;;Meio de Quadra;;;0;2;0;1;0;0;0;0;0;1;0;0;-3,793939675000000;-38,587428076000000
330535;1;5;2018;21:09;0;AV DR SILAS MUNGUBA;;;3034;;Colis?â?úo;;;;Meio de Quadra;;;0;1;0;0;0;0;0;0;0;1;0;0;-3,788189334000000;-38,546582667000000
330537;1;5;2018;21:17;0;RUA OSCAR ARARIPE;;;3520;;Colis?â?úo;;;;Meio de Quadra;;;0;2;0;0;0;0;0;0;0;1;0;0;-3,784266000000000;-38,621576000000000
330549;1;5;2018;23:28;15317;RUA TEN BENEVOLO;RUA NUNES VALENTE;;0;;Colis?â?úo;;;;Cruz;Pare;Residencial;0;1;0;1;0;0;0;0;0;1;0;0;-3,730365000000000;-38,501859000000000
320760;1;5;2018;14:11;12674;AV CEL CARVALHO;RUA GUILHERME MENDES;;0;;Colis?â?úo Transversal;Luz do Dia;;;Cruz;Pare;Comercial;1;0;1;1;0;0;0;0;0;1;0;0;-3,720651000000000;-38,587094000000000
326877;1;5;2018;12:00;15694;RUA DUARTE DA COSTA;RUA GUILHERME PESSOA;;0;;Colis?â?úo Transversal;Luz do Dia;Bom;Seca;Cruz;Pare;Residencial;0;2;1;1;0;0;0;0;0;1;0;0;-3,827264000000000;-38,486663000000000
326864;1;5;2018;20:50;0;RUA SAO LAZARO;;;841;;Colis?â?úo Transversal;Via Iluminada;Bom;Seca;Meio de Quadra;Pare;Residencial;0;0;2;1;0;0;0;0;0;0;0;0;-3,801779200000000;-38,582639600000000
326862;1;5;2018;23:30;19117;RUA DEP FLAVIO MARCILIO;RUA ALEXANDRE A FURTADO;;0;;Colis?â?úo Lateral;Via Iluminada;Nublado;Molhada;Cruz;N?â?úo H?â?í Controle;Residencial;0;0;2;1;0;0;0;0;0;0;0;0;-3,738360000000000;-38,465956000000000
326881;2;5;2018;10:00;0;RUA RAIMUNDO NERY;;;587;;Colis?â?úo Traseira;Luz do Dia;Bom;Seca;Meio de Quadra;N?â?úo H?â?í Controle;Residencial;0;0;2;0;0;0;1;0;0;0;0;0;-3,792540125000000;-38,587109500000000
326882;2;5;2018;14:30;9075;AV AGUANAMBI;RUA CEL JOSE EUCLIDES;;0;;Colis?â?úo Transversal;Luz do Dia;Bom;Seca;T;Pare;Comercial;0;0;2;1;0;0;0;0;0;0;0;0;-3,752233000000000;-38,523383000000000
330551;2;5;2018;01:07;0;RUA PAIOL;;;297;;Colis?â?úo;;;;Meio de Quadra;;;0;1;0;1;0;0;0;0;0;1;0;0;-3,716763429000000;-38,553665095000000
330554;2;5;2018;05:50;0;AV GOV PARSIFAL BARROSO;;;0;;Queda;Amanhecer;;;Meio de Quadra;;;0;1;0;0;0;0;0;0;0;1;0;0;;
330558;2;5;2018;06:41;0;AV MOZART PINHEIRO DE LUCENA;;;0;;Colis?â?úo;Luz do Dia;;;Meio de Quadra;;;0;2;0;0;0;0;0;0;0;0;0;0;;
330556;2;5;2018;06:10;0;AV 13 DE MAIO;;;3000;;Queda;Luz do Dia;;;Meio de Quadra;;;0;1;0;0;0;0;0;0;0;1;0;0;-3,738159000000000;-38,542298000000000
330563;2;5;2018;08:08;0;RUA VALPARAISO;;;684;;Colis?â?úo;Luz do Dia;;;Meio de Quadra;;;0;1;0;1;0;0;0;0;0;1;0;0;-3,843842216000000;-38,526236344000000
330566;2;5;2018;09:32;5039;RUA PESSOA ANTA;AV ALBERTO NEPOMUCENO;;0;;Atropelamento;Luz do Dia;;;Cruz;Sem?â?íforo;Comercial;0;1;0;1;0;0;0;0;0;0;0;0;-3,721257000000000;-38,523212000000000
330858;2;5;2018;19:17;0;TR SAO FRANCISCO D21;;;830;;Colis?â?úo;;;;Meio de Quadra;;;0;1;0;1;0;0;0;0;0;1;0;0;-3,808290000000000;-38,595420000000000
330578;2;5;2018;11:04;12614;RUA COS LAFAYETE;AV CEL CARVALHO;;0;;Colis?â?úo;Luz do Dia;;;Cruz;Sem?â?íforo;Comercial;0;1;0;1;0;0;0;0;0;1;0;0;-3,717512000000000;-38,587938000000000
330580;2;5;2018;12:29;0;RUA ABILIO FARIAS;;;71;;Colis?â?úo;Luz do Dia;;;Meio de Quadra;;;0;1;0;1;0;0;0;0;0;1;0;0;-3,748135051000000;-38,584124821000000
330583;2;5;2018;12:49;19904;RUA FRE VICENTE SALVADOR;RUA ARMANDO MONTEIRO;;0;;Colis?â?úo;Luz do Dia;;;Cruz;Pare;Residencial;0;1;0;0;0;0;0;0;0;1;0;0;-3,762014000000000;-38,541070000000000
330587;2;5;2018;16:22;0;RUA BAR AQUIRAZ;;;980;;Colis?â?úo;Luz do Dia;;;Meio de Quadra;;;0;1;0;1;0;0;0;0;0;1;0;0;-3,837152000000000;-38,488195000000000
330592;2;5;2018;17:01;0;RUA CINCO (PASSARE);;;0;;Colis?â?úo;Anoitecer;;;Meio de Quadra;;;0;1;0;0;0;0;0;0;0;0;0;0;;
330593;2;5;2018;17:17;0;RUA CECIL SALGADO;;;698;;Queda;Anoitecer;;;Meio de Quadra;;;0;1;0;0;0;0;0;0;0;1;0;0;-3,722550000000000;-38,595280000000000
330594;2;5;2018;17:38;0;RUA LEBOM MAIA;;;136;;Colis?â?úo;Anoitecer;;;Meio de Quadra;;;0;1;0;1;0;0;0;0;0;1;0;0;-3,787540848000000;-38,577371891000000
330595;2;5;2018;18:09;8932;AV DOMINGOS OLIMPIO;RUA CARLOS SEVERO;;0;;Colis?â?úo;Anoitecer;;;T;Pare;Residencial;0;1;0;1;0;0;0;0;0;1;0;0;-3,733228000000000;-38,541606000000000
330596;2;5;2018;18:19;0;RUA LEON GRADVOHL;;;335;;Colis?â?úo;Anoitecer;;;Meio de Quadra;;;0;1;0;1;0;0;0;0;0;1;0;0;-3,796457862000000;-38,566114000000000
330597;2;5;2018;18:24;0;AV BORGES DE MELO;;;80;SINDIONIBUS;Atropelamento;Anoitecer;;;Meio de Quadra;;;0;1;0;1;0;0;0;0;0;0;0;0;-3,761680000000000;-38,518130000000000
330598;2;5;2018;18:42;0;AV MR HULL;;;3210;;Atropelamento;;;;Meio de Quadra;;;0;1;0;1;0;0;0;0;0;0;0;0;-3,737306500000000;-38,574353500000000
330599;2;5;2018;18:42;0;AV MR HULL;;;3210;;Colis?â?úo;;;;Meio de Quadra;;;0;1;0;1;0;0;0;0;0;1;0;0;-3,737306500000000;-38,574353500000000
330600;2;5;2018;19:07;5340;AV DUQ CAXIAS;RUA VINTE E QUATRO DE MAIO;;0;;Colis?â?úo;;;;Cruz;Sem?â?íforo;Comercial;0;1;0;0;0;0;0;0;0;0;0;0;-3,730708000000000;-38,533230000000000
330601;2;5;2018;20:33;24910;AV DA INDEPENDENCIA;RUA PEDRO FERREIRA;;0;;Queda;;;;T;N?â?úo H?â?í Controle;Comercial;0;2;0;0;0;0;0;0;0;1;0;0;-3,724339000000000;-38,599704000000000
330585;2;5;2018;13:00;0;RUA SEN ROBERT KENNEDY;;;269;;Colis?â?úo;Luz do Dia;;;Meio de Quadra;;;0;1;0;1;0;0;0;0;0;1;0;0;-3,702469868000000;-38,578259113000000
327558;2;5;2018;21:40;0;RD CE-040;;;0;KM-03;Colis?â?úo;Via Iluminada;;Seca;Meio de Quadra;;;0;0;2;1;1;0;0;0;0;0;0;0;-3,782614325000000;-38,481083900000000
327555;2;5;2018;17:00;0;AV SEN CARLOS JEREISSATI (AEROPORTO);;;0;KM 04;Colis?â?úo;Via Iluminada;;Seca;Meio de Quadra;;;0;0;2;1;0;0;0;0;0;0;0;0;-3,774020000000000;-38,550907000000000
327553;2;5;2018;07:25;0;AV SEN CARLOS JEREISSATI (AEROPORTO);;;0;KM 01;Colis?â?úo;Via Iluminada;;Seca;Meio de Quadra;;;0;0;2;1;0;0;1;0;0;0;0;0;-3,783753000000000;-38,526850000000000
322591;2;5;2018;08:06;5206;RUA SEN ALMIR PINTO;RUA SAO JOSE D03;;0;;Colis?â?úo Lateral;Luz do Dia;Bom;Seca;Cruz;Pare;Comercial;0;0;2;1;0;0;0;0;0;0;0;0;-3,726414000000000;-38,523664000000000
322592;2;5;2018;09:30;0;RUA GAL SAMPAIO;;;1300;;Colis?â?úo Lateral;Luz do Dia;Bom;Seca;Meio de Quadra;N?â?úo H?â?í Controle;Comercial;0;0;2;1;1;0;0;0;0;0;0;0;-3,729782300000000;-38,531640000000000
322593;2;5;2018;10:13;25351;AV PRS JUSCELINO KUBITSCHEK (PASSAR?âÔÇ?);RUA MARINHO E SILVA;;0;;Colis?â?úo Transversal;Luz do Dia;Bom;Seca;T;Pare;Comercial;0;0;3;1;0;0;0;0;0;0;0;0;-3,821399000000000;-38,535343000000000
322594;2;5;2018;14:20;0;RUA CEL VIRGILIO NOGUEIRA (BOM JARDIM);VL JOAO XXIII;;0;;Colis?â?úo Transversal;Luz do Dia;Bom;Seca;Cruz;N?â?úo H?â?í Controle;Comercial;0;0;2;1;0;0;0;0;0;0;0;0;-3,785605000000000;-38,607590000000000
322595;2;5;2018;18:23;0;AV EDILSON B SOARES;;;320;;Colis?â?úo Transversal;Via Iluminada;Bom;Seca;Meio de Quadra;N?â?úo H?â?í Controle;Residencial;0;1;1;1;0;0;0;0;0;1;0;0;-3,789674000000000;-38,482758000000000
322596;2;5;2018;19:00;0;AV JOSE BASTOS;;;4700;;Colis?â?úo Lateral;Via Iluminada;Bom;Seca;Meio de Quadra;N?â?úo H?â?í Controle;Comercial;0;1;1;0;1;1;0;0;0;0;0;0;-3,757040300000000;-38,558517000000000
322597;2;5;2018;20:32;25265;AV DES FELICIANO DE ATAIDE (EDSON QUEIROZ);AV ENG LEAL LIMA VERDE (SAPIRANGA/COITE);;0;;Colis?â?úo Frontal;Via Iluminada;Bom;Seca;Cruz;Pare;Residencial;0;1;1;1;0;0;0;0;0;1;0;0;-3,786566000000000;-38,476401000000000
322598;2;5;2018;20:04;5039;AV ALBERTO NEPOMUCENO;RUA PESSOA ANTA;;0;;Colis?â?úo Lateral;Via Iluminada;Bom;Seca;Cruz;Sem?â?íforo;Comercial;0;1;1;0;0;0;0;0;0;1;0;0;-3,721257000000000;-38,523212000000000
322599;2;5;2018;01:12;15743;RUA MANUEL ARRUDA;RUA HERBENE;;0;;Colis?â?úo Transversal;Mal Iluminada;Nublado;Seca;Cruz;Pare;Comercial;0;1;1;0;0;0;0;0;0;1;0;0;-3,828948000000000;-38,504019000000000
322600;2;5;2018;16:32;24215;AV ENG SANTANA JUNIOR;RUA FAUSTO CABRAL;;0;;Colis?â?úo Transversal;Luz do Dia;Bom;Seca;Cruz;Pare;Residencial;0;1;1;0;0;0;0;0;0;1;0;0;-3,732588000000000;-38,480150000000000
322601;3;5;2018;08:28;0;AV BENJAMIM BRASIL;;;2350;;Colis?â?úo Transversal;Luz do Dia;Nublado;Seca;Meio de Quadra;Pare;Comercial;0;1;2;0;0;0;0;0;0;1;0;0;-3,809210000000000;-38,556103000000000
322602;3;5;2018;10:03;14357;RUA BAR CRATO;RUA HENRIQUE ELERY;;0;;Colis?â?úo Transversal;Luz do Dia;Bom;Seca;Cruz;Pare;Residencial;0;1;1;1;0;0;0;0;0;1;0;0;-3,721622000000000;-38,561002000000000
322603;3;5;2018;11:17;0;AV SANTOS DUMONT;;;2052;;Colis?â?úo Lateral;Luz do Dia;Bom;Seca;Meio de Quadra;N?â?úo H?â?í Controle;Comercial;0;1;2;0;1;0;0;0;0;1;0;0;-3,733987600000000;-38,505463000000000
322604;3;5;2018;13:29;5322;AV IMPERADOR;AV DUQ CAXIAS;;1040;;Colis?â?úo Transversal;Luz do Dia;Bom;Seca;Cruz;Sem?â?íforo;Comercial;0;0;1;0;1;0;0;0;0;0;0;0;-3,730048000000000;-38,535297000000000
322605;3;5;2018;14:10;0;RUA DR GILBERTO STUDART;;;155;;Colis?â?úo Transversal;Luz do Dia;Bom;Seca;Meio de Quadra;N?â?úo H?â?í Controle;Comercial;0;1;1;1;0;0;0;0;0;1;0;0;-3,741356000000000;-38,487790000000000
322606;3;5;2018;16:15;5723;AV OLIVEIRA PAIVA;RUA MON ANTERO;;0;;Colis?â?úo Transversal;Luz do Dia;Nublado;Seca;T;Sem?â?íforo;Comercial;0;1;1;1;0;0;0;0;0;1;0;0;-3,795604000000000;-38,493198000000000
322607;3;5;2018;17:53;5673;AV JOSE LEON;RUA PINHEIRO MAIA;;0;;Colis?â?úo Transversal;Via Iluminada;Bom;Seca;Cruz;Pare;Residencial;0;0;1;1;0;0;0;0;0;1;0;0;-3,788597000000000;-38,498726000000000
322608;3;5;2018;20:16;0;AV FRE CIRILO;;;0;;Colis?â?úo Traseira;Via Iluminada;Bom;Seca;Meio de Quadra;N?â?úo H?â?í Controle;Comercial;0;0;1;1;0;0;0;0;0;0;0;0;-3,818708200000000;-38,496803000000000
327560;3;5;2018;13:20;0;RD CE-040;;;0;KM-07;Colis?â?úo;Via Iluminada;;Seca;Meio de Quadra;;;0;0;3;1;0;0;0;0;0;0;0;0;-3,817159445000000;-38,483032860000000
327561;3;5;2018;18:00;0;RD CE-040;;;0;KM-01;Engavetamento;Via Iluminada;;Seca;Meio de Quadra;;;0;0;3;1;0;0;0;0;0;0;0;0;-3,764650449000000;-38,482583040000000
327562;3;5;2018;18:00;0;RD CE-040;;;0;KM-05;Colis?â?úo;Via Iluminada;;Seca;Meio de Quadra;;;0;0;2;1;1;0;0;0;0;0;0;0;-3,800595823000000;-38,479534630000000
327278;3;5;2018;17:30;0;RUA TEN BENEVOLO;;;1588;;Colis?â?úo;Anoitecer;;;Meio de Quadra;;;0;0;1;1;0;0;0;0;0;1;0;0;-3,728847000000000;-38,506551000000000
330640;3;5;2018;18:34;25022;RUA TEODORO DE CASTRO;AV H CJ CEARA;;0;;Colis?â?úo;;;;Duplo T;Pare;Residencial;0;1;0;0;0;0;0;0;0;0;0;0;-3,776518000000000;-38,616458000000000
330641;3;5;2018;19:04;0;RUA MON HIPOLITO BRASIL;;;0;;Colis?â?úo;;;;Meio de Quadra;;;0;1;0;1;0;0;0;0;0;1;0;0;;
330642;3;5;2018;19:17;3211;RUA EMILIO DE MENESES;RUA VERBENA;;0;;Queda;;;;Cruz;Sem?â?íforo;Comercial;0;1;0;0;0;0;0;0;0;1;0;0;-3,781344000000000;-38,588838000000000
330643;3;5;2018;20:17;0;AV JOVITA FEITOSA;;;389;;Colis?â?úo;;;;Meio de Quadra;;;0;1;0;1;0;0;0;0;0;1;0;0;-3,737944000000000;-38,547209000000000
330644;3;5;2018;21:07;0;AV JOSE BASTOS;;;572;;Colis?â?úo;;;;Meio de Quadra;;;0;1;0;1;0;0;0;0;0;1;0;0;-3,742238100000000;-38,542816900000000
330645;3;5;2018;23:36;0;RUA FRANCISCO PAIVA;;;22;;Atropelamento;;;;Meio de Quadra;;;0;1;0;0;0;0;0;0;0;1;0;0;-3,783359900000000;-38,611859100000000
330630;3;5;2018;12:21;0;RUA BERNARDO MANUEL;;;7200;;Colis?â?úo;Luz do Dia;;;Meio de Quadra;;;0;1;0;1;0;0;0;0;0;1;0;0;-3,781268000000000;-38,546074000000000