COD_ACIDENTE;DIA;MES;ANO;HORA;INTERSECAO;LOG1;LOG2;LOG3;NUMERO;REFERENCIA;NATUREZA;ILUMINACAO;TEMPO;SUPERFICIEPISTA;TIPOCRUZAMENTO;CONTROLETRAFEGO;USOSOLO;MORTOS;FERIDOS;ILESOS;AUTOMOVEL;ONIBUS;BICICLETA;CAMINHAO;MICROONIBUS;CICLOMOTOR;MOTOCICLETA;TRACAOANIMAL;TREM;LATITUDE;LONGITUDE
330626;3;5;2018;12:45;5322;AV DUQ CAXIAS;AV IMPERADOR;;0;;Colis?â?úo;Luz do Dia;;;Cruz;Sem?â?íforo;Comercial;0;1;0;0;0;0;0;0;0;0;0;0;-3,730048000000000;-38,535297000000000
330627;3;5;2018;14:53;0;RUA 7 DE SETEMBRO;;;55;;Colis?â?úo;Luz do Dia;;;Meio de Quadra;;;0;1;0;0;0;0;0;0;0;1;0;0;-3,773365200000000;-38,562566000000000
330628;3;5;2018;15:06;0;AV JOSE LEON;;;150;;Colis?â?úo;Luz do Dia;;;Meio de Quadra;;;0;1;0;1;0;0;0;0;0;1;0;0;-3,786891100000000;-38,505601900000000
330611;3;5;2018;04:23;5504;RUA JOAO CORDEIRO;RUA PDE VALDEVINO;;0;;Colis?â?úo;;;;Cruz;Sem?â?íforo;Comercial;0;2;0;1;0;0;0;0;0;1;0;0;-3,738896000000000;-38,517550000000000
330612;3;5;2018;07:51;7623;RUA PERNAMBUCO;RUA RIO GRANDE DO SUL;;0;;Colis?â?úo;Luz do Dia;;;Cruz;Pare;Residencial;0;1;0;1;0;0;0;0;0;1;0;0;-3,760011000000000;-38,568467000000000
330613;3;5;2018;08:00;0;RUA ELVIRA PINHO;;;276;;Colis?â?úo;Luz do Dia;;;Meio de Quadra;;;0;1;0;1;0;0;0;0;0;1;0;0;-3,766610000000000;-38,556850000000000
330638;3;5;2018;17:51;0;RUA MACEIO;;;1190;;Colis?â?úo;Anoitecer;;;Meio de Quadra;;;0;1;0;1;0;0;0;0;0;1;0;0;-3,763093419000000;-38,590277452000000
330636;3;5;2018;17:02;0;AV C CJ CEARA;;;390;;Colis?â?úo;Anoitecer;;;Meio de Quadra;;;0;1;0;1;0;0;0;0;0;1;0;0;-3,761639600000000;-38,609625400000000
330634;3;5;2018;16:24;25435;AV ALBERTO CRAVEIRO;RUA PAULA FRANCINETE;;0;;Colis?â?úo;Luz do Dia;;;T;N?â?úo H?â?í Controle;Comercial;0;1;0;1;0;0;0;0;0;1;0;0;-3,795238000000000;-38,518044000000000
330665;4;5;2018;07:00;0;AV JOR THOMAZ COELHO;;;0;;Colis?â?úo;Luz do Dia;;;Meio de Quadra;;;0;1;0;1;0;0;0;0;0;1;0;0;;
330657;4;5;2018;06:20;0;RUA PEDRO FERREIRA;;;1855;;Queda;Luz do Dia;;;Meio de Quadra;;;0;1;0;0;0;0;0;0;0;1;0;0;-3,723450500000000;-38,599321000000000
330683;4;5;2018;09:42;0;RUA JOR ANTONIO P TAVARES;;;1585;;Colis?â?úo;Luz do Dia;;;Meio de Quadra;;;0;1;0;1;0;0;0;0;0;1;0;0;-3,815488000000000;-38,506033000000000
330674;4;5;2018;07:06;0;AV EDILSON B SOARES;;;2727;;Colis?â?úo;Luz do Dia;;;Meio de Quadra;;;0;1;0;1;0;0;0;0;0;1;0;0;-3,787771000000000;-38,461037000000000
330680;4;5;2018;08:52;3420;AV JOAO PESSOA;RUA DES PRAXEDES;;0;;Colis?â?úo;Luz do Dia;;;Cruz;Sem?â?íforo;Comercial;0;2;0;1;0;0;0;0;0;1;0;0;-3,756946000000000;-38,553504000000000
330676;4;5;2018;07:37;0;RUA BERNARDO MANUEL;;;8231;;Colis?â?úo;Luz do Dia;;;Meio de Quadra;;;0;1;0;1;0;0;0;0;0;1;0;0;-3,791592000000000;-38,549244000000000
330677;4;5;2018;07:50;0;ET DO ANCURI;;;2500;;Colis?â?úo;Luz do Dia;;;Meio de Quadra;;;0;1;0;1;0;0;0;0;0;1;0;0;-3,868776203000000;-38,524010571000000
330678;4;5;2018;08:39;0;RUA SENHORINHA SARAIVA;;;1590;;Colis?â?úo;Luz do Dia;;;Meio de Quadra;;;0;1;0;1;0;0;0;0;0;1;0;0;-3,800690000000000;-38,500760000000000
330697;4;5;2018;12:22;0;AV BEZERRA DE MENEZES;;;0;;Colis?â?úo;Luz do Dia;;;Meio de Quadra;;;0;1;0;1;0;0;0;0;0;1;0;0;;
330699;4;5;2018;13:00;0;RUA DES FROTA D71;;;480;;Colis?â?úo;Luz do Dia;;;Meio de Quadra;;;0;1;0;1;0;0;0;0;0;1;0;0;-3,795310000000000;-38,588960000000000
330700;4;5;2018;14:51;0;RUA MONTE PASCOAL;;;710;;Colis?â?úo;Luz do Dia;;;Meio de Quadra;;;0;1;0;0;0;0;0;0;0;0;0;0;;
330692;4;5;2018;11:24;0;AV ALBERTO NEPOMUCENO;;;0;;Atropelamento;Luz do Dia;;;Meio de Quadra;;;0;1;0;0;0;1;0;0;0;0;0;0;;
330685;4;5;2018;09:43;17389;RUA ISAIE BORIS;RUA IRM BAZET;;0;;Colis?â?úo;Luz do Dia;;;Cruz;Pare;Comercial;0;1;0;0;0;0;0;0;0;1;0;0;-3,767093000000000;-38,548585000000000
330687;4;5;2018;10:46;0;RD BR 116;;;4000;KM-04;Colis?â?úo;Luz do Dia;;;Meio de Quadra;;;0;1;0;1;0;0;0;0;0;1;0;0;-3,802354000000000;-38,503869000000000
330688;4;5;2018;10:53;23727;RUA GABRIEL FIUZA;RUA MON AGOSTINHO;;0;;Colis?â?úo;Luz do Dia;;;Cruz;Pare;Residencial;0;1;0;1;0;0;0;0;0;1;0;0;-3,786587000000000;-38,580412000000000
330705;4;5;2018;15:53;0;AV J CJ JOSE WALTER;;;2888;;Colis?â?úo;Luz do Dia;;;Meio de Quadra;;;0;1;0;0;0;0;0;0;0;0;0;0;-3,836420000000000;-38,557360000000000
330706;4;5;2018;15:55;16756;RUA ANTONIO PEREIRA;RUA PARANAI;;0;;Colis?â?úo;Luz do Dia;;;;;;0;1;0;1;0;0;0;0;0;1;0;0;-3,831949000000000;-38,568281000000000
330707;4;5;2018;16:40;1437;RUA JOAO CARVALHO;RUA SILVA PAULET;;0;;Colis?â?úo;Luz do Dia;;;Cruz;Pare;Escola;0;1;0;1;0;0;0;0;0;1;0;0;-3,737966000000000;-38,506557000000000
330708;4;5;2018;17:16;0;RUA PERGENTINO MAIA;;;441;;Colis?â?úo;Anoitecer;;;Meio de Quadra;;;0;1;0;0;0;0;0;0;0;0;0;0;-3,831082452000000;-38,491205957000000
330709;4;5;2018;18:01;0;RUA MARIO DE ANDRADE;;;1393;;Colis?â?úo;Anoitecer;;;Meio de Quadra;;;0;1;0;0;0;0;0;0;0;0;0;0;-3,746817838000000;-38,565650338000000
330710;4;5;2018;18:11;0;RUA SOUSA CARVALHO;;;258;;Colis?â?úo;Anoitecer;;;Meio de Quadra;;;0;1;0;0;0;0;0;0;0;0;0;0;-3,784270000000000;-38,586222500000000
330711;4;5;2018;19:04;15233;RUA JULIO IBIAPINA;RUA JUAZEIRO DO NORTE;;0;;Colis?â?úo;;;;Cruz;Pare;Comercial;0;1;0;1;0;0;0;0;0;1;0;0;-3,727527000000000;-38,491155000000000
330712;4;5;2018;20:08;0;RUA MARGARIDAS;;;307;;Colis?â?úo;;;;Meio de Quadra;;;0;1;0;0;0;0;0;0;0;0;0;0;;
330646;4;5;2018;01:54;0;RUA PERU;;;412;;Colis?â?úo;;;;Meio de Quadra;;;0;1;0;1;0;0;0;0;0;0;0;0;-3,771018800000000;-38,550169200000000
330647;4;5;2018;06:03;0;AV GODOFREDO MACIEL;;;5923;;Queda;Luz do Dia;;;Meio de Quadra;;;0;1;0;0;0;0;0;0;0;1;0;0;-3,826527857000000;-38,579517714000000
330648;4;5;2018;06:20;0;AV BEZERRA DE MENEZES;;;4083;;Colis?â?úo;Luz do Dia;;;Meio de Quadra;;;0;1;0;1;0;0;0;0;0;1;0;0;-3,736776300000000;-38,568846500000000
330736;4;5;2018;20:57;0;AV GAL OSORIO DE PAIVA;;;5440;;Atropelamento;;;;Meio de Quadra;;;0;1;0;1;0;0;0;0;0;0;0;0;-3,805011333000000;-38,602374833000000
330737;4;5;2018;21:07;0;RUA ANTONIO ARRUDA;;;1366;;Colis?â?úo;;;;Meio de Quadra;;;0;2;0;1;0;0;0;0;0;1;0;0;-3,719887369000000;-38,593932895000000
330741;4;5;2018;21:51;0;RUA COSTA BARROS;;;0;;Colis?â?úo;;;;Meio de Quadra;;;0;1;0;1;0;0;0;0;0;0;0;0;;
330745;4;5;2018;22:40;0;RUA PARAISO VERDE;;;60;;Atropelamento;;;;Meio de Quadra;;;0;1;0;1;0;0;0;0;0;0;0;0;-3,812722100000000;-38,621588800000000
316172;4;5;2018;21:00;0;AV GAL OSORIO DE PAIVA;;;5386;;Atropelamento;;;;Meio de Quadra;;;1;0;1;1;0;0;0;0;0;0;0;0;-3,804708000000000;-38,602059000000000
327563;4;5;2018;18:15;0;AV SEN CARLOS JEREISSATI (AEROPORTO);;;0;KM 03;Colis?â?úo;Via Iluminada;;Seca;Meio de Quadra;;;0;0;2;1;0;0;0;0;0;1;0;0;-3,779641000000000;-38,544038000000000
327400;4;5;2018;08:20;0;RD BR 116;;;5000;KM-05;Engavetamento;Luz do Dia;;;Meio de Quadra;;;0;1;2;1;0;0;0;0;0;0;0;0;-3,796502000000000;-38,506787000000000
327415;4;5;2018;10:55;0;RD BR 116;;;4000;KM-04;Colis?â?úo Lateral;Luz do Dia;;;Meio de Quadra;;;0;1;0;0;0;0;0;0;0;1;0;0;-3,802354000000000;-38,503869000000000
327416;4;5;2018;16:00;0;RD BR 020;;;0;KM 431;Colis?â?úo Lateral;Luz do Dia;;;Meio de Quadra;;;0;0;2;0;0;0;1;0;0;0;0;0;;
322609;4;5;2018;06:25;0;AV BEZERRA DE MENEZES;;;2203;;Colis?â?úo Traseira;Luz do Dia;Bom;Seca;;;;0;1;2;1;0;0;0;0;0;1;0;0;-3,735737000000000;-38,564310000000000
322610;4;5;2018;08:00;12457;AV AUGUSTO DOS ANJOS;RUA PRO GOMES BRASIL;;0;;Colis?â?úo Lateral;Luz do Dia;Bom;Seca;Cruz;Sem?â?íforo;Comercial;0;1;1;1;0;0;0;0;0;1;0;0;-3,770153000000000;-38,570427000000000
322611;4;5;2018;07:31;22242;RUA CEL MOZART GONDIM;RUA IPE (ALAGADI?âÔÇíO);;0;;Colis?â?úo Transversal;Luz do Dia;Bom;Seca;Cruz;Pare;Residencial;0;1;1;1;0;0;0;0;0;1;0;0;-3,730108000000000;-38,560214000000000
322612;4;5;2018;08:27;1656;RUA BENI DE CARVALHO;RUA PRO DIAS DA ROCHA;;0;;Colis?â?úo Transversal;Luz do Dia;Bom;Seca;Cruz;Pare;Residencial;0;1;1;1;0;0;0;0;0;1;0;0;-3,745994000000000;-38,495024000000000
322613;4;5;2018;09:50;1485;RUA PDE VALDEVINO;RUA ANTONIO AUGUSTO;;0;;Colis?â?úo Transversal;Luz do Dia;Bom;Seca;Cruz;Pare;Comercial;0;0;2;1;0;0;0;0;0;0;0;0;-3,739239000000000;-38,516489000000000
322614;4;5;2018;15:00;0;AV 13 DE MAIO;;;225;;N?â?úo Informado;Luz do Dia;Bom;Seca;Outros;N?â?úo H?â?í Controle;Comercial;0;0;2;0;0;0;0;0;0;1;0;0;-3,753765600000000;-38,522335000000000
322615;4;5;2018;19:35;1530;AV JULIO VENTURA;RUA TIBURCIO CAVALCANTE;;0;;Colis?â?úo Lateral;Via Iluminada;Bom;Seca;T;N?â?úo H?â?í Controle;Residencial;0;0;2;0;0;0;0;0;0;0;0;0;-3,740609000000000;-38,504074000000000
322616;4;5;2018;19:00;13149;RUA 45 CJ JOSE WALTER;AV D CJ JOSE WALTER;;0;;Colis?â?úo Transversal;Mal Iluminada;Bom;Seca;T;Pare;Residencial;0;0;2;1;0;0;0;0;0;0;0;0;-3,831337000000000;-38,556679000000000
322617;4;5;2018;19:57;0;AV ENG SANTANA JUNIOR;;;2868;;Colis?â?úo Traseira;Luz do Dia;Bom;Seca;Outros;Sem?â?íforo;Comercial;0;0;2;1;0;0;0;0;0;0;0;0;-3,746429000000000;-38,489582000000000
322619;4;5;2018;22:31;0;RUA DEMETRIO MENEZES;;;3750;;Capotamento;Via Iluminada;Nublado;Seca;Outros;N?â?úo H?â?í Controle;Comercial;0;1;0;0;0;0;0;0;0;0;0;0;-3,738114400000000;-38,585423000000000
322682;4;5;2018;04:55;0;AV BEIRA MAR;;;2800;;Choque c/ Obst?â?ículo Fixo;Via Iluminada;Chuva;Molhada;Meio de Quadra;N?â?úo H?â?í Controle;Lazer;0;0;1;1;0;0;0;0;0;0;0;0;-3,726079200000000;-38,494377000000000
322620;5;5;2018;01:20;0;AV PONTES VIEIRA;;;1485;;Colis?â?úo Lateral;Via Iluminada;Bom;Seca;Meio de Quadra;Sem?â?íforo;Residencial;0;0;2;1;1;0;0;0;0;0;0;0;-3,753393200000000;-38,518894000000000
322621;5;5;2018;01:53;0;RUA VASCO DE ATAIDE;;;247;;Colis?â?úo Transversal;Via Iluminada;Chuva;Molhada;Meio de Quadra;Pare;Residencial;0;0;2;1;0;0;0;0;0;1;0;0;-3,824325300000000;-38,485000000000000
322622;5;5;2018;02:47;0;AV ENG SANTANA JUNIOR;;;3780;;Choque c/ Obst?â?ículo Fixo;Via Iluminada;Chuva;Molhada;Meio de Quadra;N?â?úo H?â?í Controle;Comercial;0;0;1;1;0;0;0;0;0;0;0;0;-3,750724600000000;-38,490486000000000
322623;5;5;2018;05:00;0;AV ALM HENRIQUE SABOIA;;;0;;Choque c/ Obst?â?ículo Fixo;Amanhecer;Bom;Seca;Meio de Quadra;N?â?úo H?â?í Controle;Residencial;0;1;0;1;0;0;0;0;0;0;0;0;-3,757454200000000;-38,505030000000000
322624;5;5;2018;08:25;0;AV CARAPINIMA;;;2633;;Colis?â?úo Traseira;Luz do Dia;Bom;Seca;Meio de Quadra;Sem?â?íforo;Residencial;0;0;2;1;0;0;0;0;0;0;0;0;-3,742040000000000;-38,542160000000000
322625;5;5;2018;20:43;0;RUA DELMIRO GOUVEIA;;;0;;Colis?â?úo Transversal;Anoitecer;Bom;Seca;Meio de Quadra;Pare;Residencial;0;0;2;0;0;0;0;0;0;1;0;0;-3,737143800000000;-38,488083000000000
322626;5;5;2018;21:17;19188;RUA ALMEIDA PRADO;RUA PEREIRA DE MIRANDA;;0;;Colis?â?úo Transversal;Via Iluminada;Bom;Seca;Cruz;Gesto;Comercial;0;2;1;1;0;0;0;0;0;1;0;0;-3,742111000000000;-38,474647000000000
322627;5;5;2018;21:40;0;AV BEZERRA DE MENEZES;;;0;;Colis?â?úo Lateral;Via Iluminada;Bom;Seca;Meio de Quadra;N?â?úo H?â?í Controle;Comercial;0;0;2;1;0;0;0;0;0;1;0;0;-3,734307300000000;-38,558430000000000
322628;5;5;2018;21:36;19533;AV GAL OSORIO DE PAIVA;RUA NEREU RAMOS;;0;;Colis?â?úo Transversal;Via Iluminada;Bom;Seca;Cruz;Sem?â?íforo;Comercial;0;0;1;1;0;0;0;0;0;1;0;0;-3,782196000000000;-38,576828000000000
322629;5;5;2018;18:38;0;AV DOMINGOS OLIMPIO;;;2275;;Colis?â?úo Frontal;Via Iluminada;Bom;Seca;Meio de Quadra;Pare;Residencial;0;0;3;1;0;0;0;0;0;1;0;0;-3,733189300000000;-38,543533000000000
327564;5;5;2018;17:28;0;AV MIN JOSE AMERICO;;;0;;Colis?â?úo;Via Iluminada;;Seca;Meio de Quadra;;;0;0;2;1;0;0;1;0;0;0;0;0;;
316246;5;5;2018;21:34;0;AV DIOGUINHO;;;4455;;Colis?â?úo;;;;Meio de Quadra;;;1;0;1;1;0;1;0;0;0;0;0;0;-3,758993000000000;-38,444451000000000
330755;5;5;2018;08:13;0;AV 13 DE MAIO;;;0;;Colis?â?úo;Luz do Dia;;;Meio de Quadra;;;0;1;0;1;0;0;0;0;0;1;0;0;;
330756;5;5;2018;08:45;0;RUA OITICICAS;;;5014;;Atropelamento;Luz do Dia;;;Meio de Quadra;;;0;1;0;1;0;0;0;0;0;0;0;0;;
330757;5;5;2018;12:45;0;AV I CJ CEARA;;;1160;;Queda;Luz do Dia;;;Meio de Quadra;;;0;1;0;0;0;0;0;0;0;1;0;0;-3,772300377000000;-38,598053377000000
330758;5;5;2018;13:18;0;RUA PEDRO WILSON (ITAPERI);;;299;;Colis?â?úo;Luz do Dia;;;Meio de Quadra;;;0;1;0;1;0;0;0;0;0;1;0;0;-3,790784700000000;-38,546421000000000
330759;5;5;2018;13:29;0;RUA CAP OLAVO;;;502;;Colis?â?úo;Luz do Dia;;;Meio de Quadra;;;0;2;0;0;0;0;0;0;0;0;0;0;-3,766263333000000;-38,515795733000000
330760;5;5;2018;13:31;0;RD QUARTO ANEL VIARIO;;;0;;Queda;Luz do Dia;;;Meio de Quadra;;;0;1;0;0;0;0;0;0;0;1;0;0;;
330761;5;5;2018;15:34;0;RUA TEN MARQUES;;;356;;Queda;Luz do Dia;;;Meio de Quadra;;;0;1;0;0;0;1;0;0;0;0;0;0;-3,735461524000000;-38,573178302000000
330763;5;5;2018;16:52;0;RUA COS TRISTAO;;;1033;;Colis?â?úo;Luz do Dia;;;Meio de Quadra;;;0;2;0;1;0;0;0;0;0;1;0;0;-3,743380900000000;-38,528065400000000
330764;5;5;2018;17:39;0;AV DOM MANUEL;;;192;;Colis?â?úo;Anoitecer;;;Meio de Quadra;;;0;2;0;1;0;0;0;0;0;1;0;0;-3,725774640000000;-38,520284000000000
330766;5;5;2018;19:25;0;RUA DARCY VARGAS;;;148;;Queda;;;;Meio de Quadra;;;0;1;0;0;0;1;0;0;0;0;0;0;-3,797520000000000;-38,586830000000000
330767;5;5;2018;20:00;0;RUA OSCAR ARARIPE;;;916;;Colis?â?úo;;;;Meio de Quadra;;;0;1;0;1;0;0;0;0;0;1;0;0;-3,791130000000000;-38,599484000000000
330749;5;5;2018;01:19;0;RUA ARRUDA CAMARA;;;429;;Colis?â?úo;;;;Meio de Quadra;;;0;1;0;1;0;0;0;0;0;1;0;0;-3,789945000000000;-38,583151500000000
330773;5;5;2018;21:03;24224;RUA JULIO AZEVEDO;RUA PASCOAL CASTRO ALVES;;0;;Colis?â?úo;;;;;;;0;3;0;1;0;0;0;0;0;1;0;0;-3,733056000000000;-38,476070000000000
330752;5;5;2018;06:09;0;AV ABOLICAO;;;3180;;Atropelamento;Luz do Dia;;;Meio de Quadra;;;0;1;0;0;0;0;0;0;0;1;0;0;-3,726679000000000;-38,491290000000000
330753;5;5;2018;06:58;0;AV PRS CASTELO BRANCO;;;4961;;Queda;Luz do Dia;;;Meio de Quadra;;;0;1;0;0;0;0;0;0;0;1;0;0;-3,705566346000000;-38,575901615000000
330778;5;5;2018;22:31;0;AV SANTOS DUMONT;;;3777;;Queda;;;;Meio de Quadra;;;0;1;0;0;0;0;0;0;0;1;0;0;-3,739062000000000;-38,489602000000000
326885;5;5;2018;16:30;3799;RUA JUSTINIANO DE SERPA;RUA BATOQUE;;0;;Colis?â?úo Lateral;Luz do Dia;Bom;Seca;Cruz;Sem?â?íforo;Outros;0;1;1;1;0;0;0;0;0;1;0;0;-3,738022000000000;-38,541417000000000
326886;6;5;2018;08:39;0;AV PRS JUSCELINO KUBITSCHEK (PASSAR?âÔÇ?);;;5087;;Colis?â?úo Traseira;Luz do Dia;Nublado;Seca;Meio de Quadra;N?â?úo H?â?í Controle;Comercial;0;2;1;0;0;0;0;0;0;1;0;0;-3,820958060000000;-38,535002867000000
326887;6;5;2018;03:00;0;AV VIS RIO BRANCO;;;3009;;Choque c/ Obst?â?ículo Fixo;Via Iluminada;Bom;Seca;Meio de Quadra;N?â?úo H?â?í Controle;Residencial;0;1;0;0;0;0;0;0;0;0;0;0;-3,747451296000000;-38,521713818000000
330780;6;5;2018;00:06;0;RUA ALFREDO MAMEDE;;;0;;Colis?â?úo;;;;Meio de Quadra;;;0;1;0;1;0;0;0;0;0;1;0;0;;
330781;6;5;2018;00:38;0;AV FRE CIRILO;;;0;;Colis?â?úo;;;;Meio de Quadra;;;0;1;0;1;0;0;0;0;0;1;0;0;;
330793;6;5;2018;02:36;0;RUA CON DE CASTRO;;;4500;;Colis?â?úo;;;;Meio de Quadra;;;0;1;0;1;0;0;0;0;0;1;0;0;-3,804849847000000;-38,591783153000000
330784;6;5;2018;01:31;0;AV PERIMETRAL;;;0;;Colis?â?úo;;;;Meio de Quadra;;;0;1;0;1;0;0;0;0;0;1;0;0;;
330789;6;5;2018;01:35;0;RUA GEORGE ROCHA;;;0;;Queda;;;;Meio de Quadra;;;0;1;0;0;0;0;0;0;0;1;0;0;;
330867;6;5;2018;18:41;0;RUA ANDRE REBOUCAS;;;114;;Colis?â?úo;;;;Meio de Quadra;;;0;1;0;1;0;0;0;0;0;1;0;0;-3,774642000000000;-38,589480000000000
330861;6;5;2018;17:49;0;AV BEIRA MAR;;;0;;Queda;Anoitecer;;;Meio de Quadra;;;0;1;0;0;0;0;0;0;0;1;0;0;;
330837;6;5;2018;13:07;18404;AV SGT HERMINIO SAMPAIO;AV GOV PARSIFAL BARROSO;;0;;Colis?â?úo;Luz do Dia;;;Cruz;Sem?â?íforo;Comercial;0;1;0;1;0;0;0;0;0;1;0;0;-3,727916000000000;-38,569276000000000
330849;6;5;2018;16:27;0;AV ENG HUMBERTO MONTE;;;0;;Queda;Luz do Dia;;;Meio de Quadra;;;0;1;0;0;0;1;0;0;0;0;0;0;;
330856;6;5;2018;16:44;0;RUA ABEL RIBEIRO;;;513;;Queda;Luz do Dia;;;Meio de Quadra;;;0;1;0;0;0;0;0;0;0;1;0;0;-3,780754209000000;-38,577896761000000
330857;6;5;2018;16:56;23380;RUA CAP TIBURCIO DA FROTA;RUA NUNES VALENTE;;0;;Colis?â?úo;Luz do Dia;;;Cruz;Pare;Residencial;0;1;0;1;0;0;0;0;0;1;0;0;-3,754506000000000;-38,509109000000000
330840;6;5;2018;14:39;0;RUA SAO LUIS D30;;;726;;Atropelamento;Luz do Dia;;;Meio de Quadra;;;0;1;0;0;0;0;0;0;0;1;0;0;-3,761074871000000;-38,593446661000000
330841;6;5;2018;15:38;0;AV PASTEUR;;;2754;;Colis?â?úo;Luz do Dia;;;Meio de Quadra;;;0;1;0;1;0;0;0;0;0;0;0;0;-3,710746200000000;-38,558867100000000
330825;6;5;2018;13:03;0;AV JOSE BASTOS;;;4915;;Queda;Luz do Dia;;;Meio de Quadra;;;0;1;0;0;0;0;0;0;0;1;0;0;-3,757237161000000;-38,559786099000000
330822;6;5;2018;12:53;0;RUA LAGO DO TANQUE;;;820;;Queda;Luz do Dia;;;Meio de Quadra;;;0;1;0;0;0;0;0;0;0;1;0;0;-3,809472400000000;-38,594280450000000
330819;6;5;2018;12:21;2387;RUA ESTEVAO DE CAMPOS;RUA ARAQUEM;;0;;Colis?â?úo;Luz do Dia;;;Cruz;Pare;Residencial;0;1;0;0;0;0;0;0;0;0;0;0;-3,705736000000000;-38,578182000000000
330812;6;5;2018;04:29;0;RUA MONTEIRO LOBATO;;;1568;;Queda;;;;Meio de Quadra;;;0;3;0;0;0;0;0;0;0;1;0;0;;
330813;6;5;2018;04:50;0;AV ALM HENRIQUE SABOIA;;;3737;;Colis?â?úo;;;;Meio de Quadra;;;0;1;0;0;0;0;0;0;0;0;0;0;-3,742019000000000;-38,488529000000000
330814;6;5;2018;05:32;0;AV D CJ CEARA;;;1285;;Queda;Amanhecer;;;Meio de Quadra;;;0;1;0;0;0;0;0;0;0;1;0;0;-3,763611000000000;-38,602328000000000
330815;6;5;2018;05:44;0;RUA SGT JOAO PINHEIRO;;;827;;Colis?â?úo;Amanhecer;;;Meio de Quadra;;;0;1;0;1;0;0;0;0;0;1;0;0;-3,783035801000000;-38,622848613000000
330816;6;5;2018;07:02;2775;RUA MARIA JULIA;RUA GERALDO BARBOSA;;0;;Colis?â?úo;Luz do Dia;;;Cruz;Pare;Rural;0;3;0;0;0;0;0;0;0;1;0;0;-3,792568000000000;-38,599942000000000
330817;6;5;2018;10:35;1250;AV BAR STUDART;RUA COSTA BARROS;;0;;Colis?â?úo;Luz do Dia;;;Cruz;Sem?â?íforo;Residencial;0;1;0;1;0;0;0;0;0;0;0;0;-3,732231000000000;-38,505837000000000
330803;6;5;2018;02:57;0;AV DOM MANUEL;;;133;;Colis?â?úo;;;;Meio de Quadra;;;0;1;0;1;0;0;0;0;0;0;0;0;-3,725414333000000;-38,520168435000000
330809;6;5;2018;04:03;0;RD BR 116;;;8000;KM-08;Atropelamento;;;;Meio de Quadra;;;0;1;0;1;0;0;0;0;0;0;0;0;-3,822018000000000;-38,503269000000000
330892;6;5;2018;21:06;3197;RUA CARLOS CHAGAS;RUA ARACA;;0;;Colis?â?úo;;;;Cruz;Pare;Residencial;0;1;0;0;0;0;0;0;0;1;0;0;;
330903;6;5;2018;21:22;0;AV GAL OSORIO DE PAIVA;;;1854;;Colis?â?úo;;;;Meio de Quadra;;;0;2;0;1;0;0;0;0;0;1;0;0;-3,783062044000000;-38,578225391000000
330905;6;5;2018;21:54;0;AV PRS COSTA E SILVA;;;1578;;Colis?â?úo;;;;Meio de Quadra;;;0;1;0;0;0;0;0;0;0;1;0;0;-3,818097100000000;-38,565077600000000
330906;6;5;2018;22:01;19688;RUA AZEVEDO BOLAO;RUA PRO RAIMUNDO ARRUDA;;0;;Colis?â?úo;;;;Cruz;Pare;Residencial;0;1;0;1;0;0;0;0;0;1;0;0;-3,735414000000000;-38,551701000000000
330886;6;5;2018;18:52;0;AV JOR THOMAZ COELHO;;;2730;;Atropelamento;;;;Meio de Quadra;;;0;1;0;0;0;0;0;0;0;1;0;0;-3,828420516000000;-38,519084031000000
330887;6;5;2018;20:33;0;RUA ABEL RIBEIRO;;;468;;Colis?â?úo;;;;Meio de Quadra;;;0;1;0;1;0;0;0;0;0;1;0;0;-3,780530732000000;-38,578244164000000
330889;6;5;2018;20:57;0;RUA 101 CJ CEARA;;;1009;;Atropelamento;;;;Meio de Quadra;;;0;1;0;0;0;0;0;0;0;1;0;0;;
330884;6;5;2018;18:52;0;AV DR SILAS MUNGUBA;;;3128;;Atropelamento;;;;Meio de Quadra;;;0;1;0;0;0;0;0;0;0;1;0;0;-3,788640000000000;-38,545259000000000
327568;6;5;2018;09:50;0;AV SEN CARLOS JEREISSATI (AEROPORTO);;;0;KM 03;Colis?â?úo;Via Iluminada;;Seca;Meio de Quadra;;;0;1;2;1;0;0;0;0;0;1;0;0;-3,779641000000000;-38,544038000000000
327106;6;5;2018;22:30;2755;RUA CEL VIRGILIO NOGUEIRA (BOM JARDIM);RUA BOM JESUS (GRANJA LISBOA);;0;;Colis?â?úo;;;;Cruz;Sem?â?íforo;Comercial;0;0;1;0;0;0;0;0;0;0;0;0;-3,791658000000000;-38,609724000000000
322630;6;5;2018;14:37;0;AV ABOLICAO;;;0;;Colis?â?úo Traseira;Luz do Dia;Nublado;Seca;Meio de Quadra;N?â?úo H?â?í Controle;Comercial;0;0;2;1;0;0;0;0;0;0;0;0;-3,726824800000000;-38,492466000000000
322631;6;5;2018;14:13;0;RUA JARDIM FLUMINENSE;;;1501;;Colis?â?úo Lateral;Luz do Dia;Nublado;Seca;Cruz;N?â?úo H?â?í Controle;Residencial;0;1;1;1;0;0;0;0;0;1;0;0;-3,810374300000000;-38,602010000000000