COD_ACIDENTE;DIA;MES;ANO;HORA;INTERSECAO;LOG1;LOG2;LOG3;NUMERO;REFERENCIA;NATUREZA;ILUMINACAO;TEMPO;SUPERFICIEPISTA;TIPOCRUZAMENTO;CONTROLETRAFEGO;USOSOLO;MORTOS;FERIDOS;ILESOS;AUTOMOVEL;ONIBUS;BICICLETA;CAMINHAO;MICROONIBUS;CICLOMOTOR;MOTOCICLETA;TRACAOANIMAL;TREM;LATITUDE;LONGITUDE
322632;6;5;2018;16:35;8025;AV JOAO PESSOA;RUA PRO COSTA MENDES;;0;;Colis?â?úo Lateral;Luz do Dia;Nublado;Seca;Cruz;Sem?â?íforo;Comercial;0;1;1;1;1;0;0;0;0;0;0;0;-3,752393000000000;-38,549441000000000
322633;6;5;2018;19:29;1406;AV DES MOREIRA;RUA DES LEITE ALBUQUERQUE;;0;;Colis?â?úo Transversal;Via Iluminada;Nublado;Molhada;Cruz;Sem?â?íforo;Comercial;0;0;1;1;0;0;0;0;0;0;0;0;-3,737220000000000;-38,498678000000000
322634;6;5;2018;20:35;0;AV GAL OSORIO DE PAIVA;;;6857;;Colis?â?úo Traseira;Via Iluminada;Chuva;Molhada;Meio de Quadra;N?â?úo H?â?í Controle;Comercial;0;2;1;1;0;0;0;0;0;0;0;0;-3,814435700000000;-38,611420000000000
322636;7;5;2018;06:21;3990;AV PRO GOMES DE MATOS;RUA PRO COSTA MENDES;;0;;Colis?â?úo Transversal;Amanhecer;Chuva;Molhada;Cruz;Sem?â?íforo;Comercial;0;0;2;1;0;0;0;0;0;1;0;0;-3,758035000000000;-38,542936000000000
322637;7;5;2018;09:50;0;AV GAL OSORIO DE PAIVA;;;5683;;Colis?â?úo Traseira;Luz do Dia;Nublado;Seca;Meio de Quadra;N?â?úo H?â?í Controle;Comercial;0;1;1;1;0;0;0;0;0;1;0;0;-3,806521400000000;-38,603750000000000
322638;7;5;2018;10:44;0;AV JOSE LEON;RUA DR ESTENIO GOMES;;1300;;Colis?â?úo Lateral;Luz do Dia;Bom;Seca;T;Pare;Comercial;0;0;2;1;0;0;0;0;0;0;0;0;-3,788372300000000;-38,499573000000000
322639;7;5;2018;11:25;18911;RUA VALPARAISO;AV IRACEMA (CJ PALMEIRAS);;0;;Atropelamento;Luz do Dia;Bom;Seca;Cruz;N?â?úo H?â?í Controle;Comercial;0;1;1;1;0;0;0;0;0;0;0;0;-3,843199000000000;-38,527034000000000
322640;7;5;2018;13:56;0;RUA EDUARDO PERDIGAO;RUA DOM PEDRO II;;0;;Colis?â?úo Traseira;Luz do Dia;Nublado;Seca;T;Sem?â?íforo;Comercial;0;0;2;1;0;0;0;0;0;0;0;0;-3,776021200000000;-38,564434000000000
322641;7;5;2018;13:02;25287;RUA PRIMEIRO DE MAIO D34;AV AUGUSTO DOS ANJOS;;0;;Colis?â?úo Traseira;Luz do Dia;Bom;Seca;T;Pare;Residencial;0;2;1;0;0;0;0;0;0;1;0;0;-3,784490000000000;-38,582915000000000
322642;7;5;2018;15:37;4007;RUA DES PRAXEDES;RUA ALBERTO MAGNO;;0;;Colis?â?úo Lateral;Luz do Dia;Bom;Seca;Cruz;Sem?â?íforo;Comercial;0;2;1;1;0;0;0;0;0;1;0;0;-3,761230000000000;-38,546795000000000
322643;7;5;2018;18:48;0;AV JOR THOMAZ COELHO;;;1878;;Colis?â?úo Lateral;Mal Iluminada;Bom;Seca;Meio de Quadra;N?â?úo H?â?í Controle;Comercial;0;1;1;1;0;0;0;0;0;1;0;0;-3,829065300000000;-38,511864000000000
322644;7;5;2018;21:45;0;RUA WALDIR DIOGO;;;695;;Queda;Via Iluminada;Bom;Seca;Meio de Quadra;N?â?úo H?â?í Controle;Residencial;0;2;0;0;0;0;0;0;0;1;0;0;-3,805072800000000;-38,584263000000000
327125;7;5;2018;21:14;0;AV SANTOS DUMONT;;;5225;;Colis?â?úo;;;;Meio de Quadra;;;0;0;1;1;0;0;0;0;0;0;0;0;-3,740506000000000;-38,485132000000000
327570;7;5;2018;06:50;0;RD CE-040;;;0;KM-08;Colis?â?úo;Via Iluminada;;Seca;Meio de Quadra;;;0;0;2;0;0;0;1;0;0;0;0;0;-3,825515822000000;-38,481538320000000
327571;7;5;2018;16:40;0;RD CE-060;;;0;KM-01;Colis?â?úo;Via Iluminada;;Seca;Meio de Quadra;;;0;1;1;0;0;1;0;0;0;1;0;0;-3,826136000000000;-38,579500000000000
327417;7;5;2018;17:00;0;RD BR 116;;;10000;KM-10;Colis?â?úo Transversal;Anoitecer;;;Meio de Quadra;;;0;1;1;0;0;1;0;0;0;1;0;0;-3,834435000000000;-38,503373000000000
327420;7;5;2018;19:00;0;RD BR 116;;;6000;KM-06;Colis?â?úo Traseira;;;;Meio de Quadra;;;0;0;3;1;0;0;0;0;0;0;0;0;-3,804691000000000;-38,503053000000000
330907;7;5;2018;00:01;0;AV GODOFREDO MACIEL;;;480;;Atropelamento;;;;Meio de Quadra;;;0;1;0;0;0;0;0;0;0;1;0;0;-3,780330881000000;-38,564954559000000
330908;7;5;2018;00:21;0;AV GAL OSORIO DE PAIVA;;;0;;Atropelamento;;;;Meio de Quadra;;;0;2;0;1;0;0;0;0;0;0;0;0;;
330909;7;5;2018;06:59;0;RD BR 116;;;15000;KM-15;Colis?â?úo;Luz do Dia;;;Meio de Quadra;;;0;1;0;1;0;0;0;0;0;1;0;0;-3,882329000000000;-38,501113000000000
330910;7;5;2018;07:30;0;RD BR 116;;;14000;KM-14;Colis?â?úo;Luz do Dia;;;Meio de Quadra;;;0;2;0;0;0;0;0;0;0;1;0;0;-3,873523000000000;-38,499242000000000
330911;7;5;2018;08:12;0;AV FILOMENO GOMES;;;766;;Colis?â?úo;Luz do Dia;;;Meio de Quadra;;;0;1;0;0;0;0;0;0;0;0;0;0;-3,721470000000000;-38,541570000000000
330913;7;5;2018;08:24;0;AV HERACLITO GRACA;;;40;;Atropelamento;Luz do Dia;;;Meio de Quadra;;;0;1;0;0;0;0;0;0;0;1;0;0;-3,733593500000000;-38,524254000000000
330954;7;5;2018;17:24;0;RUA TEREZA HINKO;;;222;;Queda;Anoitecer;;;Meio de Quadra;;;0;1;0;0;0;1;0;0;0;0;0;0;-3,724850500000000;-38,484446000000000
330955;7;5;2018;17:30;0;RUA FRANCISCO MATIAS;;;359;;Colis?â?úo;Anoitecer;;;Meio de Quadra;;;0;1;0;0;0;0;0;0;0;0;0;0;-3,803813800000000;-38,451462200000000
330956;7;5;2018;17:42;0;AV PRS COSTA E SILVA;;;0;;Queda;Anoitecer;;;Meio de Quadra;;;0;1;0;0;0;0;0;0;0;1;0;0;;
330957;7;5;2018;18:26;0;RUA JOSE CARLOS GURGEL NOGUEIRA;;;125;;Colis?â?úo;Anoitecer;;;Meio de Quadra;;;0;1;0;1;0;0;0;0;0;0;0;0;-3,732973000000000;-38,473860000000000
330958;7;5;2018;18:51;0;RUA JOAO GENTIL;;;2994;;Colis?â?úo;;;;Meio de Quadra;;;0;1;0;1;0;0;0;0;0;1;0;0;;
330959;7;5;2018;19:40;0;RD BR 116;;;9000;KM-09;Colis?â?úo;;;;Meio de Quadra;;;0;1;0;1;0;0;0;0;0;1;0;0;-3,830837000000000;-38,504865000000000
330960;7;5;2018;20:28;0;AV FRE CIRILO;;;0;;Queda;;;;Meio de Quadra;;;0;2;0;0;0;0;0;0;0;1;0;0;;
330961;7;5;2018;22:01;23364;RUA CAP GUSTAVO;RUA EDUARDO BEZERRA;;0;;Atropelamento;;;;Cruz;Sem?â?íforo;Residencial;0;1;0;1;0;0;0;0;0;0;0;0;-3,754148000000000;-38,516951000000000
330962;7;5;2018;22:14;0;AV MAE LISBOA;;;427;;Queda;;;;Meio de Quadra;;;0;1;0;0;0;0;0;0;0;1;0;0;-3,808070000000000;-38,476348000000000
330932;7;5;2018;16:36;1476;AV HERACLITO GRACA;AV BAR STUDART;;0;;Colis?â?úo;Luz do Dia;;;;;;0;1;0;1;0;0;0;0;0;1;0;0;-3,739072000000000;-38,508029000000000
330929;7;5;2018;15:49;0;AV SEN CARLOS JEREISSATI (AEROPORTO);;;0;;Colis?â?úo;Luz do Dia;;;Meio de Quadra;;;0;1;0;0;0;0;0;0;0;0;0;0;;
330915;7;5;2018;09:11;0;AV DR SILAS MUNGUBA;;;5050;;Colis?â?úo;Luz do Dia;;;Meio de Quadra;;;0;1;0;1;0;0;0;0;0;0;0;0;-3,797488788000000;-38,531481576000000
330917;7;5;2018;09:14;0;AV CARAPINIMA;;;2085;;Colis?â?úo;Luz do Dia;;;Meio de Quadra;;;0;2;0;0;0;0;0;0;0;1;0;0;-3,738998000000000;-38,539176000000000
330918;7;5;2018;09:45;0;AV FRANCISCO SA;;;2368;;Colis?â?úo;Luz do Dia;;;Meio de Quadra;;;0;2;0;1;0;0;0;0;0;1;0;0;-3,720528800000000;-38,547376300000000
330921;7;5;2018;10:51;0;AV AUGUSTO DOS ANJOS;;;1742;;Colis?â?úo;Luz do Dia;;;Meio de Quadra;;;0;1;0;1;0;0;0;0;0;1;0;0;-3,781512000000000;-38,580334000000000
330922;7;5;2018;11:08;0;RUA VALPARAISO;;;858;;Colis?â?úo;Luz do Dia;;;Meio de Quadra;;;0;1;0;1;0;1;0;0;0;0;0;0;-3,843199000000000;-38,527034000000000
330923;7;5;2018;11:25;0;RUA CAP TIBURCIO DA FROTA;;;633;;Colis?â?úo;Luz do Dia;;;Meio de Quadra;;;0;1;0;1;0;0;0;0;0;1;0;0;-3,755042000000000;-38,515083000000000
330924;7;5;2018;13:10;0;AV GAL OSORIO DE PAIVA;;;0;;Atropelamento;Luz do Dia;;;Meio de Quadra;;;0;1;0;0;0;0;0;0;0;0;0;0;;
330925;7;5;2018;14:44;0;AV PERIMETRAL;;;2382;;Colis?â?úo;Luz do Dia;;;Meio de Quadra;;;0;1;0;1;0;0;1;0;0;0;0;0;;
330926;7;5;2018;15:37;0;AV WASHINGTON SOARES;;;4543;;Queda;Luz do Dia;;;Meio de Quadra;;;0;1;0;0;0;0;0;0;0;1;0;0;-3,798655000000000;-38,479714000000000
316253;7;5;2018;03:30;0;AV CESAR CALS;;;560;;Choque c/ Obst?â?ículo Fixo;Via Iluminada;Bom;Seca;Meio de Quadra;N?â?úo H?â?í Controle;Comercial;2;0;0;0;0;0;0;0;0;1;0;0;-3,722797900000000;-38,463493000000000
326888;7;5;2018;12:30;1735;RUA CAP CLOVIS MAIA;RUA MAJ GERARDO MENDES;;0;;Colis?â?úo Lateral;Luz do Dia;Bom;Seca;Cruz;Pare;Residencial;0;1;1;0;0;0;1;0;0;1;0;0;-3,768322000000000;-38,512820000000000
326889;7;5;2018;06:30;12355;RUA MON HIPOLITO BRASIL;RUA RIBEIRO LEITAO;;0;;Colis?â?úo Transversal;Luz do Dia;Chuva;Molhada;Cruz;Pare;Residencial;0;1;2;1;0;0;0;0;0;0;0;0;-3,760359000000000;-38,576110000000000
330972;8;5;2018;11:45;0;RUA SEN ROBERT KENNEDY;;;177;;Atropelamento;Luz do Dia;;;Meio de Quadra;;;0;1;0;0;0;0;0;0;0;1;0;0;-3,700976600000000;-38,577563200000000
330973;8;5;2018;11:56;0;RUA ANTONIETA CLOTILDE;;;364;;Colis?â?úo;Luz do Dia;;;Meio de Quadra;;;0;1;0;1;0;0;0;0;0;1;0;0;-3,717390000000000;-38,581267000000000
330975;8;5;2018;12:49;0;ET DO FIO (MESSEJANA);;;547;;Colis?â?úo;Luz do Dia;;;Meio de Quadra;;;0;1;0;1;0;0;0;0;0;1;0;0;-3,755150000000000;-38,568650000000000
330977;8;5;2018;13:40;0;AV LINEU MACHADO;;;430;;Colis?â?úo;Luz do Dia;;;Meio de Quadra;;;0;1;0;1;0;0;0;0;0;1;0;0;-3,763697500000000;-38,575740500000000
330978;8;5;2018;13:59;5084;RUA PRC ISABEL;RUA SEN ALENCAR;;0;;Colis?â?úo;Luz do Dia;;;Cruz;Pare;Comercial;0;1;0;1;0;0;0;0;0;1;0;0;-3,722828000000000;-38,534356000000000
330981;8;5;2018;14:36;17349;RUA CEL ALEXANDRINO;RUA EDITE BRAGA;;0;;Colis?â?úo;Luz do Dia;;;Cruz;Pare;Residencial;0;1;0;1;0;0;0;0;0;1;0;0;-3,765675000000000;-38,551861000000000
330987;8;5;2018;15:22;0;AV GODOFREDO MACIEL;;;3399;;Colis?â?úo;Luz do Dia;;;Meio de Quadra;;;0;1;0;1;0;0;0;0;0;1;0;0;-3,804857000000000;-38,572536000000000
330988;8;5;2018;15:57;0;AV ENG LUIS VIEIRA;;;0;;Colis?â?úo;Luz do Dia;;;Meio de Quadra;;;0;1;0;1;0;0;0;0;0;1;0;0;;
330989;8;5;2018;16:38;0;RUA BERNARDO MANUEL;;;13000;;Colis?â?úo;Luz do Dia;;;Meio de Quadra;;;0;1;0;0;0;0;0;0;0;1;0;0;-3,831465000000000;-38,561161000000000
330992;8;5;2018;16:50;0;AV SEN CARLOS JEREISSATI (AEROPORTO);;;0;;Colis?â?úo;Luz do Dia;;;Meio de Quadra;;;0;1;0;0;0;0;0;0;0;1;0;0;;
330993;8;5;2018;16:52;21379;RUA PRO RAIMUNDO ARRUDA;AV JOVITA FEITOSA;;0;;Colis?â?úo;Luz do Dia;;;Cruz;Sem?â?íforo;Comercial;0;1;0;1;0;0;0;0;0;1;0;0;-3,738742000000000;-38,550998000000000
330994;8;5;2018;17:07;0;RUA CAP CLOVIS MAIA;;;5531;;Queda;Anoitecer;;;Meio de Quadra;;;0;1;0;0;0;0;0;0;0;1;0;0;-3,738230000000000;-38,453920000000000
330998;8;5;2018;18:24;0;AV CONTORNO NORTE (SAO CRSITOVAO);;;1640;;Colis?â?úo;Anoitecer;;;Meio de Quadra;;;0;1;0;1;0;0;0;0;0;1;0;0;;
331000;8;5;2018;18:48;0;RUA AMARO CAVALCANTI;;;191;;Atropelamento;;;;Meio de Quadra;;;0;1;0;1;0;0;0;0;0;0;0;0;-3,724113477000000;-38,553651262000000
331008;8;5;2018;18:54;0;RUA EDUARDO GARCIA;;;625;;Colis?â?úo;;;;Meio de Quadra;;;0;1;0;1;0;0;0;0;0;1;0;0;-3,740002962000000;-38,493453827000000
331009;8;5;2018;19:44;0;AV BENJAMIM BRASIL;;;1685;;Colis?â?úo;;;;Meio de Quadra;;;0;1;0;0;0;0;1;0;0;1;0;0;-3,807078938000000;-38,560811487000000
330996;8;5;2018;18:04;0;RUA LUZIA MOREIRA;;;290;;Colis?â?úo;Anoitecer;;;Meio de Quadra;;;0;1;0;0;0;0;0;0;0;1;0;0;-3,778221150000000;-38,592681900000000
331014;8;5;2018;20:08;0;RUA FRANCO ROCHA;;;451;;Queda;;;;Meio de Quadra;;;0;1;0;0;0;1;0;0;0;0;0;0;-3,754891750000000;-38,580287500000000
331022;8;5;2018;22:09;0;AV AMERICO BARREIRA;;;5886;;Colis?â?úo;;;;Meio de Quadra;;;0;1;0;1;0;0;0;0;0;1;0;0;-3,763160000000000;-38,566330000000000
331017;8;5;2018;20:22;0;AV SEN CARLOS JEREISSATI (AEROPORTO);;;0;;Atropelamento;;;;Meio de Quadra;;;0;1;0;1;0;0;0;0;0;0;0;0;;
330963;8;5;2018;01:10;0;AV GAL OSORIO DE PAIVA;;;0;;Colis?â?úo;;;;Meio de Quadra;;;0;1;0;1;0;0;0;0;0;1;0;0;;
330964;8;5;2018;06:12;0;AV PERIMETRAL;;;0;;Colis?â?úo;Luz do Dia;;;Meio de Quadra;;;0;1;0;0;0;0;0;0;0;0;0;0;;
330965;8;5;2018;06:52;0;RUA PDE VALDEVINO;;;547;;Queda;Luz do Dia;;;Meio de Quadra;;;0;1;0;0;0;0;0;0;0;1;0;0;-3,738571000000000;-38,518610000000000
330966;8;5;2018;07:02;0;AV PRS COSTA E SILVA;;;1578;;Colis?â?úo;Luz do Dia;;;Meio de Quadra;;;0;1;0;1;0;0;0;0;0;1;0;0;-3,818097100000000;-38,565077600000000
330967;8;5;2018;08:21;0;RUA JOSE MENDONCA;;;935;;Atropelamento;Luz do Dia;;;Meio de Quadra;;;0;1;0;0;0;0;0;0;0;1;0;0;-3,755298697000000;-38,601848562000000
330968;8;5;2018;08:44;0;AV CEL CARVALHO;;;0;;Colis?â?úo;Luz do Dia;;;Meio de Quadra;;;0;1;0;1;0;0;0;0;0;1;0;0;;
330969;8;5;2018;10:23;5328;AV DUQ CAXIAS;AV TRISTAO GONCALVES;;0;;Queda;Luz do Dia;;;Cruz;Sem?â?íforo;Comercial;0;1;0;0;0;0;0;0;0;1;0;0;-3,730400000000000;-38,534196000000000
330970;8;5;2018;11:29;0;RUA 12 PQ SANTANA;;;275;;Colis?â?úo;Luz do Dia;;;Meio de Quadra;;;0;1;0;1;0;0;0;0;0;1;0;0;;
327572;8;5;2018;;0;RD CE-040;;;0;KM-02;Colis?â?úo;Via Iluminada;;Seca;Meio de Quadra;;;0;0;2;1;0;0;0;0;0;0;0;0;-3,773616148000000;-38,481799400000000
327126;8;5;2018;18:55;0;RD CE-040;;;0;;Colis?â?úo;;;;Meio de Quadra;;;0;1;0;0;0;0;1;0;0;0;0;0;;
322645;8;5;2018;06:40;0;AV SGT HERMINIO SAMPAIO;;;1415;;Colis?â?úo Transversal;Luz do Dia;Bom;Molhada;Meio de Quadra;N?â?úo H?â?í Controle;Residencial;0;1;1;1;0;0;0;0;0;1;0;0;-3,724986600000000;-38,553707000000000
322646;8;5;2018;08:28;13371;AV ANTONIO SALES;RUA DNA LEOPOLDINA;;0;;Colis?â?úo Transversal;Luz do Dia;Bom;Seca;Cruz;D?â?¬ Prefer?â?¬ncia;Comercial;0;1;0;0;1;1;0;0;0;0;0;0;-3,739197000000000;-38,522386000000000
322647;8;5;2018;09:15;0;AV BENJAMIM BRASIL;;;1461;;Colis?â?úo Lateral;Luz do Dia;Bom;Seca;Meio de Quadra;N?â?úo H?â?í Controle;Residencial;0;2;1;1;0;0;0;0;0;1;0;0;-3,806691000000000;-38,561290000000000
322648;8;5;2018;09:00;7894;RUA VICENTE LEITE;RUA PRO FRANCISCO GONCALVES;;0;;Colis?â?úo Transversal;Luz do Dia;Bom;Seca;Cruz;Pare;Residencial;0;1;1;1;0;0;0;0;0;0;0;0;-3,747615000000000;-38,498773000000000
322649;8;5;2018;10:28;0;RUA SITIO GRAVITO;;;199;;Colis?â?úo Lateral;Luz do Dia;Bom;Seca;Meio de Quadra;N?â?úo H?â?í Controle;Residencial;0;1;2;1;0;0;0;0;0;0;0;0;-3,813772700000000;-38,468860000000000
322650;8;5;2018;15:04;0;RUA ADOLFO CAMINHA;;;97;;N?â?úo Informado;Luz do Dia;Bom;Seca;Meio de Quadra;N?â?úo H?â?í Controle;Comercial;0;0;1;0;0;0;0;0;0;0;0;0;-3,721095000000000;-38,524265000000000
322651;8;5;2018;13:20;17310;RUA ALBERTO MAGNO;RUA ALVARO FERNANDES;;0;;Colis?â?úo Transversal;Luz do Dia;Bom;Seca;Cruz;Sem?â?íforo;Comercial;0;1;1;1;0;0;0;0;0;1;0;0;-3,764244000000000;-38,549422000000000
322652;8;5;2018;17:29;0;AV WENEFRIDO MELO;;;794;;Engavetamento;Luz do Dia;Bom;Seca;Meio de Quadra;N?â?úo H?â?í Controle;Residencial;0;0;2;1;0;0;0;0;0;0;0;0;-3,810879000000000;-38,575690000000000
322653;8;5;2018;19:25;1441;AV SANTOS DUMONT;RUA PRO DIAS DA ROCHA;;0;;Colis?â?úo Transversal;Via Iluminada;Bom;Seca;Cruz;Pare;Comercial;0;0;2;1;1;0;0;0;0;0;0;0;-3,738113000000000;-38,492502000000000
322654;8;5;2018;19:46;0;AV AGUANAMBI;;;1001;;Engavetamento;Via Iluminada;Bom;Seca;Meio de Quadra;N?â?úo H?â?í Controle;Comercial;0;1;2;1;1;0;0;0;0;1;0;0;-3,745401100000000;-38,525510000000000
322655;8;5;2018;19:48;0;AV BEZERRA DE MENEZES;;;926;;Colis?â?úo Traseira;Via Iluminada;Bom;Seca;Meio de Quadra;Sem?â?íforo;Comercial;0;0;2;1;0;0;0;0;0;1;0;0;-3,733100700000000;-38,553170000000000
322656;8;5;2018;21:29;0;AV BEZERRA DE MENEZES;;;420;;Capotamento;Via Iluminada;Bom;Seca;Meio de Quadra;Sem?â?íforo;Escola;0;1;0;1;0;0;0;0;0;0;0;0;-3,732199000000000;-38,548500000000000
322657;8;5;2018;22:23;1338;AV BAR STUDART;RUA TORRES CAMARA;;0;;Colis?â?úo Frontal;Via Iluminada;Bom;Seca;Cruz;Sem?â?íforo;Comercial;0;0;2;1;0;0;0;0;0;0;0;0;-3,735624000000000;-38,506944000000000
322658;8;5;2018;21:30;5045;AV FILOMENO GOMES;RUA SAO PAULO;;0;;Colis?â?úo Transversal;Via Iluminada;Bom;Seca;Cruz;Sem?â?íforo;Residencial;0;2;0;1;0;0;0;0;0;0;0;0;-3,721539000000000;-38,541200000000000
322346;8;5;2018;09:35;26083;AV BEZERRA DE MENEZES;AV JOSE JATAHY;;0;;Colis?â?úo Transversal;Luz do Dia;Nublado;Molhada;N?â?úo Informado;Sem?â?íforo;Comercial;0;0;2;1;0;0;0;0;0;0;0;0;-3,731457200000000;-38,545036000000000
322659;9;5;2018;00:42;25423;AV SANTOS DUMONT;AV ZUCA ACIOLY;;0;;Colis?â?úo Transversal;Via Iluminada;Bom;Seca;T;Pare;Comercial;0;1;1;1;0;0;0;0;0;1;0;0;-3,746816000000000;-38,465623000000000
322660;9;5;2018;01:22;0;AV GAL MURILO BORGES;;;0;COC?âÔÇ£;Engavetamento;Mal Iluminada;Chuva;Molhada;Meio de Quadra;N?â?úo H?â?í Controle;Comercial;0;0;2;1;0;0;0;0;0;0;0;0;-3,766337200000000;-38,500366000000000
322661;9;5;2018;08:32;23447;RUA PAULO FIRMEZA;RUA JOSE JUSTA;;0;;Colis?â?úo Traseira;Luz do Dia;Chuva;Molhada;Cruz;Pare;Residencial;0;0;2;1;0;0;0;0;0;0;0;0;-3,756776000000000;-38,508816000000000
322662;9;5;2018;07:40;0;AV RECREIO D64;;;0;;Colis?â?úo Lateral;Luz do Dia;Nublado;Molhada;Y;Pare;Comercial;0;0;2;1;0;0;0;0;0;1;0;0;-3,805787600000000;-38,449375000000000
322663;9;5;2018;13:12;0;AV GODOFREDO MACIEL;;;1021;;N?â?úo Informado;Luz do Dia;Bom;Seca;Meio de Quadra;N?â?úo H?â?í Controle;Comercial;0;0;1;1;0;0;0;0;0;1;0;0;-3,785023000000000;-38,566338000000000
322664;9;5;2018;13:48;0;RUA ROSA CRUZ;;;777;;Colis?â?úo Transversal;Luz do Dia;Bom;Seca;Cruz;Pare;Residencial;0;0;2;1;0;0;0;0;0;1;0;0;-3,796277000000000;-38,568890000000000
322665;9;5;2018;14:26;0;RUA PINTO MADEIRA;;;291;;Colis?â?úo Lateral;Luz do Dia;Nublado;Seca;Meio de Quadra;N?â?úo H?â?í Controle;Comercial;0;0;2;0;0;0;0;0;0;1;0;0;-3,730738200000000;-38,522705000000000
322666;9;5;2018;17:10;13505;AV RUI BARBOSA;RUA CEL ALVES TEIXEIRA;;0;;Colis?â?úo Transversal;Via Iluminada;Bom;Seca;Cruz;Pare;Comercial;0;1;1;1;0;0;0;0;0;1;0;0;-3,746112000000000;-38,512684000000000
322667;9;5;2018;19:42;0;AV JOAO PESSOA;;;95;;Colis?â?úo Lateral;Via Iluminada;Nublado;Molhada;Meio de Quadra;N?â?úo H?â?í Controle;Residencial;0;1;2;1;0;0;0;0;0;1;0;0;-3,766976800000000;-38,560707000000000
322668;9;5;2018;21:24;0;RUA WALDIR DIOGO;TR WALDIR DIOGO;;0;;Colis?â?úo Transversal;Via Iluminada;Chuva;Molhada;Cruz;Pare;Residencial;0;1;1;0;1;0;0;0;0;1;0;0;-3,805728000000000;-38,583096000000000
322669;9;5;2018;21:25;0;RUA CARLOS WALRAVEN;;;367;;Colis?â?úo Lateral;Mal Iluminada;Nublado;Molhada;Meio de Quadra;N?â?úo H?â?í Controle;Residencial;0;0;4;1;0;0;0;0;0;1;0;0;-3,719764700000000;-38,592045000000000
322670;9;5;2018;21:45;8050;AV JOAO PESSOA;RUA DONDON FEITOSA;;0;;N?â?úo Informado;Via Iluminada;Chuva;Molhada;T;N?â?úo H?â?í Controle;Residencial;0;0;1;1;0;0;0;0;0;1;0;0;-3,754529000000000;-38,551359000000000
327155;9;5;2018;14:05;0;RUA ROSA CRUZ;;;491;;Colis?â?úo;Luz do Dia;;;Meio de Quadra;;;0;0;1;1;0;0;0;0;0;0;0;0;-3,798580000000000;-38,568040000000000
327422;9;5;2018;11:15;0;RD BR 116;;;14000;KM-14;Colis?â?úo Traseira;Luz do Dia;;;Meio de Quadra;;;0;1;1;0;1;0;0;0;0;1;0;0;-3,873523000000000;-38,499242000000000
327423;9;5;2018;15:50;0;RD BR 116;;;4000;KM-04;Colis?â?úo Transversal;Luz do Dia;;;Meio de Quadra;;;0;1;0;0;0;0;0;0;0;1;0;0;-3,802354000000000;-38,503869000000000
316164;9;5;2018;17:30;0;AV PRO GOMES DE MATOS;;;1620;;Atropelamento;Anoitecer;;;;;;1;0;1;0;0;0;0;0;0;1;0;0;-3,766045000000000;-38,549810000000000
329846;9;5;2018;06:19;0;TR 04 DE MAIO UI 611;;;0;;Colis?â?úo;Luz do Dia;;;Meio de Quadra;;;0;1;0;0;0;0;0;0;0;0;0;0;;
329841;9;5;2018;02:48;0;AV MR HULL;;;0;;Queda;;;;Meio de Quadra;;;0;1;0;0;0;0;0;0;0;1;0;0;;
329851;9;5;2018;07:03;0;RUA TEN MOACIR MATOS;;;200;;Colis?â?úo;Luz do Dia;;;Meio de Quadra;;;0;1;0;1;0;0;0;0;0;1;0;0;-3,764475813000000;-38,556773688000000
329849;9;5;2018;06:28;0;AV CASTELO DE CASTRO;;;1199;;Queda;Luz do Dia;;;Meio de Quadra;;;0;1;0;0;0;0;0;0;0;1;0;0;-3,835455900000000;-38,521425100000000
329854;9;5;2018;09:14;1510;AV JULIO VENTURA;RUA JOSE VILAR;;0;;Queda;Luz do Dia;;;Cruz;Sem?â?íforo;Comercial;0;2;0;0;0;0;0;0;0;1;0;0;-3,739985000000000;-38,506014000000000
329889;9;5;2018;20:47;10842;RUA PRO HERIBALDO COSTA;RUA CUIABA;;0;;Colis?â?úo;;;;Cruz;Pare;Residencial;0;1;0;0;0;0;0;0;0;0;0;0;-3,764961000000000;-38,586471000000000
329890;9;5;2018;21:41;8050;AV JOAO PESSOA;RUA DONDON FEITOSA;;0;;Colis?â?úo;;;;T;N?â?úo H?â?í Controle;Residencial;0;1;0;1;0;0;0;0;0;1;0;0;-3,754529000000000;-38,551359000000000
329891;9;5;2018;22:04;0;RUA DIOGO CORREIA;;;44;S?âÔÇ£ TRATORES;Queda;;;;Meio de Quadra;;;0;1;0;0;0;0;0;0;0;1;0;0;-3,773773000000000;-38,588718500000000
329869;9;5;2018;13:41;12566;RUA ANTONIO ARRUDA;RUA CECIL SALGADO;;0;;Colis?â?úo;Luz do Dia;;;Cruz;Outros;Residencial;0;1;0;0;0;0;0;0;0;0;0;0;-3,722762000000000;-38,594776000000000
329870;9;5;2018;14:47;0;RUA AMOR PERFEITO;;;294;;Colis?â?úo;Luz do Dia;;;Meio de Quadra;;;0;1;0;1;0;0;0;0;0;1;0;0;-3,717360000000000;-38,582600000000000
329871;9;5;2018;16:21;0;RD BR 116;;;0;;Colis?â?úo;Luz do Dia;;;Meio de Quadra;;;0;1;0;0;0;0;0;0;0;0;0;0;;