COD_ACIDENTE;DIA;MES;ANO;HORA;INTERSECAO;LOG1;LOG2;LOG3;NUMERO;REFERENCIA;NATUREZA;ILUMINACAO;TEMPO;SUPERFICIEPISTA;TIPOCRUZAMENTO;CONTROLETRAFEGO;USOSOLO;MORTOS;FERIDOS;ILESOS;AUTOMOVEL;ONIBUS;BICICLETA;CAMINHAO;MICROONIBUS;CICLOMOTOR;MOTOCICLETA;TRACAOANIMAL;TREM;LATITUDE;LONGITUDE
329872;9;5;2018;17:01;0;AV DR THEBERGE;;;1288;;Colis?â?úo;Anoitecer;;;Meio de Quadra;;;0;1;0;1;0;0;0;0;0;1;0;0;-3,713663000000000;-38,564637000000000
329873;9;5;2018;18:09;0;AV 1 CANINDEZINHO;;;0;;Atropelamento;Anoitecer;;;Meio de Quadra;;;0;1;0;0;0;0;0;0;0;1;0;0;;
329874;9;5;2018;18:20;0;RUA TEODORO DE CASTRO;;;2709;;Atropelamento;Anoitecer;;;Meio de Quadra;;;0;1;0;0;0;0;0;0;0;0;0;0;-3,776652808000000;-38,616009737000000
329875;9;5;2018;18:40;0;AV JOVITA FEITOSA;;;1946;;Colis?â?úo;;;;Meio de Quadra;;;0;1;0;0;0;0;0;0;0;0;0;0;;
329876;9;5;2018;19:06;0;RUA VALDETARIO MOTA;;;405;;Colis?â?úo;;;;Meio de Quadra;;;0;1;0;1;0;0;0;0;0;1;0;0;-3,733556600000000;-38,478402800000000
329877;9;5;2018;19:11;0;AV CENTRAL;;;1069;;Colis?â?úo;;;;Meio de Quadra;;;0;1;0;1;0;0;0;0;0;1;0;0;-3,750110000000000;-38,471300000000000
329866;9;5;2018;12:42;0;AV EDUARDO GIRAO;;;161;;Colis?â?úo;Luz do Dia;;;Meio de Quadra;;;0;1;0;0;0;0;0;0;0;0;0;0;-3,749963941000000;-38,538201515000000
329867;9;5;2018;12:59;0;AV GODOFREDO MACIEL;;;971;;Colis?â?úo;Luz do Dia;;;Meio de Quadra;;;0;1;0;0;0;0;0;0;0;1;0;0;-3,782881100000000;-38,565498700000000
329861;9;5;2018;09:55;0;AV MIN JOSE AMERICO;;;1940;;Colis?â?úo;Luz do Dia;;;Meio de Quadra;;;0;1;0;1;0;0;0;0;0;1;0;0;-3,810373700000000;-38,484055200000000
329862;9;5;2018;10:51;0;AV DUQ CAXIAS;;;201;;Atropelamento;Luz do Dia;;;Meio de Quadra;;;0;1;0;0;0;0;0;0;0;1;0;0;-3,732920000000000;-38,526380000000000
329863;9;5;2018;11:03;1926;AV ISABEL BEZERRA;RUA HONORINA MAIA;;0;;Colis?â?úo;Luz do Dia;;;Cruz;Pare;Comercial;0;1;0;1;0;0;0;0;0;1;0;0;-3,854802000000000;-38,502185000000000
329864;9;5;2018;11:45;0;RD BR 116;;;14000;KM-14;Colis?â?úo;Luz do Dia;;;Meio de Quadra;;;0;1;0;0;0;0;0;0;0;0;0;0;-3,873523000000000;-38,499242000000000
326890;9;5;2018;18:45;240;RUA GAL BERNARDO FIGUEIREDO;RUA COS VIEIRA DA SILVA;;0;;Colis?â?úo Transversal;Via Iluminada;Nublado;Seca;Cruz;Pare;Residencial;0;1;1;1;0;0;0;0;0;1;0;0;-3,740156000000000;-38,554082000000000
337256;10;5;2018;02:10;7623;RUA PERNAMBUCO;RUA RIO GRANDE DO SUL;;0;;Colis?â?úo;;;;Cruz;Pare;Residencial;0;0;1;0;0;0;0;0;0;1;0;0;-3,760011000000000;-38,568467000000000
337257;10;5;2018;17:20;14786;RUA JOAO AMORA;RUA STA LIDUINA D42;;0;;Colis?â?úo;Anoitecer;;;Cruz;Pare;Comercial;0;0;1;1;0;0;0;0;0;1;0;0;-3,799663000000000;-38,585104000000000
337258;10;5;2018;16:10;25145;AV BORGES DE MELO;RUA TERTULIANO SALES;;0;;Colis?â?úo;Luz do Dia;;;T;Sem?â?íforo;Comercial;0;0;1;0;0;0;1;0;0;0;0;0;-3,759583000000000;-38,530465000000000
337259;10;5;2018;23:15;0;AV JOR JOAO RAMOS;;;2015;;Colis?â?úo;;;;Meio de Quadra;;;0;1;0;0;1;0;0;0;0;0;0;0;-3,841560621000000;-38,574823655000000
337276;10;5;2018;16:35;0;RUA JOSE HIPOLITO;;;1316;;Colis?â?úo;Luz do Dia;;;Meio de Quadra;;;0;0;1;1;0;0;0;0;0;1;0;0;-3,836539500000000;-38,484489000000000
320785;10;5;2018;11:40;0;ROD CE 010;;;0;;Colis?â?úo;Luz do Dia;;Seca;Meio de Quadra;;;1;1;2;1;0;0;0;0;0;0;0;0;;
329893;10;5;2018;01:47;0;AV TRISTAO GONCALVES;;;1367;;Atropelamento;;;;Meio de Quadra;;;0;1;0;0;0;0;0;0;0;1;0;0;-3,733592218000000;-38,535149036000000
329894;10;5;2018;05:55;0;RUA DEP MATOSO FILHO;;;154;;Atropelamento;Amanhecer;;;Meio de Quadra;;;0;1;0;0;0;0;0;0;0;1;0;0;-3,730429000000000;-38,585931000000000
329898;10;5;2018;18:19;3316;RUA VIRIATO RIBEIRO;RUA CHILE;;0;;Queda;Anoitecer;;;Cruz;Pare;Comercial;0;1;0;0;0;0;0;0;0;1;0;0;-3,746178000000000;-38,565276000000000
329899;10;5;2018;11:17;19683;RUA AZEVEDO BOLAO;RUA PRO JOSE DE BARCELOS;;0;;Colis?â?úo;Luz do Dia;;;Cruz;Pare;Comercial;0;1;0;1;0;0;0;0;0;0;0;0;-3,735196000000000;-38,550610000000000
329900;10;5;2018;11:30;0;RUA NICOLAU COELHO;;;253;;Queda;Luz do Dia;;;Meio de Quadra;;;0;1;0;0;0;0;0;0;0;1;0;0;-3,813237969000000;-38,492162782000000
329901;10;5;2018;11:40;0;AV AREIA BRANCA;;;510;;Atropelamento;Luz do Dia;;;Meio de Quadra;;;0;1;0;1;0;0;0;0;0;0;0;0;-3,728233200000000;-38,474523300000000
329896;10;5;2018;07:21;0;RUA SILVA PAULET;;;3070;;Colis?â?úo;Luz do Dia;;;Meio de Quadra;;;0;1;0;1;0;0;0;0;0;1;0;0;-3,751395000000000;-38,510882000000000
329914;10;5;2018;16:41;14589;RUA MARVIN;AV EDILSON B SOARES;;0;;Colis?â?úo;Luz do Dia;;;Cruz;Pare;Comercial;0;1;0;1;0;0;0;0;0;1;0;0;-3,789736000000000;-38,483855000000000
329920;10;5;2018;16:47;1926;AV ISABEL BEZERRA;RUA HONORINA MAIA;;0;;Colis?â?úo;Luz do Dia;;;Cruz;Pare;Comercial;0;1;0;0;0;0;1;0;0;1;0;0;-3,854802000000000;-38,502185000000000
329910;10;5;2018;14:34;0;RUA RUBENS MONTE D43;;;323;;Colis?â?úo;Luz do Dia;;;Meio de Quadra;;;0;1;0;0;0;0;1;0;0;1;0;0;-3,801540076000000;-38,567130943000000
329904;10;5;2018;12:02;0;AV ROGACIANO LEITE;;;1800;;Colis?â?úo;Luz do Dia;;;Meio de Quadra;;;0;1;0;0;0;0;0;0;0;1;0;0;-3,770557000000000;-38,498065000000000
329905;10;5;2018;12:07;0;AV ENG SANTANA JUNIOR;;;1609;;Queda;Luz do Dia;;;Meio de Quadra;;;0;1;0;0;0;0;0;0;0;1;0;0;-3,741266000000000;-38,485608000000000
329906;10;5;2018;12:09;0;RUA STA CLARA DE ASSIS;;;586;;Colis?â?úo;Luz do Dia;;;Meio de Quadra;;;0;1;0;1;0;0;1;0;0;0;0;0;-3,830510000000000;-38,502510000000000
329942;10;5;2018;18:44;0;RUA RUI MONTE;;;368;;;;;;Meio de Quadra;;;0;1;0;1;0;0;0;0;0;1;0;0;-3,743620000000000;-38,587240000000000
329937;10;5;2018;17:36;0;RUA PERILIO TEIXEIRA;;;162;;Atropelamento;Anoitecer;;;Meio de Quadra;;;0;1;0;0;0;0;0;0;0;1;0;0;-3,761798984000000;-38,602310694000000
329938;10;5;2018;18:13;1343;AV SEN VIRGILIO TAVORA;RUA MARCOS MACEDO;;0;;Atropelamento;Anoitecer;;;Cruz;Sem?â?íforo;Comercial;0;1;0;0;0;0;0;0;0;1;0;0;-3,735843000000000;-38,492845000000000
329935;10;5;2018;17:33;5394;AV TRISTAO GONCALVES;RUA METON DE ALENCAR;;0;;Colis?â?úo;Anoitecer;;;Cruz;Sem?â?íforo;Comercial;0;1;0;1;0;0;0;0;0;1;0;0;-3,732327000000000;-38,534777000000000
329926;10;5;2018;17:00;0;RUA ABELARDO MARINHO;;;10;;Colis?â?úo;Anoitecer;;;Meio de Quadra;;;0;1;0;1;0;1;0;0;0;0;0;0;-3,764273146000000;-38,530439195000000
329944;10;5;2018;10:55;0;TR CAP ARAGAO;;;505;;Atropelamento;Luz do Dia;;;Meio de Quadra;;;0;1;0;0;0;0;0;0;0;1;0;0;;
329945;10;5;2018;19:28;0;RUA GUILHERME MENDES;;;1030;;Queda;;;;Meio de Quadra;;;0;1;0;0;0;0;0;0;0;1;0;0;-3,720570000000000;-38,588000000000000
329948;10;5;2018;19:37;0;RUA ANSELMO NOGUEIRA;;;1335;;Queda;;;;Meio de Quadra;;;0;1;0;1;0;0;0;0;0;1;0;0;;
329949;10;5;2018;19:47;0;RUA DNA LUCIA PINHEIRO (QUINTINO CUNHA);;;0;;Colis?â?úo;;;;Meio de Quadra;;;0;1;0;0;0;0;0;0;0;0;0;0;;
329950;10;5;2018;22:05;0;AV CASTELO DE CASTRO;;;1500;;Queda;;;;Meio de Quadra;;;0;1;0;0;0;0;0;0;0;1;0;0;-3,842801706000000;-38,521602177000000
327424;10;5;2018;14:30;0;RD BR 116;;;3000;KM-03;Colis?â?úo Traseira;Luz do Dia;;;Meio de Quadra;;;0;0;2;1;0;0;0;1;0;0;0;0;-3,779838000000000;-38,514372000000000
327573;10;5;2018;06:30;0;AV SEN CARLOS JEREISSATI (AEROPORTO);;;0;KM 02;Engavetamento;Luz do Dia;;Seca;Meio de Quadra;;;0;0;3;1;0;0;0;0;0;0;0;0;-3,782194000000000;-38,535424000000000
327576;10;5;2018;08:00;0;AV ENG SANTANA JUNIOR;;;0;IGUATEMI;Colis?â?úo;Luz do Dia;;Seca;Meio de Quadra;;;0;0;2;1;1;0;0;0;0;0;0;0;;
327186;10;5;2018;07:30;2220;RUA PERI;RUA ESTEVAO DE CAMPOS;;0;;Colis?â?úo;Luz do Dia;;;;;;0;0;1;1;0;0;0;0;0;0;0;0;-3,702095000000000;-38,586021000000000
327187;10;5;2018;12:00;19683;RUA AZEVEDO BOLAO;RUA PRO JOSE DE BARCELOS;;0;;Colis?â?úo;Luz do Dia;;;Cruz;Pare;Comercial;0;0;1;1;0;0;0;0;0;0;0;0;-3,735196000000000;-38,550610000000000
327160;10;5;2018;01:25;0;AV PRS CASTELO BRANCO;;;0;;Colis?â?úo;;;;Meio de Quadra;;;0;0;1;1;0;0;0;0;0;0;0;0;;
322671;10;5;2018;01:25;1456;AV SANTOS DUMONT;RUA CEL JUCA;;0;;Colis?â?úo Transversal;Via Iluminada;Chuva;Molhada;Cruz;Sem?â?íforo;Comercial;0;0;2;1;0;0;0;0;0;0;0;0;-3,738438000000000;-38,491530000000000
322672;10;5;2018;07:30;7843;RUA ANTONIO FURTADO;RUA SILVA PAULET;;0;;Colis?â?úo Transversal;Luz do Dia;Chuva;Molhada;Cruz;Pare;Comercial;0;0;1;1;0;0;0;0;0;1;0;0;-3,751395000000000;-38,510882000000000
322673;10;5;2018;09:51;9099;RUA FRANCOIS T MENEZES;AV EDUARDO GIRAO;;0;;Tombamento;Luz do Dia;Chuva;Molhada;Cruz;Pare;Residencial;0;0;3;1;0;0;0;0;0;0;0;0;-3,755700000000000;-38,525973000000000
322674;10;5;2018;08:30;23451;RUA PAULO FIRMEZA;RUA SABINO MONTE;;0;;Colis?â?úo Transversal;Luz do Dia;Chuva;Molhada;Cruz;Pare;Residencial;0;0;1;1;0;0;0;0;0;0;0;0;-3,757031000000000;-38,511850000000000
322675;10;5;2018;13:59;15778;RUA TAQUATIARA;RUA STA CLARA DE ASSIS;;0;;Colis?â?úo Transversal;Luz do Dia;Bom;Seca;Cruz;Pare;Comercial;0;0;2;0;1;0;0;0;0;0;0;0;-3,830267000000000;-38,502459000000000
322676;10;5;2018;14:30;0;RUA PEREIRA DE MIRANDA;;;955;;Colis?â?úo Frontal;Luz do Dia;Bom;Seca;Meio de Quadra;Pare;Residencial;0;0;2;1;0;0;0;0;0;0;0;0;-3,741088900000000;-38,477950000000000
322677;10;5;2018;16:00;4020;RUA SAMUEL UCHOA;AV PRO GOMES DE MATOS;;0;;Atropelamento;Luz do Dia;Bom;Seca;Cruz;Sem?â?íforo;Comercial;0;1;1;0;0;0;0;0;0;0;0;0;-3,757193000000000;-38,542215000000000
322678;10;5;2018;18:16;1269;RUA ANTONIO AUGUSTO;RUA PINTO MADEIRA;;0;;Colis?â?úo Transversal;Via Iluminada;Bom;Seca;Cruz;N?â?úo H?â?í Controle;Comercial;0;0;2;1;0;0;0;0;0;1;0;0;-3,733285000000000;-38,514390000000000
322679;10;5;2018;16:20;7913;AV ANTONIO SALES;RUA VIS MAUA;;0;;Colis?â?úo Transversal;Luz do Dia;Bom;Seca;Cruz;Pare;Comercial;0;0;2;1;1;0;0;0;0;0;0;0;-3,745429000000000;-38,502420000000000
322680;10;5;2018;16:10;13566;AV RUI BARBOSA;RUA CASTRO ALVES;;0;;Colis?â?úo Transversal;Luz do Dia;Bom;Seca;T;Pare;Residencial;0;0;2;1;0;0;0;0;0;0;0;0;-3,750012000000000;-38,513946000000000
322681;10;5;2018;21:47;0;AV JOR THOMAZ COELHO;;;1335;;Colis?â?úo Traseira;Anoitecer;Bom;Seca;Cruz;Sem?â?íforo;Comercial;0;0;2;1;0;0;0;0;0;1;0;0;-3,830382600000000;-38,507084000000000
322754;10;5;2018;18:59;5099;AV TRISTAO GONCALVES;RUA SEN ALENCAR;;0;;Colis?â?úo Transversal;Via Iluminada;Bom;Seca;Cruz;Pare;Comercial;0;1;1;1;0;0;0;0;0;1;0;0;-3,723524000000000;-38,532122000000000
322683;11;5;2018;08:39;0;AV DA UNIVERSIDADE;;;2083;;N?â?úo Informado;Luz do Dia;Bom;Seca;Meio de Quadra;N?â?úo H?â?í Controle;Escola;0;0;2;1;0;0;0;0;0;0;0;0;-3,736161000000000;-38,534683000000000
322684;11;5;2018;10:40;0;AV PRS JUSCELINO KUBITSCHEK (PASSAR?âÔÇ?);;;3700;;Colis?â?úo Traseira;Luz do Dia;Bom;Seca;Meio de Quadra;Sem?â?íforo;Escola;0;1;1;1;0;0;0;0;0;1;0;0;-3,814116500000000;-38,530052000000000
322685;11;5;2018;11:50;0;RUA OSVALDO CRUZ (ALDEOTA);;;2006;;Colis?â?úo Traseira;Luz do Dia;Bom;Seca;Meio de Quadra;Sem?â?íforo;Residencial;0;0;3;1;0;0;0;0;0;0;0;0;-3,743034400000000;-38,502730000000000
322686;11;5;2018;13:22;25546;RUA MARCELINO LOPES;RUA RAFAEL TOBIAS;;0;;Colis?â?úo Transversal;Luz do Dia;Bom;Seca;Cruz;Pare;Residencial;0;0;3;1;0;0;0;0;0;1;0;0;-3,792587000000000;-38,472550000000000
322687;11;5;2018;18:20;13529;AV SORIANO ALBUQUERQUE;RUA PDE ANTONINO;;0;;Colis?â?úo Traseira;Via Iluminada;Bom;Seca;Cruz;N?â?úo H?â?í Controle;Residencial;0;0;2;0;0;0;0;0;0;1;0;0;-3,747537000000000;-38,520476000000000
322688;11;5;2018;19:51;0;AV L CJ POLAR;;;1610;;Colis?â?úo Lateral;Via Iluminada;Bom;Seca;Meio de Quadra;N?â?úo H?â?í Controle;Residencial;0;0;2;0;1;0;0;0;0;0;0;0;-3,718283200000000;-38,602615000000000
327221;11;5;2018;17:05;0;AV VIS RIO BRANCO;;;0;;Colis?â?úo;Anoitecer;;;Meio de Quadra;;;0;0;1;1;0;0;0;0;0;0;0;0;;
327592;11;5;2018;08:40;0;AV SEN CARLOS JEREISSATI (AEROPORTO);;;0;KM 01;Colis?â?úo;Via Iluminada;;Seca;Meio de Quadra;;;0;1;1;1;0;0;0;0;0;1;0;0;-3,783753000000000;-38,526850000000000
327594;11;5;2018;09:50;0;AV MIN JOSE AMERICO;;;0;CAMBEBA;Colis?â?úo;Luz do Dia;;;Meio de Quadra;;;0;1;1;1;0;0;0;0;0;0;1;0;;
327425;11;5;2018;06:10;0;RD BR 020;;;0;KM 428;Colis?â?úo Transversal;Luz do Dia;;;Meio de Quadra;;;0;1;1;0;0;0;1;0;0;1;0;0;-3,869000000000000;-38,507000000000000
329951;11;5;2018;06:14;0;RD QUARTO ANEL VIARIO;;;2121;;Colis?â?úo;Luz do Dia;;;Meio de Quadra;;;0;1;0;1;0;0;1;0;0;0;0;0;;
329952;11;5;2018;06:31;0;AV JOVITA FEITOSA;;;99;;Queda;Luz do Dia;;;Meio de Quadra;;;0;1;0;0;0;0;0;0;0;1;0;0;-3,737401541000000;-38,544572432000000
329953;11;5;2018;07:27;8647;AV EDILSON B SOARES;RUA PRO SOLON FARIAS;;0;;Colis?â?úo;Luz do Dia;;;Cruz;Pare;Comercial;0;1;0;1;0;0;0;0;0;1;0;0;-3,789155000000000;-38,477116000000000
329954;11;5;2018;07:47;12758;RUA DELMIRO FARIAS;RUA JULIO CESAR D12;;0;;Colis?â?úo;Luz do Dia;;;Cruz;Pare;Residencial;0;1;0;1;0;0;0;0;0;1;0;0;-3,752508000000000;-38,545070000000000
329955;11;5;2018;08:42;0;AV SEN CARLOS JEREISSATI (AEROPORTO);;;0;;Colis?â?úo;Luz do Dia;;;Meio de Quadra;;;0;1;0;1;0;0;0;0;0;1;0;0;;
329956;11;5;2018;09:02;0;AV PRS COSTA E SILVA;;;319;;Colis?â?úo;Luz do Dia;;;Meio de Quadra;;;0;1;0;1;0;0;0;0;0;1;0;0;;
329958;11;5;2018;09:44;0;AV JOAO PESSOA;;;3680;;Colis?â?úo;Luz do Dia;;;Meio de Quadra;;;0;1;0;1;0;0;0;0;0;1;0;0;-3,747011263000000;-38,544587158000000
329959;11;5;2018;09:50;0;ET DO FIO (MESSEJANA);;;3235;;Colis?â?úo;Luz do Dia;;;Meio de Quadra;;;0;1;0;1;0;0;0;0;0;1;0;0;;
329960;11;5;2018;12:20;10302;RUA PERILIO TEIXEIRA;AV SEN FERNANDES TAVORA;;0;;Colis?â?úo;Luz do Dia;;;Cruz;Pare;Comercial;0;1;0;1;0;0;0;0;0;1;0;0;-3,754628000000000;-38,600984000000000
329961;11;5;2018;12:58;0;RUA COS ALVARO DE OLIVEIRA;;;685;;Colis?â?úo;Luz do Dia;;;Meio de Quadra;;;0;1;0;1;0;0;0;0;0;1;0;0;-3,740637616000000;-38,555207154000000
330010;11;5;2018;18:25;20960;RUA PERNAMBUCO;RUA PLANALTO DO PICI;;0;;Colis?â?úo;Anoitecer;;;;;;0;1;0;1;0;0;0;0;0;1;0;0;;
330012;11;5;2018;18:30;0;RUA PAULO FIRMEZA;;;4817;;Atropelamento;Anoitecer;;;Meio de Quadra;;;0;1;0;0;0;0;0;0;0;0;0;0;;
330014;11;5;2018;19:31;0;RUA TULIPA NEGRA;;;231917;COL. CASTRO ALVES;Colis?â?úo;;;;Meio de Quadra;;;0;1;0;1;0;0;0;0;0;1;0;0;;
330015;11;5;2018;21:40;0;RUA DNA LIBANIA R. MELO NUNES;;;107;;Queda;;;;Meio de Quadra;;;0;1;0;0;0;1;0;0;0;0;0;0;-3,788615600000000;-38,541326400000000
330016;11;5;2018;21:59;0;RUA COS LAFAYETE;;;5554;;Queda;;;;Meio de Quadra;;;0;1;0;0;0;1;0;0;0;0;0;0;;
330018;11;5;2018;22:37;0;RUA TEN JOAO ALBANO;;;484;;Queda;;;;Meio de Quadra;;;0;1;0;0;0;0;0;0;0;1;0;0;-3,771813021000000;-38,512209734000000
330019;11;5;2018;22:43;0;RUA BRUNO VALENTE;;;520;;Queda;;;;Meio de Quadra;;;0;1;0;0;0;0;0;0;0;1;0;0;-3,788408629000000;-38,539293686000000
330020;11;5;2018;23:40;0;RUA ODORICO DE MORAIS;;;80;;Queda;;;;Meio de Quadra;;;0;1;0;0;0;0;0;0;0;1;0;0;-3,715515700000000;-38,547085500000000
330002;11;5;2018;17:28;0;AV ROGACIANO LEITE;;;1815;;Atropelamento;Anoitecer;;;Meio de Quadra;;;0;1;0;0;0;0;0;0;0;1;0;0;-3,770557000000000;-38,498065000000000
330000;11;5;2018;17:05;8930;AV DOMINGOS OLIMPIO;RUA JUSTINIANO DE SERPA;;0;;Colis?â?úo;Anoitecer;;;Cruz;Sem?â?íforo;Residencial;0;1;0;0;0;0;0;0;0;0;0;0;-3,733011000000000;-38,542468000000000
330004;11;5;2018;17:41;0;AV JOVITA FEITOSA;;;1080;;Colis?â?úo;Anoitecer;;;Meio de Quadra;;;0;1;0;1;0;1;0;0;0;0;0;0;-3,739325577000000;-38,553786692000000
329996;11;5;2018;13:54;0;TR JULIO CESAR;;;0;;Colis?â?úo;Luz do Dia;;;Meio de Quadra;;;0;1;0;1;0;0;0;0;0;1;0;0;;
329997;11;5;2018;16:17;0;AV SEN FERNANDES TAVORA;;;0;;Colis?â?úo;Luz do Dia;;;Meio de Quadra;;;0;1;0;1;0;0;0;0;0;1;0;0;;
326891;11;5;2018;20:10;17290;RUA ALVARO FERNANDES;RUA EUZEBIO DE QUEIROS;;0;;Colis?â?úo Frontal;Via Iluminada;Bom;Seca;Cruz;Pare;Residencial;0;0;2;1;0;0;0;0;0;0;0;0;-3,763241000000000;-38,550823000000000
326893;11;5;2018;19:08;0;AV PRS COSTA E SILVA;;;3140;;Atropelamento;Via Iluminada;Bom;Seca;Meio de Quadra;N?â?úo H?â?í Controle;Comercial;0;1;1;0;0;0;0;0;0;0;0;0;;
326898;11;5;2018;11:00;17277;AV PRO GOMES DE MATOS;RUA SATIRO DIAS;;0;;Choque c/ Obst?â?ículo Fixo;Luz do Dia;Bom;Seca;Cruz;Sem?â?íforo;Comercial;0;0;1;1;0;0;0;0;0;0;0;0;-3,762623000000000;-38,546868000000000
326903;11;5;2018;06:15;25977;RUA CON DE CASTRO;RUA AMERICO ROCHA LIMA;;0;;Colis?â?úo Lateral;Luz do Dia;Nublado;Seca;Outros;Outros;Comercial;0;0;2;0;1;0;0;0;0;1;0;0;-3,798628000000000;-38,586068000000000
326908;12;5;2018;09:15;23660;RUA BAR CRATO;RUA CHASTINET GUIMARAES;;0;;Choque c/ Obst?â?ículo Fixo;Luz do Dia;Bom;Seca;Cruz;Pare;Residencial;0;0;2;0;0;0;0;0;0;0;0;0;-3,722909000000000;-38,565856000000000
326909;12;5;2018;11:00;0;RUA COM GARCIA;;;1975;;Colis?â?úo Lateral;Luz do Dia;Bom;Seca;Meio de Quadra;N?â?úo H?â?í Controle;Residencial;0;0;2;0;0;0;0;0;0;1;0;0;-3,799624143000000;-38,589028077000000
326910;12;5;2018;16:20;0;RUA PROF. MANOEL LOURENCO;;;0;;Colis?â?úo Lateral;Luz do Dia;Bom;Seca;Meio de Quadra;N?â?úo H?â?í Controle;Comercial;0;1;1;1;0;0;0;0;0;1;0;0;;
330071;12;5;2018;19:21;24893;AV MAJ ASSIS;RUA ANTONIO ARRUDA;;0;;Colis?â?úo;;;;Cruz;Pare;Residencial;0;1;0;1;0;0;0;0;0;1;0;0;-3,722056000000000;-38,594566000000000
330072;12;5;2018;19:23;0;RUA PEDRO SAMPAIO;;;541;;Atropelamento;;;;Meio de Quadra;;;0;1;0;0;0;0;0;0;0;0;0;0;-3,724440000000000;-38,594330000000000
330069;12;5;2018;18:45;12641;RUA MARIA CLARA;RUA RIO PARAGUAI;;0;;Queda;;;;Cruz;Pare;Misto;0;2;0;0;0;0;0;0;0;1;0;0;-3,725526000000000;-38,584245000000000
330076;12;5;2018;21:55;17342;AV PRO GOMES DE MATOS;RUA ALAN KARDEC;;0;;Colis?â?úo;;;;Cruz;Sem?â?íforo;Comercial;0;1;0;1;0;0;0;0;0;1;0;0;-3,765321000000000;-38,549213000000000
330074;12;5;2018;20:45;0;RUA IRACEMA D71;;;1000;;Colis?â?úo;;;;Meio de Quadra;;;0;1;0;1;0;1;0;0;0;0;0;0;;
330078;12;5;2018;22:26;0;AV GODOFREDO MACIEL;;;293;;Colis?â?úo;;;;Meio de Quadra;;;0;1;0;1;0;0;0;0;0;0;0;0;;
330079;12;5;2018;22:41;24937;AV DR SILAS MUNGUBA;RUA MANUEL TEOFILO;;0;;Atropelamento;;;;Cruz;N?â?úo H?â?í Controle;Residencial;0;1;0;1;0;0;0;0;0;0;0;0;-3,780481000000000;-38,558947000000000
330048;12;5;2018;07:05;0;AV DIOGUINHO;;;0;;Colis?â?úo;Luz do Dia;;;Meio de Quadra;;;0;1;0;0;0;0;1;0;0;1;0;0;;
330049;12;5;2018;08:05;26236;RUA BERNARDO MANUEL;AV DR SILAS MUNGUBA;;0;;Queda;Luz do Dia;;;Cruz;Sem?â?íforo;Comercial;0;1;0;0;0;0;0;0;0;1;0;0;-3,787538000000000;-38,547960000000000
330050;12;5;2018;08:19;0;RUA SAO PAULO;;;1661;;Colis?â?úo;Luz do Dia;;;Meio de Quadra;;;0;1;0;1;0;0;0;0;0;1;0;0;-3,721828362000000;-38,540321702000000
330051;12;5;2018;08:22;0;RUA BERNARDO MANUEL;;;7143;;Colis?â?úo;Luz do Dia;;;Meio de Quadra;;;0;1;0;1;0;0;0;0;0;1;0;0;-3,779874000000000;-38,545656000000000
330052;12;5;2018;09:21;0;AV HEROIS DO ACRE;;;459;;Colis?â?úo;Luz do Dia;;;Meio de Quadra;;;0;1;0;0;0;0;0;0;0;1;0;0;-3,802935100000000;-38,529511000000000
330053;12;5;2018;09:53;0;AV FRANCISCO SA;;;2305;;Atropelamento;Luz do Dia;;;Meio de Quadra;;;0;1;0;0;0;0;0;0;0;0;0;0;-3,721126000000000;-38,546023000000000
330054;12;5;2018;10:45;0;RUA CESAR CORREIA;;;998;;Colis?â?úo;Luz do Dia;;;Meio de Quadra;;;0;1;0;1;0;0;0;0;0;1;0;0;-3,714180000000000;-38,574170000000000
330055;12;5;2018;11:16;0;ET SIQUEIRA;;;323;;Colis?â?úo;Luz do Dia;;;Meio de Quadra;;;0;1;0;1;0;0;0;0;0;1;0;0;-3,812962697000000;-38,586292000000000
330056;12;5;2018;13:05;0;RUA GAL CLARINDO DE QUEIROZ;;;0;;Colis?â?úo;Luz do Dia;;;Meio de Quadra;;;0;1;0;1;0;0;0;0;0;1;0;0;;
330057;12;5;2018;13:18;0;RUA MARIA GOMES DE SA;;;1200;;Queda;Luz do Dia;;;Meio de Quadra;;;0;1;0;0;0;0;0;0;0;1;0;0;-3,825981000000000;-38,581532500000000
330058;12;5;2018;13:36;0;AV ABOLICAO;;;2090;;Colis?â?úo;Luz do Dia;;;Meio de Quadra;;;0;1;0;0;0;0;0;0;0;0;0;0;-3,725967250000000;-38,499713688000000
330059;12;5;2018;14:17;0;AV WASHINGTON SOARES;;;0;;Colis?â?úo;Luz do Dia;;;Meio de Quadra;;;0;1;0;1;0;0;0;0;0;1;0;0;;
330060;12;5;2018;14:44;0;RUA VALPARAISO;;;1932;;Colis?â?úo;Luz do Dia;;;Meio de Quadra;;;0;2;0;1;0;0;0;0;0;1;0;0;;
330061;12;5;2018;15:03;0;RUA ALM RUBIM;;;1400;;Colis?â?úo;Luz do Dia;;;Meio de Quadra;;;0;1;0;1;0;0;0;0;0;1;0;0;-3,769766900000000;-38,556098100000000
330062;12;5;2018;16:16;0;TR CAP ARAGAO;;;818;;Atropelamento;Luz do Dia;;;Meio de Quadra;;;0;1;0;1;0;0;0;0;0;0;0;0;;