COD_ACIDENTE;DIA;MES;ANO;HORA;INTERSECAO;LOG1;LOG2;LOG3;NUMERO;REFERENCIA;NATUREZA;ILUMINACAO;TEMPO;SUPERFICIEPISTA;TIPOCRUZAMENTO;CONTROLETRAFEGO;USOSOLO;MORTOS;FERIDOS;ILESOS;AUTOMOVEL;ONIBUS;BICICLETA;CAMINHAO;MICROONIBUS;CICLOMOTOR;MOTOCICLETA;TRACAOANIMAL;TREM;LATITUDE;LONGITUDE
330063;12;5;2018;16:20;0;AV GAL OSORIO DE PAIVA;;;640;;Colis?â?úo;Luz do Dia;;;Meio de Quadra;;;0;1;0;1;0;0;0;0;0;1;0;0;-3,776628333000000;-38,568085000000000
330064;12;5;2018;16:38;0;RUA JOSE CANDIDO D08;;;0;;Colis?â?úo;Luz do Dia;;;Meio de Quadra;;;0;1;0;1;0;0;0;0;0;1;0;0;;
330065;12;5;2018;16:50;0;AV PRS COSTA E SILVA;;;922;;Colis?â?úo;Luz do Dia;;;Meio de Quadra;;;0;1;0;0;0;0;0;0;0;0;0;0;-3,813024221000000;-38,571046661000000
330066;12;5;2018;17:29;0;AV JOAO PESSOA;;;7183;;Outros;Anoitecer;;;Meio de Quadra;;;0;1;0;0;0;0;0;0;0;0;0;0;-3,772878000000000;-38,562151600000000
330067;12;5;2018;18:37;0;RUA BERNARDO MANUEL;;;515;;Colis?â?úo;;;;Meio de Quadra;;;0;1;0;1;0;0;0;0;0;1;0;0;;
316156;12;5;2018;06:15;0;AV OLIVEIRA PAIVA;;;2800;;Choque c/ Obst?â?ículo Fixo;Luz do Dia;Bom;Seca;;;;1;0;0;0;0;0;0;0;0;1;0;0;-3,795941000000000;-38,482483000000000
327595;12;5;2018;14:00;0;RD CE-040;;;0;KM-02;Colis?â?úo;Luz do Dia;;Seca;Meio de Quadra;;;0;1;1;1;0;0;0;0;0;1;0;0;-3,773616148000000;-38,481799400000000
327599;12;5;2018;16:25;0;AV ENG SANTANA JUNIOR;;;0;IGUATEMI;Colis?â?úo;Luz do Dia;;Seca;Meio de Quadra;;;0;0;4;1;0;0;0;0;0;1;0;0;;
327607;12;5;2018;20:00;0;RD CE-040;;;0;KM-12;Colis?â?úo;Via Iluminada;;Seca;Meio de Quadra;;;0;0;2;1;0;0;0;0;0;1;0;0;-3,857690949000000;-38,472042540000000
327603;12;5;2018;20:40;0;RD CE-025;;;0;KM-04;Colis?â?úo;Via Iluminada;;Seca;Meio de Quadra;;;0;0;2;1;0;0;0;0;0;1;0;0;-3,805111679000000;-38,443338730000000
327231;12;5;2018;11:45;0;AV FRANCISCO SA;;;2;;Atropelamento;Luz do Dia;;;Meio de Quadra;;;0;1;1;0;0;0;1;0;0;0;0;0;;
322689;12;5;2018;01:20;0;AV JOSE BASTOS;;;4160;;Colis?â?úo Traseira;Via Iluminada;Nublado;Molhada;Meio de Quadra;Sem?â?íforo;Comercial;0;1;2;0;1;0;0;0;0;1;0;0;-3,754483700000000;-38,554870000000000
322690;12;5;2018;11:20;5346;AV SANTOS DUMONT;RUA JOAO CORDEIRO;;0;;Colis?â?úo Transversal;Luz do Dia;Bom;Seca;Cruz;Sem?â?íforo;Comercial;0;0;3;1;0;0;0;0;0;1;0;0;-3,730878000000000;-38,514781000000000
322691;12;5;2018;17:13;0;RUA ISAC AMARAL;RUA OSVALDO CRUZ;;0;;Colis?â?úo Lateral;Luz do Dia;Bom;Seca;Cruz;Pare;Comercial;0;0;2;1;0;0;0;0;0;1;0;0;-3,752516000000000;-38,505672000000000
322692;12;5;2018;23:05;0;AV DOM MANUEL;;;20;;Colis?â?úo Lateral;Via Iluminada;Bom;Seca;Meio de Quadra;Sem?â?íforo;Comercial;0;0;2;1;0;0;0;0;0;0;0;0;-3,724342300000000;-38,519740000000000
322718;12;5;2018;02:23;5346;AV SANTOS DUMONT;RUA JOAO CORDEIRO;;0;;Colis?â?úo Transversal;Via Iluminada;Nublado;Molhada;Cruz;Sem?â?íforo;Comercial;0;1;1;1;0;0;0;0;0;0;0;0;-3,730878000000000;-38,514781000000000
322693;13;5;2018;01:40;0;AV J CJ JOSE WALTER;AV E CJ CEARA;;0;;Colis?â?úo Transversal;Via Iluminada;Bom;Seca;Meio de Quadra;Pare;Residencial;0;2;1;1;1;0;0;0;0;0;0;0;-3,834530400000000;-38,556850000000000
322694;13;5;2018;14:22;12479;RUA PERDIGAO DE OLIVEIRA;AV AUGUSTO DOS ANJOS;;0;;Colis?â?úo Transversal;Luz do Dia;Bom;Seca;Cruz;Sem?â?íforo;Comercial;0;0;1;1;0;0;0;0;1;0;0;0;-3,775131000000000;-38,574712000000000
322695;13;5;2018;14:40;5150;RUA BAR RIO BRANCO;RUA SEN ALENCAR;;0;;Colis?â?úo Transversal;Luz do Dia;Bom;Seca;Cruz;Pare;Comercial;0;1;1;0;0;0;0;0;0;1;0;0;-3,724879000000000;-38,527752000000000
322696;13;5;2018;15:01;12463;RUA MELO DE OLIVEIRA;RUA VIS CAUIPE;;0;;Colis?â?úo Lateral;Luz do Dia;Bom;Seca;Cruz;Pare;Residencial;0;1;1;1;0;0;0;0;0;0;0;0;-3,775188000000000;-38,579583000000000
322697;13;5;2018;18:00;0;RUA 51 CJ JOSE WALTER;;;350;;Colis?â?úo Lateral;Via Iluminada;Bom;Seca;Meio de Quadra;N?â?úo H?â?í Controle;Residencial;0;0;1;1;0;0;0;0;0;0;0;0;-3,828456600000000;-38,553990000000000
322698;13;5;2018;20:35;7860;AV ANTONIO SALES;AV SEN VIRGILIO TAVORA;;0;;Colis?â?úo Lateral;Via Iluminada;Bom;Seca;Cruz;Sem?â?íforo;Comercial;0;0;1;1;0;0;0;0;0;1;0;0;-3,747279000000000;-38,496500000000000
322699;13;5;2018;19:40;0;RUA FRANCISCO GLICERIO;;;1791;;Colis?â?úo Lateral;Via Iluminada;Bom;Seca;Meio de Quadra;N?â?úo H?â?í Controle;Residencial;0;0;1;1;0;0;0;0;0;1;0;0;-3,794777000000000;-38,577465000000000
327232;13;5;2018;09:05;0;RUA MARANGUAPE D50;;;0;;Colis?â?úo;Luz do Dia;;;Meio de Quadra;;;0;0;1;1;0;0;0;0;0;1;0;0;;
327233;13;5;2018;10:50;0;RUA GERALDO SOARES;;;540;;Colis?â?úo;Luz do Dia;;;Meio de Quadra;;;0;0;1;0;1;0;0;0;0;1;0;0;-3,825641909000000;-38,508076227000000
327234;13;5;2018;00:10;0;RUA VALPARAISO;;;0;;Colis?â?úo;;;;Meio de Quadra;;;0;0;1;0;0;0;0;0;0;1;0;0;;
330083;13;5;2018;01:18;0;RUA DNA LEOPOLDINA;;;99;;Atropelamento;;;;Meio de Quadra;;;0;1;0;1;0;0;0;0;0;0;0;0;-3,726203258000000;-38,518033693000000
330095;13;5;2018;05:56;0;AV PRS COSTA E SILVA;;;195;;Queda;Amanhecer;;;Meio de Quadra;;;0;1;0;0;0;0;0;0;0;1;0;0;;
330102;13;5;2018;11:18;7855;RUA HENRIQUETA GALENO;RUA CEL JUCA;;0;;Colis?â?úo;Luz do Dia;;;Cruz;Pare;Comercial;0;1;0;1;0;0;0;0;0;1;0;0;-3,746989000000000;-38,494284000000000
330099;13;5;2018;06:15;0;RUA STA JULIA;;;148;;Colis?â?úo;Luz do Dia;;;Meio de Quadra;;;0;1;0;0;0;0;0;0;0;0;0;0;-3,774807000000000;-38,568678500000000
330100;13;5;2018;09:01;0;AV PRS COSTA E SILVA;;;1501;;Colis?â?úo;Luz do Dia;;;Meio de Quadra;;;0;1;0;1;0;0;0;0;0;1;0;0;;
330097;13;5;2018;06:05;0;RUA GERALDO SOARES;;;540;;Colis?â?úo;Luz do Dia;;;Meio de Quadra;;;0;1;0;0;0;0;0;0;0;0;0;0;-3,825641909000000;-38,508076227000000
330130;13;5;2018;19:18;0;AV HILDEBRANDO DE MELO;;;259;;Colis?â?úo;;;;Meio de Quadra;;;0;1;0;1;0;0;0;0;0;1;0;0;;
330131;13;5;2018;19:53;0;RUA TEN JOAO ALBANO;;;0;;Colis?â?úo;;;;Meio de Quadra;;;0;1;0;1;0;0;0;0;0;1;0;0;;
330132;13;5;2018;20:46;0;AV CEL CARVALHO;;;2173;;Queda;;;;Meio de Quadra;;;0;1;0;0;0;0;0;0;0;1;0;0;-3,721349612000000;-38,586904980000000
330133;13;5;2018;21:08;0;RUA JARDIM FLUMINENSE;;;315;;Queda;;;;Meio de Quadra;;;0;1;0;0;0;0;0;0;0;1;0;0;-3,815263200000000;-38,595020800000000
330134;13;5;2018;21:11;0;RUA ULISSES BEZERRA;;;1564;;Colis?â?úo;;;;Meio de Quadra;;;0;1;0;1;0;0;0;0;0;1;0;0;-3,749217200000000;-38,497640200000000
330135;13;5;2018;21:46;0;VL TAVARES;;;1545;;Queda;;;;Meio de Quadra;;;0;1;0;0;0;0;0;0;0;1;0;0;;
330136;13;5;2018;22:09;25137;RUA BARBOSA DE FREITAS;RUA BENI DE CARVALHO;;0;;Colis?â?úo;;;;Cruz;Sem?â?íforo;Residencial;0;1;0;0;0;0;0;0;0;1;0;0;-3,744414000000000;-38,499890000000000
330122;13;5;2018;15:02;0;AV PRS COSTA E SILVA;;;1720;;Colis?â?úo;Luz do Dia;;;Meio de Quadra;;;0;1;0;1;0;0;0;0;0;1;0;0;-3,817238000000000;-38,566159000000000
330123;13;5;2018;15:06;0;RUA FRANCISCANO;;;150;;Atropelamento;Luz do Dia;;;Meio de Quadra;;;0;1;0;0;1;0;0;0;0;0;0;0;-3,801770000000000;-38,601080000000000
330124;13;5;2018;17:11;0;AV GAL OSORIO DE PAIVA;;;1816;;Queda;Anoitecer;;;Meio de Quadra;;;0;1;0;0;0;0;0;0;0;1;0;0;-3,782867500000000;-38,577899500000000
330125;13;5;2018;17:23;1490;RUA CEL JUCA;RUA DES LEITE ALBUQUERQUE;;0;;Colis?â?úo;Anoitecer;;;Cruz;Pare;Comercial;0;1;0;1;0;0;0;0;0;1;0;0;-3,739434000000000;-38,491875000000000
330126;13;5;2018;17:53;25018;RUA TEODOMIRO DE CASTRO;RUA FRANCISCO CALACA;;0;;Queda;Anoitecer;;;T;N?â?úo H?â?í Controle;Comercial;0;1;0;0;0;0;0;0;0;1;0;0;-3,717748000000000;-38,574380000000000
330127;13;5;2018;17:55;0;AV GODOFREDO MACIEL;;;293;;Colis?â?úo;Anoitecer;;;Meio de Quadra;;;0;1;0;1;0;0;0;0;0;1;0;0;;
330128;13;5;2018;19:10;7860;AV SEN VIRGILIO TAVORA;AV ANTONIO SALES;;0;;Colis?â?úo;;;;Cruz;Sem?â?íforo;Comercial;0;1;0;1;0;0;0;0;0;1;0;0;-3,747279000000000;-38,496500000000000
330116;13;5;2018;12:12;5283;AV SANTOS DUMONT;AV DOM MANUEL;;0;;Colis?â?úo;Luz do Dia;;;Cruz;Gesto;Comercial;0;2;0;0;1;0;0;0;0;0;0;0;-3,728774000000000;-38,521250000000000
330117;13;5;2018;12:47;0;AV AREIA BRANCA;;;64;;Queda;Luz do Dia;;;Meio de Quadra;;;0;1;0;0;0;1;0;0;0;0;0;0;-3,728086500000000;-38,473390200000000
330118;13;5;2018;12:55;0;AV CARNEIRO DE MENDONCA;;;6494;;Colis?â?úo;Luz do Dia;;;Meio de Quadra;;;0;1;0;1;0;0;0;0;0;1;0;0;-3,764790000000000;-38,565430000000000
330119;13;5;2018;14:47;0;TR CORREIA LIMA;;;0;;Colis?â?úo;Luz do Dia;;;Meio de Quadra;;;0;1;0;1;0;0;0;0;0;0;0;0;;
326911;13;5;2018;09:40;22198;AV SGT HERMINIO SAMPAIO;RUA DR HELIO VIANA;;0;;Colis?â?úo Traseira;Luz do Dia;Bom;Seca;T;Pare;Comercial;0;0;2;1;0;0;0;0;0;0;0;0;-3,726835000000000;-38,563084000000000
326912;13;5;2018;17:50;0;AV GOV RAUL BARBOSA;;;1180;;Colis?â?úo Lateral Sentido Oposto;Anoitecer;Bom;Seca;Meio de Quadra;N?â?úo H?â?í Controle;Comercial;0;0;2;1;0;0;0;0;0;0;0;0;-3,761270000000000;-38,506660000000000
320842;13;5;2018;15:00;0;RUA FRANCISCANO;;;395;;Atropelamento;Luz do Dia;;;Meio de Quadra;;;1;0;1;0;1;0;0;0;0;0;0;0;-3,801757600000000;-38,601349100000000
326913;14;5;2018;10:43;0;RUA 13 DE ABRIL;;;0;;Colis?â?úo Transversal;Luz do Dia;Bom;Seca;Meio de Quadra;Cancela;Residencial;0;0;2;0;0;0;0;0;0;0;0;0;;
326916;14;5;2018;13:20;5254;RUA JOAO CORDEIRO;RUA PEREIRA FILGUEIRAS;;0;;Colis?â?úo Lateral;Luz do Dia;Bom;Seca;Cruz;Sem?â?íforo;Comercial;0;1;1;1;0;0;0;0;0;1;0;0;-3,728001000000000;-38,513877000000000
330197;14;5;2018;07:06;0;RUA JOAO AMORA;;;1067;;Colis?â?úo;Luz do Dia;;;Meio de Quadra;;;0;1;0;0;0;0;0;0;0;1;0;0;-3,799753250000000;-38,583315083000000
330198;14;5;2018;07:42;7629;RUA STA CATARINA (BELA VISTA / PAN AMERICANO);RUA ALAGOAS;;0;;Colis?â?úo;Luz do Dia;;;Cruz;Pare;Residencial;0;1;0;1;0;0;0;0;0;1;0;0;-3,760356000000000;-38,569550000000000
330199;14;5;2018;08:10;0;AV JOSE BASTOS;;;3390;;Atropelamento;Luz do Dia;;;Meio de Quadra;;;0;1;0;0;0;0;0;0;0;1;0;0;-3,748135800000000;-38,548876900000000
330200;14;5;2018;08:33;0;RUA JOAO VITOR;;;2460;;Colis?â?úo;Luz do Dia;;;Meio de Quadra;;;0;1;0;0;0;0;0;0;0;1;0;0;-3,793597000000000;-38,628001900000000
330201;14;5;2018;08:44;6802;AV PDE ANTONIO TOMAS;RUA SEBASTIAO DE ABREU;;0;;Colis?â?úo;Luz do Dia;;;;;;0;1;0;1;0;0;0;0;0;1;0;0;-3,746548000000000;-38,479940000000000
330202;14;5;2018;10:13;0;RUA BAR AQUIRAZ;;;980;;Colis?â?úo;Luz do Dia;;;Meio de Quadra;;;0;1;0;1;0;0;0;0;0;1;0;0;-3,837152000000000;-38,488195000000000
330203;14;5;2018;10:31;22194;AV SGT HERMINIO SAMPAIO;RUA CAP NESTOR GOIS;;0;;Queda;Luz do Dia;;;;;;0;1;0;0;0;0;0;0;0;1;0;0;-3,726371000000000;-38,560489000000000
330204;14;5;2018;11:02;5100;AV MON TABOSA;AV DOM MANUEL;;0;;Queda;Luz do Dia;;;Cruz;Sem?â?íforo;Residencial;0;1;0;0;0;1;0;0;0;0;0;0;-3,723552000000000;-38,519533000000000
330205;14;5;2018;11:19;17306;RUA SATIRO DIAS;AV JOSE DO PATROCINIO;;0;;Colis?â?úo;Luz do Dia;;;;;;0;1;0;1;0;0;0;0;0;1;0;0;-3,764152000000000;-38,545044000000000
330206;14;5;2018;11:48;24991;AV GAL OSORIO DE PAIVA;RUA ABEL RIBEIRO;;0;;Colis?â?úo;Luz do Dia;;;Cruz;Pare;Residencial;0;1;0;1;0;0;0;0;0;1;0;0;-3,781799000000000;-38,576252000000000
330207;14;5;2018;12:14;0;RUA ARTUR DE CARVALHO;;;471;;Colis?â?úo;Luz do Dia;;;Meio de Quadra;;;0;1;0;1;0;0;0;0;0;1;0;0;;
330208;14;5;2018;13:27;0;AV PRS COSTA E SILVA;;;600;;Colis?â?úo;Luz do Dia;;;Meio de Quadra;;;0;1;0;1;0;0;0;0;0;1;0;0;-3,811955000000000;-38,574221000000000
330209;14;5;2018;13:51;0;RUA BAR SOBRAL;;;631;;Colis?â?úo;Luz do Dia;;;Meio de Quadra;;;0;1;0;1;0;1;0;0;0;0;0;0;-3,766731667000000;-38,554688333000000
330210;14;5;2018;15:41;0;AV PRS COSTA E SILVA;;;0;;Queda;Luz do Dia;;;Meio de Quadra;;;0;1;0;0;0;0;0;0;0;1;0;0;;
330211;14;5;2018;16:24;0;AV PRS CASTELO BRANCO;;;6304;;Colis?â?úo;Luz do Dia;;;Meio de Quadra;;;0;1;0;1;0;1;0;0;0;0;0;0;-3,700573334000000;-38,586601667000000
330212;14;5;2018;17:38;0;RUA SGT JOAO PINHEIRO;;;0;;Atropelamento;Anoitecer;;;Meio de Quadra;;;0;1;0;0;0;0;0;0;0;1;0;0;;
330213;14;5;2018;18:13;0;RUA ENG JOAO NOGUEIRA;;;0;;Colis?â?úo;Anoitecer;;;Meio de Quadra;;;0;1;0;1;0;0;0;0;0;0;0;0;;
330214;14;5;2018;19:12;4672;RUA PEDRO LAZAR;AV MIN JOSE AMERICO;;0;;Colis?â?úo;;;;;N?â?úo H?â?í Controle;Comercial;0;1;0;1;0;0;0;0;0;1;0;0;-3,808267000000000;-38,489290000000000
330215;14;5;2018;19:30;0;AV OLAVO BILAC;;;1013;;Colis?â?úo;;;;Meio de Quadra;;;0;1;0;1;0;0;0;0;0;1;0;0;-3,729784593000000;-38,564776778000000
330216;14;5;2018;20:49;0;RUA ANTONIO BARBOSA;;;1401;;Queda;;;;Meio de Quadra;;;0;1;0;0;0;1;0;0;0;0;0;0;-3,832077493000000;-38,564970056000000
330217;14;5;2018;21:58;0;RUA JULIO SILVA;;;440;;Colis?â?úo;;;;Meio de Quadra;;;0;1;0;0;0;0;0;0;0;0;0;0;;
330138;14;5;2018;01:07;0;AV CASTELO DE CASTRO;;;1659;;Queda;;;;Meio de Quadra;;;0;1;0;0;0;0;0;0;0;1;0;0;-3,844454000000000;-38,521404800000000
330139;14;5;2018;06:43;0;AV DOS EXPEDICIONARIOS;;;3406;;Atropelamento;Luz do Dia;;;Meio de Quadra;;;0;1;0;1;0;0;0;0;0;0;0;0;-3,748182000000000;-38,536067062000000
330140;14;5;2018;06:58;0;AV SEN CARLOS JEREISSATI (AEROPORTO);;;0;;Colis?â?úo;Luz do Dia;;;Meio de Quadra;;;0;1;0;1;0;0;0;0;0;1;0;0;;
327236;14;5;2018;15:05;619;RUA ESTRELA DO NORTE;RUA ENG JOAO NOGUEIRA;;0;;Colis?â?úo;Luz do Dia;;;Cruz;Pare;Lazer;0;0;1;1;0;0;0;0;0;0;0;0;-3,717897000000000;-38,563863000000000
327613;14;5;2018;07:00;0;AV SEN CARLOS JEREISSATI (AEROPORTO);;;0;KM 01;Colis?â?úo;Luz do Dia;;Seca;Meio de Quadra;;;0;1;1;0;0;0;0;0;1;0;0;0;-3,783753000000000;-38,526850000000000
327614;14;5;2018;07:45;0;AV SEN CARLOS JEREISSATI (AEROPORTO);;;0;KM 04;Engavetamento;Luz do Dia;;Seca;Meio de Quadra;;;0;0;3;1;0;0;0;0;0;0;0;0;-3,774020000000000;-38,550907000000000
327615;14;5;2018;12:30;0;RD CE-040;;;0;KM-13;Colis?â?úo;Luz do Dia;;Seca;Meio de Quadra;;;0;0;2;1;0;0;1;0;0;0;0;0;-3,866093254000000;-38,468936820000000
327611;14;5;2018;07:50;0;RD CE-040;;;0;KM-09;Colis?â?úo;Via Iluminada;;Seca;Meio de Quadra;;;0;0;3;1;1;0;0;0;0;0;0;0;-3,834450897000000;-38,482465820000000
322700;14;5;2018;07:46;0;RUA PDE PEDRO DE ALENCAR;;;1309;;N?â?úo Informado;Luz do Dia;Bom;Seca;Meio de Quadra;N?â?úo H?â?í Controle;Comercial;0;0;3;1;1;0;0;0;0;1;0;0;-3,839492000000000;-38,494312000000000
322701;14;5;2018;07:50;0;RUA PDE VALDEVINO;;;1913;;Colis?â?úo Traseira;Luz do Dia;Bom;Seca;Meio de Quadra;N?â?úo H?â?í Controle;Comercial;0;0;2;1;0;0;0;0;0;0;0;0;-3,742288600000000;-38,506893000000000
322703;14;5;2018;09:29;17513;AV ABOLICAO;RUA MANUEL JACARE;;0;;Colis?â?úo Frontal;Luz do Dia;Bom;Seca;Cruz;Pare;Residencial;0;0;1;0;0;0;0;0;0;1;0;0;-3,726087000000000;-38,487572000000000
322704;14;5;2018;13:19;7752;AV JOAO PESSOA;AV CARNEIRO DE MENDONCA;;0;;Colis?â?úo Lateral;Luz do Dia;Bom;Seca;T;Sem?â?íforo;Comercial;0;0;2;1;1;0;0;0;0;0;0;0;-3,767222000000000;-38,559808000000000
322705;14;5;2018;13:15;7752;AV CARNEIRO DE MENDONCA;AV JOAO PESSOA;;0;;Colis?â?úo Lateral;Luz do Dia;Bom;Seca;T;Pare;Comercial;0;0;2;0;1;0;0;0;0;0;0;0;-3,767222000000000;-38,559808000000000
322706;14;5;2018;15:53;0;AV PRS CASTELO BRANCO;;;0;;Choque c/ Obst?â?ículo Fixo;Luz do Dia;Bom;Seca;Meio de Quadra;N?â?úo H?â?í Controle;Residencial;0;0;1;1;0;0;0;0;0;0;0;0;-3,720033400000000;-38,529728000000000
322707;14;5;2018;14:40;17383;RUA EUZEBIO DE QUEIROS;RUA BAR SOBRAL;;0;;Colis?â?úo Transversal;Luz do Dia;Bom;Seca;Cruz;Pare;Residencial;0;1;2;1;1;0;0;0;0;1;0;0;-3,767051000000000;-38,554121000000000
322708;14;5;2018;14:10;0;RUA AQUILES BORIS;;;308;;Colis?â?úo Traseira;Luz do Dia;Bom;Seca;Meio de Quadra;Sem?â?íforo;Residencial;0;0;2;1;0;0;0;0;0;0;0;0;-3,768499000000000;-38,550100000000000
322709;14;5;2018;17:22;7733;RUA BAR SOBRAL;AV JOAO PESSOA;;0;;N?â?úo Informado;Luz do Dia;Bom;Seca;Cruz;Sem?â?íforo;Residencial;0;0;1;1;0;0;0;1;0;0;0;0;-3,764568600000000;-38,558780000000000
322710;14;5;2018;16:50;0;RUA BERNARDO MANUEL;RUA OFIR;;0;;Colis?â?úo Lateral;Via Iluminada;Bom;Seca;T;Pare;Residencial;0;0;2;1;1;0;0;0;0;0;0;0;-3,788728700000000;-38,548317000000000
322712;14;5;2018;16:40;0;AV DOMINGOS OLIMPIO;;;797;;Colis?â?úo Traseira;Luz do Dia;Bom;Seca;Meio de Quadra;N?â?úo H?â?í Controle;Comercial;0;0;2;1;0;0;0;0;0;0;0;0;-3,736818000000000;-38,530518000000000
322746;14;5;2018;08:46;25574;AV ENG HUMBERTO MONTE;RUA AZEVEDO BOLAO;;0;;Colis?â?úo Transversal;Luz do Dia;Bom;Seca;T;Pare;Comercial;0;0;2;1;0;0;0;0;0;0;0;0;-3,738942000000000;-38,568895000000000
323197;14;5;2018;07:50;0;RUA BAR RIO BRANCO;;;551;;Colis?â?úo Lateral;Luz do Dia;Bom;Seca;Meio de Quadra;N?â?úo H?â?í Controle;Comercial;0;1;1;1;0;0;0;0;0;1;0;0;-3,723277800000000;-38,527203000000000
322713;15;5;2018;14:25;23439;RUA MON SALAZAR;RUA FRE VIDAL;;0;;Colis?â?úo Transversal;Luz do Dia;Bom;Seca;Cruz;Pare;Comercial;0;0;3;1;0;0;0;0;0;0;0;0;-3,756474000000000;-38,517627000000000
322714;15;5;2018;16:26;0;AV JOAO PESSOA;;;5300;;Engavetamento;Luz do Dia;Bom;Seca;Meio de Quadra;N?â?úo H?â?í Controle;Comercial;0;0;4;1;0;0;0;0;0;0;0;0;-3,757621000000000;-38,554157000000000
322715;15;5;2018;18:52;0;RUA PEREIRA FILGUEIRAS;;;2122;;Colis?â?úo Transversal;Anoitecer;Bom;Seca;Cruz;Pare;Residencial;0;0;1;1;0;0;0;0;0;0;0;0;-3,731025000000000;-38,504177000000000
322716;15;5;2018;15:45;350;RUA ERICO MOTA;RUA CESAR FONTENELE;;0;;Colis?â?úo Transversal;Luz do Dia;Bom;Seca;Cruz;Pare;Comercial;0;0;2;1;0;0;0;0;0;1;0;0;-3,746574000000000;-38,560693000000000
322717;15;5;2018;18:45;0;AV SANTOS DUMONT;;;7000;;Colis?â?úo Transversal;N?â?úo Iluminada;Bom;Seca;Meio de Quadra;N?â?úo H?â?í Controle;Residencial;0;0;2;1;0;0;0;0;0;1;0;0;-3,745289800000000;-38,470570000000000
322735;15;5;2018;18:50;3789;AV 13 DE MAIO;RUA WALDERY UCHOA;;0;;N?â?úo Informado;Via Iluminada;Bom;Seca;Cruz;N?â?úo H?â?í Controle;Comercial;0;0;2;1;1;0;0;0;0;0;0;0;-3,742399000000000;-38,537427000000000
322711;15;5;2018;07:00;14352;RUA NAT FEIJO;RUA BERNARDO PORTO;;0;;Colis?â?úo Transversal;Luz do Dia;Bom;Seca;T;Pare;Residencial;0;1;1;1;0;0;0;0;0;1;0;0;-3,721331100000000;-38,557390000000000
322719;15;5;2018;16:30;25084;RUA BERNARDO MANUEL;AV BENJAMIM BRASIL;;0;;Colis?â?úo Traseira;Via Iluminada;Bom;Seca;T;Sem?â?íforo;Comercial;0;1;1;0;0;0;0;0;0;1;0;0;-3,810060000000000;-38,554874000000000
322720;15;5;2018;19:17;26077;AV DUQ CAXIAS;AV JOSE JATAHY;;0;;Colis?â?úo Transversal;Via Iluminada;Bom;Seca;Cruz;Sem?â?íforo;Comercial;0;0;2;1;0;0;0;0;0;1;0;0;-3,726765900000000;-38,545780000000000
322721;15;5;2018;19:52;0;RUA NIGERIA;RUA SEBASTIAO DE ABREU;;0;;Colis?â?úo Lateral;Via Iluminada;Bom;Seca;;;;0;0;2;1;0;0;0;0;0;1;0;0;-3,792913200000000;-38,566856000000000
322722;15;5;2018;17:00;13366;RUA DNA LEOPOLDINA;RUA JOAO BRIGIDO;;0;;Colis?â?úo Transversal;Luz do Dia;Bom;Seca;Cruz;Sem?â?íforo;Comercial;0;0;2;1;0;0;0;0;0;0;0;0;-3,738646000000000;-38,522203000000000
322723;15;5;2018;19:00;1441;AV SANTOS DUMONT;RUA PRO DIAS DA ROCHA;;0;;Colis?â?úo Transversal;Via Iluminada;Bom;Seca;Cruz;Pare;Comercial;0;0;2;1;0;0;0;0;0;0;0;0;-3,738113000000000;-38,492502000000000
322724;15;5;2018;17:30;0;RUA JOAO CORDEIRO;;;655;;Choque c/ Obst?â?ículo Fixo;Via Iluminada;Bom;Seca;Meio de Quadra;N?â?úo H?â?í Controle;Residencial;0;0;3;1;0;0;0;0;0;0;0;0;-3,726156000000000;-38,513280000000000
322725;15;5;2018;20:54;0;AV AUGUSTO DOS ANJOS;;;1910;;Queda;Via Iluminada;Bom;Seca;;;;0;0;1;0;0;0;0;0;0;1;0;0;-3,792918400000000;-38,566807000000000
322726;15;5;2018;21:12;0;RUA ADOLFO CAMINHA;;;0;MARINA PARK;Colis?â?úo Lateral;Via Iluminada;Bom;Seca;Meio de Quadra;N?â?úo H?â?í Controle;Comercial;0;0;1;0;1;0;0;0;0;1;0;0;-3,720875500000000;-38,525940000000000
322727;15;5;2018;19:42;0;AV ALM HENRIQUE SABOIA;;;506;;Capotamento;Anoitecer;Bom;Seca;Meio de Quadra;N?â?úo H?â?í Controle;Comercial;0;0;1;1;0;0;0;0;0;0;0;0;-3,751017000000000;-38,495327000000000
322728;15;5;2018;20:20;0;AV SGT HERMINIO SAMPAIO;;;1511;;Colis?â?úo Transversal;Via Iluminada;Bom;Seca;Meio de Quadra;Sem?â?íforo;Comercial;0;1;1;1;0;0;0;0;0;1;0;0;-3,725235200000000;-38,554073000000000
327618;15;5;2018;12:20;0;RD CE-040;;;0;KM-07;Colis?â?úo;Luz do Dia;;Seca;Meio de Quadra;;;0;0;2;1;0;0;0;0;0;0;0;0;-3,817159445000000;-38,483032860000000
326968;15;5;2018;16:10;1474;RUA JOAO CARVALHO;RUA TIBURCIO CAVALCANTE;;0;;Colis?â?úo Lateral;Luz do Dia;Bom;Seca;Cruz;Sem?â?íforo;Comercial;0;0;2;1;1;0;0;0;0;0;0;0;-3,738950000000000;-38,503547000000000