COD_ACIDENTE;DIA;MES;ANO;HORA;INTERSECAO;LOG1;LOG2;LOG3;NUMERO;REFERENCIA;NATUREZA;ILUMINACAO;TEMPO;SUPERFICIEPISTA;TIPOCRUZAMENTO;CONTROLETRAFEGO;USOSOLO;MORTOS;FERIDOS;ILESOS;AUTOMOVEL;ONIBUS;BICICLETA;CAMINHAO;MICROONIBUS;CICLOMOTOR;MOTOCICLETA;TRACAOANIMAL;TREM;LATITUDE;LONGITUDE
326964;15;5;2018;12:00;0;RUA MON BRUNO;;;0;;Colis?â?úo Transversal;Luz do Dia;Bom;Seca;Outros;Pare;Comercial;0;0;2;1;0;0;0;0;0;0;0;0;;
326965;15;5;2018;14:20;1273;AV SANTOS DUMONT;RUA DR JOSE LOURENCO;;0;;Colis?â?úo Lateral;Luz do Dia;Bom;Seca;Cruz;Pare;Comercial;0;0;2;1;0;0;0;0;0;0;0;0;-3,733299000000000;-38,507380000000000
326957;15;5;2018;12:50;0;AV AGUANAMBI;;;1527;HAPVIDA;Colis?â?úo Traseira;Luz do Dia;Bom;Seca;Outros;N?â?úo H?â?í Controle;Comercial;0;0;2;1;0;0;0;0;0;0;0;0;-3,750120875000000;-38,523697250000000
327426;15;5;2018;12:00;0;RD BR 020;;;0;KM 426;Tombamento;Luz do Dia;;;Meio de Quadra;;;0;0;1;0;0;0;1;0;0;0;0;0;-3,863000000000000;-38,524000000000000
330239;15;5;2018;16:04;4938;RUA UMARIZEIRA;RUA CON DE CASTRO;;0;;Colis?â?úo;Luz do Dia;;;T;N?â?úo H?â?í Controle;Comercial;0;1;0;1;0;1;0;0;0;0;0;0;-3,818832000000000;-38,602137000000000
330236;15;5;2018;12:53;0;AV JOSE BASTOS;;;5886;;Colis?â?úo;Luz do Dia;;;Meio de Quadra;;;0;1;0;0;0;0;0;0;0;0;0;0;-3,763108805000000;-38,566122122000000
330237;15;5;2018;14:53;0;RUA TEN ELIEZER COSTA;;;146;;Colis?â?úo;Luz do Dia;;;Meio de Quadra;;;0;1;0;1;0;0;0;0;0;1;0;0;-3,710137000000000;-38,590923000000000
330233;15;5;2018;11:16;0;AV SGT HERMINIO SAMPAIO;;;1789;;;Luz do Dia;;;Meio de Quadra;;;0;1;0;1;0;0;0;0;0;1;0;0;-3,725684667000000;-38,556791667000000
330234;15;5;2018;11:33;0;RUA PENSAMENTO;;;690;;Colis?â?úo;Luz do Dia;;;Meio de Quadra;;;0;1;0;1;0;0;0;0;0;1;0;0;-3,841894566000000;-38,529334860000000
330230;15;5;2018;10:49;5436;RUA JAIME BENEVOLO;RUA GAL CLARINDO DE QUEIROZ;;0;;Colis?â?úo;Luz do Dia;;;Cruz;Pare;Comercial;0;1;0;1;0;0;0;0;0;1;0;0;-3,734060000000000;-38,526017000000000
330231;15;5;2018;10:59;0;RUA RIO GRANDE DO NORTE;;;74;;Colis?â?úo;Luz do Dia;;;Meio de Quadra;;;0;1;0;0;0;0;0;0;0;0;0;0;-3,756712231000000;-38,570517308000000
330227;15;5;2018;10:19;17590;RUA MARANHAO;RUA MINAS GERAIS;;0;;Colis?â?úo;Luz do Dia;;;Cruz;Pare;Misto;0;1;0;0;0;0;0;0;0;0;0;0;-3,756084000000000;-38,565092000000000
330225;15;5;2018;09:45;0;RUA CEL VIRGILIO NOGUEIRA (BOM JARDIM);;;1005;;Atropelamento;Luz do Dia;;;Meio de Quadra;;;0;1;0;0;0;0;0;0;0;0;0;0;-3,791242800000000;-38,609448800000000
330218;15;5;2018;06:52;0;RUA MIGUEL ARAGAO;;;800;;Queda;Luz do Dia;;;Meio de Quadra;;;0;1;0;0;0;0;0;0;0;1;0;0;-3,834085000000000;-38,586352500000000
330219;15;5;2018;07:01;0;RUA EMILIO DE MENESES;;;1099;;Colis?â?úo;Luz do Dia;;;Meio de Quadra;;;0;1;0;0;0;0;0;0;0;1;0;0;-3,780608274000000;-38,591447767000000
330220;15;5;2018;07:19;1903;RUA MARIA QUINTINO;RUA CAP HERMINIO;;0;;Colis?â?úo;Luz do Dia;;;;;;0;1;0;1;0;0;0;0;0;1;0;0;-3,851381000000000;-38,500061000000000
330282;15;5;2018;18:20;15302;RUA PEREIRA FILGUEIRAS;RUA MON BRUNO;;0;;Colis?â?úo;Anoitecer;;;Cruz;Pare;Comercial;0;1;0;1;0;0;0;0;0;1;0;0;-3,729763000000000;-38,508580000000000
330283;15;5;2018;18:50;0;RUA VALPARAISO;;;603;;Colis?â?úo;;;;Meio de Quadra;;;0;1;0;0;0;0;0;0;0;1;0;0;-3,844256490000000;-38,525722598000000
330284;15;5;2018;19:25;26077;AV DUQ CAXIAS;AV JOSE JATAHY;;0;;Colis?â?úo;;;;Cruz;Sem?â?íforo;Comercial;0;1;0;0;0;0;0;0;0;1;0;0;-3,726698000000000;-38,545566000000000
330285;15;5;2018;20:34;18282;RUA TABAJARAS;RUA TREMEMBES;;0;;Atropelamento;;;;T;Pare;Comercial;0;1;0;0;0;1;0;0;0;0;0;0;-3,719381000000000;-38,515945000000000
330286;15;5;2018;21:21;0;AV RAD JOSE LIMA VERDE;;;1215;;Queda;;;;Meio de Quadra;;;0;1;0;0;0;1;0;0;0;0;0;0;;
330287;15;5;2018;22:36;5247;AV IMPERADOR;RUA PEDRO PEREIRA;;0;;Colis?â?úo;;;;Cruz;Sem?â?íforo;Comercial;0;1;0;0;0;0;0;0;0;1;0;0;-3,727714000000000;-38,534609000000000
326930;15;5;2018;07:00;5406;RUA ANTONIO POMPEU;RUA PRC ISABEL;;0;;Colis?â?úo Traseira;Luz do Dia;Bom;Seca;Cruz;N?â?úo H?â?í Controle;Comercial;0;0;3;1;0;0;0;0;0;0;0;0;-3,732693000000000;-38,537283000000000
326950;15;5;2018;16:20;19683;RUA AZEVEDO BOLAO;RUA PRO JOSE DE BARCELOS;;0;;Colis?â?úo Transversal;Luz do Dia;Bom;Seca;Cruz;Pare;Comercial;0;1;1;1;0;0;0;0;0;1;0;0;-3,735196000000000;-38,550610000000000
326936;15;5;2018;16:40;0;RUA MON SALAZAR;;;416;;Colis?â?úo Traseira;Luz do Dia;Bom;Seca;Meio de Quadra;Outros;Residencial;0;0;2;1;0;0;0;0;0;0;0;0;-3,756318584000000;-38,516043250000000
326938;15;5;2018;18:15;15227;AV ABOLICAO;AV DES MOREIRA;;0;;Colis?â?úo Lateral;Via Iluminada;Bom;Seca;Cruz;Sem?â?íforo;Residencial;0;0;2;1;0;0;0;0;0;0;0;0;-3,727331000000000;-38,495474000000000
326942;15;5;2018;06:40;13018;AV JOAO DE ARAUJO LIMA;AV B CJ JOSE WALTER;;0;;Colis?â?úo Transversal;Luz do Dia;Bom;Seca;T;Pare;Comercial;0;2;1;1;0;0;0;0;1;1;0;0;-3,825556000000000;-38,558972000000000
320845;15;5;2018;09:40;0;RUA CEL VIRGILIO NOGUEIRA (BOM JARDIM);;;1011;;Atropelamento;Luz do Dia;;;Meio de Quadra;;;1;0;1;0;0;0;0;0;0;1;0;0;-3,791258100000000;-38,609453000000000
320880;16;5;2018;12:00;0;RUA PRO HERIBALDO COSTA;;;1639;;Atropelamento;Luz do Dia;;;Meio de Quadra;;;1;0;1;0;0;0;0;0;0;0;0;0;-3,766230000000000;-38,586730000000000
330288;16;5;2018;03:40;0;AV CENTRAL;;;1246;;Queda;;;;Meio de Quadra;;;0;1;0;0;0;0;0;0;0;1;0;0;-3,750110000000000;-38,471300000000000
330289;16;5;2018;05:56;0;AV GAL OSORIO DE PAIVA;;;4965;;Colis?â?úo;Amanhecer;;;Meio de Quadra;;;0;1;0;0;0;0;0;0;0;0;0;0;-3,801675000000000;-38,599109400000000
330290;16;5;2018;06:12;0;AV DEP PAULINO ROCHA;;;1420;;Colis?â?úo;Luz do Dia;;;Meio de Quadra;;;0;1;0;1;0;1;0;0;0;0;0;0;-3,810632810000000;-38,509656820000000
330291;16;5;2018;06:57;0;RUA DR HUGO ROCHA;;;508;;Colis?â?úo;Luz do Dia;;;Meio de Quadra;;;0;1;0;0;0;0;0;0;0;0;0;0;-3,716701500000000;-38,570443500000000
330292;16;5;2018;07:09;12638;RUA ABELARDO FERREIRA;RUA MISERICORDIA;;0;;Colis?â?úo;Luz do Dia;;;;;;0;1;0;1;0;0;0;0;0;1;0;0;-3,719310000000000;-38,585098000000000
330293;16;5;2018;07:44;15135;AV HIS RAIMUNDO GIRAO;RUA FRANCISCO DIAS RIBEIRO;;0;;;Luz do Dia;;;Cruz;Pare;Comercial;0;1;0;1;0;0;0;0;0;1;0;0;-3,724024000000000;-38,504397000000000
330298;16;5;2018;09:54;0;RUA DELMIRO GOUVEIA;;;0;;Colis?â?úo;Luz do Dia;;;Meio de Quadra;;;0;1;0;1;0;0;0;0;0;1;0;0;;
330299;16;5;2018;10:10;0;RD BR 116;;;0;;Colis?â?úo;Luz do Dia;;;Meio de Quadra;;;0;1;0;1;0;0;0;0;0;1;0;0;;
330301;16;5;2018;11:00;5072;AV TRISTAO GONCALVES;RUA CASTRO E SILVA;;0;;Queda;Luz do Dia;;;T;Pare;Comercial;0;1;0;0;0;0;0;0;0;1;0;0;-3,722330000000000;-38,531768000000000
330302;16;5;2018;14:07;0;AV MAE LISBOA;;;1600;;Queda;Luz do Dia;;;Meio de Quadra;;;0;1;0;0;0;0;0;0;0;1;0;0;-3,807946000000000;-38,464677500000000
330303;16;5;2018;15:48;5361;RUA PEDRO I;RUA FLORIANO PEIXOTO;;0;;Atropelamento;Luz do Dia;;;Cruz;Pare;Comercial;0;1;0;0;0;0;0;0;0;1;0;0;-3,731284000000000;-38,528436000000000
330304;16;5;2018;15:58;0;AV GOV RAUL BARBOSA;;;1330;;Colis?â?úo;Luz do Dia;;;Meio de Quadra;;;0;1;0;1;0;0;0;0;0;1;0;0;-3,708620400000000;-38,466592800000000
330305;16;5;2018;17:23;23644;RUA BAR CRATO;RUA DR GILBERTO CAMARA;;0;;Colis?â?úo;Anoitecer;;;Cruz;Pare;Residencial;0;1;0;1;0;0;0;0;0;0;0;0;-3,722266000000000;-38,563395000000000
330306;16;5;2018;18:22;0;RUA JULIO BRAGA;;;1332;;Atropelamento;Anoitecer;;;Meio de Quadra;;;0;1;0;0;0;0;0;0;0;1;0;0;-3,774883200000000;-38,582289400000000
330307;16;5;2018;18:49;1743;RUA CAP ARAGAO;RUA TEN BARBOSA D46;;0;;Colis?â?úo;;;;Cruz;Pare;Residencial;0;1;0;0;0;0;0;0;0;0;0;0;-3,764730000000000;-38,512040000000000
330311;16;5;2018;20:37;0;RUA CON DE CASTRO;;;8309;;Colis?â?úo;;;;Meio de Quadra;;;0;1;0;0;0;0;0;0;0;0;0;0;-3,818792975000000;-38,602102410000000
330317;16;5;2018;21:55;0;AV DUQ CAXIAS;;;2121;;Atropelamento;;;;Meio de Quadra;;;0;1;0;1;0;0;0;0;0;0;0;0;-3,727637000000000;-38,542701000000000
330309;16;5;2018;19:46;0;AV GODOFREDO MACIEL;;;4442;;Colis?â?úo;;;;Meio de Quadra;;;0;1;0;1;0;0;0;0;0;1;0;0;-3,813311500000000;-38,575179500000000
330295;16;5;2018;07:52;0;AV SANTOS DUMONT;;;2484;;Queda;Luz do Dia;;;Meio de Quadra;;;0;1;0;0;0;1;0;0;0;0;0;0;-3,734979000000000;-38,502259000000000
316142;16;5;2018;21:05;0;AV GAL OSORIO DE PAIVA;;;6297;;Atropelamento;;;;Meio de Quadra;;;1;1;0;0;0;0;0;0;0;1;0;0;-3,810632000000000;-38,607643000000000
327427;16;5;2018;10:10;0;RD BR 116;;;7000;KM-07;Colis?â?úo Frontal;Luz do Dia;;;Meio de Quadra;;;0;1;1;0;0;0;0;0;0;1;0;0;-3,786276359000000;-38,511561398000000
326970;16;5;2018;08:40;19252;AV JOAO PESSOA;RUA LIVINO DE CARVALHO;;0;;Colis?â?úo Lateral;Luz do Dia;Bom;Seca;Duplo T;Pare;Comercial;0;1;1;1;0;0;0;0;0;1;0;0;-3,770275000000000;-38,561062000000000
326972;16;5;2018;13:40;5211;AV IMPERADOR;RUA LIBERATO BARROSO;;0;;Atropelamento;Luz do Dia;Bom;Seca;Cruz;Sem?â?íforo;Comercial;0;1;1;1;0;0;0;0;0;0;0;0;-3,726511000000000;-38,534257000000000
326973;16;5;2018;08:50;11160;RUA JOSE MENELEU D41;RUA SUECIA;;0;;Colis?â?úo Transversal;Luz do Dia;Bom;Seca;Cruz;Pare;Residencial;0;2;1;1;0;0;0;0;0;0;0;0;-3,782586000000000;-38,559334000000000
326979;16;5;2018;18:30;0;AV DOS EXPEDICIONARIOS;;;3489;;Colis?â?úo Lateral;Via Iluminada;Bom;Seca;Meio de Quadra;N?â?úo H?â?í Controle;Residencial;0;1;1;0;0;0;0;0;0;1;0;0;-3,750712000000000;-38,536849000000000
327674;16;5;2018;08:20;0;RD CE-040;;;0;KM-07;Colis?â?úo;Luz do Dia;;Seca;Meio de Quadra;;;0;0;2;1;0;0;1;0;0;0;0;0;-3,817159445000000;-38,483032860000000
327675;16;5;2018;17:50;0;ROD CE 010;;;0;;Colis?â?úo;Anoitecer;;Seca;Meio de Quadra;;;0;0;2;1;1;0;0;0;0;0;0;0;;
327676;16;5;2018;18:50;0;AV MIN JOSE AMERICO;;;0;;Colis?â?úo;Via Iluminada;;Seca;Meio de Quadra;;;0;0;2;1;0;0;0;0;0;0;0;0;;
322729;16;5;2018;08:05;242;RUA GAL BERNARDO FIGUEIREDO;RUA COS ALVARO DE OLIVEIRA;;0;;Colis?â?úo Transversal;Luz do Dia;Bom;Seca;Cruz;Pare;Residencial;0;0;2;1;0;0;0;0;0;0;0;0;-3,740373000000000;-38,555261000000000
322730;16;5;2018;07:40;15135;AV HIS RAIMUNDO GIRAO;RUA FRANCISCO DIAS RIBEIRO;;0;;Colis?â?úo Transversal;Luz do Dia;Bom;Seca;Cruz;Pare;Comercial;0;1;2;1;0;0;0;0;0;1;0;0;-3,724024000000000;-38,504397000000000
322731;16;5;2018;09:04;0;RUA MARIA GOMES DE SA;;;2150;;Colis?â?úo Traseira;Luz do Dia;Bom;Seca;Meio de Quadra;Sem?â?íforo;Comercial;0;1;1;1;0;0;0;0;0;0;0;0;-3,821241900000000;-38,585518000000000
322732;16;5;2018;08:40;0;RUA JOSE CARLOS GURGEL NOGUEIRA;;;320;;Colis?â?úo Lateral;Luz do Dia;Bom;Seca;Meio de Quadra;Sem?â?íforo;Comercial;0;1;1;0;0;0;0;0;0;1;0;0;-3,734977500000000;-38,475120000000000
322733;16;5;2018;10:59;0;AV BEZERRA DE MENEZES;RUA DOM GERONIMO;;0;;Colis?â?úo Lateral;Luz do Dia;Bom;Seca;T;Pare;Comercial;0;0;2;1;0;0;0;0;0;1;0;0;-3,731537800000000;-38,543790000000000
322734;16;5;2018;13:50;3771;AV DOMINGOS OLIMPIO;AV DA UNIVERSIDADE;;0;;Colis?â?úo;Luz do Dia;Bom;Seca;Cruz;Sem?â?íforo;Comercial;0;0;2;1;0;0;0;1;0;0;0;0;-3,735594000000000;-38,534216000000000
322736;16;5;2018;14:12;331;RUA ERICO MOTA;RUA NESTOR BARBOSA;;0;;Colis?â?úo Transversal;Luz do Dia;Bom;Seca;Cruz;Pare;Residencial;0;2;1;0;0;0;0;0;0;1;0;0;-3,745189000000000;-38,560980000000000
322737;16;5;2018;16:55;0;AV HIS RAIMUNDO GIRAO;;;412;;Colis?â?úo Traseira;Luz do Dia;Bom;Seca;Meio de Quadra;Sem?â?íforo;Residencial;0;0;2;1;0;0;0;0;0;0;0;0;-3,720770600000000;-38,512140000000000
322738;16;5;2018;16:40;255;RUA PEDRO DE QUEIROZ;RUA GAL BERNARDO FIGUEIREDO;;0;;Colis?â?úo Transversal;Luz do Dia;Bom;Seca;Cruz;Pare;Residencial;0;0;2;1;0;0;0;0;0;0;0;0;-3,741235000000000;-38,559509000000000
322739;16;5;2018;18:44;15224;AV BAR STUDART;RUA DEP MOREIRA DA ROCHA;;0;;Colis?â?úo Traseira;Mal Iluminada;Bom;Seca;Cruz;N?â?úo H?â?í Controle;Comercial;0;1;1;1;0;0;0;0;0;1;0;0;-3,727254000000000;-38,504238000000000
322740;16;5;2018;19:08;0;AV RUI BARBOSA;;;0;;Colis?â?úo Lateral;Mal Iluminada;Bom;Seca;Meio de Quadra;Gesto;Comercial;0;0;2;1;0;0;0;0;0;0;0;0;-3,736539600000000;-38,509663000000000
322741;16;5;2018;22:00;0;AV EDUARDO GIRAO;;;420;;Colis?â?úo Transversal;Via Iluminada;Bom;Seca;Meio de Quadra;N?â?úo H?â?í Controle;Residencial;0;1;0;0;0;0;0;0;0;1;0;0;-3,756550600000000;-38,527920000000000
322742;16;5;2018;21:45;8979;AV DUQ CAXIAS;RUA JUSTINIANO DE SERPA;;0;;N?â?úo Informado;Via Iluminada;Bom;Seca;Cruz;Pare;Comercial;0;0;1;0;0;1;0;0;0;0;0;0;-3,727637000000000;-38,542701000000000
322743;16;5;2018;23:42;0;AV GAL OSORIO DE PAIVA;;;6391;;Atropelamento;Mal Iluminada;Bom;Seca;Meio de Quadra;Sem?â?íforo;Comercial;0;2;0;0;0;0;0;0;0;0;0;0;-3,811047300000000;-38,608110000000000
322432;16;5;2018;08:28;22070;RUA JOSE FACANHA;RUA PAPI JUNIOR;;0;;Colis?â?úo Transversal;Luz do Dia;Chuva;Molhada;Cruz;Pare;Comercial;0;0;2;1;0;0;0;0;0;1;0;0;-3,752136000000000;-38,557265000000000
322744;17;5;2018;08:40;0;AV AGUANAMBI;;;0;ROTAT?âÔÇ£RIA;Colis?â?úo Lateral;Luz do Dia;Bom;Seca;Rotat?â??ria;N?â?úo H?â?í Controle;Comercial;0;0;2;1;0;0;0;0;0;0;0;0;-3,756425000000000;-38,523956000000000
322745;17;5;2018;08:42;0;RUA AVELEDO;;;396;;N?â?úo Informado;Luz do Dia;Nublado;Seca;Meio de Quadra;N?â?úo H?â?í Controle;Residencial;0;0;2;1;0;0;0;0;0;0;0;0;-3,836308500000000;-38,497177000000000
322747;17;5;2018;10:45;0;RUA CARLOS AMORA;;;136;;Colis?â?úo Lateral;Luz do Dia;Bom;Seca;Meio de Quadra;N?â?úo H?â?í Controle;Comercial;0;0;2;1;0;0;0;0;0;0;0;0;-3,776514500000000;-38,562590000000000
322748;17;5;2018;10:30;5345;AV VIS RIO BRANCO;RUA PEDRO PEREIRA;;0;;Colis?â?úo Transversal;Luz do Dia;Bom;Seca;Cruz;Sem?â?íforo;Comercial;0;1;0;0;0;0;0;0;0;1;0;0;-3,730803000000000;-38,525198000000000
322749;17;5;2018;13:10;0;AV C CJ JOSE WALTER;;;550;;Colis?â?úo Traseira;Luz do Dia;Bom;Seca;Rotat?â??ria;D?â?¬ Prefer?â?¬ncia;Residencial;0;1;1;1;0;0;0;0;0;0;0;0;-3,827397000000000;-38,551476000000000
322750;17;5;2018;15:46;25081;AV SANTOS DUMONT;RUA DEP ALFREDO BARREIRA FILHO;;0;;Colis?â?úo Transversal;Luz do Dia;Bom;Seca;T;N?â?úo H?â?í Controle;Comercial;0;1;1;1;0;0;0;0;0;1;0;0;-3,747738800000000;-38,462708000000000
322751;17;5;2018;19:08;1309;RUA ILDEFONSO ALBANO;RUA FIUZA DE PONTES;;0;;Colis?â?úo Transversal;Via Iluminada;Chuva;Inundada;Cruz;Pare;Comercial;0;0;2;1;0;0;0;0;0;1;0;0;-3,734722000000000;-38,513672000000000
322752;17;5;2018;20:52;10993;RUA BAR CANINDE;RUA 15 DE NOVEMBRO;;0;;Colis?â?úo Transversal;Via Iluminada;Chuva;Molhada;Cruz;Sem?â?íforo;Comercial;0;0;2;1;0;0;0;0;0;0;0;0;-3,768608000000000;-38,556768000000000
322753;17;5;2018;21:18;5366;AV DUQ CAXIAS;RUA SEN POMPEU;;0;;Colis?â?úo Transversal;Via Iluminada;Chuva;Molhada;Cruz;Sem?â?íforo;Comercial;0;0;2;0;0;0;0;0;0;1;0;0;-3,731430000000000;-38,530994000000000
322759;17;5;2018;19:10;1564;RUA CAROLINA SUCUPIRA;RUA LEONARDO MOTA;;0;;Colis?â?úo Transversal;Mal Iluminada;Chuva;Molhada;Cruz;N?â?úo H?â?í Controle;Residencial;0;0;1;1;0;0;0;0;0;0;0;0;-3,741825000000000;-38,497995000000000
322801;17;5;2018;01:17;0;RUA ERICO MOTA;;;1040;;Choque c/ Obst?â?ículo Fixo;Via Iluminada;Bom;Seca;N?â?úo Informado;Pare;Comercial;0;0;1;1;0;0;0;0;0;0;0;0;-3,746238500000000;-38,560734000000000
327619;17;5;2018;00:20;0;RD CE-060;;;0;KM-02;Colis?â?úo;Via Iluminada;;Seca;Meio de Quadra;;;0;0;2;1;0;0;0;0;0;0;0;0;-3,834064000000000;-38,582111000000000
327620;17;5;2018;20:20;0;RD CE-040;;;0;KM-08;Colis?â?úo;Via Iluminada;;Seca;Meio de Quadra;;;0;0;2;0;0;0;0;0;0;0;0;0;-3,825515822000000;-38,481538320000000
326983;17;5;2018;15:50;5284;RUA PRC ISABEL;RUA PEDRO I;;0;;Colis?â?úo Frontal;Luz do Dia;Bom;Seca;Cruz;Pare;Comercial;0;0;2;0;0;0;1;0;0;1;0;0;-3,728809000000000;-38,536144000000000
326984;17;5;2018;10:40;735;AV TEN LISBOA;AV DR THEBERGE;;0;;Colis?â?úo Transversal;Luz do Dia;Bom;Seca;Cruz;Pare;Comercial;0;0;2;1;0;0;0;0;0;0;0;0;-3,720711000000000;-38,566942000000000
326994;17;5;2018;07:35;0;AV DR SILAS MUNGUBA;;;1050;;Colis?â?úo Lateral;Luz do Dia;Bom;Seca;Meio de Quadra;Outros;Residencial;0;1;2;1;0;0;0;0;0;1;0;0;-3,781894706000000;-38,556314529000000
326989;17;5;2018;13:50;19375;RUA NAPOLEAO QUEZADO;RUA CON DE CASTRO;;0;;Colis?â?úo Transversal;Luz do Dia;Bom;Seca;Cruz;Pare;Comercial;0;0;2;1;0;0;0;0;0;0;0;0;-3,777706000000000;-38,566777000000000
327428;17;5;2018;23:20;0;RD BR 222;;;0;KM-02;Colis?â?úo Transversal;;;;Meio de Quadra;;;0;1;1;1;0;0;0;0;0;0;0;0;-3,740362400000000;-38,596996100000000
330318;17;5;2018;06:59;0;AV GOV RAUL BARBOSA;;;7239;;Queda;Luz do Dia;;;Meio de Quadra;;;0;1;0;0;0;0;0;0;0;1;0;0;-3,775580667000000;-38,513037000000000
330327;17;5;2018;09:21;11856;AV FRANCISCO SA;RUA JOSE PINTO DO CARMO;;0;;Colis?â?úo;Luz do Dia;;;Cruz;Sem?â?íforo;Residencial;0;1;0;1;0;0;0;0;0;1;0;0;-3,721324000000000;-38,545407000000000
330322;17;5;2018;07:00;0;AV GOV RAUL BARBOSA;;;722722;;Colis?â?úo;Luz do Dia;;;Meio de Quadra;;;0;1;0;0;0;0;0;0;0;0;0;0;;
330323;17;5;2018;07:06;11601;AV JOSE LEON;AV DES FAUSTINO ALBUQUERQUE;;0;;Colis?â?úo;Luz do Dia;;;T;Pare;Comercial;0;1;0;1;0;0;0;0;0;1;0;0;-3,788245000000000;-38,500137000000000
330324;17;5;2018;08:52;0;AV DEP PAULINO ROCHA;;;2026;;Colis?â?úo;Luz do Dia;;;Meio de Quadra;;;0;1;0;0;0;0;0;0;0;0;0;0;-3,811031112000000;-38,515796963000000
330344;17;5;2018;21:25;0;AV GAL OSORIO DE PAIVA;;;7470;;Atropelamento;;;;Meio de Quadra;;;0;1;0;1;0;0;0;0;0;0;0;0;-3,817147506000000;-38,614117030000000
330334;17;5;2018;17:09;17501;AV ABOLICAO;RUA MANUEL JESUINO;;0;;Colis?â?úo;Anoitecer;;;Cruz;Sem?â?íforo;Comercial;0;1;0;1;0;0;0;0;0;1;0;0;-3,725398000000000;-38,484515000000000
330341;17;5;2018;20:52;17350;RUA BAR SOBRAL;RUA JOAO FIRMINO;;0;;Colis?â?úo;;;;Cruz;Pare;Residencial;0;1;0;1;0;0;0;0;0;1;0;0;-3,765714000000000;-38,556531000000000
330342;17;5;2018;21:01;0;AV DIOGUINHO;;;1020;;Colis?â?úo;;;;Meio de Quadra;;;0;1;0;1;0;0;0;0;0;1;0;0;-3,758050000000000;-38,444970000000000
330337;17;5;2018;18:16;7479;RUA PEDRO DANTAS;AV ALBERTO CRAVEIRO;;0;;Colis?â?úo;Anoitecer;;;T;Sem?â?íforo;Residencial;0;1;0;0;0;0;0;0;0;1;0;0;-3,786753000000000;-38,517220000000000
330338;17;5;2018;19:55;0;AV GOV RAUL BARBOSA;;;7408;;Colis?â?úo;;;;Meio de Quadra;;;0;1;0;1;0;0;0;0;0;1;0;0;-3,776311000000000;-38,513141000000000
330330;17;5;2018;13:53;13396;RUA JOAO BRIGIDO;RUA BAR ARACATI;;0;;Colis?â?úo;Luz do Dia;;;Cruz;Pare;Comercial;0;1;0;1;0;0;0;0;0;1;0;0;-3,740939000000000;-38,514697000000000
330331;17;5;2018;16:15;19708;RUA GUSTAVO SAMPAIO;RUA PRO LINO ENCARNACAO;;0;;Colis?â?úo;Luz do Dia;;;Cruz;Pare;Comercial;0;1;0;1;0;0;0;0;0;1;0;0;-3,736332000000000;-38,561651000000000
330348;17;5;2018;23:23;0;AV MR HULL;;;0;;Colis?â?úo;;;;Meio de Quadra;;;0;1;0;1;0;0;0;0;0;1;0;0;;
330346;17;5;2018;22:26;0;AV DES GONZAGA;;;1410;;Queda;;;;Meio de Quadra;;;0;1;0;0;0;0;0;0;0;1;0;0;-3,799182146000000;-38,498981049000000
320851;17;5;2018;20:30;0;AV MR HULL;;;4510;VIADUTO;Atropelamento;;;;;;;1;0;1;0;0;0;0;0;0;0;0;0;-3,738708000000000;-38,585049000000000
320852;18;5;2018;11:19;0;AV GAL OSORIO DE PAIVA;;;2955;;Atropelamento;Luz do Dia;;;Meio de Quadra;;;1;1;0;0;1;0;0;0;0;0;0;0;-3,789256000000000;-38,587028000000000
330352;18;5;2018;06:23;25486;AV SEN CARLOS JEREISSATI (AEROPORTO);AV ALBERTO CRAVEIRO;;0;;Colis?â?úo;Luz do Dia;;;Y;N?â?úo H?â?í Controle;Comercial;0;1;0;1;0;0;0;0;0;1;0;0;-3,783767000000000;-38,516874000000000
330364;18;5;2018;11:04;0;AV GAL OSORIO DE PAIVA;;;2902;;Atropelamento;Luz do Dia;;;Meio de Quadra;;;0;1;0;0;1;0;0;0;0;0;0;0;-3,788585000000000;-38,586351500000000
330357;18;5;2018;07:21;0;RUA ARTUR DE CARVALHO;;;2640;;Colis?â?úo;Luz do Dia;;;Meio de Quadra;;;0;1;0;1;0;0;0;0;0;1;0;0;-3,761860000000000;-38,534960000000000
330355;18;5;2018;07:10;0;AV DR THEBERGE;;;1991;;Colis?â?úo;Luz do Dia;;;Meio de Quadra;;;0;1;0;1;0;0;0;0;0;1;0;0;-3,718007000000000;-38,566062000000000
330373;18;5;2018;15:52;0;AV FRE CIRILO;;;3748;;Colis?â?úo;Luz do Dia;;;Meio de Quadra;;;0;1;0;1;0;0;0;0;0;1;0;0;-3,816808000000000;-38,497630000000000
330374;18;5;2018;18:03;0;RUA JARDIM FLUMINENSE;;;1330;;;Anoitecer;;;Meio de Quadra;;;0;3;0;0;0;0;0;0;0;0;0;0;-3,812260000000000;-38,598960000000000