COD_ACIDENTE;DIA;MES;ANO;HORA;INTERSECAO;LOG1;LOG2;LOG3;NUMERO;REFERENCIA;NATUREZA;ILUMINACAO;TEMPO;SUPERFICIEPISTA;TIPOCRUZAMENTO;CONTROLETRAFEGO;USOSOLO;MORTOS;FERIDOS;ILESOS;AUTOMOVEL;ONIBUS;BICICLETA;CAMINHAO;MICROONIBUS;CICLOMOTOR;MOTOCICLETA;TRACAOANIMAL;TREM;LATITUDE;LONGITUDE
330375;18;5;2018;18:10;0;AV EDUARDO GIRAO;;;0;;Colis?â?úo;Anoitecer;;;Meio de Quadra;;;0;1;0;1;0;0;0;0;0;0;0;0;;
330370;18;5;2018;14:28;9575;RUA SAO LUIZ DO OESTE;RUA TEODORO DE CASTRO;;0;;Colis?â?úo;Luz do Dia;;;Cruz;Pare;Residencial;0;1;0;0;0;0;0;0;0;1;0;0;-3,778623000000000;-38,609112000000000
330371;18;5;2018;15:35;0;TR IPIRANGA D39;;;2106;;Atropelamento;Luz do Dia;;;Meio de Quadra;;;0;1;0;0;0;0;0;0;0;1;0;0;;
330366;18;5;2018;11:21;7323;RUA MACAPA;RUA RORAIMA;;0;;Queda;Luz do Dia;;;;;;0;1;0;0;0;0;0;0;0;1;0;0;-3,752968000000000;-38,591636000000000
330367;18;5;2018;11:44;0;AV GODOFREDO MACIEL;;;5083;;Queda;Luz do Dia;;;Meio de Quadra;;;0;1;0;0;0;0;0;0;0;1;0;0;-3,818808000000000;-38,576204000000000
330401;18;5;2018;21:36;0;RUA VITAL BRASIL;;;2821;;Colis?â?úo;;;;Meio de Quadra;;;0;1;0;1;0;0;0;0;0;1;0;0;-3,775950000000000;-38,606050000000000
330398;18;5;2018;19:41;0;RUA PRO DAVID FELINO;;;0;;Colis?â?úo;;;;Meio de Quadra;;;0;1;0;1;0;0;0;0;0;1;0;0;;
330399;18;5;2018;20:13;0;RUA CARLOS CHAGAS;;;588;;Colis?â?úo;;;;;;;0;1;0;1;0;0;0;0;0;1;0;0;-3,780113000000000;-38,585335000000000
330403;18;5;2018;21:37;0;AV GAL OSORIO DE PAIVA;;;7010;;Outros;;;;Meio de Quadra;;;0;1;0;0;0;0;0;0;0;0;0;0;-3,814295000000000;-38,611360000000000
330405;18;5;2018;21:45;0;AV CASTELO DE CASTRO;;;1547;;Queda;;;;Meio de Quadra;;;0;1;0;0;0;0;0;0;0;1;0;0;-3,843012227000000;-38,521584614000000
330406;18;5;2018;22:14;0;RUA ALBERTO MAGNO;;;1340;;Colis?â?úo;;;;Meio de Quadra;;;0;1;0;1;0;0;0;0;0;1;0;0;-3,764244000000000;-38,549422000000000
330407;18;5;2018;23:17;0;RD BR 116;;;0;;Queda;;;;Meio de Quadra;;;0;1;0;0;0;0;0;0;0;1;0;0;;
327429;18;5;2018;10:00;0;RD BR 116;;;3200;CELBRA 1 (KM 12);Tombamento;Luz do Dia;;;Meio de Quadra;;;0;0;1;0;0;0;0;0;0;0;0;0;-3,855740000000000;-38,496066000000000
326996;18;5;2018;17:00;0;AV WENEFRIDO MELO;;;390;;Engavetamento;Anoitecer;Bom;Seca;Meio de Quadra;Sem?â?íforo;Comercial;0;0;4;1;0;0;0;0;0;0;0;0;-3,811112107000000;-38,575463319000000
326998;18;5;2018;08:05;5295;AV IMPERADOR;RUA PEDRO I;;0;;Colis?â?úo Traseira;Luz do Dia;Bom;Seca;Cruz;Sem?â?íforo;Comercial;0;0;2;0;1;0;0;0;0;0;0;0;-3,729161000000000;-38,535035000000000
327002;18;5;2018;06:30;24990;AV PRS COSTA E SILVA;AV PRS JUSCELINO KUBITSCHEK (PASSAR?âÔÇ?);;0;;Engavetamento;Luz do Dia;Bom;Seca;T;Sem?â?íforo;Residencial;0;1;2;1;1;0;0;0;0;1;0;0;-3,825648000000000;-38,539516000000000
327222;18;5;2018;10:00;17937;RUA BALDUINO FREIRE;RUA EVANDRO LUZ;;0;;Colis?â?úo;Luz do Dia;;;Cruz;Pare;Residencial;0;0;1;1;0;0;0;0;0;0;0;0;-3,734161000000000;-38,577096000000000
327223;18;5;2018;18:10;5451;AV DOM MANUEL;RUA BARBARA DE ALENCAR;;0;;Colis?â?úo;Anoitecer;;;Cruz;Sem?â?íforo;Comercial;0;0;1;0;0;0;0;0;0;1;0;0;-3,734972000000000;-38,523262000000000
327243;18;5;2018;08:00;0;AV DR THEBERGE;;;1990;;Colis?â?úo;Luz do Dia;;;Meio de Quadra;;;0;0;1;0;0;0;0;0;0;1;0;0;-3,718055167000000;-38,566077500000000
327621;18;5;2018;08:20;0;RD CE-040;;;0;KM-05;Colis?â?úo;Luz do Dia;;Seca;Meio de Quadra;;;0;1;1;0;0;0;0;0;0;1;0;0;-3,800595823000000;-38,479534630000000
327624;18;5;2018;09:30;0;RD CE-040;;;0;KM-08;Colis?â?úo;Luz do Dia;;Seca;Meio de Quadra;;;0;1;1;1;0;0;0;0;0;1;0;0;-3,825515822000000;-38,481538320000000
322760;18;5;2018;09:40;0;RUA JOAO BRIGIDO;RUA PDE VALDEVINO;;0;;Colis?â?úo Transversal;Luz do Dia;Bom;Seca;Cruz;Sem?â?íforo;Residencial;0;0;2;1;0;0;0;0;0;0;0;0;-3,738628000000000;-38,522213000000000
322761;18;5;2018;09:17;788;RUA TEN JAIME ANDRADE;RUA ASP MENDES;;0;;Colis?â?úo Transversal;Luz do Dia;Bom;Seca;Cruz;Pare;Comercial;0;1;2;1;0;0;0;0;0;1;0;0;-3,771226000000000;-38,513779000000000
322762;18;5;2018;15:08;19310;RUA GUILHERME PERDIGAO;RUA DES GOMES PARENTE;;0;;N?â?úo Informado;Luz do Dia;Bom;Seca;Cruz;Pare;Residencial;0;1;1;1;0;0;0;0;0;1;0;0;-3,775031000000000;-38,573368000000000
322763;18;5;2018;13:45;0;RUA ILDEFONSO ALBANO;;;1528;;Colis?â?úo Traseira;Luz do Dia;Bom;Seca;Meio de Quadra;N?â?úo H?â?í Controle;Comercial;0;1;1;1;0;0;0;0;0;1;0;0;-3,734362000000000;-38,513603000000000
322764;18;5;2018;12:30;8935;AV DOMINGOS OLIMPIO;RUA TEREZA CRISTINA;;0;;Colis?â?úo Lateral;Luz do Dia;Bom;Seca;T;N?â?úo H?â?í Controle;Comercial;0;2;1;1;0;0;0;0;0;1;0;0;-3,734086000000000;-38,538883000000000
322765;18;5;2018;17:17;5329;RUA SOLON PINHEIRO;RUA PEDRO PEREIRA;;0;;Colis?â?úo Lateral;Luz do Dia;Bom;Seca;Cruz;N?â?úo H?â?í Controle;Comercial;0;0;2;1;1;0;0;0;0;0;0;0;-3,730414000000000;-38,526298000000000
322766;18;5;2018;18:34;9144;RUA CEL PERGENTINO FERREIRA;RUA JUVENAL DE CARVALHO;;0;;Colis?â?úo Lateral;Via Iluminada;Bom;Seca;Cruz;Pare;Residencial;0;0;2;1;0;0;0;0;0;0;0;0;-3,748779000000000;-38,524903000000000
322767;18;5;2018;19:15;7982;RUA CARLOS CAMARA;RUA MAJ WEYNE;;0;;Colis?â?úo Transversal;Via Iluminada;Nublado;Seca;Cruz;Pare;Residencial;0;1;0;0;0;0;0;0;0;1;0;0;-3,748600000000000;-38,544497000000000
322768;18;5;2018;22:10;0;RUA SILVA JARDIM;;;700;;Colis?â?úo Lateral;Via Iluminada;Bom;Seca;Meio de Quadra;N?â?úo H?â?í Controle;Residencial;0;0;1;1;0;0;0;0;0;0;0;0;-3,755293400000000;-38,531650000000000
322755;18;5;2018;07:20;7846;RUA JOSE VILAR;RUA JULIO SIQUEIRA;;0;;Colis?â?úo Lateral;Luz do Dia;Bom;Seca;Cruz;Pare;Comercial;0;1;1;1;0;0;0;0;0;1;0;0;-3,749493000000000;-38,509103000000000
322756;18;5;2018;07:57;0;RUA CEL MATOS DOURADO;;;1291;;Colis?â?úo Traseira;Luz do Dia;Bom;Seca;Meio de Quadra;N?â?úo H?â?í Controle;Comercial;0;1;1;0;0;0;0;0;0;1;0;0;-3,751279800000000;-38,583992000000000
322757;18;5;2018;08:16;13414;RUA CARLOS VASCONCELOS;AV ANTONIO SALES;;0;;Atropelamento;Luz do Dia;Bom;Seca;Cruz;Sem?â?íforo;Comercial;0;1;1;1;0;0;0;0;0;0;0;0;-3,741942000000000;-38,513726000000000
322758;18;5;2018;09:56;22290;AV BENJAMIM BARROSO;RUA JOSE MARROCOS;;0;;Colis?â?úo Transversal;Luz do Dia;Bom;Seca;Cruz;Pare;Comercial;0;1;1;1;0;0;0;0;0;1;0;0;-3,731142000000000;-38,550461000000000
322769;19;5;2018;00:55;0;RUA ZENILO ALMADA;;;0;;Colis?â?úo Traseira;Via Iluminada;Bom;Seca;Meio de Quadra;Pare;Comercial;0;0;2;1;0;0;0;0;0;1;0;0;-3,725273100000000;-38,566930000000000
322770;19;5;2018;13:51;0;AV GAL OSORIO DE PAIVA;;;5854;;Colis?â?úo Traseira;Luz do Dia;Bom;Seca;Meio de Quadra;Sem?â?íforo;Residencial;0;0;1;0;0;0;0;0;0;1;0;0;-3,807611000000000;-38,605060000000000
322771;19;5;2018;20:23;0;AV CEL FRANCISCO FLAVIO CARNEIRO;;;0;;Colis?â?úo Traseira;Via Iluminada;Bom;Seca;Rotat?â??ria;D?â?¬ Prefer?â?¬ncia;Residencial;0;0;2;1;0;0;0;0;0;0;0;0;-3,780254100000000;-38,488026000000000
322772;19;5;2018;21:16;1270;RUA JOAO CORDEIRO;RUA PINTO MADEIRA;;0;;Colis?â?úo Transversal;Via Iluminada;Bom;Seca;Cruz;Sem?â?íforo;Comercial;0;0;1;1;0;0;0;0;0;0;0;0;-3,732960000000000;-38,515428000000000
322773;19;5;2018;20:44;0;AV DOS EXPEDICIONARIOS;;;4164;;Engavetamento;Mal Iluminada;Bom;Seca;Cruz;Sem?â?íforo;Comercial;0;0;3;1;0;0;0;0;0;0;0;0;-3,754828500000000;-38,538160000000000
322785;19;5;2018;16:36;0;RUA PLANALTINA (BONSUCESSO);RUA VALFREDO CAMPOS;;0;;Colis?â?úo Transversal;Luz do Dia;Bom;Seca;Cruz;Pare;Residencial;0;0;2;1;0;0;0;0;0;0;0;0;-3,785446600000000;-38,585823000000000
327626;19;5;2018;12:30;0;RD CE-040;;;0;KM-11;Colis?â?úo;Luz do Dia;;Seca;Meio de Quadra;;;0;0;2;1;0;0;0;0;0;0;0;0;-3,849626230000000;-38,476069890000000
327627;19;5;2018;13:40;0;RD CE-025;;;0;KM-01;Colis?â?úo;Luz do Dia;;Seca;Meio de Quadra;;;0;0;2;1;1;0;0;0;0;0;0;0;-3,807811443000000;-38,470048600000000
327628;19;5;2018;19:30;0;RD CE-060;;;0;KM-01;Colis?â?úo;Via Iluminada;;Seca;Meio de Quadra;;;0;0;2;1;0;0;0;0;0;1;0;0;-3,826136000000000;-38,579500000000000
327003;19;5;2018;06:50;0;AV BEZERRA DE MENEZES;;;1418;;Queda;Luz do Dia;Bom;Seca;Meio de Quadra;Sem?â?íforo;Comercial;0;1;1;0;0;0;0;0;0;1;0;0;-3,734210769000000;-38,557464615000000
327430;19;5;2018;07:55;0;RD BR 116;;;5000;KM-05;Colis?â?úo Traseira;Luz do Dia;;;Meio de Quadra;;;0;0;2;1;0;0;0;0;0;0;0;0;-3,796502000000000;-38,506787000000000
327431;19;5;2018;09:00;0;RD BR 116;;;3000;KM-03;Colis?â?úo Lateral;Luz do Dia;;;Meio de Quadra;;;0;2;1;0;0;0;0;0;0;1;0;0;-3,779838000000000;-38,514372000000000
327432;19;5;2018;16:17;0;RD BR 116;;;11000;KM-11;Atropelamento;Luz do Dia;;;Meio de Quadra;;;0;2;0;0;0;0;0;0;0;1;0;0;-3,847160000000000;-38,497176000000000
330414;19;5;2018;00:06;25003;AV DR THEBERGE;AV SGT HERMINIO SAMPAIO;;0;;Colis?â?úo;;;;Cruz;Sem?â?íforo;Misto;0;1;0;0;0;0;0;0;0;0;0;0;-3,727916000000000;-38,569276000000000
330415;19;5;2018;05:46;8934;AV DOMINGOS OLIMPIO;RUA PDE MORORO;;0;;Queda;Amanhecer;;;Cruz;Sem?â?íforo;Residencial;0;1;0;0;0;0;0;0;0;1;0;0;-3,733752000000000;-38,539949000000000
330417;19;5;2018;06:26;0;AV SEN CARLOS JEREISSATI (AEROPORTO);;;0;;Colis?â?úo;Luz do Dia;;;Meio de Quadra;;;0;1;0;1;0;0;0;0;0;1;0;0;;
330419;19;5;2018;06:35;10364;RUA 24 DE OUTUBRO;RUA NOSSA SRA APARECIDA;;0;;Colis?â?úo;Luz do Dia;;;Cruz;N?â?úo H?â?í Controle;Residencial;0;1;0;1;0;0;0;0;0;1;0;0;-3,757660000000000;-38,603743000000000
330442;19;5;2018;19:55;0;RUA ARTUR DE CARVALHO;;;2213;;Colis?â?úo;;;;Meio de Quadra;;;0;1;0;0;0;0;0;0;0;1;0;0;;
330454;19;5;2018;20:26;1270;RUA PINTO MADEIRA;RUA JOAO CORDEIRO;;0;;Colis?â?úo;;;;Cruz;Sem?â?íforo;Comercial;0;1;0;1;0;0;0;0;0;1;0;0;-3,732960000000000;-38,515428000000000
330444;19;5;2018;19:49;0;RUA CON DE CASTRO;;;8360;;Colis?â?úo;;;;Meio de Quadra;;;0;1;0;0;0;0;0;0;0;0;0;0;-3,819002600000000;-38,602425000000000
330460;19;5;2018;23:22;0;RUA BERNARDO MANUEL;;;294;;Colis?â?úo;;;;Meio de Quadra;;;0;1;0;0;0;0;0;0;0;0;0;0;;
330458;19;5;2018;22:54;0;RUA DOM CARLOTO TAVORA;;;1920;;Colis?â?úo;;;;Meio de Quadra;;;0;1;0;1;0;0;0;0;0;0;0;0;;
330456;19;5;2018;21:28;0;AV PRS COSTA E SILVA;;;1578;;Colis?â?úo;;;;Meio de Quadra;;;0;1;0;0;0;0;0;0;0;0;0;0;-3,818097100000000;-38,565077600000000
330447;19;5;2018;20:21;0;AV WASHINGTON SOARES;;;0;;Atropelamento;;;;Meio de Quadra;;;0;1;0;0;0;0;0;0;0;1;0;0;;
330438;19;5;2018;19:11;0;AV PRS CASTELO BRANCO;;;4930;;Colis?â?úo;;;;Meio de Quadra;;;0;1;0;0;0;0;0;0;0;1;0;0;-3,705553605000000;-38,575929791000000
330435;19;5;2018;18:44;0;AV DA INDEPENDENCIA;;;2534;;Colis?â?úo;;;;Meio de Quadra;;;0;1;0;1;0;0;0;0;0;1;0;0;-3,723425919000000;-38,602816189000000
330432;19;5;2018;16:42;0;RUA PEDRO DANTAS;;;586;;Colis?â?úo;Luz do Dia;;;Meio de Quadra;;;0;1;0;1;0;0;0;0;0;1;0;0;-3,785660000000000;-38,522970000000000
330433;19;5;2018;17:10;0;AV PRS COSTA E SILVA;;;2121;;Queda;Anoitecer;;;Meio de Quadra;;;0;1;0;0;0;1;0;0;0;0;0;0;-3,818705100000000;-38,562856700000000
330421;19;5;2018;08:04;0;AV DA INDEPENDENCIA;;;103;;Colis?â?úo;Luz do Dia;;;Meio de Quadra;;;0;1;0;1;0;0;0;0;0;1;0;0;-3,729199468000000;-38,583322482000000
330423;19;5;2018;09:21;0;RUA EQUADOR;;;869;;Colis?â?úo;Luz do Dia;;;Meio de Quadra;;;0;1;0;1;0;0;0;0;0;1;0;0;-3,775248150000000;-38,552785600000000
330426;19;5;2018;09:42;0;AV ALBERTO CRAVEIRO;;;0;;Colis?â?úo;Luz do Dia;;;Meio de Quadra;;;0;1;0;1;0;0;0;0;0;1;0;0;;
330427;19;5;2018;10:43;0;AV GAL OSORIO DE PAIVA;;;5858;;Colis?â?úo;Luz do Dia;;;Meio de Quadra;;;0;1;0;1;0;0;0;0;0;1;0;0;-3,807645000000000;-38,604907200000000
330428;19;5;2018;10:45;0;AV PRS CASTELO BRANCO;;;4385;;Colis?â?úo;Luz do Dia;;;Meio de Quadra;;;0;1;0;1;0;0;0;0;0;1;0;0;-3,707108000000000;-38,571974000000000
330429;19;5;2018;11:54;0;RUA PDE IBIAPINA;AV BEZERRA DE MENEZES;;0;;Atropelamento;Luz do Dia;;;Meio de Quadra;;;0;1;0;1;0;0;0;0;0;0;0;0;;
330430;19;5;2018;13:36;0;RUA VOLTA DO RIO;;;465;;Queda;Luz do Dia;;;Meio de Quadra;;;0;1;0;0;0;0;0;0;0;1;0;0;-3,734001400000000;-38,599604000000000
320857;19;5;2018;18:00;0;RUA TANCREDO NEVES UI 505;;;0;;Queda;Anoitecer;;;Meio de Quadra;;;1;0;0;0;0;1;0;0;0;0;0;0;;
320875;20;5;2018;20:00;0;AV DA INDEPENDENCIA;;;0;;Colis?â?úo;;;;Meio de Quadra;;;1;0;0;0;0;1;0;0;0;0;0;0;;
330483;20;5;2018;18:14;0;AV NOSSA SRA DAS GRACAS;;;1192;;Colis?â?úo;Anoitecer;;;Meio de Quadra;;;0;1;0;0;0;0;0;0;0;1;0;0;-3,707830000000000;-38,561070000000000
330490;20;5;2018;20:12;0;RUA PRO VIRGILIO DE MORAIS;;;0;;Queda;;;;Meio de Quadra;;;0;1;0;0;0;1;0;0;0;0;0;0;;
330491;20;5;2018;20:40;0;AV ALBERTO CRAVEIRO;;;0;;Colis?â?úo;;;;Meio de Quadra;;;0;1;0;1;0;1;0;0;0;0;0;0;;
330486;20;5;2018;19:12;3199;RUA VITAL BRASIL;RUA VERBENA;;0;;Colis?â?úo;;;;;Sem?â?íforo;Comercial;0;1;0;1;0;0;0;0;0;1;0;0;-3,780666000000000;-38,588650000000000
330487;20;5;2018;19:31;0;RUA ALAN KARDEC;;;1254;;Colis?â?úo;;;;Meio de Quadra;;;0;1;0;1;0;0;0;0;0;0;0;0;-3,767150000000000;-38,547200000000000
330481;20;5;2018;16:40;3263;AV PERIMETRAL;RUA POMAR CARIOCA;;0;;Colis?â?úo;Luz do Dia;;;Cruz;Outros;Residencial;0;1;0;1;0;0;0;0;0;1;0;0;-3,784820000000000;-38,589809000000000
330462;20;5;2018;00:09;1855;TR JOSE MARQUES D69;RUA CRUZEIRO D69;;0;;Colis?â?úo;;;;;;;0;1;0;1;0;0;0;0;0;1;0;0;-3,868523000000000;-38,499288000000000
330473;20;5;2018;14:39;0;RUA LUIS DE MIRANDA;;;0;;Colis?â?úo;Luz do Dia;;;Meio de Quadra;;;0;1;0;1;0;0;0;0;0;1;0;0;;
330474;20;5;2018;14:59;0;ET DO ITAPERI;;;2059;;Queda;Luz do Dia;;;Meio de Quadra;;;0;1;0;0;0;0;0;0;0;1;0;0;;
330475;20;5;2018;15:27;0;AV SEN FERNANDES TAVORA;;;2223;;Colis?â?úo;Luz do Dia;;;Meio de Quadra;;;0;1;0;1;0;0;0;0;0;1;0;0;-3,757244000000000;-38,591428000000000
330476;20;5;2018;15:40;0;RUA NOSSA SRA DAS GRACAS;;;1192;;Colis?â?úo;Luz do Dia;;;Meio de Quadra;;;0;1;0;0;0;0;0;0;0;1;0;0;-3,707879308000000;-38,561060359000000
330477;20;5;2018;16:18;0;RUA BERNARDO MANUEL;;;12934;;Colis?â?úo;Luz do Dia;;;Meio de Quadra;;;0;1;0;0;0;0;0;0;0;1;0;0;-3,830963000000000;-38,560983500000000
330478;20;5;2018;16:20;23344;RUA NUNES VALENTE;RUA EDUARDO BEZERRA;;0;;Colis?â?úo;Luz do Dia;;;Cruz;Pare;Residencial;0;1;0;1;0;0;0;0;0;1;0;0;-3,753429000000000;-38,509234000000000
330464;20;5;2018;00:42;1657;RUA CEL JUCA;RUA BENI DE CARVALHO;;0;;Colis?â?úo;;;;Cruz;Sem?â?íforo;Residencial;0;1;0;1;0;0;0;0;0;1;0;0;-3,746301000000000;-38,494070000000000
330465;20;5;2018;00:44;0;RUA VIA FERREA;;;2466;;Queda;;;;Meio de Quadra;;;0;1;0;0;0;0;0;0;0;1;0;0;;
330466;20;5;2018;02:23;0;RUA PDE IBIAPINA;;;1323;;Atropelamento;;;;Meio de Quadra;;;0;1;0;0;0;0;0;0;0;1;0;0;-3,726798333000000;-38,540480445000000
330467;20;5;2018;06:11;0;AV SANTOS DUMONT;;;0;;Atropelamento;Luz do Dia;;;Meio de Quadra;;;0;1;0;0;0;0;0;0;0;1;0;0;;
330468;20;5;2018;09:57;1232;RUA MON BRUNO;RUA COSTA BARROS;;0;;Colis?â?úo;Luz do Dia;;;Cruz;Pare;Comercial;0;1;0;0;0;0;0;0;0;0;0;0;-3,731183000000000;-38,509040000000000
330469;20;5;2018;11:05;0;RUA ALINE VIEIRA COLARES;;;197;;Queda;Luz do Dia;;;Meio de Quadra;;;0;1;0;0;0;0;0;0;0;1;0;0;-3,733986859000000;-38,595953519000000
330470;20;5;2018;11:56;5397;AV DUQ CAXIAS;RUA ASSUNCAO;;0;;Atropelamento;Luz do Dia;;;Cruz;Sem?â?íforo;Comercial;0;1;0;0;0;0;0;0;0;1;0;0;-3,732405000000000;-38,527952000000000
330471;20;5;2018;13:38;1219;RUA COSTA BARROS;RUA JOAO CORDEIRO;;0;;Colis?â?úo;Luz do Dia;;;Cruz;Sem?â?íforo;Residencial;0;1;0;1;0;0;0;0;0;1;0;0;-3,729449000000000;-38,514331000000000
327009;20;5;2018;13:10;0;RUA 15 DE NOVEMBRO;;;814;;Capotamento;Luz do Dia;;;Meio de Quadra;;;0;0;2;1;0;0;0;0;0;0;0;0;-3,769941667000000;-38,553079381000000
327011;20;5;2018;10:00;0;RUA MOZART ANSELMO (D65);;;20;;Colis?â?úo;Luz do Dia;Bom;Seca;Meio de Quadra;N?â?úo H?â?í Controle;Residencial;0;2;0;1;0;0;0;0;0;0;0;0;-3,847640000000000;-38,482430000000000
327013;20;5;2018;09:00;1232;RUA COSTA BARROS;RUA MON BRUNO;;0;;Colis?â?úo Transversal;Luz do Dia;Bom;Seca;Cruz;Pare;Comercial;0;0;2;1;0;0;0;0;0;0;0;0;-3,731183000000000;-38,509040000000000
327244;20;5;2018;13:55;0;RUA LEONARDO MOTA;;;520;;Colis?â?úo;Luz do Dia;;;Meio de Quadra;;;0;0;1;1;0;0;0;0;0;0;0;0;-3,731419500000000;-38,494667000000000
327247;20;5;2018;16:10;0;RUA HIPOLITO PAMPLONA;;;71;;Colis?â?úo;Luz do Dia;;;Meio de Quadra;;;0;0;1;0;0;0;0;0;0;1;0;0;-3,739721200000000;-38,596789600000000
327254;20;5;2018;15:30;1219;RUA COSTA BARROS;RUA JOAO CORDEIRO;;0;;Colis?â?úo;Luz do Dia;;;Cruz;Sem?â?íforo;Residencial;0;0;1;1;0;0;0;0;0;1;0;0;-3,729449000000000;-38,514331000000000
327241;20;5;2018;01:35;1494;RUA BARBARA DE ALENCAR;RUA DR JOSE LOURENCO;;0;;Colis?â?úo;;;;Cruz;Pare;Misto;0;0;1;1;0;0;0;0;0;0;0;0;-3,739552000000000;-38,509356000000000
322774;20;5;2018;11:53;0;AV 13 DE MAIO;;;441;;Colis?â?úo Traseira;Luz do Dia;Bom;Seca;Meio de Quadra;Sem?â?íforo;Comercial;0;0;2;1;0;0;0;0;0;0;0;0;-3,752695800000000;-38,525475000000000
322775;20;5;2018;14:30;0;AV PRS COSTA E SILVA;;;3601;;Colis?â?úo Traseira;Luz do Dia;Bom;Seca;Meio de Quadra;Sem?â?íforo;Comercial;0;0;2;1;0;0;0;0;0;0;0;0;-3,824166500000000;-38,548440000000000
322776;20;5;2018;15:05;0;RUA DOM XISTO ALBANO;AV ENG LUIS VIEIRA;;0;;Colis?â?úo Transversal;Luz do Dia;Bom;Seca;N?â?úo Informado;Sem?â?íforo;Comercial;0;1;2;1;1;0;0;0;0;0;0;0;-3,797657000000000;-38,586163000000000
322777;20;5;2018;15:20;0;AV ABOLICAO;RUA PEDRO RUFINO D51;;0;;Colis?â?úo Transversal;Luz do Dia;Bom;Seca;Meio de Quadra;Pare;Residencial;0;0;2;1;0;0;0;0;0;0;0;0;-3,726170500000000;-38,487620000000000
322778;20;5;2018;20:04;0;RUA RAUL CABRAL;;;1278;;Colis?â?úo Traseira;Via Iluminada;Bom;Seca;Meio de Quadra;N?â?úo H?â?í Controle;Residencial;0;0;1;1;0;0;0;0;0;0;0;0;-3,767146800000000;-38,547085000000000
322779;20;5;2018;21:26;5098;RUA SEN POMPEU;RUA CASTRO E SILVA;;0;;Colis?â?úo Transversal;Via Iluminada;Bom;Seca;Cruz;Sem?â?íforo;Comercial;0;0;1;0;0;0;0;0;0;1;0;0;-3,723468000000000;-38,528597000000000
322780;21;5;2018;06:55;0;AV PRS COSTA E SILVA;;;0;VIADUTO BR-116;Colis?â?úo Traseira;Luz do Dia;Bom;Seca;Meio de Quadra;N?â?úo H?â?í Controle;Comercial;0;0;2;1;0;0;0;0;0;1;0;0;-3,830855000000000;-38,505670000000000
322781;21;5;2018;07:00;0;AV VIENA WEYNE;;;81;;Colis?â?úo Transversal;Luz do Dia;Bom;Seca;Meio de Quadra;Pare;Comercial;0;0;2;1;0;1;0;0;0;0;0;0;-3,800439400000000;-38,493870000000000
322782;21;5;2018;09:13;10993;RUA BAR CANINDE;RUA 15 DE NOVEMBRO;;0;;Colis?â?úo Transversal;Luz do Dia;Bom;Seca;Cruz;Sem?â?íforo;Comercial;0;0;1;1;0;0;0;0;0;0;0;0;-3,768608000000000;-38,556768000000000
322783;21;5;2018;10:40;15121;RUA DR ATUALPA BARBOSA LIMA (P. IRACEMA);RUA JOAO CORDEIRO;;0;;Choque c/ Obst?â?ículo Fixo;Luz do Dia;Chuva;Molhada;Cruz;Pare;Comercial;0;1;0;0;0;0;0;0;0;1;0;0;-3,723378000000000;-38,512434000000000
322784;21;5;2018;14:18;0;AV JOSE BASTOS;;;4490;;Colis?â?úo Traseira;Luz do Dia;Bom;Seca;Meio de Quadra;Sem?â?íforo;Industrial;0;1;1;1;0;0;0;0;0;1;0;0;-3,754703800000000;-38,555130000000000
322786;21;5;2018;16:52;16022;AV BENJAMIM BRASIL;RUA ENG JAIME ROLEMBERG;;0;;Colis?â?úo Traseira;Luz do Dia;Bom;Seca;Cruz;Pare;Residencial;0;1;1;1;0;0;0;0;0;1;0;0;-3,805393200000000;-38,565506000000000
322787;21;5;2018;19:26;0;AV GAL OSORIO DE PAIVA;;;2451;;Engavetamento;Via Iluminada;Bom;Seca;Meio de Quadra;Pare;Comercial;0;0;3;1;1;0;0;0;0;0;0;0;-3,787203800000000;-38,585200000000000
322788;21;5;2018;19:00;21376;AV JOVITA FEITOSA;RUA PRO NOGUEIRA;;0;;Colis?â?úo Traseira;Via Iluminada;Bom;Seca;Cruz;Pare;Comercial;0;1;1;1;0;0;0;0;0;1;0;0;-3,738280000000000;-38,548839000000000
322789;21;5;2018;18:00;0;RUA GAL PIRAGIBE;;;577;;Colis?â?úo Traseira;Via Iluminada;Bom;Seca;Meio de Quadra;Sem?â?íforo;Residencial;0;0;2;1;0;0;0;0;0;0;0;0;-3,739766400000000;-38,557556000000000
322790;21;5;2018;12:37;0;AV GODOFREDO MACIEL;;;4035;;Engavetamento;Luz do Dia;Bom;Seca;Meio de Quadra;Sem?â?íforo;Comercial;0;0;3;1;0;0;0;0;0;0;0;0;-3,810406000000000;-38,574310000000000
322791;21;5;2018;21:24;0;AV AUGUSTO DOS ANJOS;;;1585;;Colis?â?úo Transversal;Via Iluminada;Bom;Seca;T;N?â?úo H?â?í Controle;Comercial;0;1;1;1;0;0;0;0;0;1;0;0;-3,780357800000000;-38,579407000000000