COD_ACIDENTE;DIA;MES;ANO;HORA;INTERSECAO;LOG1;LOG2;LOG3;NUMERO;REFERENCIA;NATUREZA;ILUMINACAO;TEMPO;SUPERFICIEPISTA;TIPOCRUZAMENTO;CONTROLETRAFEGO;USOSOLO;MORTOS;FERIDOS;ILESOS;AUTOMOVEL;ONIBUS;BICICLETA;CAMINHAO;MICROONIBUS;CICLOMOTOR;MOTOCICLETA;TRACAOANIMAL;TREM;LATITUDE;LONGITUDE
322793;21;5;2018;17:39;0;AV GAL OSORIO DE PAIVA;;;3400;;Colis?â?úo Traseira;Anoitecer;Bom;Molhada;Meio de Quadra;Sem?â?íforo;Comercial;0;1;1;0;0;0;0;0;0;1;0;0;-3,790760500000000;-38,588543000000000
327255;21;5;2018;15:05;5284;RUA PRC ISABEL;RUA PEDRO I;;0;;Outros;Luz do Dia;;;Cruz;Pare;Comercial;0;0;1;0;0;0;0;0;0;1;0;0;-3,728809000000000;-38,536144000000000
327256;21;5;2018;21:50;0;AV OLAVO BILAC;;;487;;Colis?â?úo;;;;Meio de Quadra;;;0;0;1;1;0;0;0;0;0;1;0;0;-3,725465445000000;-38,565494111000000
327251;21;5;2018;02:10;0;AV BENJAMIM BRASIL;;;2352;;Colis?â?úo;;;;Meio de Quadra;;;0;0;1;1;0;0;0;0;0;0;0;0;-3,809112480000000;-38,556122000000000
327439;21;5;2018;01:20;0;RD BR 116;;;14000;KM-14;Choque c/ Obst?â?ículo Fixo;;;;Meio de Quadra;;;0;0;1;1;0;0;0;0;0;0;0;0;-3,873523000000000;-38,499242000000000
327629;21;5;2018;09:30;0;AV MIN JOSE AMERICO;;;500;;Colis?â?úo;Luz do Dia;;Seca;Meio de Quadra;;;0;1;1;0;0;0;0;0;0;1;0;0;-3,810994000000000;-38,495269000000000
327630;21;5;2018;16:13;0;AV SEN CARLOS JEREISSATI (AEROPORTO);;;0;KM 03;Colis?â?úo;Luz do Dia;;Seca;Meio de Quadra;;;0;0;2;1;0;0;0;0;0;0;0;0;-3,779641000000000;-38,544038000000000
327632;21;5;2018;18:30;0;RD CE-040;;;0;KM-12;Colis?â?úo;Via Iluminada;;Seca;Meio de Quadra;;;0;1;1;0;0;0;0;0;0;1;0;0;-3,857690949000000;-38,472042540000000
330492;21;5;2018;00:12;0;RUA PRO SOLON FARIAS;;;2501;;Queda;;;;Meio de Quadra;;;0;1;0;0;0;0;0;0;0;1;0;0;-3,795430000000000;-38,476550000000000
330494;21;5;2018;01:18;0;AV CEL CARVALHO;;;219;;Queda;;;;Meio de Quadra;;;0;1;0;0;0;0;0;0;0;1;0;0;-3,704966518000000;-38,591163976000000
330495;21;5;2018;06:58;0;RUA MAL LOTT;;;225;;Colis?â?úo;Luz do Dia;;;Meio de Quadra;;;0;1;0;0;0;0;0;0;0;0;0;0;;
330506;21;5;2018;07:18;0;RUA JULIO ABREU;;;383;;Atropelamento;Luz do Dia;;;Meio de Quadra;;;0;1;0;1;0;0;0;0;0;0;0;0;-3,735750000000000;-38,485740000000000
330509;21;5;2018;07:49;0;AV PRS COSTA E SILVA;;;4505;;Queda;Luz do Dia;;;Meio de Quadra;;;0;1;0;0;0;1;0;0;0;0;0;0;-3,825648147000000;-38,539515618000000
330512;21;5;2018;09:40;0;AV WASHINGTON SOARES;;;2891;;Queda;Luz do Dia;;;Meio de Quadra;;;0;1;0;0;0;0;0;0;0;1;0;0;-3,783103000000000;-38,481022000000000
330516;21;5;2018;14:05;7382;AV SEN FERNANDES TAVORA;RUA SAO LUIS D30;;0;;Colis?â?úo;Luz do Dia;;;Cruz;Pare;Residencial;0;1;0;1;0;0;0;0;0;1;0;0;-3,757244000000000;-38,591428000000000
330517;21;5;2018;16:25;0;RUA VER PEDRO PAULO MOREIRA;;;1037;;Colis?â?úo;Luz do Dia;;;Meio de Quadra;;;0;1;0;1;0;0;0;0;0;1;0;0;-3,787289000000000;-38,486544000000000
330518;21;5;2018;17:23;0;AV GODOFREDO MACIEL;;;3570;;Colis?â?úo;Anoitecer;;;Meio de Quadra;;;0;1;0;1;0;0;0;0;0;1;0;0;-3,806413000000000;-38,573019000000000
330532;21;5;2018;19:31;0;AV BEIRA MAR;;;0;;Queda;;;;Meio de Quadra;;;0;1;0;0;0;1;0;0;0;0;0;0;;
330529;21;5;2018;18:40;0;RUA CEL JUCA;;;1789;;Colis?â?úo;;;;Meio de Quadra;;;0;1;0;0;0;0;0;0;0;0;0;0;-3,747390000000000;-38,494370000000000
330524;21;5;2018;18:10;0;TR ISAIAS BORIS  D39;;;383;;Colis?â?úo;Anoitecer;;;Meio de Quadra;;;0;1;0;1;0;0;0;0;0;1;0;0;;
330520;21;5;2018;17:25;23016;AV DR SILAS MUNGUBA;RUA PRA HELOISA F LIMA;;0;;Colis?â?úo;Anoitecer;;;Cruz;Sem?â?íforo;Comercial;0;1;0;0;0;0;0;0;0;1;0;0;-3,788406000000000;-38,545961000000000
326914;21;5;2018;20:10;0;AV DR SILAS MUNGUBA;;;4826;;Colis?â?úo Transversal;;;;Meio de Quadra;;;0;1;2;1;0;0;0;0;0;1;0;0;-3,795517770000000;-38,532606154000000
326896;21;5;2018;06:15;17585;RUA RIO GRANDE DO SUL;RUA MARANHAO;;0;;Colis?â?úo Transversal;Luz do Dia;;;Cruz;Pare;Residencial;0;1;2;1;0;0;0;0;0;0;0;0;-3,755695000000000;-38,565689000000000
326897;22;5;2018;06:30;0;AV DR SILAS MUNGUBA;;;3108;;Colis?â?úo Lateral;Luz do Dia;;;Meio de Quadra;;;0;2;1;0;0;0;0;0;0;1;0;0;-3,788546400000000;-38,545539800000000
326900;22;5;2018;15:15;0;AV PRS COSTA E SILVA;;;897;;Queda;Luz do Dia;;;Meio de Quadra;;;0;1;0;0;0;0;0;0;0;1;0;0;-3,812940469000000;-38,571299625000000
330503;22;5;2018;07:13;0;AV SGT HERMINIO SAMPAIO;;;3568;;Colis?â?úo;Luz do Dia;;;Meio de Quadra;;;0;1;0;0;0;0;0;0;0;0;0;0;-3,728800579000000;-38,572397316000000
330568;22;5;2018;12:54;0;AV DES GONZAGA;;;1715;;Colis?â?úo;Luz do Dia;;;Meio de Quadra;;;0;1;0;1;0;0;0;0;0;1;0;0;-3,801133546000000;-38,497245455000000
330569;22;5;2018;15:23;23364;RUA EDUARDO BEZERRA;RUA CAP GUSTAVO;;0;;Colis?â?úo;Luz do Dia;;;Cruz;Sem?â?íforo;Residencial;0;1;0;1;0;0;0;0;0;1;0;0;-3,754148000000000;-38,516951000000000
330570;22;5;2018;16:56;0;RUA MON JOAO DANTAS;;;2303;;Colis?â?úo;Luz do Dia;;;Meio de Quadra;;;0;1;0;0;0;0;0;0;0;0;0;0;-3,719910000000000;-38,546350000000000
330553;22;5;2018;12:33;0;AV PRS COSTA E SILVA;;;897;VIADUTO BR-116;Queda;Luz do Dia;;;Meio de Quadra;;;0;1;0;0;0;0;0;0;0;1;0;0;-3,812940469000000;-38,571299625000000
330562;22;5;2018;12:49;0;RUA PERILIO TEIXEIRA;;;880;;Colis?â?úo;Luz do Dia;;;Meio de Quadra;;;0;1;0;0;0;0;0;0;0;1;0;0;-3,817268400000000;-38,479868900000000
330559;22;5;2018;12:43;0;RUA JOAQUIM ALBANO;;;0;;Colis?â?úo;Luz do Dia;;;Meio de Quadra;;;0;1;0;1;0;0;0;0;0;1;0;0;;
330550;22;5;2018;11:49;3975;RUA PRO COSTA MENDES;RUA ALBERTO MAGNO;;0;;Colis?â?úo;Luz do Dia;;;Cruz;Sem?â?íforo;Residencial;0;1;0;0;0;0;0;0;0;0;0;0;-3,757528000000000;-38,543548000000000
330546;22;5;2018;10:52;0;AV MR HULL;;;0;;Queda;Luz do Dia;;;Meio de Quadra;;;0;1;0;0;0;0;0;0;0;1;0;0;;
330547;22;5;2018;11:06;0;RUA PORTO VELHO;;;1832;;Colis?â?úo;Luz do Dia;;;Meio de Quadra;;;0;1;0;0;0;0;0;0;0;1;0;0;-3,761949000000000;-38,594715000000000
330538;22;5;2018;06:05;0;AV ALBERTO CRAVEIRO;;;0;;Queda;Luz do Dia;;;Meio de Quadra;;;0;1;0;0;0;0;0;0;0;1;0;0;;
330539;22;5;2018;08:52;20123;RUA DOS SABIAS;AV PAROARAS;;0;;Colis?â?úo;Luz do Dia;;;Cruz;Pare;Residencial;0;1;0;0;0;0;0;0;0;1;0;0;-3,809797000000000;-38,540084000000000
330542;22;5;2018;09:17;21624;RUA PIRAJUI;RUA CON DE CASTRO;;0;;Colis?â?úo;Luz do Dia;;;T;N?â?úo H?â?í Controle;Comercial;0;1;0;1;0;0;0;0;0;1;0;0;-3,802339000000000;-38,589623000000000
330543;22;5;2018;10:14;0;RUA SATIRO DIAS;;;28;;Colis?â?úo;Luz do Dia;;;Meio de Quadra;;;0;1;0;0;0;0;0;0;0;0;0;0;-3,764152000000000;-38,545044000000000
330544;22;5;2018;10:39;0;AV BEIRA MAR;;;3500;;;Luz do Dia;;;Meio de Quadra;;;0;1;0;0;0;0;0;0;0;0;0;0;-3,723699501000000;-38,488515499000000
330618;22;5;2018;20:03;0;RUA DEP MOREIRA DA ROCHA;;;534;;Colis?â?úo;;;;Meio de Quadra;;;0;1;0;1;0;0;0;0;0;0;0;0;-3,726615000000000;-38,508094556000000
330615;22;5;2018;19:50;0;RUA GAL CLARINDO DE QUEIROZ;;;657;;Atropelamento;;;;Meio de Quadra;;;0;1;0;0;0;0;0;0;0;1;0;0;-3,732729400000000;-38,530086867000000
330623;22;5;2018;20:25;0;AV DR SILAS MUNGUBA;;;3912;;Queda;;;;Meio de Quadra;;;0;1;0;0;0;0;0;0;0;1;0;0;-3,790943852000000;-38,538677667000000
330565;22;5;2018;12:54;0;AV PRS COSTA E SILVA;;;1212;;Queda;Luz do Dia;;;Meio de Quadra;;;0;1;0;0;0;0;0;0;0;1;0;0;-3,814793939000000;-38,569271670000000
330610;22;5;2018;19:30;0;RUA PLACIDO DE CASTRO;;;835;;Colis?â?úo;Anoitecer;;;Meio de Quadra;;;0;1;0;1;0;0;0;0;0;1;0;0;;
330604;22;5;2018;17:47;0;RUA JARDIM FLUMINENSE;;;0;;Colis?â?úo;Anoitecer;;;Meio de Quadra;;;0;1;0;0;0;0;0;0;0;0;0;0;;
330572;22;5;2018;17:12;0;AV JOVITA FEITOSA;;;1110;;Atropelamento;Anoitecer;;;Meio de Quadra;;;0;1;0;0;0;0;0;0;0;1;0;0;-3,738870000000000;-38,553190000000000
330574;22;5;2018;17:17;0;RUA SABIAGUABA;;;0;;Atropelamento;Anoitecer;;;Meio de Quadra;;;0;1;0;1;0;0;0;0;0;0;0;0;;
330575;22;5;2018;17:30;0;AV CARNEIRO DE MENDONCA;;;2316;;Colis?â?úo;Anoitecer;;;Meio de Quadra;;;0;1;0;1;0;0;0;0;0;1;0;0;-3,758056072000000;-38,578661714000000
330576;22;5;2018;17:39;0;RUA CEL MANUEL ANTONIO LEITE;;;77;;Colis?â?úo;Anoitecer;;;Meio de Quadra;;;0;1;0;0;0;0;0;0;0;0;0;0;-3,786694700000000;-38,537742300000000
327634;22;5;2018;08:00;0;AV ENG SANTANA JUNIOR;;;0;IGUATEMI;Colis?â?úo;Luz do Dia;;Seca;Meio de Quadra;;;0;0;1;0;0;0;0;0;0;0;0;0;;
327640;22;5;2018;17:10;0;AV SEN CARLOS JEREISSATI (AEROPORTO);;;0;KM 02;Colis?â?úo;Via Iluminada;;Seca;Meio de Quadra;;;0;0;3;1;0;0;0;0;0;0;0;0;-3,782194000000000;-38,535424000000000
327258;22;5;2018;09:45;0;RUA MON AGOSTINHO;;;514;;Colis?â?úo;Luz do Dia;;;Meio de Quadra;;;0;0;1;1;0;0;0;0;0;0;0;0;-3,787553000000000;-38,581947403000000
327259;22;5;2018;09:40;0;RD CE-090;;;0;KM-04;Colis?â?úo;Luz do Dia;;;Meio de Quadra;;;0;0;1;0;0;0;1;0;0;1;0;0;;
327260;22;5;2018;13:30;0;AV SEN CARLOS JEREISSATI (AEROPORTO);;;0;;Colis?â?úo;Luz do Dia;;;Meio de Quadra;;;0;2;1;0;0;0;0;0;0;1;0;0;;
322794;22;5;2018;10:47;3860;AV DA UNIVERSIDADE;AV 13 DE MAIO;;0;;Colis?â?úo Traseira;Luz do Dia;Bom;Seca;Cruz;Sem?â?íforo;Comercial;0;0;2;1;0;0;0;0;0;0;0;0;-3,740962000000000;-38,539107000000000
322795;22;5;2018;11:05;0;RUA EDUARDO PERDIGAO;;;277;;Colis?â?úo Traseira;Luz do Dia;Nublado;Seca;Meio de Quadra;N?â?úo H?â?í Controle;Comercial;0;0;2;1;0;0;0;0;0;0;0;0;-3,777083900000000;-38,563377000000000
322796;22;5;2018;13:41;22886;RUA BERNARDO MANUEL;RUA INACIO PARENTE;;0;;Colis?â?úo Transversal;Luz do Dia;Bom;Seca;Cruz;Pare;Comercial;0;1;1;1;0;0;0;0;0;1;0;0;-3,781268000000000;-38,546074000000000
322797;22;5;2018;19:26;0;RUA BERNARDO MANUEL;;;135;;Colis?â?úo Lateral;Via Iluminada;Bom;Seca;Meio de Quadra;N?â?úo H?â?í Controle;Comercial;0;1;1;0;1;0;0;0;0;1;0;0;-3,816930300000000;-38,556934000000000
322798;22;5;2018;19:20;0;AV JOSE BASTOS;;;5300;;Colis?â?úo Traseira;Via Iluminada;Bom;Seca;Meio de Quadra;Sem?â?íforo;Comercial;0;0;2;1;1;0;0;0;0;0;0;0;-3,759022500000000;-38,563572000000000
322799;22;5;2018;21:01;16452;AV BENJAMIM BRASIL;RUA 26 BATALHAO;;0;;Colis?â?úo Transversal;Via Iluminada;Bom;Seca;Cruz;N?â?úo H?â?í Controle;Residencial;0;1;1;1;0;0;0;0;0;1;0;0;-3,804601000000000;-38,567669000000000
322800;22;5;2018;22:52;0;AV GOV RAUL BARBOSA;;;7163;;Colis?â?úo Lateral;Via Iluminada;Nublado;Seca;Cruz;Sem?â?íforo;Residencial;0;0;1;1;1;0;0;0;0;0;0;0;-3,775189400000000;-38,512905000000000
322792;22;5;2018;07:10;0;AV GOV RAUL BARBOSA;;;3071;;Colis?â?úo Lateral;Luz do Dia;Bom;Seca;Meio de Quadra;N?â?úo H?â?í Controle;Comercial;0;0;2;1;0;0;0;0;0;0;0;0;-3,754306000000000;-38,504223000000000
322813;22;5;2018;19:40;0;RUA CRISANTO M DA ROCHA;;;585;;Colis?â?úo Lateral;Via Iluminada;Bom;Seca;Duplo T;Pare;Comercial;0;1;2;1;0;0;0;0;0;0;0;0;-3,793879500000000;-38,478405000000000
322814;23;5;2018;19:31;0;AV DR SILAS MUNGUBA;;;0;SUPER DO POVO;Colis?â?úo Traseira;Via Iluminada;Bom;Seca;Cruz;Sem?â?íforo;Residencial;0;0;2;1;1;0;0;0;0;0;0;0;-3,794664400000000;-38,533260000000000
322815;23;5;2018;21:30;0;RUA PINTO MADEIRA;RUA 25 DE MAIO;;0;;Colis?â?úo Traseira;Via Iluminada;Bom;Seca;Cruz;Pare;Comercial;0;0;2;1;0;0;0;0;0;0;0;0;-3,730721500000000;-38,522970000000000
322816;23;5;2018;21:44;25622;AV JOSE LEON;RUA BARRA NOVA;;0;;Colis?â?úo Frontal;Via Iluminada;Bom;Seca;T;N?â?úo H?â?í Controle;Residencial;0;1;1;1;0;0;0;0;0;1;0;0;-3,786628000000000;-38,506133000000000
322802;23;5;2018;05:49;10993;RUA 15 DE NOVEMBRO;RUA BAR CANINDE;;0;;N?â?úo Informado;Amanhecer;Bom;Seca;Cruz;Sem?â?íforo;Comercial;0;2;0;1;0;0;0;0;0;0;0;0;-3,768608000000000;-38,556768000000000
322803;23;5;2018;07:29;0;AV DES MOREIRA;;;2355;;Colis?â?úo Traseira;Luz do Dia;Bom;Seca;;;;0;1;1;0;1;0;0;0;0;1;0;0;-3,746297400000000;-38,501602000000000
322804;23;5;2018;08:13;21587;RUA ANTONIO COSTA MENDES (PQ S?âãÆO JOS?âÔÇ?);RUA DES FROTA D71;;0;;Colis?â?úo Transversal;Luz do Dia;Bom;Seca;Cruz;Pare;Residencial;0;1;1;1;0;0;0;0;0;1;0;0;-3,795465500000000;-38,588764000000000
322805;23;5;2018;08:30;5463;RUA DNA LEOPOLDINA;RUA BARBARA DE ALENCAR;;0;;Choque c/ Obst?â?ículo Fixo;Luz do Dia;Bom;Seca;Cruz;Pare;Comercial;0;0;1;1;0;0;0;0;0;0;0;0;-3,735695000000000;-38,521102000000000
322806;23;5;2018;10:30;23340;RUA JOAQUIM NABUCO;RUA EDUARDO BEZERRA;;1;;Colis?â?úo Transversal;Luz do Dia;Bom;Seca;Cruz;Pare;Residencial;0;0;2;1;0;0;0;0;0;0;0;0;-3,753238000000000;-38,507115000000000
322807;23;5;2018;10:00;9049;RUA SOUSA GIRAO;RUA DR JOAO DE DEUS D11;;0;;Colis?â?úo Transversal;Luz do Dia;Bom;Seca;Cruz;Pare;Residencial;0;0;1;1;0;0;0;0;0;1;0;0;-3,745114000000000;-38,524586000000000
322808;23;5;2018;15:37;1250;AV BAR STUDART;RUA COSTA BARROS;;0;;Colis?â?úo Transversal;Luz do Dia;Bom;Seca;Cruz;Sem?â?íforo;Residencial;0;0;2;1;0;0;0;0;0;0;0;0;-3,732231000000000;-38,505837000000000
322809;23;5;2018;16:42;0;AV ALBERTO NEPOMUCENO;RUA JOAO AVELINO;;0;;Colis?â?úo Traseira;Luz do Dia;Bom;Seca;Cruz;N?â?úo H?â?í Controle;Comercial;0;0;2;1;0;0;0;0;0;0;0;0;-3,722084000000000;-38,523530000000000
322810;23;5;2018;18:24;0;RUA ROCHA LIMA;;;869;;Capotamento;Via Iluminada;Bom;Seca;Meio de Quadra;N?â?úo H?â?í Controle;Residencial;0;0;2;1;0;0;0;0;0;0;0;0;-3,738244500000000;-38,516663000000000
322811;23;5;2018;18:46;8949;AV BEZERRA DE MENEZES;RUA JUSTINIANO DE SERPA;;0;;Colis?â?úo Lateral;Via Iluminada;Bom;Seca;Cruz;Sem?â?íforo;Comercial;0;0;2;1;0;0;0;0;0;0;0;0;-3,731156000000000;-38,542857000000000
322812;23;5;2018;18:10;0;AV OLIVEIRA PAIVA;;;116;;Colis?â?úo Traseira;Via Iluminada;Bom;Seca;Meio de Quadra;N?â?úo H?â?í Controle;Industrial;0;0;3;1;0;0;0;0;0;0;0;0;-3,799045600000000;-38,504120000000000
322827;23;5;2018;12:55;10080;RUA MIRTES CORDEIRO;RUA CEL VIRGILIO NOGUEIRA (BOM JARDIM);;0;;Colis?â?úo Lateral;Luz do Dia;Bom;Seca;Cruz;Pare;Residencial;0;0;2;1;0;0;0;0;0;1;0;0;-3,786241500000000;-38,607870000000000
322828;23;5;2018;16:30;7648;AV CARNEIRO DE MENDONCA;RUA PAULO DE FRONTIM;;0;;Colis?â?úo Transversal;Luz do Dia;Bom;Seca;Cruz;Pare;Residencial;0;0;2;1;0;0;0;0;0;1;0;0;-3,761949000000000;-38,570794000000000
327261;23;5;2018;15:45;0;AV PRS CASTELO BRANCO;;;6139;;Atropelamento;Luz do Dia;;;Meio de Quadra;;;0;1;1;0;1;0;0;0;0;0;0;0;-3,701260000000000;-38,585450000000000
327262;23;5;2018;10:35;0;RUA METON DE ALENCAR;;;177;;Colis?â?úo;Luz do Dia;;;Meio de Quadra;;;0;0;1;1;0;0;0;0;0;0;0;0;-3,735112385000000;-38,526202077000000
327263;23;5;2018;23:50;23911;AV JANGADEIROS (MUCURIPE);RUA JUVENCIO VASCONCELOS;;0;;Colis?â?úo;;;;;;;0;0;1;0;0;0;0;0;0;1;0;0;-3,725259000000000;-38,478248000000000
327641;23;5;2018;08:30;0;AV SEN CARLOS JEREISSATI (AEROPORTO);;;0;KM 0;Colis?â?úo;Luz do Dia;;Seca;Meio de Quadra;;;0;0;2;1;0;0;1;0;0;0;0;0;-3,783753000000000;-38,526850000000000
327642;23;5;2018;17:45;0;AV SEN CARLOS JEREISSATI (AEROPORTO);;;0;KM 03;Colis?â?úo;Via Iluminada;;Seca;Meio de Quadra;;;0;0;2;1;0;0;0;0;0;0;0;0;-3,779641000000000;-38,544038000000000
327645;23;5;2018;18:10;0;RD CE-040;;;0;KM-03;Colis?â?úo;Via Iluminada;;Seca;Meio de Quadra;;;0;0;2;1;0;0;0;0;0;1;0;0;-3,782614325000000;-38,481083900000000
330713;23;5;2018;08:07;0;AV AUGUSTO DOS ANJOS;;;1865;;Colis?â?úo;Luz do Dia;;;Meio de Quadra;;;0;1;0;0;0;0;0;0;0;0;0;0;-3,782406341000000;-38,581105617000000
330714;23;5;2018;10:05;0;RUA SOUSA GIRAO;;;460;;Colis?â?úo;Luz do Dia;;;Meio de Quadra;;;0;1;0;1;0;0;0;0;0;1;0;0;-3,744808773000000;-38,524635197000000
330715;23;5;2018;11:55;0;AV SGT HERMINIO SAMPAIO;;;1511;;Queda;Luz do Dia;;;Meio de Quadra;;;0;1;0;0;0;0;0;0;0;1;0;0;-3,725194460000000;-38,554068946000000
330716;23;5;2018;13:28;0;AV PRS CASTELO BRANCO;;;6139;;Colis?â?úo;Luz do Dia;;;Meio de Quadra;;;0;1;0;0;0;0;0;0;0;0;0;0;-3,701260000000000;-38,585450000000000
330717;23;5;2018;14:42;0;AV FRANCISCO SA;;;5791;;Colis?â?úo;Luz do Dia;;;Meio de Quadra;;;0;1;0;0;0;0;0;0;0;0;0;0;-3,711200000000000;-38,575730000000000
330718;23;5;2018;15:35;0;AV GAL OSORIO DE PAIVA;;;1631;;Colis?â?úo;Luz do Dia;;;Meio de Quadra;;;0;1;0;1;0;0;0;0;0;1;0;0;-3,781799000000000;-38,576252000000000
330719;23;5;2018;15:56;0;RUA AVELEDO;;;435;;Colis?â?úo;Luz do Dia;;;Meio de Quadra;;;0;1;0;1;0;0;0;0;0;1;0;0;-3,836253251000000;-38,501374346000000
330720;23;5;2018;16:17;7893;AV SEN VIRGILIO TAVORA;RUA PRO FRANCISCO GONCALVES;;0;;Colis?â?úo;Luz do Dia;;;Cruz;Sem?â?íforo;Comercial;0;1;0;1;0;0;0;0;0;1;0;0;-3,748265000000000;-38,496816000000000
330721;23;5;2018;17:33;0;RUA SEIXAS CORREIA;;;472;;Colis?â?úo;Anoitecer;;;Meio de Quadra;;;0;1;0;1;0;0;0;0;0;1;0;0;-3,779040396000000;-38,579028116000000
330722;23;5;2018;10:03;0;RUA LUIS HORTENCIO;;;2267;;Colis?â?úo;Luz do Dia;;;Meio de Quadra;;;0;1;0;1;0;0;0;0;0;1;0;0;;
330723;23;5;2018;18:17;0;AV GAL OSORIO DE PAIVA;;;7475;;Atropelamento;Anoitecer;;;Meio de Quadra;;;0;2;0;0;0;0;0;0;0;1;0;0;-3,817431000000000;-38,614386000000000
330724;23;5;2018;19:32;0;RUA ARTUR DE CARVALHO;;;2267;;Colis?â?úo;;;;Meio de Quadra;;;0;1;0;1;0;0;0;0;0;1;0;0;;
330725;23;5;2018;19:37;0;RUA DR FERNANDO AUGUSTO;;;221;;Colis?â?úo;;;;Meio de Quadra;;;0;1;0;1;0;0;0;0;0;1;0;0;-3,795495617000000;-38,595686891000000
330726;23;5;2018;20:10;14447;RUA PDE ANCHIETA;RUA DEMOCRITO ROCHA;;0;;Colis?â?úo;;;;Cruz;Pare;Residencial;0;1;0;1;0;0;0;0;0;1;0;0;-3,726058000000000;-38,551400000000000
330727;23;5;2018;21:39;0;RUA DES HERMES PARAHYBA;;;951;;Colis?â?úo;;;;Meio de Quadra;;;0;1;0;1;0;0;0;0;0;1;0;0;-3,712918595000000;-38,592205595000000
330728;23;5;2018;22:04;0;RUA PRO OTAVIO LOBO;;;900;;Atropelamento;;;;Meio de Quadra;;;0;1;0;1;0;0;0;0;0;0;0;0;-3,745552700000000;-38,491516500000000
330662;23;5;2018;05:18;10993;RUA 15 DE NOVEMBRO;RUA BAR CANINDE;;0;;Colis?â?úo;Amanhecer;;;Cruz;Sem?â?íforo;Comercial;0;2;0;1;0;0;0;0;0;0;0;0;-3,768608000000000;-38,556768000000000
330730;23;5;2018;22:06;3993;RUA ALBERTO MAGNO;RUA DULCINEIA GONDIM;;0;;Colis?â?úo;;;;Cruz;Pare;Comercial;0;1;0;1;0;0;0;0;0;1;0;0;-3,759321000000000;-38,545120000000000
326901;23;5;2018;06:00;25419;AV ALM HENRIQUE SABOIA;RUA JULIO ABREU;;0;;Colis?â?úo Lateral;Luz do Dia;;;Cruz;Sem?â?íforo;Comercial;0;0;2;0;1;0;0;0;0;0;0;0;-3,736144000000000;-38,485245000000000
326902;23;5;2018;11:40;0;RUA BERNARDO MANUEL;;;8341;;Atropelamento;Luz do Dia;;;Meio de Quadra;;;0;1;1;0;0;0;0;1;0;0;0;0;-3,792716972000000;-38,549590028000000
326928;24;5;2018;19:20;0;AV DEP PAULINO ROCHA;;;1992;;Queda;;;;Meio de Quadra;;;0;2;0;0;0;0;0;0;0;1;0;0;-3,811250222000000;-38,514885259000000
330731;24;5;2018;07:02;0;RUA SERRA AZUL;;;1189;;Colis?â?úo;Luz do Dia;;;Meio de Quadra;;;0;1;0;1;0;0;0;0;0;1;0;0;-3,842710000000000;-38,529210000000000
330732;24;5;2018;09:01;17292;RUA SATIRO DIAS;RUA QUEIROZ RIBEIRO;;0;;Colis?â?úo;Luz do Dia;;;Cruz;Pare;Comercial;0;1;0;1;0;0;0;0;0;1;0;0;-3,763284000000000;-38,546118000000000
330733;24;5;2018;09:05;15139;AV MON TABOSA;RUA BAR ARACATI;;0;;Colis?â?úo;Luz do Dia;;;Cruz;Sem?â?íforo;Comercial;0;1;0;1;0;0;0;0;0;1;0;0;-3,724226000000000;-38,509158000000000
330735;24;5;2018;10:24;9099;AV EDUARDO GIRAO;RUA FRANCOIS T MENEZES;;0;;Colis?â?úo;Luz do Dia;;;Cruz;Pare;Residencial;0;1;0;1;0;0;0;0;0;1;0;0;-3,755700000000000;-38,525973000000000
330742;24;5;2018;19:08;0;RUA DNA MENDINHA;;;0;;Colis?â?úo;;;;Meio de Quadra;;;0;1;0;1;0;0;0;0;0;1;0;0;;
330743;24;5;2018;19:28;0;RUA RIO GRANDE DO NORTE;;;5389;;Colis?â?úo;;;;Meio de Quadra;;;0;1;0;1;0;0;0;0;0;1;0;0;-3,759880000000000;-38,565560000000000
330744;24;5;2018;22:14;0;RUA PRO TEODORICO;;;360;;Colis?â?úo;;;;Meio de Quadra;;;0;1;0;1;0;0;0;0;0;1;0;0;-3,767686000000000;-38,556436000000000
330739;24;5;2018;10:39;0;RUA JOAQUIM ALFREDO;;;715;;Colis?â?úo;Luz do Dia;;;Meio de Quadra;;;0;1;0;1;0;0;0;0;0;1;0;0;-3,805416948000000;-38,586411474000000
327264;24;5;2018;20:58;10994;RUA CESAR ROSSAS;RUA ALM RUBIM;;0;;Colis?â?úo;;;;Y;N?â?úo H?â?í Controle;Comercial;0;0;1;1;0;0;0;0;0;0;0;0;-3,769567000000000;-38,556190000000000
327433;24;5;2018;08:25;0;RD BR 116;;;3000;KM-03;Atropelamento;Luz do Dia;;;Meio de Quadra;;;0;1;1;0;0;0;0;0;0;1;0;0;-3,779838000000000;-38,514372000000000
327434;24;5;2018;15:00;0;RD BR 020;;;0;KM 426;Queda;Luz do Dia;;;Meio de Quadra;;;0;2;0;0;0;0;0;0;0;1;0;0;-3,863000000000000;-38,524000000000000
327435;24;5;2018;18:40;0;RD BR 116;;;15000;KM-15;Engavetamento;;;;Meio de Quadra;;;0;0;3;1;0;0;0;0;0;0;0;0;-3,882329000000000;-38,501113000000000