COD_ACIDENTE;DIA;MES;ANO;HORA;INTERSECAO;LOG1;LOG2;LOG3;NUMERO;REFERENCIA;NATUREZA;ILUMINACAO;TEMPO;SUPERFICIEPISTA;TIPOCRUZAMENTO;CONTROLETRAFEGO;USOSOLO;MORTOS;FERIDOS;ILESOS;AUTOMOVEL;ONIBUS;BICICLETA;CAMINHAO;MICROONIBUS;CICLOMOTOR;MOTOCICLETA;TRACAOANIMAL;TREM;LATITUDE;LONGITUDE
322817;24;5;2018;07:30;0;AV DR SILAS MUNGUBA;;;4300;;Colis?â?úo Traseira;Luz do Dia;Nublado;Molhada;Meio de Quadra;N?â?úo H?â?í Controle;Escola;0;0;2;1;0;0;0;0;0;0;0;0;-3,791046900000000;-38,537727000000000
322818;24;5;2018;08:16;17434;RUA EDITE BRAGA;RUA CESAR ROSSAS;;0;;Colis?â?úo Lateral;Luz do Dia;Bom;Seca;Cruz;Pare;Comercial;0;0;3;1;0;0;0;0;0;1;0;0;-3,768906000000000;-38,553869000000000
322819;24;5;2018;09:55;1557;RUA BARBOSA DE FREITAS;RUA CAROLINA SUCUPIRA;;0;;Colis?â?úo Lateral;Luz do Dia;Nublado;Seca;Cruz;Pare;Comercial;0;1;1;1;0;0;0;0;0;1;0;0;-3,741517000000000;-38,498942000000000
322820;24;5;2018;12:15;9055;AV VIS RIO BRANCO;RUA CEL ALVES TEIXEIRA;;0;;Colis?â?úo Transversal;Luz do Dia;Nublado;Seca;Cruz;Pare;Residencial;0;1;1;0;0;0;0;0;0;1;0;0;-3,745349000000000;-38,522164000000000
322821;24;5;2018;13:18;0;AV PRS JUSCELINO KUBITSCHEK (PASSAR?âÔÇ?);;;3721;;Colis?â?úo Traseira;Luz do Dia;Nublado;Seca;Meio de Quadra;N?â?úo H?â?í Controle;Comercial;0;0;2;1;0;0;0;0;0;0;0;0;-3,815427000000000;-38,531013000000000
322822;24;5;2018;17:40;9268;RUA BARTOLOMEU DE GUSMAO;AV BORGES DE MELO;;0;;Colis?â?úo Lateral;Luz do Dia;Bom;Seca;T;N?â?úo H?â?í Controle;Comercial;0;0;2;1;1;0;0;0;0;0;0;0;-3,760379000000000;-38,528890000000000
322823;24;5;2018;18:15;1307;AV SANTOS DUMONT;RUA NUNES VALENTE;;0;;Colis?â?úo Transversal;Via Iluminada;Bom;Seca;Cruz;Sem?â?íforo;Comercial;0;0;2;1;0;0;0;0;0;0;0;0;-3,734663000000000;-38,503229000000000
322824;25;5;2018;01:10;19492;AV GAL OSORIO DE PAIVA;RUA OSVALDO ARANHA;;0;;Colis?â?úo Lateral;Via Iluminada;Bom;Seca;T;N?â?úo H?â?í Controle;Comercial;0;1;1;0;0;0;0;0;0;1;0;0;-3,780948000000000;-38,574902000000000
322826;25;5;2018;08:08;19763;RUA COS ALVARO DE OLIVEIRA;RUA PRO MORAIS CORREIA;;0;;Colis?â?úo Transversal;Luz do Dia;Chuva;Molhada;Cruz;Pare;Residencial;0;1;1;1;0;0;0;0;0;0;0;0;-3,737976000000000;-38,555756000000000
322829;25;5;2018;09:21;5099;AV TRISTAO GONCALVES;RUA SEN ALENCAR;;0;;Colis?â?úo Lateral;Luz do Dia;Nublado;Molhada;Cruz;Pare;Comercial;0;1;1;1;0;0;0;0;0;0;0;0;-3,723524000000000;-38,532122000000000
322830;25;5;2018;08:30;4444;AV LEITE BARBOSA;RUA ERNESTO IGEL;;0;;N?â?úo Informado;Luz do Dia;Chuva;Molhada;Com Via F?â?®rrea;D?â?¬ Prefer?â?¬ncia;Residencial;0;0;2;1;0;0;0;0;0;0;0;0;-3,712490000000000;-38,470466000000000
322831;25;5;2018;09:30;5466;AV VIS RIO BRANCO;RUA METON DE ALENCAR;;0;;Colis?â?úo Transversal;Luz do Dia;Bom;Seca;Cruz;Sem?â?íforo;Comercial;0;1;2;0;0;0;0;0;0;1;0;0;-3,735770000000000;-38,524153000000000
322832;25;5;2018;14:30;0;AV DOM MANUEL;;;1803;;Colis?â?úo Lateral;Luz do Dia;Bom;Seca;Meio de Quadra;Sem?â?íforo;Escola;0;0;2;1;0;0;0;0;0;0;0;0;-3,736449000000000;-38,523705000000000
322833;25;5;2018;12:05;5490;AV AGUANAMBI;AV VIS RIO BRANCO;RUA PDE VALDEVINO;0;;Colis?â?úo Transversal;Luz do Dia;Bom;Seca;Outros;Sem?â?íforo;Comercial;0;0;1;1;0;0;0;0;0;0;0;0;-3,736873000000000;-38,523967000000000
322834;25;5;2018;13:30;0;AV PRS COSTA E SILVA;;;4101;;Choque c/ Obst?â?ículo Fixo;Luz do Dia;Bom;Seca;Meio de Quadra;N?â?úo H?â?í Controle;Comercial;0;0;1;1;0;0;0;0;0;0;0;0;-3,824678000000000;-38,543575000000000
322835;25;5;2018;16:20;0;AV AMERICO BARREIRA;;;6100;;Colis?â?úo Lateral;Luz do Dia;Nublado;Seca;T;Sem?â?íforo;Comercial;0;0;2;0;1;0;0;0;0;0;0;0;-3,765026000000000;-38,567383000000000
322836;25;5;2018;18:00;0;AV OLIVEIRA PAIVA;;;0;;Colis?â?úo Lateral;Via Iluminada;Bom;Seca;Outros;D?â?¬ Prefer?â?¬ncia;Comercial;0;0;1;1;0;0;0;0;0;0;0;0;-3,798405400000000;-38,502853000000000
322837;25;5;2018;19:22;0;RUA MON CATAO;;;0;;Colis?â?úo Lateral;Via Iluminada;Bom;Seca;Meio de Quadra;N?â?úo H?â?í Controle;Comercial;0;0;1;1;0;0;0;0;0;1;0;0;-3,739401800000000;-38,490740000000000
322838;25;5;2018;19:10;0;AV DES GONZAGA;;;0;;Colis?â?úo Lateral;Via Iluminada;Bom;Seca;Outros;D?â?¬ Prefer?â?¬ncia;Comercial;0;0;2;1;0;0;0;0;0;0;0;0;-3,797392000000000;-38,499752000000000
322839;25;5;2018;20:42;340;RUA CESAR FONTENELE;RUA DOM JOSE LOURENCO  D27;;0;;Colis?â?úo Transversal;Luz do Dia;Bom;Seca;Cruz;Pare;Residencial;0;1;0;1;0;0;0;0;0;1;0;0;-3,745892000000000;-38,557429000000000
322840;25;5;2018;23:00;24235;RUA FAUSTO CABRAL;RUA JULIO AZEVEDO;;0;;Colis?â?úo Transversal;Via Iluminada;Nublado;Seca;Cruz;Pare;Residencial;0;1;1;1;0;0;0;0;0;1;0;0;-3,733662000000000;-38,476448000000000
327265;25;5;2018;05:50;0;RUA TIBURCIO CAVALCANTE;;;1440;;Colis?â?úo;Amanhecer;;;Meio de Quadra;;;0;0;1;1;0;0;0;0;0;0;0;0;-3,737563400000000;-38,503098800000000
327266;25;5;2018;15:25;638;RUA ENG JOAO NOGUEIRA;RUA ANA FACO;;0;;Colis?â?úo;Luz do Dia;;;Cruz;Pare;Residencial;0;0;1;0;0;0;0;0;0;0;0;0;-3,713608000000000;-38,562996000000000
327267;25;5;2018;16:50;15622;RUA MEM DE SA;RUA VASCO DE ATAIDE;;0;;Colis?â?úo;Luz do Dia;;;Cruz;Pare;Residencial;0;1;0;1;0;0;0;0;0;1;0;0;-3,824277000000000;-38,484923000000000
327646;25;5;2018;08:30;0;AV MIN JOSE AMERICO;;;1000;;Engavetamento;Luz do Dia;;Seca;Meio de Quadra;;;0;0;3;1;0;0;0;0;0;0;0;0;;
327647;25;5;2018;11:40;0;AV ENG SANTANA JUNIOR;;;0;IGUATEMI;Colis?â?úo;Luz do Dia;;Seca;Meio de Quadra;;;0;0;2;1;0;0;0;0;0;0;0;0;;
327648;25;5;2018;14:00;0;RD CE-040;;;0;KM-07;Colis?â?úo;Luz do Dia;;Seca;Meio de Quadra;;;0;1;2;1;0;0;0;0;0;0;0;0;-3,817159445000000;-38,483032860000000
327649;25;5;2018;18:20;0;AV ENG SANTANA JUNIOR;;;0;IGUATEMI;Colis?â?úo;Mal Iluminada;;Seca;Meio de Quadra;;;0;0;2;1;0;0;0;0;0;0;0;0;;
330545;25;5;2018;21:21;0;AV CESAR CALS;;;615;;Colis?â?úo;;;;Meio de Quadra;;;0;1;1;1;0;0;0;0;0;1;0;0;-3,723622709000000;-38,463130918000000
330540;25;5;2018;19:50;23364;RUA EDUARDO BEZERRA;RUA CAP GUSTAVO;;0;;Colis?â?úo;;;;Cruz;Sem?â?íforo;Residencial;0;1;1;1;0;0;0;0;0;1;0;0;-3,754148000000000;-38,516951000000000
330541;25;5;2018;20:00;0;RUA JOAQUIM ALBANO;;;336;;Colis?â?úo;;;;Meio de Quadra;;;0;1;1;1;0;0;0;0;0;0;0;0;-3,735122000000000;-38,578990000000000
330497;25;5;2018;10:07;0;AV SANTOS DUMONT;;;420;;Colis?â?úo;Luz do Dia;;;Meio de Quadra;;;0;1;1;1;0;0;0;0;0;1;0;0;-3,729394676000000;-38,519393541000000
330507;25;5;2018;14:06;0;AV JOR JOAO RAMOS;;;0;;Colis?â?úo;Luz do Dia;;;Meio de Quadra;;;0;1;1;1;0;0;0;0;0;1;0;0;;
330508;25;5;2018;14:38;0;AV HERACLITO GRACA;;;1245;;Colis?â?úo;Luz do Dia;;;Meio de Quadra;;;0;1;1;1;0;1;0;0;0;0;0;0;-3,736795000000000;-38,514339000000000
330505;25;5;2018;13:59;0;AV WASHINGTON SOARES;;;0;;Colis?â?úo;Luz do Dia;;;Meio de Quadra;;;0;1;1;1;0;0;0;0;0;1;0;0;;
330519;25;5;2018;17:02;0;AV PRS COSTA E SILVA;;;1578;;Queda;Anoitecer;;;Meio de Quadra;;;0;1;0;0;0;0;0;0;0;1;0;0;-3,818097100000000;-38,565077600000000
330513;25;5;2018;15:16;0;RUA ARTUR DE SOUZA;;;1574;;Colis?â?úo;Luz do Dia;;;Meio de Quadra;;;0;1;1;1;0;0;0;0;0;1;0;0;-3,825340000000000;-38,575877000000000
330510;25;5;2018;14:46;0;AV PERIMETRAL;;;334;;Colis?â?úo;Luz do Dia;;;Meio de Quadra;;;0;1;1;1;0;0;0;0;0;1;0;0;;
330511;25;5;2018;14:46;0;RUA ANTONIO BARBOSA;;;1400;;Colis?â?úo;Luz do Dia;;;Meio de Quadra;;;0;1;1;1;0;0;0;0;0;1;0;0;-3,831399750000000;-38,564722875000000
330521;25;5;2018;17:11;2869;RUA BARRA MANSA;RUA CEL VIRGILIO NOGUEIRA (BOM JARDIM);;0;;Choque c/ Obst?â?ículo Fixo;Anoitecer;;;;;;0;1;0;1;0;0;0;0;0;0;0;0;-3,795808000000000;-38,611025000000000
330523;25;5;2018;17:28;0;RUA POMPILIO GOMES;;;1182;;Colis?â?úo;Anoitecer;;;Meio de Quadra;;;0;1;0;0;0;0;0;0;0;0;0;0;;
330515;25;5;2018;16:01;0;AV BEIRA MAR;;;1160;;Colis?â?úo;Luz do Dia;;;Meio de Quadra;;;0;1;0;0;0;0;0;0;0;0;0;0;-3,720653501000000;-38,510400500000000
330525;25;5;2018;17:33;0;RUA EDUARDO ANGELIM;;;704;;Colis?â?úo;Anoitecer;;;Meio de Quadra;;;0;1;1;1;0;0;0;0;0;1;0;0;-3,764967550000000;-38,546485564000000
330527;25;5;2018;17:38;0;RUA RAUL CABRAL;;;251;;Colis?â?úo;Anoitecer;;;Meio de Quadra;;;0;1;1;1;0;0;0;0;0;1;0;0;-3,767675300000000;-38,546287300000000
330530;25;5;2018;17:41;0;RUA ALAN KARDEC;;;0;;Colis?â?úo;Anoitecer;;;Meio de Quadra;;;0;1;1;1;0;0;0;0;0;1;0;0;;
330536;25;5;2018;18:24;1467;RUA MON CATAO;AV SANTOS DUMONT;;0;;Colis?â?úo;Anoitecer;;;Cruz;Sem?â?íforo;Comercial;0;1;1;1;0;0;0;0;0;1;0;0;-3,738745000000000;-38,490564000000000
330534;25;5;2018;18:06;0;AV DA INDEPENDENCIA;;;1412;;Colis?â?úo;Anoitecer;;;Meio de Quadra;;;0;1;1;0;0;0;0;0;0;1;0;0;-3,726185500000000;-38,593432750000000
330499;25;5;2018;12:16;0;RUA DA SAUDADE;;;225;;Colis?â?úo;Luz do Dia;;;Meio de Quadra;;;0;1;1;1;0;0;0;0;0;1;0;0;-3,770046500000000;-38,544505500000000
330501;25;5;2018;13:19;0;RUA IRINEU DE SOUZA;;;0;;Colis?â?úo;Luz do Dia;;;Meio de Quadra;;;0;1;1;1;0;0;0;0;0;1;0;0;;
330502;25;5;2018;13:49;0;AV PRS CASTELO BRANCO;;;0;;Queda;Luz do Dia;;;Meio de Quadra;;;0;1;0;0;0;0;0;0;0;1;0;0;;
330431;25;5;2018;09:08;0;AV MR HULL;;;7431;;Atropelamento;Luz do Dia;;;Meio de Quadra;;;0;1;1;1;0;0;0;0;0;0;0;0;;
330424;25;5;2018;08:55;0;AV PRO JOSE ARTHUR CARVALHO;;;2009;;Colis?â?úo;Luz do Dia;;;Meio de Quadra;;;0;1;1;0;0;0;0;0;0;1;0;0;-3,825201874000000;-38,461878408000000
330425;25;5;2018;09:06;0;RUA MARIA JULIA;;;1329;;Colis?â?úo;Luz do Dia;;;Meio de Quadra;;;0;1;0;0;0;0;0;0;0;0;0;0;-3,796936300000000;-38,601019800000000
330422;25;5;2018;08:35;0;RUA PRIMEIRO DE ABRIL;;;66;;Colis?â?úo;Luz do Dia;;;Meio de Quadra;;;0;1;1;0;0;0;1;0;0;1;0;0;;
330439;25;5;2018;09:39;0;RUA BAR RIO BRANCO;;;1704;;Colis?â?úo;Luz do Dia;;;Meio de Quadra;;;0;1;1;1;0;0;0;0;0;1;0;0;-3,733149120000000;-38,530388040000000
330437;25;5;2018;09:13;7914;AV ANTONIO SALES;RUA LEONARDO MOTA;;0;;Queda;Luz do Dia;;;Cruz;Sem?â?íforo;Comercial;0;1;0;0;0;0;0;0;0;1;0;0;-3,746358000000000;-38,499442000000000
330441;25;5;2018;09:44;0;RUA PDE PEDRO DE ALENCAR;;;748;;Colis?â?úo;Luz do Dia;;;Meio de Quadra;;;0;1;1;1;0;0;0;0;0;1;0;0;-3,834722576000000;-38,494111258000000
330420;25;5;2018;08:35;0;RUA MON HIPOLITO BRASIL;;;393;;Colis?â?úo;Luz do Dia;;;Meio de Quadra;;;0;1;1;1;0;0;0;0;0;1;0;0;-3,759510000000000;-38,577722000000000
330418;25;5;2018;08:28;0;RUA TEREZA CRISTINA;;;1976;;Colis?â?úo;Luz do Dia;;;Meio de Quadra;;;0;1;1;1;0;0;0;0;0;1;0;0;-3,737524000000000;-38,539896000000000
330416;25;5;2018;08:21;0;RUA ANTONIO FERREIRA;;;5455;;Queda;Luz do Dia;;;Meio de Quadra;;;0;1;0;0;0;0;0;0;0;1;0;0;-3,801680000000000;-38,529200000000000
330408;25;5;2018;06:33;0;AV ODILON GUIMARAES;;;1910;;Queda;Luz do Dia;;;Meio de Quadra;;;0;1;0;0;0;0;0;0;0;1;0;0;-3,821504000000000;-38,476548000000000
330409;25;5;2018;06:36;0;AV ENG SANTANA JUNIOR;;;12047;;Colis?â?úo;Luz do Dia;;;Meio de Quadra;;;0;1;1;0;0;0;0;0;0;1;0;0;;
330410;25;5;2018;06:46;0;AV DR THEBERGE;;;930;;Colis?â?úo;Luz do Dia;;;Meio de Quadra;;;0;1;1;0;0;0;0;0;0;1;0;0;-3,711089600000000;-38,563894200000000
330411;25;5;2018;06:54;0;AV CARNEIRO DE MENDONCA;;;694;;Queda;Luz do Dia;;;Meio de Quadra;;;0;1;0;0;0;0;0;0;0;1;0;0;-3,764600078000000;-38,565815077000000
330412;25;5;2018;07:07;0;RUA NEREU RAMOS;;;0;;Queda;Luz do Dia;;;Meio de Quadra;;;0;1;0;0;0;0;0;0;0;1;0;0;;
330413;25;5;2018;07:12;0;RUA PRO VIRGILIO DE MORAIS;;;370;;Queda;Luz do Dia;;;Meio de Quadra;;;0;1;0;0;0;0;0;0;0;1;0;0;-3,751830000000000;-38,596765000000000
330400;25;5;2018;06:18;0;AV JULIO VENTURA;;;1691;;Queda;Luz do Dia;;;Meio de Quadra;;;0;1;0;0;0;0;0;0;0;1;0;0;-3,739947000000000;-38,505734800000000
326926;25;5;2018;09:15;1716;AV GOV RAUL BARBOSA;AV GAL MURILO BORGES;;0;;Colis?â?úo Traseira;Luz do Dia;;;;;;0;0;2;1;1;0;0;0;0;0;0;0;-3,763977000000000;-38,508802000000000
326921;25;5;2018;08:05;25434;AV ALBERTO CRAVEIRO;RUA 2 DE ABRIL;;0;;Colis?â?úo Traseira;Luz do Dia;;;Duplo T;N?â?úo H?â?í Controle;Residencial;0;2;0;0;0;0;1;0;0;1;0;0;-3,804004000000000;-38,522158000000000
320860;25;5;2018;01:35;17196;RUA CACHOEIRA ALEGRE;RUA MARIA GOMES DE SA;;0;;Colis?â?úo Transversal;Via Iluminada;Bom;Seca;Cruz;Pare;Residencial;1;0;1;0;0;0;1;0;0;1;0;0;-3,825551000000000;-38,582180000000000
326918;26;5;2018;01:30;17378;RUA ALBERTO MAGNO;RUA ROMEU MARTINS;;0;;Colis?â?úo Lateral;;;;Cruz;Pare;Residencial;0;1;1;1;0;0;0;0;0;1;0;0;-3,766914000000000;-38,551758000000000
330548;26;5;2018;00:18;0;RUA BAR CRATO;;;1072;;Queda;;;;Meio de Quadra;;;0;1;0;0;0;0;0;0;0;1;0;0;-3,721069000000000;-38,558776474000000
330555;26;5;2018;03:00;25174;RUA PDE VALDEVINO;RUA RODRIGUES JUNIOR;;0;;Colis?â?úo;;;;T;Pare;Comercial;0;1;1;1;0;0;0;0;0;1;0;0;-3,737243000000000;-38,522800000000000
330552;26;5;2018;01:17;0;RUA ARTUR DE SOUZA;;;987;;Colis?â?úo;;;;Meio de Quadra;;;0;1;1;1;0;0;0;0;0;1;0;0;-3,826471975000000;-38,574258863000000
330560;26;5;2018;04:08;5159;RUA GUILHERME ROCHA;AV IMPERADOR;;0;;Colis?â?úo;;;;Cruz;Sem?â?íforo;Comercial;0;1;1;1;0;0;0;0;0;1;0;0;-3,725081000000000;-38,533829000000000
330561;26;5;2018;05:52;0;RUA ALM RUBIM;;;497;;Colis?â?úo;Amanhecer;;;Meio de Quadra;;;0;1;1;1;0;1;0;0;0;0;0;0;-3,771360000000000;-38,556810000000000
330557;26;5;2018;04:03;0;AV 13 DE MAIO;;;0;;Atropelamento;;;;Meio de Quadra;;;0;1;1;0;0;0;0;0;0;1;0;0;;
330571;26;5;2018;08:19;0;AV DUQ CAXIAS;;;0;;Atropelamento;Luz do Dia;;;Meio de Quadra;;;0;1;1;0;0;0;0;0;0;0;0;0;;
330567;26;5;2018;08:12;0;AV JOSE BASTOS;;;4000;;Colis?â?úo;Luz do Dia;;;Meio de Quadra;;;0;1;1;1;0;0;0;0;0;1;0;0;-3,753295500000000;-38,553756500000000
330564;26;5;2018;06:20;0;RUA TRES MARIAS;;;1142;;Queda;Luz do Dia;;;Meio de Quadra;;;0;1;0;0;0;0;0;0;0;1;0;0;-3,803418000000000;-38,439920000000000
330577;26;5;2018;10:57;7766;AV ANTONIO SALES;RUA TIBURCIO CAVALCANTE;;0;;Colis?â?úo;Luz do Dia;;;Cruz;Sem?â?íforo;Comercial;0;1;1;1;0;0;0;0;0;1;0;0;-3,744543000000000;-38,505333000000000
330573;26;5;2018;09:38;0;AV FRANCISCO SA;;;3787;;Atropelamento;Luz do Dia;;;Meio de Quadra;;;0;1;1;0;0;0;0;0;0;1;0;0;-3,716941646000000;-38,558731021000000
330579;26;5;2018;13:03;0;RUA DR JOSE LOURENCO;;;680;;Colis?â?úo;Luz do Dia;;;Meio de Quadra;;;0;1;1;1;0;0;0;0;0;1;0;0;-3,730449000000000;-38,506470000000000
330588;26;5;2018;15:42;0;RUA CESAR FONTENELE;;;1123;;Colis?â?úo;Luz do Dia;;;Meio de Quadra;;;0;1;1;1;0;1;0;0;0;0;0;0;-3,746260000000000;-38,559180000000000
330589;26;5;2018;16:02;0;RUA PRO LINO ENCARNACAO;;;1240;;Colis?â?úo;Luz do Dia;;;Meio de Quadra;;;0;1;1;1;0;1;0;0;0;0;0;0;-3,746359000000000;-38,559596000000000
330590;26;5;2018;16:53;0;AV JOSE LEON;;;622;;Atropelamento;Luz do Dia;;;Meio de Quadra;;;0;1;1;0;0;0;0;0;0;1;0;0;-3,786650886000000;-38,506050975000000
330591;26;5;2018;18:04;0;AV BEZERRA DE MENEZES;;;1402;;Atropelamento;Anoitecer;;;Meio de Quadra;;;0;1;1;0;0;0;0;0;0;0;0;0;-3,734168308000000;-38,557257846000000
330584;26;5;2018;14:45;0;AV GODOFREDO MACIEL;;;1005;;Colis?â?úo;Luz do Dia;;;Meio de Quadra;;;0;1;1;1;0;0;0;0;0;1;0;0;-3,784986095000000;-38,566351714000000
330581;26;5;2018;13:16;0;RUA GUSTAVO BARROSO;;;83;;Colis?â?úo;Luz do Dia;;;Meio de Quadra;;;0;1;1;1;0;0;0;0;0;1;0;0;-3,788175400000000;-38,592440700000000
330582;26;5;2018;13:50;12651;AV MAJ ASSIS;RUA MISERICORDIA;;0;;Colis?â?úo;Luz do Dia;;;Cruz;Pare;Misto;0;1;1;1;0;0;0;0;0;1;0;0;-3,723853000000000;-38,585523000000000
330605;26;5;2018;19:07;0;AV PONTES VIEIRA;;;0;;Atropelamento;;;;Meio de Quadra;;;0;1;1;1;0;0;0;0;0;0;0;0;;
330606;26;5;2018;20:43;0;AV PRS COSTA E SILVA;;;0;;Colis?â?úo;;;;Meio de Quadra;;;0;1;1;0;0;0;0;0;0;1;0;0;;
330607;26;5;2018;20:56;0;RUA ULLISSES GUIMARAES;;;0;;Atropelamento;;;;Meio de Quadra;;;0;1;1;1;0;0;0;0;0;0;0;0;;
330608;26;5;2018;21:07;0;RUA MANUEL JESUINO;;;165;;Queda;;;;Meio de Quadra;;;0;1;0;0;0;0;0;0;0;1;0;0;-3,727226171000000;-38,484862537000000
330609;26;5;2018;21:09;17440;RUA ANTONIO FIUZA;RUA PRO TEODORICO;;0;;Colis?â?úo;;;;Cruz;Pare;Residencial;0;1;1;0;0;0;0;0;0;1;0;0;-3,769303000000000;-38,551898000000000
330586;26;5;2018;15:34;0;RUA DR QUIXADA FELICIO;;;400;;Colis?â?úo;Luz do Dia;;;Meio de Quadra;;;0;1;1;1;0;0;0;0;0;1;0;0;-3,709770000000000;-38,596420000000000
330602;26;5;2018;18:07;0;AV WASHINGTON SOARES;;;11150;;Colis?â?úo;Anoitecer;;;Meio de Quadra;;;0;1;1;1;0;1;0;0;0;0;0;0;;
330603;26;5;2018;18:22;0;RUA GUANABARA;;;120;;Queda;Anoitecer;;;Meio de Quadra;;;0;1;0;0;0;1;0;0;0;0;0;0;-3,751368637000000;-38,565455318000000
330616;26;5;2018;23:05;0;RUA EUCLIDES O DE SOUSA;;;880;;Colis?â?úo;;;;Meio de Quadra;;;0;1;1;1;0;0;0;0;0;1;0;0;-3,797673500000000;-38,473385000000000
330617;26;5;2018;23:30;0;RUA PERNAMBUCO;;;2221;;Colis?â?úo;;;;Meio de Quadra;;;0;1;1;1;0;0;0;0;0;1;0;0;-3,754153000000000;-38,575552000000000
330619;26;5;2018;23:39;5209;RUA JOAO CORDEIRO;RUA TEN BENEVOLO;;0;;Colis?â?úo;;;;;;;0;1;1;1;0;0;0;0;0;1;0;0;-3,726514000000000;-38,513424000000000
330614;26;5;2018;21:44;0;AV DR SILAS MUNGUBA;;;4326;;Colis?â?úo;;;;Meio de Quadra;;;0;1;1;1;0;0;0;0;0;1;0;0;-3,791571000000000;-38,537106000000000
327652;26;5;2018;05:40;0;RD CE-040;;;0;KM-02;Colis?â?úo;Via Iluminada;;Seca;Meio de Quadra;;;0;0;2;0;1;0;0;0;0;0;0;0;-3,773616148000000;-38,481799400000000
327271;26;5;2018;00:15;0;AV AUGUSTO DOS ANJOS;;;1000;;Colis?â?úo;;;;Meio de Quadra;;;0;0;1;1;0;0;0;0;0;0;0;0;-3,776779000000000;-38,576193000000000
322841;26;5;2018;04:55;5159;AV IMPERADOR;RUA GUILHERME ROCHA;;0;;Colis?â?úo Transversal;Via Iluminada;Chuva;Molhada;Cruz;Sem?â?íforo;Comercial;0;0;1;1;0;0;0;0;0;1;0;0;-3,725081000000000;-38,533829000000000
322842;27;5;2018;18:40;0;AV BEIRA MAR;;;4600;;Colis?â?úo Lateral;Mal Iluminada;Bom;Seca;Meio de Quadra;N?â?úo H?â?í Controle;Comercial;0;0;2;1;0;0;0;0;0;1;0;0;-3,722010000000000;-38,480362000000000
322843;27;5;2018;18:43;18302;RUA SEN ALMINO;RUA DRAGAO DO MAR;;0;;Colis?â?úo Transversal;Via Iluminada;Bom;Seca;Cruz;Gesto;Comercial;0;1;1;1;0;0;0;0;0;1;0;0;-3,721816000000000;-38,517919000000000
322844;27;5;2018;20:47;0;RUA HENRIQUE ELERY;;;675;;Colis?â?úo Lateral;Via Iluminada;Bom;Seca;Meio de Quadra;N?â?úo H?â?í Controle;Residencial;0;0;2;1;0;0;0;0;0;0;0;0;-3,725478600000000;-38,559998000000000
322908;27;5;2018;19:40;0;RUA NIGERIA;RUA SEBASTIAO DE ABREU;;0;;Colis?â?úo Transversal;Via Iluminada;Bom;Seca;Cruz;Pare;Residencial;0;0;2;1;0;0;0;0;0;1;0;0;-3,792906000000000;-38,566990000000000
322848;27;5;2018;21:35;0;AV DOLOR BARREIRA;;;390;;Colis?â?úo Lateral;Via Iluminada;Bom;Seca;Meio de Quadra;Pare;Comercial;0;2;1;0;1;0;0;0;0;1;0;0;-3,728120300000000;-38,473130000000000
323195;27;5;2018;07:10;0;AV HIS RAIMUNDO GIRAO;;;306;;N?â?úo Informado;Luz do Dia;Bom;Seca;Cruz;Sem?â?íforo;Comercial;0;0;1;1;0;0;0;0;1;0;0;0;-3,720638000000000;-38,513527000000000
327272;27;5;2018;01:15;5209;RUA TEN BENEVOLO;RUA JOAO CORDEIRO;;0;;Colis?â?úo;;;;;;;0;0;1;0;0;0;0;0;0;0;0;0;-3,726514000000000;-38,513424000000000
327281;27;5;2018;10:45;0;AV SEN CARLOS JEREISSATI (AEROPORTO);;;3000;AEROPORTO;Choque c/ Obst?â?ículo Fixo;Luz do Dia;;;Meio de Quadra;;;0;0;1;0;0;0;0;0;0;0;0;0;-3,780382000000000;-38,541414000000000
327655;27;5;2018;07:30;0;AV ENG SANTANA JUNIOR;;;0;IGUATEMI;Colis?â?úo;Luz do Dia;;Seca;Meio de Quadra;;;0;1;1;0;0;0;0;0;0;0;0;0;;
330620;27;5;2018;00:23;0;RUA CARLOS JUACABA;;;1378;;Queda;;;;Meio de Quadra;;;0;1;0;0;0;0;0;0;0;1;0;0;-3,793840000000000;-38,562910000000000
330621;27;5;2018;03:50;0;RUA GUARUJA;;;172;;Colis?â?úo;;;;Meio de Quadra;;;0;1;1;1;0;0;0;0;0;1;0;0;-3,834810000000000;-38,498260000000000
330622;27;5;2018;06:47;0;RUA MANUEL DE CASTRO FEITOSA;;;2482;;Queda;Luz do Dia;;;Meio de Quadra;;;0;1;0;0;0;0;0;0;0;1;0;0;;
330624;27;5;2018;11:07;0;RUA GOIANESA;;;182;;Colis?â?úo;Luz do Dia;;;Meio de Quadra;;;0;1;1;1;0;0;0;0;0;1;0;0;-3,764098000000000;-38,585412200000000
330625;27;5;2018;11:21;0;RUA ALM RUBIM;;;483;;Colis?â?úo;Luz do Dia;;;Meio de Quadra;;;0;1;1;1;0;0;0;0;0;1;0;0;-3,768815800000000;-38,555762800000000
330649;27;5;2018;11:24;3768;AV DOMINGOS OLIMPIO;AV TRISTAO GONCALVES;;0;;Colis?â?úo;Luz do Dia;;;Cruz;Sem?â?íforo;Comercial;0;1;1;1;0;0;0;0;0;1;0;0;-3,735133000000000;-38,535613000000000