COD_ACIDENTE;DIA;MES;ANO;HORA;INTERSECAO;LOG1;LOG2;LOG3;NUMERO;REFERENCIA;NATUREZA;ILUMINACAO;TEMPO;SUPERFICIEPISTA;TIPOCRUZAMENTO;CONTROLETRAFEGO;USOSOLO;MORTOS;FERIDOS;ILESOS;AUTOMOVEL;ONIBUS;BICICLETA;CAMINHAO;MICROONIBUS;CICLOMOTOR;MOTOCICLETA;TRACAOANIMAL;TREM;LATITUDE;LONGITUDE
330650;27;5;2018;13:26;0;AV PERIMETRAL;;;2246;;Colis?â?úo;Luz do Dia;;;Meio de Quadra;;;0;1;1;0;0;0;0;0;0;1;0;0;;
330651;27;5;2018;13:39;0;RUA CON DE CASTRO;;;3635;;Colis?â?úo;Luz do Dia;;;Meio de Quadra;;;0;1;1;1;0;0;0;0;0;1;0;0;-3,798921000000000;-38,586329000000000
330652;27;5;2018;14:59;0;AV VIS RIO BRANCO;;;2161;;Colis?â?úo;Luz do Dia;;;Meio de Quadra;;;0;1;0;0;0;0;0;0;0;0;0;0;-3,739798960000000;-38,523331160000000
330653;27;5;2018;15:33;0;AV GAL OSORIO DE PAIVA;;;5854;;Colis?â?úo;Luz do Dia;;;Meio de Quadra;;;0;1;1;1;0;0;0;0;0;1;0;0;-3,807571000000000;-38,604838400000000
330654;27;5;2018;16:38;0;RUA MARIA GOMES DE SA;;;0;;Colis?â?úo;Luz do Dia;;;Meio de Quadra;;;0;1;1;1;0;0;0;0;0;1;0;0;;
330663;27;5;2018;19:33;0;AV WASHINGTON SOARES;;;0;;Atropelamento;;;;Meio de Quadra;;;0;1;1;0;0;0;0;0;0;0;0;0;;
330669;27;5;2018;21:03;0;AV PERIMETRAL;;;591;;Colis?â?úo;;;;Meio de Quadra;;;0;1;0;0;0;0;0;0;0;0;0;0;;
330670;27;5;2018;21:13;0;RUA BERNARDO MANUEL;;;591;;Queda;;;;Meio de Quadra;;;0;1;0;0;0;0;0;0;0;1;0;0;;
330671;27;5;2018;21:45;0;AV BENJAMIM BRASIL;;;622;;Atropelamento;;;;Meio de Quadra;;;0;1;1;1;0;0;0;0;0;0;0;0;-3,804709500000000;-38,567339500000000
330672;27;5;2018;22:13;0;AV AUGUSTO DOS ANJOS;;;1585;;Atropelamento;;;;Meio de Quadra;;;0;1;1;1;0;0;0;0;0;0;0;0;-3,780272000000000;-38,579260000000000
330673;27;5;2018;22:30;6128;AV B CJ CEARA;RUA MIN ALBUQUERQUE LIMA;;0;;Colis?â?úo;;;;Cruz;Sem?â?íforo;Residencial;0;1;1;1;0;0;0;0;0;1;0;0;-3,768744000000000;-38,607506000000000
330658;27;5;2018;18:50;12483;AV AUGUSTO DOS ANJOS;RUA DES GOMES PARENTE;;0;;Colis?â?úo;;;;Cruz;Pare;Comercial;0;1;1;1;0;0;0;0;0;1;0;0;-3,774371000000000;-38,574025000000000
330659;27;5;2018;19:19;0;RUA CIDADE ECOLOGICA;;;55;;Queda;;;;Meio de Quadra;;;0;1;0;0;0;0;0;0;0;1;0;0;;
330660;27;5;2018;19:32;0;AV FRANCISCO SA;;;6081;;Queda;;;;Meio de Quadra;;;0;1;0;0;0;1;0;0;0;0;0;0;-3,709633549000000;-38,580061542000000
330666;27;5;2018;19:34;23725;RUA DOM HENRIQUE;RUA MON AGOSTINHO;;0;;Atropelamento;;;;Cruz;Pare;Misto;0;1;1;1;0;0;0;0;0;0;0;0;-3,787384000000000;-38,581683000000000
330667;27;5;2018;20:13;0;RUA GOMES PASSOS;;;597;;Colis?â?úo;;;;Meio de Quadra;;;0;1;1;1;0;0;0;0;0;1;0;0;-3,711104844000000;-38,561497563000000
330679;28;5;2018;05:57;0;RUA CEL TIBURCIO;;;0;;Queda;Amanhecer;;;Meio de Quadra;;;0;1;0;0;0;0;0;0;0;1;0;0;;
330684;28;5;2018;06:31;0;RUA CON DE CASTRO;;;4222;;Colis?â?úo;Luz do Dia;;;Meio de Quadra;;;0;1;0;0;0;0;0;0;0;0;0;0;-3,802732245000000;-38,589924917000000
330682;28;5;2018;06:15;16032;RUA GAL CORDEIRO NETO;RUA JORGE RAUPP;;0;;Colis?â?úo;Luz do Dia;;;Cruz;;Residencial;0;1;1;1;0;0;0;0;0;0;0;0;-3,811651000000000;-38,572363000000000
330689;28;5;2018;07:05;12674;AV CEL CARVALHO;RUA GUILHERME MENDES;;0;;Colis?â?úo;Luz do Dia;;;Cruz;Pare;Comercial;0;1;1;1;0;0;0;0;0;1;0;0;-3,720651000000000;-38,587094000000000
330690;28;5;2018;07:08;0;AV GAL OSORIO DE PAIVA;;;4979;;Queda;Luz do Dia;;;Meio de Quadra;;;0;1;0;0;0;0;0;0;0;1;0;0;-3,801816400000000;-38,599245480000000
330686;28;5;2018;06:46;0;RUA PDE PEDRO DE ALENCAR;;;1778;;Colis?â?úo;Luz do Dia;;;Meio de Quadra;;;0;1;1;1;0;0;0;0;0;1;0;0;-3,843805000000000;-38,494382000000000
330693;28;5;2018;07:13;0;AV FRE CIRILO;;;0;;Queda;Luz do Dia;;;Meio de Quadra;;;0;1;0;0;0;0;0;0;0;1;0;0;;
330701;28;5;2018;07:41;0;RUA CEARA;;;511;;Colis?â?úo;Luz do Dia;;;Meio de Quadra;;;0;1;1;1;0;0;0;0;0;1;0;0;-3,761294000000000;-38,562183000000000
330702;28;5;2018;07:52;0;RD BR 116;;;0;;Colis?â?úo;Luz do Dia;;;Meio de Quadra;;;0;1;1;1;0;0;0;0;0;1;0;0;;
330703;28;5;2018;08:05;0;RUA COM GARCIA;;;0;;Colis?â?úo;Luz do Dia;;;Meio de Quadra;;;0;1;1;1;0;0;0;0;0;1;0;0;;
330704;28;5;2018;09:21;0;AV WASHINGTON SOARES;;;2000;;Colis?â?úo;Luz do Dia;;;Meio de Quadra;;;0;1;1;1;0;0;0;0;0;1;0;0;-3,776562000000000;-38,481591000000000
330698;28;5;2018;07:40;0;RUA BOM JESUS (BARRA DO CEARA);;;1841;;Colis?â?úo;Luz do Dia;;;Meio de Quadra;;;0;1;1;1;0;1;0;0;0;0;0;0;-3,788074600000000;-38,621822100000000
330696;28;5;2018;07:35;19707;AV BEZERRA DE MENEZES;RUA ARMANDO OLIVEIRA;;0;;Queda;Luz do Dia;;;T;Pare;Comercial;0;1;0;0;0;0;0;0;0;1;0;0;-3,736264000000000;-38,567270000000000
330740;28;5;2018;11:28;0;RUA PDE JOAO PIAMARTA;;;476;;Queda;Luz do Dia;;;Meio de Quadra;;;0;1;0;0;0;0;0;0;0;1;0;0;-3,759224032000000;-38,542055516000000
330774;28;5;2018;18:26;0;AV L CJ CEARA;;;50;;Colis?â?úo;Anoitecer;;;Meio de Quadra;;;0;1;1;1;0;0;0;0;0;1;0;0;;
330775;28;5;2018;18:34;0;RUA CON DE CASTRO;;;4316;;Atropelamento;;;;Meio de Quadra;;;0;1;1;0;0;0;0;0;0;1;0;0;-3,803542975000000;-38,590636691000000
330776;28;5;2018;18:46;0;AV I CJ CEARA;;;10;;Colis?â?úo;;;;Meio de Quadra;;;0;1;1;1;0;0;0;0;0;1;0;0;;
330791;28;5;2018;19:38;0;RUA ERICO MOTA;;;644;;Queda;;;;Meio de Quadra;;;0;1;0;0;0;1;0;0;0;0;0;0;-3,742202000000000;-38,561583750000000
330787;28;5;2018;18:56;0;RUA JOSE AVELINO;;;0;;Atropelamento;;;;Meio de Quadra;;;0;1;1;1;0;0;0;0;0;0;0;0;;
330788;28;5;2018;19:36;3054;RUA ANDRE REBOUCAS;RUA MARGINAL VERDE OESTE;;0;;Colis?â?úo;;;;Cruz;Pare;Residencial;0;1;1;1;0;0;0;0;0;1;0;0;-3,775493000000000;-38,590658000000000
330794;28;5;2018;21:24;18346;RUA VIRGILIO BRIGIDO;TR NOVA BRASILIA;;0;;Queda;;;;;;;0;1;0;0;0;0;0;0;0;1;0;0;-3,724014000000000;-38,569139000000000
330796;28;5;2018;23:00;0;AV MAJ ASSIS;;;5431;;Colis?â?úo;;;;Meio de Quadra;;;0;1;1;1;0;0;0;0;0;1;0;0;;
330797;28;5;2018;23:08;5025;RUA SEN ALENCAR;AV FILOMENO GOMES;;0;;Colis?â?úo;;;;T;Pare;Comercial;0;1;0;0;0;0;0;0;0;0;0;0;-3,720616000000000;-38,541328000000000
330738;28;5;2018;10:19;0;RUA RODRIGUES JUNIOR;;;262;;Atropelamento;Luz do Dia;;;Meio de Quadra;;;0;1;0;0;0;0;0;0;0;0;0;0;-3,727308318000000;-38,519544746000000
330768;28;5;2018;15:38;0;RUA ABILIO MARTINS;;;686;;Atropelamento;Luz do Dia;;;Meio de Quadra;;;0;1;1;0;0;0;0;0;0;0;0;0;-3,742139887000000;-38,560378290000000
330769;28;5;2018;15:42;0;RUA BAR ARATANHA;;;1276;;Colis?â?úo;Luz do Dia;;;Meio de Quadra;;;0;1;1;1;0;0;0;0;0;1;0;0;-3,743861000000000;-38,530045000000000
330770;28;5;2018;16:22;0;AV GODOFREDO MACIEL;;;0;;Colis?â?úo;Luz do Dia;;;Meio de Quadra;;;0;1;1;1;0;0;0;0;0;1;0;0;;
330771;28;5;2018;17:01;0;RUA GAL CLARINDO DE QUEIROZ;;;1688;;Atropelamento;Anoitecer;;;Meio de Quadra;;;0;1;1;1;0;0;0;0;0;0;0;0;;
330772;28;5;2018;17:24;0;AV ROGACIANO LEITE;;;1250;;Colis?â?úo;Anoitecer;;;Meio de Quadra;;;0;1;1;1;0;0;0;0;0;1;0;0;-3,768190500000000;-38,497147000000000
330762;28;5;2018;12:24;0;RUA PDE PERDIGAO SAMPAIO;;;400;;Colis?â?úo;Luz do Dia;;;Meio de Quadra;;;0;1;1;1;0;0;0;0;0;1;0;0;-3,728249800000000;-38,571782900000000
330751;28;5;2018;11:42;0;AV WASHINGTON SOARES;;;0;;Colis?â?úo;Luz do Dia;;;Meio de Quadra;;;0;1;1;1;0;0;0;0;0;1;0;0;;
327657;28;5;2018;08:40;0;RD CE-040;;;0;;Colis?â?úo;Luz do Dia;;Seca;Meio de Quadra;;;0;0;2;1;0;0;1;0;0;0;0;0;;
327660;28;5;2018;18:30;0;AV SEN CARLOS JEREISSATI (AEROPORTO);;;0;KM 04;Atropelamento;Via Iluminada;;Seca;Meio de Quadra;;;0;2;1;1;0;0;0;0;0;0;0;0;-3,774020000000000;-38,550907000000000
327661;28;5;2018;15:00;0;RD CE-025;;;0;;Colis?â?úo;Luz do Dia;;Seca;Meio de Quadra;;;0;0;2;0;1;0;1;0;0;0;0;0;;
327273;28;5;2018;23:36;0;AV WASHINGTON SOARES;;;529;;Colis?â?úo;;;;Meio de Quadra;;;0;1;1;1;0;0;0;0;0;1;0;0;-3,758221744000000;-38,486496767000000
322849;28;5;2018;15:22;0;AV VIS RIO BRANCO;;;1199;;N?â?úo Informado;Luz do Dia;Bom;Seca;Meio de Quadra;N?â?úo H?â?í Controle;Comercial;0;0;2;0;0;0;0;0;0;0;0;0;-3,731360000000000;-38,525074000000000
322850;28;5;2018;16:50;0;AV PONTES VIEIRA;;;133;;Colis?â?úo Traseira;Via Iluminada;Bom;Seca;Meio de Quadra;N?â?úo H?â?í Controle;Comercial;0;0;1;1;0;0;0;0;0;0;0;0;-3,753300700000000;-38,519290000000000
322851;28;5;2018;18:30;0;AV PRS CASTELO BRANCO;;;2088;;Colis?â?úo Transversal;Via Iluminada;Bom;Seca;Meio de Quadra;Sem?â?íforo;Residencial;0;1;0;0;0;1;0;0;0;1;0;0;-3,714354800000000;-38,546677000000000
322852;28;5;2018;18:00;7765;RUA DOM EXPEDITO LOPES;RUA TIBURCIO CAVALCANTE;;0;;Tombamento;Via Iluminada;Bom;Seca;Cruz;Sem?â?íforo;Residencial;0;0;3;1;0;0;0;0;0;0;0;0;-3,743802000000000;-38,505097000000000
322845;28;5;2018;05:50;15190;AV ABOLICAO;RUA JOAQUIM NABUCO;;0;;Colis?â?úo Transversal;Luz do Dia;Bom;Seca;Cruz;Sem?â?íforo;Comercial;0;1;1;1;0;0;0;0;0;1;0;0;-3,726373000000000;-38,498436000000000
322846;28;5;2018;07:49;17377;RUA BAR CANINDE;RUA ELVIRA PINHO;;0;;Colis?â?úo Lateral;Luz do Dia;Bom;Seca;Cruz;Pare;Comercial;0;1;1;1;0;0;0;0;0;1;0;0;-3,766881000000000;-38,556147000000000
322847;28;5;2018;10:24;0;RUA VERBENA;;;656;;Colis?â?úo Traseira;Luz do Dia;Bom;Seca;Meio de Quadra;N?â?úo H?â?í Controle;Comercial;0;1;1;1;0;0;0;0;0;1;0;0;-3,781926600000000;-38,588917000000000
322856;29;5;2018;10:52;0;RUA DES LEITE ALBUQUERQUE;;;987;;Colis?â?úo Traseira;Luz do Dia;Bom;Seca;Meio de Quadra;N?â?úo H?â?í Controle;Residencial;0;0;3;1;0;0;0;0;0;0;0;0;-3,738556600000000;-38,494710000000000
322857;29;5;2018;13:41;5120;AV MON TABOSA;RUA JOAO CORDEIRO;;0;;Colis?â?úo Transversal;Luz do Dia;Bom;Seca;Cruz;Sem?â?íforo;Comercial;0;1;1;1;0;1;0;0;0;0;0;0;-3,724009000000000;-38,512635000000000
322858;29;5;2018;14:22;11836;RUA JACINTO MATOS;RUA MON DANTAS;;0;;Colis?â?úo;Luz do Dia;Bom;Seca;Cruz;Pare;Residencial;0;1;2;0;0;0;0;0;0;1;0;0;-3,719714000000000;-38,546800000000000
322859;29;5;2018;14:53;0;AV AMERICO BARREIRA;;;4915;;N?â?úo Informado;Luz do Dia;Bom;Seca;Meio de Quadra;N?â?úo H?â?í Controle;Comercial;0;0;2;0;0;0;0;0;0;1;0;0;-3,757097200000000;-38,559970000000000
322860;29;5;2018;15:26;1338;AV BAR STUDART;RUA TORRES CAMARA;;0;;N?â?úo Informado;Luz do Dia;Bom;Seca;Cruz;Sem?â?íforo;Comercial;0;1;1;1;0;0;0;0;0;1;0;0;-3,735624000000000;-38,506944000000000
322861;29;5;2018;16:16;0;AV CEL CARVALHO;;;2207;;N?â?úo Informado;Luz do Dia;Bom;Seca;Meio de Quadra;N?â?úo H?â?í Controle;Comercial;0;0;1;1;1;0;0;0;0;0;0;0;-3,721750500000000;-38,586693000000000
322862;29;5;2018;16:34;12880;RUA MES ROSA;RUA SOUSA GIRAO;;0;;Colis?â?úo Transversal;Luz do Dia;Bom;Seca;Cruz;Pare;Residencial;0;1;1;1;0;0;0;0;0;0;0;0;-3,741568000000000;-38,525184000000000
322863;29;5;2018;17:05;0;AV GAL OSORIO DE PAIVA;;;4183;;Engavetamento;Luz do Dia;Bom;Seca;Meio de Quadra;N?â?úo H?â?í Controle;Comercial;0;0;3;1;0;0;0;0;0;0;0;0;-3,795330300000000;-38,592773000000000
322864;29;5;2018;17:15;0;AV PRS COSTA E SILVA;;;5295;;N?â?úo Informado;Luz do Dia;Bom;Seca;Meio de Quadra;Sem?â?íforo;Residencial;0;0;3;1;0;0;0;0;0;0;0;0;-3,828096200000000;-38,533010000000000
322865;29;5;2018;18:05;0;AV JOVITA FEITOSA;;;606;;Atropelamento;Via Iluminada;Bom;Seca;Meio de Quadra;N?â?úo H?â?í Controle;Residencial;0;1;1;0;0;0;0;0;0;1;0;0;-3,738294800000000;-38,549350000000000
322866;29;5;2018;20:49;19179;AV SANTOS DUMONT;RUA JULIO AZEVEDO;;0;;Colis?â?úo Lateral;Via Iluminada;Bom;Seca;Cruz;Sem?â?íforo;Comercial;0;0;2;1;1;0;0;0;0;0;0;0;-3,741662000000000;-38,481471000000000
322867;29;5;2018;16:50;7433;RUA PEDRO DANTAS;RUA CLARIM;;0;;Colis?â?úo Transversal;Via Iluminada;Bom;Seca;T;Pare;Residencial;0;1;0;1;0;0;0;0;0;1;0;0;-3,785202000000000;-38,525882000000000
322868;29;5;2018;22:00;5625;AV DES GONZAGA;AV ROGACIANO LEITE;;0;;Colis?â?úo Transversal;Via Iluminada;Bom;Seca;Cruz;Sem?â?íforo;Residencial;0;0;2;1;0;0;0;0;0;0;0;0;-3,788545000000000;-38,503866000000000
322853;29;5;2018;02:11;0;RUA GAL CLARINDO DE QUEIROZ;;;1465;MERCADO SAO SEBASTIAO;Colis?â?úo Traseira;Via Iluminada;Chuva;Molhada;Meio de Quadra;Sem?â?íforo;Comercial;0;0;1;1;0;0;0;0;0;0;0;0;-3,730571700000000;-38,536945000000000
322854;29;5;2018;07:17;0;RUA DA SAUDADE (MONTESE);;;213;;Colis?â?úo Traseira;Luz do Dia;Bom;Seca;Meio de Quadra;N?â?úo H?â?í Controle;Comercial;0;1;1;1;0;0;0;0;0;1;0;0;-3,770126300000000;-38,544636000000000
327275;29;5;2018;13:30;0;AV WENEFRIDO MELO;;;0;;;Luz do Dia;;;Meio de Quadra;;;0;0;1;0;0;0;0;0;0;1;0;0;;
327276;29;5;2018;18:10;0;RUA JOAQUIM NABUCO;;;1783;;Colis?â?úo;Anoitecer;;;Meio de Quadra;;;0;1;0;1;0;0;0;0;0;1;0;0;-3,740950750000000;-38,503106250000000
327277;29;5;2018;20:30;9131;AV 13 DE MAIO;RUA BAR ARATANHA;;0;;Colis?â?úo;;;;;;;0;0;1;1;0;0;1;0;0;0;0;0;-3,747615000000000;-38,531331000000000
327441;29;5;2018;06:00;0;RD BR 116;;;6000;KM-06;Colis?â?úo Transversal;Luz do Dia;;;Meio de Quadra;;;0;1;1;0;0;1;0;0;0;0;0;0;-3,804691000000000;-38,503053000000000
327442;29;5;2018;15:15;0;RD BR 116;;;3000;KM-03;Atropelamento;Luz do Dia;;;Meio de Quadra;;;0;1;0;1;0;0;0;0;0;0;0;0;-3,779838000000000;-38,514372000000000
327693;29;5;2018;09:20;0;RD CE-040;;;0;KM-06;Colis?â?úo;Luz do Dia;;Seca;Meio de Quadra;;;0;0;2;1;1;0;0;0;0;0;0;0;-3,809596804000000;-38,478733480000000
327700;29;5;2018;18:40;0;AV SEN CARLOS JEREISSATI (AEROPORTO);;;0;KM 04;Colis?â?úo;Via Iluminada;;Seca;Meio de Quadra;;;0;0;2;1;0;0;0;0;0;0;0;0;-3,774020000000000;-38,550907000000000
327702;29;5;2018;19:20;0;RD CE-040;;;0;KM-05;Colis?â?úo;Via Iluminada;;Seca;Meio de Quadra;;;0;0;2;0;0;0;0;0;0;1;0;0;-3,800595823000000;-38,479534630000000
327696;29;5;2018;17:30;0;AV SEN CARLOS JEREISSATI (AEROPORTO);;;0;KM 02;Colis?â?úo;Via Iluminada;;Seca;Meio de Quadra;;;0;0;2;1;0;0;0;0;0;0;0;0;-3,782194000000000;-38,535424000000000
330807;29;5;2018;07:04;0;RUA DA SAUDADE;;;213;;Colis?â?úo;Luz do Dia;;;Meio de Quadra;;;0;1;1;1;0;0;0;0;0;1;0;0;-3,770110000000000;-38,544750000000000
330804;29;5;2018;06:21;0;RD BR 116;;;0;;Colis?â?úo;Luz do Dia;;;Meio de Quadra;;;0;1;1;1;0;1;0;0;0;0;0;0;;
330818;29;5;2018;07:09;24990;AV PRS JUSCELINO KUBITSCHEK (PASSAR?âÔÇ?);AV PRS COSTA E SILVA;;0;;Colis?â?úo;Luz do Dia;;;T;Sem?â?íforo;Residencial;0;1;0;0;0;0;0;0;0;0;0;0;-3,825648000000000;-38,539516000000000
330823;29;5;2018;07:37;0;RUA TEODOMIRO DE CASTRO;;;6545;;Colis?â?úo;Luz do Dia;;;Meio de Quadra;;;0;1;1;1;0;0;0;0;0;1;0;0;-3,716100397000000;-38,578804794000000
330830;29;5;2018;10:19;0;AV GODOFREDO MACIEL;;;0;;Colis?â?úo;Luz do Dia;;;Meio de Quadra;;;0;1;1;1;0;0;0;0;0;1;0;0;;
330826;29;5;2018;08:23;0;AV GAL OSORIO DE PAIVA;;;0;;Colis?â?úo;Luz do Dia;;;Meio de Quadra;;;0;1;0;0;0;0;0;0;0;0;0;0;;
330827;29;5;2018;08:45;0;RUA BERNARDO MANUEL;;;7143;;Queda;Luz do Dia;;;Meio de Quadra;;;0;1;0;0;0;0;0;0;0;1;0;0;-3,779874000000000;-38,545656000000000
330828;29;5;2018;10:11;0;RUA PDE PEDRO DE ALENCAR;;;888;;Atropelamento;Luz do Dia;;;Meio de Quadra;;;0;1;1;0;0;0;0;0;0;0;0;0;-3,836167727000000;-38,494153455000000
330832;29;5;2018;13:07;0;AV BAR STUDART;;;2936;;Queda;Luz do Dia;;;Meio de Quadra;;;0;1;0;0;0;0;0;0;0;1;0;0;-3,749160000000000;-38,511249000000000
330853;29;5;2018;15:52;0;RUA VIS BARBACENA D61;;;70;;Colis?â?úo;Luz do Dia;;;Meio de Quadra;;;0;1;1;1;0;0;0;0;0;1;0;0;-3,796512345000000;-38,489169759000000
330851;29;5;2018;15:12;0;RD BR 116;;;3000;KM-03;Atropelamento;Luz do Dia;;;Meio de Quadra;;;0;1;1;1;0;0;0;0;0;0;0;0;-3,779838000000000;-38,514372000000000
330821;29;5;2018;07:29;0;RUA MARIO FILHO;;;61;;Colis?â?úo;Luz do Dia;;;Meio de Quadra;;;0;1;1;1;0;1;0;0;0;0;0;0;-3,809838595000000;-38,581061514000000
330844;29;5;2018;14:14;0;RUA TEREZA CRISTINA;;;1201;;Atropelamento;Luz do Dia;;;Meio de Quadra;;;0;1;1;1;0;0;0;0;0;0;0;0;-3,731130533000000;-38,537991533000000
330846;29;5;2018;14:56;0;AV GAL OSORIO DE PAIVA;;;636;;Atropelamento;Luz do Dia;;;Meio de Quadra;;;0;1;1;1;0;0;0;0;0;0;0;0;-3,776593000000000;-38,568029000000000
330847;29;5;2018;14:58;0;RUA PEREIRA DE MIRANDA;;;575;;Colis?â?úo;Luz do Dia;;;Meio de Quadra;;;0;1;1;1;0;1;0;0;0;0;0;0;;
330862;29;5;2018;17:11;0;AV ALM HENRIQUE SABOIA;;;95;;Colis?â?úo;Anoitecer;;;;;;0;1;1;1;0;0;0;0;0;1;0;0;-3,723105113000000;-38,479985737000000
330863;29;5;2018;17:20;0;AV SEN FERNANDES TAVORA;;;98;;Colis?â?úo;Anoitecer;;;Meio de Quadra;;;0;1;0;0;0;0;0;0;0;0;0;0;-3,767442201000000;-38,573154101000000
330859;29;5;2018;17:08;0;RUA JOSE MARTINS;;;510;;Queda;Anoitecer;;;Meio de Quadra;;;0;1;0;0;0;0;0;0;0;1;0;0;-3,790409700000000;-38,596632200000000
330869;29;5;2018;17:44;0;AV DEP PAULINO ROCHA;;;0;;Colis?â?úo;Anoitecer;;;Meio de Quadra;;;0;1;0;0;0;0;0;0;0;0;0;0;;
330871;29;5;2018;18:13;0;AV JOVITA FEITOSA;;;606;;Atropelamento;Anoitecer;;;Meio de Quadra;;;0;1;1;0;0;0;0;0;0;1;0;0;-3,738382267000000;-38,549313067000000
330873;29;5;2018;19:01;0;RUA BARBOSA DE FREITAS;;;101;;Colis?â?úo;;;;Meio de Quadra;;;0;1;1;1;0;0;0;0;0;1;0;0;-3,727674000000000;-38,494520000000000
330874;29;5;2018;19:27;9207;RUA CEL PERGENTINO FERREIRA;RUA CAROLINO DE AQUINO;;0;;Colis?â?úo;;;;Cruz;Pare;Residencial;0;1;1;1;0;0;0;0;0;1;0;0;-3,749034000000000;-38,527323000000000
330875;29;5;2018;19:44;0;RUA JAIME BENEVOLO;;;1711;;Colis?â?úo;;;;Meio de Quadra;;;0;1;1;0;0;0;0;0;0;1;0;0;-3,747162000000000;-38,530420000000000
330800;29;5;2018;00:35;0;AV OLIVEIRA PAIVA;;;0;;Queda;;;;Meio de Quadra;;;0;1;0;0;0;0;0;0;0;1;0;0;;
330801;29;5;2018;01:35;5333;RUA GAL CLARINDO DE QUEIROZ;RUA PRC ISABEL;;0;;Colis?â?úo;;;;Cruz;Pare;Comercial;0;1;1;1;0;0;1;0;0;0;0;0;-3,730592000000000;-38,536711000000000
330882;29;5;2018;22:16;0;RUA BAR ARACATI;;;1090;;Colis?â?úo;;;;Meio de Quadra;;;0;1;1;1;0;0;0;0;0;1;0;0;-3,730488000000000;-38,511153000000000
330877;29;5;2018;20:38;0;AV CASTELO DE CASTRO;;;212;;Colis?â?úo;;;;Meio de Quadra;;;0;1;1;0;0;0;0;0;0;1;0;0;-3,831083500000000;-38,521498500000000
330894;29;5;2018;05:52;0;RUA PRC ISABEL;;;900;;Queda;Amanhecer;;;Meio de Quadra;;;0;1;0;0;0;0;0;0;0;1;0;0;-3,728402600000000;-38,536137500000000
326932;29;5;2018;14:40;0;AV I CJ CEARA;;;0;;Colis?â?úo Lateral;Luz do Dia;;;Meio de Quadra;;;0;0;2;1;0;0;0;0;0;1;0;0;;
326917;29;5;2018;19:45;0;AV ANTONIO JUSTA;;;0;;Colis?â?úo Lateral;Via Iluminada;Bom;Seca;;;;0;1;1;1;0;0;0;0;0;1;0;0;;
326915;29;5;2018;08:00;5345;RUA PEDRO PEREIRA;RUA PINTO MADEIRA;;0;;Colis?â?úo Lateral;Luz do Dia;Bom;Seca;;N?â?úo H?â?í Controle;Outros;0;0;2;1;0;0;0;0;0;1;0;0;-3,730803000000000;-38,525198000000000
320862;29;5;2018;14:00;0;RUA PDE IBIAPINA;;;1694;MERCADO S?âãÆO SEBASTI?âãÆO;Atropelamento;Luz do Dia;;;Meio de Quadra;;;1;0;1;0;0;0;0;0;0;0;0;0;-3,730033000000000;-38,540028500000000
320863;30;5;2018;11:30;12379;RUA ALUISIO AZEVEDO;RUA AGUAPE;;0;;Colis?â?úo;Luz do Dia;;;Cruz;Pare;Comercial;1;1;1;1;0;0;0;0;0;1;0;0;-3,772843000000000;-38,574238000000000
320865;30;5;2018;10:00;0;RUA EVARISTO DA VEIGA;;;698;;Colis?â?úo;Luz do Dia;;;Meio de Quadra;;;1;0;1;1;0;1;0;0;0;0;0;0;-3,813445700000000;-38,493181000000000
326922;30;5;2018;16:15;0;AV DR SILAS MUNGUBA;;;6453;;Colis?â?úo Traseira;Luz do Dia;Bom;Seca;Meio de Quadra;N?â?úo H?â?í Controle;Comercial;0;1;1;1;0;0;0;0;0;0;0;0;-3,800460000000000;-38,530220000000000
326919;30;5;2018;07:10;7717;AV JOAO PESSOA;RUA PACAEMBU;;0;;Colis?â?úo Lateral;Luz do Dia;Bom;Seca;T;Outros;Comercial;0;1;2;1;0;0;0;0;0;1;0;0;-3,765308000000000;-38,559014000000000
330896;30;5;2018;06:03;0;AV RAD JOSE LIMA VERDE;;;683;;Queda;Luz do Dia;;;Meio de Quadra;;;0;1;0;0;0;0;0;0;0;1;0;0;-3,697336500000000;-38,586713500000000
330897;30;5;2018;07:50;0;AV GAL OSORIO DE PAIVA;;;0;;Colis?â?úo;Luz do Dia;;;Meio de Quadra;;;0;1;1;1;0;0;0;0;0;1;0;0;;
330914;30;5;2018;12:20;0;AV CASTELO DE CASTRO;;;0;;Colis?â?úo;Luz do Dia;;;Meio de Quadra;;;0;1;1;1;0;0;0;0;0;1;0;0;;
330902;30;5;2018;11:34;0;AV IMPERADOR;;;0;;Capotamento;Luz do Dia;;;Meio de Quadra;;;0;1;1;0;0;0;0;0;0;1;0;0;;
330900;30;5;2018;08:19;22714;RUA EUCLIDES O DE SOUSA;AV PRS ARTUR BERNARDES;;0;;Colis?â?úo;Luz do Dia;;;;;;0;1;1;1;0;1;0;0;0;0;0;0;-3,797492000000000;-38,471293000000000
330912;30;5;2018;12:09;12614;AV CEL CARVALHO;AV WASHINGTON LUIS;;0;;Colis?â?úo;Luz do Dia;;;;;;0;1;1;1;0;0;0;0;0;1;0;0;;
330971;30;5;2018;17:11;0;AV DR SILAS MUNGUBA;;;3903;;Colis?â?úo;Anoitecer;;;Meio de Quadra;;;0;1;1;1;0;0;0;0;0;1;0;0;-3,790736000000000;-38,539291000000000