COD_ACIDENTE;DIA;MES;ANO;HORA;INTERSECAO;LOG1;LOG2;LOG3;NUMERO;REFERENCIA;NATUREZA;ILUMINACAO;TEMPO;SUPERFICIEPISTA;TIPOCRUZAMENTO;CONTROLETRAFEGO;USOSOLO;MORTOS;FERIDOS;ILESOS;AUTOMOVEL;ONIBUS;BICICLETA;CAMINHAO;MICROONIBUS;CICLOMOTOR;MOTOCICLETA;TRACAOANIMAL;TREM;LATITUDE;LONGITUDE
330990;30;5;2018;22:55;0;AV CARAPINIMA;;;2200;;Colis?â?úo;;;;Meio de Quadra;;;0;1;1;1;0;0;0;0;0;1;0;0;-3,739499500000000;-38,539707500000000
330991;30;5;2018;23:50;25036;RUA CAP MELO;RUA EDUARDO BEZERRA;;0;;Colis?â?úo;;;;Cruz;Sem?â?íforo;Comercial;0;1;1;1;0;0;0;0;0;1;0;0;-3,753803000000000;-38,513607000000000
330982;30;5;2018;19:34;0;RUA CAP GUSTAVO;;;3120;;Colis?â?úo;;;;Meio de Quadra;;;0;1;1;1;0;0;0;0;0;1;0;0;-3,748124000000000;-38,518063000000000
330983;30;5;2018;19:49;0;RD BR 116;;;6000;KM-06;Queda;;;;Meio de Quadra;;;0;1;0;0;0;0;0;0;0;1;0;0;-3,804691000000000;-38,503053000000000
330984;30;5;2018;22:16;0;AV DR SILAS MUNGUBA;;;0;;Atropelamento;;;;Meio de Quadra;;;0;1;1;1;0;0;0;0;0;0;0;0;;
330985;30;5;2018;22:16;0;AV 13 DE MAIO;;;0;;Colis?â?úo;;;;Meio de Quadra;;;0;1;1;1;0;0;0;0;0;1;0;0;;
330986;30;5;2018;22:18;0;RUA PRO GOMES BRASIL;;;0;;Colis?â?úo;;;;Meio de Quadra;;;0;1;1;1;0;1;0;0;0;0;0;0;;
330920;30;5;2018;16:57;0;RUA VALDETARIO MOTA;;;0;;Atropelamento;Luz do Dia;;;Meio de Quadra;;;0;1;1;1;0;0;0;0;0;0;0;0;;
330980;30;5;2018;19:32;0;RD BR 116;;;0;;Colis?â?úo;;;;Meio de Quadra;;;0;1;1;1;0;0;0;0;0;1;0;0;;
330976;30;5;2018;18:57;1563;RUA VICENTE LINHARES;RUA VIS MAUA;;0;;Colis?â?úo;;;;Cruz;Pare;Comercial;0;1;1;1;0;0;0;0;0;1;0;0;-3,741828000000000;-38,501243000000000
330974;30;5;2018;18:30;0;RUA PRO GOMES BRASIL;;;0;;Colis?â?úo;Anoitecer;;;Meio de Quadra;;;0;1;0;0;0;0;0;0;0;0;0;0;;
330916;30;5;2018;12:44;0;RUA JULIO BRAGA;;;1335;;Colis?â?úo;Luz do Dia;;;Meio de Quadra;;;0;1;0;0;0;0;0;0;0;0;0;0;-3,774885200000000;-38,582287200000000
327443;30;5;2018;19:30;0;RD BR 116;;;6000;KM-06;Colis?â?úo Traseira;;;;Meio de Quadra;;;0;1;1;1;0;0;0;0;0;1;0;0;-3,804691000000000;-38,503053000000000
327282;30;5;2018;12:20;20185;RUA POMPILIO GOMES;RUA MARIA AMALIA;;0;;Colis?â?úo Transversal;Luz do Dia;;;Cruz;Pare;Residencial;1;1;1;1;0;0;0;0;0;1;0;0;-3,812754000000000;-38,520415000000000
327279;30;5;2018;12:10;0;AV CEL CARVALHO;;;1700;;Colis?â?úo;Luz do Dia;;;Meio de Quadra;;;0;0;1;0;0;0;0;0;0;1;0;0;-3,717512000000000;-38,587938000000000
322869;30;5;2018;08:00;0;RUA POMPILIO GOMES;;;1533;;Colis?â?úo Lateral;Luz do Dia;Bom;Seca;Meio de Quadra;N?â?úo H?â?í Controle;Residencial;0;1;1;0;1;0;0;0;0;1;0;0;-3,824795000000000;-38,521214000000000
322870;30;5;2018;10:57;15688;RUA CEL ERNESTO MATOS;RUA GUILHERME PESSOA;;0;;Colis?â?úo Transversal;Amanhecer;Bom;Seca;Cruz;Pare;Residencial;0;1;0;0;0;0;0;0;0;1;0;0;-3,826939000000000;-38,489265000000000
322871;30;5;2018;18:58;3949;RUA AFRODISIO GONDIM;RUA FRE ORLANDO;;0;;Colis?â?úo Transversal;Via Iluminada;Bom;Seca;Cruz;Pare;Residencial;0;1;2;1;0;0;0;0;0;1;0;0;-3,756092000000000;-38,546985000000000
322879;30;5;2018;21:30;0;AV ANTONIO SALES;;;2929;DISTRIVIDEO;Colis?â?úo Traseira;Via Iluminada;Bom;Seca;Meio de Quadra;N?â?úo H?â?í Controle;Residencial;0;1;1;1;0;0;0;0;0;1;0;0;-3,746913200000000;-38,497910000000000
322872;31;5;2018;01:33;25328;RUA PORTO VELHO;RUA TUPI D35;;0;;Colis?â?úo Transversal;Via Iluminada;Bom;Seca;Cruz;Pare;Comercial;0;1;0;1;0;0;0;0;0;1;0;0;-3,768111000000000;-38,583018000000000
322873;31;5;2018;01:37;0;AV CARAPINIMA;;;0;SHOPPING BENFICA;Colis?â?úo Traseira;Via Iluminada;Bom;Seca;Meio de Quadra;Sem?â?íforo;Comercial;0;0;2;1;0;0;0;0;0;1;0;0;-3,739643000000000;-38,539932000000000
322874;31;5;2018;02:47;25036;RUA EDUARDO BEZERRA;RUA CAP MELO;;0;;Colis?â?úo Transversal;Via Iluminada;Bom;Seca;Cruz;Sem?â?íforo;Comercial;0;1;1;1;0;0;0;0;0;1;0;0;-3,753803000000000;-38,513607000000000
322875;31;5;2018;03:12;0;RUA DEP MOREIRA DA ROCHA;;;700;;Choque c/ Obst?â?ículo Fixo;Via Iluminada;Bom;Seca;Meio de Quadra;N?â?úo H?â?í Controle;Residencial;0;0;1;0;0;0;0;0;0;0;0;0;-3,726655000000000;-38,506702000000000
322876;31;5;2018;07:40;5463;RUA DNA LEOPOLDINA;RUA BARBARA DE ALENCAR;;0;;Colis?â?úo Lateral;Luz do Dia;Bom;Seca;Cruz;Pare;Comercial;0;1;1;1;0;0;0;0;0;1;0;0;-3,735695000000000;-38,521102000000000
322877;31;5;2018;04:30;0;AV 13 DE MAIO;;;3100;;Choque c/ Obst?â?ículo Fixo;Amanhecer;Bom;Seca;Meio de Quadra;Sem?â?íforo;Residencial;0;1;0;1;0;0;0;0;0;0;0;0;-3,737505400000000;-38,542910000000000
322878;31;5;2018;16:00;0;AV ENG ALBERTO SA;;;1140;;Colis?â?úo Lateral;Luz do Dia;Bom;Seca;Meio de Quadra;N?â?úo H?â?í Controle;Comercial;0;0;2;1;0;0;0;0;0;0;0;0;-3,735376100000000;-38,472880000000000
327280;31;5;2018;04:20;22677;AV COS GOMES DE FREITAS (SAPIRANGA/COITE);RUA MARIO ALENCAR ARARIPE;;0;;Colis?â?úo;;;;Cruz;Pare;Residencial;0;1;0;1;0;0;0;0;0;0;0;0;-3,795569000000000;-38,478257000000000
327284;31;5;2018;23:00;0;AV N CJ JOSE WALTER;;;0;;Colis?â?úo;;;;Meio de Quadra;;;0;0;1;1;0;0;0;0;0;1;0;0;;
327683;31;5;2018;13:00;0;AV MIN JOSE AMERICO;;;0;;Queda;Luz do Dia;;Seca;Meio de Quadra;;;0;1;1;0;0;0;0;0;0;1;0;0;;
327685;31;5;2018;20:05;0;RD CE-040;;;0;KM-06;Colis?â?úo;Via Iluminada;;Seca;Meio de Quadra;;;0;0;3;1;0;0;0;0;0;0;0;0;-3,809596804000000;-38,478733480000000
330995;31;5;2018;04:37;0;RUA ARTHUR TEMOTEO;;;145;;Capotamento;;;;Meio de Quadra;;;0;1;0;1;0;0;0;0;0;0;0;0;-3,745568500000000;-38,523419250000000
331018;31;5;2018;17:44;0;RUA AFONSO LOPES;;;0;;Queda;Anoitecer;;;Meio de Quadra;;;0;1;0;0;0;0;0;0;0;1;0;0;;
331019;31;5;2018;17:47;0;RUA PEDRO I;;;0;;Colis?â?úo;Anoitecer;;;Meio de Quadra;;;0;1;1;1;0;0;0;0;0;1;0;0;;
331020;31;5;2018;18:42;0;AV BEZERRA DE MENEZES;;;1966;;Queda;;;;Meio de Quadra;;;0;1;0;0;0;1;0;0;0;0;0;0;-3,735138000000000;-38,561919000000000
331021;31;5;2018;18:44;0;RUA TRAJANO DE MORAES;;;1459;;Colis?â?úo;;;;Meio de Quadra;;;0;1;1;0;0;0;0;0;0;1;0;0;-3,810120000000000;-38,523390000000000
331034;31;5;2018;21:48;0;AV RUI BARBOSA;;;947;;Queda;;;;Meio de Quadra;;;0;1;0;0;0;1;0;0;0;0;0;0;-3,731526000000000;-38,507984000000000
331036;31;5;2018;22:23;0;RUA DOM HENRIQUE;;;260;;Colis?â?úo;;;;Meio de Quadra;;;0;1;1;1;0;0;0;0;0;1;0;0;-3,789291000000000;-38,579660000000000
331037;31;5;2018;22:39;0;RUA TEN JAIME ANDRADE;;;0;;Atropelamento;;;;Meio de Quadra;;;0;1;1;0;0;0;0;0;0;0;0;0;;
331023;31;5;2018;18:51;0;AV BEZERRA DE MENEZES;;;1966;;Queda;;;;Meio de Quadra;;;0;1;0;0;0;1;0;0;0;0;0;0;-3,735138000000000;-38,561919000000000
331024;31;5;2018;19:16;0;AV JOAO PESSOA;;;3912;;Atropelamento;;;;Meio de Quadra;;;0;2;0;0;0;0;0;0;0;0;0;0;-3,748320500000000;-38,545762750000000
331025;31;5;2018;19:38;0;RUA OSCAR FRANCA;;;684;;Colis?â?úo;;;;Meio de Quadra;;;0;1;1;1;0;0;0;0;0;1;0;0;-3,792450500000000;-38,597556500000000
331026;31;5;2018;20:15;0;RUA DA MANGUEIRA;;;29;;Capotamento;;;;Meio de Quadra;;;0;1;0;0;0;0;0;0;0;0;0;0;-3,731499080000000;-38,600697440000000
331027;31;5;2018;20:48;0;RUA SAO FRANCISCO D21;;;0;;Queda;;;;Meio de Quadra;;;0;1;0;0;0;1;0;0;0;0;0;0;;
331028;31;5;2018;20:48;0;AV DR SILAS MUNGUBA;;;4820;;Colis?â?úo;;;;Meio de Quadra;;;0;1;0;0;0;0;0;0;0;0;0;0;-3,795479923000000;-38,532646242000000
331029;31;5;2018;20:56;0;AV DR SILAS MUNGUBA;;;594;;Colis?â?úo;;;;Meio de Quadra;;;0;1;0;0;0;0;0;0;0;0;0;0;-3,779701492000000;-38,560233503000000
331015;31;5;2018;17:04;0;RUA DOM JOSE LOURENCO  D27;;;0;;Colis?â?úo;Anoitecer;;;Meio de Quadra;;;0;1;0;0;0;0;0;0;0;0;0;0;;
331016;31;5;2018;17:06;0;RUA POMPILIO GOMES;;;277;;Atropelamento de Animal;Anoitecer;;;Meio de Quadra;;;0;1;0;0;0;0;0;0;0;1;0;0;-3,813171400000000;-38,520341700000000
330997;31;5;2018;05:09;0;RUA OSCAR ARARIPE;;;300;;Queda;Amanhecer;;;Meio de Quadra;;;0;1;0;0;0;0;0;0;0;1;0;0;-3,792870743000000;-38,594142452000000
331010;31;5;2018;13:17;26227;AV GAL OSORIO DE PAIVA;RUA AGAMENON;;0;;Queda;Luz do Dia;;;Cruz;Sem?â?íforo;Comercial;0;1;0;0;0;0;0;0;0;1;0;0;-3,790352000000000;-38,587998000000000
331011;31;5;2018;14:20;7053;AV DR THEBERGE;RUA STA ELISA D21;;0;;Queda;Luz do Dia;;;;;;0;1;0;0;0;1;0;0;0;0;0;0;-3,705579000000000;-38,561971000000000
331012;31;5;2018;15:03;0;RUA DNA LUCIA PINHEIRO (QUINTINO CUNHA);;;54;;Colis?â?úo;Luz do Dia;;;Meio de Quadra;;;0;1;0;0;0;0;0;0;0;0;0;0;-3,732127500000000;-38,597514500000000
331013;31;5;2018;16:44;0;RUA CESAR CORREIA;;;600;;Colis?â?úo;Luz do Dia;;;Meio de Quadra;;;0;1;0;0;0;0;0;0;0;0;0;0;-3,710750000000000;-38,572950000000000
331001;31;5;2018;07:52;0;RUA MARIA GOMES DE SA;;;1641;;Colis?â?úo;Luz do Dia;;;Meio de Quadra;;;0;1;1;1;0;0;0;0;0;1;0;0;-3,823382500000000;-38,584019179000000
331002;31;5;2018;08:26;0;TR NOSSA SRA DAS GRACAS;;;1278;;Colis?â?úo;Luz do Dia;;;Meio de Quadra;;;0;1;1;1;0;0;0;0;0;1;0;0;;
331003;31;5;2018;08:28;0;RUA JACINTO MATOS;;;0;;Queda;Luz do Dia;;;Meio de Quadra;;;0;1;0;0;0;0;0;0;0;1;0;0;;
331004;31;5;2018;09:53;0;RUA GASPAR LEMOS;;;0;;Colis?â?úo;Luz do Dia;;;Meio de Quadra;;;0;1;0;0;0;0;0;0;0;0;0;0;;
331005;31;5;2018;10:24;0;RUA LEONARDO MOTA;;;1040;;Atropelamento;Luz do Dia;;;Meio de Quadra;;;0;1;1;0;0;0;0;0;0;1;0;0;-3,734885000000000;-38,495763000000000
331006;31;5;2018;12:32;0;AV GODOFREDO MACIEL;;;2640;;Colis?â?úo;Luz do Dia;;;Meio de Quadra;;;0;1;1;1;0;0;0;0;0;1;0;0;-3,798614000000000;-38,570570000000000
331007;31;5;2018;12:43;0;AV MIN JOSE AMERICO;;;150;;Queda;Luz do Dia;;;Meio de Quadra;;;0;1;0;0;0;0;0;0;0;1;0;0;-3,812415501000000;-38,498417999000000
331031;31;5;2018;21:15;0;AV N CJ CEARA;;;0;;Colis?â?úo;;;;Meio de Quadra;;;0;1;1;1;0;0;0;0;0;1;0;0;;
331032;31;5;2018;21:25;0;AV ANTONIO SALES;;;2933;;Colis?â?úo;;;;Meio de Quadra;;;0;1;1;1;0;0;0;0;0;1;0;0;-3,746872433000000;-38,497774432000000
331039;31;5;2018;23:10;0;AV GAL OSORIO DE PAIVA;;;8110;;Capotamento;;;;Meio de Quadra;;;0;1;0;1;0;0;0;0;0;0;0;0;-3,821695727000000;-38,618528890000000
331040;31;5;2018;23:44;0;AV CEL CARVALHO;;;1160;;Colis?â?úo;;;;Meio de Quadra;;;0;1;1;1;0;0;0;0;0;1;0;0;-3,712646682000000;-38,589123091000000
326923;31;5;2018;10:50;9136;RUA MON OTAVIO CASTRO;RUA BONFIM SOBRINHO;;0;;Colis?â?úo Lateral;Luz do Dia;Bom;Seca;Cruz;Pare;Comercial;0;0;2;1;1;0;0;0;0;0;0;0;-3,751367000000000;-38,526287000000000
326924;31;5;2018;21:40;1359;RUA CARLOS VASCONCELOS;RUA JOAO CARVALHO;;0;;Colis?â?úo Lateral;Via Iluminada;Bom;Seca;Cruz;Pare;Residencial;0;1;1;1;0;0;0;0;0;0;0;0;-3,736251000000000;-38,511844000000000
326925;1;6;2018;14:50;5331;AV SANTOS DUMONT;RUA GONCALVES LEDO;;0;;Colis?â?úo Lateral;Luz do Dia;;;Cruz;Pare;Comercial;0;0;2;1;0;0;0;0;0;1;0;0;-3,730535000000000;-38,515848000000000
326927;1;6;2018;11:00;10959;RUA ALM RUBIM;RUA ELCIAS LOPES;;0;;Colis?â?úo Transversal;Luz do Dia;;;Cruz;Sem?â?íforo;Comercial;0;2;0;1;0;0;0;0;0;1;0;0;-3,770752000000000;-38,556594000000000
330802;1;6;2018;19:09;0;AV GAL OSORIO DE PAIVA;;;2335;;Atropelamento;;;;Meio de Quadra;;;0;1;0;0;0;0;0;0;0;1;0;0;-3,783644100000000;-38,578803100000000
330799;1;6;2018;18:45;17347;RUA IRM BAZET;RUA ALBERTO MAGNO;;0;;Colis?â?úo;;;;Cruz;Pare;Comercial;0;1;0;0;0;0;0;0;0;0;0;0;-3,765502000000000;-38,550525000000000
330795;1;6;2018;17:30;0;RUA DNA LEOPOLDINA;;;1224;;Atropelamento;Anoitecer;;;Meio de Quadra;;;0;1;0;0;0;0;0;0;0;0;0;0;-3,735695000000000;-38,521102000000000
330785;1;6;2018;12:45;5500;RUA NOGUEIRA ACIOLI;RUA PDE VALDEVINO;;0;;Atropelamento;Luz do Dia;;;Cruz;Sem?â?íforo;Residencial;0;1;0;0;1;0;0;0;0;0;0;0;-3,738246000000000;-38,519630000000000
330786;1;6;2018;13:05;0;RUA JOSIAS PAULA DE SOUZA;;;396;;Atropelamento;Luz do Dia;;;Meio de Quadra;;;0;1;0;1;0;0;0;0;0;0;0;0;-3,727640000000000;-38,469550000000000
330792;1;6;2018;17:04;17436;RUA EQUADOR;RUA TRES MARIAS D39 (MONTESE);;0;;Atropelamento;Anoitecer;;;Cruz;Sem?â?íforo;Comercial;0;1;0;0;0;0;0;0;0;1;0;0;-3,768994000000000;-38,550757000000000
330790;1;6;2018;16:01;0;AV PRS COSTA E SILVA;;;859;;Colis?â?úo;Luz do Dia;;;Meio de Quadra;;;0;1;0;0;0;0;0;0;0;1;0;0;-3,812772000000000;-38,571836000000000
330777;1;6;2018;09:36;0;RUA ILDEFONSO ALBANO;;;601;;Colis?â?úo;Luz do Dia;;;Meio de Quadra;;;0;1;0;1;0;0;0;0;0;1;0;0;-3,726157297000000;-38,510971135000000
330750;1;6;2018;07:57;0;AV MAJ ASSIS;;;3066;;Atropelamento;Luz do Dia;;;Meio de Quadra;;;0;1;0;0;0;0;0;0;0;1;0;0;-3,718315133000000;-38,606444281000000
330782;1;6;2018;11:07;0;RUA CEL MATOS DOURADO;;;661;;Queda;Luz do Dia;;;Meio de Quadra;;;0;1;0;0;0;0;0;0;0;1;0;0;-3,744795000000000;-38,584876000000000
330783;1;6;2018;11:10;0;VL TAVARES;;;1085;;Colis?â?úo;Luz do Dia;;;Meio de Quadra;;;0;1;0;1;0;0;0;0;0;1;0;0;-3,832020000000000;-38,562900000000000
330779;1;6;2018;10:59;0;AV CAP WALDEMAR PAULA LIMA;;;1085;;Colis?â?úo;Luz do Dia;;;Meio de Quadra;;;0;1;0;0;0;0;0;0;0;1;0;0;-3,817800000000000;-38,507720000000000
330754;1;6;2018;08:16;0;AV ENG SANTANA JUNIOR;;;1875;;Queda;Luz do Dia;;;Meio de Quadra;;;0;1;0;0;0;0;0;0;0;1;0;0;-3,741972000000000;-38,486048000000000
330746;1;6;2018;00:32;0;RUA STA LUCIA;;;66;;Atropelamento;;;;Meio de Quadra;;;0;1;0;0;0;0;0;0;0;1;0;0;-3,845754641000000;-38,520199308000000
330747;1;6;2018;00:48;0;RUA VER PEDRO PAULO MOREIRA;;;506;;Queda;;;;Meio de Quadra;;;0;1;0;0;0;0;0;0;0;1;0;0;-3,786790000000000;-38,490790000000000
330748;1;6;2018;05:37;0;AV MR HULL;;;0;;Atropelamento;Amanhecer;;;Meio de Quadra;;;0;1;0;1;0;0;0;0;0;0;0;0;;
330824;1;6;2018;22:30;0;RUA JANDIRA;;;1153;;Colis?â?úo;;;;Meio de Quadra;;;0;1;0;1;0;0;0;0;0;1;0;0;-3,717140000000000;-38,586990000000000
330820;1;6;2018;21:49;0;RUA PEDRO DANTAS;;;530;;Colis?â?úo;;;;Meio de Quadra;;;0;1;0;0;0;0;0;0;0;0;0;0;-3,785809788000000;-38,522480879000000
330811;1;6;2018;21:47;23684;RUA COSTA FREIRE;RUA GABRIEL FIUZA;;0;;Colis?â?úo;;;;Cruz;Pare;Residencial;0;0;1;1;0;0;0;0;0;1;0;0;-3,787067000000000;-38,579907000000000
330806;1;6;2018;19:50;0;AV FRANCISCO SA;;;0;;Colis?â?úo;;;;Meio de Quadra;;;0;1;0;1;0;0;0;0;0;1;0;0;;
330808;1;6;2018;21:32;0;AV ROGACIANO LEITE;;;2319;;Queda;;;;Meio de Quadra;;;0;1;0;0;0;0;0;0;0;1;0;0;-3,775195921000000;-38,499882190000000
322880;1;6;2018;00:37;0;AV DOMINGOS OLIMPIO;;;1050;;Colis?â?úo Lateral;Via Iluminada;Nublado;Seca;Meio de Quadra;N?â?úo H?â?í Controle;Comercial;0;2;1;0;1;0;0;0;1;0;0;0;-3,735766600000000;-38,533337000000000
322881;1;6;2018;00:50;1467;RUA MON CATAO;AV SANTOS DUMONT;;0;;Colis?â?úo Transversal;Via Iluminada;Chuva;Molhada;Cruz;Sem?â?íforo;Comercial;0;0;2;1;0;0;0;0;0;0;0;0;-3,738745000000000;-38,490564000000000
322882;1;6;2018;13:42;3232;RUA VERBENA;RUA PRIMEIRO DE MAIO D34;;0;;Colis?â?úo Traseira;Luz do Dia;Bom;Seca;Cruz;Pare;Residencial;0;0;2;0;0;0;0;0;0;1;0;0;-3,782693000000000;-38,589205000000000
322883;1;6;2018;13:51;0;RUA CAMPO AMOR ROCHA;;;74;;Colis?â?úo Traseira;Luz do Dia;Bom;Seca;Meio de Quadra;N?â?úo H?â?í Controle;Comercial;0;0;2;1;0;0;0;0;0;0;0;0;-3,753835000000000;-38,525000000000000
322884;1;6;2018;14:23;3779;RUA ANTONIO POMPEU;RUA VINTE E QUATRO DE MAIO;;0;;Colis?â?úo Transversal;Luz do Dia;Bom;Seca;Cruz;Pare;Comercial;0;0;2;1;0;0;0;0;0;0;0;0;-3,733667000000000;-38,534186000000000
322885;1;6;2018;16:20;5281;RUA GAL SAMPAIO;RUA PEDRO PEREIRA;;0;;Colis?â?úo Lateral;Luz do Dia;Bom;Seca;Cruz;Sem?â?íforo;Comercial;0;0;2;0;1;0;0;0;0;1;0;0;-3,728779000000000;-38,531335000000000
322886;1;6;2018;19:03;0;RUA JOAQUIM FELICIO;RUA DOM PEDRO II;;0;;Colis?â?úo Transversal;Anoitecer;Bom;Seca;Meio de Quadra;Pare;Residencial;0;0;1;1;0;0;0;0;0;0;0;0;-3,830599000000000;-38,487880000000000
322887;1;6;2018;19:30;0;AV ENG LUIS VIEIRA;;;460;;Colis?â?úo Traseira;Mal Iluminada;Bom;Seca;Meio de Quadra;N?â?úo H?â?í Controle;Lazer;0;0;2;1;0;0;0;0;0;0;0;0;-3,732283000000000;-38,465633000000000
322888;1;6;2018;17:50;19331;AV GAL OSORIO DE PAIVA;RUA PRO GOMES BRASIL;;0;;Colis?â?úo Transversal;Anoitecer;Bom;Seca;Cruz;Sem?â?íforo;Lazer;1;0;1;0;1;1;0;0;0;0;0;0;-3,775618000000000;-38,566451000000000
322889;1;6;2018;20:19;1716;AV GOV RAUL BARBOSA;AV GAL MURILO BORGES;;0;;Colis?â?úo Lateral;Via Iluminada;Bom;Seca;Rotat?â??ria;D?â?¬ Prefer?â?¬ncia;Lazer;0;0;1;1;0;0;0;0;0;0;0;0;-3,763977000000000;-38,508802000000000
322890;1;6;2018;19:30;0;AV SANTOS DUMONT;;;1687;;Colis?â?úo Transversal;Via Iluminada;Bom;Seca;Meio de Quadra;N?â?úo H?â?í Controle;Comercial;0;1;1;1;0;0;0;0;0;1;0;0;-3,732791200000000;-38,509014000000000
322916;1;6;2018;10:37;1259;RUA ILDEFONSO ALBANO;RUA PDE LUIS FIGUEIRA;;0;;Colis?â?úo Transversal;Luz do Dia;Bom;Seca;Cruz;Pare;Comercial;0;1;1;1;0;0;0;0;0;1;0;0;-3,732813000000000;-38,513063000000000
322945;2;6;2018;07:33;0;AV JOSE BASTOS;;;4440;;Colis?â?úo Traseira;Luz do Dia;Bom;Seca;Meio de Quadra;Sem?â?íforo;Comercial;0;0;1;0;0;0;0;0;0;1;0;0;-3,754278200000000;-38,554527000000000
322891;2;6;2018;08:07;23395;RUA PRO CARVALHO;RUA CAP TIBURCIO DA FROTA;;0;;Colis?â?úo Lateral;Luz do Dia;Bom;Seca;Meio de Quadra;Pare;Residencial;0;0;2;1;0;0;0;0;0;0;0;0;-3,754980000000000;-38,514532000000000
322892;2;6;2018;08:20;15144;AV RUI BARBOSA;AV MON TABOSA;;0;;Colis?â?úo Transversal;Luz do Dia;Bom;Seca;Cruz;Sem?â?íforo;Residencial;0;0;1;0;0;0;0;1;0;0;0;0;-3,724441000000000;-38,505696000000000
322893;2;6;2018;09:55;5708;AV OLIVEIRA PAIVA;RUA MELO CESAR;;0;;Colis?â?úo Traseira;Luz do Dia;Bom;Seca;Cruz;Pare;Comercial;0;0;1;1;0;0;0;0;0;1;0;0;-3,798370000000000;-38,502593000000000
322894;2;6;2018;10:30;5436;RUA JAIME BENEVOLO;RUA GAL CLARINDO DE QUEIROZ;;0;;Colis?â?úo Transversal;Luz do Dia;Bom;Seca;Cruz;Pare;Comercial;0;0;2;1;0;0;0;0;0;0;0;0;-3,734060000000000;-38,526017000000000
322895;2;6;2018;10:30;0;RUA BERNARDO MANUEL;;;10431;;Colis?â?úo Traseira;Luz do Dia;Bom;Seca;Meio de Quadra;Sem?â?íforo;Comercial;0;0;1;1;0;0;0;0;0;0;0;0;-3,810298400000000;-38,554916000000000
322896;2;6;2018;13:25;0;RUA ANGELICA GURGEL;RUA CHICO FRANCA;;0;;Colis?â?úo Transversal;Luz do Dia;Bom;Seca;Cruz;Pare;Residencial;0;0;2;1;0;0;0;0;0;0;0;0;-3,834880800000000;-38,499004000000000
322897;2;6;2018;13:31;0;AV 13 DE MAIO;;;0;;N?â?úo Informado;Luz do Dia;Bom;Seca;Meio de Quadra;N?â?úo H?â?í Controle;Residencial;0;1;1;1;0;0;0;0;0;1;0;0;-3,753454200000000;-38,524460000000000
322898;2;6;2018;15:00;0;RUA DEP OSWALDO STUDART;;;250;;Colis?â?úo Transversal;Luz do Dia;Bom;Seca;Meio de Quadra;N?â?úo H?â?í Controle;Comercial;0;0;2;1;0;0;0;0;0;0;0;0;-3,753614700000000;-38,528090000000000
322899;2;6;2018;15:42;0;RUA EQUADOR;;;882;;Atropelamento;Luz do Dia;Bom;Seca;Meio de Quadra;N?â?úo H?â?í Controle;Residencial;0;1;1;1;0;0;0;0;0;0;0;0;-3,775171500000000;-38,552773000000000
322900;2;6;2018;16:07;24272;RUA TAVARES COUTINHO;RUA DR ALOISIO MAMEDE;;0;;Colis?â?úo Transversal;Luz do Dia;Bom;Seca;Cruz;N?â?úo H?â?í Controle;Comercial;0;1;0;0;0;0;0;0;0;1;0;0;-3,732445000000000;-38,483864000000000
322901;2;6;2018;14:47;0;AV DOM LUIS;;;500;;Colis?â?úo Traseira;Luz do Dia;Bom;Seca;Rotat?â??ria;Sem?â?íforo;Comercial;0;0;2;1;1;0;0;0;0;0;0;0;-3,733361500000000;-38,496914000000000
322902;2;6;2018;20:04;0;AV MOZART PINHEIRO DE LUCENA;;;2615;;Colis?â?úo Traseira;Via Iluminada;Bom;Seca;Meio de Quadra;N?â?úo H?â?í Controle;Residencial;0;0;2;1;0;0;0;0;0;1;0;0;-3,727198000000000;-38,598130000000000
322903;2;6;2018;19:46;0;AV DOM MANUEL;RUA METON DE ALENCAR;;0;;Colis?â?úo Lateral;Via Iluminada;Bom;Seca;Meio de Quadra;Sem?â?íforo;Comercial;0;0;2;0;1;0;0;0;0;0;0;0;-3,736090000000000;-38,523620000000000
330831;2;6;2018;01:35;0;RUA SAO JOSE D03;;;33;;Queda;;;;Meio de Quadra;;;0;1;0;0;0;1;0;0;0;0;0;0;-3,714364500000000;-38,549804300000000
330829;2;6;2018;00:56;0;AV AUGUSTO DOS ANJOS;;;309;;Colis?â?úo;;;;Meio de Quadra;;;0;1;0;0;0;0;0;0;0;1;0;0;-3,771914535000000;-38,571728721000000
330833;2;6;2018;04:40;0;AV GAL OSORIO DE PAIVA;;;2935;;Queda;;;;Meio de Quadra;;;0;1;0;0;0;0;0;0;0;1;0;0;;
330834;2;6;2018;05:57;0;AV PLACIDO CASTELO;;;0;;Atropelamento;Amanhecer;;;Meio de Quadra;;;0;1;0;1;0;0;0;0;0;0;0;0;;
330835;2;6;2018;07:36;0;AV RAD JOSE LIMA VERDE;;;540;;Atropelamento;Luz do Dia;;;Meio de Quadra;;;0;1;0;0;0;0;0;0;0;1;0;0;-3,696423000000000;-38,586423000000000
330836;2;6;2018;08:51;0;RUA FONSECA LOBO;;;120;;Colis?â?úo;Luz do Dia;;;Meio de Quadra;;;0;1;0;1;0;0;0;0;0;1;0;0;-3,738388822000000;-38,489389071000000