COD_ACIDENTE;DIA;MES;ANO;HORA;INTERSECAO;LOG1;LOG2;LOG3;NUMERO;REFERENCIA;NATUREZA;ILUMINACAO;TEMPO;SUPERFICIEPISTA;TIPOCRUZAMENTO;CONTROLETRAFEGO;USOSOLO;MORTOS;FERIDOS;ILESOS;AUTOMOVEL;ONIBUS;BICICLETA;CAMINHAO;MICROONIBUS;CICLOMOTOR;MOTOCICLETA;TRACAOANIMAL;TREM;LATITUDE;LONGITUDE
330860;2;6;2018;20:58;0;RUA TEODOMIRO DE CASTRO;;;4087;;Atropelamento;;;;Meio de Quadra;;;0;1;0;0;0;0;0;0;0;1;0;0;-3,719809000000000;-38,570269000000000
330864;2;6;2018;22:03;0;AV GAL OSORIO DE PAIVA;;;6690;;Colis?â?úo;;;;Meio de Quadra;;;0;1;0;1;0;0;0;0;0;1;0;0;-3,812367000000000;-38,609458000000000
330865;2;6;2018;22:30;0;RUA VASCO DA GAMA;;;693;;Queda;;;;Meio de Quadra;;;0;1;0;0;0;1;0;0;0;0;0;0;-3,761819750000000;-38,549148875000000
330866;2;6;2018;23:34;0;AV DEP PAULINO ROCHA;;;1111;;Colis?â?úo;;;;Meio de Quadra;;;0;1;0;1;0;0;0;0;0;1;0;0;-3,805480000000000;-38,508220000000000
330848;2;6;2018;13:38;0;AV WASHINGTON SOARES;;;0;;Colis?â?úo;Luz do Dia;;;Meio de Quadra;;;0;1;0;1;0;0;0;0;0;1;0;0;;
330845;2;6;2018;11:34;17578;RUA PARANA;RUA MARANHAO;;0;;Colis?â?úo;Luz do Dia;;;;;;0;1;0;1;0;0;0;0;0;1;0;0;-3,754909000000000;-38,566874000000000
330843;2;6;2018;10:58;19331;AV GAL OSORIO DE PAIVA;RUA PRO GOMES BRASIL;;0;;Colis?â?úo;Luz do Dia;;;Cruz;Sem?â?íforo;Lazer;0;1;0;0;0;0;0;0;0;1;0;0;-3,775618000000000;-38,566451000000000
330852;2;6;2018;16:06;0;RUA CON DE CASTRO;;;3017;;Atropelamento;Luz do Dia;;;Meio de Quadra;;;0;1;0;0;1;0;0;0;0;0;0;0;-3,795357000000000;-38,583003000000000
330850;2;6;2018;15:19;0;AV ENG HUMBERTO MONTE;;;228;;Colis?â?úo;Luz do Dia;;;Meio de Quadra;;;0;1;0;1;0;0;0;0;0;1;0;0;;
330854;2;6;2018;16:37;0;AV SANTOS DUMONT;;;6500;;Colis?â?úo;Luz do Dia;;;Meio de Quadra;;;0;1;0;1;0;0;0;0;0;1;0;0;-3,743712000000000;-38,475153000000000
330855;2;6;2018;18:06;0;RUA CARLOS AMORA;;;0;;Colis?â?úo;Anoitecer;;;Meio de Quadra;;;0;1;0;1;0;0;0;0;0;1;0;0;;
326933;2;6;2018;10:40;15688;RUA GUILHERME PESSOA;RUA CEL ERNESTO MATOS;;0;;Colis?â?úo Transversal;Luz do Dia;;;Cruz;Pare;Residencial;0;1;1;1;0;0;0;0;0;0;0;0;-3,826939000000000;-38,489265000000000
326931;2;6;2018;13:30;0;RUA GERMANO FRANCK;;;300;;Colis?â?úo Lateral;Luz do Dia;;;Meio de Quadra;;;0;0;2;1;0;0;0;0;0;0;0;0;-3,776373000000000;-38,560982000000000
326941;3;6;2018;19:00;0;RUA LIDIA BRIGIDO;;;535;;Colis?â?úo Lateral;;;;Meio de Quadra;;;0;0;2;1;0;0;0;0;0;1;0;0;-3,793160400000000;-38,484399040000000
326944;3;6;2018;01:30;0;AV DEP PAULINO ROCHA;;;57;;Colis?â?úo Traseira;;;;Meio de Quadra;;;0;1;1;1;0;0;0;0;0;1;0;0;-3,802260000000000;-38,507463800000000
326945;3;6;2018;14:15;5302;RUA PEDRO I;AV TRISTAO GONCALVES;;0;;Colis?â?úo Lateral;Luz do Dia;;;Cruz;Sem?â?íforo;Comercial;0;0;2;1;1;0;0;0;0;0;0;0;-3,729523000000000;-38,533927000000000
331948;3;6;2018;17:30;0;AV MR HULL;;;5464;;Atropelamento;Anoitecer;;;Meio de Quadra;;;1;0;1;1;0;0;0;0;0;0;0;0;-3,739936500000000;-38,593437500000000
330868;3;6;2018;01:12;0;AV ZEZE DIOGO;;;175;;Queda;;;;Meio de Quadra;;;0;1;0;0;0;0;0;0;0;1;0;0;-3,709422000000000;-38,468300000000000
330876;3;6;2018;03:23;23689;RUA DOM HENRIQUE;RUA DR ESTENIO GOMES;;0;;Colis?â?úo;;;;Cruz;Pare;Residencial;0;1;0;1;0;0;0;0;0;1;0;0;-3,788713000000000;-38,580276000000000
330872;3;6;2018;03:15;0;AV GAL OSORIO DE PAIVA;;;0;;Colis?â?úo;;;;Meio de Quadra;;;0;1;0;1;0;0;0;0;0;1;0;0;;
330870;3;6;2018;02:21;19766;RUA AZEVEDO BOLAO;RUA TIP SALES;;0;;Colis?â?úo;;;;Cruz;Pare;Residencial;0;1;0;1;0;0;0;0;0;1;0;0;-3,738108000000000;-38,564696000000000
331041;3;6;2018;18:09;0;RUA CAP CLOVIS MAIA;;;62;;Atropelamento;Anoitecer;;;Meio de Quadra;;;0;1;0;1;0;0;0;0;0;0;0;0;-3,769168923000000;-38,516820808000000
331042;3;6;2018;18:23;14653;RUA LOURIVAL C PINHO;RUA LIDIA BRIGIDO;;0;;Colis?â?úo;Anoitecer;;;Cruz;Pare;Residencial;0;1;0;1;0;0;0;0;0;1;0;0;-3,793554000000000;-38,484368000000000
331043;3;6;2018;19:34;0;RUA COS LAFAYETE;;;340;;Queda;;;;Meio de Quadra;;;0;1;0;0;0;0;0;0;0;1;0;0;-3,718137400000000;-38,581179000000000
331045;3;6;2018;19:45;0;RUA GOMES PASSOS;;;147;;Queda;;;;Meio de Quadra;;;0;1;0;0;0;0;0;0;0;1;0;0;-3,712590100000000;-38,557662700000000
331046;3;6;2018;20:44;11170;RUA SUECIA;RUA BOGOTA;;0;;Colis?â?úo;;;;T;N?â?úo H?â?í Controle;Residencial;0;1;0;1;0;0;0;0;0;1;0;0;-3,783238000000000;-38,558552000000000
331047;3;6;2018;22:13;0;RUA PIN ANTONIO BANDEIRA;;;253;;Queda;;;;Meio de Quadra;;;0;1;0;0;0;0;0;0;0;1;0;0;-3,719798900000000;-38,466084700000000
330927;3;6;2018;16:27;0;RUA GUILHERME PERDIGAO;;;0;;Colis?â?úo;Luz do Dia;;;Meio de Quadra;;;0;1;0;1;0;1;0;0;0;0;0;0;;
330930;3;6;2018;16:30;0;AV CHANC EDSON QUEIROZ;;;1459;;Colis?â?úo;Luz do Dia;;;Meio de Quadra;;;0;1;0;1;0;1;0;0;0;0;0;0;-3,764200000000000;-38,495040000000000
330933;3;6;2018;16:44;25058;AV AUGUSTO DOS ANJOS;RUA VITAL BRASIL;;0;;Colis?â?úo;Luz do Dia;;;T;Outros;Residencial;0;1;0;1;0;0;0;0;0;1;0;0;-3,782734000000000;-38,581387000000000
330890;3;6;2018;14:14;5302;AV TRISTAO GONCALVES;RUA PEDRO I;;0;;Colis?â?úo;Luz do Dia;;;Cruz;Sem?â?íforo;Comercial;0;1;0;0;0;0;0;0;0;0;0;0;-3,729523000000000;-38,533927000000000
330891;3;6;2018;15:11;0;RUA DNA LUCIA PINHEIRO (QUINTINO CUNHA);;;42;;Queda;Luz do Dia;;;Meio de Quadra;;;0;1;0;0;0;0;0;0;0;1;0;0;-3,732127500000000;-38,597514500000000
330888;3;6;2018;14:10;0;ET DO FIO (MESSEJANA);;;1336;;Colis?â?úo;Luz do Dia;;;Meio de Quadra;;;0;1;0;1;0;0;0;0;0;1;0;0;-3,842390000000000;-38,473380000000000
330878;3;6;2018;08:52;0;RUA BERNARDO MANUEL;;;8245;;Colis?â?úo;Luz do Dia;;;Meio de Quadra;;;0;1;0;0;0;0;0;0;0;1;0;0;-3,791779940000000;-38,549301909000000
330880;3;6;2018;05:56;9132;AV 13 DE MAIO;RUA JAIME BENEVOLO;;0;;Queda;Amanhecer;;;Cruz;Sem?â?íforo;Comercial;0;1;0;0;0;0;0;0;0;1;0;0;-3,748122000000000;-38,530741000000000
330881;3;6;2018;09:44;0;RUA TULIPA;;;0;;Queda;Luz do Dia;;;Meio de Quadra;;;0;1;0;0;0;0;0;0;0;1;0;0;;
330883;3;6;2018;11:00;21478;AV MIN JOSE AMERICO;RUA ELISARIO MENDES;;0;;Colis?â?úo;Luz do Dia;;;Cruz;N?â?úo H?â?í Controle;Rural;0;1;0;0;0;0;0;0;0;0;0;0;-3,811474000000000;-38,496335000000000
330885;3;6;2018;11:59;0;RUA PROF GLAUCO LOBO;;;246;;Colis?â?úo;Luz do Dia;;;Meio de Quadra;;;0;1;0;1;0;0;0;0;0;1;0;0;-3,805664900000000;-38,581685700000000
322904;3;6;2018;07:32;0;AV PRS COSTA E SILVA;RUA PAU BRASIL;;0;;Colis?â?úo Traseira;Amanhecer;Chuva;Molhada;T;Sem?â?íforo;Comercial;0;0;2;1;0;0;0;0;0;0;0;0;-3,823818200000000;-38,548180000000000
322905;3;6;2018;05:39;0;RUA BERNARDO MANUEL;;;8245;;N?â?úo Informado;Amanhecer;Nublado;Molhada;Meio de Quadra;N?â?úo H?â?í Controle;Comercial;0;0;1;0;0;0;0;0;0;1;0;0;-3,791823400000000;-38,549490000000000
322906;3;6;2018;10:50;0;AV GAL OSORIO DE PAIVA;;;621;;Colis?â?úo Lateral;Luz do Dia;Bom;Seca;Meio de Quadra;Pare;Residencial;0;0;2;1;0;0;0;0;0;1;0;0;-3,776558400000000;-38,567646000000000
322907;3;6;2018;14:27;12954;AV PRS COSTA E SILVA;RUA BERNARDO MANUEL;;0;;Colis?â?úo Traseira;Luz do Dia;Bom;Seca;Cruz;Sem?â?íforo;Residencial;0;1;1;1;0;0;0;0;0;1;0;0;-3,821079000000000;-38,558276000000000
322909;3;6;2018;20:05;0;RUA MONTE LIBANO;RUA 5 LT ARVOREDO;;0;;Colis?â?úo Lateral;Via Iluminada;Bom;Seca;T;Pare;Comercial;0;0;2;1;0;0;0;0;0;1;0;0;-3,824075500000000;-38,561320000000000
322910;3;6;2018;21:23;17378;RUA ALBERTO MAGNO;RUA ROMEU MARTINS;;0;;Colis?â?úo Transversal;Via Iluminada;Bom;Seca;Cruz;Pare;Residencial;0;0;2;1;0;0;0;0;0;0;0;0;-3,766914000000000;-38,551758000000000
322911;4;6;2018;07:58;22230;RUA CEL MOZART GONDIM;RUA SAO JUDAS TADEU D08;;0;;Colis?â?úo Transversal;Luz do Dia;Bom;Seca;Cruz;Pare;Residencial;0;0;1;1;0;0;0;0;0;0;0;0;-3,729095000000000;-38,560535000000000
322912;4;6;2018;08:41;5662;AV JOSE LEON;RUA VICENTE LOPES;;0;;N?â?úo Informado;Luz do Dia;Nublado;Seca;Cruz;Pare;Escola;0;0;1;1;0;0;0;0;0;0;0;0;-3,789544000000000;-38,494897000000000
322913;4;6;2018;08:38;0;RUA PORTO VELHO;RUA RIBEIRO JUNIOR;;1;;Colis?â?úo Transversal;Luz do Dia;Bom;Seca;Cruz;Pare;Comercial;0;1;1;1;0;0;0;0;0;1;0;0;-3,771970000000000;-38,575893000000000
322914;4;6;2018;10:05;0;RUA ALBERTO MAGNO;;;422;;Choque c/ Obst?â?ículo Fixo;Luz do Dia;Bom;Seca;Meio de Quadra;N?â?úo H?â?í Controle;Comercial;0;0;1;1;0;0;0;0;0;0;0;0;-3,759794500000000;-38,545520000000000
322915;4;6;2018;10:25;10963;RUA 15 DE NOVEMBRO;RUA ANTONIO FIUZA;;1;;Engavetamento;Luz do Dia;Bom;Seca;Cruz;Sem?â?íforo;Comercial;0;0;3;1;0;0;0;0;0;0;0;0;-3,770252000000000;-38,552228000000000
322917;4;6;2018;11:30;25101;AV GAL OSORIO DE PAIVA;RUA ARARIPE PRATA;;0;;Colis?â?úo Traseira;Luz do Dia;Bom;Seca;Duplo T;Pare;Comercial;0;0;2;1;0;0;0;0;0;1;0;0;-3,776593000000000;-38,568029000000000
322918;4;6;2018;15:45;0;RUA JACINTO MATOS;;;944;;Atropelamento;Luz do Dia;Bom;Seca;Meio de Quadra;N?â?úo H?â?í Controle;Residencial;0;1;1;1;0;0;0;0;0;0;0;0;-3,719353400000000;-38,546818000000000
322919;4;6;2018;20:30;0;AV GAL OSORIO DE PAIVA;;;1127;FROTINHA DA PARANGABA;N?â?úo Informado;Via Iluminada;Bom;Seca;Meio de Quadra;N?â?úo H?â?í Controle;Comercial;0;0;2;1;0;0;0;0;0;1;0;0;-3,779071600000000;-38,572056000000000
322920;4;6;2018;17:15;0;RUA CARLOS JUACABA;;;1436;;Colis?â?úo Transversal;Anoitecer;Bom;Seca;Meio de Quadra;N?â?úo H?â?í Controle;Residencial;0;0;2;1;0;0;0;0;0;1;0;0;-3,794446700000000;-38,563160000000000
331048;4;6;2018;03:58;0;RUA DEMETRIO MENEZES;;;160;;Queda;;;;Meio de Quadra;;;0;1;0;0;0;0;0;0;0;1;0;0;-3,737330000000000;-38,583610000000000
331049;4;6;2018;05:32;0;RUA FERNAO MAGALHAES;;;577;;Colis?â?úo;Amanhecer;;;Meio de Quadra;;;0;1;0;1;0;0;0;0;0;1;0;0;-3,751720000000000;-38,572210000000000
331050;4;6;2018;05:49;0;RUA CEL DIONISIO ALENCAR;;;1941;;Queda;Amanhecer;;;Meio de Quadra;;;0;1;0;0;0;0;0;0;0;1;0;0;;
331051;4;6;2018;06:54;0;RUA CINDERELA;;;52;;Queda;Luz do Dia;;;Meio de Quadra;;;0;1;0;0;0;0;0;0;0;1;0;0;-3,781345847000000;-38,513050722000000
331053;4;6;2018;07:01;0;AV ALBERTO CRAVEIRO;;;0;;Colis?â?úo;Luz do Dia;;;Meio de Quadra;;;0;3;0;0;0;0;0;0;0;0;0;0;;
331061;4;6;2018;07:58;0;RUA LUIZ AZEVEDO;;;333;;Colis?â?úo;Luz do Dia;;;Meio de Quadra;;;0;1;0;1;0;0;0;0;0;1;0;0;;
331062;4;6;2018;11:04;0;RUA NOVA CONQUISTA (BONSUCESSO);;;411;;Queda;Luz do Dia;;;Meio de Quadra;;;0;1;0;0;0;0;0;0;0;1;0;0;-3,796327182000000;-38,598648273000000
331068;4;6;2018;11:46;0;AV PERIMETRAL;;;0;;Colis?â?úo;Luz do Dia;;;Meio de Quadra;;;0;1;0;1;0;0;0;0;0;1;0;0;;
331071;4;6;2018;12:00;0;AV DOLOR BARREIRA;;;466;;Colis?â?úo;Luz do Dia;;;Meio de Quadra;;;0;1;0;1;0;0;0;0;0;1;0;0;-3,728865500000000;-38,472808500000000
331075;4;6;2018;15:20;0;RUA JACINTO MATOS;;;944;;Atropelamento;Luz do Dia;;;Meio de Quadra;;;0;1;0;1;0;0;0;0;0;0;0;0;-3,719440000000000;-38,546787000000000
331076;4;6;2018;15:47;0;TR SAO FRANCISCO D21;;;1391;;Queda;Luz do Dia;;;Meio de Quadra;;;0;1;0;0;0;0;0;0;0;1;0;0;;
331077;4;6;2018;15:50;0;RUA PRO EDGAR DE ARRUDA;;;1262;;Colis?â?úo;Luz do Dia;;;Meio de Quadra;;;0;1;0;1;0;0;0;0;0;1;0;0;-3,755278000000000;-38,590052200000000
331078;4;6;2018;17:24;0;AV DIOGUINHO;;;5521;;Atropelamento;Anoitecer;;;Meio de Quadra;;;0;1;0;1;0;0;0;0;0;0;0;0;-3,762240000000000;-38,442770000000000
331080;4;6;2018;17:58;0;RUA ISABEL MAIA ALENCAR;;;510;;Colis?â?úo;Anoitecer;;;Meio de Quadra;;;0;1;0;0;0;0;0;0;0;0;0;0;-3,722050000000000;-38,582570000000000
331081;4;6;2018;18:17;0;RUA MANUEL MOURA;;;210;;Queda;Anoitecer;;;Meio de Quadra;;;0;1;0;0;0;1;0;0;0;0;0;0;;
331082;4;6;2018;18:37;0;RUA GERMANO FRANCK;;;767;;Colis?â?úo;;;;Meio de Quadra;;;0;1;0;1;0;0;0;0;0;1;0;0;-3,777920652000000;-38,562799540000000
331083;4;6;2018;19:14;0;RUA TIRADENTES;;;215;;Colis?â?úo;;;;Meio de Quadra;;;0;1;0;1;0;0;0;0;0;1;0;0;-3,743816000000000;-38,547191000000000
331073;4;6;2018;13:33;0;RUA PRO HERIBALDO COSTA;;;1525;;Colis?â?úo;Luz do Dia;;;Meio de Quadra;;;0;1;0;1;0;0;0;0;0;1;0;0;-3,764961000000000;-38,586471000000000
331086;4;6;2018;20:12;0;RUA ANDRADE FURTADO;;;333;;Atropelamento;;;;Meio de Quadra;;;0;1;0;0;0;0;0;0;0;0;0;0;-3,744025000000000;-38,485150000000000
331089;4;6;2018;21:22;0;RUA JULIO VERNE;;;952;;Colis?â?úo;;;;Meio de Quadra;;;0;1;0;1;0;1;0;0;0;0;0;0;-3,773891100000000;-38,553092500000000
331090;4;6;2018;22:08;0;AV BEZERRA DE MENEZES;;;260;;Colis?â?úo;;;;Meio de Quadra;;;0;1;0;0;0;0;0;0;0;0;0;0;-3,732072886000000;-38,547146951000000
327653;4;6;2018;09:00;0;RD CE-040;;;0;KM-03;Colis?â?úo;Luz do Dia;;Seca;Meio de Quadra;;;0;1;2;0;0;0;0;0;0;1;0;0;-3,782614325000000;-38,481083900000000
326955;4;6;2018;04:20;0;AV GODOFREDO MACIEL;;;1170;;Choque c/ Obst?â?ículo Fixo;;;;Meio de Quadra;;;0;0;1;1;0;0;0;0;0;0;0;0;-3,785784000000000;-38,566591000000000
326947;4;6;2018;00:20;0;AV GAL OSORIO DE PAIVA;;;4074;;Choque c/ Obst?â?ículo Fixo;;;;Meio de Quadra;;;1;0;0;0;0;0;0;0;0;1;0;0;-3,792600935000000;-38,590271092000000
326956;5;6;2018;14:30;1661;RUA JOAQUIM NABUCO;RUA VICENTE LINHARES;;0;;Colis?â?úo Transversal;Luz do Dia;;;Cruz;Sem?â?íforo;Residencial;0;0;2;0;0;0;0;0;0;1;0;0;-3,741195000000000;-38,503180000000000
327096;5;6;2018;15:25;0;RUA PDE PERDIGAO SAMPAIO;;;0;;Colis?â?úo;Luz do Dia;;;Meio de Quadra;;;0;0;2;1;0;0;0;0;0;1;0;0;;
327436;5;6;2018;19:00;0;RD BR 116;;;2000;KM-02;Colis?â?úo Transversal;;;;Meio de Quadra;;;0;1;1;1;0;0;0;0;0;1;0;0;-3,771391000000000;-38,516780000000000
327437;5;6;2018;20:00;0;RD BR 222;;;0;KM-03;Atropelamento;;;;Meio de Quadra;;;0;1;1;0;1;0;0;0;0;0;0;0;-3,740300848000000;-38,595940970000000
331093;5;6;2018;06:24;0;AV JOSE LEON;;;614;;Colis?â?úo;Luz do Dia;;;Meio de Quadra;;;0;1;0;1;0;0;0;0;0;1;0;0;-3,786628000000000;-38,506133000000000
331097;5;6;2018;06:31;0;RUA PORTO ALEGRE;;;96;;Colis?â?úo;Luz do Dia;;;Meio de Quadra;;;0;1;0;0;0;0;0;0;0;0;0;0;-3,765539300000000;-38,580213100000000
331099;5;6;2018;07:15;0;RUA NEREU RAMOS;;;150;;Queda;Luz do Dia;;;Meio de Quadra;;;0;1;0;0;0;0;0;0;0;1;0;0;-3,786708000000000;-38,568307500000000
331101;5;6;2018;07:25;0;RUA VITORIA;;;1260;;Atropelamento;Luz do Dia;;;Meio de Quadra;;;0;1;0;0;0;0;0;0;0;1;0;0;-3,763620000000000;-38,587770000000000
331106;5;6;2018;08:05;0;RUA GUSTAVO SAMPAIO;;;1773;;Colis?â?úo;Luz do Dia;;;Meio de Quadra;;;0;1;0;1;0;0;0;0;0;1;0;0;-3,736097000000000;-38,560577000000000
331111;5;6;2018;11:46;0;RUA MAD ELISA BALDO;;;771;;Colis?â?úo;Luz do Dia;;;Meio de Quadra;;;0;1;0;1;0;0;0;0;0;1;0;0;-3,784927400000000;-38,547064500000000
331112;5;6;2018;11:53;0;AV DOM MANUEL;;;660;;Atropelamento;Luz do Dia;;;Meio de Quadra;;;0;1;0;1;0;0;0;0;0;0;0;0;-3,729715700000000;-38,521680800000000
331113;5;6;2018;13:06;4769;RUA MONTE PASCOAL;RUA DOS TREVOS;;0;;Colis?â?úo;Luz do Dia;;;Cruz;Pare;Residencial;0;1;0;0;0;0;0;0;0;0;0;0;-3,804944000000000;-38,599354000000000
331114;5;6;2018;14:13;0;AV DR SILAS MUNGUBA;;;2751;;Atropelamento;Luz do Dia;;;Meio de Quadra;;;0;1;0;0;0;0;0;0;0;1;0;0;-3,787818600000000;-38,547129000000000
331109;5;6;2018;10:23;0;AV PLACIDO CASTELO;;;1157;;Atropelamento;Luz do Dia;;;Meio de Quadra;;;0;1;0;0;0;0;0;0;0;1;0;0;-3,783890000000000;-38,508670000000000
331116;5;6;2018;16:53;0;AV GODOFREDO MACIEL;;;364;;Colis?â?úo;Luz do Dia;;;Meio de Quadra;;;0;1;0;0;0;0;0;0;0;0;0;0;-3,779532000000000;-38,564715000000000
331119;5;6;2018;17:34;0;RUA FRANCISCO DOMINGOS;;;50;;Colis?â?úo;Anoitecer;;;Meio de Quadra;;;0;2;0;1;0;0;0;0;0;1;0;0;-3,779637600000000;-38,583544900000000
331124;5;6;2018;17:48;4612;AV OLIVEIRA PAIVA;AV WASHINGTON SOARES;;0;;Colis?â?úo;Anoitecer;;;;;;0;1;0;1;0;0;0;0;0;1;0;0;-3,795695000000000;-38,479908000000000
331127;5;6;2018;20:27;12892;AV DOMINGOS OLIMPIO;RUA BAR RIO BRANCO;;0;;Queda;;;;Cruz;Sem?â?íforo;Comercial;0;1;0;0;0;1;0;0;0;0;0;0;-3,736579000000000;-38,531494000000000
331129;5;6;2018;21:54;0;TR STA CATARINA;;;1175;;Colis?â?úo;;;;Meio de Quadra;;;0;1;0;1;0;0;0;0;0;1;0;0;-3,757060000000000;-38,567000000000000
331130;5;6;2018;23:12;0;AV SGT HERMINIO SAMPAIO;;;1846;;Colis?â?úo;;;;Meio de Quadra;;;0;1;0;0;0;0;0;0;0;1;0;0;-3,725727000000000;-38,557016000000000
322921;5;6;2018;09:28;1474;RUA TIBURCIO CAVALCANTE;RUA JOAO CARVALHO;;0;;Colis?â?úo Lateral;Luz do Dia;Bom;Seca;Cruz;Sem?â?íforo;Comercial;0;0;2;1;0;0;0;0;0;0;0;0;-3,738950000000000;-38,503547000000000
322922;5;6;2018;13:30;7637;AV CARNEIRO DE MENDONCA;RUA NETUNO;;0;;Colis?â?úo Transversal;Luz do Dia;Bom;Seca;T;Pare;Comercial;0;0;2;1;0;0;0;0;0;0;0;0;-3,761518000000000;-38,571592000000000
322923;5;6;2018;14:48;0;AV DR SILAS MUNGUBA;;;2792;;Atropelamento;Luz do Dia;Bom;Seca;Meio de Quadra;Sem?â?íforo;Comercial;0;2;0;0;0;0;0;0;0;1;0;0;-3,787051200000000;-38,548700000000000
322924;5;6;2018;14:07;12674;AV CEL CARVALHO;RUA GUILHERME MENDES;;0;;Colis?â?úo Lateral;Luz do Dia;Bom;Seca;Cruz;Pare;Comercial;0;1;1;0;0;0;0;0;0;1;0;0;-3,720651000000000;-38,587094000000000
322925;5;6;2018;16:15;0;AV DR SILAS MUNGUBA;;;4241;;Engavetamento;Luz do Dia;Bom;Seca;Meio de Quadra;N?â?úo H?â?í Controle;Comercial;0;0;3;1;0;0;0;0;0;0;0;0;-3,790953400000000;-38,538550000000000
322926;5;6;2018;19:12;24972;AV ALM HENRIQUE SABOIA;RUA CARVALHO JUNIOR;;0;;Colis?â?úo Traseira;Luz do Dia;Bom;Seca;Y;Pare;Comercial;0;0;1;1;0;0;0;0;0;1;0;0;-3,758020000000000;-38,504804000000000
322932;5;6;2018;16:29;10952;RUA 15 DE NOVEMBRO;RUA EQUADOR;;0;;Colis?â?úo Transversal;Luz do Dia;Bom;Seca;Cruz;Sem?â?íforo;Residencial;0;0;2;1;0;0;0;0;0;1;0;0;-3,770577000000000;-38,551314000000000
322933;6;6;2018;16:20;15789;RUA CEL DIONISIO ALENCAR;RUA JOAQUIM FELICIO;;0;;Colis?â?úo Transversal;Luz do Dia;Bom;Seca;Cruz;Pare;Residencial;0;1;1;1;0;0;0;0;0;1;0;0;-3,830711000000000;-38,487369000000000
322934;6;6;2018;18:47;12954;AV PRS COSTA E SILVA;RUA BERNARDO MANUEL;;0;;Colis?â?úo Lateral;Via Iluminada;Bom;Seca;Cruz;Sem?â?íforo;Comercial;0;0;2;1;0;0;0;0;0;0;0;0;-3,821079000000000;-38,558276000000000
322935;6;6;2018;17:32;1649;RUA GAL TERTULIANO POTYGUARA;RUA CEL JUCA;;0;;N?â?úo Informado;Via Iluminada;Bom;Seca;Cruz;Pare;Residencial;0;0;2;1;0;0;0;0;0;0;0;0;-3,745325000000000;-38,493766000000000
322936;6;6;2018;19:37;9258;AV AGUANAMBI;RUA GUILHERME MOREIRA;;0;;Colis?â?úo Lateral;Via Iluminada;Bom;Seca;T;N?â?úo H?â?í Controle;Comercial;0;1;1;1;0;0;0;0;0;1;0;0;-3,749909000000000;-38,523731000000000
322937;6;6;2018;19:27;0;AV ENG ALBERTO SA;RUA SOLON ONOFRE;;0;;Colis?â?úo Transversal;Via Iluminada;Bom;Seca;Cruz;Pare;Residencial;0;0;2;1;0;0;0;0;0;0;0;0;-3,735399000000000;-38,473106000000000
322938;6;6;2018;20:34;0;RUA BAR CRATO;;;1042;;Colis?â?úo;Mal Iluminada;Bom;Seca;Meio de Quadra;Pare;Residencial;0;2;1;1;0;0;0;0;0;1;0;0;-3,721047000000000;-38,558290000000000
322939;6;6;2018;20:47;17326;RUA ALBERTO MAGNO;RUA ALAN KARDEC;;0;;Colis?â?úo Lateral;Via Iluminada;Bom;Seca;Cruz;Pare;Comercial;0;2;1;1;0;0;0;0;0;1;0;0;-3,764796000000000;-38,549918000000000
322940;6;6;2018;16:30;0;RUA BERNARDO MANUEL;;;10681;;Colis?â?úo Traseira;Via Iluminada;Bom;Seca;Meio de Quadra;N?â?úo H?â?í Controle;Residencial;0;1;1;0;0;0;0;0;0;1;0;0;-3,812416800000000;-38,555565000000000
322941;6;6;2018;22:00;5501;RUA PDE VALDEVINO;RUA GONCALVES LEDO;;0;;Colis?â?úo Frontal;Via Iluminada;Bom;Seca;Cruz;Pare;Comercial;0;1;1;1;0;0;0;0;0;0;0;0;-3,738571000000000;-38,518610000000000
322927;6;6;2018;10:20;0;RUA PDE PEDRO DE ALENCAR;;;1299;;N?â?úo Informado;Luz do Dia;Bom;Seca;Meio de Quadra;N?â?úo H?â?í Controle;Residencial;0;1;1;1;0;0;0;0;0;0;0;0;-3,839449600000000;-38,494255000000000
322928;6;6;2018;09:47;19448;AV GAL OSORIO DE PAIVA;RUA ARMANDO PAIVA D34;;0;;Colis?â?úo Transversal;Luz do Dia;Bom;Seca;T;Pare;Comercial;0;0;2;1;0;0;0;0;0;1;0;0;-3,779702000000000;-38,572950000000000
322929;6;6;2018;09:05;0;AV JULIO VENTURA;;;1615;;Colis?â?úo Lateral;Luz do Dia;Bom;Seca;Meio de Quadra;Sem?â?íforo;Comercial;0;0;2;0;0;0;0;0;0;1;0;0;-3,738642200000000;-38,509270000000000
322930;6;6;2018;14:38;25986;RUA PDE PEDRO DE ALENCAR;RUA MANOEL VIRINO;;0;;N?â?úo Informado;Luz do Dia;Bom;Seca;Cruz;N?â?úo H?â?í Controle;Comercial;0;0;2;1;0;0;0;0;0;0;0;0;-3,848501000000000;-38,494812000000000