COD_ACIDENTE;DIA;MES;ANO;HORA;INTERSECAO;LOG1;LOG2;LOG3;NUMERO;REFERENCIA;NATUREZA;ILUMINACAO;TEMPO;SUPERFICIEPISTA;TIPOCRUZAMENTO;CONTROLETRAFEGO;USOSOLO;MORTOS;FERIDOS;ILESOS;AUTOMOVEL;ONIBUS;BICICLETA;CAMINHAO;MICROONIBUS;CICLOMOTOR;MOTOCICLETA;TRACAOANIMAL;TREM;LATITUDE;LONGITUDE
322931;6;6;2018;14:20;6818;RUA FRANCISCO MATOS;RUA DR GILBERTO STUDART;;0;;Choque c/ Obst?â?ículo Fixo;Luz do Dia;Bom;Seca;Cruz;Pare;Residencial;0;0;1;1;0;0;0;0;0;0;0;0;-3,747084000000000;-38,470191000000000
322943;6;6;2018;04:01;0;RUA TIBURCIO CAVALCANTE;;;255;;Colis?â?úo Traseira;Via Iluminada;Bom;Seca;Meio de Quadra;N?â?úo H?â?í Controle;Residencial;0;0;1;1;0;0;0;0;0;0;0;0;-3,727593700000000;-38,499880000000000
331133;6;6;2018;03:23;0;AV WASHINGTON SOARES;;;6180;;Queda;;;;Meio de Quadra;;;0;1;0;0;0;0;0;0;0;1;0;0;-3,813292000000000;-38,479989000000000
331134;6;6;2018;07:31;0;AV PRS CASTELO BRANCO;;;5986;;Colis?â?úo;Luz do Dia;;;Meio de Quadra;;;0;1;0;1;0;0;0;0;0;1;0;0;-3,701800000000000;-38,584022000000000
331136;6;6;2018;07:45;0;RUA SAO JOAO D20;;;190;;;Luz do Dia;;;Meio de Quadra;;;0;1;0;0;0;0;0;0;0;1;0;0;-3,724444300000000;-38,603268900000000
331139;6;6;2018;08:05;0;RUA SUECIA;;;1117;;Colis?â?úo;Luz do Dia;;;Meio de Quadra;;;0;1;0;1;0;1;0;0;0;0;0;0;-3,784560000000000;-38,556880000000000
331142;6;6;2018;09:53;0;AV OLIVEIRA PAIVA;;;263;;Colis?â?úo;Luz do Dia;;;Meio de Quadra;;;0;1;0;1;0;0;0;0;0;1;0;0;-3,798362966000000;-38,502577584000000
331143;6;6;2018;11:00;0;AV PRS COSTA E SILVA;;;0;;Colis?â?úo;Luz do Dia;;;Meio de Quadra;;;0;1;0;0;0;0;0;0;0;0;0;0;;
331144;6;6;2018;11:09;0;RUA COS LAFAYETE;;;115;;Colis?â?úo;Luz do Dia;;;Meio de Quadra;;;0;1;0;0;0;0;0;0;0;1;0;0;-3,718340286000000;-38,579113571000000
331145;6;6;2018;11:24;0;AV JOR THOMAZ COELHO;;;3151;;Atropelamento;Luz do Dia;;;Meio de Quadra;;;0;1;0;0;0;0;0;0;0;1;0;0;-3,828890663000000;-38,522491106000000
331147;6;6;2018;14:23;0;AV WASHINGTON SOARES;;;8300;;Colis?â?úo;Luz do Dia;;;Meio de Quadra;;;0;1;0;1;0;0;0;0;0;1;0;0;-3,824287200000000;-38,481391000000000
331149;6;6;2018;16:36;0;AV ENG ALBERTO SA;;;1435;;Queda;Luz do Dia;;;Meio de Quadra;;;0;1;0;0;0;0;0;0;0;1;0;0;-3,735884400000000;-38,470042300000000
331174;6;6;2018;19:11;0;AV SGT HERMINIO SAMPAIO;;;4675;;Colis?â?úo;;;;Meio de Quadra;;;0;1;0;1;0;0;0;0;0;1;0;0;-3,732511738000000;-38,581770336000000
331176;6;6;2018;20:35;0;AV PRS CASTELO BRANCO;;;70;;Colis?â?úo;;;;Meio de Quadra;;;0;1;0;0;0;0;0;0;0;0;0;0;-3,722918500000000;-38,522493000000000
331178;6;6;2018;21:39;0;RUA PIN ANTONIO BANDEIRA;;;460;;Colis?â?úo;;;;Meio de Quadra;;;0;1;0;1;0;0;0;0;0;1;0;0;-3,720732900000000;-38,465949700000000
331179;6;6;2018;22:12;0;AV JOSE BASTOS;;;5816;;Colis?â?úo;;;;Meio de Quadra;;;0;1;0;0;0;1;0;0;0;1;0;0;-3,762671649000000;-38,565840865000000
331181;6;6;2018;23:43;0;AV PRS CASTELO BRANCO;;;2525;;Queda;;;;Meio de Quadra;;;0;1;0;0;0;0;0;0;0;1;0;0;-3,713113000000000;-38,550593000000000
326959;6;6;2018;17:49;25063;AV DOS EXPEDICIONARIOS;RUA ARMANDO MONTEIRO;;0;;Colis?â?úo Transversal;Anoitecer;;;Cruz;Pare;Comercial;0;0;2;1;0;0;0;0;0;1;0;0;-3,762230000000000;-38,540372000000000
326961;7;6;2018;14:00;0;RUA FRANCISCO LORDA;;;125;;Queda;Luz do Dia;;;Meio de Quadra;;;0;0;1;0;0;0;0;0;0;0;0;0;-3,762357960000000;-38,530406280000000
327654;7;6;2018;07:00;0;RD CE-040;;;0;KM-01;Colis?â?úo;Luz do Dia;;Seca;Meio de Quadra;;;0;3;0;0;0;0;0;0;0;1;0;0;-3,764650449000000;-38,482583040000000
331183;7;6;2018;05:35;0;RUA DR ESTENIO GOMES;;;2461;;Queda;Amanhecer;;;Meio de Quadra;;;0;1;0;0;0;0;0;0;0;1;0;0;-3,801115000000000;-38,591137600000000
331184;7;6;2018;05:46;10726;RUA PRO HERIBALDO COSTA;RUA CURITIBA;;0;;Atropelamento;Amanhecer;;;Cruz;Pare;Residencial;0;1;0;0;0;0;0;0;0;1;0;0;-3,759992000000000;-38,583853000000000
331186;7;6;2018;07:58;21604;RUA DARCY VARGAS;RUA DOM XISTO ALBANO;;0;;Colis?â?úo;Luz do Dia;;;Cruz;Pare;Residencial;0;1;0;1;0;0;0;0;0;1;0;0;-3,798206000000000;-38,586618000000000
331187;7;6;2018;09:05;0;AV GAL OSORIO DE PAIVA;;;5281;;Colis?â?úo;Luz do Dia;;;Meio de Quadra;;;0;1;0;0;0;0;0;0;0;0;0;0;-3,803736625000000;-38,601122875000000
331189;7;6;2018;10:01;0;AV 13 DE MAIO;;;1806;;Colis?â?úo;Luz do Dia;;;Meio de Quadra;;;0;1;0;1;0;0;0;0;0;1;0;0;-3,745465346000000;-38,533852231000000
331190;7;6;2018;11:12;0;RUA CON DE CASTRO;;;1780;;Atropelamento;Luz do Dia;;;Meio de Quadra;;;0;1;0;1;0;0;0;0;0;0;0;0;-3,786350471000000;-38,574669706000000
331191;7;6;2018;11:23;22353;AV BEZERRA DE MENEZES;AV OLAVO BILAC;;0;;Atropelamento;Luz do Dia;;;Cruz;N?â?úo H?â?í Controle;Comercial;0;1;0;0;0;0;0;0;0;1;0;0;-3,735601000000000;-38,564151000000000
331192;7;6;2018;12:25;0;AV DEP PAULINO ROCHA;;;215;;Queda;Luz do Dia;;;Meio de Quadra;;;0;1;0;0;0;0;0;0;0;1;0;0;-3,803937000000000;-38,507895000000000
331193;7;6;2018;12:56;0;RUA ELVIRA PINHO;;;665;;Colis?â?úo;Luz do Dia;;;Meio de Quadra;;;0;0;1;0;0;0;0;0;0;1;0;0;-3,767000000000000;-38,555890000000000
331194;7;6;2018;14:45;0;AV PERIMETRAL;;;1307;;Queda;Luz do Dia;;;Meio de Quadra;;;0;1;0;0;0;0;0;0;0;1;0;0;;
331195;7;6;2018;14:59;0;AV DR SILAS MUNGUBA;;;894;;Colis?â?úo;Luz do Dia;;;Meio de Quadra;;;0;1;0;1;0;0;0;0;0;1;0;0;-3,781111000000000;-38,557763000000000
331196;7;6;2018;15:02;0;AV FRANCISCO SA;;;5214;;Atropelamento;Luz do Dia;;;Meio de Quadra;;;0;1;0;0;0;0;0;0;0;1;0;0;-3,712761334000000;-38,570960938000000
331197;7;6;2018;16:19;0;AV ROGACIANO LEITE;;;2359;;Colis?â?úo;Luz do Dia;;;Meio de Quadra;;;0;1;0;0;0;0;0;0;0;0;0;0;-3,775630048000000;-38,500100285000000
331216;7;6;2018;16:43;0;RUA WALDERY UCHOA;;;0;;Colis?â?úo;Luz do Dia;;;Meio de Quadra;;;0;1;0;0;0;0;0;0;0;1;0;0;;
331217;7;6;2018;16:47;0;RUA JOAQUIM LIMA;;;900;;Colis?â?úo;Luz do Dia;;;Meio de Quadra;;;0;1;0;1;0;0;0;0;0;1;0;0;-3,741498000000000;-38,479209000000000
331218;7;6;2018;13:31;0;RUA JOSE PARENTE D71;;;484;;Colis?â?úo;Luz do Dia;;;Meio de Quadra;;;0;1;0;0;0;0;0;0;0;1;0;0;-3,812967303000000;-38,588107140000000
331219;7;6;2018;18:43;0;RUA URUCUTUBA;;;1963;;Queda;;;;Meio de Quadra;;;0;1;0;0;0;0;0;0;0;1;0;0;-3,798892200000000;-38,615755200000000
331220;7;6;2018;22:46;0;AV ROGACIANO LEITE;;;2993;;Colis?â?úo;;;;Meio de Quadra;;;0;1;0;0;0;0;0;0;0;1;0;0;-3,785466000000000;-38,502970000000000
331221;7;6;2018;23:51;0;AV GAL OSORIO DE PAIVA;;;5431;;Queda;;;;Meio de Quadra;;;0;1;0;0;0;0;0;0;0;1;0;0;-3,804511000000000;-38,601854000000000
322944;7;6;2018;15:00;25890;AV H CJ CEARA;RUA BARRA VERMELHA;;0;;N?â?úo Informado;Luz do Dia;Bom;Seca;Cruz;Pare;Residencial;0;1;2;0;1;0;0;0;0;1;0;0;-3,775983000000000;-38,611523000000000
322989;7;6;2018;14:07;0;AV DOMINGOS OLIMPIO;;;1021;;Colis?â?úo Lateral;Luz do Dia;Bom;Seca;Meio de Quadra;N?â?úo H?â?í Controle;Comercial;0;0;2;0;0;0;0;0;0;1;0;0;-3,735996500000000;-38,532917000000000
322942;7;6;2018;01:15;0;AV PINTO BANDEIRA D56;;;0;;Colis?â?úo Transversal;Via Iluminada;Bom;Seca;Meio de Quadra;Pare;Residencial;0;1;0;1;0;0;0;0;0;1;0;0;-3,773949400000000;-38,486874000000000
322946;7;6;2018;18:54;0;RUA PEDRO LAZAR;;;799;;Colis?â?úo Lateral;Via Iluminada;Bom;Seca;Meio de Quadra;N?â?úo H?â?í Controle;Residencial;0;1;1;1;0;0;0;0;0;1;0;0;-3,802355300000000;-38,488514000000000
322947;7;6;2018;19:11;1273;AV SANTOS DUMONT;RUA DR JOSE LOURENCO;;0;;Colis?â?úo Transversal;Via Iluminada;Bom;Seca;Cruz;Gesto;Comercial;0;0;1;1;0;0;0;0;1;0;0;0;-3,733299000000000;-38,507380000000000
322948;7;6;2018;20:24;10726;RUA PRO HERIBALDO COSTA;RUA CURITIBA;;0;;Colis?â?úo Transversal;Luz do Dia;Bom;Seca;Cruz;Pare;Residencial;0;0;2;1;0;0;0;0;0;1;0;0;-3,759992000000000;-38,583853000000000
322949;8;6;2018;08:45;0;AV DEP PAULINO ROCHA;;;0;;Colis?â?úo Traseira;Luz do Dia;Bom;Seca;Rotat?â??ria;Pare;Comercial;0;0;2;1;0;0;0;0;0;0;0;0;-3,807294600000000;-38,524208000000000
322950;8;6;2018;06:50;25267;RUA FRANCISCA CLOTILDE;RUA GAL BERNARDO FIGUEIREDO;;0;;Choque c/ Obst?â?ículo Fixo;Luz do Dia;Bom;Seca;Cruz;Pare;Residencial;0;0;1;1;0;0;0;0;0;0;0;0;-3,739248000000000;-38,549779000000000
322951;8;6;2018;13:38;0;RUA ALVES RIBEIRO;;;397;;Colis?â?úo Transversal;Luz do Dia;Bom;Seca;Meio de Quadra;N?â?úo H?â?í Controle;Residencial;0;0;2;1;0;0;0;0;0;1;0;0;-3,821745400000000;-38,498657000000000
322952;8;6;2018;15:53;0;RUA TIBURCIO CAVALCANTE;;;2855;;Colis?â?úo Traseira;Luz do Dia;Bom;Seca;Meio de Quadra;N?â?úo H?â?í Controle;Residencial;0;1;1;1;0;0;0;0;0;1;0;0;-3,749752300000000;-38,507040000000000
322953;8;6;2018;17:16;0;AV JOSE BASTOS;;;3132;;N?â?úo Informado;Luz do Dia;Bom;Seca;Meio de Quadra;N?â?úo H?â?í Controle;Comercial;0;0;3;1;0;0;0;0;0;1;0;0;-3,747566000000000;-38,548214000000000
322954;8;6;2018;17:20;0;AV GOV RAUL BARBOSA;;;5850;;N?â?úo Informado;Luz do Dia;Bom;Seca;Meio de Quadra;Sem?â?íforo;Residencial;0;1;2;1;0;0;0;0;0;0;0;0;-3,769321400000000;-38,510334000000000
322955;8;6;2018;19:50;0;RUA NEREU RAMOS;;;0;;Colis?â?úo Traseira;Via Iluminada;Bom;Seca;Outros;N?â?úo H?â?í Controle;Comercial;0;0;2;1;0;0;0;0;0;0;0;0;-3,784674200000000;-38,573070000000000
322956;8;6;2018;18:30;13394;AV ANTONIO SALES;RUA ANTONIO AUGUSTO;;0;;Colis?â?úo Lateral;Via Iluminada;Bom;Seca;Cruz;Pare;Comercial;0;0;2;1;1;0;0;0;0;0;0;0;-3,740913000000000;-38,517005000000000
322957;8;6;2018;20:13;0;AV GAL OSORIO DE PAIVA;RUA ARARAQUARA;;0;;Colis?â?úo Transversal;Via Iluminada;Bom;Seca;Cruz;Pare;Comercial;0;1;1;1;0;0;0;0;0;1;0;0;-3,783342800000000;-38,578773000000000
322958;8;6;2018;20:20;17446;RUA EQUADOR;RUA PRO TEODORICO;;0;;Colis?â?úo Transversal;Via Iluminada;Bom;Seca;Cruz;Pare;Comercial;0;1;1;0;1;0;0;0;0;0;0;0;-3,769655000000000;-38,550989000000000
331222;8;6;2018;01:09;0;RUA CARLOS AMORA;;;0;;Queda;;;;Meio de Quadra;;;0;1;0;0;0;0;0;0;0;1;0;0;;
331223;8;6;2018;01:24;0;TR STA RITA;;;230;;Queda;;;;Meio de Quadra;;;0;1;0;0;0;0;0;0;0;1;0;0;-3,804476600000000;-38,607026900000000
331224;8;6;2018;01:27;0;AV JOSE LEON;;;198;;Atropelamento;;;;Meio de Quadra;;;0;1;0;0;0;0;0;0;0;1;0;0;-3,786832263000000;-38,509412474000000
331225;8;6;2018;02:47;0;RUA VIRGILIO NOGUEIRA PAES;;;268;;Colis?â?úo;;;;Meio de Quadra;;;0;1;0;0;0;0;0;0;0;1;0;0;-3,785349000000000;-38,607628500000000
331226;8;6;2018;06:30;0;RUA BAR AQUIRAZ;;;2250;;Queda;Luz do Dia;;;Meio de Quadra;;;0;1;0;0;0;0;0;0;0;1;0;0;-3,848634000000000;-38,476837600000000
331227;8;6;2018;06:39;0;AV DOMINGOS OLIMPIO;;;1034;;Queda;Luz do Dia;;;Meio de Quadra;;;0;1;0;0;0;0;0;0;0;1;0;0;-3,736050500000000;-38,532907500000000
331228;8;6;2018;12:19;0;RUA ALVES RIBEIRO;;;211;;Colis?â?úo;Luz do Dia;;;Meio de Quadra;;;0;1;0;0;0;0;0;0;0;1;0;0;-3,821386400000000;-38,497672018000000
331229;8;6;2018;12:34;0;RUA PERDIGAO DE OLIVEIRA;;;709;;Colis?â?úo;Luz do Dia;;;Meio de Quadra;;;0;1;0;1;0;0;0;0;0;1;0;0;-3,774945090000000;-38,575820060000000
331230;8;6;2018;12:44;0;RUA MANDACARUS D68;;;1689;;Colis?â?úo;Luz do Dia;;;Meio de Quadra;;;0;1;0;1;0;0;0;0;0;1;0;0;;
331231;8;6;2018;14:16;5369;RUA PEDRO I;RUA ASSUNCAO;;0;;Colis?â?úo;Luz do Dia;;;Cruz;Pare;Comercial;0;1;0;0;0;0;0;0;0;0;0;0;-3,731527000000000;-38,527661000000000
331232;8;6;2018;14:28;0;RUA HELENA MARIA;;;30;;Atropelamento;Luz do Dia;;;Meio de Quadra;;;0;1;0;1;0;0;0;0;0;0;0;0;-3,735270000000000;-38,483530000000000
331233;8;6;2018;14:57;19957;AV LUCIANO CARNEIRO;RUA STA QUITERIA;;0;;Colis?â?úo;Luz do Dia;;;T;Sem?â?íforo;Comercial;0;1;0;1;0;0;0;0;0;1;0;0;-3,760537000000000;-38,535339000000000
331234;8;6;2018;15:47;0;RUA ARISTOTELES BEZERRA;;;235;;Colis?â?úo;Luz do Dia;;;Meio de Quadra;;;0;1;0;1;0;0;0;0;0;1;0;0;-3,719889348000000;-38,555732261000000
331235;8;6;2018;15:57;0;AV JOSE BASTOS;;;3100;;Colis?â?úo;Luz do Dia;;;Meio de Quadra;;;0;1;0;1;0;0;0;0;0;1;0;0;-3,744339000000000;-38,545099900000000
331236;8;6;2018;16:48;0;RUA SAO PAULO;;;0;;Colis?â?úo;Luz do Dia;;;Meio de Quadra;;;0;1;0;1;0;0;0;0;0;1;0;0;;
331237;8;6;2018;17:13;0;RUA BERNARDO MANUEL;;;12978;;Colis?â?úo;Anoitecer;;;Meio de Quadra;;;0;1;0;1;0;0;0;0;0;1;0;0;-3,830963000000000;-38,560983500000000
331238;8;6;2018;18:01;0;RUA BAR AQUIRAZ;;;856;;Colis?â?úo;Anoitecer;;;Meio de Quadra;;;0;1;0;0;0;0;0;0;0;0;0;0;-3,836555500000000;-38,488593000000000
331239;8;6;2018;18:10;0;AV AUGUSTO DOS ANJOS;;;1664;;Colis?â?úo;Anoitecer;;;Meio de Quadra;;;0;1;0;0;0;0;0;0;0;0;0;0;-3,780923000000000;-38,579816000000000
331240;8;6;2018;18:33;0;AV JOR THOMAZ COELHO;;;3447;;Colis?â?úo;;;;Meio de Quadra;;;0;1;0;0;0;0;0;0;0;0;0;0;-3,829696400000000;-38,527057900000000
331242;8;6;2018;18:37;0;RUA LUIZ AZEVEDO;;;415;;Queda;;;;Meio de Quadra;;;0;1;0;0;0;0;0;0;0;1;0;0;;
331243;8;6;2018;20:28;0;RUA VALPARAISO;;;101;;Colis?â?úo;;;;Meio de Quadra;;;0;1;0;1;0;0;0;0;0;1;0;0;-3,846452800000000;-38,521563900000000
331244;8;6;2018;20:37;0;RUA DA PAZ;;;1000;;Queda;;;;Meio de Quadra;;;0;1;0;0;0;0;0;0;0;1;0;0;-3,808978400000000;-38,627599200000000
331245;8;6;2018;21:14;0;AV SGT HERMINIO SAMPAIO;;;2311;;Colis?â?úo;;;;Meio de Quadra;;;0;1;0;1;0;0;0;0;0;1;0;0;-3,726477334000000;-38,561103533000000
331246;8;6;2018;22:34;0;RUA CON DE CASTRO;;;131;;Colis?â?úo;;;;Meio de Quadra;;;0;1;0;0;0;0;0;0;0;1;0;0;;
331247;8;6;2018;23:40;0;AV LINEU MACHADO;;;543;;Colis?â?úo;;;;Meio de Quadra;;;0;1;0;1;0;0;0;0;0;1;0;0;-3,765151300000000;-38,576333900000000
327662;8;6;2018;06:25;0;AV SEN CARLOS JEREISSATI (AEROPORTO);;;0;KM 02;Choque c/ Obst?â?ículo Fixo;Luz do Dia;;Molhada;Meio de Quadra;;;0;0;1;1;0;0;0;0;0;0;0;0;-3,782194000000000;-38,535424000000000
327663;8;6;2018;06:40;0;RD CE-060;;;0;KM-02;Colis?â?úo;Luz do Dia;;Molhada;Meio de Quadra;;;0;1;0;0;0;0;0;0;0;1;0;0;-3,834064000000000;-38,582111000000000
327664;8;6;2018;16:40;0;AV MIN JOSE AMERICO;;;0;;Colis?â?úo;Luz do Dia;;Molhada;Meio de Quadra;;;0;0;2;1;0;0;0;0;0;0;0;0;;
326962;8;6;2018;08:00;15289;AV DES MOREIRA;RUA ANA BILHAR;;0;;Colis?â?úo Transversal;Luz do Dia;;;Cruz;Sem?â?íforo;Residencial;0;0;2;1;0;0;0;0;0;0;0;0;-3,729331000000000;-38,496113000000000
326969;8;6;2018;18:30;0;RUA PRO GOMES BRASIL;;;147;;Colis?â?úo Lateral;Anoitecer;;;Meio de Quadra;;;0;0;2;0;0;0;0;0;0;1;0;0;-3,774306678000000;-38,567438452000000
326980;8;6;2018;06:00;0;RUA OSCAR ARARIPE;;;1951;;Colis?â?úo Lateral;Luz do Dia;;;;;;0;0;2;1;0;0;0;0;0;1;0;0;-3,787940900000000;-38,609898300000000
326981;9;6;2018;20:15;15200;RUA DEP MOREIRA DA ROCHA;RUA CARLOS VASCONCELOS;;0;;Colis?â?úo Transversal;;;;Cruz;Sem?â?íforo;Residencial;0;1;3;1;0;0;0;0;0;1;0;0;-3,726560000000000;-38,508724000000000
327012;9;6;2018;05:30;17405;RUA ISAIE BORIS;RUA ROMEU MARTINS;;0;;Colis?â?úo Transversal;Amanhecer;;;Rotat?â??ria;Sem?â?íforo;Comercial;0;0;2;1;0;0;0;0;0;0;0;0;-3,767845000000000;-38,550538000000000
327018;9;6;2018;08:30;5036;RUA PESSOA ANTA;RUA BORIS;;0;;Colis?â?úo Transversal;Luz do Dia;;;Cruz;Outros;Comercial;0;2;1;0;0;0;0;0;0;1;0;0;-3,720976000000000;-38,521017000000000
327021;9;6;2018;06:20;6741;RUA VILEBALDO AGUIAR;RUA ALMEIDA PRADO;;0;;Capotamento;Luz do Dia;;;Cruz;Pare;Residencial;0;2;0;0;0;0;0;1;0;0;0;0;-3,744545000000000;-38,475413000000000
327027;9;6;2018;13:00;22081;RUA CAP FRANCISCO PEDRO;RUA GUSTAVO BRAGA;;0;;Colis?â?úo Transversal;Luz do Dia;;;Cruz;Pare;Comercial;0;0;2;0;0;0;0;0;0;0;0;0;-3,751155000000000;-38,552452000000000
327438;9;6;2018;07:10;0;RD BR 116;;;7000;KM-07;Queda;Luz do Dia;;;Meio de Quadra;;;0;2;0;0;0;0;0;0;0;1;0;0;-3,786276359000000;-38,511561398000000
327665;9;6;2018;10:05;0;RD CE-025;;;0;KM-03;Colis?â?úo;Luz do Dia;;Seca;Meio de Quadra;;;0;0;2;1;0;0;0;0;0;0;0;0;-3,805889179000000;-38,452246560000000
331148;9;6;2018;23:02;0;AV DIOGUINHO;;;0;;Colis?â?úo;;;;Meio de Quadra;;;0;3;0;0;0;0;0;0;0;0;0;0;;
331138;9;6;2018;21:11;0;RUA DES HERMES PARAHYBA;;;762;;Colis?â?úo;;;;Meio de Quadra;;;0;1;0;1;0;0;0;0;0;0;0;0;-3,713363445000000;-38,590730741000000
331141;9;6;2018;21:56;0;RUA FRANCISCO PAIVA;;;1070;;Atropelamento;;;;Meio de Quadra;;;0;1;0;1;0;0;0;0;0;0;0;0;-3,788450000000000;-38,613520000000000
331146;9;6;2018;22:32;0;AV PRS COSTA E SILVA;;;0;;Colis?â?úo;;;;Meio de Quadra;;;0;1;0;1;0;0;0;0;0;1;0;0;;
331135;9;6;2018;20:47;0;RUA POMPILIO GOMES;;;230;;Colis?â?úo;;;;Meio de Quadra;;;0;1;0;0;0;0;0;0;0;0;0;0;-3,812216900000000;-38,520377000000000
331123;9;6;2018;19:07;0;RUA DAS PEDRINHAS;;;702;;Colis?â?úo;;;;Meio de Quadra;;;0;1;0;0;0;0;0;0;0;1;0;0;-3,761027143000000;-38,599938143000000
331132;9;6;2018;20:26;1926;AV ISABEL BEZERRA;RUA HONORINA MAIA;;0;;Colis?â?úo;;;;Cruz;Pare;Comercial;0;1;0;1;0;1;0;0;0;0;0;0;-3,854802000000000;-38,502185000000000
331125;9;6;2018;19:47;0;RUA RIO GRANDE DO SUL;;;0;;Colis?â?úo;;;;Meio de Quadra;;;0;1;0;0;0;0;0;0;0;1;0;0;;
331108;9;6;2018;19:05;0;RUA ERETIDES MARTINS;;;1272;;Colis?â?úo;;;;Meio de Quadra;;;0;1;0;1;0;0;0;0;0;1;0;0;-3,730677000000000;-38,558865000000000
331105;9;6;2018;18:39;0;AV PRO JOSE ARTHUR CARVALHO;;;2605;;Colis?â?úo;;;;Meio de Quadra;;;0;1;0;1;0;0;0;0;0;1;0;0;-3,823978098000000;-38,456319844000000
331091;9;6;2018;17:49;0;RUA DAS PEDRINHAS;;;706;;Colis?â?úo;Anoitecer;;;Meio de Quadra;;;0;1;0;0;0;0;0;0;0;1;0;0;-3,760985786000000;-38,599929786000000
331074;9;6;2018;16:42;0;RUA GERALDO MAGALHAES;;;1602;;Colis?â?úo;Luz do Dia;;;Meio de Quadra;;;0;1;0;1;0;0;0;0;0;0;0;0;-3,769340400000000;-38,486779600000000
331072;9;6;2018;16:30;0;AV JANGADEIROS (MUCURIPE);;;568;;Colis?â?úo;Luz do Dia;;;Meio de Quadra;;;0;1;0;0;0;0;0;0;0;1;0;0;-3,723756000000000;-38,477232000000000
331069;9;6;2018;14:47;0;RUA CEL FRANCISCO PEREIRA (MESSEJANA);;;403;;Colis?â?úo;Luz do Dia;;;Meio de Quadra;;;0;1;0;1;0;0;0;0;0;1;0;0;-3,832550000000000;-38,493000000000000
331070;9;6;2018;15:45;0;RUA STA ELISA D21;;;763;;Colis?â?úo;Luz do Dia;;;Meio de Quadra;;;0;1;0;1;0;0;0;0;0;1;0;0;-3,706388001000000;-38,559896000000000
331065;9;6;2018;12:14;22727;RUA EUCLIDES O DE SOUSA;RUA MIN ABNER VASCONCELOS;;0;;Colis?â?úo;Luz do Dia;;;Cruz;Pare;Comercial;0;1;0;1;0;0;0;0;0;1;0;0;-3,798148000000000;-38,478870000000000
331066;9;6;2018;12:53;0;RUA 19 CJ ALTO ALEGRE;;;7;;Atropelamento;Luz do Dia;;;Meio de Quadra;;;0;1;0;0;0;0;0;0;0;1;0;0;;
331067;9;6;2018;13:31;0;AV DR SILAS MUNGUBA;;;3933;;Colis?â?úo;Luz do Dia;;;Meio de Quadra;;;0;1;0;0;0;0;0;0;0;0;0;0;-3,790981656000000;-38,538566110000000
331063;9;6;2018;11:44;0;RUA DOCA SALES;;;0;;Queda;Luz do Dia;;;Meio de Quadra;;;0;1;0;0;0;1;0;0;0;0;0;0;;
331033;9;6;2018;03:11;0;AV PERIMETRAL;;;0;;Colis?â?úo;;;;Meio de Quadra;;;0;1;0;1;0;0;0;0;0;1;0;0;;
331059;9;6;2018;10:13;3302;RUA LUIS VIEIRA;AV GAL OSORIO DE PAIVA;;0;;Queda;Luz do Dia;;;Cruz;Sem?â?íforo Intermitente;Comercial;0;1;0;0;0;0;0;0;0;1;0;0;-3,790879000000000;-38,588616000000000
331060;9;6;2018;10:21;0;RUA TIBURCIO ALBANO;;;303;;Atropelamento;Luz do Dia;;;Meio de Quadra;;;0;1;0;1;0;0;0;0;0;0;0;0;-3,754848000000000;-38,579257000000000
331054;9;6;2018;08:01;0;AV ALBERTO CRAVEIRO;;;2505;;Colis?â?úo;Luz do Dia;;;Meio de Quadra;;;0;1;0;1;0;0;0;0;0;1;0;0;-3,802170000000000;-38,520707000000000
331055;9;6;2018;08:24;0;AV JOR THOMAZ COELHO;;;2283;;Colis?â?úo;Luz do Dia;;;Meio de Quadra;;;0;1;0;1;0;0;0;0;0;1;0;0;-3,828106000000000;-38,516608500000000
331056;9;6;2018;08:38;0;AV D CJ JOSE WALTER;;;2150;HOSP. GONZAGUINHA;Colis?â?úo;Luz do Dia;;;Meio de Quadra;;;0;1;0;1;0;0;0;0;0;1;0;0;;
331044;9;6;2018;05:59;0;RUA MAJ WEYNE;;;398;;Atropelamento de Animal;Amanhecer;;;Meio de Quadra;;;0;1;0;0;0;0;0;0;0;1;0;0;-3,751736000000000;-38,540873667000000
331052;9;6;2018;06:24;0;AV PRO JOSE ARTHUR CARVALHO;;;520;;Colis?â?úo;Luz do Dia;;;Meio de Quadra;;;0;1;0;0;0;0;0;0;0;0;0;0;-3,826308000000000;-38,474421000000000
331030;9;6;2018;00:15;0;AV BORGES DE MELO;;;0;;Atropelamento;;;;Meio de Quadra;;;0;1;1;1;0;0;0;0;0;0;0;0;;
331038;9;6;2018;05:58;0;AV ABOLICAO;;;4010;;Colis?â?úo;Amanhecer;;;Meio de Quadra;;;0;1;0;1;0;0;0;0;0;0;0;0;-3,724800000000000;-38,482934000000000
322959;9;6;2018;01:48;0;RUA PDE PEDRO DE ALENCAR;;;1900;;Capotamento;Via Iluminada;Bom;Seca;Meio de Quadra;N?â?úo H?â?í Controle;Residencial;0;0;1;0;0;0;0;0;0;0;0;0;-3,844318400000000;-38,494350000000000