COD_ACIDENTE;DIA;MES;ANO;HORA;INTERSECAO;LOG1;LOG2;LOG3;NUMERO;REFERENCIA;NATUREZA;ILUMINACAO;TEMPO;SUPERFICIEPISTA;TIPOCRUZAMENTO;CONTROLETRAFEGO;USOSOLO;MORTOS;FERIDOS;ILESOS;AUTOMOVEL;ONIBUS;BICICLETA;CAMINHAO;MICROONIBUS;CICLOMOTOR;MOTOCICLETA;TRACAOANIMAL;TREM;LATITUDE;LONGITUDE
322960;9;6;2018;02:02;0;AV BENJAMIM BRASIL;;;2150;;Colis?â?úo Transversal;Via Iluminada;Bom;Seca;Meio de Quadra;N?â?úo H?â?í Controle;Comercial;0;1;1;1;0;0;0;0;0;1;0;0;-3,808575900000000;-38,557606000000000
322961;9;6;2018;07:49;9039;RUA BAR RIO BRANCO;RUA PDE MIGUELINHO;;0;;Colis?â?úo Transversal;Luz do Dia;Bom;Seca;Cruz;Pare;Comercial;0;1;0;1;0;0;0;0;0;1;0;0;-3,742749000000000;-38,533460000000000
322962;9;6;2018;08:20;26230;AV PRS CASTELO BRANCO;RUA BORIS;;0;;Colis?â?úo Transversal;Luz do Dia;Bom;Seca;T;N?â?úo H?â?í Controle;Comercial;0;0;1;1;0;0;0;0;0;1;0;0;-3,723228000000000;-38,521056000000000
322963;9;6;2018;09:20;1441;AV SANTOS DUMONT;RUA PRO DIAS DA ROCHA;;0;;N?â?úo Informado;Luz do Dia;Bom;Seca;Cruz;Pare;Comercial;0;2;1;0;0;0;0;0;0;1;0;0;-3,738113000000000;-38,492502000000000
322964;9;6;2018;11:40;0;ET ANTIGA PARA AQUIRAZ;RUA MIGUEL COUTO;;0;;N?â?úo Informado;Luz do Dia;Bom;Seca;Meio de Quadra;Pare;Residencial;0;0;1;1;0;0;0;0;0;1;0;0;-3,837395400000000;-38,487740000000000
322965;9;6;2018;09:51;5436;RUA GAL CLARINDO DE QUEIROZ;RUA JAIME BENEVOLO;;0;;Colis?â?úo Transversal;Luz do Dia;Bom;Seca;Cruz;Pare;Comercial;0;0;2;1;0;0;0;0;0;0;0;0;-3,734060000000000;-38,526017000000000
322966;9;6;2018;12:49;13372;RUA JOAO BRIGIDO;RUA NOGUEIRA ACIOLI;;0;;Colis?â?úo Transversal;Luz do Dia;Bom;Seca;Cruz;Sem?â?íforo;Residencial;0;0;2;1;0;0;0;0;0;0;0;0;-3,739259000000000;-38,520044000000000
322967;9;6;2018;14:01;5079;RUA SAO PAULO;RUA AGAPITO DOS SANTOS;;0;;Colis?â?úo Transversal;Luz do Dia;Bom;Seca;Cruz;Pare;Residencial;0;0;2;1;0;0;0;0;0;0;0;0;-3,722650000000000;-38,537811000000000
322968;9;6;2018;15:20;22057;RUA MAJ PEDRO SAMPAIO;RUA CAPISTRANO;;0;;Colis?â?úo Transversal;Luz do Dia;Bom;Seca;Cruz;Pare;Residencial;0;1;1;1;0;0;0;0;0;1;0;0;-3,738332000000000;-38,546283000000000
322969;9;6;2018;17:20;15170;AV ABOLICAO;RUA JOSE VILAR;;0;;Colis?â?úo Lateral;Via Iluminada;Bom;Seca;Cruz;Pare;Comercial;0;1;1;1;0;0;0;0;0;1;0;0;-3,725435000000000;-38,501373000000000
322970;9;6;2018;18:50;1341;RUA MON BRUNO;RUA AFONSO CELSO;;0;;Colis?â?úo Transversal;Anoitecer;Bom;Seca;Cruz;Pare;Comercial;0;0;1;1;0;0;0;0;0;1;0;0;-3,735734000000000;-38,510519000000000
323146;9;6;2018;18:53;0;AV JOR THOMAZ COELHO;;;649;TERM. MESSEJANA;Colis?â?úo Traseira;Luz do Dia;Bom;Seca;Meio de Quadra;N?â?úo H?â?í Controle;Comercial;0;0;2;1;0;0;0;0;0;0;0;0;-3,831852700000000;-38,502090000000000
326403;9;6;2018;03:50;25043;RUA RIO TAPAJOS;AV CEL CARVALHO;;0;;Colis?â?úo;;;;T;N?â?úo H?â?í Controle;Comercial;1;1;0;1;0;0;0;0;0;1;0;0;-3,708154000000000;-38,590312000000000
337279;10;6;2018;00:50;5112;RUA CASTRO E SILVA;RUA BAR RIO BRANCO;;0;;Colis?â?úo;;;;Cruz;Sem?â?íforo;Comercial;0;0;1;1;1;0;0;0;0;0;0;0;-3,723847000000000;-38,527429000000000
337280;10;6;2018;02:10;0;RUA DES WALDETARIO P MOTA;;;0;;Colis?â?úo;;;;Meio de Quadra;;;0;0;1;0;1;0;0;0;0;1;0;0;;
337282;10;6;2018;15:30;12685;AV CEL CARVALHO;AV DA INDEPENDENCIA;;0;;Colis?â?úo;Luz do Dia;;;Cruz;Gesto;Comercial;0;0;1;1;0;0;0;0;0;0;0;0;-3,728711000000000;-38,584952000000000
322971;10;6;2018;09:10;19833;AV JOVITA FEITOSA;AV ENG HUMBERTO MONTE;;0;;Colis?â?úo Lateral;Luz do Dia;Bom;Seca;Cruz;Sem?â?íforo;Comercial;0;1;1;0;0;0;0;0;0;0;0;0;-3,741963000000000;-38,566544000000000
322972;10;6;2018;06:00;1576;AV PDE ANTONIO TOMAS;RUA CEL JUCA;;0;;Colis?â?úo Transversal;Luz do Dia;Bom;Seca;Cruz;Sem?â?íforo;Escola;0;0;1;1;0;0;0;0;0;0;0;0;-3,742392000000000;-38,492803000000000
322973;10;6;2018;12:55;0;AV OLIVEIRA PAIVA;;;444;;N?â?úo Informado;Luz do Dia;Bom;Seca;Meio de Quadra;Pare;Comercial;0;0;1;0;0;0;0;0;0;1;0;0;-3,797590000000000;-38,501240000000000
322974;10;6;2018;14:27;12347;RUA RIO GRANDE DO SUL;RUA DIAMANTINA;;0;;Colis?â?úo Transversal;Luz do Dia;Bom;Seca;Cruz;Sem?â?íforo;Residencial;0;0;2;1;0;0;0;0;0;1;0;0;-3,763342000000000;-38,570499000000000
322975;10;6;2018;16:17;0;AV DR SILAS MUNGUBA;;;3919;;Engavetamento;Luz do Dia;Bom;Seca;Meio de Quadra;Sem?â?íforo;Comercial;0;2;2;1;0;0;0;0;0;1;0;0;-3,791000400000000;-38,538906000000000
322976;10;6;2018;16:59;0;RUA ANDRADE FURTADO;;;1399;;Choque c/ Obst?â?ículo Fixo;Luz do Dia;Bom;Seca;N?â?úo Informado;N?â?úo H?â?í Controle;Residencial;0;0;1;1;0;0;0;0;0;0;0;0;-3,746638500000000;-38,476757000000000
322977;10;6;2018;16:46;25790;AV MIGUEL DIAS;RUA DR ADJEMIR PARAHYBA;;0;;Choque c/ Obst?â?ículo Fixo;Luz do Dia;Bom;Seca;T;Pare;Residencial;1;1;1;1;0;0;0;0;0;1;0;0;-3,761367000000000;-38,487941000000000
322978;10;6;2018;20:08;11164;RUA JULIO GASPAR;RUA FAGUNDES VARELA;;0;;Colis?â?úo Transversal;Via Iluminada;Bom;Seca;Cruz;Pare;Residencial;0;0;2;1;0;0;0;0;0;0;0;0;-3,783086000000000;-38,562332000000000
322979;10;6;2018;20:10;15308;RUA TIBURCIO CAVALCANTE;RUA REPUBLICA DO LIBANO;;0;;Colis?â?úo Lateral;Anoitecer;Bom;Seca;Cruz;Pare;Residencial;0;1;0;1;0;0;0;0;0;0;0;0;-3,730002000000000;-38,500668000000000
322981;10;6;2018;23:34;0;RUA PRO GOMES BRASIL;;;512;;Colis?â?úo Lateral;Via Iluminada;Bom;Seca;Outros;N?â?úo H?â?í Controle;Comercial;0;2;1;0;1;0;0;0;0;1;0;0;-3,771202600000000;-38,569675000000000
331153;10;6;2018;01:31;0;AV GODOFREDO MACIEL;;;0;;Colis?â?úo;;;;Meio de Quadra;;;0;1;0;1;0;0;0;0;0;1;0;0;;
331154;10;6;2018;02:12;0;RUA ANA BRITO;;;774;;Queda;;;;Meio de Quadra;;;0;1;0;0;0;0;0;0;0;1;0;0;-3,829740000000000;-38,586270000000000
331155;10;6;2018;08:24;0;RUA PESSOA ANTA;;;96;;Atropelamento;Luz do Dia;;;Meio de Quadra;;;0;2;0;0;0;0;0;0;0;1;0;0;-3,721134000000000;-38,522191271000000
331156;10;6;2018;09:11;0;AV MIN JOSE AMERICO;;;1281;;Capotamento;Luz do Dia;;;Meio de Quadra;;;0;1;0;1;0;0;0;0;0;0;0;0;;
331157;10;6;2018;10:33;0;RUA SGT JOAO PINHEIRO;;;0;;Queda;Luz do Dia;;;Meio de Quadra;;;0;1;0;0;0;0;0;0;0;1;0;0;;
331158;10;6;2018;11:24;0;RUA GUSTAVO SAMPAIO;;;301;;Colis?â?úo;Luz do Dia;;;Meio de Quadra;;;0;1;0;1;0;0;0;0;0;0;0;0;-3,733349000000000;-38,547260000000000
331159;10;6;2018;11:47;0;RUA SIMAO SANTOS;;;444;;Colis?â?úo;Luz do Dia;;;Meio de Quadra;;;0;1;0;1;0;0;0;0;0;1;0;0;-3,860830000000000;-38,492910000000000
331177;10;6;2018;13:20;23665;RUA DR GILBERTO CAMARA;RUA VIS ICO D20;;0;;Colis?â?úo;Luz do Dia;;;Cruz;Pare;Residencial;0;1;0;1;0;0;0;0;0;1;0;0;-3,721225000000000;-38,563727000000000
331175;10;6;2018;12:55;0;RUA NAT FEIJO;;;788;;Colis?â?úo;Luz do Dia;;;Meio de Quadra;;;0;1;0;1;0;0;0;0;0;1;0;0;-3,721655000000000;-38,555624000000000
331172;10;6;2018;12:24;0;RUA 1159 CJ CEARA;;;187;;Colis?â?úo;Luz do Dia;;;Meio de Quadra;;;0;1;0;0;0;0;0;0;0;1;0;0;-3,762860326000000;-38,610264880000000
331173;10;6;2018;12:53;0;RUA ALBERTO DE OLIVEIRA;;;1472;;Colis?â?úo;Luz do Dia;;;Meio de Quadra;;;0;1;0;0;0;0;0;0;0;0;0;0;-3,715279300000000;-38,578247800000000
331166;10;6;2018;11:51;5729;AV OLIVEIRA PAIVA;RUA TEOFREDO GOIANA;;0;;Colis?â?úo;Luz do Dia;;;T;Pare;Comercial;0;2;0;0;0;0;0;0;0;1;0;0;-3,797744000000000;-38,501221000000000
331168;10;6;2018;11:54;0;AV PAROARAS;;;240;;Colis?â?úo;Luz do Dia;;;Meio de Quadra;;;0;1;0;1;0;0;0;0;0;1;0;0;-3,811508857000000;-38,537643572000000
331169;10;6;2018;12:00;0;AV DR SILAS MUNGUBA;;;60;;Queda;Luz do Dia;;;Meio de Quadra;;;0;2;0;0;0;0;0;0;0;1;0;0;;
331185;10;6;2018;15:05;0;AV DR SILAS MUNGUBA;;;3910;;Colis?â?úo;Luz do Dia;;;Meio de Quadra;;;0;2;0;0;0;0;0;0;0;0;0;0;-3,790934815000000;-38,538704333000000
331198;10;6;2018;15:14;0;AV SIQUEIRA CAMPOS;;;1453;;Queda;Luz do Dia;;;Meio de Quadra;;;0;1;0;0;0;0;0;0;0;1;0;0;-3,813202178000000;-38,628718622000000
331200;10;6;2018;16:18;0;RUA COS ESTELITA;;;50;;Colis?â?úo;Luz do Dia;;;Meio de Quadra;;;0;1;0;0;0;0;0;0;0;1;0;0;-3,721395586000000;-38,538580828000000
331201;10;6;2018;18:26;0;AV PRO JOSE ARTHUR CARVALHO;;;1250;;Colis?â?úo;Anoitecer;;;Meio de Quadra;;;0;2;0;1;0;0;0;0;0;1;0;0;-3,826978503000000;-38,470341000000000
331202;10;6;2018;19:09;0;AV ENG LEAL LIMA VERDE (SAPIRANGA/COITE);;;1471;;Colis?â?úo;;;;Meio de Quadra;;;0;1;0;1;0;0;0;0;0;0;0;0;-3,802868000000000;-38,475078000000000
331203;10;6;2018;19:26;0;AV BEZERRA DE MENEZES;;;161;;Colis?â?úo;;;;Meio de Quadra;;;0;1;0;0;0;0;0;0;0;0;0;0;-3,732170000000000;-38,546100000000000
331204;10;6;2018;19:27;0;RUA BERNARDO MANUEL;;;7525;;Colis?â?úo;;;;Meio de Quadra;;;0;1;0;0;0;0;0;0;0;0;0;0;-3,784073000000000;-38,546927000000000
331205;10;6;2018;19:40;0;RUA ANTERO QUENTAL;;;150;;Colis?â?úo;;;;Meio de Quadra;;;0;2;0;1;0;1;0;0;0;0;0;0;-3,851683500000000;-38,492577200000000
331206;10;6;2018;20:39;0;AV BEZERRA DE MENEZES;;;0;;Colis?â?úo;;;;Meio de Quadra;;;0;1;0;0;0;0;0;0;0;0;0;0;;
331207;10;6;2018;20:51;0;RUA IMPERATRIZ;;;1123;;Queda;;;;Meio de Quadra;;;0;1;0;0;0;1;0;0;0;0;0;0;;
331208;10;6;2018;20:51;0;RUA HUGO VITOR;;;584;;Colis?â?úo;;;;Meio de Quadra;;;0;1;0;0;0;0;0;0;0;1;0;0;-3,744580000000000;-38,590917000000000
331209;10;6;2018;21:35;9597;RUA JOSE TORRES;RUA LONDRINA;;0;;Colis?â?úo;;;;Cruz;N?â?úo H?â?í Controle;Rural;0;1;0;0;0;0;0;0;0;1;0;0;-3,779916000000000;-38,607258000000000
331210;10;6;2018;22:08;3313;RUA BOLIVIA;RUA 21 DE ABRIL D27;;0;;Colis?â?úo;;;;Cruz;Pare;Residencial;0;0;1;0;0;0;0;0;0;1;0;0;-3,744812000000000;-38,565614000000000
327666;10;6;2018;08:47;0;AV MIN JOSE AMERICO;;;0;;Capotamento;Luz do Dia;;Seca;Meio de Quadra;;;0;0;1;1;0;0;0;0;0;0;0;0;;
327440;11;6;2018;18:35;0;RD BR 116;;;7000;KM-07;Colis?â?úo Lateral;;;;Meio de Quadra;;;0;0;3;1;0;0;0;0;0;0;0;0;-3,786276359000000;-38,511561398000000
327033;11;6;2018;08:34;0;AV DOS EXPEDICIONARIOS;;;4102;;Colis?â?úo Lateral;Luz do Dia;;;Meio de Quadra;;;0;1;1;1;0;1;0;0;0;0;0;0;-3,754350000000000;-38,537969000000000
327029;11;6;2018;14:25;5338;RUA PINTO MADEIRA;RUA VINTE E CINCO DE MARCO;;0;;Colis?â?úo Lateral;Luz do Dia;;;Cruz;Pare;Comercial;0;1;1;0;0;0;0;1;0;1;0;0;-3,730648000000000;-38,522925000000000
327030;11;6;2018;13:30;22972;RUA MAD ELISA BALDO;RUA PRA HELOISA F LIMA;;0;;Colis?â?úo Transversal;Luz do Dia;;;Cruz;Pare;Residencial;0;1;1;1;0;0;0;0;0;1;0;0;-3,785465000000000;-38,545126000000000
327035;11;6;2018;12:10;15135;AV HIS RAIMUNDO GIRAO;RUA FRANCISCO DIAS RIBEIRO;;0;;Colis?â?úo Transversal;Luz do Dia;;;Cruz;Pare;Comercial;0;1;1;1;0;0;0;0;0;1;0;0;-3,724024000000000;-38,504397000000000
327036;11;6;2018;19:50;0;RUA PDE ANCHIETA;;;315;;Colis?â?úo Traseira;;;;Meio de Quadra;;;0;1;1;1;0;0;0;0;0;1;0;0;-3,722937000000000;-38,550499000000000
327038;11;6;2018;21:40;0;RUA CEL MATOS DOURADO;;;350;;Colis?â?úo Traseira;;;;Meio de Quadra;;;0;0;2;1;0;0;0;0;0;0;0;0;-3,742009000000000;-38,585133000000000
327039;11;6;2018;14:30;0;RUA HOLANDA;;;0;;Colis?â?úo Lateral;Luz do Dia;;;Meio de Quadra;;;0;1;1;0;0;0;0;0;0;1;0;0;;
331253;11;6;2018;08:22;9882;RUA URUCUTUBA;RUA JATOBA D64;;0;;Colis?â?úo;Luz do Dia;;;;;;0;1;0;0;0;0;0;0;0;1;0;0;-3,799178000000000;-38,619655000000000
331254;11;6;2018;08:23;0;AV DR THEBERGE;;;858;;Atropelamento;Luz do Dia;;;Meio de Quadra;;;0;1;0;0;0;0;0;0;0;1;0;0;-3,710518900000000;-38,563703800000000
331255;11;6;2018;08:35;0;RUA EMILIO DE MENESES;;;1164;;Queda;Luz do Dia;;;Meio de Quadra;;;0;1;0;0;0;0;0;0;0;1;0;0;-3,780487026000000;-38,591879076000000
331248;11;6;2018;06:29;0;AV PRS CASTELO BRANCO;;;2875;;Queda;Luz do Dia;;;Meio de Quadra;;;0;1;0;0;0;0;0;0;0;1;0;0;-3,712336000000000;-38,553260000000000
331257;11;6;2018;11:26;0;RUA BERNARDO MANUEL;;;13460;;Colis?â?úo;Luz do Dia;;;Meio de Quadra;;;0;1;0;0;0;0;0;0;0;0;0;0;-3,835101143000000;-38,562459143000000
331258;11;6;2018;11:49;22269;RUA ANTONINA DO NORTE;RUA LERIA DE ANDRADE;;0;;Colis?â?úo;Luz do Dia;;;;;;0;1;0;1;0;0;0;0;0;1;0;0;;
331260;11;6;2018;12:17;12699;AV CEL CARVALHO;AV MAJ ASSIS;;0;;Queda;Luz do Dia;;;Cruz;Sem?â?íforo;Comercial;0;1;0;0;0;0;0;0;0;1;0;0;-3,723796000000000;-38,586255000000000
331263;11;6;2018;14:30;0;AV ALBERTO CRAVEIRO;;;2770;CASTELAO;Queda;Luz do Dia;;;Meio de Quadra;;;0;1;0;0;0;0;0;0;0;1;0;0;-3,805616501000000;-38,523469998000000
331268;11;6;2018;15:53;0;AV MON TABOSA;;;608;;Colis?â?úo;Luz do Dia;;;Meio de Quadra;;;0;1;0;1;0;0;0;0;0;1;0;0;-3,723922000000000;-38,513833000000000
331265;11;6;2018;14:38;0;AV JOR THOMAZ COELHO;;;2670;;Colis?â?úo;Luz do Dia;;;Meio de Quadra;;;0;2;0;1;0;0;0;0;0;1;0;0;-3,828331309000000;-38,518395936000000
331266;11;6;2018;15:26;0;RUA BERNARDO MANUEL;;;11350;;Colis?â?úo;Luz do Dia;;;Meio de Quadra;;;0;1;0;1;0;0;0;0;0;1;0;0;-3,817055000000000;-38,556995000000000
331275;11;6;2018;16:19;1339;RUA DES LEITE ALBUQUERQUE;RUA NUNES VALENTE;;0;;Colis?â?úo;Luz do Dia;;;T;N?â?úo H?â?í Controle;Residencial;0;1;0;1;0;0;0;0;0;1;0;0;-3,735649000000000;-38,503540000000000
331277;11;6;2018;16:43;0;RUA BARROS LEAL;;;2342;;Queda;Luz do Dia;;;Meio de Quadra;;;0;2;0;0;0;0;0;0;0;1;0;0;-3,755693170000000;-38,518911898000000
331283;11;6;2018;16:57;0;AV BENJAMIM BRASIL;;;0;;Colis?â?úo;Luz do Dia;;;Meio de Quadra;;;0;1;0;1;0;1;0;0;0;0;0;0;;
331284;11;6;2018;18:29;0;RUA RAUL CABRAL;;;600;;Colis?â?úo;Anoitecer;;;Meio de Quadra;;;0;1;0;1;0;0;0;0;0;1;0;0;-3,769249824000000;-38,543708176000000
331285;11;6;2018;19:00;0;AV GAL OSORIO DE PAIVA;;;7655;;Colis?â?úo;;;;Meio de Quadra;;;0;1;0;0;0;0;0;0;0;0;0;0;-3,819198000000000;-38,616072000000000
331286;11;6;2018;19:10;0;AV SEN FERNANDES TAVORA;;;2840;;Colis?â?úo;;;;Meio de Quadra;;;0;4;0;0;0;0;0;0;0;1;0;0;-3,755286000000000;-38,597421000000000
331292;11;6;2018;21:13;0;AV JANGADEIROS (MUCURIPE);;;481;;Colis?â?úo;;;;Meio de Quadra;;;0;1;0;1;0;0;0;0;0;1;0;0;-3,722906000000000;-38,476650000000000
331293;11;6;2018;22:54;0;RUA OLIVEIRA FILHO;;;1399;;Colis?â?úo;;;;Meio de Quadra;;;0;1;0;1;0;0;0;0;0;1;0;0;-3,730070000000000;-38,462310000000000
331294;11;6;2018;23:36;0;AV N CJ JOSE WALTER;;;65;;Queda;;;;Meio de Quadra;;;0;1;0;0;0;0;0;0;0;1;0;0;;
331288;11;6;2018;19:42;0;RUA PRO VIRGILIO DE MORAIS;;;2833;;Queda;;;;Meio de Quadra;;;0;2;0;0;0;0;0;0;0;1;0;0;-3,754066000000000;-38,596800000000000
331290;11;6;2018;20:40;0;AV SEN FERNANDES TAVORA;;;0;;Queda;;;;Meio de Quadra;;;0;1;0;0;0;0;0;0;0;1;0;0;;
322982;11;6;2018;07:05;25184;AV PRS COSTA E SILVA;RUA FRANCISCO NEPOMUCENO;;0;;N?â?úo Informado;Luz do Dia;Bom;Seca;T;N?â?úo H?â?í Controle;Residencial;0;0;2;1;0;0;0;0;0;0;0;0;-3,829982000000000;-38,508053000000000
322983;11;6;2018;08:06;0;AV LAURO VIEIRA CHAVES;RUA SAO MATEUS D58;;0;;Colis?â?úo Transversal;Via Iluminada;Bom;Seca;Cruz;Pare;Residencial;0;1;1;1;0;0;0;0;0;1;0;0;-3,780031000000000;-38,593570000000000
322984;11;6;2018;08:05;9190;AV 13 DE MAIO;RUA CAMPO AMOR ROCHA;;357;;Colis?â?úo Transversal;Luz do Dia;Bom;Seca;Outros;Pare;Comercial;0;1;1;1;0;0;0;0;0;1;0;0;-3,753375000000000;-38,524600000000000
322985;11;6;2018;08:28;3183;RUA EMILIO DE MENESES;TR NICODEMOS;;0;;Colis?â?úo Transversal;Luz do Dia;Bom;Seca;Cruz;N?â?úo H?â?í Controle;Residencial;0;1;1;1;0;0;0;0;0;1;0;0;-3,779900000000000;-38,593983000000000
322986;11;6;2018;07:00;1273;AV SANTOS DUMONT;RUA DR JOSE LOURENCO;;0;;Colis?â?úo Transversal;Luz do Dia;Bom;Seca;Cruz;Pare;Residencial;0;1;1;1;0;0;0;0;0;1;0;0;-3,733299000000000;-38,507380000000000
322987;11;6;2018;11:35;9039;RUA BAR RIO BRANCO;RUA PDE MIGUELINHO;;0;;Colis?â?úo Transversal;Luz do Dia;Bom;Seca;Cruz;Pare;Comercial;0;1;1;1;0;0;0;0;0;1;0;0;-3,742749000000000;-38,533460000000000
322988;11;6;2018;11:46;3853;AV 13 DE MAIO;RUA DOS PRACINHAS;;0;;Choque c/ Obst?â?ículo Fixo;Luz do Dia;Bom;Seca;Cruz;Sem?â?íforo;Comercial;0;0;1;0;0;0;0;0;0;0;0;0;-3,737670000000000;-38,542789000000000
322990;11;6;2018;18:44;13748;RUA LUIZA MIRANDA COELHO;RUA MARIANA P BANDEIRA;;0;;Colis?â?úo Transversal;Via Iluminada;Bom;Seca;Cruz;Gesto;Comercial;0;1;1;1;0;0;0;0;1;0;0;0;-3,774073000000000;-38,490206000000000
322991;11;6;2018;15:00;2614;AV CEL CARVALHO;RUA DES HERMES PARAHYBA;;0;;Colis?â?úo Lateral;Luz do Dia;Bom;Seca;Cruz;Sem?â?íforo;Comercial;0;0;1;0;1;0;0;0;0;1;0;0;-3,713855000000000;-38,588830000000000
322992;11;6;2018;22:51;0;AV DEP PAULINO ROCHA;;;1100;;N?â?úo Informado;Via Iluminada;Bom;Seca;Meio de Quadra;N?â?úo H?â?í Controle;Residencial;0;0;2;1;0;0;0;0;0;0;0;0;-3,807630500000000;-38,508476000000000
323014;11;6;2018;01:40;0;AV ENG ALBERTO SA;RUA SOLON ONOFRE;;1120;;Colis?â?úo Transversal;Via Iluminada;Bom;Seca;Meio de Quadra;Pare;Comercial;0;2;1;1;0;0;0;0;0;1;0;0;-3,735327000000000;-38,473125000000000
322998;11;6;2018;10:00;1404;RUA CARLOS VASCONCELOS;RUA CATAO MAMEDE;;0;;Outros;Luz do Dia;Bom;Seca;Cruz;N?â?úo H?â?í Controle;Residencial;0;0;1;0;0;0;0;0;0;0;0;0;-3,737182000000000;-38,512151000000000
322999;12;6;2018;11:03;0;AV DOM MANUEL;;;1085;;Colis?â?úo Traseira;Luz do Dia;Bom;Seca;Meio de Quadra;Sem?â?íforo;Comercial;0;0;2;1;0;0;0;0;0;0;0;0;-3,733587500000000;-38,522700000000000
323000;12;6;2018;10:35;24988;RUA FRE MANSUETO;RUA TAVARES COUTINHO;;0;;Colis?â?úo Transversal;Luz do Dia;Bom;Seca;Cruz;Sem?â?íforo;Residencial;0;0;2;1;0;0;0;0;0;0;0;0;-3,732638000000000;-38,488784000000000
323001;12;6;2018;13:23;3177;RUA CARLOS CHAGAS;RUA ANSELMO NOGUEIRA;;0;;Colis?â?úo Transversal;Luz do Dia;Bom;Seca;Cruz;Pare;Residencial;0;1;1;1;0;0;0;0;0;1;0;0;-3,779698000000000;-38,586797000000000
323002;12;6;2018;13:50;5402;RUA VINTE E QUATRO DE MAIO;RUA METON DE ALENCAR;;0;;Colis?â?úo Lateral;Luz do Dia;Bom;Seca;Cruz;Pare;Comercial;0;0;2;1;1;0;0;0;0;0;0;0;-3,732626000000000;-38,533848000000000
323003;12;6;2018;15:30;0;RUA CARLOS AMORA;;;0;;Colis?â?úo Transversal;Luz do Dia;Bom;Seca;Meio de Quadra;Gesto;Comercial;0;1;1;0;0;0;0;0;0;1;0;0;-3,776207200000000;-38,562870000000000
323004;12;6;2018;16:46;25068;RUA STA QUITERIA;AV DOS EXPEDICIONARIOS;;0;;Colis?â?úo Lateral;Luz do Dia;Bom;Seca;Cruz;Sem?â?íforo;Residencial;0;0;2;1;1;0;0;0;0;0;0;0;-3,759299000000000;-38,539477000000000
323005;12;6;2018;16:59;16281;RUA ANTONIO PEREIRA;RUA ANTONIO BARBOSA;;0;;Colis?â?úo Lateral;Luz do Dia;Bom;Seca;Cruz;Pare;Residencial;0;1;1;0;0;0;0;0;0;1;0;0;-3,832952000000000;-38,565289000000000
323006;12;6;2018;18:41;1559;RUA MON CATAO;RUA PAULA NEI;;0;;Colis?â?úo Transversal;Via Iluminada;Bom;Seca;Cruz;Pare;Residencial;0;1;1;1;0;0;0;0;0;1;0;0;-3,741704000000000;-38,491510000000000
323007;12;6;2018;18:20;0;AV FRANCISCO SA;;;3667;;Colis?â?úo Lateral;Via Iluminada;Bom;Seca;Meio de Quadra;N?â?úo H?â?í Controle;Comercial;0;0;2;1;1;0;0;0;0;0;0;0;-3,717310700000000;-38,557830000000000
322993;12;6;2018;08:55;0;RUA PROF. MANOEL LOURENCO;;;50;;Colis?â?úo Lateral;Luz do Dia;Bom;Seca;Meio de Quadra;Pare;Residencial;0;1;1;1;0;0;0;0;0;0;0;0;-3,761902600000000;-38,572340000000000
322994;12;6;2018;06:30;2750;RUA OSCAR FRANCA;RUA VALDEMAR PAES;;0;;Colis?â?úo Transversal;Luz do Dia;Bom;Seca;Cruz;Pare;Comercial;0;1;1;0;0;0;0;0;0;1;0;0;-3,791393000000000;-38,601170000000000
322995;12;6;2018;09:43;17513;AV ABOLICAO;RUA MANUEL JACARE;;0;;Colis?â?úo Transversal;Luz do Dia;Bom;Seca;Duplo T;Pare;Residencial;0;1;1;1;0;0;0;0;0;1;0;0;-3,726087000000000;-38,487572000000000
322996;12;6;2018;07:40;0;AV PRS CASTELO BRANCO;;;0;MARINHA;Colis?â?úo Lateral;Luz do Dia;Bom;Seca;Meio de Quadra;N?â?úo H?â?í Controle;Comercial;0;0;2;0;0;0;0;0;0;1;0;0;-3,714992800000000;-38,542866000000000
322997;12;6;2018;08:34;9149;RUA DOM SEBASTIAO LEME;RUA DR JOSE VITOR;;0;;Colis?â?úo Transversal;Luz do Dia;Bom;Seca;Cruz;Pare;Residencial;0;0;3;0;1;0;0;0;0;0;0;0;-3,747703000000000;-38,526000000000000
323055;12;6;2018;13:30;12826;AV DOS EXPEDICIONARIOS;RUA ANDRE CHAVES;;0;;Colis?â?úo Transversal;Luz do Dia;Bom;Seca;Cruz;Sem?â?íforo;Comercial;0;0;2;1;0;0;0;0;0;0;0;0;-3,757345000000000;-38,538903000000000
323020;12;6;2018;15:20;0;AV BORGES DE MELO;;;584;;Colis?â?úo Traseira;Luz do Dia;Bom;Seca;Meio de Quadra;Sem?â?íforo;Residencial;0;1;1;1;0;0;0;0;0;0;0;0;-3,761012800000000;-38,524178000000000
331330;12;6;2018;21:43;577;AV DR THEBERGE;AV FRANCISCO SA;;0;;Colis?â?úo;;;;Cruz;Sem?â?íforo;Comercial;0;1;0;0;0;0;0;0;0;0;0;0;-3,714822000000000;-38,565016000000000