COD_ACIDENTE;DIA;MES;ANO;HORA;INTERSECAO;LOG1;LOG2;LOG3;NUMERO;REFERENCIA;NATUREZA;ILUMINACAO;TEMPO;SUPERFICIEPISTA;TIPOCRUZAMENTO;CONTROLETRAFEGO;USOSOLO;MORTOS;FERIDOS;ILESOS;AUTOMOVEL;ONIBUS;BICICLETA;CAMINHAO;MICROONIBUS;CICLOMOTOR;MOTOCICLETA;TRACAOANIMAL;TREM;LATITUDE;LONGITUDE
331328;12;6;2018;21:31;0;RUA ANTERO QUENTAL;;;0;;Colis?â?úo;;;;Meio de Quadra;;;0;1;0;0;0;0;0;0;0;1;0;0;;
331334;12;6;2018;23:32;0;AV 13 DE MAIO;;;1115;;Colis?â?úo;;;;Meio de Quadra;;;0;2;0;1;0;0;0;0;0;1;0;0;-3,749445074000000;-38,529188296000000
331301;12;6;2018;00:23;0;RUA MARIO FILHO;;;944;;Queda;;;;Meio de Quadra;;;0;1;0;0;0;0;0;0;0;1;0;0;-3,805519200000000;-38,587357900000000
331302;12;6;2018;06:54;0;AV OLIVEIRA PAIVA;;;0;;Colis?â?úo;Luz do Dia;;;Meio de Quadra;;;0;2;0;1;0;0;0;0;0;1;0;0;;
331303;12;6;2018;07:57;0;RUA CEL MATOS DOURADO;;;294;;Queda;Luz do Dia;;;Meio de Quadra;;;0;2;0;0;0;0;0;0;0;1;0;0;-3,741362021000000;-38,585178872000000
331304;12;6;2018;08:12;0;RUA ANTONIO BANDEIRA D41;;;0;;Colis?â?úo;Luz do Dia;;;Meio de Quadra;;;0;1;0;1;0;0;0;0;0;1;0;0;;
331305;12;6;2018;08:22;0;AV PRS CASTELO BRANCO;;;0;;Colis?â?úo;Luz do Dia;;;Meio de Quadra;;;0;1;0;1;0;0;0;0;0;1;0;0;;
331306;12;6;2018;08:38;0;RUA DOM SEBASTIAO LEME;;;655;;Colis?â?úo;Luz do Dia;;;Meio de Quadra;;;0;3;0;1;0;0;0;0;0;0;0;0;-3,747444800000000;-38,525920600000000
331307;12;6;2018;09:37;0;AV OLAVO BILAC;;;313;;Queda;Luz do Dia;;;Meio de Quadra;;;0;1;0;0;0;1;0;0;0;0;0;0;-3,723933931000000;-38,566045586000000
331308;12;6;2018;09:53;22353;AV OLAVO BILAC;AV BEZERRA DE MENEZES;;0;;Colis?â?úo;Luz do Dia;;;Cruz;N?â?úo H?â?í Controle;Comercial;0;1;0;1;0;0;0;0;0;1;0;0;-3,735601000000000;-38,564151000000000
331309;12;6;2018;10:02;0;AV GAL OSORIO DE PAIVA;;;4789;;Colis?â?úo;Luz do Dia;;;Meio de Quadra;;;0;1;0;1;0;1;0;0;0;0;0;0;-3,800862000000000;-38,598322000000000
331310;12;6;2018;11:27;19377;RUA GERMANO FRANCK;RUA EDUARDO PERDIGAO;;0;;Colis?â?úo;Luz do Dia;;;Cruz;Sem?â?íforo;Comercial;0;1;0;1;0;0;0;0;0;1;0;0;-3,777704000000000;-38,562542000000000
331311;12;6;2018;11:36;0;RUA 6 PQ BOATAN;;;1065;;Colis?â?úo;Luz do Dia;;;Meio de Quadra;;;0;1;0;0;0;0;0;0;0;1;0;0;;
331312;12;6;2018;12:09;0;RUA GAL GOIS MONTEIRO;;;1006;;Colis?â?úo;Luz do Dia;;;Meio de Quadra;;;0;1;0;1;0;0;0;0;0;1;0;0;;
331313;12;6;2018;12:20;18423;AV SGT HERMINIO SAMPAIO;RUA FRE ODILON;;0;;Atropelamento;Luz do Dia;;;Cruz;N?â?úo H?â?í Controle;Comercial;0;1;0;0;0;0;0;0;0;1;0;0;-3,728921000000000;-38,572692000000000
331314;12;6;2018;12:44;19824;AV ENG HUMBERTO MONTE;RUA ARMANDO OLIVEIRA;;0;;Colis?â?úo;Luz do Dia;;;Outros;N?â?úo H?â?í Controle;Residencial;0;1;0;1;0;0;0;0;0;1;0;0;-3,740607000000000;-38,567671000000000
331315;12;6;2018;14:17;0;RUA PEDRO DANTAS;;;570;;Colis?â?úo;Luz do Dia;;;Meio de Quadra;;;0;1;0;1;0;0;0;0;0;1;0;0;-3,785640000000000;-38,522850000000000
331316;12;6;2018;17:17;0;AV PRS CASTELO BRANCO;;;0;;Colis?â?úo;Anoitecer;;;Meio de Quadra;;;0;1;0;1;0;0;0;0;0;1;0;0;;
331317;12;6;2018;17:56;0;RUA POMPILIO GOMES;;;125;;Colis?â?úo;Anoitecer;;;Meio de Quadra;;;0;2;0;0;0;0;0;0;0;0;0;0;;
331318;12;6;2018;18:29;0;AV FRANCISCO SA;;;3700;;Atropelamento;Anoitecer;;;Meio de Quadra;;;0;2;0;0;0;0;0;0;0;1;0;0;-3,717115308000000;-38,558209169000000
331319;12;6;2018;19:24;0;AV COSTA OESTE;;;844;;Colis?â?úo;;;;Meio de Quadra;;;0;1;0;1;0;0;0;0;0;1;0;0;-3,694262700000000;-38,583166000000000
331320;12;6;2018;19:40;0;AV DOS JANGADEIROS;;;960;;Atropelamento;;;;Meio de Quadra;;;0;1;0;0;0;0;0;0;0;1;0;0;-3,725880000000000;-38,478810000000000
327041;12;6;2018;;15343;RUA PEREIRA FILGUEIRAS;RUA NUNES VALENTE;;0;;Colis?â?úo Lateral;;;;Cruz;Sem?â?íforo;Residencial;0;1;1;1;0;0;0;0;0;1;0;0;-3,731786000000000;-38,502310000000000
327445;12;6;2018;15:00;0;RD BR 116;;;15000;KM-15;Engavetamento;Luz do Dia;;;Meio de Quadra;;;0;1;5;1;0;0;1;0;0;0;0;0;-3,882329000000000;-38,501113000000000
327667;13;6;2018;08:50;0;RD CE-040;;;0;KM-07;Colis?â?úo;Luz do Dia;;Seca;Meio de Quadra;;;0;0;2;0;1;0;1;0;0;0;0;0;-3,817159445000000;-38,483032860000000
327668;13;6;2018;09:00;0;RD CE-060;;;0;KM-01;Colis?â?úo;Luz do Dia;;Seca;Meio de Quadra;;;0;2;1;1;0;0;0;0;0;1;0;0;-3,826136000000000;-38,579500000000000
327669;13;6;2018;07:20;0;AV SEN CARLOS JEREISSATI (AEROPORTO);;;0;KM 03;Colis?â?úo;Luz do Dia;;Seca;Meio de Quadra;;;0;0;2;1;0;0;0;0;0;0;0;0;-3,779641000000000;-38,544038000000000
327670;13;6;2018;18:35;0;RD CE-040;;;0;KM-05;Colis?â?úo;Via Iluminada;;Seca;Meio de Quadra;;;0;0;3;1;0;0;0;0;0;0;0;0;-3,800595823000000;-38,479534630000000
331337;13;6;2018;07:19;0;AV PRS CASTELO BRANCO;;;3245;;Queda;Luz do Dia;;;Meio de Quadra;;;0;1;0;0;0;1;0;0;0;0;0;0;-3,709537300000000;-38,564130400000000
331340;13;6;2018;07:29;0;RUA TUPI D35;;;676;;Colis?â?úo;Luz do Dia;;;Meio de Quadra;;;0;1;0;1;0;0;0;0;0;1;0;0;-3,764096346000000;-38,580927308000000
331350;13;6;2018;14:05;0;RUA DR GILBERTO STUDART;;;1369;;Colis?â?úo;Luz do Dia;;;Meio de Quadra;;;0;2;0;0;0;0;0;0;0;1;0;0;-3,745323000000000;-38,475665000000000
331351;13;6;2018;14:57;0;RUA JOSE TORRES;;;207;;Colis?â?úo;Luz do Dia;;;Meio de Quadra;;;0;1;0;1;0;0;0;0;0;1;0;0;-3,776673747000000;-38,606351547000000
331352;13;6;2018;15:02;0;RUA ANA FACO;;;158;;Colis?â?úo;Luz do Dia;;;Meio de Quadra;;;0;1;0;1;0;0;0;0;0;1;0;0;-3,714390000000000;-38,562230000000000
331353;13;6;2018;15:53;0;AV WASHINGTON SOARES;;;9446;;Colis?â?úo;Luz do Dia;;;Meio de Quadra;;;0;1;0;1;0;0;0;0;0;1;0;0;-3,833810000000000;-38,482579000000000
331354;13;6;2018;17:17;0;RUA OSCAR ARARIPE;;;1099;;Queda;Anoitecer;;;Meio de Quadra;;;0;1;0;0;0;0;0;0;0;1;0;0;-3,790619250000000;-38,601119750000000
331355;13;6;2018;17:38;0;RUA CEL JOAO OLIVEIRA;;;988;;Queda;Anoitecer;;;Meio de Quadra;;;0;1;0;0;0;0;0;0;0;1;0;0;-3,823115000000000;-38,485796500000000
331356;13;6;2018;18:10;0;AV DES GONZAGA;;;609;;Colis?â?úo;Anoitecer;;;Meio de Quadra;;;0;1;0;0;0;0;0;0;0;0;0;0;-3,791790667000000;-38,502387000000000
331357;13;6;2018;18:34;0;RUA TEOFREDO GOIANA;;;312;;Atropelamento;;;;Meio de Quadra;;;0;1;0;0;0;0;0;0;0;1;0;0;-3,787604093000000;-38,506008372000000
331358;13;6;2018;18:41;25009;RUA TEODOMIRO DE CASTRO;RUA TULIPA;;0;;Colis?â?úo;;;;;;;0;1;0;1;0;0;0;0;0;1;0;0;-3,715652000000000;-38,579975000000000
331343;13;6;2018;10:54;15197;RUA DEP MOREIRA DA ROCHA;RUA ANTONIO AUGUSTO;;0;;Atropelamento;Luz do Dia;;;Cruz;Pare;Residencial;0;1;0;1;0;0;0;0;0;0;0;0;-3,726544000000000;-38,512260000000000
331344;13;6;2018;10:56;0;AV ALM HENRIQUE SABOIA;;;220;;Colis?â?úo;Luz do Dia;;;Meio de Quadra;;;0;1;0;1;0;0;0;0;0;1;0;0;-3,724543000000000;-38,480498500000000
331348;13;6;2018;12:21;0;AV BAR STUDART;;;1500;;Atropelamento;Luz do Dia;;;Meio de Quadra;;;0;1;0;1;0;0;0;0;0;0;0;0;-3,737632000000000;-38,507567000000000
331374;13;6;2018;18:44;0;AV PRS JUSCELINO KUBITSCHEK (PASSAR?âÔÇ?);;;4505;;Colis?â?úo;;;;Meio de Quadra;;;0;1;0;0;0;0;0;0;0;0;0;0;-3,818916646000000;-38,533523781000000
331376;13;6;2018;18:53;1482;AV RUI BARBOSA;RUA BARBARA DE ALENCAR;;0;;Colis?â?úo;;;;Cruz;Pare;Comercial;0;2;0;1;0;0;0;0;0;1;0;0;-3,739191000000000;-38,510460000000000
331379;13;6;2018;18:57;7394;RUA MACEIO;RUA PRO EDGAR DE ARRUDA;;0;;Queda;;;;;;;0;1;0;0;0;0;0;0;0;1;0;0;-3,757027000000000;-38,587065000000000
331381;13;6;2018;20:20;0;AV CENTRAL;;;0;;Colis?â?úo;;;;Meio de Quadra;;;0;1;0;1;0;1;0;0;0;0;0;0;;
331383;13;6;2018;23:01;0;RUA JOSE TORRES;;;1075;;Colis?â?úo;;;;Meio de Quadra;;;0;1;0;1;0;0;0;0;0;1;0;0;-3,780512235000000;-38,607417765000000
323015;13;6;2018;20:52;0;RUA GERMANO FRANCK;;;300;;Colis?â?úo Lateral;Via Iluminada;Bom;Seca;Meio de Quadra;Sem?â?íforo;Comercial;0;0;2;1;0;0;0;0;0;0;0;0;-3,776731000000000;-38,561640000000000
323008;13;6;2018;08:12;12496;AV LINEU MACHADO;AV CARNEIRO DE MENDONCA;;0;;Choque c/ Obst?â?ículo Fixo;Luz do Dia;Bom;Seca;Meio de Quadra;Sem?â?íforo;Comercial;0;1;0;1;0;0;0;0;0;0;0;0;-3,760403000000000;-38,574021000000000
323009;13;6;2018;11:06;0;RUA HOLANDA;;;870;;Colis?â?úo Traseira;Luz do Dia;Bom;Seca;Meio de Quadra;N?â?úo H?â?í Controle;Residencial;0;0;1;1;0;0;0;0;0;1;0;0;-3,799139000000000;-38,561974000000000
323010;13;6;2018;14:37;25412;RUA FRANCISCO SEGUNDO DA COSTA;AV DES FLORIANO BENEVIDES;;0;;Colis?â?úo Transversal;Luz do Dia;Bom;Seca;Cruz;Pare;Comercial;0;0;2;1;0;0;0;0;0;0;0;0;-3,772571000000000;-38,478416000000000
323011;13;6;2018;14:50;0;AV DES MOREIRA;;;1250;;Colis?â?úo Traseira;Luz do Dia;Bom;Seca;Meio de Quadra;N?â?úo H?â?í Controle;Comercial;0;0;2;1;0;0;0;0;0;1;0;0;-3,737107300000000;-38,498547000000000
323012;13;6;2018;13:34;0;RUA GUSTAVO SAMPAIO;;;1672;;Colis?â?úo Lateral;Luz do Dia;Bom;Seca;Cruz;Pare;Residencial;0;0;2;1;0;0;0;0;0;0;0;0;-3,735890600000000;-38,559280000000000
323013;13;6;2018;17:32;0;RUA DR FERNANDO AUGUSTO;;;336;;Colis?â?úo Frontal;Luz do Dia;Bom;Seca;Meio de Quadra;N?â?úo H?â?í Controle;Residencial;0;1;1;1;0;0;0;0;0;1;0;0;-3,795102100000000;-38,596860000000000
326935;13;6;2018;16:30;340;RUA CESAR FONTENELE;RUA DOM JOSE LOURENCO  D27;;0;;Colis?â?úo Lateral;Via Iluminada;Bom;Seca;Cruz;Pare;Residencial;0;1;2;1;0;0;0;0;0;0;0;0;-3,745892000000000;-38,557429000000000
326937;14;6;2018;20:50;0;AV BEZERRA DE MENEZES;;;0;;Colis?â?úo Lateral;Via Iluminada;Bom;Seca;Meio de Quadra;Sem?â?íforo;Comercial;0;1;1;1;0;0;0;0;0;1;0;0;;
326946;14;6;2018;19:47;5402;RUA VINTE E QUATRO DE MAIO;RUA METON DE ALENCAR;;0;;Colis?â?úo Lateral;Via Iluminada;Bom;Seca;Cruz;Pare;Comercial;0;0;2;1;0;0;0;0;0;0;0;0;-3,732626000000000;-38,533848000000000
326948;14;6;2018;20:20;0;AV DOM MANUEL;;;669;;Colis?â?úo Lateral;Via Iluminada;Bom;Seca;Meio de Quadra;N?â?úo H?â?í Controle;Residencial;0;0;2;1;0;0;0;0;0;0;0;0;-3,730060000000000;-38,521380000000000
323016;14;6;2018;08:45;0;RUA TEREZA CRISTINA;;;1976;;Colis?â?úo Lateral;Luz do Dia;Bom;Seca;;;;0;1;1;1;0;0;0;0;1;0;0;0;-3,737482000000000;-38,539840000000000
323017;14;6;2018;07:00;213;RUA JOAQUIM LEITAO;RUA DR MANUEL SOARES;;0;;Colis?â?úo;Luz do Dia;Bom;Seca;Cruz;Pare;Residencial;0;1;1;1;0;0;0;0;0;1;0;0;-3,747467000000000;-38,591633000000000
323018;14;6;2018;09:21;3861;AV DA UNIVERSIDADE;RUA SEN CATUNDA;;0;;Colis?â?úo Lateral;Luz do Dia;Bom;Seca;Cruz;Pare;Comercial;0;1;2;1;0;0;0;0;0;1;0;0;-3,738943000000000;-38,537278000000000
323019;14;6;2018;13:00;0;RUA FRANCISCO JOSE A PEREIRA;;;1055;;Colis?â?úo Transversal;Luz do Dia;Bom;Seca;Meio de Quadra;N?â?úo H?â?í Controle;Residencial;0;0;2;1;0;0;0;0;0;0;0;0;-3,811532500000000;-38,507740000000000
323021;14;6;2018;16:04;5504;RUA JOAO CORDEIRO;RUA PDE VALDEVINO;;0;;Colis?â?úo Frontal;Luz do Dia;Bom;Seca;Cruz;Sem?â?íforo;Comercial;0;2;1;1;0;0;0;0;0;1;0;0;-3,738896000000000;-38,517550000000000
323022;14;6;2018;15:20;0;AV 13 DE MAIO;;;755;;Engavetamento;Luz do Dia;Bom;Seca;Meio de Quadra;N?â?úo H?â?í Controle;Comercial;0;1;2;1;0;0;0;0;0;0;0;0;-3,751566600000000;-38,526752000000000
323023;14;6;2018;18:34;7775;AV BAR STUDART;AV ANTONIO SALES;;0;;Colis?â?úo Lateral;Via Iluminada;Bom;Seca;Cruz;Sem?â?íforo;Comercial;0;0;1;1;0;0;0;0;0;0;0;0;-3,743288000000000;-38,509378000000000
331384;14;6;2018;00:43;0;RUA 24 DE OUTUBRO;;;72;;Colis?â?úo;;;;Meio de Quadra;;;0;1;0;1;0;0;0;0;0;0;0;0;-3,749634000000000;-38,602269000000000
331395;14;6;2018;06:26;24257;RUA MANUEL JESUINO;RUA TAVARES COUTINHO;;0;;Colis?â?úo;Luz do Dia;;;Cruz;Sem?â?íforo;Residencial;0;1;0;1;0;0;0;0;0;1;0;0;-3,732500000000000;-38,484965000000000
331401;14;6;2018;06:55;0;ET DO JATOBA;;;3431;;Colis?â?úo;Luz do Dia;;;Meio de Quadra;;;0;2;0;1;0;0;0;0;0;1;0;0;-3,802038200000000;-38,627502600000000
331402;14;6;2018;06:59;0;RUA COS LAFAYETE;;;545;;Colis?â?úo;Luz do Dia;;;Meio de Quadra;;;0;2;0;0;0;0;0;0;0;0;0;0;-3,717950714000000;-38,583122214000000
331406;14;6;2018;07:38;5432;RUA DNA LEOPOLDINA;RUA PERO COELHO;;0;;Colis?â?úo;Luz do Dia;;;T;Pare;Misto;0;1;0;1;0;0;0;0;0;1;0;0;-3,733904000000000;-38,520336000000000
331407;14;6;2018;07:44;0;RUA SENA MADUREIRA;;;765;;Queda;Luz do Dia;;;Meio de Quadra;;;0;1;0;0;0;0;0;0;0;1;0;0;-3,727529393000000;-38,525895286000000
331408;14;6;2018;08:08;25464;RUA ANTONIO GADELHA;RUA JOAO IVO;;0;;Colis?â?úo;Luz do Dia;;;;;;0;1;0;1;0;0;0;0;0;1;0;0;-3,832661000000000;-38,497515000000000
331409;14;6;2018;08:10;10957;RUA ALM RUBIM;RUA VILA LOBOS;;0;;Colis?â?úo;Luz do Dia;;;Cruz;Pare;Residencial;0;1;0;1;0;0;0;0;0;1;0;0;-3,772137000000000;-38,557081000000000
331410;14;6;2018;08:12;0;AV SIQUEIRA CAMPOS;;;2255;;Colis?â?úo;Luz do Dia;;;Meio de Quadra;;;0;3;0;0;0;0;0;0;0;0;0;0;;
331411;14;6;2018;08:40;19654;AV BEZERRA DE MENEZES;RUA PRO NOGUEIRA;;0;;Colis?â?úo;Luz do Dia;;;Cruz;Pare;Comercial;0;1;0;0;0;0;0;0;0;1;0;0;-3,732672000000000;-38,549985000000000
331412;14;6;2018;08:44;1439;RUA FONSECA LOBO;RUA MARIA TOMASIA;;0;;Colis?â?úo;Luz do Dia;;;Cruz;Pare;Comercial;0;1;0;1;0;0;0;0;0;1;0;0;-3,738057000000000;-38,489290000000000
331413;14;6;2018;09:31;20203;RUA ITABORAI D68;RUA MARIA AMALIA;;0;;Colis?â?úo;Luz do Dia;;;;;;0;1;0;1;0;0;0;0;0;1;0;0;-3,813278000000000;-38,518578000000000
331414;14;6;2018;09:56;3211;RUA EMILIO DE MENESES;RUA VERBENA;;0;;Colis?â?úo;Luz do Dia;;;Cruz;Sem?â?íforo;Comercial;0;1;0;1;0;0;0;0;0;1;0;0;-3,781344000000000;-38,588838000000000
331415;14;6;2018;11:08;0;RUA TEOFREDO GOIANA;;;568;;Atropelamento;Luz do Dia;;;Meio de Quadra;;;0;1;0;0;0;0;0;0;0;1;0;0;-3,789665040000000;-38,505066440000000
331416;14;6;2018;12:45;20229;RUA MENOR JERONIMO;AV SAUDADE D68;;0;;Colis?â?úo;Luz do Dia;;;;;;0;1;0;1;0;0;0;0;0;1;0;0;;
331417;14;6;2018;15:08;22176;AV JOSE BASTOS;AV ENG HUMBERTO MONTE;;0;;Colis?â?úo;Luz do Dia;;;T;Sem?â?íforo;Comercial;0;2;0;1;0;0;0;0;0;1;0;0;-3,754966000000000;-38,555455000000000
331418;14;6;2018;16:49;0;RUA CASTRO DE ALENCAR;;;1257;;Colis?â?úo;Luz do Dia;;;Meio de Quadra;;;0;1;0;0;0;0;0;0;0;0;0;0;-3,782349478000000;-38,505028174000000
331419;14;6;2018;17:53;0;RD BR 116;;;10000;KM-10;Atropelamento;Anoitecer;;;Meio de Quadra;;;0;2;0;1;0;0;0;0;0;0;0;0;-3,834435000000000;-38,503373000000000
331423;14;6;2018;18:09;0;RUA JOSE MENDONCA;;;925;;Atropelamento;Anoitecer;;;Meio de Quadra;;;0;1;0;1;0;0;0;0;0;0;0;0;-3,755363753000000;-38,601860865000000
331424;14;6;2018;19:33;0;AV JOR THOMAZ COELHO;;;0;;Queda;;;;Meio de Quadra;;;0;1;0;0;0;0;0;0;0;1;0;0;;
331425;14;6;2018;19:50;0;AV SEN FERNANDES TAVORA;;;2340;;Queda;;;;Meio de Quadra;;;0;1;0;0;0;0;0;0;0;1;0;0;-3,756445572000000;-38,592925000000000
331426;14;6;2018;20:05;25519;AV ALM HENRIQUE SABOIA;AV GOV RAUL BARBOSA;;0;;Queda;;;;Meio de Quadra;N?â?úo H?â?í Controle;Comercial;0;1;0;0;0;1;0;0;0;0;0;0;-3,758466000000000;-38,504580000000000
331427;14;6;2018;20:06;25969;RUA AFONSO LOPES;RUA ACAPULCO;;0;;Atropelamento;;;;Cruz;Pare;Residencial;0;1;0;0;0;0;0;0;0;0;0;0;;
331421;14;6;2018;17:59;0;AV GAL OSORIO DE PAIVA;;;0;;Atropelamento;Anoitecer;;;Meio de Quadra;;;0;3;0;0;0;0;0;0;0;1;0;0;;
331437;14;6;2018;20:14;0;RUA JOSE AUGUSTO CARVALHO;;;203;;Queda;;;;Meio de Quadra;;;0;1;0;0;0;1;0;0;0;0;0;0;-3,799618600000000;-38,517480700000000
331440;14;6;2018;20:49;0;RUA 18 CJ PLANALTO BARRA;;;124;;Colis?â?úo;;;;Meio de Quadra;;;0;1;0;0;0;0;0;0;0;1;0;0;-3,784846353000000;-38,456415457000000
327671;14;6;2018;12:20;0;RD CE-060;;;0;KM-03;Colis?â?úo;Luz do Dia;;Seca;Meio de Quadra;;;0;0;2;1;0;0;1;0;0;0;0;0;-3,843038000000000;-38,585133000000000
327446;14;6;2018;17:45;0;RD BR 116;;;10000;KM-10;Atropelamento;Anoitecer;;;Meio de Quadra;;;0;3;1;0;0;0;0;0;0;1;0;0;-3,834435000000000;-38,503373000000000
327447;15;6;2018;07:10;0;RD BR 116;;;3000;KM-03;Colis?â?úo Lateral;Luz do Dia;;;Meio de Quadra;;;0;1;1;1;0;0;0;0;0;1;0;0;-3,779838000000000;-38,514372000000000
326952;15;6;2018;09:00;12483;AV AUGUSTO DOS ANJOS;RUA DES GOMES PARENTE;;0;;Colis?â?úo Lateral;Luz do Dia;Bom;Seca;Cruz;Pare;Comercial;0;1;1;1;0;0;0;0;0;1;0;0;-3,774371000000000;-38,574025000000000
327672;15;6;2018;08:00;0;RD CE-060;;;4847;KM-02;Atropelamento;Luz do Dia;;Seca;Meio de Quadra;;;0;2;1;1;0;0;0;0;0;0;0;0;-3,834064000000000;-38,582111000000000
327673;15;6;2018;19:30;0;AV SEN CARLOS JEREISSATI (AEROPORTO);;;0;KM 02;Colis?â?úo;Mal Iluminada;;Seca;Meio de Quadra;;;0;0;2;1;0;0;0;0;0;0;0;0;-3,782194000000000;-38,535424000000000
331479;15;6;2018;16:46;0;RUA ALUISIO AZEVEDO;;;0;;Queda;Luz do Dia;;;Meio de Quadra;;;0;2;0;0;0;0;0;0;0;1;0;0;;
331480;15;6;2018;17:14;0;RUA DR SULIANO;;;0;;Colis?â?úo;Anoitecer;;;Meio de Quadra;;;0;1;0;1;0;0;0;0;0;1;0;0;;
331481;15;6;2018;17:51;0;AV FRANCISCO SA;;;0;;Colis?â?úo;Anoitecer;;;Meio de Quadra;;;0;1;0;1;0;0;0;0;0;1;0;0;;
331482;15;6;2018;18:10;0;AV GODOFREDO MACIEL;;;0;;Colis?â?úo;Anoitecer;;;Meio de Quadra;;;0;1;0;1;0;0;0;0;0;1;0;0;;
331483;15;6;2018;18:14;5092;AV IMPERADOR;RUA SEN ALENCAR;;0;;Colis?â?úo;Anoitecer;;;Cruz;Sem?â?íforo;Comercial;0;1;0;0;0;0;0;0;0;0;0;0;-3,723171000000000;-38,533258000000000
331484;15;6;2018;18:22;19105;RUA ALMEIDA PRADO;RUA JOSE RANGEL;;0;;Colis?â?úo;Anoitecer;;;Cruz;Pare;Residencial;0;1;0;1;0;0;0;0;0;1;0;0;-3,737957000000000;-38,473315000000000
331485;15;6;2018;20:53;0;RUA URSULA GARCIA;;;208;;Colis?â?úo;;;;Meio de Quadra;;;0;1;0;0;0;0;0;0;0;1;0;0;-3,765543375000000;-38,561926875000000
331486;15;6;2018;21:57;17359;RUA IRM BAZET;AV PRO GOMES DE MATOS;;0;;Colis?â?úo;;;;Cruz;Pare;Comercial;0;1;0;1;0;0;0;0;0;1;0;0;-3,766045000000000;-38,549810000000000
331487;15;6;2018;22:08;0;RUA PRO WILSON AGUIAR;;;855;;Atropelamento;;;;Meio de Quadra;;;0;1;0;0;0;0;0;0;0;1;0;0;;
331488;15;6;2018;22:13;0;AV FRE CIRILO;;;3748;;Colis?â?úo;;;;Meio de Quadra;;;0;1;0;1;0;0;0;0;0;1;0;0;-3,816808000000000;-38,497630000000000
331489;15;6;2018;22:20;0;RUA GONCALVES LEDO;;;1542;;Queda;;;;Meio de Quadra;;;0;1;0;0;0;1;0;0;0;0;0;0;-3,737338069000000;-38,518195310000000
331490;15;6;2018;23:46;0;AV GODOFREDO MACIEL;;;5280;;Queda;;;;Meio de Quadra;;;0;1;0;0;0;0;0;0;0;1;0;0;-3,811236200000000;-38,574781300000000
331447;15;6;2018;02:11;0;RUA TEN BENEVOLO;;;0;;Colis?â?úo;;;;Meio de Quadra;;;0;2;0;1;0;0;0;0;0;1;0;0;;
331448;15;6;2018;06:46;0;AV MOZART PINHEIRO DE LUCENA;;;2910;;Colis?â?úo;Luz do Dia;;;Meio de Quadra;;;0;1;0;1;0;0;0;0;0;1;0;0;-3,729754214000000;-38,598950357000000
331455;15;6;2018;07:04;0;RD BR 116;;;3000;KM-03;Queda;Luz do Dia;;;Meio de Quadra;;;0;1;0;0;0;0;0;0;0;1;0;0;-3,779838000000000;-38,514372000000000
331456;15;6;2018;07:04;0;RUA 325 CJ CEARA;;;294;;Colis?â?úo;Luz do Dia;;;Meio de Quadra;;;0;1;0;1;0;0;1;0;0;0;0;0;;
331462;15;6;2018;07:12;0;AV DA UNIVERSIDADE;;;2431;;Queda;Luz do Dia;;;Meio de Quadra;;;0;1;0;0;0;0;0;0;0;1;0;0;-3,738318000000000;-38,536707000000000
331463;15;6;2018;07:37;0;RUA FRANCISCO MATOS;;;0;;Queda;Luz do Dia;;;Meio de Quadra;;;0;2;0;0;0;0;0;0;0;1;0;0;;
331464;15;6;2018;07:53;0;AV SGT HERMINIO SAMPAIO;;;1468;;Colis?â?úo;Luz do Dia;;;Meio de Quadra;;;0;1;0;1;0;0;0;0;0;1;0;0;-3,725130098000000;-38,553717719000000
331465;15;6;2018;07:54;8936;RUA PRC ISABEL;AV DOMINGOS OLIMPIO;;0;;Colis?â?úo;Luz do Dia;;;Cruz;Sem?â?íforo;Comercial;0;1;0;0;0;0;0;0;0;1;0;0;-3,734438000000000;-38,537790000000000
331466;15;6;2018;09:20;19753;RUA AZEVEDO BOLAO;RUA ERICO MOTA;;0;;Colis?â?úo;Luz do Dia;;;Cruz;Pare;Residencial;0;1;0;1;0;0;0;0;0;1;0;0;-3,737645000000000;-38,562522000000000
331467;15;6;2018;10:56;0;AV JOR JOAO RAMOS;;;2972;;Colis?â?úo;Luz do Dia;;;Meio de Quadra;;;0;1;0;0;0;0;1;0;0;1;0;0;-3,839800000000000;-38,581563000000000
331468;15;6;2018;11:07;0;AV JOAO PESSOA;;;3884;;Queda;Luz do Dia;;;Meio de Quadra;;;0;1;0;0;0;0;0;0;0;1;0;0;-3,747841000000000;-38,545334000000000
331469;15;6;2018;11:23;25647;RUA JULIO BRAGA;RUA FRANCISCO DE SALES;;0;;Colis?â?úo;Luz do Dia;;;T;Pare;Residencial;0;1;0;1;0;0;0;0;0;1;0;0;-3,774322000000000;-38,583124000000000
331470;15;6;2018;11:26;0;AV ALANIS MARIA LAURINDO DE OLIVEIRA;;;1110;;Colis?â?úo;Luz do Dia;;;Meio de Quadra;;;0;1;0;1;0;0;1;0;0;0;0;0;;
331471;15;6;2018;11:32;10988;RUA EQUADOR;RUA CON LIMA SUCUPIRA;;0;;Colis?â?úo;Luz do Dia;;;Cruz;Pare;Residencial;0;1;0;1;0;0;0;0;0;1;0;0;-3,777318000000000;-38,553469000000000