COD_ACIDENTE;DIA;MES;ANO;HORA;INTERSECAO;LOG1;LOG2;LOG3;NUMERO;REFERENCIA;NATUREZA;ILUMINACAO;TEMPO;SUPERFICIEPISTA;TIPOCRUZAMENTO;CONTROLETRAFEGO;USOSOLO;MORTOS;FERIDOS;ILESOS;AUTOMOVEL;ONIBUS;BICICLETA;CAMINHAO;MICROONIBUS;CICLOMOTOR;MOTOCICLETA;TRACAOANIMAL;TREM;LATITUDE;LONGITUDE
331472;15;6;2018;12:00;0;AV FRANCISCO SA;;;5240;;Colis?â?úo;Luz do Dia;;;Meio de Quadra;;;0;1;0;1;0;0;0;0;0;1;0;0;-3,712666000000000;-38,571238000000000
331473;15;6;2018;12:09;0;RUA 860 CJ CEARA;;;0;;Queda;Luz do Dia;;;Meio de Quadra;;;0;2;0;0;0;0;0;0;0;1;0;0;;
331475;15;6;2018;15:26;15186;RUA SILVA JATAHY;RUA SILVA PAULET;;0;;Colis?â?úo;Luz do Dia;;;Cruz;Pare;Residencial;0;2;0;1;0;0;0;0;0;1;0;0;-3,726095000000000;-38,502728000000000
331476;15;6;2018;16:34;0;AV JOSE BASTOS;;;4000;;Colis?â?úo;Luz do Dia;;;Meio de Quadra;;;0;1;0;0;0;0;0;0;0;1;0;0;-3,753295500000000;-38,553756500000000
331477;15;6;2018;16:37;0;RUA GAL SAMPAIO;;;1301;;Colis?â?úo;Luz do Dia;;;Meio de Quadra;;;0;1;0;0;0;0;0;0;0;0;0;0;-3,729766296000000;-38,531632667000000
331452;15;6;2018;06:56;10418;RUA JOSE MENDONCA;AV D CJ CEARA;;0;;Colis?â?úo;Luz do Dia;;;Outros;Sem?â?íforo;Residencial;0;1;0;0;0;0;0;0;0;1;0;0;-3,761731000000000;-38,603056000000000
323024;15;6;2018;09:03;1735;RUA CAP CLOVIS MAIA;RUA MAJ GERARDO MENDES;;0;;Colis?â?úo Transversal;Luz do Dia;Bom;Seca;Cruz;Pare;Residencial;0;1;1;0;0;0;0;0;0;1;0;0;-3,768322000000000;-38,512820000000000
323025;15;6;2018;05:00;0;AV ABOLICAO;;;2311;;Colis?â?úo Traseira;Luz do Dia;Bom;Seca;Meio de Quadra;Sem?â?íforo;Comercial;0;0;1;0;0;0;0;0;0;0;0;0;-3,726147400000000;-38,498764000000000
323026;15;6;2018;08:45;0;AV PRS CASTELO BRANCO;;;0;;Colis?â?úo Traseira;Luz do Dia;Bom;Seca;Outros;N?â?úo H?â?í Controle;Comercial;0;1;0;0;0;0;0;0;0;1;0;0;-3,722542300000000;-38,523620000000000
323027;15;6;2018;11:00;15658;RUA TEN JOSE NEWTON;RUA EUDES CARDOSO;;0;;Colis?â?úo Transversal;Luz do Dia;Bom;Seca;Cruz;Pare;Residencial;0;1;1;0;0;0;0;0;0;1;0;0;-3,825565000000000;-38,491759000000000
323028;15;6;2018;15:40;25092;AV 13 DE MAIO;RUA VICENTE AGUIAR;;0;;Colis?â?úo Lateral;Luz do Dia;Bom;Seca;Cruz;Pare;Residencial;0;0;2;1;0;0;0;0;0;0;0;0;-3,753843000000000;-38,524050000000000
323029;15;6;2018;18:37;0;AV CHANC EDSON QUEIROZ;;;0;;Colis?â?úo Lateral;Mal Iluminada;Bom;Seca;Meio de Quadra;Gesto;Comercial;0;1;2;1;0;0;0;0;0;1;0;0;-3,764853200000000;-38,493430000000000
323030;15;6;2018;20:30;0;RUA PERDIGAO DE OLIVEIRA;RUA GERMANO FRANCK;;0;;N?â?úo Informado;Via Iluminada;Bom;Seca;Cruz;Sem?â?íforo;Comercial;0;0;2;1;1;0;0;0;0;0;0;0;-3,777724500000000;-38,562466000000000
323031;15;6;2018;18:00;15126;AV HIS RAIMUNDO GIRAO;AV RUI BARBOSA;;0;;Colis?â?úo Lateral;Via Iluminada;Bom;Seca;Cruz;Sem?â?íforo;Comercial;0;0;2;0;1;0;0;0;0;0;0;0;-3,723546000000000;-38,505405000000000
323032;15;6;2018;21:40;0;AV PRS JUSCELINO KUBITSCHEK (PASSAR?âÔÇ?);;;0;ROTAT?âÔÇ£RIA CASTEL?âãÆO;Colis?â?úo Lateral;Via Iluminada;Bom;Seca;Rotat?â??ria;D?â?¬ Prefer?â?¬ncia;Comercial;0;0;2;1;0;0;0;0;0;0;0;0;-3,807831300000000;-38,525043000000000
323033;15;6;2018;21:00;20042;AV DR SILAS MUNGUBA;AV PRS JUSCELINO KUBITSCHEK (PASSAR?âÔÇ?);;0;;Colis?â?úo Traseira;Via Iluminada;Bom;Seca;Rotat?â??ria;D?â?¬ Prefer?â?¬ncia;Lazer;0;0;2;1;0;0;0;0;0;1;0;0;-3,807229000000000;-38,524782000000000
323034;15;6;2018;01:28;17311;RUA ROMEU MARTINS;RUA JOAO FIRMINO;;0;;Colis?â?úo Transversal;Via Iluminada;Bom;Seca;Cruz;Pare;Residencial;0;1;1;1;0;0;0;0;0;1;0;0;-3,764274000000000;-38,555582000000000
323046;15;6;2018;22:03;7871;RUA LEONARDO MOTA;RUA PRO FRANCISCO GONCALVES;;0;;Colis?â?úo Lateral;Via Iluminada;Bom;Seca;Cruz;Pare;Residencial;0;0;2;1;0;0;0;0;0;0;0;0;-3,747308000000000;-38,499748000000000
323048;15;6;2018;10:00;20168;RUA CRISANTO ARRUDA;RUA MARIA AMALIA;;0;;Colis?â?úo Transversal;Luz do Dia;Bom;Seca;Cruz;Pare;Residencial;0;1;1;0;0;0;0;0;0;1;0;0;-3,812041000000000;-38,523030000000000
323035;16;6;2018;01:40;0;RUA PRO HERIBALDO COSTA;;;435;;Capotamento;Via Iluminada;Bom;Seca;Meio de Quadra;Sem?â?íforo;Comercial;0;1;0;1;0;0;0;0;0;0;0;0;-3,755324000000000;-38,581978000000000
323036;16;6;2018;07:53;10844;RUA PORTO ALEGRE;RUA TUPI D35;;0;;Colis?â?úo Transversal;Luz do Dia;Bom;Seca;Cruz;Pare;Residencial;0;1;1;1;0;0;0;0;0;1;0;0;-3,765120000000000;-38,581470000000000
323037;16;6;2018;08:17;0;AV RUI BARBOSA;;;3706;;Colis?â?úo Lateral;Luz do Dia;Nublado;Seca;Meio de Quadra;N?â?úo H?â?í Controle;Comercial;0;1;1;0;1;0;0;0;0;1;0;0;-3,759693900000000;-38,504425000000000
323038;16;6;2018;08:32;0;AV PRO GOMES DE MATOS;;;278;;Colis?â?úo Traseira;Luz do Dia;Bom;Seca;Meio de Quadra;Sem?â?íforo;Comercial;0;0;2;1;0;0;0;0;0;1;0;0;-3,756676700000000;-38,541700000000000
323039;16;6;2018;11:11;0;AV SANTOS DUMONT;;;7600;;Colis?â?úo Traseira;Luz do Dia;Bom;Seca;Meio de Quadra;N?â?úo H?â?í Controle;Comercial;0;1;1;1;0;0;0;0;0;1;0;0;-3,746890800000000;-38,465084000000000
323040;16;6;2018;11:17;0;AV BENJAMIM BRASIL;;;437;;Choque c/ Obst?â?ículo Fixo;Luz do Dia;Bom;Seca;Meio de Quadra;N?â?úo H?â?í Controle;Residencial;0;1;1;1;0;0;0;0;0;0;0;0;-3,771485800000000;-38,576460000000000
323041;16;6;2018;12:30;0;AV WENEFRIDO MELO;;;76;;Colis?â?úo Traseira;Luz do Dia;Bom;Seca;Meio de Quadra;N?â?úo H?â?í Controle;Residencial;0;1;2;1;0;0;0;0;0;1;0;0;-3,807829400000000;-38,579052000000000
323042;16;6;2018;20:27;0;RUA PRO GOMES BRASIL;;;240;;Colis?â?úo Frontal;Via Iluminada;Bom;Seca;Meio de Quadra;N?â?úo H?â?í Controle;Comercial;0;1;1;1;0;0;0;0;0;1;0;0;-3,773586000000000;-38,567950000000000
323070;16;6;2018;19:54;0;AV PRS CASTELO BRANCO;;;0;;Colis?â?úo Lateral;Via Iluminada;Bom;Seca;Meio de Quadra;N?â?úo H?â?í Controle;Comercial;0;1;1;0;0;0;0;0;0;1;0;0;-3,715017800000000;-38,544655000000000
321309;16;6;2018;09:07;0;AV SGT HERMINIO SAMPAIO;;;2000;;Colis?â?úo Traseira;Luz do Dia;Chuva;Molhada;Meio de Quadra;N?â?úo H?â?í Controle;Comercial;0;0;3;1;0;0;0;0;0;0;0;0;-3,725836300000000;-38,558010000000000
331491;16;6;2018;06:45;0;ROD CE 010;;;0;;Queda;Luz do Dia;;;Meio de Quadra;;;0;1;0;0;0;1;0;0;0;0;0;0;;
331493;16;6;2018;08:28;12577;RUA PDE TEODORO (QUNTINO CUNHA);AV MAJ ASSIS;;0;;Atropelamento;Luz do Dia;;;Cruz;Pare;;0;1;0;0;0;0;0;0;0;1;0;0;-3,723221000000000;-38,590526000000000
331494;16;6;2018;12:00;0;AV OLIVEIRA PAIVA;;;0;;Colis?â?úo;Luz do Dia;;;Meio de Quadra;;;0;1;0;0;0;0;0;0;0;0;0;0;;
331495;16;6;2018;14:27;0;RUA OSCAR ARARIPE;;;2645;;Atropelamento;Luz do Dia;;;Meio de Quadra;;;0;1;0;0;0;0;0;0;0;1;0;0;-3,786327630000000;-38,614419370000000
331496;16;6;2018;14:44;0;AV JOSE BASTOS;;;5355;;Colis?â?úo;Luz do Dia;;;Meio de Quadra;;;0;1;0;0;0;0;0;0;0;1;0;0;;
331497;16;6;2018;15:02;0;RUA GUARANI D35 (JOAO XXIII);;;2092;;Queda;Luz do Dia;;;Meio de Quadra;;;0;2;0;0;0;0;0;0;0;1;0;0;-3,775351150000000;-38,586157625000000
331498;16;6;2018;17:15;2404;RUA SEN ROBERT KENNEDY;AV 20 DE JANEIRO;;0;;Colis?â?úo;Anoitecer;;;T;Pare;Residencial;0;1;0;1;0;0;0;0;0;1;0;0;-3,706153000000000;-38,580002000000000
331499;16;6;2018;17:23;0;RUA PRO LINO ENCARNACAO;;;1819;;Colis?â?úo;Anoitecer;;;Meio de Quadra;;;0;1;0;1;0;0;0;0;0;1;0;0;;
331500;16;6;2018;17:53;0;RUA CAP HUGO BEZERRA;;;1620;;Colis?â?úo;Anoitecer;;;Meio de Quadra;;;0;1;0;0;0;0;0;0;0;1;0;0;;
331501;16;6;2018;18:02;0;AV CEL CARVALHO;;;2120;;Atropelamento;Anoitecer;;;Meio de Quadra;;;0;1;0;0;0;0;0;0;0;0;0;0;-3,720685578000000;-38,587084644000000
331502;16;6;2018;18:04;0;AV SGT HERMINIO SAMPAIO;;;3488;;Colis?â?úo;Anoitecer;;;Meio de Quadra;;;0;1;0;1;0;0;0;0;0;1;0;0;-3,728495000000000;-38,571691000000000
331503;16;6;2018;18:09;0;AV CEL CARVALHO;;;3631;;Colis?â?úo;Anoitecer;;;Meio de Quadra;;;0;1;0;0;0;0;0;0;0;0;0;0;-3,703599800000000;-38,591652800000000
331504;16;6;2018;18:22;0;AV PRS COSTA E SILVA;;;0;;Atropelamento;Anoitecer;;;Meio de Quadra;;;0;1;0;1;0;0;0;0;0;0;0;0;;
331505;16;6;2018;19:18;0;RUA COS LAFAYETE;;;0;;Colis?â?úo;;;;Meio de Quadra;;;0;1;0;1;0;1;0;0;0;0;0;0;;
331506;16;6;2018;20:21;0;AV WASHINGTON SOARES;;;0;;Colis?â?úo;;;;Meio de Quadra;;;0;1;0;1;0;0;0;0;0;1;0;0;;
331507;16;6;2018;21:03;0;AV JOR THOMAZ COELHO;;;0;;Colis?â?úo;;;;Meio de Quadra;;;0;1;0;0;0;0;0;0;0;0;0;0;;
331508;16;6;2018;21:08;0;RUA JULIO SILVA;;;440;;Atropelamento;;;;Meio de Quadra;;;0;1;0;0;0;0;0;0;0;1;0;0;;
331509;16;6;2018;21:08;0;AV GODOFREDO MACIEL;;;4600;;Colis?â?úo;;;;Meio de Quadra;;;0;1;0;0;0;0;0;0;0;0;0;0;-3,811095100000000;-38,574738200000000
331510;16;6;2018;21:37;0;RUA BAR AQUIRAZ;;;510;;Colis?â?úo;;;;Meio de Quadra;;;0;1;0;1;0;0;0;0;0;1;0;0;;
331511;16;6;2018;21:41;17434;RUA CESAR ROSSAS;RUA EDITE BRAGA;;0;;Colis?â?úo;;;;Cruz;Pare;Comercial;0;1;0;1;0;0;0;0;0;1;0;0;-3,768906000000000;-38,553869000000000
331512;16;6;2018;21:55;0;AV ABOLICAO;;;3928;;Atropelamento;;;;Meio de Quadra;;;0;1;0;1;0;0;0;0;0;0;0;0;-3,725208700000000;-38,483369600000000
331513;16;6;2018;22:06;0;RUA BETEL;;;0;;Atropelamento;;;;Meio de Quadra;;;0;1;0;0;0;0;0;0;0;1;0;0;;
331514;16;6;2018;22:19;0;RD CE-040;;;2220;;Queda;;;;Meio de Quadra;;;0;1;0;0;0;0;0;0;0;1;0;0;-3,773616148000000;-38,481799400000000
331515;16;6;2018;22:25;0;AV PRO JOSE ARTHUR CARVALHO;;;2218;;Colis?â?úo;;;;Meio de Quadra;;;0;1;0;1;0;0;0;0;0;1;0;0;-3,824526961000000;-38,459265765000000
331516;16;6;2018;23:50;19343;AV GAL OSORIO DE PAIVA;RUA LEONEL CHAVES;;0;;Colis?â?úo;;;;T;Pare;Escola;0;2;0;1;0;0;0;0;0;1;0;0;-3,776069000000000;-38,567183000000000
326975;16;6;2018;10:20;0;RUA CON DE CASTRO;;;6110;;Colis?â?úo Transversal;Luz do Dia;Bom;Seca;Meio de Quadra;Outros;Residencial;0;1;1;0;0;0;0;0;0;1;0;0;-3,815880000000000;-38,599727250000000
326982;17;6;2018;19:30;0;AV 13 DE MAIO;;;910;;Atropelamento;Via Iluminada;Bom;Seca;Meio de Quadra;Sem?â?íforo;Comercial;0;1;1;0;0;0;0;0;0;1;0;0;-3,750472000000000;-38,527991000000000
327448;17;6;2018;07:45;0;RD BR 222;;;0;KM-02;Choque c/ Obst?â?ículo Fixo;Luz do Dia;;;Meio de Quadra;;;0;1;0;1;0;0;0;0;0;0;0;0;-3,740362400000000;-38,596996100000000
327385;17;6;2018;22:45;17314;RUA ALM RUFINO;RUA JOAQUIM PIMENTA;;0;;Colis?â?úo;;;;Cruz;Pare;Comercial;0;0;2;1;0;0;0;0;0;1;0;0;-3,764440000000000;-38,544033000000000
327450;17;6;2018;13:20;0;RD BR 222;;;0;KM-02;Atropelamento;Luz do Dia;;;Meio de Quadra;;;0;1;1;0;0;0;0;0;0;0;0;0;-3,740362400000000;-38,596996100000000
327451;17;6;2018;18:50;0;RD BR 116;;;3000;KM-03;Colis?â?úo Traseira;;;;Meio de Quadra;;;0;1;1;1;0;0;0;0;0;1;0;0;-3,779838000000000;-38,514372000000000
331321;17;6;2018;22:30;0;AV MIGUEL DIAS;;;1095;;Atropelamento;;;;Meio de Quadra;;;0;1;1;1;0;0;0;0;0;0;0;0;-3,766946500000000;-38,487190300000000
331322;17;6;2018;23:04;0;AV ENG HUMBERTO MONTE;;;0;;Colis?â?úo;;;;Meio de Quadra;;;0;1;0;0;0;0;0;0;0;0;0;0;;
331323;17;6;2018;23:31;0;RUA JAIME BENEVOLO;;;0;;Colis?â?úo;;;;Meio de Quadra;;;0;1;1;0;0;0;0;0;0;1;0;0;;
331281;17;6;2018;21:48;0;AV ODILON GUIMARAES;;;311;;Colis?â?úo;;;;Meio de Quadra;;;0;1;1;1;0;0;0;0;0;1;0;0;-3,823040000000000;-38,477630000000000
331276;17;6;2018;21:41;2326;RUA SEN ROBERT KENNEDY;AV PRS CASTELO BRANCO;;0;;Colis?â?úo;;;;Cruz;Sem?â?íforo Intermitente;Comercial;0;1;1;0;0;0;0;0;0;1;0;0;-3,704117000000000;-38,579042000000000
331267;17;6;2018;19:58;0;RUA CEL JOAO CORREIA;;;0;;Colis?â?úo;;;;Meio de Quadra;;;0;1;1;1;0;0;0;0;0;1;0;0;;
331269;17;6;2018;20:18;0;RUA ENG LUIS MONTENEGRO;;;300;;Colis?â?úo;;;;Meio de Quadra;;;0;1;1;1;0;0;0;0;0;1;0;0;-3,814986500000000;-38,615073700000000
331270;17;6;2018;20:31;21983;RUA GAL BERNARDO FIGUEIREDO;RUA TIRADENTES;;0;;Colis?â?úo;;;;Duplo T;Pare;Residencial;0;1;1;1;0;0;0;0;0;1;0;0;-3,739647000000000;-38,551719000000000
331271;17;6;2018;20:32;0;RUA VIRGILIO BRANDAO;;;8031;;Atropelamento;;;;Meio de Quadra;;;0;2;0;0;0;0;0;0;0;1;0;0;-3,753410000000000;-38,596340000000000
331272;17;6;2018;20:58;2729;RUA CEL JOAO CORREIA;RUA CEL VIRGILIO NOGUEIRA (BOM JARDIM);;0;;Colis?â?úo;;;;Cruz;N?â?úo H?â?í Controle;Residencial;0;1;1;1;0;0;0;0;0;1;0;0;-3,790307000000000;-38,609274000000000
331273;17;6;2018;21:09;0;RUA ANTONIO COSTA MENDES;;;262;;Atropelamento;;;;Meio de Quadra;;;0;1;1;1;0;0;0;0;0;0;0;0;-3,788450000000000;-38,582390000000000
331261;17;6;2018;19:45;0;RUA SAO PAULO;;;1035;;Colis?â?úo;;;;Meio de Quadra;;;0;1;1;1;0;0;0;0;0;1;0;0;-3,723679000000000;-38,534619000000000
331262;17;6;2018;19:51;22038;RUA PRO JOAO BOSCO;RUA CEL NUNES DE MELO;;0;;Colis?â?úo;;;;;;;0;1;1;1;0;1;0;0;0;0;0;0;-3,740214000000000;-38,545269000000000
331259;17;6;2018;19:40;0;AV AUGUSTO DOS ANJOS;;;0;;Colis?â?úo;;;;Meio de Quadra;;;0;1;1;1;0;0;0;0;0;1;0;0;;
331256;17;6;2018;19:39;0;RUA ILDEFONSO ALBANO;;;315;;Colis?â?úo;;;;Meio de Quadra;;;0;1;1;1;0;0;0;0;0;1;0;0;-3,723503000000000;-38,510128000000000
331212;17;6;2018;18:46;12355;RUA MON HIPOLITO BRASIL;RUA RIBEIRO LEITAO;;0;;Colis?â?úo;;;;Cruz;Pare;Residencial;0;1;0;0;0;0;0;0;0;0;0;0;-3,760359000000000;-38,576110000000000
331213;17;6;2018;18:58;0;RUA GRITO DE ALERTA;;;431;;Colis?â?úo;;;;Meio de Quadra;;;0;1;0;0;0;0;0;0;0;0;0;0;-3,702524300000000;-38,572827000000000
331214;17;6;2018;19:11;0;RUA HIPOLITO PAMPLONA;;;0;;Colis?â?úo;;;;Meio de Quadra;;;0;1;1;0;0;0;0;0;0;1;0;0;;
331215;17;6;2018;19:17;0;AV FRANCISCO SA;;;7700;;Colis?â?úo;;;;Meio de Quadra;;;0;1;1;1;0;0;0;0;0;1;0;0;-3,705954000000000;-38,586746500000000
331161;17;6;2018;17:23;0;RUA CARLOS CHAGAS;;;995;;Colis?â?úo;Anoitecer;;;Meio de Quadra;;;0;1;1;0;0;0;0;0;0;1;0;0;-3,779112543000000;-38,588811571000000
331162;17;6;2018;18:22;0;AV CEL CARVALHO;;;240;;Colis?â?úo;Anoitecer;;;Meio de Quadra;;;0;1;1;1;0;0;0;0;0;1;0;0;-3,705043395000000;-38,591144173000000
331163;17;6;2018;18:23;0;RUA SGT JOAO PINHEIRO;;;797;;Colis?â?úo;Anoitecer;;;Meio de Quadra;;;0;1;1;1;0;1;0;0;0;0;0;0;-3,782561800000000;-38,622723935000000
331164;17;6;2018;18:24;0;AV GOV RAUL BARBOSA;;;0;;Colis?â?úo;Anoitecer;;;Meio de Quadra;;;0;1;1;1;0;0;0;0;0;1;0;0;;
331165;17;6;2018;18:34;0;AV FRANCISCO SA;;;0;;Colis?â?úo;;;;Meio de Quadra;;;0;1;1;1;0;0;0;0;0;1;0;0;;
331118;17;6;2018;11:26;10105;RUA MARIA JULIA;RUA GUSTAVO BARROSO;;0;;Colis?â?úo;Luz do Dia;;;Cruz;Pare;Comercial;0;1;1;1;0;0;0;0;0;1;0;0;-3,786307000000000;-38,598031000000000
331126;17;6;2018;16:13;0;RUA DALVA DE OLIVEIRA;;;221;;Colis?â?úo;Luz do Dia;;;Meio de Quadra;;;0;1;1;0;0;0;0;0;0;1;0;0;-3,848088255000000;-38,522670596000000
331121;17;6;2018;13:14;0;AV MR HULL;;;0;;Atropelamento;Luz do Dia;;;Meio de Quadra;;;0;1;1;1;0;0;0;0;0;0;0;0;;
331122;17;6;2018;14:14;19152;RUA BATISTA DE OLIVEIRA;RUA LAURO NOGUEIRA;;0;;Atropelamento;Luz do Dia;;;Cruz;Pare;Residencial;0;1;1;0;0;0;0;0;0;1;0;0;-3,740086000000000;-38,478301000000000
331092;17;6;2018;07:53;0;AV CEL CARVALHO;;;1997;;Queda;Luz do Dia;;;Meio de Quadra;;;0;1;0;0;0;0;0;0;0;1;0;0;-3,720118500000000;-38,587238869000000
331084;17;6;2018;02:40;0;RUA BAR CAMOCIM;;;0;;Atropelamento;;;;Meio de Quadra;;;0;1;1;1;0;0;0;0;0;0;0;0;;
331085;17;6;2018;06:41;0;AV JOSE LEON;;;1078;;Queda;Luz do Dia;;;Meio de Quadra;;;0;1;0;0;0;1;0;0;0;0;0;0;-3,787712000000000;-38,502231000000000
331088;17;6;2018;07:25;0;RD BR 116;;;0;;Colis?â?úo;Luz do Dia;;;Meio de Quadra;;;0;1;0;0;0;0;0;0;0;0;0;0;;
331102;17;6;2018;11:08;0;AV DA INDEPENDENCIA;;;2209;;Colis?â?úo;Luz do Dia;;;Meio de Quadra;;;0;1;1;0;0;0;0;0;0;1;0;0;-3,724440000000000;-38,599740000000000
331103;17;6;2018;11:16;0;RUA DRACON BARRETO;;;516;;Atropelamento;Luz do Dia;;;Meio de Quadra;;;0;1;1;0;0;0;0;0;0;1;0;0;-3,734010000000000;-38,579210000000000
331100;17;6;2018;10:10;0;AV PRS COSTA E SILVA;;;1578;;Colis?â?úo;Luz do Dia;;;Meio de Quadra;;;0;1;1;1;0;0;0;0;0;1;0;0;-3,818097100000000;-38,565077600000000
331098;17;6;2018;09:38;0;RUA TIBURCIO ALBANO;;;303;;Atropelamento;Luz do Dia;;;Meio de Quadra;;;0;1;1;0;0;0;0;0;0;1;0;0;-3,754848000000000;-38,579257000000000
331094;17;6;2018;07:53;5322;AV IMPERADOR;AV DUQ CAXIAS;;0;;Colis?â?úo Lateral;Luz do Dia;;;Cruz;Sem?â?íforo;Comercial;0;1;0;0;0;0;0;0;0;1;0;0;-3,730048000000000;-38,535297000000000
331095;17;6;2018;07:54;0;AV CONTORNO NORTE D71;;;0;;Colis?â?úo;Luz do Dia;;;Meio de Quadra;;;0;1;1;1;0;0;0;0;0;1;0;0;;
331096;17;6;2018;09:29;0;RUA RICARDO PONTES;;;947;;Colis?â?úo;Luz do Dia;;;Meio de Quadra;;;0;0;2;1;0;0;0;0;0;1;0;0;-3,836666000000000;-38,567844000000000
323043;17;6;2018;07:36;0;AV GOV LEONEL BRIZOLA;RUA 212 CJ SAO CRISTOVAO;;0;;Colis?â?úo Traseira;Luz do Dia;Bom;Seca;Meio de Quadra;Pare;Comercial;0;0;2;1;0;0;0;0;0;1;0;0;-3,831667000000000;-38,523464000000000
323044;17;6;2018;11:30;0;AV JOAO PESSOA;;;6933;;Colis?â?úo;Luz do Dia;Bom;Seca;Meio de Quadra;N?â?úo H?â?í Controle;Residencial;0;0;3;1;0;0;0;0;0;0;0;0;-3,770554500000000;-38,561010000000000
323045;17;6;2018;15:52;15141;AV MON TABOSA;RUA CARLOS VASCONCELOS;;0;;Colis?â?úo Lateral;Luz do Dia;Bom;Seca;Cruz;Sem?â?íforo;Comercial;0;0;2;1;0;0;0;0;0;1;0;0;-3,724289000000000;-38,507985000000000
323081;17;6;2018;21:47;0;AV FRANCISCO SA;;;7700;;N?â?úo Informado;Anoitecer;Chuva;Molhada;Meio de Quadra;Pare;Residencial;0;0;2;1;0;0;0;0;0;1;0;0;-3,705553300000000;-38,587296000000000
323160;18;6;2018;15:06;3998;RUA SAMUEL UCHOA;RUA ALBERTO MAGNO;;0;;N?â?úo Informado;Luz do Dia;Bom;Seca;Cruz;N?â?úo H?â?í Controle;Comercial;0;0;1;1;0;0;0;0;0;0;0;0;-3,756713000000000;-38,542824000000000
323151;18;6;2018;16:20;12666;AV CEL CARVALHO;RUA ROSINHA SAMPAIO;;0;;Colis?â?úo Transversal;Luz do Dia;Nublado;Seca;Cruz;Pare;Residencial;0;1;1;1;0;0;0;0;0;1;0;0;-3,726938000000000;-38,585413000000000
323049;18;6;2018;10:14;0;AV OLIVEIRA PAIVA;;;1690;;Colis?â?úo Lateral;Luz do Dia;Nublado;Seca;Meio de Quadra;N?â?úo H?â?í Controle;Comercial;0;0;2;1;1;0;0;0;0;0;0;0;-3,795970700000000;-38,491320000000000
323050;18;6;2018;07:10;17440;RUA ANTONIO FIUZA;RUA PRO TEODORICO;;0;;Colis?â?úo Lateral;Luz do Dia;Chuva;Molhada;Cruz;Pare;Residencial;0;1;1;1;0;0;0;0;0;1;0;0;-3,769303000000000;-38,551898000000000
323051;18;6;2018;12:59;0;AV MIGUEL DIAS;;;0;;Colis?â?úo Transversal;Luz do Dia;Chuva;Molhada;Meio de Quadra;N?â?úo H?â?í Controle;Residencial;0;0;3;1;0;0;0;0;0;0;0;0;-3,767625000000000;-38,487260000000000
323052;18;6;2018;11:02;0;RUA 15 DE NOVEMBRO;;;133;;Colis?â?úo Transversal;Luz do Dia;Chuva;Molhada;Meio de Quadra;N?â?úo H?â?í Controle;Comercial;0;0;2;1;0;0;0;0;0;0;0;0;-3,767933000000000;-38,558678000000000
323053;18;6;2018;14:00;24331;AV LUCIANO CARNEIRO;RUA ARMANDO MONTEIRO;;0;;N?â?úo Informado;Luz do Dia;Nublado;Molhada;Cruz;Pare;Comercial;0;0;3;1;0;0;0;0;0;0;0;0;-3,763454000000000;-38,536219000000000
323054;18;6;2018;14:26;0;RUA EINSTEIN;;;1972;;Colis?â?úo Lateral;Luz do Dia;Bom;Seca;Meio de Quadra;N?â?úo H?â?í Controle;Residencial;0;0;1;1;0;0;0;0;0;0;0;0;-3,799375300000000;-38,589710000000000
323047;18;6;2018;05:10;15792;RUA CEL FRANCISCO PEREIRA (MESSEJANA);RUA PERGENTINO MAIA;;0;;Colis?â?úo Transversal;Amanhecer;Chuva;Molhada;Cruz;Pare;Comercial;0;0;2;1;0;0;0;0;0;0;0;0;-3,830868000000000;-38,492803000000000
323056;18;6;2018;15:52;25279;AV ROGACIANO LEITE;RUA DES WALDEMAR ALVES PEREIRA;;0;;Colis?â?úo Transversal;Luz do Dia;Bom;Seca;Cruz;Sem?â?íforo;Comercial;0;1;1;1;0;0;0;0;0;1;0;0;-3,770504700000000;-38,498104000000000
323057;18;6;2018;16:38;0;RUA ARTUR DE CARVALHO;;;1583;;Colis?â?úo Transversal;Luz do Dia;Bom;Seca;Meio de Quadra;N?â?úo H?â?í Controle;Residencial;0;0;2;1;0;0;0;0;0;1;0;0;-3,826353300000000;-38,465310000000000
323058;18;6;2018;16:40;0;AV BEIRA MAR;RUA OSVALDO CRUZ;;0;;Colis?â?úo Traseira;Luz do Dia;Bom;Seca;T;Pare;Comercial;0;1;2;1;0;0;0;0;0;1;0;0;-3,725675600000000;-38,497220000000000
323059;18;6;2018;19:27;0;AV ALBERTO CRAVEIRO;;;0;;Colis?â?úo Transversal;Via Iluminada;Bom;Seca;Rotat?â??ria;N?â?úo H?â?í Controle;Lazer;0;0;2;1;0;0;0;0;0;1;0;0;-3,807459000000000;-38,525364000000000
323060;18;6;2018;20:13;11668;RUA CACILDA BECKER;RUA PRO HERIBALDO COSTA;;0;;Colis?â?úo Transversal;Via Iluminada;Bom;Seca;Cruz;Pare;Residencial;0;0;2;1;0;0;0;0;0;0;0;0;-3,770715000000000;-38,589464000000000
323061;18;6;2018;19:16;0;RUA CAP ARAGAO;;;34;;Colis?â?úo Lateral;Via Iluminada;Bom;Seca;Meio de Quadra;Pare;Residencial;0;0;2;1;0;0;0;0;0;0;0;0;-3,765659600000000;-38,517857000000000