COD_ACIDENTE;DIA;MES;ANO;HORA;INTERSECAO;LOG1;LOG2;LOG3;NUMERO;REFERENCIA;NATUREZA;ILUMINACAO;TEMPO;SUPERFICIEPISTA;TIPOCRUZAMENTO;CONTROLETRAFEGO;USOSOLO;MORTOS;FERIDOS;ILESOS;AUTOMOVEL;ONIBUS;BICICLETA;CAMINHAO;MICROONIBUS;CICLOMOTOR;MOTOCICLETA;TRACAOANIMAL;TREM;LATITUDE;LONGITUDE
331324;18;6;2018;00:58;0;AL VERDE 1;;;70;;Atropelamento;;;;Meio de Quadra;;;0;1;1;1;0;0;0;0;0;0;0;0;-3,819270800000000;-38,572930200000000
331325;18;6;2018;04:43;15792;RUA PERGENTINO MAIA;RUA CEL FRANCISCO PEREIRA (MESSEJANA);;0;;Colis?â?úo;;;;Cruz;Pare;Comercial;0;1;1;1;0;0;1;0;0;0;0;0;-3,830868000000000;-38,492803000000000
331326;18;6;2018;05:02;0;RUA DEMETRIO MENEZES;;;0;;Queda;Amanhecer;;;Meio de Quadra;;;0;1;0;0;0;0;0;0;0;1;0;0;;
331327;18;6;2018;06:06;5421;AV VIS RIO BRANCO;AV HERACLITO GRACA;;0;;Colis?â?úo;Luz do Dia;;;;;;0;1;1;1;0;0;0;0;0;1;0;0;-3,733481000000000;-38,524603000000000
331341;18;6;2018;10:13;25019;RUA TEODOMIRO DE CASTRO;RUA DNA MENDINHA;;0;;Colis?â?úo;Luz do Dia;;;Cruz;Pare;Residencial;0;1;1;1;0;0;0;0;0;1;0;0;-3,718209000000000;-38,573357000000000
331342;18;6;2018;10:17;9039;RUA PDE MIGUELINHO;RUA BAR RIO BRANCO;;0;;Colis?â?úo;Luz do Dia;;;Cruz;Pare;Comercial;0;1;1;1;0;0;0;0;0;1;0;0;-3,742749000000000;-38,533460000000000
331338;18;6;2018;08:17;0;AV AMERICO BARREIRA;;;6510;;Colis?â?úo;Luz do Dia;;;Meio de Quadra;;;0;1;1;1;0;0;0;0;0;1;0;0;;
331335;18;6;2018;07:59;0;AV GAL OSORIO DE PAIVA;;;2165;;Colis?â?úo;Luz do Dia;;;Meio de Quadra;;;0;1;1;1;0;0;0;0;0;1;0;0;-3,785294000000000;-38,581746000000000
331336;18;6;2018;08:09;0;AV ALBERTO CRAVEIRO;;;600;;Colis?â?úo;Luz do Dia;;;Meio de Quadra;;;0;1;1;1;0;0;0;0;0;1;0;0;-3,783631348000000;-38,516839435000000
331329;18;6;2018;07:13;0;AV BEZERRA DE MENEZES;;;1811;;Colis?â?úo;Luz do Dia;;;Meio de Quadra;;;0;1;1;1;0;0;0;0;0;1;0;0;-3,734912000000000;-38,560822000000000
331331;18;6;2018;07:13;0;AV DUQ CAXIAS;;;1511;;Atropelamento;Luz do Dia;;;Meio de Quadra;;;0;1;1;0;0;0;0;0;0;1;0;0;-3,729335000000000;-38,537452000000000
331332;18;6;2018;07:29;0;AV DR SILAS MUNGUBA;;;5011;;Colis?â?úo;Luz do Dia;;;Meio de Quadra;;;0;1;1;1;0;0;0;0;0;1;0;0;-3,797120078000000;-38,531627360000000
331393;18;6;2018;21:45;0;AV ODILON GUIMARAES;;;2300;;Queda;;;;Meio de Quadra;;;0;1;0;0;0;0;0;0;0;1;0;0;-3,820605200000000;-38,475728200000000
331394;18;6;2018;23:57;0;RUA OSMUNDO CAVALCANTE;;;122;;Colis?â?úo;;;;Meio de Quadra;;;0;1;0;0;0;0;0;0;0;0;0;0;-3,726730000000000;-38,477020000000000
331390;18;6;2018;20:15;0;RUA GUILHERME MENDES;;;851;;Colis?â?úo;;;;Meio de Quadra;;;0;1;1;1;0;1;0;0;0;0;0;0;-3,720749000000000;-38,585950000000000
331391;18;6;2018;21:17;0;AV SGT HERMINIO SAMPAIO;;;775;;Queda;;;;Meio de Quadra;;;0;1;0;0;0;1;0;0;0;0;0;0;-3,724568091000000;-38,547536091000000
331382;18;6;2018;17:52;0;AV GAL MURILO BORGES;;;0;;Queda;Anoitecer;;;Meio de Quadra;;;0;1;0;0;0;0;0;0;0;1;0;0;;
331380;18;6;2018;17:24;0;AV PERIMETRAL;;;0;;Queda;Anoitecer;;;Meio de Quadra;;;0;1;0;0;0;0;0;0;0;1;0;0;;
331386;18;6;2018;18:02;0;AV GAL MURILO BORGES;;;0;;Queda;Anoitecer;;;Meio de Quadra;;;0;1;0;0;0;0;0;0;0;1;0;0;;
331387;18;6;2018;18:21;0;AV DOS EXPEDICIONARIOS;;;3622;;Colis?â?úo;Anoitecer;;;;;;0;1;1;1;0;0;0;0;0;1;0;0;-3,750666000000000;-38,536834783000000
331388;18;6;2018;19:18;0;AV DEP PAULINO ROCHA;;;0;;Colis?â?úo;;;;Meio de Quadra;;;0;1;1;1;0;0;0;0;0;1;0;0;;
331377;18;6;2018;17:05;0;AV SEN FERNANDES TAVORA;;;2433;;Atropelamento;Anoitecer;;;Meio de Quadra;;;0;1;1;1;0;0;0;0;0;0;0;0;-3,755953000000000;-38,593889000000000
331378;18;6;2018;17:11;0;AV MAJ ASSIS;;;1690;;Colis?â?úo;Anoitecer;;;Meio de Quadra;;;0;1;1;1;0;0;0;0;0;1;0;0;-3,722056000000000;-38,594566000000000
331375;18;6;2018;16:35;0;AV CASTELO DE CASTRO;;;3298;;Colis?â?úo;Luz do Dia;;;Meio de Quadra;;;0;1;1;1;0;0;0;0;0;1;0;0;-3,852025200000000;-38,523630300000000
331369;18;6;2018;11:19;0;RUA PDE PERDIGAO SAMPAIO;;;111;;Queda;Luz do Dia;;;Meio de Quadra;;;0;1;0;0;0;1;0;0;0;0;0;0;-3,734053000000000;-38,596101000000000
331370;18;6;2018;11:48;0;RUA CEL MANUEL ANTONIO LEITE;;;177;;Colis?â?úo;Luz do Dia;;;Meio de Quadra;;;0;1;1;1;0;0;0;0;0;1;0;0;-3,773445133000000;-38,592080533000000
331371;18;6;2018;12:40;0;AV GAL OSORIO DE PAIVA;;;0;;Colis?â?úo;Luz do Dia;;;Meio de Quadra;;;0;1;1;1;0;0;0;0;0;1;0;0;;
331372;18;6;2018;14:48;0;RUA ALUISIO AZEVEDO;;;610;;Colis?â?úo;Luz do Dia;;;Meio de Quadra;;;0;1;0;0;0;0;0;0;0;0;0;0;-3,770664000000000;-38,578296000000000
331373;18;6;2018;15:41;12835;AV DOMINGOS OLIMPIO;RUA SOLON PINHEIRO;;0;;Colis?â?úo;Luz do Dia;;;Cruz;Sem?â?íforo;Comercial;0;1;1;1;0;0;0;0;0;1;0;0;-3,737409000000000;-38,528650000000000
331367;18;6;2018;11:06;0;RUA BOM JESUS (BARRA DO CEARA);;;1841;;Queda;Luz do Dia;;;Meio de Quadra;;;0;1;0;0;0;0;0;0;0;1;0;0;-3,788074600000000;-38,621822100000000
331345;18;6;2018;10:21;0;AV ENG SANTANA JUNIOR;;;0;;Queda;Luz do Dia;;;Meio de Quadra;;;0;1;0;0;0;0;0;0;0;1;0;0;;
331346;18;6;2018;10:25;0;RUA RIO BRANCO;;;2771;;Colis?â?úo;Luz do Dia;;;Meio de Quadra;;;0;1;1;1;0;0;0;0;0;1;0;0;-3,756410000000000;-38,561960000000000
331347;18;6;2018;11:01;0;AV AMERICO BARREIRA;;;6142;;Queda;Luz do Dia;;;Meio de Quadra;;;0;1;0;0;0;0;0;0;0;1;0;0;-3,765200000000000;-38,567640000000000
327452;18;6;2018;17:35;0;RD BR 116;;;12000;KM-12;Colis?â?úo Transversal;Anoitecer;;;Meio de Quadra;;;0;1;1;0;0;0;0;0;0;1;0;0;-3,855740000000000;-38,496066000000000
327453;18;6;2018;19:10;0;RD BR 116;;;3000;KM-03;Atropelamento;;;;Meio de Quadra;;;0;2;0;0;0;0;0;0;0;1;0;0;-3,779838000000000;-38,514372000000000
327382;18;6;2018;03:00;9474;RUA MARIA CLARA;RUA RAIMUNDO BIZARRIA;;0;;Colis?â?úo;;;;;;;0;0;2;0;0;0;0;0;0;0;0;0;-3,726020000000000;-38,579206000000000
327383;18;6;2018;07:50;15214;AV ABOLICAO;RUA LEONARDO MOTA;;0;;Colis?â?úo;Luz do Dia;;;Outros;Pare;Comercial;0;1;1;1;0;0;0;0;0;1;0;0;-3,726977000000000;-38,493236000000000
327384;18;6;2018;02:00;0;RUA PRC ISABEL;;;0;;Colis?â?úo;;;;Meio de Quadra;;;0;0;2;1;0;0;0;0;0;1;0;0;;
327677;18;6;2018;12:30;0;RD CE-040;;;0;KM-06;Colis?â?úo;Mal Iluminada;;Seca;Meio de Quadra;;;0;0;2;1;0;0;0;0;0;0;0;0;-3,809596804000000;-38,478733480000000
327678;18;6;2018;17:10;0;RD CE-025;;;0;KM-04;Colis?â?úo;Mal Iluminada;;Seca;Meio de Quadra;;;0;0;2;0;1;0;0;0;0;0;0;0;-3,805111679000000;-38,443338730000000
326943;18;6;2018;07:45;2975;AV GAL OSORIO DE PAIVA;RUA PEDRO MARTINS;;0;;Colis?â?úo;Luz do Dia;;;Cruz;Sem?â?íforo;Residencial;0;1;1;0;0;0;0;0;0;1;0;0;-3,800862000000000;-38,598322000000000
326939;18;6;2018;17:07;11847;RUA JACINTO MATOS;AV FRANCISCO SA;;0;;Colis?â?úo Traseira;Anoitecer;;;Cruz;;Residencial;0;0;2;0;0;0;0;0;0;0;0;0;-3,720881000000000;-38,546796000000000
326940;18;6;2018;08:10;0;AV ABOLICAO;;;2480;;Queda;Luz do Dia;;;Meio de Quadra;;;0;1;0;0;0;0;0;0;0;1;0;0;-3,727006000000000;-38,496477000000000
326951;18;6;2018;07:50;21582;RUA LUIS VIEIRA;RUA COSTA FREIRE;;0;;Colis?â?úo Lateral;Luz do Dia;;;Cruz;Pare;Comercial;0;1;1;1;0;0;0;0;0;1;0;0;-3,794850000000000;-38,587064000000000
326954;19;6;2018;15:00;0;AV DOMINGOS OLIMPIO;;;142;;Colis?â?úo Lateral;Luz do Dia;;;Meio de Quadra;;;0;1;1;1;0;0;0;0;0;1;0;0;-3,738402000000000;-38,525362000000000
326960;19;6;2018;16:45;0;AV PRS CASTELO BRANCO;;;2618;;Colis?â?úo Traseira;Luz do Dia;;;Meio de Quadra;;;0;0;2;1;0;0;0;0;0;0;0;0;-3,712917529000000;-38,551263944000000
326958;19;6;2018;10:40;8044;AV JOAO PESSOA;RUA PEDRO MACHADO;;0;;Colis?â?úo Traseira;Luz do Dia;;;;Sem?â?íforo;Comercial;0;1;1;1;0;0;0;0;0;1;0;0;-3,754230000000000;-38,551092000000000
331396;19;6;2018;01:16;11709;RUA BUENO;RUA PDE ANTONIO NUNES GURGEL;;0;;Colis?â?úo;;;;;;;0;1;1;1;0;0;0;0;0;1;0;0;-3,772473000000000;-38,593541000000000
331397;19;6;2018;01:27;0;AV ENG HUMBERTO MONTE;;;2677;;Colis?â?úo;;;;Meio de Quadra;;;0;1;0;0;0;0;0;0;0;0;0;0;-3,739695200000000;-38,568032600000000
331398;19;6;2018;02:20;1424;RUA CARLOS VASCONCELOS;AV HERACLITO GRACA;;0;;Queda;;;;Cruz;Sem?â?íforo;Comercial;0;1;0;0;0;0;0;0;0;1;0;0;-3,737590000000000;-38,512285000000000
331420;19;6;2018;06:03;0;RUA ESPLANADA DO MUCURIPE;;;0;;Queda;Luz do Dia;;;Meio de Quadra;;;0;1;0;0;0;0;0;0;0;1;0;0;;
331441;19;6;2018;15:07;357;RUA XAVIER DE OLIVEIRA;RUA ERICO MOTA;;0;;Colis?â?úo;Luz do Dia;;;Cruz;Pare;Residencial;0;1;1;1;0;0;0;0;0;1;0;0;-3,747288000000000;-38,560547000000000
331442;19;6;2018;16:01;13516;RUA ILDEFONSO ALBANO;RUA PDE CHEVALIER;;0;;Colis?â?úo;Luz do Dia;;;T;Pare;Residencial;0;1;1;1;0;0;0;0;0;1;0;0;;
331444;19;6;2018;16:03;0;AV CEL CARVALHO;;;0;;Queda;Luz do Dia;;;Meio de Quadra;;;0;1;0;0;0;1;0;0;0;0;0;0;;
331445;19;6;2018;16:12;0;AV GOV RAUL BARBOSA;;;5604;;Queda;Luz do Dia;;;Meio de Quadra;;;0;1;0;0;0;0;0;0;0;1;0;0;-3,768196500000000;-38,509800000000000
331446;19;6;2018;16:48;0;AV TRISTAO GONCALVES;;;1203;;Atropelamento;Luz do Dia;;;Meio de Quadra;;;0;1;1;0;0;0;0;0;0;1;0;0;-3,732327000000000;-38,534777000000000
331438;19;6;2018;12:53;0;AV AGUANAMBI;;;0;;Colis?â?úo;Luz do Dia;;;Meio de Quadra;;;0;1;1;1;0;0;0;0;0;1;0;0;;
331439;19;6;2018;14:19;0;RUA CHILE;;;839;;Atropelamento;Luz do Dia;;;Meio de Quadra;;;0;1;1;0;0;0;0;0;0;1;0;0;-3,749540159000000;-38,568543727000000
331422;19;6;2018;06:17;0;RUA BAR CRATO;;;960;;Atropelamento;Luz do Dia;;;Meio de Quadra;;;0;1;1;0;0;0;0;0;0;1;0;0;;
331428;19;6;2018;07:08;0;AV OLIVEIRA PAIVA;;;0;;Colis?â?úo;Luz do Dia;;;Meio de Quadra;;;0;1;1;1;0;0;0;0;0;1;0;0;;
331429;19;6;2018;07:10;0;AV ENG HUMBERTO MONTE;;;1841;;Colis?â?úo;Luz do Dia;;;Meio de Quadra;;;0;1;0;0;0;0;0;0;0;0;0;0;-3,744966500000000;-38,563921250000000
331430;19;6;2018;07:10;19224;AV SANTOS DUMONT;RUA FRANCISCO MATOS;;0;;Atropelamento;Luz do Dia;;;Cruz;Sem?â?íforo;Comercial;0;1;1;1;0;0;0;0;0;0;0;0;-3,745497000000000;-38,469675000000000
331431;19;6;2018;07:11;0;AV JOSE BASTOS;;;5285;;Atropelamento;Luz do Dia;;;Meio de Quadra;;;0;2;0;0;0;0;0;0;0;1;0;0;-3,758717760000000;-38,563271160000000
331432;19;6;2018;07:20;0;AV PERIMETRAL;;;0;;Atropelamento;Luz do Dia;;;Meio de Quadra;;;0;1;1;0;0;0;0;0;0;1;0;0;;
331433;19;6;2018;08:28;0;AV SANTOS DUMONT;;;3371;;Colis?â?úo Frontal;Luz do Dia;;;Meio de Quadra;;;0;1;1;1;0;0;0;0;0;1;0;0;-3,737489000000000;-38,494449000000000
331434;19;6;2018;09:40;0;AV ENG LEAL LIMA VERDE (SAPIRANGA/COITE);;;375;;Colis?â?úo;Luz do Dia;;;Meio de Quadra;;;0;1;1;1;0;0;0;0;0;1;0;0;-3,791081000000000;-38,476094000000000
331435;19;6;2018;11:07;0;RUA VALDETARIO MOTA;;;0;;Colis?â?úo;Luz do Dia;;;Meio de Quadra;;;0;1;1;1;0;0;0;0;0;1;0;0;;
331436;19;6;2018;11:39;7642;RUA RIO GRANDE DO NORTE;RUA ESTADO DO RIO;;0;;Colis?â?úo;Luz do Dia;;;Cruz;Pare;Comercial;0;1;1;1;0;0;0;0;0;1;0;0;-3,757063000000000;-38,569969000000000
331478;19;6;2018;20:47;0;RUA JURACI MAGALHAES;;;521;;Colis?â?úo;;;;Meio de Quadra;;;0;1;1;1;0;0;0;0;0;1;0;0;-3,837295700000000;-38,570709500000000
331474;19;6;2018;19:15;22220;AV OLAVO BILAC;RUA IPE (ALAGADI?âÔÇíO);;0;;Colis?â?úo;;;;T;Pare;Misto;0;1;1;1;0;0;0;0;0;1;0;0;-3,731875000000000;-38,564604000000000
331449;19;6;2018;17:20;0;RUA LAURO MAIA;;;1370;;Queda;Anoitecer;;;Meio de Quadra;;;0;1;0;0;0;0;0;0;0;1;0;0;-3,752730000000000;-38,521771000000000
331537;19;6;2018;21:28;18387;AV SGT HERMINIO SAMPAIO;AV OLAVO BILAC;;0;;Queda;;;;Meio de Quadra;N?â?úo H?â?í Controle;Comercial;0;1;0;0;0;0;0;0;0;1;0;0;-3,727179000000000;-38,565080000000000
331538;19;6;2018;21:47;0;AV GAL OSORIO DE PAIVA;;;4625;;Queda;;;;Meio de Quadra;;;0;1;0;0;0;0;0;0;0;1;0;0;-3,799251000000000;-38,596762000000000
331540;19;6;2018;23:07;0;RUA TIBURCIO CAVALCANTE;;;900;;Colis?â?úo;;;;Meio de Quadra;;;0;1;1;1;0;0;0;0;0;1;0;0;-3,732961000000000;-38,501606000000000
323062;19;6;2018;02:35;0;RUA GERMANO FRANCK;;;267;;Choque c/ Obst?â?ículo Fixo;Via Iluminada;Chuva;Molhada;Meio de Quadra;Sem?â?íforo;Comercial;0;1;0;1;0;0;0;0;0;0;0;0;-3,775072600000000;-38,559593000000000
323063;19;6;2018;07:26;4530;AV DEP PAULINO ROCHA;RUA TEN TITO BARROS;;0;;Colis?â?úo Transversal;Luz do Dia;Nublado;Molhada;Outros;Pare;Residencial;0;1;2;1;0;0;0;0;0;1;0;0;-3,801032000000000;-38,507311000000000
323064;19;6;2018;08:11;0;AV AMERICO BARREIRA;;;5285;;Atropelamento;Luz do Dia;Nublado;Seca;Meio de Quadra;N?â?úo H?â?í Controle;Comercial;0;2;0;0;0;0;0;0;0;1;0;0;-3,758500800000000;-38,562960000000000
323065;19;6;2018;08:32;9154;AV 13 DE MAIO;RUA MARTINHO RODRIGUES;;0;;Colis?â?úo Lateral;Luz do Dia;Bom;Seca;Cruz;Sem?â?íforo;Comercial;0;0;2;1;0;0;0;0;0;0;0;0;-3,752832000000000;-38,525221000000000
323066;19;6;2018;08:35;0;RUA CEL MATOS DOURADO;;;396;;Atropelamento;Luz do Dia;Bom;Seca;Meio de Quadra;N?â?úo H?â?í Controle;Comercial;0;2;0;0;0;0;0;0;0;1;0;0;-3,742286400000000;-38,585136000000000
323067;19;6;2018;08:54;0;AV ALM HENRIQUE SABOIA;;;2151;;Engavetamento;Luz do Dia;Nublado;Seca;Meio de Quadra;N?â?úo H?â?í Controle;Comercial;0;0;3;1;0;0;0;0;0;0;0;0;-3,755509400000000;-38,504036000000000
323068;19;6;2018;07:10;1032;RUA JOAQUIM FROTA;AV ENG LEAL LIMA VERDE (SAPIRANGA/COITE);;0;;Colis?â?úo Transversal;Luz do Dia;Bom;Seca;Rotat?â??ria;D?â?¬ Prefer?â?¬ncia;Residencial;0;0;2;0;1;0;0;0;0;0;0;0;-3,801619000000000;-38,475166000000000
323069;19;6;2018;07:20;0;RUA PDE CICERO;AV JOAO PESSOA;;0;;Colis?â?úo Lateral;Luz do Dia;Bom;Molhada;Meio de Quadra;Sem?â?íforo;Comercial;0;0;2;1;0;0;0;0;0;0;0;0;-3,746286200000000;-38,542965000000000
323071;19;6;2018;16:35;0;AV ROGACIANO LEITE;;;1140;;Colis?â?úo Lateral;Luz do Dia;Bom;Seca;Meio de Quadra;Sem?â?íforo;Residencial;0;0;2;1;0;0;0;0;0;0;0;0;-3,768209700000000;-38,497265000000000
323072;19;6;2018;18:00;5406;RUA PRC ISABEL;RUA ANTONIO POMPEU;;0;;Colis?â?úo Transversal;Mal Iluminada;Bom;Seca;Cruz;Pare;Escola;0;1;1;1;0;0;0;0;0;1;0;0;-3,732693000000000;-38,537283000000000
323073;19;6;2018;17:57;9039;RUA BAR RIO BRANCO;RUA PDE MIGUELINHO;;0;;Colis?â?úo Transversal;Via Iluminada;Bom;Seca;Cruz;Pare;Comercial;0;1;1;1;0;0;0;0;0;1;0;0;-3,742749000000000;-38,533460000000000
323074;19;6;2018;20:00;22858;RUA CON LIMA SUCUPIRA;RUA AMERICO VESPUCIO;;0;;Colis?â?úo Transversal;Via Iluminada;Bom;Seca;Cruz;Pare;Residencial;0;1;1;1;0;0;0;0;1;0;0;0;-3,779270000000000;-38,547427000000000
323077;19;6;2018;09:30;0;AV ROGACIANO LEITE;;;2860;;Colis?â?úo Lateral;Luz do Dia;Bom;Seca;Meio de Quadra;N?â?úo H?â?í Controle;Comercial;0;0;2;1;0;0;0;0;0;1;0;0;-3,783776000000000;-38,502670000000000
323078;20;6;2018;09:40;0;RUA JORGE DUMAR;;;1501;;Choque c/ Obst?â?ículo Fixo;Luz do Dia;Bom;Seca;Meio de Quadra;N?â?úo H?â?í Controle;Comercial;0;0;1;0;0;0;0;0;0;0;0;0;-3,748114300000000;-38,538433000000000
323079;20;6;2018;09:57;13532;RUA PDE CHEVALIER;RUA CARLOS VASCONCELOS;;0;;Colis?â?úo Lateral;Luz do Dia;Bom;Seca;Cruz;Pare;Residencial;0;1;1;1;0;1;0;0;0;0;0;0;-3,747797000000000;-38,515636000000000
323080;20;6;2018;10:30;0;AV GOV RAUL BARBOSA;;;0;;Engavetamento;Luz do Dia;Bom;Seca;Outros;N?â?úo H?â?í Controle;Comercial;0;0;6;1;0;0;0;0;0;0;0;0;-3,757847000000000;-38,504505000000000
323075;20;6;2018;07:51;0;AV AGUANAMBI;;;815;;Engavetamento;Luz do Dia;Bom;Seca;T;Sem?â?íforo;Comercial;0;0;3;1;0;0;0;0;0;1;0;0;-3,743776600000000;-38,525486000000000
323076;20;6;2018;08:27;0;AV FRANCISCO SA;;;3453;;Colis?â?úo Transversal;Luz do Dia;Bom;Seca;Com Via F?â?®rrea;N?â?úo H?â?í Controle;Residencial;0;0;2;1;0;0;0;0;0;1;0;0;-3,717800100000000;-38,555900000000000
324499;20;6;2018;06:50;7386;RUA BELEM;RUA PRO EDGAR DE ARRUDA;;0;;Colis?â?úo Transversal;Luz do Dia;;;Cruz;Pare;Residencial;2;0;1;0;0;0;0;0;0;1;0;0;-3,754894000000000;-38,591051000000000
323082;20;6;2018;13:41;23375;RUA JOAQUIM NABUCO;RUA CAP TIBURCIO DA FROTA;;0;;Colis?â?úo Transversal;Luz do Dia;Bom;Seca;Cruz;Pare;Residencial;0;0;2;0;0;0;0;0;0;1;0;0;-3,754360000000000;-38,507482000000000
323083;20;6;2018;16:47;0;RUA FRANCISCO LORDA;;;425;;N?â?úo Informado;Luz do Dia;Bom;Seca;Meio de Quadra;Sem?â?íforo;Comercial;0;0;2;1;0;0;0;0;0;0;0;0;-3,761605300000000;-38,532906000000000
323084;20;6;2018;16:53;0;AV ENG SANTANA JUNIOR;;;1091;;Colis?â?úo Traseira;Luz do Dia;Bom;Seca;Meio de Quadra;N?â?úo H?â?í Controle;Comercial;0;0;2;1;0;0;0;0;0;0;0;0;-3,737327800000000;-38,483040000000000
323085;20;6;2018;17:11;0;RUA JULIO ABREU;;;284;;Colis?â?úo Transversal;Luz do Dia;Bom;Seca;Meio de Quadra;N?â?úo H?â?í Controle;Comercial;0;0;2;1;0;0;0;0;0;0;0;0;-3,735825300000000;-38,486523000000000
323086;20;6;2018;18:10;6418;AV A CJ CEARA;RUA 731 CJ CEARA;;0;;Colis?â?úo Transversal;Via Iluminada;Bom;Seca;T;Pare;Residencial;0;1;1;1;0;0;0;0;0;1;0;0;-3,772370000000000;-38,605160000000000
323087;20;6;2018;19:02;0;AV PRS COSTA E SILVA;;;151;;Colis?â?úo Traseira;Via Iluminada;Bom;Seca;Meio de Quadra;N?â?úo H?â?í Controle;Residencial;0;0;1;1;0;0;0;0;0;1;0;0;-3,823084800000000;-38,551918000000000
323088;20;6;2018;13:40;0;AV ALBERTO NEPOMUCENO;;;78;;Colis?â?úo Traseira;Luz do Dia;Bom;Seca;Meio de Quadra;N?â?úo H?â?í Controle;Comercial;0;1;2;1;0;0;0;0;0;1;0;0;-3,721946000000000;-38,523384000000000
331541;20;6;2018;06:15;0;AV PRS CASTELO BRANCO;;;294;;Colis?â?úo;Luz do Dia;;;Meio de Quadra;;;0;1;1;0;0;0;0;0;0;1;0;0;;
331542;20;6;2018;06:27;0;AV E CJ CEARA;;;280;;Colis?â?úo;Luz do Dia;;;Meio de Quadra;;;0;1;1;1;0;0;0;0;0;1;0;0;-3,759161800000000;-38,606350400000000
331545;20;6;2018;08:07;0;AV PRS CASTELO BRANCO;;;400;;Atropelamento;Luz do Dia;;;Meio de Quadra;;;0;1;1;0;0;0;0;0;0;1;0;0;-3,720736000000000;-38,529059000000000
331548;20;6;2018;09:24;0;TR NOSSA SRA DAS GRACAS;;;1158;;Queda;Luz do Dia;;;Meio de Quadra;;;0;1;0;0;0;1;0;0;0;0;0;0;;
331549;20;6;2018;09:40;0;AV MOZART PINHEIRO DE LUCENA;;;3084;;Colis?â?úo;Luz do Dia;;;Meio de Quadra;;;0;1;1;0;0;0;0;0;0;1;0;0;-3,731603000000000;-38,599423000000000
331554;20;6;2018;13:32;0;AV CEL CARVALHO;;;1399;;Colis?â?úo;Luz do Dia;;;Meio de Quadra;;;0;1;1;1;0;0;0;0;0;1;0;0;-3,715013000000000;-38,588556000000000
331561;20;6;2018;14:37;0;AV BAR STUDART;;;2191;;Colis?â?úo;Luz do Dia;;;Meio de Quadra;;;0;1;1;1;0;0;0;0;0;1;0;0;-3,742519000000000;-38,509133000000000
331562;20;6;2018;14:44;0;VISC PCA PELOTAS;;;0;;Colis?â?úo;Luz do Dia;;;Meio de Quadra;;;0;1;1;1;0;0;0;0;0;1;0;0;;
331563;20;6;2018;17:08;0;AV PERIMETRAL;;;151;;Colis?â?úo;Anoitecer;;;Meio de Quadra;;;0;1;0;0;0;0;0;0;0;0;0;0;;
331551;20;6;2018;09:59;25895;AV PDE ANTONIO TOMAS;RUA MAG POMPEU;;0;;Colis?â?úo;Luz do Dia;;;T;Gesto;Residencial;0;1;1;1;0;0;0;0;0;1;0;0;;
331566;20;6;2018;17:17;0;AV PRS COSTA E SILVA;;;0;;Colis?â?úo;Anoitecer;;;Meio de Quadra;;;0;1;1;1;0;0;0;0;0;1;0;0;;
331573;20;6;2018;22:26;0;AV G CJ CEARA;;;11;;Queda;;;;Meio de Quadra;;;0;1;0;0;0;0;0;0;0;1;0;0;-3,763460500000000;-38,558469200000000
331568;20;6;2018;17:40;0;AV PERIMETRAL;;;665;;Atropelamento de Animal;Anoitecer;;;Meio de Quadra;;;0;1;1;0;0;0;0;0;0;1;0;0;;
331569;20;6;2018;19:31;0;RUA AURINO COLARES;;;61;;Colis?â?úo;;;;Meio de Quadra;;;0;1;1;1;0;0;0;0;0;1;0;0;-3,827830000000000;-38,468950000000000
331570;20;6;2018;21:39;0;AV L CJ CEARA;;;0;;Colis?â?úo;;;;Meio de Quadra;;;0;1;0;0;0;0;0;0;0;0;0;0;;
331571;20;6;2018;22:02;0;AV JOSE LEON;;;1240;;Atropelamento;;;;Meio de Quadra;;;0;1;1;0;1;0;0;0;0;0;0;0;-3,788245000000000;-38,500137000000000
326967;20;6;2018;19:50;25116;AV ROGACIANO LEITE;RUA PDE FRANCISCO PITA;;0;;Colis?â?úo Traseira;;;;Cruz;Pare;Comercial;0;1;2;0;0;0;0;0;0;1;0;0;-3,780960000000000;-38,501766000000000
327379;20;6;2018;15:20;0;AV GAL OSORIO DE PAIVA;;;3950;;Colis?â?úo;Luz do Dia;;;Meio de Quadra;;;0;0;2;1;0;0;0;0;0;0;0;0;-3,792551525000000;-38,590220494000000
327380;20;6;2018;23:05;23846;AV CESAR CALS;RUA PRO ALVARO COSTA;;0;;Colis?â?úo;;;;Cruz;N?â?úo H?â?í Controle;Residencial;0;1;1;1;0;0;0;0;0;1;0;0;-3,722600000000000;-38,463641000000000
327455;20;6;2018;12:40;0;RD BR 116;;;12000;KM-12;Colis?â?úo Lateral;Luz do Dia;;;Meio de Quadra;;;0;1;1;1;0;0;0;0;0;1;0;0;-3,855740000000000;-38,496066000000000
327681;20;6;2018;07:15;0;RD CE-060;;;0;KM-02;Colis?â?úo;Luz do Dia;;Seca;Meio de Quadra;;;0;0;2;0;0;0;0;0;0;1;0;0;-3,834064000000000;-38,582111000000000