COD_ACIDENTE;DIA;MES;ANO;HORA;INTERSECAO;LOG1;LOG2;LOG3;NUMERO;REFERENCIA;NATUREZA;ILUMINACAO;TEMPO;SUPERFICIEPISTA;TIPOCRUZAMENTO;CONTROLETRAFEGO;USOSOLO;MORTOS;FERIDOS;ILESOS;AUTOMOVEL;ONIBUS;BICICLETA;CAMINHAO;MICROONIBUS;CICLOMOTOR;MOTOCICLETA;TRACAOANIMAL;TREM;LATITUDE;LONGITUDE
327682;21;6;2018;17:35;0;AV ENG SANTANA JUNIOR;;;0;IGUATEMI;Colis?â?úo;Anoitecer;;Seca;Meio de Quadra;;;0;0;2;1;0;0;0;0;0;0;0;0;;
327378;21;6;2018;18:30;20932;RUA DOMINGOS LOPES;RUA ALVARO MACIEL;;0;;Colis?â?úo;Anoitecer;;;Cruz;N?â?úo H?â?í Controle;Residencial;0;0;2;0;0;0;0;0;0;1;0;0;-3,749284000000000;-38,570835000000000
326976;21;6;2018;07:00;0;AV A CJ CEARA;;;885;;Colis?â?úo Lateral;Luz do Dia;;;Meio de Quadra;;;0;1;1;1;0;0;0;0;0;1;0;0;-3,768246552000000;-38,603736966000000
326971;21;6;2018;14:30;26075;AV JOSE JATAHY;AV SGT HERMINIO SAMPAIO;;0;;Colis?â?úo Transversal;Luz do Dia;;;Cruz;Sem?â?íforo;Comercial;0;1;1;1;0;0;0;0;0;1;0;0;-3,724727000000000;-38,545904000000000
331581;21;6;2018;10:11;0;AV BEIRA MAR;;;0;;Colis?â?úo;Luz do Dia;;;Meio de Quadra;;;0;1;1;1;0;1;0;0;0;0;0;0;;
331582;21;6;2018;11:31;0;RUA CARLOS WALRAVEN;;;312;;Colis?â?úo;Luz do Dia;;;Meio de Quadra;;;0;1;0;0;0;0;0;0;0;0;0;0;-3,719884490000000;-38,591677796000000
331583;21;6;2018;12:06;0;RUA SETE BARRA;;;410;;Queda;Luz do Dia;;;Meio de Quadra;;;0;1;0;0;0;1;0;0;0;0;0;0;;
331584;21;6;2018;12:38;0;AV JOSE BASTOS;;;4444;;Atropelamento;Luz do Dia;;;Meio de Quadra;;;0;1;1;1;0;0;0;0;0;0;0;0;-3,755260000000000;-38,555741500000000
331585;21;6;2018;13:21;0;AV DR SILAS MUNGUBA;;;3662;;Colis?â?úo;Luz do Dia;;;Meio de Quadra;;;0;1;1;0;0;0;1;0;0;1;0;0;-3,790206308000000;-38,540839231000000
331586;21;6;2018;13:44;0;AV WASHINGTON SOARES;;;7263;;Colis?â?úo;Luz do Dia;;;Meio de Quadra;;;0;1;1;1;0;0;0;0;0;1;0;0;-3,819771000000000;-38,481891000000000
331588;21;6;2018;16:07;0;AV CEL CARVALHO;;;622;;Colis?â?úo;Luz do Dia;;;Meio de Quadra;;;0;1;1;1;0;0;0;0;0;1;0;0;-3,706704100000000;-38,590820800000000
331589;21;6;2018;16:18;0;RUA MAJ WEYNE;;;689;;Colis?â?úo;Luz do Dia;;;Meio de Quadra;;;0;1;1;1;0;0;0;0;0;1;0;0;-3,750019000000000;-38,542813000000000
331590;21;6;2018;16:27;9222;RUA GRACILIANO RAMOS;RUA GAL SILVA JUNIOR;;0;;Colis?â?úo;Luz do Dia;;;Cruz;Pare;Comercial;0;1;1;1;0;0;0;0;0;1;0;0;-3,753567000000000;-38,530158000000000
331592;21;6;2018;17:36;0;AV HERACLITO GRACA;;;0;;Colis?â?úo;Anoitecer;;;Meio de Quadra;;;0;1;0;0;0;0;0;0;0;0;0;0;;
331593;21;6;2018;17:38;0;AV ABOLICAO;;;5151;;Queda;Anoitecer;;;Meio de Quadra;;;0;1;0;0;0;0;0;0;0;1;0;0;;
331594;21;6;2018;18:46;0;AV WASHINGTON SOARES;;;0;;Colis?â?úo;;;;Meio de Quadra;;;0;1;1;1;0;0;0;0;0;1;0;0;;
331595;21;6;2018;18:58;0;AV FRANCISCO SA;;;7330;;Colis?â?úo;;;;Meio de Quadra;;;0;1;0;0;0;0;0;0;0;0;0;0;-3,707228334000000;-38,584625945000000
331596;21;6;2018;19:48;0;AV CONTORNO SUL;;;123;;Colis?â?úo;;;;Meio de Quadra;;;0;1;1;1;0;0;0;0;0;1;0;0;-3,837758000000000;-38,519827238000000
331597;21;6;2018;19:56;0;AV DOM LUIS;;;131;;Colis?â?úo;;;;Meio de Quadra;;;0;1;1;1;0;0;0;0;0;0;0;0;-3,732002200000000;-38,500669800000000
331599;21;6;2018;20:14;0;AV FRE CIRILO;;;0;;Atropelamento;;;;Meio de Quadra;;;0;1;0;0;0;0;0;0;0;0;0;0;;
331600;21;6;2018;20:17;0;AV DR THEBERGE;;;2440;;Colis?â?úo;;;;Meio de Quadra;;;0;1;1;1;0;1;0;0;0;0;0;0;-3,723268000000000;-38,567775000000000
331601;21;6;2018;20:24;0;RUA JULIO ABREU;;;131;;Colis?â?úo;;;;Meio de Quadra;;;0;1;1;1;0;0;0;0;0;1;0;0;-3,735900000000000;-38,488072000000000
331602;21;6;2018;21:31;0;AV PERIMETRAL;;;0;;Queda;;;;Meio de Quadra;;;0;1;0;0;0;0;0;0;0;1;0;0;;
331604;21;6;2018;23:39;0;RUA EMILIO SA;;;200;;Colis?â?úo;;;;Meio de Quadra;;;0;1;1;1;0;0;1;0;0;0;0;0;-3,802194056000000;-38,569818375000000
331605;21;6;2018;06:49;9132;RUA JAIME BENEVOLO;AV 13 DE MAIO;;0;;Colis?â?úo;Luz do Dia;;;Cruz;Sem?â?íforo;Comercial;0;1;1;1;0;0;0;0;0;1;0;0;-3,748122000000000;-38,530741000000000
331574;21;6;2018;02:09;0;RUA 27 CJ NOVA ASSUNCAO;;;12;;Colis?â?úo;;;;Meio de Quadra;;;0;1;1;1;0;0;0;0;0;1;0;0;;
331575;21;6;2018;02:50;0;AV JORGE CAVALCANTE;;;660;;Colis?â?úo;;;;Meio de Quadra;;;0;1;0;0;0;0;0;0;0;0;0;0;-3,717632500000000;-38,591217900000000
331576;21;6;2018;06:24;0;AV 20 DE JANEIRO;;;2037;;Queda;Luz do Dia;;;Meio de Quadra;;;0;1;0;0;0;1;0;0;0;0;0;0;-3,704252455000000;-38,584248455000000
331577;21;6;2018;06:56;0;RUA BERNARDO MANUEL;;;10191;;Colis?â?úo;Luz do Dia;;;Meio de Quadra;;;0;1;0;0;0;0;0;0;0;0;0;0;-3,808048014000000;-38,554263499000000
331578;21;6;2018;06:57;0;AV A CJ CEARA;;;855;;Colis?â?úo;Luz do Dia;;;Meio de Quadra;;;0;1;1;1;0;0;0;0;0;1;0;0;;
331579;21;6;2018;08:27;0;RUA BERNARDO MANUEL;;;12934;;Colis?â?úo;Luz do Dia;;;Meio de Quadra;;;0;1;0;0;0;0;0;0;0;0;0;0;-3,830963000000000;-38,560983500000000
323089;21;6;2018;07:44;0;RUA MAL DEODORO;;;177;;Colis?â?úo Traseira;Luz do Dia;Bom;Seca;Meio de Quadra;N?â?úo H?â?í Controle;Residencial;0;0;1;1;0;0;0;0;0;1;0;0;-3,737356700000000;-38,534035000000000
323090;21;6;2018;08:30;15000;RUA NIGERIA;RUA CARLOS STUDART;;0;;Colis?â?úo Lateral;Luz do Dia;Bom;Seca;Cruz;Pare;Comercial;0;0;2;1;0;0;0;0;0;0;0;0;-3,792651000000000;-38,567794000000000
323091;21;6;2018;09:42;19137;RUA ANDRE DALL OLIO;RUA BATISTA DE OLIVEIRA;;0;;Colis?â?úo Traseira;Luz do Dia;Bom;Seca;Cruz;Pare;Residencial;0;0;2;1;0;0;0;0;0;0;0;0;-3,739190000000000;-38,477454000000000
323092;21;6;2018;10:20;0;AV ENG SANTANA JUNIOR;;;5160;;Colis?â?úo Traseira;Luz do Dia;Bom;Seca;Meio de Quadra;N?â?úo H?â?í Controle;Comercial;0;0;3;1;1;0;0;0;0;0;0;0;-3,740640900000000;-38,485382000000000
323093;21;6;2018;10:20;0;AV BORGES DE MELO;;;124;;Colis?â?úo Transversal;Luz do Dia;Bom;Seca;Cruz;N?â?úo H?â?í Controle;Residencial;0;0;2;1;0;0;0;0;0;0;0;0;-3,761208500000000;-38,520060000000000
323094;21;6;2018;14:10;7875;AV PONTES VIEIRA;AV SEN VIRGILIO TAVORA;;0;;Colis?â?úo Traseira;Luz do Dia;Bom;Seca;T;Sem?â?íforo;Comercial;0;0;2;1;0;0;0;0;0;1;0;0;-3,750886000000000;-38,497652000000000
323095;21;6;2018;15:09;0;RUA DES LEITE ALBUQUERQUE;;;720;;Colis?â?úo Traseira;Luz do Dia;Bom;Seca;Meio de Quadra;N?â?úo H?â?í Controle;Comercial;0;1;1;1;0;0;0;0;0;0;0;0;-3,737474400000000;-38,498047000000000
323096;21;6;2018;18:54;0;AV ALM HENRIQUE SABOIA;RUA MARIA TOMASIA;;0;;Colis?â?úo Lateral;Via Iluminada;Bom;Seca;T;N?â?úo H?â?í Controle;Comercial;0;0;2;1;0;0;0;0;0;0;0;0;-3,738167000000000;-38,486650000000000
323097;21;6;2018;16:42;15253;RUA JOSE NAPOLEAO;RUA BARBALHA D19;;0;;Colis?â?úo Transversal;Luz do Dia;Bom;Seca;Cruz;Pare;Residencial;0;0;1;0;0;0;0;0;0;0;0;0;-3,728242000000000;-38,489979000000000
323098;21;6;2018;19:00;10981;RUA EQUADOR;RUA BOGARI;;0;;Colis?â?úo Transversal;Via Iluminada;Bom;Seca;Cruz;Pare;Residencial;0;1;1;1;0;0;0;0;0;1;0;0;-3,774405000000000;-38,552515000000000
323099;21;6;2018;20:39;22886;RUA BERNARDO MANUEL;RUA INACIO PARENTE;;0;;Colis?â?úo Transversal;Via Iluminada;Bom;Seca;Cruz;N?â?úo H?â?í Controle;Comercial;0;0;1;1;0;0;0;0;0;0;0;0;-3,781268000000000;-38,546074000000000
323100;21;6;2018;16:30;22018;RUA PDE CICERO;RUA PAPI JUNIOR;;0;;Colis?â?úo Transversal;Luz do Dia;Bom;Seca;Cruz;Pare;Residencial;0;1;1;1;0;0;0;0;0;0;0;0;-3,741672000000000;-38,547926000000000
323101;21;6;2018;21:07;24293;RUA DELMIRO GOUVEIA;RUA JULIO ABREU;;0;;Colis?â?úo Transversal;Via Iluminada;Bom;Seca;Cruz;Gesto;Comercial;0;0;4;1;0;0;0;0;0;0;0;0;-3,735900000000000;-38,488072000000000
323102;21;6;2018;21:30;3177;RUA ANSELMO NOGUEIRA;RUA CARLOS CHAGAS;;0;;Colis?â?úo Transversal;Via Iluminada;Bom;Seca;Cruz;Pare;Residencial;0;1;1;0;1;0;0;0;0;1;0;0;-3,779698000000000;-38,586797000000000
323103;22;6;2018;07:38;15100;AV HIS RAIMUNDO GIRAO;RUA JOAO CORDEIRO;;0;;Colis?â?úo Transversal;Luz do Dia;Nublado;Seca;Cruz;Sem?â?íforo;Residencial;0;1;1;1;0;0;0;0;0;1;0;0;-3,720835000000000;-38,511630000000000
323104;22;6;2018;13:40;7849;RUA FRANCISCO HOLANDA;RUA JOSE VILAR;;0;;Colis?â?úo Transversal;Luz do Dia;Bom;Seca;Cruz;Pare;Residencial;0;0;1;1;0;0;0;0;0;1;0;0;-3,747448000000000;-38,508441000000000
323105;22;6;2018;07:50;19540;RUA JULIO GASPAR;RUA CASIMIRO DE ABREU;;0;;Colis?â?úo Transversal;Luz do Dia;Nublado;Seca;Cruz;Pare;Residencial;0;0;2;1;0;0;0;0;0;0;0;0;-3,782426000000000;-38,563108000000000
323106;22;6;2018;12:40;0;AV CEL CARVALHO;;;3059;;Choque c/ Obst?â?ículo Fixo;Luz do Dia;Bom;Seca;Meio de Quadra;N?â?úo H?â?í Controle;Residencial;0;0;1;0;0;0;0;0;0;0;0;0;-3,730211700000000;-38,584656000000000
323107;22;6;2018;18:58;0;AV GODOFREDO MACIEL;;;0;;N?â?úo Informado;Via Iluminada;Bom;Seca;Meio de Quadra;N?â?úo H?â?í Controle;Residencial;0;0;2;1;0;0;0;0;0;0;0;0;-3,791591200000000;-38,567234000000000
323108;22;6;2018;18:14;13366;RUA DNA LEOPOLDINA;RUA JOAO BRIGIDO;;0;;Colis?â?úo Lateral;Anoitecer;Bom;Seca;Cruz;Sem?â?íforo;Comercial;0;1;1;0;1;0;0;0;1;0;0;0;-3,738646000000000;-38,522203000000000
323109;22;6;2018;18:30;13452;AV RUI BARBOSA;RUA ROBERIO TAVORA;;0;;Colis?â?úo Transversal;Via Iluminada;Bom;Seca;T;Pare;Residencial;0;1;0;0;0;1;0;0;0;1;0;0;-3,743579000000000;-38,511882000000000
323110;22;6;2018;18:30;0;AV PRS COSTA E SILVA;;;2596;;Colis?â?úo Transversal;Via Iluminada;Bom;Seca;Meio de Quadra;N?â?úo H?â?í Controle;Comercial;0;0;2;1;0;0;0;0;0;0;0;0;-3,816094600000000;-38,531616000000000
323111;22;6;2018;19:53;0;RUA DR HUGO ROCHA;;;630;;Colis?â?úo Lateral;Luz do Dia;Bom;Seca;;;;0;0;2;0;1;0;0;0;0;1;0;0;-3,717743400000000;-38,569843000000000
323112;22;6;2018;18:00;0;AV AUGUSTO DOS ANJOS;TR JARDIM HORIZONTAL;;1417;;Colis?â?úo Frontal;Via Iluminada;Bom;Seca;Meio de Quadra;Pare;Residencial;0;1;2;1;0;0;0;0;0;1;0;0;-3,779089000000000;-38,578180000000000
323113;22;6;2018;20:06;0;AV DA UNIVERSIDADE;;;2216;;Colis?â?úo Traseira;Via Iluminada;Bom;Seca;Cruz;N?â?úo H?â?í Controle;Comercial;0;0;1;1;0;0;0;0;0;1;0;0;-3,737016700000000;-38,535557000000000
323114;22;6;2018;21:49;0;AV EDUARDO GIRAO;RUA DEP OSWALDO STUDART;;0;;N?â?úo Informado;Via Iluminada;Bom;Seca;Cruz;Sem?â?íforo;Comercial;0;0;2;1;0;0;0;0;0;1;0;0;-3,755134000000000;-38,529537000000000
331606;22;6;2018;07:27;0;TR NOSSA SRA DAS GRACAS;;;667;;Colis?â?úo;Luz do Dia;;;Meio de Quadra;;;0;1;0;0;0;0;0;0;0;0;0;0;;
331607;22;6;2018;08:09;7496;RUA PEDRO DANTAS;RUA JOAO FONSECA;;0;;Colis?â?úo;Luz do Dia;;;Cruz;Pare;Comercial;0;1;1;1;0;0;0;0;0;1;0;0;-3,785733000000000;-38,522903000000000
331608;22;6;2018;08:33;0;RUA JACINTO MATOS;;;944;;Queda;Luz do Dia;;;Meio de Quadra;;;0;1;0;0;0;0;0;0;0;1;0;0;-3,719440000000000;-38,546787000000000
326978;22;6;2018;16:00;0;AV DOS EXPEDICIONARIOS;;;5390;;Colis?â?úo Traseira;Luz do Dia;;;Meio de Quadra;;;0;0;2;1;0;0;0;0;0;0;0;0;-3,766970407000000;-38,541794644000000
327376;22;6;2018;17:20;0;RUA JULIO CESAR D12;;;0;;Atropelamento;Anoitecer;;;Meio de Quadra;;;0;1;1;0;0;0;0;1;0;0;0;0;;
327457;22;6;2018;23:00;0;RD BR 222;;;0;KM-03;Colis?â?úo Transversal;;;;Meio de Quadra;;;0;2;2;1;0;0;0;0;0;0;0;0;-3,740300848000000;-38,595940970000000
327695;22;6;2018;15:00;0;RD CE-060;;;5608;KM-02;Colis?â?úo;Luz do Dia;;Seca;Meio de Quadra;;;0;1;1;0;0;0;0;0;0;1;0;0;-3,834064000000000;-38,582111000000000
327698;22;6;2018;14:40;0;RD CE-060;;;0;KM-01;Choque c/ Obst?â?ículo Fixo;Luz do Dia;;Seca;Meio de Quadra;;;0;1;0;0;0;0;0;0;0;1;0;0;-3,826136000000000;-38,579500000000000
327699;22;6;2018;18:50;0;RD CE-040;;;0;KM-11;Colis?â?úo;Via Iluminada;;Seca;Meio de Quadra;;;0;1;1;1;0;0;0;0;0;1;0;0;-3,849626230000000;-38,476069890000000
331645;22;6;2018;11:50;0;RUA BERNARDO MANUEL;;;10521;;Atropelamento;Luz do Dia;;;Meio de Quadra;;;0;1;1;1;0;0;0;0;0;0;0;0;-3,811410000000000;-38,555261000000000
331646;22;6;2018;11:52;0;RUA RAIMUNDO FROTA;;;160;;Colis?â?úo;Luz do Dia;;;Meio de Quadra;;;0;1;1;1;0;0;0;0;0;1;0;0;-3,715147818000000;-38,582428364000000
331647;22;6;2018;12:16;17584;RUA MATO GROSSO;RUA PARA;;0;;Colis?â?úo;Luz do Dia;;;Cruz;Pare;Residencial;0;1;1;1;0;0;0;0;0;1;0;0;-3,755657000000000;-38,563131000000000
331648;22;6;2018;12:19;0;RUA FAUSTO CABRAL;;;110;;Colis?â?úo;Luz do Dia;;;Meio de Quadra;;;0;1;0;0;0;0;0;0;0;0;0;0;-3,732356696000000;-38,480953370000000
331649;22;6;2018;12:26;0;RUA GERALDO SOARES;;;530;;Queda;Luz do Dia;;;Meio de Quadra;;;0;1;0;0;0;0;0;0;0;1;0;0;-3,825555546000000;-38,508048386000000
331650;22;6;2018;13:02;0;RUA SUICA;;;383;;Colis?â?úo;Luz do Dia;;;Meio de Quadra;;;0;1;1;1;0;0;0;0;0;1;0;0;-3,793285647000000;-38,571539882000000
331651;22;6;2018;13:08;0;RUA CON DE CASTRO;;;0;;Colis?â?úo;Luz do Dia;;;Meio de Quadra;;;0;1;1;0;0;0;0;0;0;1;0;0;;
331639;22;6;2018;08:42;0;RUA NOSSA SRA DAS GRACAS;;;669;;Colis?â?úo;Luz do Dia;;;Meio de Quadra;;;0;1;1;1;0;0;0;0;0;1;0;0;-3,709776000000000;-38,554477000000000
331640;22;6;2018;09:08;0;AV WASHINGTON SOARES;;;2565;;Queda;Luz do Dia;;;Meio de Quadra;;;0;1;0;0;0;0;0;0;0;1;0;0;-3,827015800000000;-38,482136500000000
331641;22;6;2018;11:12;0;RUA TULIPA NEGRA;;;1935;;Colis?â?úo;Luz do Dia;;;Meio de Quadra;;;0;1;1;1;0;0;0;0;0;1;0;0;-3,819878000000000;-38,596986000000000
331642;22;6;2018;11:14;7396;RUA PRO EDGAR DE ARRUDA;RUA EURICO MEDINA;;0;;Colis?â?úo;Luz do Dia;;;Cruz;Pare;Misto;0;1;1;1;0;0;0;0;0;1;0;0;-3,757814000000000;-38,585584000000000
331643;22;6;2018;11:38;0;AV GOV RAUL BARBOSA;;;0;;Colis?â?úo;Luz do Dia;;;Meio de Quadra;;;0;1;1;1;0;0;0;0;0;1;0;0;;
331655;22;6;2018;13:29;0;RUA SAO VICENTE D48;;;1531;;Queda;Luz do Dia;;;Meio de Quadra;;;0;1;0;0;0;0;0;0;0;1;0;0;;
331656;22;6;2018;14:05;0;RUA BALDUINO FREIRE;;;1630;;Colis?â?úo;Luz do Dia;;;Meio de Quadra;;;0;1;1;1;0;0;0;0;0;1;0;0;-3,735342500000000;-38,586245400000000
331657;22;6;2018;14:13;0;RUA ALVES RIBEIRO;;;313;;Colis?â?úo;Luz do Dia;;;Meio de Quadra;;;0;1;0;0;0;0;0;0;0;0;0;0;-3,821672000000000;-38,498550454000000
331658;22;6;2018;14:21;0;RUA ELVIRA PINHO;;;660;;Colis?â?úo;Luz do Dia;;;Meio de Quadra;;;0;1;1;0;0;0;0;0;0;1;0;0;-3,768230000000000;-38,553660000000000
331659;22;6;2018;14:31;0;RUA SGT JOAO PINHEIRO;;;0;;Colis?â?úo;Luz do Dia;;;Meio de Quadra;;;0;1;0;0;0;0;0;0;0;0;0;0;;
331660;22;6;2018;14:38;0;RD CE-060;;;0;;Colis?â?úo;Luz do Dia;;;Meio de Quadra;;;0;1;0;0;0;0;0;0;0;0;0;0;;
331662;22;6;2018;15:13;0;RUA IRM BAZET;;;1221;;Atropelamento;Luz do Dia;;;Meio de Quadra;;;0;1;1;0;0;0;0;0;0;1;0;0;-3,767371936000000;-38,548301422000000
331663;22;6;2018;15:39;0;AV LUCIANO CARNEIRO;;;1770;;Colis?â?úo;Luz do Dia;;;Meio de Quadra;;;0;1;1;1;0;0;0;0;0;1;0;0;-3,764194000000000;-38,536449000000000
331664;22;6;2018;16:08;0;RUA 19 (CJ JOAO PAULO II);;;246;;Colis?â?úo;Luz do Dia;;;Meio de Quadra;;;0;1;1;0;0;0;0;0;0;1;0;0;;
331665;22;6;2018;16:50;0;AV FRANCISCO SA;;;0;;Colis?â?úo;Luz do Dia;;;Meio de Quadra;;;0;1;0;0;0;0;0;0;0;0;0;0;;
331653;22;6;2018;13:26;0;RUA DR HUGO ROCHA;;;630;;Colis?â?úo;Luz do Dia;;;Meio de Quadra;;;0;1;1;1;0;0;0;0;0;1;0;0;-3,717456000000000;-38,570098000000000
331667;22;6;2018;17:28;0;AV PLACIDO CASTELO;;;427;;Queda;Anoitecer;;;Meio de Quadra;;;0;1;0;0;0;0;0;0;0;1;0;0;-3,783370500000000;-38,508019750000000
331668;22;6;2018;18:02;0;AV SGT HERMINIO SAMPAIO;;;5165;;Colis?â?úo;Anoitecer;;;Meio de Quadra;;;0;1;1;1;0;0;0;0;0;1;0;0;-3,734137053000000;-38,585595684000000
331673;22;6;2018;18:37;0;AV B CJ CEARA;;;590;;Colis?â?úo;;;;Meio de Quadra;;;0;1;1;1;0;1;0;0;0;0;0;0;-3,767092500000000;-38,606459000000000
331675;22;6;2018;18:59;0;AV DA UNIVERSIDADE;;;2216;;Colis?â?úo;;;;;;;0;1;1;1;0;0;0;0;0;1;0;0;-3,737007372000000;-38,535521674000000
331676;22;6;2018;19:00;15244;RUA JOSE VILAR;RUA DEP MOREIRA DA ROCHA;;0;;Colis?â?úo;;;;Cruz;Pare;Residencial;0;1;1;1;0;0;0;0;0;1;0;0;-3,727832000000000;-38,502113000000000
331678;22;6;2018;19:16;0;AV GODOFREDO MACIEL;;;0;;Colis?â?úo;;;;Meio de Quadra;;;0;1;1;1;0;0;0;0;0;1;0;0;;
331680;22;6;2018;19:39;0;AV JOSE JATAHY;;;0;;Colis?â?úo;;;;Meio de Quadra;;;0;1;1;1;0;1;0;0;0;0;0;0;;
331681;22;6;2018;20:21;25240;RUA PRISCO BEZERRA;RUA AMELIA BENEBIEN;;0;;Colis?â?úo;;;;T;Pare;Residencial;0;1;1;1;0;0;0;0;0;1;0;0;-3,736861000000000;-38,470553000000000
331682;22;6;2018;21:03;0;RUA DEP OSWALDO STUDART;;;0;;Colis?â?úo;;;;Meio de Quadra;;;0;1;1;1;0;0;0;0;0;1;0;0;;
331683;22;6;2018;21:29;0;AV DEP PAULINO ROCHA;;;1700;;Colis?â?úo;;;;Meio de Quadra;;;0;1;1;1;0;0;0;0;0;1;0;0;-3,811696168000000;-38,512319191000000
331684;22;6;2018;22:15;0;RUA CEL JOAO OLIVEIRA;;;1150;;Queda;;;;Meio de Quadra;;;0;1;0;0;0;1;0;0;0;0;0;0;-3,823286500000000;-38,484444000000000
331686;22;6;2018;22:40;0;RUA HENRIQUE ELERY;;;1276;;Colis?â?úo;;;;Meio de Quadra;;;0;1;1;1;0;0;0;0;0;1;0;0;-3,722880000000000;-38,560670000000000
331687;22;6;2018;23:50;15145;AV HIS RAIMUNDO GIRAO;AV BAR STUDART;;0;;Colis?â?úo;;;;Cruz;Sem?â?íforo;Comercial;0;1;1;1;0;0;0;0;0;1;0;0;-3,724494000000000;-38,503367000000000
331688;22;6;2018;07:39;0;AV GAL OSORIO DE PAIVA;;;245;;Colis?â?úo;Luz do Dia;;;Meio de Quadra;;;0;1;1;1;0;0;0;0;0;1;0;0;-3,774669283000000;-38,565357043000000
331689;23;6;2018;08:40;0;AV JOR JOAO RAMOS;;;2972;;Colis?â?úo;Luz do Dia;;;Meio de Quadra;;;0;1;1;1;0;0;0;0;0;1;0;0;-3,839800000000000;-38,581563000000000
331702;23;6;2018;10:28;0;RUA PORTO ALEGRE;;;773;;Colis?â?úo;Luz do Dia;;;Meio de Quadra;;;0;1;0;0;0;0;0;0;0;0;0;0;-3,762961177000000;-38,585501206000000
331703;23;6;2018;11:17;14447;RUA PDE ANCHIETA;RUA DEMOCRITO ROCHA;;0;;Queda;Luz do Dia;;;Cruz;Pare;Residencial;0;1;0;0;0;0;0;0;0;1;0;0;-3,726058000000000;-38,551400000000000
331704;23;6;2018;11:50;0;AV LAURO VIEIRA CHAVES;;;1604;;Colis?â?úo;Luz do Dia;;;Meio de Quadra;;;0;1;1;1;0;0;0;0;0;1;0;0;-3,771604000000000;-38,541687000000000
331705;23;6;2018;12:00;0;RUA BERNARDO MANUEL;;;12824;;Atropelamento;Luz do Dia;;;Meio de Quadra;;;0;1;1;1;0;0;0;0;0;0;0;0;-3,830143572000000;-38,560685000000000
331691;23;6;2018;09:20;0;AV CASTELO DE CASTRO;;;1213;;Atropelamento;Luz do Dia;;;Meio de Quadra;;;0;1;1;0;0;0;0;0;0;1;0;0;-3,840553100000000;-38,521575100000000
331707;23;6;2018;12:36;24912;RUA ROSINHA SAMPAIO;RUA ANTONIO ARRUDA;;0;;Colis?â?úo;Luz do Dia;;;Cruz;N?â?úo H?â?í Controle;Residencial;0;1;1;1;0;0;0;0;0;1;0;0;-3,724816000000000;-38,595375000000000
331709;23;6;2018;14:14;10716;RUA PRO HERIBALDO COSTA;RUA PRO EDGAR DE ARRUDA;;0;;Colis?â?úo;Luz do Dia;;;N?â?úo Informado;N?â?úo H?â?í Controle;Residencial;0;1;1;1;0;0;0;0;0;1;0;0;-3,759016000000000;-38,583335000000000
331711;23;6;2018;15:55;0;AV DR SILAS MUNGUBA;;;0;;Colis?â?úo;Luz do Dia;;;Meio de Quadra;;;0;1;1;1;0;0;0;0;0;1;0;0;;
331716;23;6;2018;17:16;0;AV WASHINGTON SOARES;;;0;;Colis?â?úo;Anoitecer;;;Meio de Quadra;;;0;1;1;1;0;0;0;0;0;1;0;0;;
331717;23;6;2018;17:26;0;AV F CJ CEARA;;;629;;Atropelamento;Anoitecer;;;Meio de Quadra;;;0;1;1;0;0;0;0;0;0;1;0;0;-3,765060152000000;-38,604558182000000
331720;23;6;2018;18:32;0;RUA GONCALVES LEDO;;;0;;Colis?â?úo;;;;Meio de Quadra;;;0;1;1;1;0;0;0;0;0;1;0;0;;
331721;23;6;2018;19:58;0;RUA DNA LUCIA PINHEIRO (QUINTINO CUNHA);;;0;;Atropelamento;;;;Meio de Quadra;;;0;1;1;0;0;0;0;0;0;1;0;0;;
331714;23;6;2018;17:00;0;AV BEIRA MAR;;;0;;Outros;Anoitecer;;;Meio de Quadra;;;0;1;0;0;0;0;0;0;0;0;0;0;;
331727;23;6;2018;21:25;0;RUA JOSE ARAGAO;;;57;;Queda;;;;Meio de Quadra;;;0;1;0;0;0;1;0;0;0;0;0;0;;
331730;23;6;2018;22:46;0;AV DEP PAULINO ROCHA;;;0;;Queda;;;;Meio de Quadra;;;0;1;0;0;0;0;0;0;0;1;0;0;;
327373;23;6;2018;14:20;0;RUA DO ROSARIO;;;199;;Choque c/ Obst?â?ículo Fixo;Luz do Dia;;;Meio de Quadra;;;0;0;1;0;0;0;0;0;0;0;0;0;-3,729287174000000;-38,526239739000000
327370;23;6;2018;18:50;4766;RUA MONTE PASCOAL;RUA SAO FELIPE D71;;0;;Colis?â?úo;;;;;;;0;1;1;1;0;0;0;0;0;1;0;0;-3,804646000000000;-38,599931000000000
323115;23;6;2018;07:15;1657;RUA BENI DE CARVALHO;RUA CEL JUCA;;0;;Colis?â?úo Transversal;Luz do Dia;Bom;Seca;Cruz;Sem?â?íforo;Residencial;0;0;2;1;0;0;0;0;0;0;0;0;-3,746301000000000;-38,494070000000000
323116;23;6;2018;08:54;0;AV CARAPINIMA;;;2018;SHOPPING BENFICA;Colis?â?úo Traseira;Luz do Dia;Bom;Seca;Meio de Quadra;N?â?úo H?â?í Controle;Comercial;0;1;1;1;0;0;0;0;0;1;0;0;-3,731375500000000;-38,534355000000000