COD_ACIDENTE;DIA;MES;ANO;HORA;INTERSECAO;LOG1;LOG2;LOG3;NUMERO;REFERENCIA;NATUREZA;ILUMINACAO;TEMPO;SUPERFICIEPISTA;TIPOCRUZAMENTO;CONTROLETRAFEGO;USOSOLO;MORTOS;FERIDOS;ILESOS;AUTOMOVEL;ONIBUS;BICICLETA;CAMINHAO;MICROONIBUS;CICLOMOTOR;MOTOCICLETA;TRACAOANIMAL;TREM;LATITUDE;LONGITUDE
323117;23;6;2018;09:30;7479;AV ALBERTO CRAVEIRO;RUA PEDRO DANTAS;;0;;Colis?â?úo Lateral;Luz do Dia;Bom;Seca;T;Sem?â?íforo;Residencial;0;0;2;1;0;0;0;0;0;0;0;0;-3,786753000000000;-38,517220000000000
323118;23;6;2018;12:00;10496;RUA JOAQUIM FELICIO;RUA ANTONIO CANDEIA;;0;;Colis?â?úo Transversal;Luz do Dia;Bom;Seca;Cruz;Pare;Residencial;0;0;2;1;0;0;0;0;0;0;0;0;-3,831563000000000;-38,480653000000000
323119;23;6;2018;14:53;0;AV BEIRA MAR;;;904;;N?â?úo Informado;Via Iluminada;Bom;Seca;Meio de Quadra;N?â?úo H?â?í Controle;Comercial;0;0;1;1;0;0;0;0;0;0;0;0;-3,720258000000000;-38,511730000000000
323120;23;6;2018;13:40;18052;AV DIOGUINHO;RUA NICACIO PINTO;;0;;Colis?â?úo Lateral;Luz do Dia;Bom;Seca;Cruz;N?â?úo H?â?í Controle;Lazer;0;2;1;0;0;0;0;0;0;1;0;0;-3,736265000000000;-38,456250000000000
323121;23;6;2018;14:07;24912;RUA ROSINHA SAMPAIO;RUA ANTONIO ARRUDA;;0;;Colis?â?úo Transversal;Luz do Dia;Bom;Seca;Cruz;N?â?úo H?â?í Controle;Residencial;0;0;1;1;0;0;0;0;0;0;0;0;-3,724816000000000;-38,595375000000000
323138;23;6;2018;16:18;22167;AV JOSE BASTOS;RUA TAVARES IRACEMA;;0;;Colis?â?úo Transversal;Luz do Dia;Bom;Seca;Cruz;N?â?úo H?â?í Controle;Comercial;0;0;2;1;0;0;0;0;0;0;0;0;-3,752313000000000;-38,552770000000000
323142;24;6;2018;12:15;0;RUA RAIMUNDO NERY;RUA DR ESTENIO GOMES;;297;;Colis?â?úo Lateral;Luz do Dia;Bom;Seca;;;;0;1;2;1;0;0;0;0;0;0;0;0;-3,795103300000000;-38,586002000000000
323122;24;6;2018;21:50;22972;RUA MAD ELISA BALDO;RUA PRA HELOISA F LIMA;;0;;Colis?â?úo Transversal;Via Iluminada;Bom;Seca;Cruz;Pare;Residencial;0;2;1;1;0;0;0;0;0;1;0;0;-3,785465000000000;-38,545126000000000
323123;24;6;2018;04:55;0;AV PONTES VIEIRA;;;1320;;Choque c/ Obst?â?ículo Fixo;Via Iluminada;Bom;Seca;Meio de Quadra;Sem?â?íforo;Comercial;0;1;0;0;0;0;0;0;0;0;0;0;-3,752337700000000;-38,509620000000000
323124;24;6;2018;06:30;0;VL STA ELISA D04;;;0;;Atropelamento;Luz do Dia;Bom;Seca;Meio de Quadra;N?â?úo H?â?í Controle;Residencial;0;1;1;0;0;0;0;0;0;1;0;0;-3,703370600000000;-38,567180000000000
323125;24;6;2018;08:00;3211;RUA VERBENA;RUA EMILIO DE MENESES;;0;;Colis?â?úo Transversal;Luz do Dia;Bom;Seca;Cruz;Sem?â?íforo;Comercial;0;1;1;0;0;0;0;0;0;1;0;0;-3,781344000000000;-38,588838000000000
323126;24;6;2018;12:55;15149;AV MON TABOSA;RUA ANTONIO LIMA;;0;;Colis?â?úo Transversal;Luz do Dia;Bom;Seca;Cruz;Pare;Comercial;0;0;2;1;0;0;0;0;0;0;0;0;-3,724573000000000;-38,504149000000000
323127;24;6;2018;13:30;0;RUA SILVINO;;;983;;Choque c/ Obst?â?ículo Fixo;Luz do Dia;Bom;Seca;Meio de Quadra;N?â?úo H?â?í Controle;Residencial;0;0;1;1;0;0;0;0;0;1;0;0;-3,809603500000000;-38,593605000000000
323128;24;6;2018;20:53;5099;RUA SEN ALENCAR;AV TRISTAO GONCALVES;;0;;Colis?â?úo Transversal;Via Iluminada;Bom;Seca;Cruz;Gesto;Comercial;0;1;2;1;0;0;0;0;0;1;0;0;-3,723524000000000;-38,532122000000000
323129;24;6;2018;19:55;0;RUA PEREIRA FILGUEIRAS;RUA BAR ARACATI;;1371;;Colis?â?úo Lateral;Via Iluminada;Bom;Seca;;;;0;1;2;1;0;0;0;0;0;1;0;0;-3,729047000000000;-38,510680000000000
323130;24;6;2018;07:24;0;AV MIGUEL DIAS;;;1411;;Choque c/ Obst?â?ículo Fixo;Luz do Dia;Bom;Seca;Meio de Quadra;Pare;Residencial;0;1;0;1;0;0;0;0;0;0;0;0;-3,769025000000000;-38,487103000000000
327367;24;6;2018;20:40;0;RUA RAIMUNDO NERY;;;0;;Colis?â?úo;;;;Meio de Quadra;;;0;0;1;0;0;0;0;0;0;0;0;0;;
327461;24;6;2018;10:30;0;RD BR 116;;;10000;KM-10;Colis?â?úo Transversal;Luz do Dia;;;Meio de Quadra;;;0;1;1;1;0;1;0;0;0;0;0;0;-3,834435000000000;-38,503373000000000
331199;24;6;2018;19:04;0;RUA ANDRE REBOUCAS;;;129;;Colis?â?úo;;;;Meio de Quadra;;;0;2;0;1;0;0;0;0;0;1;0;0;-3,774692424000000;-38,589548848000000
331241;24;6;2018;19:12;0;RUA COSTA FREIRE;;;519;;Colis?â?úo;;;;Meio de Quadra;;;0;2;0;0;0;0;0;0;0;1;0;0;-3,786026000000000;-38,578967000000000
331182;24;6;2018;18:24;0;AV CARNEIRO DE MENDONCA;;;339;;Colis?â?úo;Anoitecer;;;Meio de Quadra;;;0;1;1;1;0;0;0;0;0;1;0;0;-3,766032784000000;-38,562670487000000
331249;24;6;2018;19:41;0;AV BEZERRA DE MENEZES;;;0;;Colis?â?úo;;;;Meio de Quadra;;;0;1;1;1;0;0;0;0;0;1;0;0;;
331250;24;6;2018;22:21;0;AV N (CJ VILA VELHA);;;1541;;Queda;;;;Meio de Quadra;;;0;1;0;0;0;0;0;0;0;1;0;0;;
331251;24;6;2018;23:34;6802;RUA SEBASTIAO DE ABREU;AV PDE ANTONIO TOMAS;;0;;Queda;;;;;;;0;1;0;0;0;0;0;0;0;1;0;0;-3,746548000000000;-38,479940000000000
331252;24;6;2018;23:41;0;RUA ILDEFONSO ALBANO;;;0;;Atropelamento;;;;Meio de Quadra;;;0;2;1;1;0;0;0;0;0;0;0;0;;
331188;24;6;2018;18:39;0;RUA EPITACIO CRUZ;;;305;;Atropelamento;;;;Meio de Quadra;;;0;1;1;0;0;0;0;0;0;0;0;0;-3,829347100000000;-38,464668800000000
331104;24;6;2018;01:15;0;RUA PRO RAIMUNDO ARRUDA;;;0;;Colis?â?úo;;;;Meio de Quadra;;;0;1;1;1;0;0;0;0;0;1;0;0;;
331107;24;6;2018;03:40;0;AV DIOGUINHO;;;0;;Colis?â?úo;;;;Meio de Quadra;;;0;1;1;1;0;0;0;0;0;1;0;0;;
331079;24;6;2018;00:21;0;AV JOSE BASTOS;;;0;;Colis?â?úo;;;;Meio de Quadra;;;0;1;1;0;0;0;0;0;0;0;0;0;;
331087;24;6;2018;00:25;0;AL MARIA TERESA;;;3050;;Colis?â?úo;;;;Meio de Quadra;;;0;1;1;1;0;0;0;0;0;1;0;0;-3,750510000000000;-38,469810000000000
331120;24;6;2018;07:20;11609;RUA CIDADE RIO BRANCO;RUA VITORIA (AV. PERIMETRAL);;0;;Colis?â?úo;Luz do Dia;;;;;;0;1;1;1;0;0;0;0;0;1;0;0;-3,766165000000000;-38,589066000000000
331117;24;6;2018;07:20;0;RUA VITORIA;;;568;;Colis?â?úo;Luz do Dia;;;Meio de Quadra;;;0;1;1;1;0;0;0;0;0;1;0;0;-3,761620700000000;-38,586798800000000
331110;24;6;2018;06:36;0;RUA SOBRAL D03;;;0;;Atropelamento;Luz do Dia;;;Meio de Quadra;;;0;1;1;0;0;0;0;0;0;1;0;0;;
331115;24;6;2018;06:40;17564;RUA ESTADO DO RIO;RUA PARA;;0;;Colis?â?úo;Luz do Dia;;;Cruz;Pare;Residencial;0;1;1;1;0;0;0;0;0;1;0;0;-3,752973000000000;-38,567337000000000
331131;24;6;2018;08:22;0;AV CESAR CALS;;;500;;Colis?â?úo;Luz do Dia;;;Meio de Quadra;;;0;1;1;1;0;0;0;0;0;1;0;0;-3,722600000000000;-38,463641000000000
331128;24;6;2018;07:23;0;VL DO MAR;;;1553;;Atropelamento;Luz do Dia;;;Meio de Quadra;;;0;1;1;0;0;0;0;0;0;1;0;0;;
331140;24;6;2018;10:18;0;RUA DOM SEBASTIAO LEME;;;477;;Queda;Luz do Dia;;;Meio de Quadra;;;0;1;0;0;0;1;0;0;0;0;0;0;-3,745785143000000;-38,526316714000000
331137;24;6;2018;08:43;23316;RUA ISRAEL BEZERRA;RUA SAO GABRIEL D56;;0;;Colis?â?úo;Luz do Dia;;;Cruz;Pare;Comercial;0;1;1;1;0;0;0;0;0;1;0;0;-3,750535000000000;-38,493263000000000
331160;24;6;2018;13:22;0;RUA CEL FABRICIANO;;;2511;;Queda;Luz do Dia;;;Meio de Quadra;;;0;1;0;0;0;0;0;0;0;1;0;0;-3,781241575000000;-38,613402850000000
331170;24;6;2018;16:05;23655;RUA PRO JOAQUIM ANTONIO;RUA BAR CRATO;;0;;Queda;Luz do Dia;;;Cruz;N?â?úo H?â?í Controle;Misto;0;1;0;0;0;0;0;0;0;1;0;0;-3,722755000000000;-38,565243000000000
331171;24;6;2018;16:33;0;RUA GERALDO BARBOSA;;;620;;Queda;Luz do Dia;;;Meio de Quadra;;;0;1;0;0;0;0;0;0;0;1;0;0;-3,793216623000000;-38,597989361000000
331167;24;6;2018;15:35;0;RUA TIBURCIO ALBANO;;;303;;Atropelamento;Luz do Dia;;;Meio de Quadra;;;0;1;1;0;0;0;0;0;0;1;0;0;-3,754848000000000;-38,579257000000000
331151;24;6;2018;11:00;15629;RUA AFONSO HENRIQUE;RUA TEN JOSE NEWTON;;0;;Colis?â?úo;Luz do Dia;;;Cruz;Pare;Residencial;0;2;1;1;0;0;0;0;0;1;0;0;-3,824534000000000;-38,491636000000000
331152;24;6;2018;11:51;19469;AV GAL OSORIO DE PAIVA;AV AUGUSTO DOS ANJOS;;0;;Atropelamento;Luz do Dia;;;;N?â?úo H?â?í Controle;Residencial;0;1;1;1;0;0;0;0;0;0;0;0;-3,787349000000000;-38,584939000000000
331264;25;6;2018;06:57;0;AV D CJ ESPERANCA;;;1285;;Colis?â?úo;Luz do Dia;;;Meio de Quadra;;;0;1;1;1;0;0;0;0;0;1;0;0;;
331274;25;6;2018;07:31;0;AV GAL OSORIO DE PAIVA;;;4979;;Colis?â?úo;Luz do Dia;;;Meio de Quadra;;;0;1;1;1;0;0;0;0;0;1;0;0;-3,801816400000000;-38,599245480000000
331333;25;6;2018;16:40;22297;AV BEZERRA DE MENEZES;RUA PDE ANCHIETA;;0;;Colis?â?úo;Luz do Dia;;;Cruz;Sem?â?íforo;Comercial;0;1;1;1;0;0;0;0;0;1;0;0;-3,733155000000000;-38,552298000000000
331291;25;6;2018;11:15;0;RUA PRO JOAO BOSCO;;;213;;Atropelamento;Luz do Dia;;;Meio de Quadra;;;0;1;1;0;1;0;0;0;0;0;0;0;-3,739492661000000;-38,546075696000000
331289;25;6;2018;10:10;0;AV WASHINGTON SOARES;;;8740;;Colis?â?úo;Luz do Dia;;;Meio de Quadra;;;0;1;1;0;0;0;0;0;0;1;0;0;-3,827339500000000;-38,482031000000000
331339;25;6;2018;17:51;0;RUA CANINDE D48;;;490;;Colis?â?úo;Anoitecer;;;Meio de Quadra;;;0;1;1;1;0;1;0;0;0;0;0;0;-3,727183200000000;-38,481839300000000
331359;25;6;2018;19:17;0;AV ALM HENRIQUE SABOIA;;;4097;;Queda;;;;Meio de Quadra;;;0;1;0;0;0;0;0;0;0;1;0;0;-3,751270000000000;-38,495680000000000
331360;25;6;2018;19:31;0;RUA ANTONIO ARRUDA;;;1468;;Colis?â?úo;;;;Meio de Quadra;;;0;1;1;1;0;0;0;0;0;1;0;0;-3,720770800000000;-38,594347900000000
331282;25;6;2018;08:09;14821;RUA SAO LAZARO;RUA DELTA;;0;;Colis?â?úo;Luz do Dia;;;;;;0;1;1;1;0;0;0;0;0;1;0;0;-3,801884000000000;-38,577455000000000
331278;25;6;2018;07:36;0;AV PERIMETRAL;;;415;;Colis?â?úo;Luz do Dia;;;Meio de Quadra;;;0;1;1;0;0;0;1;0;0;1;0;0;;
331279;25;6;2018;07:47;0;RUA CEL MATOS DOURADO;;;3309;;Colis?â?úo;Luz do Dia;;;Meio de Quadra;;;0;1;1;1;0;0;0;0;0;1;0;0;;
331287;25;6;2018;09:49;5269;AV DUQ CAXIAS;RUA PDE IBIAPINA;;0;;Queda;Luz do Dia;;;Cruz;Sem?â?íforo;Comercial;0;2;0;0;0;0;0;0;0;1;0;0;-3,728446000000000;-38,540226000000000
331295;25;6;2018;12:15;0;AV JOR THOMAZ COELHO;;;3621;;Queda;Luz do Dia;;;Meio de Quadra;;;0;1;0;0;0;0;0;0;0;1;0;0;-3,828230000000000;-38,517430000000000
331296;25;6;2018;13:05;0;RUA 3 CJ POLAR;;;35;;Colis?â?úo;Luz do Dia;;;Meio de Quadra;;;0;1;1;1;0;0;0;0;0;1;0;0;;
331297;25;6;2018;13:14;0;AV CARNEIRO DE MENDONCA;;;466;;Colis?â?úo;Luz do Dia;;;Meio de Quadra;;;0;1;1;0;0;0;0;0;0;0;0;0;-3,765392500000000;-38,563760700000000
331298;25;6;2018;13:54;0;AV DOS EXPEDICIONARIOS;;;465;;Colis?â?úo;Luz do Dia;;;Meio de Quadra;;;0;1;1;1;0;0;0;0;0;1;0;0;-3,745619300000000;-38,535145700000000
331299;25;6;2018;15:08;0;RUA CASTELO DE CASTRO (PICI);;;686;;Colis?â?úo;Luz do Dia;;;Meio de Quadra;;;0;1;1;1;0;0;0;0;0;1;0;0;;
331349;25;6;2018;18:50;17589;RUA CEARA;RUA ESPIRITO SANTO;;0;;Colis?â?úo;;;;Cruz;Pare;Residencial;0;1;1;0;0;0;0;0;0;1;0;0;-3,756095000000000;-38,570182000000000
327458;25;6;2018;18:47;98;AV MR HULL;RUA SALGADO FILHO;;0;;Colis?â?úo Lateral;;;;T;Pare;Residencial;0;1;1;0;1;0;0;0;0;1;0;0;-3,740213000000000;-38,595340000000000
327459;25;6;2018;15:40;0;RD BR 222;;;0;KM-02;Colis?â?úo Traseira;Luz do Dia;;;;;;0;1;1;1;0;0;0;0;0;1;0;0;-3,740362400000000;-38,596996100000000
327460;25;6;2018;14:15;0;RD BR 222;;;0;KM-01;Colis?â?úo Lateral;Luz do Dia;;;Meio de Quadra;;;0;1;2;0;0;0;0;0;0;1;0;0;-3,737698444000000;-38,578146930000000
327366;25;6;2018;06:53;5091;RUA CASTRO E SILVA;RUA GAL SAMPAIO;;0;;Colis?â?úo;Luz do Dia;;;Cruz;Sem?â?íforo;Comercial;0;1;1;1;0;0;0;0;0;1;0;0;-3,723098000000000;-38,529670000000000
327014;25;6;2018;06:53;19858;RUA ARMANDO MONTEIRO;RUA ANTONIO CORREIA LIMA;;0;;Colis?â?úo Transversal;Luz do Dia;Bom;Seca;Cruz;Pare;Residencial;0;1;1;1;0;0;0;0;0;1;0;0;-3,761806000000000;-38,541751000000000
327015;25;6;2018;06:21;0;RUA CON DE CASTRO;;;1000;;Colis?â?úo Traseira;Luz do Dia;Bom;Seca;Meio de Quadra;Outros;Residencial;0;1;1;1;0;0;0;0;0;1;0;0;-3,781914000000000;-38,570588000000000
327706;25;6;2018;07:30;0;RD CE-040;;;0;KM-07;Colis?â?úo;Luz do Dia;;Seca;Meio de Quadra;;;0;0;2;0;0;0;1;0;0;0;0;0;-3,817159445000000;-38,483032860000000
327719;25;6;2018;14:00;0;AV SEN CARLOS JEREISSATI (AEROPORTO);;;0;KM 04;Colis?â?úo;Luz do Dia;;Seca;Meio de Quadra;;;0;0;2;1;0;0;0;0;0;0;0;0;-3,774020000000000;-38,550907000000000
327722;25;6;2018;21:50;0;RD CE-040;;;0;KM-09;Colis?â?úo;Via Iluminada;;Seca;Meio de Quadra;;;0;0;2;1;0;0;0;0;0;0;0;0;-3,834450897000000;-38,482465820000000
323131;25;6;2018;08:06;25334;AV D CJ CEARA;AV B CJ CEARA;;0;;Colis?â?úo Lateral;Luz do Dia;Bom;Seca;T;N?â?úo H?â?í Controle;Residencial;0;0;1;1;0;0;0;0;0;1;0;0;-3,763611000000000;-38,602328000000000
323132;25;6;2018;08:36;0;AV VIENA WEYNE;;;1072;;Colis?â?úo Transversal;Luz do Dia;Bom;Seca;Meio de Quadra;N?â?úo H?â?í Controle;Residencial;0;1;1;1;0;0;0;0;0;1;0;0;-3,802600000000000;-38,484882000000000
323133;25;6;2018;06:29;15339;RUA FRE MANSUETO;RUA ANA BILHAR;;0;;Colis?â?úo Transversal;Luz do Dia;Bom;Seca;Cruz;Sem?â?íforo;Residencial;0;0;2;1;0;0;0;0;0;0;0;0;-3,731552000000000;-38,488841000000000
323134;25;6;2018;09:00;5214;RUA PEREIRA FILGUEIRAS;RUA DNA LEOPOLDINA;;0;;Colis?â?úo Lateral;Luz do Dia;Bom;Seca;Cruz;Pare;Residencial;0;0;2;1;0;0;0;0;0;0;0;0;-3,726647000000000;-38,518167000000000
323135;25;6;2018;09:18;1596;RUA PDE VALDEVINO;RUA OSVALDO CRUZ (ALDEOTA);;0;;Colis?â?úo Transversal;Luz do Dia;Bom;Seca;Cruz;Sem?â?íforo;Residencial;0;1;2;1;0;0;0;0;0;1;0;0;-3,743492000000000;-38,502862000000000
323136;25;6;2018;12:40;1706;RUA CAP CLOVIS MAIA;RUA CAP VASCONCELOS D46;;0;;Colis?â?úo Transversal;Luz do Dia;Bom;Seca;Cruz;Pare;Residencial;0;2;1;1;0;0;0;0;0;1;0;0;-3,769075000000000;-38,516432000000000
323137;25;6;2018;11:26;25328;RUA PORTO VELHO;RUA TUPI D35;;0;;Colis?â?úo Transversal;Luz do Dia;Bom;Seca;Cruz;Pare;Residencial;0;1;1;1;0;0;0;0;0;1;0;0;-3,768111000000000;-38,583018000000000
323143;25;6;2018;19:50;0;AV SGT HERMINIO SAMPAIO;;;2965;;Choque c/ Obst?â?ículo Fixo;Via Iluminada;Bom;Seca;Meio de Quadra;Sem?â?íforo;Comercial;0;0;2;1;0;0;0;0;0;0;0;0;-3,727342000000000;-38,566704000000000
323144;25;6;2018;21:50;19437;AV DR SILAS MUNGUBA;RUA CASIMIRO DE ABREU;;0;;Colis?â?úo Lateral;Via Iluminada;Bom;Seca;T;Sem?â?íforo;Residencial;0;0;2;1;0;0;0;0;0;0;0;0;-3,779395000000000;-38,560637000000000
323139;25;6;2018;16:08;0;AV JOR THOMAZ COELHO;;;1941;;Colis?â?úo Transversal;Luz do Dia;Bom;Seca;Meio de Quadra;;;0;1;1;0;0;0;0;0;0;1;0;0;-3,828820000000000;-38,513027000000000
323140;25;6;2018;19:35;19173;RUA ALMEIDA PRADO;RUA LAURO NOGUEIRA;;0;;Colis?â?úo Transversal;Via Iluminada;Bom;Seca;Cruz;Gesto;Comercial;0;0;2;1;1;0;0;0;0;0;0;0;-3,741333000000000;-38,474392000000000
323141;25;6;2018;17:07;0;RUA PEDRO I;RUA AGAPITO DOS SANTOS;;1717;;Colis?â?úo Lateral;Anoitecer;Bom;Seca;;;;0;2;0;0;0;0;0;0;0;1;0;0;-3,727811600000000;-38,539440000000000
324506;25;6;2018;17:37;7386;RUA BELEM;RUA PRO EDGAR DE ARRUDA;;0;;Colis?â?úo Transversal;Anoitecer;;;Cruz;Pare;Residencial;1;1;1;0;1;0;0;0;0;1;0;0;-3,754894000000000;-38,591051000000000
325686;25;6;2018;02:10;15339;RUA ANA BILHAR;RUA FRE MANSUETO;;0;;Colis?â?úo Transversal;;;;Cruz;Sem?â?íforo;Residencial;1;1;0;1;0;0;0;0;0;1;0;0;-3,731552000000000;-38,488841000000000
323152;26;6;2018;14:21;0;RUA JOAO CORDEIRO;;;613;;Colis?â?úo Lateral;Luz do Dia;Bom;Seca;Meio de Quadra;N?â?úo H?â?í Controle;Residencial;0;1;1;1;0;0;0;0;0;1;0;0;-3,725772900000000;-38,513138000000000
323153;26;6;2018;16:30;23453;RUA PAULO FIRMEZA;RUA CAP MELO;;0;;Colis?â?úo Transversal;Luz do Dia;Bom;Seca;Cruz;Pare;Residencial;0;0;2;1;0;0;0;0;0;0;0;0;-3,757131000000000;-38,512966000000000
323154;26;6;2018;16:10;4194;AV FRANCISCO SA;AV TEN LISBOA;;0;;Colis?â?úo Transversal;Luz do Dia;Bom;Seca;Com Via F?â?®rrea;Cancela;Comercial;0;1;1;1;0;0;0;0;0;0;0;0;-3,717874000000000;-38,555953000000000
323155;26;6;2018;18:20;4253;RUA MARIO STUDART;RUA CARIRIACU;;0;;Colis?â?úo Transversal;Anoitecer;Bom;Seca;Cruz;Pare;Residencial;0;1;1;1;0;0;0;0;0;1;0;0;-3,720739000000000;-38,550846000000000
323156;26;6;2018;18:06;24283;RUA CASTRO MONTE;AV ANTONIO JUSTA;;0;;Colis?â?úo Transversal;Anoitecer;Bom;Seca;Cruz;Pare;Residencial;0;1;2;1;0;0;0;0;0;1;0;0;-3,730583000000000;-38,486149000000000
323157;26;6;2018;20:28;24968;RUA VILEBALDO AGUIAR;AV ALM HENRIQUE SABOIA;;0;;Colis?â?úo Lateral;Via Iluminada;Bom;Seca;T;Pare;Comercial;0;0;2;1;1;0;0;0;0;0;0;0;-3,740626000000000;-38,487544000000000
323158;26;6;2018;21:02;1375;AV SANTOS DUMONT;RUA BARBOSA DE FREITAS;;0;;Colis?â?úo Transversal;Via Iluminada;Bom;Seca;Cruz;Sem?â?íforo;Comercial;0;1;1;1;0;0;0;0;0;1;0;0;-3,736551000000000;-38,497363000000000
323145;26;6;2018;08:47;0;RUA VIA LACTEA;;;155;;Colis?â?úo Traseira;Luz do Dia;Bom;Seca;Meio de Quadra;N?â?úo H?â?í Controle;Residencial;0;0;2;1;0;0;0;0;0;0;0;0;-3,762005000000000;-38,529156000000000
323147;26;6;2018;10:12;0;RUA FRANCISCO LORDA;;;307;;Colis?â?úo;Luz do Dia;Bom;Seca;Meio de Quadra;N?â?úo H?â?í Controle;Comercial;0;1;1;1;0;0;0;0;0;1;0;0;-3,761659900000000;-38,532116000000000
323148;26;6;2018;10:05;10703;RUA PRO HERIBALDO COSTA;RUA PRO PAULO LOPES;;0;;Colis?â?úo;Luz do Dia;Bom;Seca;T;Pare;Residencial;0;1;1;1;0;0;0;0;0;0;0;0;-3,758020000000000;-38,582800000000000
323149;26;6;2018;13:57;7926;AV ANTONIO SALES;RUA BARBOSA DE FREITAS;;0;;Colis?â?úo Lateral;Luz do Dia;Bom;Seca;Cruz;Sem?â?íforo;Comercial;0;1;1;1;0;0;0;0;0;1;0;0;-3,746051000000000;-38,500407000000000
323150;26;6;2018;13:42;0;RUA HOLANDA;;;580;;Colis?â?úo Lateral;Luz do Dia;Bom;Seca;Meio de Quadra;Pare;Residencial;0;2;1;1;0;0;0;0;0;1;0;0;-3,796735800000000;-38,562810000000000
327723;26;6;2018;08:00;0;RD CE-040;;;0;KM-05;Colis?â?úo;Luz do Dia;;Seca;Meio de Quadra;;;0;0;2;1;0;0;0;0;0;0;0;0;-3,800595823000000;-38,479534630000000
327729;26;6;2018;12:00;0;RD CE-025;;;0;KM-02;Colis?â?úo;Luz do Dia;;Seca;Meio de Quadra;;;0;0;2;1;0;0;0;0;0;0;0;0;-3,807634505000000;-38,461084520000000
327726;26;6;2018;08:15;0;RD CE-040;;;0;KM-04;Colis?â?úo;Luz do Dia;;Seca;Meio de Quadra;;;0;0;2;1;0;0;0;0;0;0;0;0;-3,791613156000000;-38,480330840000000
326974;26;6;2018;05:15;455;RUA PORTO ALEGRE;RUA BELEM;;0;;Choque c/ Obst?â?ículo Fixo;Amanhecer;Bom;Seca;Cruz;Pare;Residencial;0;0;1;1;0;0;0;0;0;0;0;0;-3,758893000000000;-38,593146000000000
327020;26;6;2018;10:20;0;RUA URUCUTUBA;;;0;;Choque c/ Obst?â?ículo Fixo;Luz do Dia;Bom;Seca;Meio de Quadra;Pare;Residencial;0;0;1;0;1;0;0;0;0;0;0;0;;
327023;26;6;2018;04:22;0;AV GAL OSORIO DE PAIVA;;;2955;;Colis?â?úo Transversal;Via Iluminada;Bom;Seca;Meio de Quadra;Sem?â?íforo;Comercial;0;1;1;0;1;0;0;0;0;1;0;0;-3,789256000000000;-38,587028000000000
327359;26;6;2018;15:20;0;RUA HAROLDO TORRES;;;0;;Colis?â?úo;Luz do Dia;;;Meio de Quadra;;;0;0;2;1;0;0;0;0;0;1;0;0;;
327355;26;6;2018;16:50;0;RUA FRANCISCO BENTO;;;0;;Colis?â?úo;Luz do Dia;;;;;;0;1;1;0;0;0;0;0;0;1;0;0;;
331368;26;6;2018;10:31;0;RUA DA LIBERDADE;;;225;;Colis?â?úo;Luz do Dia;;;Meio de Quadra;;;0;1;1;1;0;0;0;0;0;1;0;0;;
331392;26;6;2018;12:09;0;RD BR 116;;;489;;Queda;Luz do Dia;;;Meio de Quadra;;;0;1;0;0;0;0;0;0;0;1;0;0;-3,795995900000000;-38,507208800000000
331385;26;6;2018;11:17;0;AV DA UNIVERSIDADE;;;0;;Atropelamento;Luz do Dia;;;Meio de Quadra;;;0;1;1;1;0;0;0;0;0;0;0;0;;
331389;26;6;2018;11:19;0;AV MR HULL;;;0;;Atropelamento;Luz do Dia;;;Meio de Quadra;;;0;1;1;0;0;0;0;0;0;1;0;0;;
331400;26;6;2018;13:25;0;LOGRADOURO SEM NOME;;;0;;Colis?â?úo;Luz do Dia;;;Meio de Quadra;;;0;1;1;1;0;0;0;0;0;1;0;0;;
331403;26;6;2018;14:02;0;RUA METON DE ALENCAR;;;1791;;Atropelamento;Luz do Dia;;;Meio de Quadra;;;0;2;0;0;0;0;0;0;0;1;0;0;-3,730747000000000;-38,539573000000000
331404;26;6;2018;14:35;0;RUA PDE GUERRA;;;1479;;Colis?â?úo;Luz do Dia;;;Meio de Quadra;;;0;2;0;1;0;0;0;0;0;1;0;0;-3,738936000000000;-38,557731000000000
331405;26;6;2018;15:18;0;RUA AZEVEDO BOLAO;;;346;;Colis?â?úo;Luz do Dia;;;Meio de Quadra;;;0;1;1;1;0;0;0;0;0;1;0;0;-3,734606500000000;-38,547726000000000
331450;26;6;2018;16:26;0;AV FRANCISCO SA;;;6061;;Atropelamento;Luz do Dia;;;Meio de Quadra;;;0;1;1;0;0;0;0;0;0;1;0;0;-3,709903800000000;-38,579229600000000
331451;26;6;2018;16:46;0;RUA PEDRO PEREIRA;;;175;;Colis?â?úo;Luz do Dia;;;Meio de Quadra;;;0;1;1;1;0;0;0;0;0;1;0;0;-3,730116000000000;-38,527197000000000
331457;26;6;2018;18:16;0;AV JOSE BASTOS;;;258;;Atropelamento;Anoitecer;;;Meio de Quadra;;;0;1;1;0;0;1;0;0;0;0;0;0;-3,742306400000000;-38,542900600000000
331458;26;6;2018;18:21;9243;AV DOS EXPEDICIONARIOS;AV EDUARDO GIRAO;;0;;Colis?â?úo;Anoitecer;;;Cruz;Sem?â?íforo;Comercial;0;1;1;0;0;0;0;0;0;0;0;0;-3,750712000000000;-38,536849000000000