COD_ACIDENTE;DIA;MES;ANO;HORA;INTERSECAO;LOG1;LOG2;LOG3;NUMERO;REFERENCIA;NATUREZA;ILUMINACAO;TEMPO;SUPERFICIEPISTA;TIPOCRUZAMENTO;CONTROLETRAFEGO;USOSOLO;MORTOS;FERIDOS;ILESOS;AUTOMOVEL;ONIBUS;BICICLETA;CAMINHAO;MICROONIBUS;CICLOMOTOR;MOTOCICLETA;TRACAOANIMAL;TREM;LATITUDE;LONGITUDE
331459;26;6;2018;18:30;25486;AV ALBERTO CRAVEIRO;AV SEN CARLOS JEREISSATI (AEROPORTO);;0;;Colis?â?úo;Anoitecer;;;Y;N?â?úo H?â?í Controle;Comercial;0;1;1;0;0;0;0;0;0;1;0;0;-3,783767000000000;-38,516874000000000
331460;26;6;2018;18:42;0;AV FRANCISCO SA;;;0;;Colis?â?úo;;;;Meio de Quadra;;;0;1;1;1;0;0;0;0;0;1;0;0;;
331461;26;6;2018;19:03;0;AV CASTELO DE CASTRO;;;1404;;Colis?â?úo;;;;Meio de Quadra;;;0;1;1;0;0;0;0;0;0;0;0;0;-3,841779588000000;-38,521687447000000
331453;26;6;2018;17:32;19678;RUA GUSTAVO SAMPAIO;RUA COS VIEIRA DA SILVA;;0;;Atropelamento;Anoitecer;;;Cruz;Pare;Comercial;0;1;1;0;0;0;0;0;0;1;0;0;-3,734991000000000;-38,555148000000000
331454;26;6;2018;17:38;0;RUA URUCUTUBA;;;400;;Queda;Anoitecer;;;Meio de Quadra;;;0;1;0;0;0;0;0;0;0;1;0;0;-3,796790000000000;-38,602440000000000
331523;26;6;2018;19:57;0;AV FRE CIRILO;;;1620;;Colis?â?úo;;;;Meio de Quadra;;;0;1;1;1;0;0;0;0;0;1;0;0;-3,824157500000000;-38,494530500000000
331525;26;6;2018;20:57;19436;AV AUGUSTO DOS ANJOS;RUA SEIXAS CORREIA;;0;;Colis?â?úo;;;;Cruz;Sem?â?íforo;Comercial;0;1;1;1;0;0;0;0;0;1;0;0;-3,779412000000000;-38,578496000000000
331361;26;6;2018;07:01;0;AV AUGUSTO DOS ANJOS;;;489;;Colis?â?úo;Luz do Dia;;;Meio de Quadra;;;0;1;1;1;0;0;0;0;0;1;0;0;-3,773047000000000;-38,572792100000000
331362;26;6;2018;07:30;0;RUA POMPILIO GOMES;;;623;;Colis?â?úo;Luz do Dia;;;Meio de Quadra;;;0;1;1;0;0;0;0;0;0;0;0;0;;
331363;26;6;2018;08:03;0;AV PRS JUSCELINO KUBITSCHEK (PASSAR?âÔÇ?);;;0;;Colis?â?úo;Luz do Dia;;;Meio de Quadra;;;0;1;1;1;0;0;0;0;0;1;0;0;;
331364;26;6;2018;08:05;0;RUA PRO VIRGILIO DE MORAIS;;;136;;Colis?â?úo;Luz do Dia;;;Meio de Quadra;;;0;1;1;1;0;0;0;0;0;1;0;0;-3,759122800000000;-38,596459200000000
331365;26;6;2018;10:05;0;RUA FONSECA LOBO;;;306;;Colis?â?úo;Luz do Dia;;;Meio de Quadra;;;0;1;1;1;0;0;0;0;0;1;0;0;-3,739961242000000;-38,489888000000000
331366;26;6;2018;10:09;0;AV SEN FERNANDES TAVORA;;;0;;Colis?â?úo;Luz do Dia;;;Meio de Quadra;;;0;1;1;1;0;0;0;0;0;1;0;0;;
331527;27;6;2018;08:10;0;RUA METON DE ALENCAR;;;1675;;Atropelamento;Luz do Dia;;;Meio de Quadra;;;0;1;1;0;0;0;0;0;0;1;0;0;-3,731081334000000;-38,538573667000000
331528;27;6;2018;09:10;0;AV GOV LEONEL BRIZOLA;;;393;;Queda;Luz do Dia;;;Meio de Quadra;;;0;1;0;0;0;0;0;0;0;1;0;0;;
331530;27;6;2018;10:13;0;AV MOZART PINHEIRO DE LUCENA;;;1792;;Atropelamento;Luz do Dia;;;Meio de Quadra;;;0;1;1;0;0;0;0;0;0;1;0;0;-3,718566769000000;-38,595766692000000
331531;27;6;2018;11:00;0;AV FRANCISCO SA;;;6623;;Atropelamento;Luz do Dia;;;Meio de Quadra;;;0;2;0;0;0;0;0;0;0;1;0;0;-3,707983000000000;-38,583349000000000
331610;27;6;2018;14:24;0;AV ENG HUMBERTO MONTE;;;1934;;Queda;Luz do Dia;;;Meio de Quadra;;;0;1;0;0;0;0;0;0;0;1;0;0;-3,743862000000000;-38,564784000000000
331611;27;6;2018;14:33;0;AV PONTES VIEIRA;;;488;;Colis?â?úo;Luz do Dia;;;Meio de Quadra;;;0;1;1;0;0;0;0;0;0;1;0;0;-3,753050000000000;-38,516289000000000
331612;27;6;2018;17:15;0;AV FRANCISCO SA;;;9393;;Colis?â?úo;Anoitecer;;;Meio de Quadra;;;0;1;1;1;0;0;0;0;0;1;0;0;;
331614;27;6;2018;17:24;0;AV GAL OSORIO DE PAIVA;;;4675;;Colis?â?úo;Anoitecer;;;Meio de Quadra;;;0;1;1;0;0;0;0;0;0;0;0;0;-3,800074909000000;-38,597563727000000
331615;27;6;2018;17:43;0;RUA BULGARIA;;;990;;Colis?â?úo;Anoitecer;;;Meio de Quadra;;;0;1;1;1;0;0;0;0;0;1;0;0;-3,800119020000000;-38,579587647000000
331552;27;6;2018;14:08;0;RUA CEL FRANCISCO PEREIRA (MESSEJANA);;;290;;Atropelamento;Luz do Dia;;;Meio de Quadra;;;0;1;1;1;0;0;0;0;0;0;0;0;-3,831206800000000;-38,493012500000000
331553;27;6;2018;14:14;0;RUA FRANCISCO PAIVA;;;0;;Atropelamento;Luz do Dia;;;Meio de Quadra;;;0;1;1;0;0;0;0;0;0;1;0;0;;
331555;27;6;2018;14:20;0;AV DIOGUINHO;;;940;;Colis?â?úo;Luz do Dia;;;Meio de Quadra;;;0;1;1;1;0;0;0;0;0;1;0;0;;
331550;27;6;2018;14:06;0;AV JOSE BASTOS;;;4536;;Queda;Luz do Dia;;;Meio de Quadra;;;0;1;0;0;0;0;0;0;0;1;0;0;-3,756192000000000;-38,556737499000000
331543;27;6;2018;13:26;0;RUA MAL BITENCOURT;;;543;;Colis?â?úo;Luz do Dia;;;Meio de Quadra;;;0;1;1;0;0;0;0;0;0;1;0;0;-3,788586000000000;-38,529073000000000
331539;27;6;2018;12:30;0;RUA PRIMEIRO DE MAIO D34;;;1988;;Atropelamento;Luz do Dia;;;Meio de Quadra;;;0;1;1;0;0;0;0;0;0;1;0;0;-3,779847300000000;-38,599419279000000
331535;27;6;2018;11:19;0;RUA DO CONTORNO UI 302;;;0;;Colis?â?úo;Luz do Dia;;;Meio de Quadra;;;0;1;1;0;0;0;0;0;0;0;0;0;;
331536;27;6;2018;12:10;0;AV GOV RAUL BARBOSA;;;5720;;Colis?â?úo;Luz do Dia;;;Meio de Quadra;;;0;1;1;0;0;0;0;0;0;1;0;0;-3,768196500000000;-38,509800000000000
331618;27;6;2018;18:29;25119;RUA BAR AQUIRAZ;RUA MIGUEL COUTO;;0;;Colis?â?úo;Anoitecer;;;Cruz;Pare;Residencial;0;1;1;1;0;0;0;0;0;1;0;0;-3,837441000000000;-38,487996000000000
331619;27;6;2018;18:48;0;AV BEZERRA DE MENEZES;;;0;;Atropelamento;;;;Meio de Quadra;;;0;1;1;1;0;0;0;0;0;0;0;0;;
331620;27;6;2018;18:55;0;RUA BOM JESUS (JD DAS OLIVEIRAS);;;3884;;Colis?â?úo;;;;Meio de Quadra;;;0;1;1;1;0;0;0;0;0;0;0;0;;
331622;27;6;2018;19:36;0;RUA ALMEIDA PRADO;;;3050;;Colis?â?úo;;;;Meio de Quadra;;;0;1;1;1;0;0;0;0;0;1;0;0;-3,742520000000000;-38,474790000000000
331631;27;6;2018;21:23;0;RUA OSCAR ARARIPE;;;544;;Colis?â?úo;;;;Meio de Quadra;;;0;1;1;1;0;0;0;0;0;1;0;0;-3,792186000000000;-38,596202000000000
331632;27;6;2018;21:24;0;AV GAL OSORIO DE PAIVA;;;7774;;Colis?â?úo;;;;Meio de Quadra;;;0;1;1;1;0;0;0;0;0;1;0;0;-3,820373122000000;-38,617230838000000
331633;27;6;2018;21:38;0;AV BORGES DE MELO;;;1309;;Colis?â?úo;;;;Meio de Quadra;;;0;1;1;0;0;0;0;0;0;0;0;0;-3,759452455000000;-38,530617546000000
331634;27;6;2018;22:54;0;RUA FRANCISCO MACHADO;;;219;;Atropelamento;;;;Meio de Quadra;;;0;1;1;0;0;0;0;0;0;1;0;0;-3,805950000000000;-38,607630000000000
331626;27;6;2018;20:09;0;RUA ROSA MISTICA;;;91;;Queda;;;;Meio de Quadra;;;0;2;0;0;0;0;0;0;0;1;0;0;-3,796236600000000;-38,605119700000000
331628;27;6;2018;20:23;0;AV PRS CASTELO BRANCO;;;2181;;Colis?â?úo;;;;Meio de Quadra;;;0;1;1;0;0;0;0;0;0;0;0;0;-3,714112844000000;-38,547525740000000
331629;27;6;2018;21:10;0;AV GAL OSORIO DE PAIVA;;;0;;Atropelamento;;;;Meio de Quadra;;;0;1;1;1;0;0;0;0;0;0;0;0;;
331547;27;6;2018;13:47;19271;RUA CAIO PRADO;AV GAL OSORIO DE PAIVA;;0;;Colis?â?úo;Luz do Dia;;;T;Pare;Comercial;0;1;1;1;0;0;0;0;0;1;0;0;-3,773190000000000;-38,563447000000000
330655;27;6;2018;18:36;0;AV DUQ CAXIAS;;;225;;Atropelamento;;;;Meio de Quadra;;;0;1;1;1;0;0;0;0;0;0;0;0;-3,727909600000000;-38,542357800000000
327352;27;6;2018;04:30;0;AV WASHINGTON SOARES;;;2340;;Atropelamento;Amanhecer;Bom;Seca;Meio de Quadra;;;1;0;1;1;0;0;0;0;0;0;0;0;-3,777966572000000;-38,481462857000000
327055;27;6;2018;07:40;0;AV PRS CASTELO BRANCO;;;314;;Colis?â?úo Traseira;Luz do Dia;Bom;Seca;Meio de Quadra;Sem?â?íforo;Misto;0;1;1;1;0;0;0;0;0;1;0;0;;
327057;27;6;2018;10:20;22937;AV DR SILAS MUNGUBA;RUA GOV JOAO CARLOS;;0;;Colis?â?úo Transversal;Luz do Dia;Bom;Seca;T;Sem?â?íforo;Comercial;0;1;1;1;0;0;0;0;0;1;0;0;-3,783950000000000;-38,553910000000000
327734;27;6;2018;08:00;0;RD CE-040;;;0;KM-10;Colis?â?úo;Luz do Dia;;Seca;Meio de Quadra;;;0;0;3;1;0;0;0;0;0;0;0;0;-3,842576660000000;-38,480882840000000
327742;27;6;2018;18:19;0;RD CE-025;;;0;KM-05;Choque c/ Obst?â?ículo Fixo;Anoitecer;;Seca;Meio de Quadra;;;0;2;0;0;0;0;0;0;0;1;0;0;-3,809573817000000;-38,435948220000000
323159;27;6;2018;04:49;0;AV DOS EXPEDICIONARIOS;;;4800;;Capotamento;Luz do Dia;Bom;Seca;Meio de Quadra;N?â?úo H?â?í Controle;Comercial;0;1;0;0;0;0;0;0;0;0;0;0;-3,761279905000000;-38,540081238000000
323161;27;6;2018;13:25;0;AV ABOLICAO;;;2111;;Colis?â?úo Lateral;Luz do Dia;Bom;Seca;Meio de Quadra;Sem?â?íforo;Comercial;0;1;1;1;0;0;0;0;0;1;0;0;-3,725660800000000;-38,499996000000000
323162;27;6;2018;18:58;0;AV CONTORNO (CASTEL?âãÆO);RUA M ESPLANADA CASTELAO;;0;;Colis?â?úo Lateral;Via Iluminada;Bom;Seca;T;Pare;Comercial;0;1;1;0;1;0;0;0;0;1;0;0;-3,809077700000000;-38,520416000000000
323163;27;6;2018;18:26;10791;RUA PORTO VELHO;RUA NATAL;;0;;Colis?â?úo Transversal;Anoitecer;Bom;Seca;Cruz;Pare;Residencial;0;1;1;0;1;0;0;0;0;1;0;0;-3,762901000000000;-38,592785000000000
323164;27;6;2018;19:37;0;AV JOSE JATAHY;;;777;;Colis?â?úo;Via Iluminada;Bom;Seca;Meio de Quadra;N?â?úo H?â?í Controle;Comercial;0;1;1;1;0;0;0;0;0;1;0;0;-3,727397700000000;-38,545807000000000
323165;27;6;2018;19:00;0;AV PRS COSTA E SILVA;;;2382;;Colis?â?úo Transversal;Mal Iluminada;Bom;Seca;Meio de Quadra;N?â?úo H?â?í Controle;Residencial;1;3;0;0;0;1;0;0;0;1;0;0;-3,820068402000000;-38,560538916000000
323166;28;6;2018;02:28;18123;AV DIOGUINHO;RUA IPAMERIM;;0;;Choque c/ Obst?â?ículo Fixo;Via Iluminada;Bom;Seca;Y;N?â?úo H?â?í Controle;Comercial;0;1;0;1;0;0;0;0;0;0;0;0;-3,747390000000000;-38,450179000000000
323167;28;6;2018;10:00;0;AV ANTONIO SALES;;;3233;;Colis?â?úo Traseira;Luz do Dia;Bom;Seca;Meio de Quadra;N?â?úo H?â?í Controle;Comercial;0;0;2;1;0;0;0;0;0;0;0;0;-3,747587700000000;-38,495365000000000
323168;28;6;2018;11:07;0;RUA EUGENIO GADELHA;;;0;;N?â?úo Informado;Luz do Dia;Bom;Seca;Cruz;Pare;Residencial;0;1;1;1;0;0;0;0;0;1;0;0;-3,761348200000000;-38,549286000000000
323169;28;6;2018;14:14;0;AV GOV RAUL BARBOSA;;;7318;;Engavetamento;Luz do Dia;Bom;Seca;Meio de Quadra;N?â?úo H?â?í Controle;Comercial;0;0;3;1;0;0;0;0;0;0;0;0;-3,775825500000000;-38,513115000000000
323170;28;6;2018;11:37;21849;RUA DNA LUCIA PINHEIRO (QUINTINO CUNHA);RUA IPIRANGA D29;;0;;Colis?â?úo Transversal;Luz do Dia;Bom;Seca;Duplo T;Pare;Comercial;0;2;0;0;0;0;0;0;0;1;0;0;-3,731947000000000;-38,598103000000000
323171;28;6;2018;16:07;15360;AV DOM LUIS;AV DES MOREIRA;;0;PRACA PORTUGAL;Colis?â?úo Transversal;Luz do Dia;Bom;Seca;Rotat?â??ria;N?â?úo H?â?í Controle;Comercial;0;0;2;0;1;0;0;0;0;0;0;0;-3,733239000000000;-38,497383000000000
323172;28;6;2018;16:26;15343;RUA NUNES VALENTE;RUA PEREIRA FILGUEIRAS;;0;;Colis?â?úo Transversal;Luz do Dia;Bom;Seca;Cruz;Sem?â?íforo;Residencial;1;0;1;0;1;0;0;0;0;1;0;0;-3,731786000000000;-38,502310000000000
323173;28;6;2018;16:35;1716;AV GOV RAUL BARBOSA;RUA CAP ARAGAO;;0;;Colis?â?úo Lateral;Luz do Dia;Bom;Seca;Rotat?â??ria;N?â?úo H?â?í Controle;Residencial;0;0;2;0;1;0;0;0;0;0;0;0;-3,763977000000000;-38,508802000000000
323174;28;6;2018;18:03;1343;AV SEN VIRGILIO TAVORA;RUA MARCOS MACEDO;;0;;Colis?â?úo Transversal;Anoitecer;Bom;Seca;Cruz;Gesto;Comercial;0;1;1;1;0;0;0;0;0;1;0;0;-3,735843000000000;-38,492845000000000
323175;28;6;2018;18:30;6737;AV PDE ANTONIO TOMAS;AV ENG SANTANA JUNIOR;;0;;Choque c/ Obst?â?ículo Fixo;Via Iluminada;Bom;Seca;Meio de Quadra;N?â?úo H?â?í Controle;Comercial;0;1;1;1;0;0;0;0;0;1;0;0;-3,743981000000000;-38,488012000000000
323176;28;6;2018;19:50;0;AV JOSE LEON;RUA QUATRO IRMAOS;;1078;;Colis?â?úo Transversal;Via Iluminada;Bom;Seca;Meio de Quadra;Pare;Residencial;0;1;1;0;0;0;0;0;0;1;0;0;-3,787560200000000;-38,502750000000000
327058;28;6;2018;15:30;5357;RUA MAJ FACUNDO;RUA PEDRO I;;0;;Colis?â?úo Lateral;Luz do Dia;Bom;Seca;Cruz;Pare;Comercial;0;2;1;1;0;0;0;0;0;1;0;0;-3,731113000000000;-38,528990000000000
327350;28;6;2018;16:40;0;AV C CJ CEARA;;;1859;;Colis?â?úo;Luz do Dia;;;Meio de Quadra;;;0;0;2;1;0;0;0;0;0;0;0;0;-3,774840000000000;-38,615860000000000
327454;28;6;2018;22:00;0;RD BR 116;;;3000;KM-03;Choque c/ Obst?â?ículo Fixo;;;;Meio de Quadra;;;0;0;1;1;0;0;0;0;0;0;0;0;-3,779838000000000;-38,514372000000000
331710;28;6;2018;23:19;0;RUA ESTEVAO DE MELO;;;101;;Atropelamento;;;;Meio de Quadra;;;0;1;1;0;0;0;0;0;0;1;0;0;-3,839181300000000;-38,579733200000000
331708;28;6;2018;21:54;22051;RUA PRO JOAO BOSCO;RUA CAP FRANCISCO PEDRO;;0;;Colis?â?úo;;;;Cruz;Pare;Residencial;0;1;1;0;0;0;0;0;0;0;0;0;-3,741524000000000;-38,543795000000000
331706;28;6;2018;21:43;0;RUA ASTROGILDO FONTOURA;;;697;;Queda;;;;Meio de Quadra;;;0;1;0;0;0;1;0;0;0;0;0;0;-3,712063000000000;-38,585095000000000
331693;28;6;2018;13:32;0;RUA ALM RUBIM;;;1456;;Queda;Luz do Dia;;;Meio de Quadra;;;0;1;0;0;0;0;0;0;0;1;0;0;-3,770114316000000;-38,556371632000000
331694;28;6;2018;15:46;0;AV ALBERTO CRAVEIRO;;;0;;Colis?â?úo;Luz do Dia;;;Meio de Quadra;;;0;2;0;1;0;0;0;0;0;1;0;0;;
331695;28;6;2018;16:57;0;AV H CJ CEARA;;;1832;;Colis?â?úo;Luz do Dia;;;Meio de Quadra;;;0;1;1;1;0;0;0;0;0;1;0;0;-3,776383000000000;-38,615228000000000
331696;28;6;2018;16:58;0;RUA ROSA CRUZ;;;169;;Queda;Luz do Dia;;;Meio de Quadra;;;0;1;0;0;0;0;0;0;0;1;0;0;-3,799146000000000;-38,566105900000000
331697;28;6;2018;17:00;7710;AV CARNEIRO DE MENDONCA;RUA PEDRO MUNIZ;;0;;Colis?â?úo;Anoitecer;;;Cruz;Pare;Comercial;0;2;0;1;0;0;0;0;0;1;0;0;-3,765627000000000;-38,563646000000000
331698;28;6;2018;17:34;0;AV LAURO VIEIRA CHAVES;;;1080;;Colis?â?úo;Anoitecer;;;Meio de Quadra;;;0;1;1;1;0;0;0;0;0;1;0;0;-3,772012502000000;-38,536866999000000
331699;28;6;2018;18:03;0;AV WASHINGTON SOARES;;;6623;;Atropelamento;Anoitecer;;;Meio de Quadra;;;0;1;1;0;0;0;0;0;0;1;0;0;-3,816301475000000;-38,482468898000000
331685;28;6;2018;11:01;0;RUA PAULO RIBEIRO;;;40;;Queda;Luz do Dia;;;Meio de Quadra;;;0;1;0;0;0;1;0;0;0;0;0;0;;
331679;28;6;2018;09:37;0;AV FRE CIRILO;;;0;;Colis?â?úo;Luz do Dia;;;Meio de Quadra;;;0;2;0;0;0;0;0;0;0;0;0;0;;
331677;28;6;2018;08:47;0;RUA PDE PERDIGAO SAMPAIO;;;419;;Queda;Luz do Dia;;;Meio de Quadra;;;0;1;0;0;0;0;0;0;0;1;0;0;-3,728410900000000;-38,571525300000000
331674;28;6;2018;07:56;5395;RUA TEREZA CRISTINA;RUA ANTONIO POMPEU;;0;;Colis?â?úo;Luz do Dia;;;Cruz;Pare;Comercial;0;1;1;1;0;0;0;0;0;1;0;0;-3,732340000000000;-38,538356000000000
331670;28;6;2018;07:09;0;AV ROGACIANO LEITE;;;1999;;Atropelamento;Luz do Dia;;;Meio de Quadra;;;0;1;1;0;1;0;0;0;0;0;0;0;-3,771987000000000;-38,498526000000000
331671;28;6;2018;07:41;0;AV PRS CASTELO BRANCO;;;2675;;Atropelamento;Luz do Dia;;;Meio de Quadra;;;0;2;0;0;0;0;0;0;0;1;0;0;-3,712775175000000;-38,551752566000000
331712;29;6;2018;06:48;0;AV ALBERTO CRAVEIRO;;;0;;Colis?â?úo;Luz do Dia;;;Meio de Quadra;;;0;1;1;1;0;0;0;0;0;1;0;0;;
331713;29;6;2018;07:01;0;AV GAL OSORIO DE PAIVA;;;8110;;Colis?â?úo;Luz do Dia;;;Meio de Quadra;;;0;1;1;1;0;0;0;0;0;1;0;0;-3,821695727000000;-38,618528890000000
331718;29;6;2018;08:02;0;RUA JACINTO MATOS;;;558;;Colis?â?úo;Luz do Dia;;;Meio de Quadra;;;0;1;1;1;0;0;0;0;0;1;0;0;-3,715973500000000;-38,546449000000000
331719;29;6;2018;09:50;0;ET PICI;;;0;;Queda;Luz do Dia;;;Meio de Quadra;;;0;0;1;0;0;1;0;0;0;0;0;0;;
331715;29;6;2018;07:03;26236;RUA BERNARDO MANUEL;AV DR SILAS MUNGUBA;;0;;Colis?â?úo;Luz do Dia;;;Cruz;Sem?â?íforo;Comercial;0;1;1;1;0;1;0;0;0;0;0;0;-3,787538000000000;-38,547960000000000
331722;29;6;2018;10:23;0;RUA 26 BATALHAO;;;437;;Queda;Luz do Dia;;;Meio de Quadra;;;0;1;0;0;0;0;0;0;0;1;0;0;-3,718371400000000;-38,598664300000000
331723;29;6;2018;10:47;0;RD QUARTO ANEL VIARIO;;;1700;;Colis?â?úo;Luz do Dia;;;Meio de Quadra;;;0;1;1;1;0;0;0;0;0;1;0;0;-3,863304179000000;-38,524632284000000
331724;29;6;2018;11:03;0;RUA JOSE MENDONCA;;;160;;Colis?â?úo;Luz do Dia;;;Meio de Quadra;;;0;1;1;0;0;0;0;0;0;1;0;0;-3,760784400000000;-38,602729600000000
331731;29;6;2018;11:57;25063;AV DOS EXPEDICIONARIOS;RUA ARMANDO MONTEIRO;;0;;Colis?â?úo;Luz do Dia;;;Cruz;Pare;Comercial;0;1;1;1;0;0;0;0;0;1;0;0;-3,762230000000000;-38,540372000000000
331732;29;6;2018;12:47;326;RUA NESTOR BARBOSA;RUA PRO LINO ENCARNACAO;;0;;Colis?â?úo;Luz do Dia;;;Cruz;Pare;Misto;0;1;1;1;0;0;0;0;0;1;0;0;-3,744954000000000;-38,559892000000000
331733;29;6;2018;13:39;0;AV BEZERRA DE MENEZES;;;1643;;Colis?â?úo;Luz do Dia;;;Meio de Quadra;;;0;1;1;1;0;0;0;0;0;1;0;0;-3,734623639000000;-38,559485128000000
331734;29;6;2018;14:17;0;RUA PERILIO TEIXEIRA;;;510;;Colis?â?úo;Luz do Dia;;;Meio de Quadra;;;0;1;1;0;0;0;0;0;0;1;0;0;-3,817000200000000;-38,479663700000000
331726;29;6;2018;11:19;26072;RUA JOAO FAUSTINO RIBEIR;AV GAL OSORIO DE PAIVA;;0;;Queda;Luz do Dia;;;T;Pare;Residencial;0;1;0;0;0;0;0;0;0;1;0;0;-3,801473000000000;-38,598915000000000
331729;29;6;2018;11:45;0;RUA ALVARO MACIEL;;;957;;Colis?â?úo;Luz do Dia;;;Meio de Quadra;;;0;1;1;0;0;0;0;0;0;0;0;0;-3,748770000000000;-38,571360000000000
331738;29;6;2018;16:03;0;AV ALBERTO CRAVEIRO;;;507;MAKRO;Colis?â?úo;Luz do Dia;;;Meio de Quadra;;;0;1;1;1;0;0;0;0;0;1;0;0;-3,782591000000000;-38,516476000000000
331739;29;6;2018;16:28;0;RUA SEN ALVARO ADOLFO;;;1362;;Colis?â?úo;Luz do Dia;;;Meio de Quadra;;;0;1;1;0;0;0;0;0;0;1;0;0;-3,733410712000000;-38,580998305000000
331740;29;6;2018;16:49;0;AV LUCIANO CARNEIRO;;;1350;;Colis?â?úo;Luz do Dia;;;Meio de Quadra;;;0;1;1;1;0;0;0;0;0;1;0;0;-3,760537000000000;-38,535339000000000
331741;29;6;2018;16:58;0;AV PRUDENTE BRASIL;;;770;;Colis?â?úo;Luz do Dia;;;Meio de Quadra;;;0;1;1;1;0;0;0;0;0;1;0;0;-3,809449841000000;-38,534356047000000
331743;29;6;2018;17:03;0;RUA COSTA BARROS;;;0;;Colis?â?úo;Anoitecer;;;Meio de Quadra;;;0;1;1;0;0;0;0;0;0;0;0;0;;
331744;29;6;2018;17:13;0;RUA ERICO MOTA;;;1120;;Colis?â?úo;Anoitecer;;;Meio de Quadra;;;0;1;1;1;0;0;0;0;0;1;0;0;-3,747166800000000;-38,560702500000000
331745;29;6;2018;17:24;0;AV HILDEBRANDO DE MELO;;;1620;;Colis?â?úo;Anoitecer;;;Meio de Quadra;;;0;1;1;1;0;0;0;0;0;1;0;0;-3,722690000000000;-38,589080000000000
331746;29;6;2018;17:58;0;AV SGT HERMINIO SAMPAIO;;;2660;;Colis?â?úo;Anoitecer;;;Meio de Quadra;;;0;1;1;0;0;0;0;0;0;0;0;0;-3,726971000000000;-38,563905000000000
331747;29;6;2018;19:06;0;AV GODOFREDO MACIEL;;;5121;;Atropelamento;;;;Meio de Quadra;;;0;1;1;0;0;0;0;0;0;1;0;0;-3,819605000000000;-38,577065000000000
331750;29;6;2018;20:23;0;RUA JOAQUIM M DE MACEDO;;;1147;;Queda;;;;Meio de Quadra;;;0;1;0;0;0;0;0;0;0;1;0;0;-3,762662787000000;-38,584196787000000
331751;29;6;2018;20:53;0;AV GAL OSORIO DE PAIVA;;;0;;Colis?â?úo;;;;Meio de Quadra;;;0;1;1;1;0;0;0;0;0;1;0;0;;
331753;29;6;2018;21:11;1305;RUA OSVALDO CRUZ (ALDEOTA);RUA MARIA TOMASIA;;0;;Atropelamento;;;;Cruz;Pare;Comercial;0;1;1;1;0;0;0;0;0;0;0;0;-3,734580000000000;-38,499989000000000
331754;29;6;2018;21:19;0;RUA MARTINS CARVALHO;;;4863;;Queda;;;;Meio de Quadra;;;0;1;0;0;0;1;0;0;0;0;0;0;;
327347;29;6;2018;15:50;0;AV SEN CARLOS JEREISSATI (AEROPORTO);;;0;;Atropelamento;Luz do Dia;;;Meio de Quadra;;;0;4;1;1;0;0;0;0;0;0;0;0;;
327449;29;6;2018;10:50;0;RD BR 020;;;0;KM 429;Queda;Luz do Dia;;;Meio de Quadra;;;0;1;0;0;0;0;0;0;0;1;0;0;-3,869000000000000;-38,507000000000000
327747;29;6;2018;08:00;0;AV SEN CARLOS JEREISSATI (AEROPORTO);;;0;KM 03;Tombamento;Luz do Dia;;Seca;Meio de Quadra;;;0;0;3;1;0;0;0;0;0;1;0;0;-3,779641000000000;-38,544038000000000
323177;29;6;2018;09:15;7938;RUA ASSIS CHATEAUBRIAND;RUA VIS MAUA;;1;;Colis?â?úo Transversal;Luz do Dia;Bom;Seca;Cruz;Pare;Comercial;0;0;2;1;0;0;0;0;0;0;0;0;-3,746314000000000;-38,502693000000000
323178;29;6;2018;13:41;13041;AV JOAO DE ARAUJO LIMA;RUA 34 CJ JOSE WALTER;;0;DELEGACIA DO 8 DP;Colis?â?úo Transversal;Luz do Dia;Bom;Seca;T;N?â?úo H?â?í Controle;Comercial;0;1;1;1;0;0;0;0;0;1;0;0;-3,826587000000000;-38,559107000000000
323179;29;6;2018;13:02;0;RUA MARIA GOMES DE SA;RUA ALVARO CHAVES;;0;;Colis?â?úo Transversal;Luz do Dia;Bom;Seca;Meio de Quadra;N?â?úo H?â?í Controle;Residencial;0;2;1;0;1;0;0;0;0;1;0;0;-3,826604100000000;-38,580524000000000
323180;29;6;2018;14:15;5397;RUA ASSUNCAO;AV DUQ CAXIAS;;0;;Colis?â?úo Traseira;Luz do Dia;Bom;Seca;Cruz;Sem?â?íforo;Comercial;0;0;1;1;0;0;0;0;0;0;0;0;-3,732405000000000;-38,527952000000000
323181;29;6;2018;16:22;0;RUA PRO GOMES BRASIL;;;201;SUPERMERCADO LAGOA;Colis?â?úo Traseira;Luz do Dia;Bom;Seca;Meio de Quadra;N?â?úo H?â?í Controle;Comercial;0;2;0;1;0;0;0;0;0;1;0;0;-3,773852300000000;-38,567620000000000
323182;29;6;2018;15:20;25647;RUA JULIO BRAGA;RUA FRANCISCO DE SALES;;0;;Colis?â?úo Transversal;Luz do Dia;Bom;Seca;T;Pare;Residencial;0;1;1;1;0;0;0;0;0;1;0;0;-3,774322000000000;-38,583124000000000