COD_ACIDENTE;DIA;MES;ANO;HORA;INTERSECAO;LOG1;LOG2;LOG3;NUMERO;REFERENCIA;NATUREZA;ILUMINACAO;TEMPO;SUPERFICIEPISTA;TIPOCRUZAMENTO;CONTROLETRAFEGO;USOSOLO;MORTOS;FERIDOS;ILESOS;AUTOMOVEL;ONIBUS;BICICLETA;CAMINHAO;MICROONIBUS;CICLOMOTOR;MOTOCICLETA;TRACAOANIMAL;TREM;LATITUDE;LONGITUDE
323183;29;6;2018;19:00;3856;AV DA UNIVERSIDADE;RUA PDE FRANCISCO PINTO;;0;;Colis?â?úo Traseira;Via Iluminada;Bom;Seca;Cruz;Sem?â?íforo;Residencial;0;0;3;1;1;0;0;0;0;0;0;0;-3,742799000000000;-38,540777000000000
323184;29;6;2018;21:54;0;AV DEP PAULINO ROCHA;;;1001;;Colis?â?úo Traseira;Via Iluminada;Bom;Seca;Meio de Quadra;N?â?úo H?â?í Controle;Residencial;0;0;2;1;0;0;0;0;0;0;0;0;-3,806558000000000;-38,508230000000000
323185;29;6;2018;21:34;0;AV 13 DE MAIO;;;1210;;Colis?â?úo;Via Iluminada;Bom;Seca;Meio de Quadra;N?â?úo H?â?í Controle;Residencial;0;1;1;1;0;0;0;0;0;1;0;0;-3,746555000000000;-38,532497000000000
323186;29;6;2018;22:28;19469;AV GAL OSORIO DE PAIVA;AV AUGUSTO DOS ANJOS;;0;;Colis?â?úo;Via Iluminada;Bom;Seca;;N?â?úo H?â?í Controle;Residencial;0;1;1;1;0;0;0;0;0;1;0;0;-3,787349000000000;-38,584939000000000
323198;29;6;2018;10:32;0;AV PRS COSTA E SILVA;;;571;ARVOREDO SHOP.;Colis?â?úo Lateral;Luz do Dia;Bom;Seca;Meio de Quadra;N?â?úo H?â?í Controle;Comercial;0;0;2;0;0;0;0;0;0;1;0;0;-3,822048200000000;-38,555565000000000
323196;30;6;2018;13:33;15145;AV HIS RAIMUNDO GIRAO;AV BAR STUDART;;0;;Colis?â?úo;Luz do Dia;Bom;Seca;Cruz;Sem?â?íforo;Comercial;0;1;1;1;0;0;1;0;0;0;0;0;-3,724494000000000;-38,503367000000000
323187;30;6;2018;07:19;0;RUA BERNARDO MANUEL;;;280;;Choque c/ Obst?â?ículo Fixo;Luz do Dia;Bom;Seca;Meio de Quadra;N?â?úo H?â?í Controle;Comercial;0;0;1;1;0;0;0;0;0;0;0;0;-3,822976800000000;-38,558826000000000
323188;30;6;2018;07:33;26083;AV BEZERRA DE MENEZES;AV JOSE JATAHY;;0;;Colis?â?úo Lateral;Luz do Dia;Bom;Seca;Cruz;Sem?â?íforo;Comercial;0;2;1;1;0;0;0;0;0;1;0;0;-3,731194300000000;-38,544975000000000
323189;30;6;2018;06:40;2604;AV CEL CARVALHO;RUA ARQUIMEDES MEMORIA;;0;;Colis?â?úo Lateral;Luz do Dia;Bom;Seca;T;N?â?úo H?â?í Controle;Comercial;0;1;1;1;0;0;0;0;0;1;0;0;-3,713096000000000;-38,589014000000000
323190;30;6;2018;12:33;1413;RUA JOAO CORDEIRO;RUA BARBARA DE ALENCAR;;0;;N?â?úo Informado;Luz do Dia;Bom;Seca;Cruz;Pare;Residencial;0;0;2;1;0;0;0;0;0;1;0;0;-3,737041000000000;-38,516987000000000
323191;30;6;2018;13:49;0;RUA SOLON PINHEIRO;;;618;;Choque c/ Obst?â?ículo Fixo;Luz do Dia;Bom;Seca;Meio de Quadra;Sem?â?íforo;Residencial;0;0;1;0;0;0;0;0;0;0;0;0;-3,737709300000000;-38,526978000000000
323192;30;6;2018;11:25;0;RUA VITAL BRASIL;;;1810;;Colis?â?úo Transversal;Luz do Dia;Bom;Seca;Meio de Quadra;N?â?úo H?â?í Controle;Comercial;0;1;1;0;0;0;0;0;0;1;0;0;-3,788784000000000;-38,581140000000000
323193;30;6;2018;14:30;5357;RUA PEDRO I;RUA MAJ FACUNDO;;0;;Colis?â?úo Transversal;Luz do Dia;Bom;Seca;Cruz;Pare;Comercial;0;0;1;1;0;0;0;0;0;0;0;0;-3,731113000000000;-38,528990000000000
323194;30;6;2018;16:40;15851;RUA MANUEL CASTELO BRANCO;RUA PEDRO ESTANISLAU;;0;;Colis?â?úo Lateral;Luz do Dia;Bom;Seca;Cruz;Pare;Residencial;0;0;1;1;0;0;0;0;0;1;0;0;-3,833667000000000;-38,483735000000000
327759;30;6;2018;07:45;0;RD CE-040;;;0;KM-07;Colis?â?úo;Luz do Dia;;Seca;Meio de Quadra;;;0;0;2;0;1;0;0;0;0;0;0;0;-3,817159445000000;-38,483032860000000
327444;30;6;2018;14:31;0;RD BR 116;;;8000;KM-08;Atropelamento;Luz do Dia;;;Meio de Quadra;;;1;1;0;0;0;0;0;0;0;1;0;0;-3,822018000000000;-38,503269000000000
330919;30;6;2018;14:21;0;AV EDILSON B SOARES;;;2180;;Atropelamento;Luz do Dia;;;Meio de Quadra;;;0;1;1;1;0;0;0;0;0;0;0;0;-3,788225500000000;-38,466305000000000
330979;30;6;2018;19:20;0;AV SEN FERNANDES TAVORA;;;0;;Colis?â?úo;;;;Meio de Quadra;;;0;1;0;0;0;0;0;0;0;0;0;0;;
331756;30;6;2018;01:59;0;RUA MIN ALBUQUERQUE LIMA;;;0;;Queda;;;;Meio de Quadra;;;0;1;0;0;0;1;0;0;0;0;0;0;;
331757;30;6;2018;03:03;0;AV CARAPINIMA;;;1884;;Atropelamento;;;;Meio de Quadra;;;0;1;1;0;0;0;0;0;0;0;0;0;-3,737845324000000;-38,537906412000000
331759;30;6;2018;03:09;0;RD BR 116;;;0;;Queda;;;;Meio de Quadra;;;0;1;0;0;0;0;0;0;0;1;0;0;;
331760;30;6;2018;04:22;0;AV ENG HUMBERTO MONTE;;;1169;;Colis?â?úo;;;;Meio de Quadra;;;0;4;0;1;0;0;0;0;0;1;0;0;-3,748936556000000;-38,560595689000000
331762;30;6;2018;06:49;0;AV BENJAMIM BRASIL;;;1330;;Colis?â?úo;Luz do Dia;;;Meio de Quadra;;;0;1;1;0;0;0;0;0;0;1;0;0;-3,806037000000000;-38,563436200000000
331765;30;6;2018;08:17;0;AV SGT HERMINIO SAMPAIO;;;0;;Colis?â?úo;Luz do Dia;;;Meio de Quadra;;;0;1;1;0;0;0;0;0;0;1;0;0;;
331766;30;6;2018;08:50;0;RUA PERDIGAO DE OLIVEIRA;;;465;;Colis?â?úo;Luz do Dia;;;Meio de Quadra;;;0;1;1;1;0;0;0;0;0;1;0;0;-3,775682073000000;-38,573844946000000
331768;30;6;2018;10:26;0;AV MAE LISBOA;;;2260;;Colis?â?úo;Luz do Dia;;;Meio de Quadra;;;0;1;1;0;0;0;0;0;0;0;0;0;;
331769;30;6;2018;11:54;0;RUA JOSE ARISTOTELES GONDIM;;;64;;Colis?â?úo;Luz do Dia;;;Meio de Quadra;;;0;1;1;1;0;0;0;0;0;1;0;0;-3,778176951000000;-38,584777927000000
331770;30;6;2018;12:27;5448;RUA BAR ARATANHA;RUA METON DE ALENCAR;;0;;Colis?â?úo;Luz do Dia;;;Cruz;Pare;Comercial;0;1;1;1;0;0;0;0;0;1;0;0;-3,734847000000000;-38,527028000000000
331771;30;6;2018;12:36;0;RUA NEREU RAMOS;;;0;;Colis?â?úo;Luz do Dia;;;Meio de Quadra;;;0;1;1;1;0;0;0;0;0;1;0;0;;
331791;30;6;2018;20:28;0;AV JOR THOMAZ COELHO;;;1650;;Queda;;;;Meio de Quadra;;;0;1;0;0;0;0;0;0;0;1;0;0;-3,829801000000000;-38,509588000000000
331792;30;6;2018;21:24;0;AV CASTELO DE CASTRO;;;324;;Colis?â?úo;;;;Meio de Quadra;;;0;1;1;1;0;0;0;0;0;1;0;0;-3,831735000000000;-38,521519000000000
331777;30;6;2018;13:53;0;AV A UI 307;;;0;;Colis?â?úo;Luz do Dia;;;Meio de Quadra;;;0;1;1;1;0;1;0;0;0;0;0;0;;
331778;30;6;2018;14:31;0;RUA 12 PQ SANTANA;;;0;;Colis?â?úo;Luz do Dia;;;Meio de Quadra;;;0;1;1;0;0;0;0;0;0;1;0;0;;
331779;30;6;2018;15:52;0;AV DEP PAULINO ROCHA;;;46;;Colis?â?úo;Luz do Dia;;;Meio de Quadra;;;0;1;1;1;0;0;0;0;0;1;0;0;-3,801738000000000;-38,507487000000000
331780;30;6;2018;17:02;17563;RUA ESPIRITO SANTO;RUA AMAZONAS;;0;;Colis?â?úo;Anoitecer;;;Cruz;Pare;Residencial;0;1;1;1;0;0;0;0;0;1;0;0;-3,751391000000000;-38,567217000000000
331784;30;6;2018;18:51;0;RUA RUI MONTE;;;547;;Queda;;;;Meio de Quadra;;;0;1;0;0;0;1;0;0;0;0;0;0;-3,743683000000000;-38,587225000000000
331785;30;6;2018;18:55;0;AV PRS COSTA E SILVA;;;0;;Queda;;;;Meio de Quadra;;;0;1;0;0;0;0;0;0;0;1;0;0;;
331787;30;6;2018;19:29;0;RUA 860 CJ CEARA;;;0;;Queda;;;;Meio de Quadra;;;0;1;1;0;0;0;0;0;0;1;0;0;;
331789;30;6;2018;20:05;0;RUA UBIRAJARA NEGREIROS;;;571;;Colis?â?úo;;;;Meio de Quadra;;;0;1;1;1;0;0;0;0;0;1;0;0;;
331794;30;6;2018;22:15;0;AV GENIBAU;;;146;;Atropelamento;;;;Meio de Quadra;;;0;2;0;0;0;0;0;0;0;0;0;0;-3,761572214000000;-38,596249459000000
331795;30;6;2018;22:24;0;AV GODOFREDO MACIEL;;;0;;Colis?â?úo;;;;Meio de Quadra;;;0;1;1;1;0;1;0;0;0;0;0;0;;
331796;30;6;2018;22:53;1376;RUA MON BRUNO;RUA JOAO CARVALHO;;0;;Colis?â?úo;;;;Cruz;Pare;Comercial;0;1;1;1;0;0;0;0;0;0;0;0;-3,736585000000000;-38,510792000000000
331797;30;6;2018;23:21;3059;RUA CACILDA BECKER;RUA JULIO BRAGA;;0;;Colis?â?úo;;;;Cruz;Sem?â?íforo;Comercial;0;1;1;1;0;0;0;0;0;1;0;0;-3,773990000000000;-38,587823000000000
331854;1;7;2018;11:10;0;AV SEN CARLOS JEREISSATI (AEROPORTO);;;0;KM 03;Colis?â?úo;Luz do Dia;;Seca;Meio de Quadra;;;0;0;2;1;0;0;0;0;0;0;0;0;-3,779641000000000;-38,544038000000000
331856;1;7;2018;11:20;0;RD CE-040;;;0;KM-10;Colis?â?úo;Luz do Dia;;Seca;Meio de Quadra;;;0;0;2;1;0;0;0;0;0;0;0;0;-3,842576660000000;-38,480882840000000
331878;1;7;2018;20:00;0;AV WASHINGTON SOARES;;;0;;Colis?â?úo;Luz do Dia;;Outros;Meio de Quadra;;;0;0;2;1;0;0;0;0;0;1;0;0;;
332103;1;7;2018;06:52;0;AV ANTONIO SALES;;;714;;Colis?â?úo Lateral;Luz do Dia;Bom;Seca;Cruz;Sem?â?íforo;Lazer;0;0;1;1;0;0;0;0;0;0;0;0;-3,738941000000000;-38,517624000000000
332104;1;7;2018;05:10;15184;AV ABOLICAO;RUA TIBURCIO CAVALCANTE;;0;;Colis?â?úo Transversal;Luz do Dia;Nublado;Seca;Cruz;Sem?â?íforo;Comercial;0;1;1;1;0;0;0;0;0;1;0;0;-3,726066000000000;-38,499409000000000
332105;1;7;2018;09:00;19539;AV DR SILAS MUNGUBA;RUA EQUADOR;;0;;Colis?â?úo Transversal;Luz do Dia;Bom;Seca;Cruz;Sem?â?íforo;Comercial;0;1;1;1;0;0;0;0;0;1;0;0;-3,782377000000000;-38,555434000000000
332106;1;7;2018;18:37;24943;AV ABOLICAO;AV ALM HENRIQUE SABOIA;;0;;Colis?â?úo Traseira;Luz do Dia;Bom;Seca;Y;Sem?â?íforo;Comercial;0;0;2;1;0;0;0;0;0;0;0;0;-3,722615000000000;-38,479798000000000
332107;1;7;2018;20:52;5420;RUA METON DE ALENCAR;RUA SEN POMPEU;;0;;Colis?â?úo Transversal;Via Iluminada;Bom;Seca;Cruz;Sem?â?íforo;Comercial;0;0;2;1;0;0;0;0;0;0;0;0;-3,733376000000000;-38,531575000000000
332108;1;7;2018;20:36;0;AV ABOLICAO;;;1798;;Colis?â?úo Traseira;Via Iluminada;Bom;Seca;Meio de Quadra;N?â?úo H?â?í Controle;Comercial;0;0;2;0;1;0;0;0;0;0;0;0;-3,724982500000000;-38,503155000000000
332109;1;7;2018;21:35;13272;RUA 91 CJ JOSE WALTER;RUA 60 CJ JOSE WALTER;;160;;Colis?â?úo Lateral;Via Iluminada;Bom;Seca;Cruz;N?â?úo H?â?í Controle;Residencial;0;0;2;1;0;0;0;0;0;0;0;0;-3,837515000000000;-38,555838000000000
332110;1;7;2018;21:02;0;RUA RUI MONTE;RUA TARCISIO PEIXOTO;;0;;Colis?â?úo Traseira;Via Iluminada;Bom;Seca;;;;0;2;1;1;0;0;0;0;0;1;0;0;-3,748514700000000;-38,585007000000000
332119;1;7;2018;17:43;0;RUA GURGEL DO AMARAL;;;3125;;Colis?â?úo Frontal;Anoitecer;Bom;Seca;Meio de Quadra;N?â?úo H?â?í Controle;Residencial;0;1;1;1;0;0;0;0;0;1;0;0;-3,843302000000000;-38,471752000000000
333419;1;7;2018;00:15;1376;RUA JOAO CARVALHO;RUA MON BRUNO;;0;;Colis?â?úo;Luz do Dia;;;Cruz;Pare;Comercial;0;0;2;1;0;0;0;0;0;0;0;0;-3,736585000000000;-38,510792000000000
333425;1;7;2018;08:50;0;AV JOR THOMAZ COELHO;;;0;;Colis?â?úo;Luz do Dia;;;Meio de Quadra;;;0;1;1;1;0;0;0;0;0;1;0;0;;
333845;1;7;2018;07:11;3239;RUA EMILIO DE MENESES;AV GAL OSORIO DE PAIVA;;0;;Colis?â?úo;Luz do Dia;;;;;;0;1;0;1;0;0;0;0;0;0;0;0;;
333846;1;7;2018;07:20;0;RUA DR JOSE ROBERTO SALES;;;5220;;Queda;Luz do Dia;;;Meio de Quadra;;;0;1;0;0;0;0;0;0;0;1;0;0;;
333847;1;7;2018;09:58;0;AV GAL OSORIO DE PAIVA;;;4642;;Queda;Luz do Dia;;;Meio de Quadra;;;0;1;0;0;0;0;0;0;0;1;0;0;-3,799293539000000;-38,596802692000000
333840;1;7;2018;01:37;0;RUA VINTE E QUATRO DE MAIO;;;170;;Queda;;;;Meio de Quadra;;;0;1;0;0;0;1;0;0;0;0;0;0;-3,723244667000000;-38,530815222000000
333841;1;7;2018;01:46;0;AV GODOFREDO MACIEL;;;684;;Colis?â?úo;;;;Meio de Quadra;;;0;2;0;1;0;0;0;0;0;1;0;0;-3,782382000000000;-38,565570000000000
333842;1;7;2018;04:48;0;AV COS GOMES DE FREITAS (SAPIRANGA/COITE);;;2981;;Queda;;;;Meio de Quadra;;;0;1;0;0;0;0;0;0;0;1;0;0;-3,795646400000000;-38,479171800000000
333850;1;7;2018;09:58;0;AV ENG LUIS VIEIRA;;;0;;Colis?â?úo;Luz do Dia;;;Meio de Quadra;;;0;1;0;1;0;0;0;0;0;1;0;0;;
333851;1;7;2018;13:17;0;RUA C (LOT PRQ ARACAPE);;;820;;Colis?â?úo;Luz do Dia;;;Meio de Quadra;;;0;2;0;0;0;0;0;0;1;1;0;0;;
333853;1;7;2018;13:29;0;RUA PARANAGUA;;;250;;Colis?â?úo;Luz do Dia;;;Meio de Quadra;;;0;1;0;1;0;0;0;0;0;1;0;0;-3,809910600000000;-38,598134200000000
333854;1;7;2018;15:13;0;RUA RISO DO PRADO;;;165;;Queda;Luz do Dia;;;Meio de Quadra;;;0;1;0;0;0;0;0;0;0;1;0;0;-3,779692341000000;-38,578870386000000
333855;1;7;2018;17:38;0;RUA ANSELMO NOGUEIRA;;;0;;Colis?â?úo;Anoitecer;;;Meio de Quadra;;;0;1;0;1;0;0;0;0;0;1;0;0;;
333856;1;7;2018;18:39;0;RUA MONTE PASCOAL;;;216;;Queda;;;;Meio de Quadra;;;0;1;0;0;0;0;0;0;0;1;0;0;;
333857;1;7;2018;20:08;11022;RUA MUNDICA PAULA;RUA BAR CANINDE;;0;;Colis?â?úo;;;;Cruz;Pare;Residencial;0;1;0;1;0;0;0;1;0;0;0;0;-3,773214000000000;-38,558309000000000
333858;1;7;2018;21:19;0;RUA BRAZ DE FRANCESCO;;;23;;Colis?â?úo;;;;Meio de Quadra;;;0;1;0;0;0;0;0;0;0;0;0;0;-3,732382000000000;-38,567316000000000
333859;1;7;2018;21:31;0;RUA AUZIR SAMPAIO;;;157;;Colis?â?úo;;;;Meio de Quadra;;;0;1;0;1;0;0;0;0;0;1;0;0;-3,726776640000000;-38,571243280000000
333860;1;7;2018;21:54;0;RUA PARAGUAI;;;180;;Colis?â?úo;;;;Meio de Quadra;;;0;1;0;0;0;0;0;0;0;1;0;0;-3,748826143000000;-38,565686929000000
333861;1;7;2018;23:34;12514;AV LINEU MACHADO;RUA JULIO BRAGA;;0;;Queda;;;;Outros;Sem?â?íforo;Residencial;0;2;1;0;0;0;0;0;0;1;0;0;-3,775335000000000;-38,581790000000000
327456;1;7;2018;21:40;0;RUA VASCO DE ATAIDE;;;499;;Colis?â?úo Lateral;;;;Meio de Quadra;;;1;1;1;0;1;0;0;0;0;1;0;0;-3,823848334000000;-38,488360000000000
326985;1;7;2018;09:20;1236;AV RUI BARBOSA;RUA COSTA BARROS;;0;;Colis?â?úo;Luz do Dia;;;Cruz;Sem?â?íforo;Comercial;0;4;0;1;0;0;0;0;0;0;0;0;-3,731526000000000;-38,507984000000000
326986;1;7;2018;16:50;12688;RUA RIO ARAGUAIA;RUA PRP NASSAU;;0;;Colis?â?úo Transversal;Luz do Dia;;;;;;0;2;1;1;0;0;0;0;0;1;0;0;-3,728718000000000;-38,582411000000000
326987;1;7;2018;07:00;3211;RUA EMILIO DE MENESES;RUA VERBENA;;0;;Colis?â?úo Transversal;Luz do Dia;;;Cruz;Sem?â?íforo;Comercial;0;1;2;1;0;0;0;0;0;0;0;0;-3,781344000000000;-38,588838000000000
326988;2;7;2018;08:30;16057;AV PRS COSTA E SILVA;AV GODOFREDO MACIEL;;0;;Colis?â?úo Transversal;Luz do Dia;;;Cruz;Sem?â?íforo;Residencial;0;1;1;0;0;0;0;0;0;1;0;0;-3,811743000000000;-38,574739000000000
333876;2;7;2018;18:05;0;AV WASHINGTON SOARES;;;5657;;Colis?â?úo;Anoitecer;;;Meio de Quadra;;;0;1;0;1;0;0;0;0;0;1;0;0;-3,805526800000000;-38,478915500000000
333864;2;7;2018;10:01;0;RUA PINTO MADEIRA;;;64;;Colis?â?úo;Luz do Dia;;;Meio de Quadra;;;0;1;0;1;0;0;0;0;0;1;0;0;-3,730739000000000;-38,524387000000000
333865;2;7;2018;11:06;0;AV JOSE BASTOS;;;2415;;Colis?â?úo;Luz do Dia;;;Meio de Quadra;;;0;2;0;0;0;0;0;0;0;1;0;0;-3,741812100000000;-38,542364700000000
333869;2;7;2018;12:29;0;AV ROGACIANO LEITE;;;1860;;Colis?â?úo;Luz do Dia;;;Meio de Quadra;;;0;1;0;1;0;0;0;0;0;1;0;0;-3,770557000000000;-38,498065000000000
333870;2;7;2018;13:21;10863;RUA PRO HERIBALDO COSTA;RUA PORTO VELHO;;0;;Colis?â?úo;Luz do Dia;;;Cruz;Sem?â?íforo;Residencial;0;1;0;1;0;0;0;0;0;1;0;0;-3,765974000000000;-38,587014000000000
333871;2;7;2018;13:59;0;AV WASHINGTON SOARES;;;2520;;Atropelamento;Luz do Dia;;;Meio de Quadra;;;0;1;0;1;0;0;0;0;0;0;0;0;-3,782014500000000;-38,481108800000000
333872;2;7;2018;15:21;0;AV DUQ CAXIAS;;;868;;Colis?â?úo;Luz do Dia;;;Meio de Quadra;;;0;1;0;1;0;0;0;0;0;1;0;0;-3,731096000000000;-38,532029000000000
333873;2;7;2018;17:31;0;RUA CHILE;;;332;;Atropelamento;Anoitecer;;;Meio de Quadra;;;0;1;0;0;0;0;0;0;0;1;0;0;-3,746870200000000;-38,566052200000000
333874;2;7;2018;17:31;0;RUA AUDISIO PINHEIRO;;;55;;Colis?â?úo;Anoitecer;;;Meio de Quadra;;;0;1;0;1;0;0;0;0;0;1;0;0;-3,752958375000000;-38,585886437000000
333887;2;7;2018;18:51;0;AV E CJ CEARA;;;167;;Colis?â?úo;;;;Meio de Quadra;;;0;1;0;0;0;0;0;0;0;1;0;0;-3,759578000000000;-38,605261000000000
333888;2;7;2018;19:14;0;RUA SOUSA CARVALHO;;;498;;Queda;;;;Meio de Quadra;;;0;1;0;0;0;0;0;0;0;1;0;0;-3,783691762000000;-38,588330381000000
333889;2;7;2018;19:48;0;AV MR HULL;;;0;;Colis?â?úo;;;Seca;Meio de Quadra;;;0;2;2;0;0;0;0;0;0;1;0;0;;
333890;2;7;2018;20:07;0;RUA GUARANI D35 (JOAO XXIII);;;1636;;Queda;;;;Meio de Quadra;;;0;1;0;0;0;1;0;0;0;0;0;0;-3,771695961000000;-38,584115237000000
333898;2;7;2018;20:40;14793;RUA BULGARIA;RUA JOAO AMORA;;0;;Atropelamento;;;;;;;0;1;0;1;0;0;0;0;0;0;0;0;-3,799940000000000;-38,579580000000000
333899;2;7;2018;21:11;0;RUA TEODOMIRO DE CASTRO;;;4507;;Colis?â?úo;;;;Meio de Quadra;;;0;1;0;1;0;0;0;0;0;0;0;0;-3,718209000000000;-38,573357000000000
333900;2;7;2018;21:30;0;AV GAL OSORIO DE PAIVA;;;7655;;Queda;;;;Meio de Quadra;;;0;1;0;0;0;0;0;0;0;1;0;0;-3,819198000000000;-38,616072000000000
333901;2;7;2018;21:44;21550;RUA RAIMUNDO ARISTIDES;RUA FRANCISCO ALMEIDA;;0;;Atropelamento;;;;Cruz;N?â?úo H?â?í Controle;Residencial;0;1;0;1;0;0;0;0;0;0;0;0;-3,818238000000000;-38,591550000000000
333902;2;7;2018;22:30;0;AV B CJ ESPERANCA;;;181;;Atropelamento;;;;Meio de Quadra;;;0;1;0;0;0;0;0;0;0;1;0;0;-3,816359739000000;-38,589642888000000
333881;2;7;2018;18:07;0;RUA 26 BATALHAO;;;277;;Colis?â?úo;Anoitecer;;;Meio de Quadra;;;0;2;0;0;0;0;0;0;0;1;0;0;-3,805317500000000;-38,567726200000000
332120;2;7;2018;19:19;0;AV PRS COSTA E SILVA;;;0;;Engavetamento;Via Iluminada;Bom;Seca;T;Sem?â?íforo;Comercial;0;0;3;1;0;0;0;0;0;0;0;0;-3,823894500000000;-38,548515000000000
332121;2;7;2018;18:26;19252;AV JOAO PESSOA;RUA LIVINO DE CARVALHO;;0;;Colis?â?úo Transversal;Anoitecer;Bom;Seca;T;D?â?¬ Prefer?â?¬ncia;Comercial;0;0;2;1;0;0;0;0;0;0;0;0;-3,770275000000000;-38,561062000000000
332122;2;7;2018;19:30;10947;RUA LIVINO DE CARVALHO;RUA CABRAL DE ALENCAR;;133;;Colis?â?úo Lateral;Via Iluminada;Bom;Seca;Cruz;Pare;Residencial;0;0;2;1;0;0;0;0;0;0;0;0;-3,771142000000000;-38,558600000000000
332123;2;7;2018;20:25;0;RUA SALDANHA MARINHO;;;21;;Colis?â?úo Lateral;Via Iluminada;Bom;Seca;Meio de Quadra;N?â?úo H?â?í Controle;Comercial;0;0;2;1;0;0;0;0;0;0;0;0;-3,742919700000000;-38,529360000000000
332124;2;7;2018;20:02;0;RUA MONTE LIBANO;;;638;;Colis?â?úo Frontal;Via Iluminada;Bom;Seca;Meio de Quadra;N?â?úo H?â?í Controle;Comercial;0;0;2;1;0;0;0;0;0;0;0;0;-3,826044300000000;-38,562973000000000
332125;2;7;2018;10:00;0;AV DR JOAO MACIEL FILHO;;;189;;Choque c/ Obst?â?ículo Fixo;Luz do Dia;Bom;Seca;Meio de Quadra;N?â?úo H?â?í Controle;Residencial;0;0;1;0;0;0;0;0;0;0;0;0;-3,784782000000000;-38,495250000000000
332126;2;7;2018;20:37;17350;RUA BAR SOBRAL;RUA JOAO FIRMINO;;0;;Colis?â?úo Transversal;Via Iluminada;Bom;Seca;Cruz;Pare;Residencial;0;0;2;1;0;0;0;0;0;0;0;0;-3,765714000000000;-38,556531000000000
332127;2;7;2018;21:44;638;RUA ANA FACO;RUA ENG JOAO NOGUEIRA;;0;;Colis?â?úo Lateral;Via Iluminada;Bom;Seca;Cruz;N?â?úo H?â?í Controle;Residencial;0;2;1;1;0;0;0;0;0;1;0;0;-3,713608000000000;-38,562996000000000
332128;2;7;2018;19:57;0;RUA BERNARDO MANUEL;;;10681;;Engavetamento;Via Iluminada;Bom;Seca;Meio de Quadra;Sem?â?íforo;Residencial;0;0;4;1;0;0;0;0;0;0;0;0;-3,812615600000000;-38,555595000000000
332111;2;7;2018;05:28;9114;AV BORGES DE MELO;RUA DEP OSWALDO STUDART;;0;;Colis?â?úo Transversal;Amanhecer;Bom;Seca;Cruz;Sem?â?íforo;Comercial;0;1;1;1;0;1;0;0;0;0;0;0;-3,758147000000000;-38,532143000000000
332112;2;7;2018;07:36;19061;RUA JOSE CARLOS GURGEL NOGUEIRA;RUA TARCISIO BONFIM;;0;;Colis?â?úo Transversal;Luz do Dia;Bom;Seca;Cruz;Pare;Residencial;0;1;2;1;0;0;0;0;0;1;0;0;-3,736621000000000;-38,476135000000000
332113;2;7;2018;08:50;1623;AV SEN VIRGILIO TAVORA;RUA GAL TERTULIANO POTYGUARA;;0;;Colis?â?úo;Luz do Dia;Bom;Seca;Cruz;Sem?â?íforo;Comercial;0;2;0;0;0;0;0;0;0;1;0;0;-3,744710000000000;-38,495684000000000
332114;2;7;2018;09:30;0;RUA BAR ARACATI;;;3035;;Colis?â?úo Lateral;Luz do Dia;Bom;Seca;Meio de Quadra;N?â?úo H?â?í Controle;Residencial;0;0;2;0;0;0;0;0;0;1;0;0;-3,747891200000000;-38,516823000000000
332115;2;7;2018;08:50;0;AV CENTRAL;AV C CJ CEARA;;0;;Colis?â?úo Lateral;Luz do Dia;Bom;Seca;Cruz;Sem?â?íforo;Comercial;0;0;1;1;0;0;0;0;0;0;0;0;-3,766720000000000;-38,610657000000000
332116;2;7;2018;13:50;25729;AV TRISTAO GONCALVES;RUA ANTONIO POMPEU;;0;;Colis?â?úo;Luz do Dia;Bom;Seca;Cruz;Sem?â?íforo;Comercial;0;3;0;0;0;0;0;0;0;1;0;0;-3,733388000000000;-38,535088000000000
332117;2;7;2018;16:08;0;RUA PDE ANCHIETA;;;1277;;Colis?â?úo Lateral;Luz do Dia;Bom;Seca;Meio de Quadra;N?â?úo H?â?í Controle;Residencial;0;0;2;1;0;0;0;0;0;0;0;0;-3,731490600000000;-38,552120000000000
332118;2;7;2018;17:02;0;AV ROGACIANO LEITE;RUA PDE FRANCISCO PINTO;;0;;Colis?â?úo Lateral;Luz do Dia;Bom;Seca;Meio de Quadra;Pare;Residencial;0;2;1;0;0;0;0;0;0;1;0;0;-3,781115800000000;-38,501793000000000
331977;2;7;2018;18:00;0;AV TRISTAO GONCALVES;;;0;;Atropelamento;Anoitecer;;;Meio de Quadra;;;1;0;1;0;0;0;0;0;0;0;0;0;;
331886;2;7;2018;10:00;0;RD CE-040;;;0;KM-05;Colis?â?úo;Luz do Dia;;;Meio de Quadra;;;0;0;2;1;0;0;0;0;0;1;0;0;-3,800595823000000;-38,479534630000000
331889;2;7;2018;18:00;0;RD CE-040;;;0;KM-07;Colis?â?úo;Anoitecer;;;Meio de Quadra;;;0;1;1;1;0;0;0;0;1;0;0;0;-3,817159445000000;-38,483032860000000
331897;2;7;2018;18:15;0;AV SEN CARLOS JEREISSATI (AEROPORTO);;;0;;Colis?â?úo;Via Iluminada;;Seca;Meio de Quadra;;;0;0;5;1;0;0;0;0;0;0;0;0;;