COD_ACIDENTE;DIA;MES;ANO;HORA;INTERSECAO;LOG1;LOG2;LOG3;NUMERO;REFERENCIA;NATUREZA;ILUMINACAO;TEMPO;SUPERFICIEPISTA;TIPOCRUZAMENTO;CONTROLETRAFEGO;USOSOLO;MORTOS;FERIDOS;ILESOS;AUTOMOVEL;ONIBUS;BICICLETA;CAMINHAO;MICROONIBUS;CICLOMOTOR;MOTOCICLETA;TRACAOANIMAL;TREM;LATITUDE;LONGITUDE
331898;3;7;2018;07:00;0;RD CE-065;;;0;KM 04;Colis?â?úo;Via Iluminada;;Seca;Meio de Quadra;;;0;0;1;0;0;0;0;0;0;1;0;0;;
332160;3;7;2018;20:16;0;RUA PDE MORORO;;;932;;Colis?â?úo Lateral;Via Iluminada;Bom;Seca;Meio de Quadra;N?â?úo H?â?í Controle;Comercial;0;1;1;1;0;0;0;0;0;1;0;0;-3,724878800000000;-38,537403000000000
332129;3;7;2018;13:33;0;AV PRO GOMES DE MATOS;;;955;;Colis?â?úo Transversal;Luz do Dia;Bom;Seca;Meio de Quadra;N?â?úo H?â?í Controle;Comercial;0;1;1;1;0;0;0;0;0;1;0;0;-3,761407600000000;-38,545746000000000
332130;3;7;2018;09:00;1551;RUA MAL RONDON;RUA EDUARDO GARCIA;;0;;Colis?â?úo Transversal;Luz do Dia;Bom;Seca;Cruz;Pare;Residencial;0;0;2;1;0;0;0;0;0;0;0;0;-3,741350000000000;-38,489265000000000
332131;3;7;2018;13:00;5256;RUA COSTA BARROS;RUA DNA LEOPOLDINA;;0;;Colis?â?úo Transversal;Luz do Dia;Bom;Seca;Cruz;Sem?â?íforo;Residencial;0;0;2;1;0;0;0;0;0;0;0;0;-3,728094000000000;-38,518600000000000
332132;3;7;2018;16:42;15302;RUA PEREIRA FILGUEIRAS;RUA MON BRUNO;;0;;Colis?â?úo Transversal;Luz do Dia;Bom;Seca;Cruz;Pare;Residencial;0;0;2;1;0;0;0;0;0;0;0;0;-3,729763000000000;-38,508580000000000
332133;3;7;2018;21:17;0;RUA GUILHERME PESSOA;;;959;;N?â?úo Informado;Via Iluminada;Bom;Seca;Cruz;Pare;Residencial;0;1;1;1;0;0;0;0;0;0;0;0;-3,827452400000000;-38,485302000000000
333916;3;7;2018;11:43;0;AV BENJAMIM BRASIL;;;1094;;Queda;Luz do Dia;;;Meio de Quadra;;;0;1;0;0;0;1;0;0;0;0;0;0;-3,805645000000000;-38,564577500000000
333923;3;7;2018;11:53;5709;AV OLIVEIRA PAIVA;AV DES GONZAGA;;0;;Colis?â?úo;Luz do Dia;;;Cruz;Sem?â?íforo;Comercial;0;1;0;1;0;0;0;0;0;1;0;0;-3,797165000000000;-38,499953000000000
333926;3;7;2018;14:04;0;AV PRS CASTELO BRANCO;;;2949;;Atropelamento;Luz do Dia;;;Meio de Quadra;;;0;1;0;0;0;0;0;0;0;1;0;0;-3,711968667000000;-38,554923083000000
333931;3;7;2018;14:48;0;AV AUGUSTO DOS ANJOS;;;424;;Colis?â?úo;Luz do Dia;;;Meio de Quadra;;;0;1;0;1;0;0;0;0;0;1;0;0;-3,784887200000000;-38,583468200000000
333936;3;7;2018;15:05;0;AV DR SILAS MUNGUBA;;;0;;Colis?â?úo;Luz do Dia;;;Meio de Quadra;;;0;2;0;0;0;0;1;0;0;1;0;0;;
333942;3;7;2018;15:24;0;AV DUQ CAXIAS;;;0;;Colis?â?úo;Luz do Dia;;;Meio de Quadra;;;0;1;0;1;0;0;0;0;0;1;0;0;;
333944;3;7;2018;16:49;0;RUA ESV AZEVEDO;;;0;;Colis?â?úo;Luz do Dia;;;Meio de Quadra;;;0;1;0;1;0;0;0;0;0;1;0;0;;
333945;3;7;2018;17:56;15214;AV ABOLICAO;RUA LEONARDO MOTA;;0;;Colis?â?úo;Anoitecer;;;Outros;Pare;Comercial;0;1;0;1;0;0;0;0;0;1;0;0;-3,726977000000000;-38,493236000000000
333946;3;7;2018;19:27;0;AV BEZERRA DE MENEZES;;;0;;Colis?â?úo;;;;Meio de Quadra;;;0;1;0;0;0;0;0;0;0;0;0;0;;
333947;3;7;2018;23:27;0;RUA COS LAFAYETE;;;402;;Colis?â?úo;;;;Meio de Quadra;;;0;1;0;0;0;0;0;0;0;0;0;0;-3,718117857000000;-38,581461929000000
333903;3;7;2018;03:16;0;RUA CEL NUNES DE MELO;;;0;;Queda;;;;Meio de Quadra;;;0;1;0;0;0;0;0;0;0;1;0;0;;
333904;3;7;2018;06:51;0;AV GAL OSORIO DE PAIVA;;;7053;;Atropelamento;Luz do Dia;;;Meio de Quadra;;;0;1;1;1;0;0;0;0;0;0;0;0;-3,815903000000000;-38,612909000000000
333905;3;7;2018;08:51;0;AV AUGUSTO DOS ANJOS;;;418;;Colis?â?úo;Luz do Dia;;;Meio de Quadra;;;0;2;0;0;0;0;0;0;0;1;0;0;-3,772275500000000;-38,572067500000000
333906;3;7;2018;09:49;0;RUA MIN ALBUQUERQUE LIMA;;;1180;;Queda;Luz do Dia;;;Meio de Quadra;;;0;1;0;0;0;0;0;0;0;1;0;0;-3,770943000000000;-38,602152500000000
333907;3;7;2018;10:02;0;RUA ASA BRANCA;;;213;;Atropelamento;Luz do Dia;;;Meio de Quadra;;;0;1;0;1;0;0;0;0;0;0;0;0;-3,851915000000000;-38,483911800000000
333908;3;7;2018;10:11;7894;RUA PRO FRANCISCO GONCALVES;RUA VICENTE LEITE;;0;;Colis?â?úo;Luz do Dia;;;Cruz;Pare;Residencial;0;1;0;1;0;0;0;0;0;1;0;0;-3,747615000000000;-38,498773000000000
333909;3;7;2018;10:58;0;AV JOSE BASTOS;;;6180;;Colis?â?úo;Luz do Dia;;;Meio de Quadra;;;0;1;0;1;0;0;0;0;0;1;0;0;-3,766362500000000;-38,568502000000000
338223;3;7;2018;16:30;0;RD BR 116;;;1000;KM-01;Colis?â?úo Traseira;Luz do Dia;;Seca;Meio de Quadra;;;0;1;1;0;0;0;1;0;0;1;0;0;-3,762554000000000;-38,518702000000000
326990;4;7;2018;20:15;15200;RUA DEP MOREIRA DA ROCHA;RUA CARLOS VASCONCELOS;;0;;Colis?â?úo Transversal;;;;Cruz;Sem?â?íforo;Residencial;0;0;3;1;0;0;0;0;0;0;0;0;-3,726560000000000;-38,508724000000000
326991;4;7;2018;13:50;9039;RUA BAR RIO BRANCO;RUA PDE MIGUELINHO;;0;;Colis?â?úo Transversal;Luz do Dia;;;Cruz;Pare;Comercial;0;1;1;1;0;0;0;0;0;1;0;0;-3,742749000000000;-38,533460000000000
326992;4;7;2018;19:45;18178;RUA EMBRATEL;AV DIOGUINHO;;0;;Colis?â?úo Lateral;;;;Cruz;N?â?úo H?â?í Controle;Lazer;1;1;1;1;0;0;0;0;0;1;0;0;-3,758993000000000;-38,444451000000000
333952;4;7;2018;00:14;0;AV GOV PARSIFAL BARROSO;;;0;;Choque c/ Obst?â?ículo Fixo;;;;Meio de Quadra;;;0;1;0;0;0;0;0;0;0;1;0;0;;
333955;4;7;2018;07:47;0;AV JOR JOAO RAMOS;;;2270;;Colis?â?úo;Luz do Dia;;;Meio de Quadra;;;0;1;0;0;0;0;0;0;0;0;0;0;;
333960;4;7;2018;10:41;0;RUA GUILHERME ROCHA;;;1664;;Colis?â?úo;Luz do Dia;;;Meio de Quadra;;;0;1;0;1;0;0;0;0;0;1;0;0;-3,722900000000000;-38,540561500000000
333961;4;7;2018;11:14;0;AV I CJ CEARA;;;228;;Colis?â?úo;Luz do Dia;;;Meio de Quadra;;;0;1;1;1;0;0;0;0;0;1;0;0;;
333962;4;7;2018;12:44;0;RUA PDE GUERRA;;;0;;Choque c/ Obst?â?ículo Fixo;Luz do Dia;;;Meio de Quadra;;;0;1;0;1;0;0;0;0;0;0;0;0;;
333963;4;7;2018;12:47;0;AV ALM HENRIQUE SABOIA;;;0;;Colis?â?úo;Luz do Dia;;;Meio de Quadra;;;0;1;0;1;0;0;0;0;0;1;0;0;;
333974;4;7;2018;16:48;0;RUA OSMUNDO CAVALCANTE;;;54;;Colis?â?úo;Luz do Dia;;;Meio de Quadra;;;0;1;0;1;0;0;0;0;0;1;0;0;-3,725594700000000;-38,476261600000000
333975;4;7;2018;18:20;0;AV SGT HERMINIO SAMPAIO;;;4270;;Colis?â?úo;Anoitecer;;;Meio de Quadra;;;0;1;0;0;0;0;0;0;0;0;0;0;-3,731149170000000;-38,578325936000000
333976;4;7;2018;18:23;0;AV GODOFREDO MACIEL;;;645;;Colis?â?úo;Anoitecer;;;Meio de Quadra;;;0;1;0;0;0;0;0;0;0;0;0;0;-3,781800143000000;-38,565401143000000
333977;4;7;2018;18:34;22933;RUA FRE ALEMAO;RUA IGUATU;;0;;Atropelamento;;;;Cruz;N?â?úo H?â?í Controle;Residencial;0;2;0;0;0;0;0;0;0;1;0;0;-3,783727000000000;-38,543434000000000
333978;4;7;2018;18:57;0;RUA ABELARDO MARINHO;;;346;;Atropelamento;;;;Meio de Quadra;;;0;1;0;1;0;0;0;0;0;0;0;0;-3,763337700000000;-38,532852600000000
333979;4;7;2018;19:15;0;RUA SILVIO ROMERO;;;212;;Colis?â?úo;;;;Meio de Quadra;;;0;1;0;0;0;0;0;0;0;1;0;0;-3,719540000000000;-38,571000000000000
333980;4;7;2018;21:35;0;AV GAL OSORIO DE PAIVA;;;3422;;Colis?â?úo;;;;Meio de Quadra;;;0;1;0;1;0;0;0;0;0;1;0;0;-3,791130000000000;-38,588853667000000
333957;4;7;2018;08:04;0;RUA CAPANEMA;;;178;;Colis?â?úo;Luz do Dia;;;Meio de Quadra;;;0;1;0;0;0;0;1;0;0;1;0;0;-3,824473033000000;-38,487607600000000
333958;4;7;2018;08:36;0;RUA JOAO TINOCO;;;0;;Colis?â?úo;Luz do Dia;;;Meio de Quadra;;;0;1;0;1;0;0;0;0;0;1;0;0;;
333966;4;7;2018;15:35;7982;RUA MAJ WEYNE;RUA CARLOS CAMARA;;0;;Colis?â?úo;Luz do Dia;;;Cruz;Pare;Residencial;0;1;0;1;0;0;0;0;0;0;0;0;-3,748600000000000;-38,544497000000000
333969;4;7;2018;15:36;0;AV OLIVEIRA PAIVA;;;1366;;Colis?â?úo;Luz do Dia;;;Meio de Quadra;;;0;1;0;1;0;0;0;0;0;1;0;0;-3,795496000000000;-38,494140000000000
332134;4;7;2018;00:04;22665;AV ENG LEAL LIMA VERDE (SAPIRANGA/COITE);AV COS GOMES DE FREITAS (SAPIRANGA/COITE);;0;;Colis?â?úo Transversal;Via Iluminada;Bom;Seca;Rotat?â??ria;D?â?¬ Prefer?â?¬ncia;Escola;0;0;2;1;0;0;0;0;0;1;0;0;-3,795341000000000;-38,475739000000000
332135;4;7;2018;09:14;17359;AV PRO GOMES DE MATOS;RUA IRM BAZET;;0;;Colis?â?úo Transversal;Luz do Dia;Bom;Seca;Cruz;Pare;Comercial;0;0;2;1;0;0;0;0;0;0;0;0;-3,766045000000000;-38,549810000000000
332136;4;7;2018;09:31;0;AV HERACLITO GRACA;;;500;;Colis?â?úo Traseira;Luz do Dia;Bom;Seca;Meio de Quadra;N?â?úo H?â?í Controle;Comercial;0;1;1;0;0;0;0;0;0;1;0;0;-3,734793400000000;-38,520363000000000
332137;4;7;2018;09:16;0;RUA COSTA BARROS;;;683;;Colis?â?úo Traseira;Luz do Dia;Bom;Seca;Meio de Quadra;N?â?úo H?â?í Controle;Residencial;0;1;1;0;0;0;0;0;0;1;0;0;-3,728393600000000;-38,517680000000000
332138;4;7;2018;09:59;14596;AV JOSE LEON;RUA TRAJANO ALVES DE AGUIAR;;0;;Colis?â?úo Traseira;Luz do Dia;Bom;Seca;Cruz;Pare;Residencial;0;1;1;1;0;0;0;0;0;0;0;0;-3,790121000000000;-38,492109000000000
332139;4;7;2018;10:22;0;RUA JOAQUIM NABUCO;;;1208;;Colis?â?úo Transversal;Luz do Dia;Bom;Seca;;;;0;1;2;1;0;0;0;0;0;1;0;0;-3,735602400000000;-38,501354000000000
332140;4;7;2018;10:57;0;RUA ALCANTARA BILHAR;;;790;;Choque c/ Obst?â?ículo Fixo;Luz do Dia;Bom;Seca;Meio de Quadra;Pare;Comercial;0;0;1;0;0;0;0;0;0;0;0;0;-3,737934800000000;-38,582000000000000
332141;4;7;2018;14:00;1408;RUA JOAO CARVALHO;RUA DR JOSE LOURENCO;;0;;Colis?â?úo Transversal;Luz do Dia;Bom;Seca;Cruz;Pare;Residencial;0;1;1;0;0;0;0;0;0;1;0;0;-3,737289000000000;-38,508643000000000
332142;4;7;2018;18:28;9086;RUA LAURO MAIA;RUA DR JOSE VITOR;;0;;Colis?â?úo Traseira;Via Iluminada;Bom;Seca;T;Gesto;Comercial;0;0;2;1;0;0;0;0;0;0;0;0;-3,747330000000000;-38,522878000000000
332143;4;7;2018;19:26;1494;RUA BARBARA DE ALENCAR;RUA DR JOSE LOURENCO;;0;;Colis?â?úo Transversal;Luz do Dia;Bom;Seca;Cruz;Pare;Residencial;0;1;1;1;0;0;0;0;0;0;0;0;-3,739552000000000;-38,509356000000000
332144;4;7;2018;19:45;1517;RUA CAROLINA SUCUPIRA;RUA JOAQUIM NABUCO;;0;;Colis?â?úo Transversal;Via Iluminada;Bom;Seca;Cruz;Pare;Residencial;0;0;2;1;0;0;0;0;0;0;0;0;-3,740218000000000;-38,502885000000000
332145;4;7;2018;20:07;0;RUA ESTADO DO RIO;;;738;;Colis?â?úo Lateral;Via Iluminada;Bom;Seca;Meio de Quadra;N?â?úo H?â?í Controle;Residencial;0;1;2;1;1;0;0;0;0;1;0;0;-3,757514200000000;-38,570290000000000
332146;4;7;2018;11:10;0;AV I CJ CEARA;RUA 816 CJ CEARA;;0;;Colis?â?úo Traseira;Luz do Dia;Bom;Seca;T;N?â?úo H?â?í Controle;Comercial;0;0;1;1;0;0;0;0;0;1;0;0;-3,766694500000000;-38,600742000000000
332147;4;7;2018;16:44;0;RUA VALPARAISO;;;0;;N?â?úo Informado;Luz do Dia;Bom;Seca;Meio de Quadra;N?â?úo H?â?í Controle;Rural;0;0;1;1;0;0;0;0;0;0;0;0;-3,834712000000000;-38,545160000000000
331910;4;7;2018;14:30;0;RD CE-040;;;0;KM-10;Outros;Luz do Dia;;Seca;Meio de Quadra;;;0;0;1;0;0;0;0;0;0;0;0;0;-3,842576660000000;-38,480882840000000
331915;4;7;2018;16:50;0;AV SEN CARLOS JEREISSATI (AEROPORTO);;;0;KM 03;Colis?â?úo;Luz do Dia;;;Meio de Quadra;;;0;0;3;1;0;0;0;0;0;0;0;0;-3,779641000000000;-38,544038000000000
331918;4;7;2018;17:40;0;AV MIN JOSE AMERICO;;;0;;Colis?â?úo;Via Iluminada;;Seca;Meio de Quadra;;;0;0;2;0;0;0;0;0;0;1;0;0;;
331922;4;7;2018;17:20;0;RD CE-040;;;0;KM-05;Colis?â?úo;Via Iluminada;;Seca;Meio de Quadra;;;0;0;2;1;0;0;0;0;0;0;0;0;-3,800595823000000;-38,479534630000000
332148;5;7;2018;07:43;0;RUA PORTO VELHO;RUA BRI TORRES;;121;;Colis?â?úo Transversal;Luz do Dia;Bom;Seca;Cruz;N?â?úo H?â?í Controle;Residencial;0;0;1;1;0;0;0;0;0;1;0;0;-3,768886000000000;-38,581577000000000
332149;5;7;2018;08:37;0;AV DEP PAULINO ROCHA;RUA E LOT CAJAZEIRAS II;;1299;;Colis?â?úo Transversal;Luz do Dia;Bom;Seca;Meio de Quadra;Pare;Comercial;0;1;1;0;0;0;1;0;0;1;0;0;-3,807899200000000;-38,508442000000000
332150;5;7;2018;15:42;15345;RUA REPUBLICA DO LIBANO;RUA LEONARDO MOTA;;0;;Colis?â?úo Transversal;Luz do Dia;Bom;Seca;Cruz;Pare;Residencial;0;0;2;1;0;0;0;0;0;0;0;0;-3,731908000000000;-38,494824000000000
332151;5;7;2018;13:40;22680;AV COS GOMES DE FREITAS (SAPIRANGA/COITE);RUA MIN ABNER VASCONCELOS;;0;;Colis?â?úo Lateral;Luz do Dia;Bom;Seca;T;N?â?úo H?â?í Controle;Comercial;0;1;1;1;0;0;0;0;0;1;0;0;-3,795641000000000;-38,479090000000000
332152;5;7;2018;19:30;20042;AV PRS JUSCELINO KUBITSCHEK (PASSAR?âÔÇ?);AV DEP PAULINO ROCHA;;0;ROTAT?âÔÇ£RIA CASTEL?âãÆO;Colis?â?úo Traseira;Via Iluminada;Bom;Seca;Rotat?â??ria;D?â?¬ Prefer?â?¬ncia;Residencial;0;0;2;1;0;0;0;0;0;0;0;0;-3,807229000000000;-38,524782000000000
332153;5;7;2018;19:30;9169;AV LUCIANO CARNEIRO;RUA DR ALFREDO WEYNE D14;;0;;Colis?â?úo Transversal;Via Iluminada;Bom;Seca;T;Pare;Comercial;0;0;2;1;0;0;0;0;0;0;0;0;-3,754682000000000;-38,533556000000000
333986;5;7;2018;07:12;14967;AV GODOFREDO MACIEL;RUA JULIO ALCIDES;;0;;Colis?â?úo;Luz do Dia;;;T;Pare;Comercial;0;2;0;0;0;0;0;0;0;0;0;0;-3,787856000000000;-38,566785000000000
333987;5;7;2018;07:41;25486;AV ALBERTO CRAVEIRO;AV SEN CARLOS JEREISSATI (AEROPORTO);;0;;Colis?â?úo;Luz do Dia;;;Y;N?â?úo H?â?í Controle;Comercial;0;1;0;1;0;0;0;0;0;1;0;0;-3,783767000000000;-38,516874000000000
333988;5;7;2018;07:54;0;RD BR 116;;;0;;Queda;Luz do Dia;;;Meio de Quadra;;;0;1;0;0;0;0;0;0;0;1;0;0;;
333989;5;7;2018;08:10;0;AV WASHINGTON SOARES;;;60;;Queda;Luz do Dia;;;Meio de Quadra;;;0;1;0;0;0;0;0;0;0;1;0;0;-3,756855000000000;-38,491007500000000
333981;5;7;2018;06:49;0;AV PRS COSTA E SILVA;;;1736;;Queda;Luz do Dia;;;Meio de Quadra;;;0;1;0;0;0;0;0;0;0;1;0;0;-3,817618000000000;-38,565394000000000
333982;5;7;2018;06:50;10909;RUA PORTO VELHO;RUA BRI TORRES;;0;;Colis?â?úo;Luz do Dia;;;Cruz;N?â?úo H?â?í Controle;Rural;0;1;0;1;0;0;0;0;0;1;0;0;-3,768875000000000;-38,581592000000000
333996;5;7;2018;09:32;0;AV DEP PAULINO ROCHA;;;1982;;Colis?â?úo;Luz do Dia;;;Meio de Quadra;;;0;1;0;0;0;0;0;0;0;0;0;0;-3,811041600000000;-38,516512200000000
333999;5;7;2018;10:01;0;RD BR 116;;;2000;KM-02;Colis?â?úo;Luz do Dia;;;Meio de Quadra;;;0;1;1;1;0;0;0;0;0;1;0;0;-3,771391000000000;-38,516780000000000
334000;5;7;2018;12:51;14800;RUA MANUEL DA NOBREGA;RUA CREUSA ROQUE;;0;;Colis?â?úo;Luz do Dia;;;;;;0;1;1;0;0;0;1;0;0;1;0;0;-3,800629000000000;-38,584077000000000
334001;5;7;2018;13:37;19743;RUA AZEVEDO BOLAO;RUA PRO LINO ENCARNACAO;;0;;Colis?â?úo;Luz do Dia;;;Cruz;Pare;Residencial;0;1;0;1;0;0;0;0;0;1;0;0;-3,737419000000000;-38,561430000000000
334002;5;7;2018;14:23;0;RUA JOR ANTONIO P TAVARES;;;1081;;Colis?â?úo;Luz do Dia;;;Meio de Quadra;;;0;1;0;1;0;0;0;0;0;1;0;0;-3,814387472000000;-38,507837778000000
334003;5;7;2018;15:12;0;RUA PARANAGUA;;;1347;;Atropelamento;Luz do Dia;;;Meio de Quadra;;;0;1;0;0;0;0;0;0;0;1;0;0;-3,812986200000000;-38,599876000000000
334004;5;7;2018;16:29;0;TR IPITANGA;;;274;;Queda;Luz do Dia;;;Meio de Quadra;;;0;1;0;0;0;0;0;0;0;1;0;0;-3,759850000000000;-38,524340000000000
334005;5;7;2018;16:45;0;RUA JAIME BENEVOLO;;;725;;Colis?â?úo;Luz do Dia;;;Meio de Quadra;;;0;1;0;1;0;0;0;0;0;1;0;0;-3,738443333000000;-38,527464444000000
334006;5;7;2018;17:16;15100;AV HIS RAIMUNDO GIRAO;RUA JOAO CORDEIRO;;0;;Colis?â?úo;Anoitecer;;;Cruz;Sem?â?íforo;Residencial;0;1;0;0;0;0;0;0;0;0;0;0;-3,720835000000000;-38,511630000000000
334007;5;7;2018;17:16;0;RUA NELSON COELHO;;;216;;Atropelamento;Anoitecer;;;Meio de Quadra;;;0;1;1;0;0;0;0;0;0;1;0;0;-3,827626275000000;-38,463986440000000
334008;5;7;2018;17:37;0;AV CEL CARVALHO;;;1078;;Atropelamento;Anoitecer;;;Meio de Quadra;;;0;1;0;1;0;0;0;0;0;0;0;0;-3,716845600000000;-38,587959300000000
334019;5;7;2018;18:03;0;AV OLIVEIRA PAIVA;;;360;;Atropelamento;Anoitecer;;;Meio de Quadra;;;0;1;1;0;0;0;0;0;0;1;0;0;-3,798370000000000;-38,502593000000000
334020;5;7;2018;18:21;5166;RUA TEN BENEVOLO;RUA DNA LEOPOLDINA;;0;;Colis?â?úo;Anoitecer;;;T;Sem?â?íforo;Rural;0;1;0;0;0;0;0;0;0;0;0;0;-3,725199000000000;-38,517732000000000
334021;5;7;2018;19:23;0;AV CEL CARVALHO;;;0;;Atropelamento;;;;Meio de Quadra;;;0;1;0;1;0;0;0;0;0;0;0;0;;
334022;5;7;2018;19:27;0;AV CASTELO DE CASTRO;;;0;;Colis?â?úo;;;;Meio de Quadra;;;0;1;0;0;0;0;0;0;0;0;0;0;;
334023;5;7;2018;20:17;0;RD CE-060;;;0;;Queda;;;;Meio de Quadra;;;0;1;0;0;0;1;0;0;0;0;0;0;;
334024;5;7;2018;21:24;0;RUA FAUSTO CABRAL;;;348;;Colis?â?úo;;;;Meio de Quadra;;;0;1;1;1;0;1;0;0;0;0;0;0;-3,733020858000000;-38,478549714000000
334013;5;7;2018;17:52;9897;RUA SGT JOAO PINHEIRO;RUA CEL JOAO CORREIA;;0;;Colis?â?úo;Anoitecer;;;Cruz;Pare;Residencial;0;1;1;1;0;0;0;0;0;1;0;0;-3,785923000000000;-38,623658000000000
326993;5;7;2018;17:42;0;AV ADENANTERAS;;;605;;Atropelamento;Anoitecer;;;Meio de Quadra;;;0;1;1;1;0;0;0;0;0;0;0;0;-3,754256668000000;-38,471107936000000
338224;6;7;2018;07:20;0;RD BR 116;;;10000;KM-10;Engavetamento;Luz do Dia;;Seca;Meio de Quadra;;;0;1;3;1;0;0;0;0;0;0;0;0;-3,834435000000000;-38,503373000000000
334043;6;7;2018;07:41;743;AV PRS CASTELO BRANCO;AV PASTEUR;;0;;Colis?â?úo;Luz do Dia;;;Cruz;Sem?â?íforo;Comercial;0;1;0;0;0;0;0;0;0;1;0;0;-3,711181000000000;-38,558856000000000
334078;6;7;2018;22:38;0;RUA JOAO CORDEIRO;;;740;;Colis?â?úo;;;;Meio de Quadra;;;0;1;0;1;0;0;0;0;0;1;0;0;-3,724380000000000;-38,512650000000000
334079;6;7;2018;22:44;0;RUA NOSSA SRA DAS GRACAS;;;1003;;Colis?â?úo;;;;Meio de Quadra;;;0;3;0;0;0;0;0;0;0;1;0;0;-3,709203190000000;-38,556916297000000
334080;6;7;2018;22:53;0;RUA DELMIRO FARIAS;;;66;;Colis?â?úo;;;;Meio de Quadra;;;0;1;1;1;0;1;0;0;0;0;0;0;;
334081;6;7;2018;23:10;0;AV DIOGUINHO;;;1331;;Colis?â?úo;;;;Meio de Quadra;;;0;1;1;1;0;0;0;0;0;1;0;0;;
334051;6;7;2018;07:59;12685;AV DA INDEPENDENCIA;AV CEL CARVALHO;;0;;Colis?â?úo;Luz do Dia;;;Cruz;Gesto;Comercial;0;1;0;1;0;0;0;0;0;1;0;0;-3,728711000000000;-38,584952000000000
334052;6;7;2018;07:59;0;AV JOSE BASTOS;;;0;;Atropelamento;Luz do Dia;;;Meio de Quadra;;;0;1;0;0;0;0;0;0;0;1;0;0;;
334053;6;7;2018;10:13;0;AV FRANCISCO SA;;;4136;;Colis?â?úo;Luz do Dia;;;Meio de Quadra;;;0;1;0;1;0;0;0;0;0;1;0;0;-3,715854039000000;-38,561962338000000
334054;6;7;2018;11:33;0;AV FRANCISCO SA;;;3928;;Colis?â?úo;Luz do Dia;;;Meio de Quadra;;;0;1;0;0;0;0;0;0;0;0;0;0;-3,716496000000000;-38,560047000000000
334055;6;7;2018;11:45;0;RUA ANTERO QUENTAL;;;0;;Queda;Luz do Dia;;;Meio de Quadra;;;0;1;0;0;0;0;0;0;0;1;0;0;;
334056;6;7;2018;12:13;0;AV AUGUSTO DOS ANJOS;;;938;;Atropelamento;Luz do Dia;;;Meio de Quadra;;;0;1;1;0;0;0;0;0;0;1;0;0;-3,776061156000000;-38,575545875000000
334057;6;7;2018;12:41;1488;RUA ROCHA LIMA;RUA CARLOS VASCONCELOS;;0;;Colis?â?úo;Luz do Dia;;;Cruz;N?â?úo H?â?í Controle;Residencial;0;1;0;0;0;0;0;0;0;1;0;0;-3,739419000000000;-38,512902000000000
334058;6;7;2018;12:47;0;RUA GAL CLARINDO DE QUEIROZ;;;0;;Colis?â?úo;Luz do Dia;;;Meio de Quadra;;;0;1;0;1;0;0;0;0;0;1;0;0;;
334059;6;7;2018;13:05;0;RD BR 116;;;2000;KM-02;Colis?â?úo;Luz do Dia;;;Meio de Quadra;;;0;1;0;1;1;0;0;0;0;0;0;0;-3,771391000000000;-38,516780000000000
334060;6;7;2018;13:30;0;RUA NASSAU;;;0;;Colis?â?úo;Luz do Dia;;;Meio de Quadra;;;0;1;0;1;0;1;0;0;0;0;0;0;;
334061;6;7;2018;14:23;5295;AV IMPERADOR;RUA PEDRO I;;0;;Queda;Luz do Dia;;;Cruz;Sem?â?íforo;Comercial;0;1;0;0;0;0;0;0;0;1;0;0;-3,729161000000000;-38,535035000000000
334062;6;7;2018;15:06;0;RUA URUCUTUBA;;;3033;;Queda;Luz do Dia;;;Meio de Quadra;;;0;1;0;0;0;0;0;0;0;1;0;0;;
334063;6;7;2018;18:18;0;AV ODILON GUIMARAES;;;2500;;Colis?â?úo;Anoitecer;;;Meio de Quadra;;;0;1;1;0;0;1;0;0;0;1;0;0;-3,817467720000000;-38,472919680000000
334064;6;7;2018;18:19;0;RUA 26 BATALHAO;;;0;;Colis?â?úo;Anoitecer;;;Meio de Quadra;;;0;1;0;0;0;0;0;0;0;0;0;0;;
334065;6;7;2018;19:09;0;AV JOSE DO PATROCINIO;;;1468;;Colis?â?úo;;;;Meio de Quadra;;;0;2;0;1;0;0;0;0;0;1;0;0;-3,765489932000000;-38,546323458000000
334066;6;7;2018;19:24;0;RUA ALBERTO MAGNO;;;1530;;Colis?â?úo;;;;Meio de Quadra;;;0;1;0;1;0;0;0;0;0;1;0;0;-3,765230000000000;-38,550300000000000
334067;6;7;2018;19:35;0;AV CEL CARVALHO;;;0;;Colis?â?úo;;;;Meio de Quadra;;;0;1;0;1;0;0;0;0;0;1;0;0;;
334068;6;7;2018;19:46;0;RUA DA LIBERDADE;;;0;;Colis?â?úo;;;;Meio de Quadra;;;0;1;0;1;0;0;0;0;0;1;0;0;;
334069;6;7;2018;19:47;0;AV ENG HUMBERTO MONTE;;;1981;;Colis?â?úo;;;;Meio de Quadra;;;0;1;0;1;0;1;0;0;0;0;0;0;-3,743796000000000;-38,564826000000000
334070;6;7;2018;19:48;0;RUA CEL MATOS DOURADO;;;0;;Queda;;;;Meio de Quadra;;;0;1;0;0;0;0;0;0;0;1;0;0;;
334071;6;7;2018;20:40;2884;RUA MARTINS CARVALHO;RUA MARIA JULIA;;0;;Atropelamento;;;;Cruz;Pare;Comercial;0;1;0;0;0;0;0;0;0;1;0;0;-3,796333000000000;-38,600949000000000
334028;6;7;2018;03:44;0;RUA VITORIA REGIA;;;46;;Queda;;;;Meio de Quadra;;;0;1;0;0;0;0;0;0;0;1;0;0;-3,726117500000000;-38,472954800000000
334030;6;7;2018;05:57;0;AV DR SILAS MUNGUBA;;;3493;;Colis?â?úo;Amanhecer;;;Meio de Quadra;;;0;1;0;1;0;0;0;0;0;1;0;0;-3,789733000000000;-38,542222000000000