COD_ACIDENTE;DIA;MES;ANO;HORA;INTERSECAO;LOG1;LOG2;LOG3;NUMERO;REFERENCIA;NATUREZA;ILUMINACAO;TEMPO;SUPERFICIEPISTA;TIPOCRUZAMENTO;CONTROLETRAFEGO;USOSOLO;MORTOS;FERIDOS;ILESOS;AUTOMOVEL;ONIBUS;BICICLETA;CAMINHAO;MICROONIBUS;CICLOMOTOR;MOTOCICLETA;TRACAOANIMAL;TREM;LATITUDE;LONGITUDE
334032;6;7;2018;06:06;10863;RUA PORTO VELHO;RUA PRO HERIBALDO COSTA;;0;;Colis?â?úo;Luz do Dia;;;Cruz;Sem?â?íforo;Residencial;0;2;0;0;0;0;0;0;0;1;0;0;-3,765974000000000;-38,587014000000000
334073;6;7;2018;21:15;0;AV GAL OSORIO DE PAIVA;;;8020;;Colis?â?úo;;;;Meio de Quadra;;;0;1;0;1;0;0;0;0;0;1;0;0;-3,821319907000000;-38,618162562000000
334075;6;7;2018;21:29;0;RUA MIGUEL GONCALVES;;;480;;Colis?â?úo;;;;Meio de Quadra;;;0;1;1;1;0;0;0;0;0;1;0;0;-3,756048539000000;-38,558234923000000
334076;6;7;2018;21:55;0;AV OLIVEIRA PAIVA;;;245;;Colis?â?úo;;;;Meio de Quadra;;;0;1;0;1;0;0;0;0;0;0;0;0;-3,798370000000000;-38,502593000000000
332154;6;7;2018;08:10;0;RUA PDE PEDRO DE ALENCAR;;;1293;;Colis?â?úo Lateral;Luz do Dia;Bom;Seca;Meio de Quadra;N?â?úo H?â?í Controle;Residencial;0;1;1;1;0;0;0;0;0;1;0;0;-3,839352000000000;-38,494213000000000
332155;6;7;2018;06:20;0;AV ABOLICAO;;;4036;;Colis?â?úo Traseira;Luz do Dia;Bom;Seca;Meio de Quadra;Sem?â?íforo;Residencial;0;0;1;0;1;0;0;0;0;1;0;0;-3,723539600000000;-38,481323000000000
332156;6;7;2018;10:20;17350;RUA JOAO FIRMINO;RUA BAR SOBRAL;;0;;Colis?â?úo Transversal;Luz do Dia;Bom;Seca;Cruz;Pare;Comercial;0;1;2;1;0;0;0;0;0;1;0;0;-3,765714000000000;-38,556531000000000
332157;6;7;2018;11:08;25136;AV ENG HUMBERTO MONTE;RUA CHILE;;0;;Colis?â?úo Lateral;Luz do Dia;Bom;Seca;T;Pare;Comercial;0;0;2;1;0;0;0;0;0;1;0;0;-3,744928000000000;-38,563951000000000
332158;6;7;2018;11:40;5450;RUA ANTONIO POMPEU;RUA MAJ FACUNDO;;0;;Colis?â?úo Transversal;Luz do Dia;Bom;Seca;Cruz;Pare;Comercial;0;1;3;0;0;0;0;0;0;1;0;0;-3,734923000000000;-38,530216000000000
332159;6;7;2018;13:03;0;RUA DES AVELAR;;;1013;;Colis?â?úo Lateral;Luz do Dia;Bom;Seca;;;;0;1;1;0;0;0;0;0;0;1;0;0;-3,794023500000000;-38,493300000000000
332161;6;7;2018;18:22;0;RUA PARANA;;;1031;;Colis?â?úo Frontal;Via Iluminada;Nublado;Seca;Meio de Quadra;N?â?úo H?â?í Controle;Comercial;0;1;0;1;0;0;0;0;0;1;0;0;-3,759591600000000;-38,569923000000000
332162;6;7;2018;17:30;22930;RUA BERNARDO MANUEL;RUA LEAO TREZE;;0;;Colis?â?úo Transversal;Anoitecer;Bom;Seca;Cruz;Sem?â?íforo;Comercial;0;1;1;1;0;0;0;0;1;0;0;0;-3,783394000000000;-38,546723000000000
332163;6;7;2018;21:08;5328;AV DUQ CAXIAS;AV TRISTAO GONCALVES;;0;;Colis?â?úo Lateral;Via Iluminada;Bom;Seca;Cruz;Sem?â?íforo;Comercial;0;0;2;1;0;0;0;0;0;0;0;0;-3,730400000000000;-38,534196000000000
332164;6;7;2018;20:11;0;AV AUGUSTO DOS ANJOS;;;1127;;Colis?â?úo Lateral;Via Iluminada;Bom;Seca;;;;0;1;2;1;0;0;0;0;0;1;0;0;-3,776733400000000;-38,576153000000000
332165;6;7;2018;21:35;0;AV PRS COSTA E SILVA;;;885;;Colis?â?úo Lateral;Via Iluminada;Chuva;Molhada;Meio de Quadra;Sem?â?íforo;Comercial;0;0;2;1;0;0;0;0;0;1;0;0;-3,813016400000000;-38,571117000000000
332166;6;7;2018;21:33;5256;RUA DNA LEOPOLDINA;RUA COSTA BARROS;;0;;Colis?â?úo Transversal;Via Iluminada;Chuva;Molhada;Cruz;Gesto;Comercial;0;1;2;1;0;0;0;0;0;0;0;0;-3,728094000000000;-38,518600000000000
332176;6;7;2018;05:55;15778;RUA TAQUATIARA;RUA STA CLARA DE ASSIS;;0;;Colis?â?úo Transversal;Luz do Dia;Bom;Seca;Cruz;N?â?úo H?â?í Controle;Comercial;0;0;1;1;1;0;0;0;0;0;0;0;-3,830267000000000;-38,502459000000000
332186;6;7;2018;08:00;0;AV AUGUSTO DOS ANJOS;;;2088;;Atropelamento;Luz do Dia;Bom;Seca;Meio de Quadra;Sem?â?íforo;Comercial;0;2;0;0;0;0;0;0;0;1;0;0;-3,784167800000000;-38,582573000000000
332169;6;7;2018;21:12;0;RUA OTO DE ALENCAR;;;193;;Choque c/ Obst?â?ículo Fixo;Via Iluminada;Chuva;Molhada;Meio de Quadra;N?â?úo H?â?í Controle;Lazer;0;1;0;1;0;0;0;0;0;0;0;0;-3,723853600000000;-38,540356000000000
331955;6;7;2018;18:50;0;AV PRS COSTA E SILVA;;;5479;;Atropelamento;;;;Meio de Quadra;;;1;0;1;1;0;0;0;0;0;0;0;0;-3,828499037000000;-38,531313150000000
331925;6;7;2018;08:00;0;AV MIN JOSE AMERICO;;;0;;Colis?â?úo;Via Iluminada;;Seca;Meio de Quadra;;;0;0;2;1;0;0;0;0;0;1;0;0;;
331927;7;7;2018;04:40;0;RD CE-060;;;0;KM-01;Choque c/ Obst?â?ículo Fixo;;;;Meio de Quadra;;;0;1;1;1;0;0;0;0;0;0;0;0;-3,826136000000000;-38,579500000000000
331987;7;7;2018;21:00;0;AV GOV RAUL BARBOSA;;;4262;;Choque c/ Obst?â?ículo Fixo;;;;Meio de Quadra;;;1;0;0;0;0;0;0;0;0;1;0;0;-3,761659000000000;-38,507767000000000
332170;7;7;2018;10:04;9158;AV LUCIANO CARNEIRO;RUA MARIO MAMEDE;;0;;Choque c/ Obst?â?ículo Fixo;Luz do Dia;Nublado;Molhada;T;Sem?â?íforo;Residencial;0;0;1;1;0;0;0;0;0;0;0;0;-3,748937000000000;-38,531828000000000
332171;7;7;2018;10:20;0;AV ALBERTO NEPOMUCENO;;;199;;Colis?â?úo Lateral;Luz do Dia;Bom;Seca;Meio de Quadra;N?â?úo H?â?í Controle;Comercial;0;0;1;1;0;0;0;0;0;0;0;0;-3,723479300000000;-38,524376000000000
332172;7;7;2018;13:00;14679;AV OLIVEIRA PAIVA;RUA PDE JANUARIO CAMPOS;;0;;Colis?â?úo Transversal;Luz do Dia;Nublado;Seca;Cruz;Sem?â?íforo;Comercial;0;0;2;1;0;0;0;0;0;0;0;0;-3,796018000000000;-38,489646000000000
332173;7;7;2018;12:20;0;AV AMERICO BARREIRA;RUA RIO GRANDE DO NORTE;;5572;;Colis?â?úo Traseira;Luz do Dia;Nublado;Seca;Cruz;Sem?â?íforo;Residencial;0;0;2;1;0;0;0;0;0;1;0;0;-3,760249600000000;-38,564330000000000
332174;7;7;2018;13:17;22672;AV COS GOMES DE FREITAS (SAPIRANGA/COITE);RUA ELISEU ORIA;;0;;Colis?â?úo Transversal;Luz do Dia;Nublado;Molhada;Cruz;Pare;Residencial;0;2;1;1;0;0;0;0;0;1;0;0;-3,795487000000000;-38,477418000000000
332175;7;7;2018;16:23;4621;RUA CRISANTO M DA ROCHA;RUA WALDEMAR ALCANTARA;;0;;Colis?â?úo Transversal;Luz do Dia;Nublado;Seca;Cruz;Pare;Residencial;0;1;1;1;0;0;0;0;0;1;0;0;-3,799223000000000;-38,480813000000000
332168;7;7;2018;06:28;25254;RUA CRISANTO M DA ROCHA;RUA JOAQUIM DE FIGUEIREDO FILHO;;0;;Choque c/ Obst?â?ículo Fixo;Amanhecer;Chuva;Molhada;Cruz;D?â?¬ Prefer?â?¬ncia;Residencial;0;1;0;0;0;0;0;0;0;0;0;0;-3,801766900000000;-38,481533000000000
328429;7;7;2018;00:30;24606;AV MOZART PINHEIRO DE LUCENA;RUA DES HERMES PARAHYBA;;0;;Colis?â?úo Transversal;Via Iluminada;Chuva;Molhada;T;Pare;Residencial;1;1;0;1;0;1;0;0;0;0;0;0;-3,712404000000000;-38,593995000000000
334101;7;7;2018;06:09;0;AV BEZERRA DE MENEZES;;;0;;Queda;Luz do Dia;;;Meio de Quadra;;;0;1;0;0;0;0;0;0;0;1;0;0;;
334102;7;7;2018;07:43;7608;AV DR SILAS MUNGUBA;RUA MAL BITENCOURT;;0;;Queda;Luz do Dia;;;T;Sem?â?íforo;Comercial;0;1;0;0;0;0;0;0;0;1;0;0;-3,796992000000000;-38,531678000000000
334103;7;7;2018;07:48;0;AV SGT HERMINIO SAMPAIO;;;1122;;Queda;Luz do Dia;;;Meio de Quadra;;;0;1;0;0;0;0;0;0;0;1;0;0;-3,724652808000000;-38,550605462000000
334104;7;7;2018;07:50;19689;RUA GUSTAVO SAMPAIO;RUA DOM LINO;;0;;Colis?â?úo;Luz do Dia;;;Cruz;Pare;Residencial;0;1;0;1;0;0;0;0;0;1;0;0;-3,735435000000000;-38,557313000000000
334105;7;7;2018;08:19;23347;RUA EDUARDO BEZERRA;RUA JOSE VILAR;;0;;Queda;Luz do Dia;;;Cruz;Pare;Residencial;0;1;0;0;0;0;0;0;0;1;0;0;-3,753529000000000;-38,510370000000000
334106;7;7;2018;08:28;0;RUA ALBERTO MAGNO;;;756;;Choque c/ Obst?â?ículo Fixo;Luz do Dia;;;Meio de Quadra;;;0;1;0;0;0;0;0;0;0;1;0;0;-3,762151200000000;-38,547605400000000
334107;7;7;2018;08:32;24987;AV ALM HENRIQUE SABOIA;AV ANTONIO SALES;;0;;Queda;Luz do Dia;;;Meio de Quadra;N?â?úo H?â?í Controle;Comercial;0;1;0;0;0;0;0;0;0;1;0;0;-3,748334000000000;-38,492911000000000
334108;7;7;2018;09:07;1574;RUA PDE VALDEVINO;RUA JOSE VILAR;;0;;Colis?â?úo;Luz do Dia;;;Cruz;Sem?â?íforo;Comercial;0;1;0;1;0;0;0;0;0;1;0;0;-3,742300000000000;-38,506779000000000
334109;7;7;2018;10:40;0;RUA CON DE CASTRO;;;1780;;Colis?â?úo;Luz do Dia;;;Meio de Quadra;;;0;1;0;1;0;0;0;0;0;1;0;0;-3,786350471000000;-38,574669706000000
334110;7;7;2018;11:50;0;RUA GEORGE ROCHA;;;0;;Colis?â?úo;Luz do Dia;;;Meio de Quadra;;;0;1;0;1;0;0;0;0;0;1;0;0;;
334111;7;7;2018;12:28;0;RUA ANTONIO BOTELHO;;;2333;;Queda;Luz do Dia;;;Meio de Quadra;;;0;2;0;0;0;0;0;0;0;1;0;0;-3,785670000000000;-38,550840000000000
334112;7;7;2018;12:33;3800;AV 13 DE MAIO;RUA CAIO CARLOS;;0;;Colis?â?úo;Luz do Dia;;;Cruz;N?â?úo H?â?í Controle;Comercial;0;1;0;0;0;0;0;0;0;1;0;0;-3,738286000000000;-38,542160000000000
334113;7;7;2018;12:42;0;AV JOSE BASTOS;;;3786;;Queda;Luz do Dia;;;Meio de Quadra;;;0;1;0;0;0;0;0;0;0;1;0;0;-3,751924000000000;-38,552379500000000
334114;7;7;2018;12:48;0;AV N CJ JOSE WALTER;;;0;;Queda;Luz do Dia;;;Meio de Quadra;;;0;1;0;0;0;0;0;0;0;1;0;0;;
334115;7;7;2018;13:15;0;AV AGUANAMBI;;;560;;Colis?â?úo;Luz do Dia;;;Meio de Quadra;;;0;1;0;0;0;0;0;0;0;0;0;0;-3,741760100000000;-38,526180600000000
334116;7;7;2018;14:27;12954;RUA BERNARDO MANUEL;AV PRS COSTA E SILVA;;0;;Queda;Luz do Dia;;;Cruz;Sem?â?íforo;Comercial;0;1;0;0;0;0;0;0;0;1;0;0;-3,821079000000000;-38,558276000000000
334117;7;7;2018;14:47;0;AV JOSE BASTOS;;;0;;Queda;Luz do Dia;;;Meio de Quadra;;;0;1;0;0;0;0;0;0;0;1;0;0;;
334118;7;7;2018;15:41;5965;AV C CJ CEARA;AV F CJ CEARA;;0;;Colis?â?úo;Luz do Dia;;;Cruz;Pare;Residencial;0;1;0;0;0;0;0;0;0;1;0;0;-3,762727000000000;-38,609538000000000
334119;7;7;2018;15:42;0;RUA 1157 CJ CEARA;;;186;;Colis?â?úo;Luz do Dia;;;Meio de Quadra;;;0;1;0;0;0;0;0;0;0;1;0;0;-3,762551600000000;-38,610350100000000
334120;7;7;2018;16:42;0;AV G CJ CEARA;;;390;;Atropelamento;Luz do Dia;;;Meio de Quadra;;;0;1;1;0;0;0;0;0;0;1;0;0;-3,773152000000000;-38,611506000000000
334121;7;7;2018;16:52;0;AV MR HULL;;;2000;;Colis?â?úo Lateral;Luz do Dia;;Seca;Meio de Quadra;;;0;1;1;0;0;0;0;0;0;1;0;0;;
334122;7;7;2018;18:27;0;RUA CARLOS CHAGAS;;;366;;Colis?â?úo;Anoitecer;;;Meio de Quadra;;;0;1;0;0;0;0;0;0;0;1;0;0;-3,779270000000000;-38,588470000000000
334123;7;7;2018;19:50;0;AV II LOT EXPEDICIONARIOS II;;;296;;Queda;;;;Meio de Quadra;;;0;1;0;0;0;0;0;0;0;1;0;0;-3,806166941000000;-38,550520353000000
334124;7;7;2018;21:03;23727;RUA GABRIEL FIUZA;RUA MON AGOSTINHO;;0;;Colis?â?úo;;;;Cruz;Pare;Residencial;0;1;0;1;0;0;0;0;0;1;0;0;-3,786587000000000;-38,580412000000000
334125;7;7;2018;22:54;0;RUA FONSECA LOBO;;;70;;Colis?â?úo;;;;Meio de Quadra;;;0;2;0;1;0;0;0;0;0;1;0;0;-3,737971103000000;-38,489259615000000
334126;7;7;2018;23:22;0;AV CENTRAL;;;885;;Colis?â?úo;;;;Meio de Quadra;;;0;1;0;1;0;0;0;0;0;1;0;0;-3,808653800000000;-38,538786200000000
334082;7;7;2018;00:25;0;AV DOM LUIS;;;502;PRACA PORTUGAL;Colis?â?úo;;;;Meio de Quadra;;;0;1;0;1;0;0;0;0;0;0;0;0;-3,733248849000000;-38,497353091000000
334083;7;7;2018;00:32;0;RUA EDUARDO PERDIGAO;;;120;;Colis?â?úo;;;;Meio de Quadra;;;0;1;0;1;0;0;0;0;0;1;0;0;-3,775579000000000;-38,564769000000000
334084;7;7;2018;01:43;0;RUA MAL BITENCOURT;;;0;;Colis?â?úo;;;;Meio de Quadra;;;0;1;0;1;0;0;0;0;0;1;0;0;;
334085;7;7;2018;02:05;0;RUA OTO DE ALENCAR;;;215;;Choque c/ Obst?â?ículo Fixo;;;;Meio de Quadra;;;0;1;0;1;0;0;0;0;0;0;0;0;-3,724515000000000;-38,540623000000000
334089;8;7;2018;00:42;15289;AV DES MOREIRA;RUA ANA BILHAR;;0;;Queda;;;;Cruz;Sem?â?íforo;Residencial;0;1;0;0;0;0;0;0;0;1;0;0;-3,729331000000000;-38,496113000000000
334091;8;7;2018;02:07;0;AV C CJ CEARA;;;0;;Queda;;;;Meio de Quadra;;;0;1;0;0;0;0;0;0;0;1;0;0;;
334092;8;7;2018;06:00;0;RUA ALUISIO AZEVEDO;;;0;;Queda;Luz do Dia;;;Meio de Quadra;;;0;1;0;0;0;0;0;0;0;1;0;0;;
334094;8;7;2018;06:23;0;AV LINEU MACHADO;;;0;;Colis?â?úo;Luz do Dia;;;Meio de Quadra;;;0;1;0;0;0;0;0;0;0;0;0;0;;
334095;8;7;2018;09:48;0;RUA ALVES BATISTA;;;299;;Colis?â?úo;Luz do Dia;;;Meio de Quadra;;;0;1;0;0;0;0;0;0;0;0;0;0;-3,761801720000000;-38,601559680000000
334096;8;7;2018;11:19;0;RUA VERBENA;;;1165;;Colis?â?úo;Luz do Dia;;;Meio de Quadra;;;0;0;2;1;0;0;0;0;0;1;0;0;-3,784681900000000;-38,589654200000000
334097;8;7;2018;11:38;0;AV DA INDEPENDENCIA;;;1507;;Colis?â?úo;Luz do Dia;;;Meio de Quadra;;;0;0;2;0;0;0;0;0;0;1;0;0;-3,725965000000000;-38,594280000000000
334098;8;7;2018;11:45;0;AV BEZERRA DE MENEZES;;;2520;;Queda;Luz do Dia;;;Meio de Quadra;;;0;0;1;0;0;0;0;0;0;1;0;0;-3,736265500000000;-38,567277750000000
334099;8;7;2018;11:47;5122;AV IMPERADOR;RUA SAO PAULO;;0;;Colis?â?úo;Luz do Dia;;;Cruz;Sem?â?íforo;Comercial;0;0;2;1;0;0;0;0;0;1;0;0;-3,724049000000000;-38,533522000000000
334100;8;7;2018;14:14;0;RUA MOCAMBIQUE;;;470;;Colis?â?úo;Luz do Dia;;;Meio de Quadra;;;0;1;0;0;0;0;0;0;0;0;0;0;-3,763112600000000;-38,599038500000000
334137;8;7;2018;14:14;0;RUA MOCAMBIQUE;;;470;;Colis?â?úo;Luz do Dia;;;Meio de Quadra;;;0;1;0;0;0;0;0;0;0;0;0;0;-3,763112600000000;-38,599038500000000
334138;8;7;2018;15:02;7496;RUA JOAO FONSECA;RUA PEDRO DANTAS;;0;;Colis?â?úo;Luz do Dia;;;Cruz;Pare;Comercial;0;0;2;1;0;0;0;0;0;1;0;0;-3,785733000000000;-38,522903000000000
334139;8;7;2018;15:22;5364;AV TRISTAO GONCALVES;RUA GAL CLARINDO DE QUEIROZ;;0;;Colis?â?úo;Luz do Dia;;;Cruz;Sem?â?íforo;Comercial;0;0;2;1;0;0;0;0;0;1;0;0;-3,731314000000000;-38,534472000000000
334140;8;7;2018;16:09;0;AV G CJ CEARA;;;0;;Colis?â?úo;Luz do Dia;;;;;;0;0;2;1;0;0;0;0;0;1;0;0;;
334141;8;7;2018;16:11;3211;RUA VERBENA;RUA EMILIO DE MENESES;;0;;Colis?â?úo;Luz do Dia;;;Cruz;Sem?â?íforo;Comercial;0;1;1;1;0;0;0;0;0;1;0;0;-3,781344000000000;-38,588838000000000
334143;8;7;2018;17:16;0;AV DR SILAS MUNGUBA;;;0;;Queda;Anoitecer;;;Meio de Quadra;;;0;1;0;0;0;0;0;0;0;1;0;0;;
334155;8;7;2018;18:59;0;AV LINEU MACHADO;;;302;;Colis?â?úo;;;;Meio de Quadra;;;0;1;1;1;0;0;0;0;0;1;0;0;-3,762742600000000;-38,575476200000000
334156;8;7;2018;19:06;0;RUA ANTERO QUENTAL;;;0;;Atropelamento;;;;Meio de Quadra;;;0;2;0;0;0;0;0;0;0;1;0;0;;
334163;8;7;2018;19:24;0;RUA RUI MONTE;;;0;;Atropelamento;;;;Meio de Quadra;;;0;1;1;1;0;0;0;0;0;0;0;0;;
334164;8;7;2018;19:57;0;AV PRS CASTELO BRANCO;;;3746;;Atropelamento;;;;Meio de Quadra;;;0;1;1;0;1;0;0;0;0;0;0;0;-3,709311829000000;-38,565751200000000
334165;8;7;2018;20:12;0;RUA DR FERNANDO AUGUSTO;;;214;;Colis?â?úo;;;;Meio de Quadra;;;0;0;2;0;0;0;0;0;0;1;0;0;-3,795530074000000;-38,595582250000000
334166;8;7;2018;20:51;0;RUA PROF. MANOEL LOURENCO;;;0;;Colis?â?úo;;;;Meio de Quadra;;;0;1;1;1;0;0;0;0;0;1;0;0;;
334167;8;7;2018;20:53;0;AV JOR THOMAZ COELHO;;;0;;Colis?â?úo;;;;Meio de Quadra;;;0;0;2;1;0;0;0;0;0;1;0;0;;
334168;8;7;2018;21:04;0;AV JOR THOMAZ COELHO;;;70;;Atropelamento;;;;Meio de Quadra;;;0;1;1;0;0;0;0;0;0;0;0;0;-3,831777000000000;-38,496229100000000
334169;8;7;2018;21:15;0;RUA CEL MANUEL ANTONIO LEITE;;;193;;Colis?â?úo;;;;Meio de Quadra;;;0;0;2;1;0;0;0;0;0;1;0;0;-3,773560769000000;-38,592210615000000
334170;8;7;2018;21:21;0;ET DO ANCURI;;;2225;;Atropelamento;;;;Meio de Quadra;;;0;1;0;0;0;0;0;0;0;0;0;0;-3,867397158000000;-38,522071731000000
334171;8;7;2018;21:49;0;AV C CJ CEARA;;;972;;Colis?â?úo;;;;Meio de Quadra;;;0;0;2;1;0;0;0;0;0;1;0;0;-3,766638500000000;-38,611816000000000
334172;8;7;2018;22:02;0;AV PERIMETRAL;;;959;;Queda;;;;Meio de Quadra;;;0;1;0;0;0;0;0;0;0;1;0;0;-3,784613792000000;-38,589753583000000
334173;8;7;2018;23:13;0;AV JOSE BASTOS;;;0;;Choque c/ Obst?â?ículo Fixo;;;;Meio de Quadra;;;0;1;0;1;0;0;0;0;0;0;0;0;;
334151;8;7;2018;17:49;0;RUA NAT FEIJO;;;986;;Colis?â?úo;Anoitecer;;;Meio de Quadra;;;0;0;2;0;0;0;0;0;0;1;0;0;-3,721126600000000;-38,557373800000000
334153;8;7;2018;18:10;0;RUA PORTO FELIZ;;;581;;Atropelamento;Anoitecer;;;Meio de Quadra;;;0;2;0;0;0;0;0;0;0;1;0;0;;
332177;8;7;2018;11:23;0;AV RUI BARBOSA;;;0;;N?â?úo Informado;Luz do Dia;Bom;Seca;Meio de Quadra;Sem?â?íforo;Comercial;0;0;2;1;0;0;0;0;0;0;0;0;-3,724221000000000;-38,505676000000000
332178;8;7;2018;13:05;0;AV SGT HERMINIO SAMPAIO;RUA SILVA JATAHY;;0;;Colis?â?úo Traseira;Luz do Dia;Bom;Seca;Meio de Quadra;Sem?â?íforo;Comercial;0;1;1;1;0;0;0;0;0;0;0;0;-3,724919600000000;-38,546387000000000
332179;8;7;2018;16:03;5364;AV TRISTAO GONCALVES;RUA GAL CLARINDO DE QUEIROZ;;0;;N?â?úo Informado;Luz do Dia;Bom;Seca;Cruz;Sem?â?íforo;Comercial;0;0;2;1;0;0;0;0;0;0;0;0;-3,731314000000000;-38,534472000000000
332180;8;7;2018;18:22;25130;RUA MARIA TOMASIA;RUA FRE MANSUETO;;0;;Colis?â?úo Lateral;Via Iluminada;Bom;Seca;Cruz;Gesto;Comercial;0;0;2;1;0;0;0;0;0;0;0;0;-3,738164700000000;-38,488450000000000
332181;8;7;2018;19:19;1035;RUA JOAQUIM FROTA;RUA MARIO ALENCAR ARARIPE;;0;;Colis?â?úo Lateral;Via Iluminada;Bom;Seca;Cruz;Pare;Residencial;0;0;2;1;0;0;0;0;0;1;0;0;-3,801856000000000;-38,477715000000000
332182;8;7;2018;21:14;10752;RUA JOCKEY CLUBE;RUA ANTONIO IVO;;0;;Colis?â?úo Transversal;Via Iluminada;Bom;Seca;Cruz;Pare;Residencial;0;1;0;1;0;0;0;0;0;1;0;0;-3,761104000000000;-38,581779000000000
332183;8;7;2018;20:34;0;AV LINEU MACHADO;RUA GEORGE ROCHA;;0;;Colis?â?úo Traseira;Via Iluminada;Bom;Seca;Cruz;Sem?â?íforo;Comercial;0;1;1;1;0;0;0;0;0;1;0;0;-3,763149500000000;-38,575443000000000
332184;8;7;2018;21:41;0;RUA GEORGE ROCHA;;;0;;Colis?â?úo Transversal;Via Iluminada;Bom;Seca;Rotat?â??ria;Pare;Residencial;0;0;1;1;0;0;0;0;0;1;0;0;-3,764042900000000;-38,573400000000000
332194;8;7;2018;16:42;13304;AV I CJ JOSE WALTER;AV G CJ JOSE WALTER;;0;;Colis?â?úo Transversal;Luz do Dia;Bom;Seca;Cruz;Pare;Residencial;0;0;2;1;0;0;0;0;0;1;0;0;-3,839061000000000;-38,554956000000000
331933;8;7;2018;17:30;0;RD CE-025;;;0;;Colis?â?úo;Anoitecer;;;Meio de Quadra;;;0;0;3;1;0;0;0;0;0;0;0;0;;
332609;8;7;2018;16:17;5307;AV DUQ CAXIAS;RUA PRC ISABEL;;0;;N?â?úo Informado;Luz do Dia;Bom;Seca;Cruz;Sem?â?íforo;Comercial;0;1;1;1;0;0;0;0;0;1;0;0;-3,729687000000000;-38,536407000000000
338225;8;7;2018;15:30;0;RD BR 222;;;3000;KM-03;Colis?â?úo Traseira;Luz do Dia;;;Meio de Quadra;;;0;1;5;1;0;0;0;0;0;0;0;0;-3,740300848000000;-38,595940970000000
327016;8;7;2018;17:15;25027;AV DR SILAS MUNGUBA;RUA PRA STELLA COCHRANE;;0;;Choque c/ Obst?â?ículo Fixo;Anoitecer;Bom;Seca;Cruz;Sem?â?íforo;Comercial;0;1;0;0;0;0;0;0;0;1;0;0;-3,793090000000000;-38,535043000000000
327022;8;7;2018;22:50;2706;RUA OSCAR FRANCA;RUA CEL VIRGILIO NOGUEIRA (BOM JARDIM);;0;;Colis?â?úo Transversal;Via Iluminada;Bom;Seca;Cruz;Sem?â?íforo;Comercial;0;0;2;1;0;0;0;0;0;0;0;0;-3,788948000000000;-38,608757000000000
331952;9;7;2018;18:50;0;AV ENG SANTANA JUNIOR;;;0;IGUATEMI;Colis?â?úo;Via Iluminada;;Seca;Meio de Quadra;;;0;0;2;1;0;0;0;0;0;0;0;0;;
332195;9;7;2018;12:54;17361;RUA BAR CANINDE;RUA BAR SOBRAL;;0;;Colis?â?úo Transversal;Luz do Dia;Bom;Seca;Cruz;Pare;Residencial;0;1;1;1;0;0;0;0;0;1;0;0;-3,766148000000000;-38,555751000000000
332196;9;7;2018;14:30;0;RUA GUSTAVO SAMPAIO;;;2136;;Colis?â?úo Lateral;Luz do Dia;Bom;Seca;Meio de Quadra;Pare;Residencial;0;0;2;1;0;0;0;0;0;1;0;0;-3,736678800000000;-38,563610000000000
332197;9;7;2018;15:00;0;AV MON TABOSA;;;23;;N?â?úo Informado;Luz do Dia;Bom;Seca;Meio de Quadra;N?â?úo H?â?í Controle;Comercial;0;0;1;1;0;0;0;0;0;0;0;0;-3,723621100000000;-38,519130000000000
332198;9;7;2018;15:04;7752;AV CARNEIRO DE MENDONCA;AV JOAO PESSOA;;0;;Colis?â?úo Lateral;Luz do Dia;Bom;Seca;T;Sem?â?íforo;Comercial;0;0;2;0;1;0;0;0;0;0;0;0;-3,767222000000000;-38,559808000000000
332199;9;7;2018;16:35;0;AV ABOLICAO;;;4022;;Colis?â?úo Traseira;Luz do Dia;Bom;Seca;T;N?â?úo H?â?í Controle;Comercial;0;0;2;1;0;0;0;0;0;1;0;0;-3,723807800000000;-38,481560000000000
332200;9;7;2018;17:04;15189;AV ABOLICAO;RUA FRE MANSUETO;;0;;Colis?â?úo Transversal;Luz do Dia;Bom;Seca;Cruz;Sem?â?íforo;Comercial;0;0;2;1;1;0;0;0;0;0;0;0;-3,726368000000000;-38,489324000000000
332201;9;7;2018;18:05;7733;AV JOAO PESSOA;RUA BAR SOBRAL;;0;;Colis?â?úo Lateral;Via Iluminada;Bom;Seca;Cruz;Sem?â?íforo;Residencial;0;2;1;1;0;0;0;0;0;1;0;0;-3,764592600000000;-38,558810000000000
332202;9;7;2018;18:49;24244;RUA FAUSTO CABRAL;RUA SOLON ONOFRE;;0;;Colis?â?úo Lateral;Via Iluminada;Bom;Seca;Cruz;Pare;Residencial;0;0;2;1;0;0;0;0;0;0;0;0;-3,734718000000000;-38,472778000000000
332203;9;7;2018;21:00;0;AV CONTORNO (CASTEL?âãÆO);RUA INES BRASIL;;0;;N?â?úo Informado;Via Iluminada;Bom;Seca;T;Pare;Residencial;0;1;1;1;0;0;0;0;0;1;0;0;-3,805035400000000;-38,520252000000000
332185;9;7;2018;07:23;245;RUA DOM LINO;RUA GAL BERNARDO FIGUEIREDO;;0;;Colis?â?úo Transversal;Luz do Dia;Bom;Seca;Cruz;Pare;Residencial;0;1;1;1;0;0;0;0;0;1;0;0;-3,740582000000000;-38,556267000000000