COD_ACIDENTE;DIA;MES;ANO;HORA;INTERSECAO;LOG1;LOG2;LOG3;NUMERO;REFERENCIA;NATUREZA;ILUMINACAO;TEMPO;SUPERFICIEPISTA;TIPOCRUZAMENTO;CONTROLETRAFEGO;USOSOLO;MORTOS;FERIDOS;ILESOS;AUTOMOVEL;ONIBUS;BICICLETA;CAMINHAO;MICROONIBUS;CICLOMOTOR;MOTOCICLETA;TRACAOANIMAL;TREM;LATITUDE;LONGITUDE
332187;9;7;2018;07:45;0;AV DOM MANUEL;AV PRS CASTELO BRANCO;;0;;Colis?â?úo Lateral;Luz do Dia;Bom;Seca;Cruz;Sem?â?íforo;Comercial;0;0;2;1;1;0;0;0;0;0;0;0;-3,723485000000000;-38,519640000000000
332188;9;7;2018;07:57;0;AV JOAO PESSOA;;;4408;;Queda;Luz do Dia;Bom;Seca;Meio de Quadra;N?â?úo H?â?í Controle;Comercial;0;2;0;0;0;0;0;0;0;1;0;0;-3,751766700000000;-38,548700000000000
332189;9;7;2018;07:34;7862;AV ANTONIO SALES;RUA PRO DIAS DA ROCHA;;0;;Colis?â?úo Transversal;Amanhecer;Bom;Seca;Cruz;Pare;Comercial;0;1;1;1;0;0;0;0;0;1;0;0;-3,747586000000000;-38,495535000000000
332190;9;7;2018;08:00;1534;RUA MON CATAO;RUA EDUARDO GARCIA;;0;;Colis?â?úo Lateral;Luz do Dia;Bom;Seca;Cruz;Pare;Residencial;0;0;2;0;0;0;0;0;0;1;0;0;-3,740726000000000;-38,491196000000000
332191;9;7;2018;08:51;5043;RUA TIJUBANA;RUA AGAPITO DOS SANTOS;;0;;Colis?â?úo Lateral;Luz do Dia;Bom;Seca;T;Pare;Residencial;0;1;1;1;0;0;0;0;0;1;0;0;-3,721310000000000;-38,537405000000000
332192;9;7;2018;08:45;0;AV JOAO PESSOA;;;3264;;Colis?â?úo;Luz do Dia;Bom;Seca;Meio de Quadra;N?â?úo H?â?í Controle;Comercial;0;1;1;1;0;0;0;0;0;1;0;0;-3,744001600000000;-38,541943000000000
332193;9;7;2018;10:20;0;RUA LAURO MAIA;;;0;;Colis?â?úo Lateral;Luz do Dia;Bom;Seca;Meio de Quadra;N?â?úo H?â?í Controle;Comercial;0;0;2;1;1;0;0;0;0;0;0;0;-3,739680000000000;-38,524445000000000
329595;9;7;2018;18:20;2790;RUA XAVIER DA SILVEIRA;RUA CEL VIRGILIO NOGUEIRA (BOM JARDIM);;0;;Colis?â?úo Transversal;Anoitecer;;;;;;1;0;1;1;0;0;0;0;0;1;0;0;-3,793032000000000;-38,610147000000000
334198;9;7;2018;15:55;0;RUA ANTONIO BARROS;;;0;;Colis?â?úo;Luz do Dia;;;Meio de Quadra;;;0;1;1;1;0;0;0;0;0;1;0;0;;
334199;9;7;2018;16:04;0;AV GOV RAUL BARBOSA;;;7485;;Colis?â?úo;Luz do Dia;;;Meio de Quadra;;;0;1;1;1;0;0;0;0;0;1;0;0;-3,776726400000000;-38,513280600000000
334201;9;7;2018;16:15;0;RUA AQUIRAZ;;;643;;Colis?â?úo;Luz do Dia;;;Meio de Quadra;;;0;1;1;1;0;0;0;0;0;1;0;0;-3,759564769000000;-38,548282000000000
334174;9;7;2018;05:23;0;AV FRANCISCO SA;;;216;;Colis?â?úo;Amanhecer;;;Meio de Quadra;;;0;1;0;0;0;0;0;0;0;0;0;0;;
334182;9;7;2018;06:57;24956;RUA TAVARES COUTINHO;AV ALM HENRIQUE SABOIA;;0;;Colis?â?úo;Luz do Dia;;;;;;0;1;1;1;0;0;0;0;0;1;0;0;-3,732499000000000;-38,482890000000000
334183;9;7;2018;07:28;0;RD BR 116;;;11000;KM-11;Queda;Luz do Dia;;;Meio de Quadra;;;0;1;0;0;0;0;0;0;0;1;0;0;-3,847160000000000;-38,497176000000000
334184;9;7;2018;07:54;0;AV DA UNIVERSIDADE;;;0;;Colis?â?úo;Luz do Dia;;;Meio de Quadra;;;0;1;1;1;0;0;0;0;0;1;0;0;;
334185;9;7;2018;10:16;0;RUA VALPARAISO;;;340;;Colis?â?úo;Luz do Dia;;;Meio de Quadra;;;0;1;1;1;0;0;0;0;0;1;0;0;-3,845739000000000;-38,523374300000000
334186;9;7;2018;11:36;0;RUA DEMETRIO MENEZES;;;3643;;Colis?â?úo;Luz do Dia;;;Meio de Quadra;;;0;1;1;1;0;1;0;0;0;0;0;0;-3,735431607000000;-38,584138750000000
334187;9;7;2018;11:48;0;RUA CON DE CASTRO;;;0;;Colis?â?úo;Luz do Dia;;;Meio de Quadra;;;0;1;1;0;0;0;1;0;0;1;0;0;;
334188;9;7;2018;12:56;15137;RUA ILDEFONSO ALBANO;AV MON TABOSA;;0;;Colis?â?úo;Luz do Dia;;;Cruz;Sem?â?íforo;Comercial;0;1;1;1;0;0;0;0;0;1;0;0;-3,724155000000000;-38,510333000000000
334203;9;7;2018;18:13;0;AV PERIMETRAL;;;400;;Atropelamento;Anoitecer;;;Meio de Quadra;;;0;1;1;0;0;0;0;0;0;1;0;0;;
334204;9;7;2018;18:17;0;RUA LUIS VIEIRA;;;381;;Colis?â?úo;Anoitecer;;;Meio de Quadra;;;0;1;1;0;0;0;0;0;0;1;0;0;-3,794850000000000;-38,587064000000000
334205;9;7;2018;18:20;0;AV DUQ CAXIAS;;;2125;;Colis?â?úo;Anoitecer;;;Meio de Quadra;;;0;1;1;0;0;0;0;0;0;1;0;0;-3,727484000000000;-38,543143000000000
334206;9;7;2018;18:27;0;RUA CEL VIRGILIO NOGUEIRA (BOM JARDIM);;;0;;Colis?â?úo;Anoitecer;;;Meio de Quadra;;;0;0;2;1;0;0;0;0;0;1;0;0;;
334207;9;7;2018;18:45;2955;RUA MARIA JULIA;RUA SAO FRANCISCO D21;;0;;Colis?â?úo;;;;Cruz;Pare;Comercial;0;0;2;0;0;0;0;0;0;1;0;0;-3,798608000000000;-38,601633000000000
334208;9;7;2018;18:53;0;RUA LUIS VIEIRA;;;8190;;Colis?â?úo;;;;Meio de Quadra;;;0;0;2;1;0;0;0;0;0;1;0;0;;
334209;9;7;2018;18:54;0;RUA BAR CRATO;;;1700;;Colis?â?úo;;;;Meio de Quadra;;;0;1;1;1;0;0;0;0;0;1;0;0;;
334210;9;7;2018;20:01;0;AV MIN JOSE AMERICO;;;3521;;Colis?â?úo;;;;Meio de Quadra;;;0;1;1;1;0;0;0;0;0;1;0;0;;
334211;9;7;2018;20:33;0;AV GAL OSORIO DE PAIVA;;;0;;Queda;;;;Meio de Quadra;;;0;0;1;0;0;0;0;0;0;1;0;0;;
334212;9;7;2018;20:40;7496;RUA PEDRO DANTAS;RUA JOAO FONSECA;;0;;Colis?â?úo;;;;Cruz;Pare;Comercial;0;1;1;0;0;0;0;0;0;1;0;0;-3,785733000000000;-38,522903000000000
334213;9;7;2018;20:54;0;RUA INES BRASIL;;;680;;Colis?â?úo;;;;Meio de Quadra;;;0;1;1;1;0;0;0;0;0;1;0;0;-3,803632008000000;-38,519042710000000
333417;10;7;2018;13:30;5397;AV DUQ CAXIAS;RUA ASSUNCAO;;0;;Atropelamento;Luz do Dia;Nublado;Seca;Cruz;Sem?â?íforo;Comercial;0;1;1;0;1;0;0;0;0;0;0;0;-3,732405000000000;-38,527952000000000
334282;10;7;2018;07:08;0;TR JOAQUIM ALFREDO;;;171;;Queda;Luz do Dia;;;Meio de Quadra;;;0;1;0;0;0;0;0;0;0;1;0;0;-3,806765143000000;-38,581708238000000
334302;10;7;2018;07:19;0;AV PONTES VIEIRA;;;165;;Colis?â?úo;Luz do Dia;;;Meio de Quadra;;;0;1;1;1;0;0;0;0;0;1;0;0;-3,753347803000000;-38,518796160000000
334303;10;7;2018;08:16;26086;AV JOSE JATAHY;RUA AZEVEDO BOLAO;;0;;Queda;Luz do Dia;;;Cruz;Sem?â?íforo;Residencial;0;1;0;0;0;0;0;0;0;1;0;0;-3,733663000000000;-38,544494000000000
334304;10;7;2018;08:20;0;AV JOVITA FEITOSA;;;2740;;Queda;Luz do Dia;;;Meio de Quadra;;;0;1;0;0;0;0;0;0;0;1;0;0;-3,740938000000000;-38,561850000000000
334306;10;7;2018;09:17;0;AV GAL OSORIO DE PAIVA;;;1396;;Colis?â?úo;Luz do Dia;;;Meio de Quadra;;;0;1;1;1;0;0;0;0;0;1;0;0;-3,780267455000000;-38,573890682000000
334307;10;7;2018;10:32;0;RUA OSCAR ARARIPE;;;2751;;Colis?â?úo;Luz do Dia;;;Meio de Quadra;;;0;1;1;0;0;0;0;0;0;1;0;0;-3,785829800000000;-38,615531800000000
334308;10;7;2018;12:09;8935;AV DOMINGOS OLIMPIO;RUA TEREZA CRISTINA;;0;;Queda;Luz do Dia;;;T;N?â?úo H?â?í Controle;Comercial;0;1;0;0;0;0;0;0;0;1;0;0;-3,734086000000000;-38,538883000000000
334309;10;7;2018;12:26;0;AV GAL OSORIO DE PAIVA;;;1805;;Queda;Luz do Dia;;;Meio de Quadra;;;0;1;0;0;0;0;0;0;0;1;0;0;-3,783103000000000;-38,578294000000000
334311;10;7;2018;12:28;0;RUA MAJ FACUNDO;;;259;;Queda;Luz do Dia;;;Meio de Quadra;;;0;1;0;0;0;0;0;0;0;1;0;0;-3,725200206000000;-38,527061412000000
334313;10;7;2018;14:10;0;AV VIS RIO BRANCO;;;3190;;Queda;Luz do Dia;;;Meio de Quadra;;;0;1;0;0;0;0;0;0;0;1;0;0;-3,749035349000000;-38,521382372000000
334314;10;7;2018;15:01;0;AV MAJ ASSIS;;;2573;;Queda;Luz do Dia;;;Meio de Quadra;;;0;1;0;0;0;1;0;0;0;0;0;0;-3,719772000000000;-38,603476000000000
334316;10;7;2018;16:38;0;RUA JOSE ARAO;;;0;;Colis?â?úo;Luz do Dia;;;Meio de Quadra;;;0;1;1;1;0;1;0;0;0;0;0;0;;
334326;10;7;2018;16:48;0;RUA BERNARDO MANUEL;;;0;;Atropelamento de Animal;Luz do Dia;;;Meio de Quadra;;;0;1;0;0;0;0;0;0;0;1;0;0;;
334327;10;7;2018;17:36;0;AV DEP PAULINO ROCHA;;;50;;Queda;Anoitecer;;;Meio de Quadra;;;0;1;0;0;0;0;0;0;0;1;0;0;-3,802136000000000;-38,507565000000000
334328;10;7;2018;17:38;0;RUA ESTEVAO DE CAMPOS;;;391;;Colis?â?úo;Anoitecer;;;Meio de Quadra;;;0;1;1;1;0;0;0;0;0;1;0;0;-3,703980000000000;-38,581940000000000
334329;10;7;2018;17:44;0;RUA BERNARDO MANUEL;;;3510;;Colis?â?úo;Anoitecer;;;Meio de Quadra;;;0;1;0;0;0;0;0;0;0;0;0;0;-3,825311600000000;-38,559243900000000
334330;10;7;2018;19:49;0;RUA PRO LINO ENCARNACAO;;;85;;Queda;;;;Meio de Quadra;;;0;1;0;0;0;0;0;0;0;1;0;0;;
334331;10;7;2018;20:18;0;AV GAL OSORIO DE PAIVA;;;0;;Colis?â?úo;;;;Meio de Quadra;;;0;1;0;0;0;0;0;0;0;0;0;0;;
334349;10;7;2018;23:41;0;AV ABOLICAO;;;0;;Atropelamento;;;;Meio de Quadra;;;0;1;1;1;0;0;0;0;0;0;0;0;;
334347;10;7;2018;23:05;0;AV DR SILAS MUNGUBA;;;5255;;Queda;;;;Meio de Quadra;;;0;0;1;0;0;0;0;0;0;1;0;0;-3,799334000000000;-38,530752000000000
337284;10;7;2018;02:30;0;AV PINTO BANDEIRA D56;;;0;;Colis?â?úo;;;;Meio de Quadra;;;0;0;1;1;0;0;0;0;0;0;0;0;;
337304;10;7;2018;18:30;0;AV DR SILAS MUNGUBA;;;3497;;Colis?â?úo;Anoitecer;;;Meio de Quadra;;;0;0;1;1;0;0;0;0;0;0;0;0;-3,789739778000000;-38,542201194000000
337305;10;7;2018;22:30;0;RUA GONCALVES DIAS;;;238;;Colis?â?úo;;;;Meio de Quadra;;;0;0;1;1;0;0;0;0;0;1;0;0;-3,741641154000000;-38,553683346000000
337306;10;7;2018;21:44;0;AV CENTRAL UI 503;;;975;;Colis?â?úo;;;;Meio de Quadra;;;0;0;1;1;0;0;0;0;0;0;0;0;-3,808964200000000;-38,538903500000000
329607;10;7;2018;16:20;5728;RUA ANTONIO DE CASTRO;AV DES GONZAGA;;0;;Colis?â?úo Lateral;Luz do Dia;Bom;Seca;Cruz;Sem?â?íforo;Comercial;1;0;1;0;0;0;1;0;0;1;0;0;-3,795148000000000;-38,500858000000000
332204;10;7;2018;08:26;0;AV BORGES DE MELO;;;205;;Colis?â?úo Traseira;Luz do Dia;Chuva;Molhada;Meio de Quadra;Sem?â?íforo;Residencial;0;1;1;1;0;0;0;0;0;1;0;0;-3,761349200000000;-38,520950000000000
332205;10;7;2018;10:04;9034;AV AGUANAMBI;RUA CEL SOLON;;0;;Choque c/ Obst?â?ículo Fixo;Luz do Dia;Chuva;Molhada;Cruz;N?â?úo H?â?í Controle;Comercial;0;0;2;0;0;0;0;0;0;0;0;0;-3,742854000000000;-38,525818000000000
332206;10;7;2018;10:30;0;RUA CEL MATOS DOURADO;;;1313;;Colis?â?úo Transversal;Luz do Dia;Chuva;Molhada;Cruz;N?â?úo H?â?í Controle;Comercial;0;1;2;1;0;0;0;0;0;0;0;0;-3,751193800000000;-38,583668000000000
332207;10;7;2018;11:36;1397;RUA FREDERICO BORGES;RUA MARCOS MACEDO;;0;;Colis?â?úo Transversal;Luz do Dia;Nublado;Molhada;Cruz;Pare;Residencial;0;0;2;1;0;0;0;0;0;0;0;0;-3,737053000000000;-38,489078000000000
332208;10;7;2018;13:18;0;AV DR SILAS MUNGUBA;;;0;;Engavetamento;Luz do Dia;Chuva;Molhada;Meio de Quadra;N?â?úo H?â?í Controle;Escola;0;0;3;1;0;0;0;0;0;0;0;0;-3,785156000000000;-38,552300000000000
332209;10;7;2018;13:36;0;AV DR SILAS MUNGUBA;;;0;;Engavetamento;Luz do Dia;Chuva;Inundada;Meio de Quadra;N?â?úo H?â?í Controle;Escola;0;0;3;1;0;0;0;0;0;0;0;0;-3,785151000000000;-38,552254000000000
332210;10;7;2018;13:04;25101;AV GAL OSORIO DE PAIVA;RUA ARARIPE PRATA;;0;;Colis?â?úo Transversal;Luz do Dia;Chuva;Molhada;Cruz;Pare;Residencial;0;1;1;1;0;0;0;0;0;0;0;0;-3,776593000000000;-38,568029000000000
332211;10;7;2018;15:58;0;RUA OSVALDO CRUZ;RUA TOMAS ACIOLI;;0;;Colis?â?úo Traseira;Luz do Dia;Bom;Seca;Cruz;Pare;Residencial;0;0;2;0;0;0;0;0;0;1;0;0;-3,746963300000000;-38,503914000000000
332213;10;7;2018;20:29;0;AV DOM LUIS;;;0;PRACA PORTUGAL;Colis?â?úo Lateral;Via Iluminada;Bom;Seca;Rotat?â??ria;Sem?â?íforo;Comercial;0;0;2;1;0;0;0;0;0;0;0;0;-3,732963600000000;-38,498170000000000
332214;10;7;2018;20:36;15308;RUA TIBURCIO CAVALCANTE;RUA REPUBLICA DO LIBANO;;0;;Colis?â?úo Transversal;Via Iluminada;Bom;Seca;Cruz;Pare;Residencial;0;1;1;1;0;0;0;0;0;1;0;0;-3,730002000000000;-38,500668000000000
332215;10;7;2018;19:26;0;RUA JOSE VILAR;RUA MARCONDES PEREIRA;;3005;;Colis?â?úo Transversal;Mal Iluminada;Bom;Seca;Cruz;Pare;Residencial;0;0;2;0;0;0;0;0;0;1;0;0;-3,748775500000000;-38,508835000000000
332216;10;7;2018;11:30;0;RUA 20 DE JANEIRO;;;2448;;Tombamento;Luz do Dia;Chuva;Molhada;Meio de Quadra;N?â?úo H?â?í Controle;Residencial;0;0;2;1;0;0;0;0;0;0;0;0;-3,701984000000000;-38,589767000000000
332217;10;7;2018;21:27;1394;RUA TIBURCIO CAVALCANTE;RUA TORRES CAMARA;;0;;Colis?â?úo Transversal;Via Iluminada;Bom;Seca;Cruz;Sem?â?íforo;Comercial;0;0;2;1;0;0;0;0;0;0;0;0;-3,736933000000000;-38,502906000000000
332218;10;7;2018;21:41;0;RUA ALEXANDRE BARAUNA;;;1393;;Colis?â?úo Transversal;Anoitecer;Bom;Seca;;;;0;1;1;1;0;0;0;0;0;1;0;0;-3,745606000000000;-38,554207000000000
332219;10;7;2018;22:05;0;AV GAL OSORIO DE PAIVA;;;4849;;Colis?â?úo Traseira;Via Iluminada;Bom;Seca;Meio de Quadra;Sem?â?íforo;Comercial;0;0;2;0;1;0;0;0;0;1;0;0;-3,801807200000000;-38,598965000000000
331957;10;7;2018;10:00;0;AV SEN CARLOS JEREISSATI (AEROPORTO);;;0;KM 02;Colis?â?úo;Via Iluminada;;Seca;Meio de Quadra;;;0;0;1;1;0;0;0;0;0;0;0;0;-3,782194000000000;-38,535424000000000
331954;10;7;2018;08:30;0;AV SEN CARLOS JEREISSATI (AEROPORTO);;;0;KM 02;Queda;Luz do Dia;;;Meio de Quadra;;;0;0;1;0;0;0;0;0;0;1;0;0;-3,782194000000000;-38,535424000000000
332276;10;7;2018;09:00;0;AV ENG ALBERTO SA;RUA JULIO AZEVEDO;;0;;Colis?â?úo Lateral;Luz do Dia;Chuva;Molhada;Meio de Quadra;N?â?úo H?â?í Controle;Residencial;0;1;1;0;0;0;0;1;0;1;0;0;-3,734214300000000;-38,476750000000000
332277;11;7;2018;10:55;0;RUA TIBURCIO CAVALCANTE;;;2612;;Atropelamento;Luz do Dia;Bom;Seca;Meio de Quadra;N?â?úo H?â?í Controle;Residencial;0;1;1;0;0;0;0;0;0;0;0;0;-3,747190700000000;-38,506192650000000
332249;11;7;2018;08:23;15114;AV HIS RAIMUNDO GIRAO;RUA CAMOCIM;;0;;Colis?â?úo Lateral;Luz do Dia;Bom;Seca;T;Pare;Comercial;0;0;3;1;0;0;0;0;0;1;0;0;-3,722904000000000;-38,506776000000000
331960;11;7;2018;09:40;0;AV ENG SANTANA JUNIOR;;;0;;Colis?â?úo;Via Iluminada;;Seca;Meio de Quadra;;;0;0;2;1;0;0;0;0;0;0;0;0;;
332220;11;7;2018;08:44;0;AV FRE CIRILO;;;3810;;Colis?â?úo Transversal;Luz do Dia;Bom;Seca;Outros;N?â?úo H?â?í Controle;Comercial;0;1;1;1;0;1;0;0;0;0;0;0;-3,817678200000000;-38,497295000000000
332221;11;7;2018;06:50;5130;RUA CASTRO E SILVA;RUA FLORIANO PEIXOTO;;0;;Colis?â?úo Transversal;Luz do Dia;Bom;Seca;Cruz;Pare;Comercial;0;0;2;1;0;0;0;0;0;0;0;0;-3,724272000000000;-38,526110000000000
332222;11;7;2018;09:09;7982;RUA CARLOS CAMARA;RUA MAJ WEYNE;;0;;Colis?â?úo Transversal;Luz do Dia;Nublado;Seca;Cruz;Pare;Residencial;0;0;1;1;0;0;0;0;0;1;0;0;-3,748600000000000;-38,544497000000000
332223;11;7;2018;08:58;0;RUA BERNARDO MANUEL;RUA ACARAPE;;9117;;Colis?â?úo Lateral;Luz do Dia;Bom;Seca;Meio de Quadra;Pare;Escola;0;1;1;0;0;0;0;0;0;1;0;0;-3,799265100000000;-38,551556000000000
332224;11;7;2018;13:33;0;RUA GUILHERME ROCHA;;;903;;Colis?â?úo Lateral;Luz do Dia;Bom;Seca;Meio de Quadra;N?â?úo H?â?í Controle;Comercial;0;0;2;1;1;0;0;0;0;0;0;0;-3,724900000000000;-38,534260000000000
332225;11;7;2018;14:50;13938;RUA VER PEDRO PAULO MOREIRA;RUA JUNIOR ROCHA;;0;;Colis?â?úo Transversal;Luz do Dia;Bom;Seca;Cruz;Pare;Comercial;0;1;1;1;0;0;0;0;0;0;0;0;-3,787178000000000;-38,487345000000000
332226;11;7;2018;16:19;1303;AV DOM LUIS;RUA BARBOSA DE FREITAS;;0;;Colis?â?úo Transversal;Luz do Dia;Bom;Seca;Cruz;Sem?â?íforo;Comercial;0;0;2;1;0;0;0;0;0;0;0;0;-3,733564000000000;-38,496396000000000
332227;11;7;2018;21:24;0;RUA CARLOS CAMARA;;;1977;;Choque c/ Obst?â?ículo Fixo;Via Iluminada;Bom;Seca;Meio de Quadra;N?â?úo H?â?í Controle;Residencial;0;1;0;1;0;0;0;0;0;0;0;0;-3,752176500000000;-38,547710000000000
332228;11;7;2018;21:24;0;AV DR SILAS MUNGUBA;;;1150;;Atropelamento;Anoitecer;Bom;Seca;Meio de Quadra;N?â?úo H?â?í Controle;Comercial;0;2;0;0;0;0;0;0;0;1;0;0;-3,790598900000000;-38,539505000000000
332229;11;7;2018;23:15;5413;RUA GAL SAMPAIO;RUA METON DE ALENCAR;;0;;Colis?â?úo Transversal;Via Iluminada;Nublado;Molhada;Cruz;Sem?â?íforo;Comercial;0;1;2;1;1;0;0;0;0;0;0;0;-3,733033000000000;-38,532600000000000
332231;11;7;2018;10:09;0;AV BEZERRA DE MENEZES;;;1527;;Colis?â?úo Lateral;Luz do Dia;Bom;Seca;Meio de Quadra;Sem?â?íforo;Comercial;0;2;2;1;0;0;0;0;0;1;0;0;-3,734248400000000;-38,558300000000000
334370;11;7;2018;08:36;0;AV VICENTE DE CASTRO;;;0;;Colis?â?úo;Luz do Dia;;;Meio de Quadra;;;0;1;1;1;0;0;0;0;0;1;0;0;;
334375;11;7;2018;09:19;0;AV HIS RAIMUNDO GIRAO;;;1002;;Colis?â?úo;Luz do Dia;;;Meio de Quadra;;;0;1;1;1;0;0;0;0;0;1;0;0;-3,722990000000000;-38,506595500000000
334376;11;7;2018;09:49;0;RUA ALBERTO MAGNO;;;500;;Queda;Luz do Dia;;;Meio de Quadra;;;0;1;0;0;0;0;0;0;0;1;0;0;-3,760225000000000;-38,545916000000000
334380;11;7;2018;09:59;0;RUA TIBURCIO CAVALCANTE;;;2621;;Colis?â?úo;Luz do Dia;;;Meio de Quadra;;;0;1;0;0;0;0;0;0;0;0;0;0;-3,747943056000000;-38,506428028000000
334381;11;7;2018;10:00;0;AV BEIRA MAR;;;1002;;Colis?â?úo;Luz do Dia;;;Meio de Quadra;;;0;1;1;1;0;0;0;0;0;1;0;0;-3,720653501000000;-38,510400500000000
334382;11;7;2018;10:25;1716;AV GOV RAUL BARBOSA;AV GAL MURILO BORGES;;0;;Colis?â?úo;Luz do Dia;;;Rotat?â??ria;D?â?¬ Prefer?â?¬ncia;Residencial;0;0;2;1;0;0;0;0;0;1;0;0;-3,763977000000000;-38,508802000000000
334383;11;7;2018;10:38;0;AV 13 DE MAIO;;;31;;Atropelamento;Luz do Dia;;;Meio de Quadra;;;0;1;1;0;0;0;0;0;0;1;0;0;-3,753544000000000;-38,520486000000000
334378;11;7;2018;09:54;0;AV BEZERRA DE MENEZES;;;0;;Colis?â?úo;Luz do Dia;;;Meio de Quadra;;;0;1;1;1;0;0;0;0;0;1;0;0;;
334385;11;7;2018;10:40;15192;RUA JOSE VILAR;RUA SILVA JATAHY;;0;;Queda;Luz do Dia;;;Cruz;Pare;Residencial;0;1;0;0;0;0;0;0;0;1;0;0;-3,726429000000000;-38,501700000000000
334389;11;7;2018;10:42;0;RUA VINTE E QUATRO DE MAIO;;;0;;Atropelamento;Luz do Dia;;;Meio de Quadra;;;0;1;1;0;1;0;0;0;0;0;0;0;;
334391;11;7;2018;11:07;0;RUA JOAO CORDEIRO;;;219;;Queda;Luz do Dia;;;Meio de Quadra;;;0;1;0;0;0;1;0;0;0;0;0;0;-3,726740000000000;-38,513470000000000
334350;11;7;2018;06:42;12496;AV LINEU MACHADO;AV CARNEIRO DE MENDONCA;;0;;Queda;Luz do Dia;;;Meio de Quadra;Sem?â?íforo;Comercial;0;1;0;0;0;0;0;0;0;1;0;0;-3,760403000000000;-38,574021000000000
334353;11;7;2018;06:48;0;RD DR MENDEL STEINBRUCH;;;0;;Colis?â?úo;Luz do Dia;;;Meio de Quadra;;;0;1;0;0;0;0;0;0;0;0;0;0;;
334354;11;7;2018;07:02;11861;AV FRANCISCO SA;RUA ADRIANO MARTINS;;0;;Queda;Luz do Dia;;;Cruz;Sem?â?íforo;Residencial;0;1;0;0;0;0;0;0;0;1;0;0;-3,721622000000000;-38,544509000000000
334355;11;7;2018;07:04;19693;RUA GUSTAVO SAMPAIO;RUA GAL PIRAGIBE;;0;;Colis?â?úo;Luz do Dia;;;Cruz;Pare;Comercial;0;1;1;1;0;0;0;0;0;1;0;0;-3,735661000000000;-38,558398000000000
334395;11;7;2018;16:53;0;RUA SGT JOAO PINHEIRO;;;1359;;Colis?â?úo;Luz do Dia;;;Meio de Quadra;;;0;1;0;0;0;0;0;0;0;0;0;0;-3,785245000000000;-38,623471000000000
334393;11;7;2018;15:03;14357;RUA HENRIQUE ELERY;RUA BAR CRATO;;0;;Colis?â?úo;Luz do Dia;;;Cruz;Pare;Residencial;0;1;1;1;0;0;0;0;0;1;0;0;-3,721622000000000;-38,561002000000000
334412;11;7;2018;17:23;0;RUA RAIMUNDO FACANHA;;;75;;Atropelamento;Anoitecer;;;Meio de Quadra;;;0;1;1;1;0;0;0;0;0;0;0;0;-3,738060000000000;-38,545450000000000
334413;11;7;2018;17:51;0;RUA SEN POMPEU;;;2454;;Queda;Anoitecer;;;Meio de Quadra;;;0;1;0;0;0;1;0;0;0;0;0;0;-3,740093197000000;-38,533616286000000
334415;11;7;2018;18:01;17349;RUA CEL ALEXANDRINO;RUA EDITE BRAGA;;0;;Colis?â?úo;Anoitecer;;;Cruz;Pare;Residencial;0;1;1;1;0;0;0;0;0;1;0;0;-3,765675000000000;-38,551861000000000
334417;11;7;2018;18:36;0;AV SEN FERNANDES TAVORA;;;0;;Atropelamento;;;;Meio de Quadra;;;0;1;1;0;0;0;0;0;0;1;0;0;;
334421;11;7;2018;19:01;0;RUA NOVA CONQUISTA (BONSUCESSO);;;1347;;Colis?â?úo;;;;Meio de Quadra;;;0;1;1;0;0;0;0;0;0;1;0;0;-3,794134300000000;-38,605670200000000
334422;11;7;2018;19:06;0;RUA JOSE AVELINO;;;247;;Atropelamento;;;;Meio de Quadra;;;0;1;1;1;0;0;0;0;0;0;0;0;-3,722210000000000;-38,521290000000000
334423;11;7;2018;19:14;0;AV ZUCA ACIOLY;;;275;;Colis?â?úo;;;;Meio de Quadra;;;0;1;1;1;0;1;0;0;0;0;0;0;-3,723080000000000;-38,569560000000000
334428;11;7;2018;19:17;0;RUA RIO ARAGUAIA;;;1279;;Queda;;;;Meio de Quadra;;;0;1;0;0;0;1;0;0;0;0;0;0;-3,727789132000000;-38,582316382000000
334430;11;7;2018;20:31;0;AV DR SILAS MUNGUBA;;;3676;;Colis?â?úo;;;;Meio de Quadra;;;0;1;1;0;0;0;0;0;0;1;0;0;-3,790262100000000;-38,540681100000000
334432;11;7;2018;21:32;21369;AV JOVITA FEITOSA;RUA CARVALHO MOTA;;0;;Queda;;;;Cruz;Pare;Residencial;0;1;0;0;0;0;0;0;0;1;0;0;-3,737437000000000;-38,544748000000000
334433;11;7;2018;22:24;0;AV GODOFREDO MACIEL;;;0;;Colis?â?úo;;;;Meio de Quadra;;;0;1;1;1;0;0;0;0;0;1;0;0;;
334442;11;7;2018;22:31;0;RUA FRANCISCO LEANDRO;;;225;;Queda;;;;Meio de Quadra;;;0;1;0;0;0;1;0;0;0;0;0;0;-3,822492001000000;-38,481846778000000
334443;11;7;2018;23:10;5413;RUA GAL SAMPAIO;RUA METON DE ALENCAR;;0;;Colis?â?úo;;;;Cruz;Sem?â?íforo;Comercial;0;1;1;1;1;0;0;0;0;0;0;0;-3,733033000000000;-38,532600000000000
334448;12;7;2018;07:12;0;AV DR SILAS MUNGUBA;;;0;;Queda;Luz do Dia;;;Meio de Quadra;;;0;1;0;0;0;0;0;0;0;1;0;0;;