COD_ACIDENTE;DIA;MES;ANO;HORA;INTERSECAO;LOG1;LOG2;LOG3;NUMERO;REFERENCIA;NATUREZA;ILUMINACAO;TEMPO;SUPERFICIEPISTA;TIPOCRUZAMENTO;CONTROLETRAFEGO;USOSOLO;MORTOS;FERIDOS;ILESOS;AUTOMOVEL;ONIBUS;BICICLETA;CAMINHAO;MICROONIBUS;CICLOMOTOR;MOTOCICLETA;TRACAOANIMAL;TREM;LATITUDE;LONGITUDE
334449;12;7;2018;08:59;0;RUA PDE PEDRO DE ALENCAR;;;126;;Queda;Luz do Dia;;;Meio de Quadra;;;0;1;0;0;0;0;0;0;0;1;0;0;-3,828644192000000;-38,493596923000000
334450;12;7;2018;12:45;0;RUA HUMAITA D29;;;751;;Colis?â?úo;Luz do Dia;;;Meio de Quadra;;;0;1;1;1;0;0;0;0;0;1;0;0;-3,761439900000000;-38,600632100000000
334451;12;7;2018;12:55;0;AV ENG LUIS VIEIRA;;;0;;Atropelamento;Luz do Dia;;;Meio de Quadra;;;0;1;1;1;0;0;0;0;0;0;0;0;;
334452;12;7;2018;13:45;13556;AV SORIANO ALBUQUERQUE;AV RUI BARBOSA;;0;;Colis?â?úo;Luz do Dia;;;Cruz;N?â?úo H?â?í Controle;Residencial;0;1;1;1;0;0;0;0;0;1;0;0;-3,749460000000000;-38,513767000000000
334446;12;7;2018;06:14;0;RUA CEL VIRGILIO NOGUEIRA (BOM JARDIM);;;0;;Colis?â?úo;Luz do Dia;;;Meio de Quadra;;;0;1;1;0;0;0;0;0;0;1;0;0;;
334455;12;7;2018;15:19;0;AV 13 DE MAIO;;;0;;Colis?â?úo;Luz do Dia;;;Meio de Quadra;;;0;1;1;1;0;0;0;0;0;1;0;0;;
334457;12;7;2018;15:51;9671;RUA ARI MAIA;RUA OSCAR FRANCA;;0;;Colis?â?úo;Luz do Dia;;;Cruz;Pare;Residencial;0;1;1;1;0;0;0;0;0;1;0;0;-3,784963000000000;-38,621799000000000
334459;12;7;2018;17:18;0;RUA JOAO BRIGIDO;;;611;;Queda;Anoitecer;;;Meio de Quadra;;;0;1;0;0;0;1;0;0;0;0;0;0;-3,739750000000000;-38,518150000000000
334467;12;7;2018;19:51;0;RUA CON DE CASTRO;;;0;;Colis?â?úo;;;;Meio de Quadra;;;0;1;1;1;0;0;0;0;0;1;0;0;;
334461;12;7;2018;17:29;10726;RUA PRO HERIBALDO COSTA;RUA CURITIBA;;0;;Colis?â?úo;Anoitecer;;;;;;0;1;1;1;0;0;0;0;0;1;0;0;-3,759992000000000;-38,583853000000000
334465;12;7;2018;17:56;21060;RUA PERNAMBUCO;RUA STO AMARO DO PICI;;0;;Colis?â?úo;Anoitecer;;;T;Pare;Residencial;0;1;1;1;0;0;0;0;0;1;0;0;-3,752417000000000;-38,577179000000000
334516;12;7;2018;22:06;0;AV JOSE LEON;;;661;;Colis?â?úo;;;;Meio de Quadra;;;0;1;1;1;0;0;0;0;0;1;0;0;-3,786898190000000;-38,505164620000000
332232;12;7;2018;09:18;22139;RUA CEL NUNES DE MELO;RUA VALDEMIRO CAVALCANTE;;0;;Colis?â?úo Transversal;Luz do Dia;Bom;Seca;Cruz;Pare;Residencial;0;2;1;1;0;0;0;0;0;1;0;0;-3,751284000000000;-38,555248000000000
332233;12;7;2018;08:46;0;RUA PRO HERIBALDO COSTA;;;681;;Colis?â?úo Transversal;Luz do Dia;Bom;Seca;Meio de Quadra;Pare;Residencial;0;1;1;1;0;0;0;0;0;1;0;0;-3,758476000000000;-38,583103000000000
332234;12;7;2018;13:51;17377;RUA BAR CANINDE;RUA ELVIRA PINHO;;0;;Colis?â?úo Transversal;Luz do Dia;Bom;Seca;Cruz;Pare;Comercial;0;0;2;1;0;0;0;0;0;0;0;0;-3,766881000000000;-38,556147000000000
332235;12;7;2018;14:55;15298;RUA ANA BILHAR;RUA BARBOSA DE FREITAS;;0;;Colis?â?úo Transversal;Luz do Dia;Bom;Seca;Cruz;Pare;Residencial;0;0;2;1;0;0;0;0;0;0;0;0;-3,729646000000000;-38,495143000000000
332236;12;7;2018;18:35;15104;AV HIS RAIMUNDO GIRAO;RUA ILDEFONSO ALBANO;;0;;Colis?â?úo Lateral;Via Iluminada;Bom;Seca;Cruz;Gesto;Comercial;0;0;2;1;0;0;0;0;0;0;0;0;-3,721603000000000;-38,509542000000000
332237;12;7;2018;19:36;0;RUA PDE VALDEVINO;;;2520;;Colis?â?úo Traseira;Via Iluminada;Bom;Seca;Meio de Quadra;Sem?â?íforo;Comercial;0;0;3;1;0;0;0;0;0;0;0;0;-3,743671000000000;-38,502422000000000
332238;12;7;2018;20:50;0;RUA CARLOS VASCONCELOS;;;2990;;Colis?â?úo Transversal;Anoitecer;Bom;Seca;Meio de Quadra;Pare;Residencial;0;1;1;1;0;0;0;0;0;1;0;0;-3,747738800000000;-38,515617000000000
332243;12;7;2018;20:31;0;AV COS GOMES DE FREITAS (SAPIRANGA/COITE);;;3333;;Colis?â?úo Traseira;Via Iluminada;Bom;Seca;Meio de Quadra;N?â?úo H?â?í Controle;Comercial;0;0;2;1;0;0;0;0;0;0;0;0;-3,795608800000000;-38,478405000000000
332230;12;7;2018;09:08;9124;AV VIS RIO BRANCO;RUA MON SALAZAR;;0;;Colis?â?úo Transversal;Luz do Dia;Bom;Seca;Cruz;Sem?â?íforo;Comercial;0;1;0;0;0;0;0;0;0;1;0;0;-3,756701000000000;-38,519870000000000
331964;12;7;2018;08:00;0;RD CE-040;;;0;KM-06;Colis?â?úo;Luz do Dia;;;Meio de Quadra;;;0;1;1;1;0;0;0;0;0;1;0;0;-3,809596804000000;-38,478733480000000
331983;12;7;2018;09:30;0;AV SEN CARLOS JEREISSATI (AEROPORTO);;;0;KM 03;Colis?â?úo;Luz do Dia;;;Meio de Quadra;;;0;0;2;1;0;0;0;0;0;0;0;0;-3,779641000000000;-38,544038000000000
329647;12;7;2018;09:00;0;AV CEL CARVALHO;;;7272;;Atropelamento;Luz do Dia;;;Meio de Quadra;;;1;0;1;1;0;0;0;0;0;0;0;0;-3,737379000000000;-38,585333000000000
329652;12;7;2018;13:00;0;RUA ALUISIO AZEVEDO;;;555;;Atropelamento;Luz do Dia;;;Meio de Quadra;;;1;0;0;0;0;0;0;0;0;0;0;0;-3,770962375000000;-38,577739125000000
331965;13;7;2018;21:00;0;RD CE-040;;;10215;TAPIOQUEIRAS;Choque c/ Obst?â?ículo Fixo;;;;Meio de Quadra;;;1;2;0;1;0;0;0;0;0;0;0;0;-3,866093254000000;-38,468936820000000
332244;13;7;2018;13:30;0;AV 13 DE MAIO;;;2835;;Colis?â?úo Lateral;Luz do Dia;Bom;Seca;Meio de Quadra;Sem?â?íforo;Comercial;0;0;2;1;1;0;0;0;0;0;0;0;-3,751675100000000;-38,533030000000000
332245;13;7;2018;11:42;15185;AV DES MOREIRA;AV BEIRA MAR;;0;;Colis?â?úo;Luz do Dia;Bom;Seca;T;Pare;Comercial;0;1;1;1;0;0;0;0;0;1;0;0;-3,726073000000000;-38,495100000000000
332246;13;7;2018;16:13;3883;AV DOS EXPEDICIONARIOS;RUA COSTA SOUZA;;0;;Colis?â?úo Lateral;Luz do Dia;Bom;Seca;T;Pare;Residencial;0;2;1;1;0;0;0;0;0;1;0;0;-3,747745000000000;-38,535932000000000
332247;13;7;2018;18:53;13368;RUA JOAO BRIGIDO;RUA J DA PENHA;;0;;Colis?â?úo Lateral;Via Iluminada;Bom;Seca;Cruz;Pare;Comercial;0;0;2;1;0;0;0;0;0;0;0;0;-3,738925000000000;-38,521117000000000
332239;13;7;2018;01:23;5140;RUA TEN BENEVOLO;AV DOM MANUEL;;0;;Colis?â?úo Traseira;Via Iluminada;Bom;Seca;Cruz;Sem?â?íforo;Comercial;0;2;2;1;0;0;0;0;0;1;0;0;-3,724540000000000;-38,519888000000000
332240;13;7;2018;09:28;0;RUA OSVALDO CRUZ;RUA GAL TERTULIANO POTYGUARA;;0;;Colis?â?úo Lateral;Luz do Dia;Bom;Seca;Cruz;Pare;Residencial;0;0;2;1;0;0;0;0;0;0;0;0;-3,742828000000000;-38,502630000000000
332241;13;7;2018;10:35;0;AV DEP PAULINO ROCHA;;;33;;Atropelamento;Luz do Dia;Bom;Seca;Meio de Quadra;N?â?úo H?â?í Controle;Residencial;0;2;0;0;0;0;0;0;0;1;0;0;-3,801107400000000;-38,507220000000000
332242;13;7;2018;06:50;0;RUA SAO PAULO;;;1236;;N?â?úo Informado;Luz do Dia;Bom;Seca;Meio de Quadra;N?â?úo H?â?í Controle;Residencial;0;0;1;1;0;0;0;0;0;0;0;0;-3,723070000000000;-38,536620000000000
334551;13;7;2018;14:36;7990;RUA CARLOS CAMARA;RUA JOAO SORONGO;;0;;Colis?â?úo;Luz do Dia;;;Cruz;Pare;Comercial;0;1;1;1;0;0;0;0;0;1;0;0;-3,749406000000000;-38,545224000000000
334552;13;7;2018;15:00;0;RUA ERICO MOTA;;;1149;;Colis?â?úo;Luz do Dia;;;Meio de Quadra;;;0;0;2;1;0;0;0;0;0;1;0;0;-3,747470000000000;-38,560440000000000
334553;13;7;2018;15:07;0;AV MOZART PINHEIRO DE LUCENA;;;2050;;Colis?â?úo;Luz do Dia;;;Meio de Quadra;;;0;1;1;1;0;0;0;0;0;1;0;0;-3,720546000000000;-38,596359000000000
334554;13;7;2018;15:26;0;AV DOS EXPEDICIONARIOS;;;3368;;Colis?â?úo;Luz do Dia;;;Meio de Quadra;;;0;1;1;1;0;0;0;0;0;1;0;0;-3,747745000000000;-38,535932000000000
334555;13;7;2018;15:45;1649;RUA CEL JUCA;RUA GAL TERTULIANO POTYGUARA;;0;;Colis?â?úo;Luz do Dia;;;Cruz;Pare;Residencial;0;1;1;1;0;0;0;0;0;0;0;0;-3,745325000000000;-38,493766000000000
334556;13;7;2018;17:04;0;AV PRS JUSCELINO KUBITSCHEK (PASSAR?âÔÇ?);;;3017;;Atropelamento;Anoitecer;;;Meio de Quadra;;;0;1;1;0;0;0;0;0;0;1;0;0;-3,820224400000000;-38,534183600000000
334557;13;7;2018;17:11;0;RUA BELEM FIGUEIREDO;;;330;;Atropelamento;Anoitecer;;;Meio de Quadra;;;0;1;1;0;0;0;0;0;0;1;0;0;;
334558;13;7;2018;17:19;13492;RUA PINHO PESSOA;RUA DR JOSE LOURENCO;;0;;Colis?â?úo;Anoitecer;;;Cruz;Pare;Residencial;0;1;1;1;0;0;0;0;0;1;0;0;-3,745487000000000;-38,511254000000000
334559;13;7;2018;18:07;17312;RUA EDITE BRAGA;RUA ALAN KARDEC;;0;;Colis?â?úo;Anoitecer;;;;;;0;1;1;1;0;0;0;0;0;1;0;0;-3,764281000000000;-38,550631000000000
334560;13;7;2018;18:49;19106;RUA AMELIA BENEBIEN;RUA ANDRE DALL OLIO;;0;;Colis?â?úo;;;;Cruz;Pare;Residencial;0;1;0;0;0;0;0;0;0;0;0;0;-3,737969000000000;-38,478342000000000
334561;13;7;2018;19:25;7623;RUA PERNAMBUCO;RUA RIO GRANDE DO SUL;;0;;Colis?â?úo;;;;Cruz;Pare;Residencial;0;1;1;1;0;0;0;0;0;1;0;0;-3,760011000000000;-38,568467000000000
334562;13;7;2018;19:47;12926;AV ANTONIO SALES;AV VIS RIO BRANCO;;0;;Colis?â?úo;;;;Cruz;Sem?â?íforo;Comercial;0;1;1;1;0;0;0;0;0;1;0;0;-3,738574000000000;-38,523589000000000
334518;13;7;2018;00:21;0;RUA JOSE CANDIDO D08;;;376;;Colis?â?úo;;;;Meio de Quadra;;;0;1;1;1;0;0;0;0;0;1;0;0;-3,728040000000000;-38,550930000000000
334519;13;7;2018;03:08;0;AV DOS EXPEDICIONARIOS;;;3226;;Colis?â?úo;;;;Meio de Quadra;;;0;1;0;0;0;0;0;0;0;0;0;0;-3,746858000000000;-38,535679500000000
334520;13;7;2018;05:39;0;RUA PDE IBIAPINA;;;1640;;Atropelamento;Amanhecer;;;Meio de Quadra;;;0;1;1;0;0;0;0;0;1;0;0;0;-3,730033000000000;-38,540028500000000
334524;13;7;2018;08:20;0;AV PRS JUSCELINO KUBITSCHEK (PASSAR?âÔÇ?);;;0;;Colis?â?úo;Luz do Dia;;;Meio de Quadra;;;0;1;1;1;0;0;0;0;0;1;0;0;;
334525;13;7;2018;09:29;0;AV GAL OSORIO DE PAIVA;;;1841;;Colis?â?úo;Luz do Dia;;;Meio de Quadra;;;0;1;1;1;0;0;0;0;0;1;0;0;-3,783347000000000;-38,578753000000000
334526;13;7;2018;09:54;0;AV DEP PAULINO ROCHA;;;0;;Colis?â?úo;Luz do Dia;;;Meio de Quadra;;;0;1;1;1;0;0;0;0;0;1;0;0;;
334542;13;7;2018;11:15;0;RUA PDE FRANCISCO PINTO;;;288;;Atropelamento;Luz do Dia;;;Meio de Quadra;;;0;1;1;1;0;0;0;0;0;0;0;0;-3,743892046000000;-38,539579227000000
334543;13;7;2018;11:20;0;AV SEN FERNANDES TAVORA;;;0;;Colis?â?úo;Luz do Dia;;;Meio de Quadra;;;0;1;1;1;0;0;0;0;0;1;0;0;;
334544;13;7;2018;11:22;0;RUA OSCAR FRANCA;;;1053;;Colis?â?úo;Luz do Dia;;;Meio de Quadra;;;0;1;1;1;0;0;0;0;0;1;0;0;-3,791629600000000;-38,600946900000000
334546;13;7;2018;11:54;0;RUA VALPARAISO;;;291;;Queda;Luz do Dia;;;Meio de Quadra;;;0;1;0;0;0;0;0;0;0;1;0;0;-3,846110900000000;-38,523463500000000
334547;13;7;2018;11:54;15227;AV DES MOREIRA;AV ABOLICAO;;0;;Colis?â?úo;Luz do Dia;;;Cruz;Gesto;Comercial;0;1;1;1;0;0;0;0;0;1;0;0;-3,727331000000000;-38,495474000000000
334548;13;7;2018;14:06;0;RUA MARTINS CARVALHO;;;0;;Colis?â?úo;Luz do Dia;;;Meio de Quadra;;;0;1;1;1;0;0;0;0;0;1;0;0;;
334549;13;7;2018;14:07;0;AV PRO GOMES DE MATOS;;;1598;;Colis?â?úo;Luz do Dia;;;Meio de Quadra;;;0;1;0;0;0;0;0;0;0;0;0;0;-3,765796125000000;-38,549604781000000
334522;13;7;2018;07:58;11338;AV GODOFREDO MACIEL;RUA FRANCISCO GLICERIO;;0;;Colis?â?úo;Luz do Dia;;;Cruz;Sem?â?íforo;Comercial;0;1;1;1;0;0;0;0;0;1;0;0;-3,795981000000000;-38,569757000000000
334540;13;7;2018;10:03;0;RD BR 116;;;0;;Colis?â?úo;Luz do Dia;;;Meio de Quadra;;;0;1;1;1;0;0;0;0;0;0;0;0;;
334587;13;7;2018;21:20;0;AV WASHINGTON SOARES;;;0;;Capotamento;;;;Meio de Quadra;;;0;1;0;0;0;0;0;0;0;0;0;0;;
334588;13;7;2018;21:54;0;RUA GOV JOAO CARLOS;;;83;;Queda;;;;Meio de Quadra;;;0;1;0;0;0;0;0;0;0;1;0;0;-3,777467833000000;-38,551323000000000
334589;13;7;2018;22:25;0;AV AUGUSTO DOS ANJOS;;;0;;Colis?â?úo;;;;Meio de Quadra;;;0;1;1;1;0;0;0;0;0;1;0;0;;
334590;13;7;2018;22:41;0;AV JOSE BASTOS;;;418;;Colis?â?úo;;;;;;;0;0;1;1;0;0;0;0;0;1;0;0;-3,742271600000000;-38,542858000000000
338231;13;7;2018;19:45;0;RD BR 116;;;5000;KM-05;Colis?â?úo Lateral;;;;Meio de Quadra;;;0;2;1;1;0;0;0;0;1;0;0;0;-3,796502000000000;-38,506787000000000
334591;14;7;2018;04:10;0;AV ALBERTO CRAVEIRO;;;0;;Queda;;;;Meio de Quadra;;;0;1;0;0;0;0;0;0;0;1;0;0;;
334592;14;7;2018;07:20;0;AV GAL OSORIO DE PAIVA;;;8011;;Queda;Luz do Dia;;;Meio de Quadra;;;0;1;0;0;0;0;0;0;0;1;0;0;-3,821186848000000;-38,618032864000000
334593;14;7;2018;08:11;0;RUA CEL MATOS DOURADO;;;540;;Queda;Luz do Dia;;;Meio de Quadra;;;0;1;0;0;0;0;0;0;0;1;0;0;-3,743403169000000;-38,585019662000000
334594;14;7;2018;09:47;0;AV BEZERRA DE MENEZES;;;0;;Atropelamento;Luz do Dia;;;Meio de Quadra;;;0;1;1;1;0;0;0;0;0;0;0;0;;
334599;14;7;2018;12:27;0;AV SEN FERNANDES TAVORA;;;3227;;Atropelamento;Luz do Dia;;;Meio de Quadra;;;0;1;1;0;0;0;0;0;0;1;0;0;-3,754628000000000;-38,600984000000000
334600;14;7;2018;12:52;0;AV FRE CIRILO;;;0;;Colis?â?úo;Luz do Dia;;;Meio de Quadra;;;0;1;1;1;0;0;0;0;0;1;0;0;;
334601;14;7;2018;13:07;0;RD BR 116;;;0;;Colis?â?úo Lateral;Luz do Dia;;;Meio de Quadra;;;0;3;0;0;0;0;0;0;0;1;0;0;;
334596;14;7;2018;10:28;0;RUA POMPILIO GOMES;;;835;;Colis?â?úo;Luz do Dia;;;Meio de Quadra;;;0;1;1;1;0;0;0;0;0;1;0;0;;
334597;14;7;2018;11:49;0;RUA 802 CJ CEARA;;;271;;Colis?â?úo;Luz do Dia;;;Meio de Quadra;;;0;1;1;1;0;0;0;0;0;1;0;0;-3,766480000000000;-38,597720000000000
334603;14;7;2018;13:10;5107;AV MON TABOSA;RUA SEN ALMINO;;0;;Colis?â?úo;Luz do Dia;;;Cruz;Pare;Comercial;0;1;1;1;0;0;0;0;0;1;0;0;-3,723661000000000;-38,518035000000000
334605;14;7;2018;13:16;0;RUA NOSSA SRA DAS GRACAS;;;803;;Colis?â?úo;Luz do Dia;;;Meio de Quadra;;;0;1;1;1;0;0;0;0;0;1;0;0;-3,709613463000000;-38,555392299000000
334606;14;7;2018;14:26;0;AV HIS RAIMUNDO GIRAO;;;184;;Colis?â?úo;Luz do Dia;;;Meio de Quadra;;;0;1;1;0;0;0;0;0;0;1;0;0;-3,720543800000000;-38,514124100000000
334607;14;7;2018;14:52;0;RUA MIN ALBUQUERQUE LIMA;;;838;;Colis?â?úo;Luz do Dia;;;Meio de Quadra;;;0;1;1;1;0;0;0;0;0;1;0;0;-3,770438500000000;-38,605264667000000
334609;14;7;2018;15:22;0;RUA PRO HERIBALDO COSTA;;;1900;;Colis?â?úo;Luz do Dia;;;Meio de Quadra;;;0;1;1;0;0;0;0;0;0;1;0;0;-3,767974000000000;-38,588035000000000
334610;14;7;2018;16:23;0;AV BEIRA MAR;;;3870;;Colis?â?úo;Luz do Dia;;;Meio de Quadra;;;0;1;1;1;0;0;0;0;0;1;0;0;-3,723281501000000;-38,485761000000000
334657;14;7;2018;18:18;0;AV JOSE BASTOS;;;278;;Atropelamento;Anoitecer;;;Meio de Quadra;;;0;1;1;0;0;0;0;0;0;1;0;0;-3,742302000000000;-38,542895300000000
334679;14;7;2018;19:41;0;AV GOV RAUL BARBOSA;;;0;;Queda;;;;Meio de Quadra;;;0;1;0;0;0;0;0;0;0;1;0;0;;
334687;14;7;2018;22:13;0;RUA CON DE CASTRO;;;1387;;Queda;;;;Meio de Quadra;;;0;1;0;0;0;0;0;0;0;1;0;0;;
334688;14;7;2018;22:16;0;AV C CJ CEARA;;;0;;Queda;;;;Meio de Quadra;;;0;1;0;0;0;0;0;0;0;1;0;0;;
334689;14;7;2018;22:26;246;RUA DOM LINO;AV JOVITA FEITOSA;;0;;Colis?â?úo;;;;Cruz;Sem?â?íforo;Comercial;0;1;1;1;0;0;0;0;0;1;0;0;-3,739850000000000;-38,556413000000000
334690;14;7;2018;22:41;0;AV MAE LISBOA;;;2641;;Colis?â?úo;;;;Meio de Quadra;;;0;1;0;0;0;0;0;0;0;0;0;0;-3,806412000000000;-38,455560000000000
334682;14;7;2018;20:18;5407;AV DUQ CAXIAS;RUA SOLON PINHEIRO;;0;;Queda;;;;Cruz;Sem?â?íforo;Comercial;0;1;0;0;0;1;0;0;0;0;0;0;-3,732704000000000;-38,527034000000000
334684;14;7;2018;21:40;0;RUA COSTA BARROS;;;2208;;Atropelamento;;;;Meio de Quadra;;;0;1;1;0;1;0;0;0;0;0;0;0;-3,733120000000000;-38,503260000000000
332248;14;7;2018;08:53;0;AV SANTOS DUMONT;;;2088;;Colis?â?úo Transversal;Luz do Dia;Bom;Seca;Cruz;Pare;Comercial;0;0;2;1;0;0;0;0;0;0;0;0;-3,734018600000000;-38,505188000000000
331985;14;7;2018;17:00;0;RD CE-040;;;0;KM-06;Colis?â?úo;Anoitecer;;;Meio de Quadra;;;0;0;2;1;0;0;0;0;0;0;0;0;-3,809596804000000;-38,478733480000000
331986;14;7;2018;17:00;0;RD CE-060;;;5810;KM-02;Atropelamento;Via Iluminada;;Seca;Meio de Quadra;;;0;1;1;1;0;0;0;0;0;0;0;0;-3,834064000000000;-38,582111000000000
332250;14;7;2018;07:06;0;AV GAL OSORIO DE PAIVA;;;3101;;Colis?â?úo Transversal;Luz do Dia;Bom;Seca;Meio de Quadra;Sem?â?íforo;Comercial;0;0;1;1;0;0;0;0;0;0;0;0;-3,733967800000000;-38,544300000000000
332251;14;7;2018;07:20;2382;AV PRS CASTELO BRANCO;RUA JERONIMO ALBUQUERQUE;;0;;Colis?â?úo Lateral;Luz do Dia;Bom;Seca;T;N?â?úo H?â?í Controle;Comercial;0;0;2;1;0;0;0;0;0;0;0;0;-3,705582000000000;-38,575867000000000
332252;14;7;2018;09:18;1491;RUA EDUARDO GARCIA;RUA CEL LINHARES;;0;;Colis?â?úo Transversal;Luz do Dia;Bom;Seca;Cruz;Pare;Residencial;0;0;2;1;0;0;0;0;0;0;0;0;-3,739480000000000;-38,495077000000000
332253;14;7;2018;11:11;13563;AV SORIANO ALBUQUERQUE;RUA DR JOSE LOURENCO;;0;;Colis?â?úo Transversal;Luz do Dia;Bom;Seca;Cruz;Pare;Residencial;0;1;3;1;0;0;0;0;0;0;0;0;-3,749830000000000;-38,512631000000000
332254;14;7;2018;13:31;22073;RUA JOSE FACANHA;RUA MAJ PEDRO SAMPAIO;;0;;Colis?â?úo;Luz do Dia;Bom;Seca;Cruz;Pare;Comercial;0;1;1;1;0;0;0;0;0;1;0;0;-3,751200000000000;-38,558312000000000
332255;15;7;2018;11:24;13366;RUA DNA LEOPOLDINA;RUA JOAO BRIGIDO;;0;;Colis?â?úo Transversal;Luz do Dia;Nublado;Seca;Cruz;Sem?â?íforo;Residencial;0;1;1;1;0;0;0;0;0;1;0;0;-3,738646000000000;-38,522203000000000
332256;15;7;2018;10:33;0;RUA JOSE HIPOLITO;;;307;;Colis?â?úo Traseira;Luz do Dia;Bom;Seca;Meio de Quadra;Sem?â?íforo;Comercial;0;0;4;1;0;0;0;0;0;0;0;0;-3,832914800000000;-38,492527000000000
332257;15;7;2018;13:00;0;RUA JULIO BRAGA;;;601;;Colis?â?úo;Luz do Dia;Bom;Seca;;;;0;1;1;1;0;0;0;0;0;0;0;0;-3,776637800000000;-38,576588000000000
332258;15;7;2018;17:50;12837;AV DOMINGOS OLIMPIO;RUA JAIME BENEVOLO;;0;;Colis?â?úo Transversal;Anoitecer;Bom;Seca;Cruz;Sem?â?íforo;Comercial;0;1;2;1;0;0;0;0;0;1;0;0;-3,737780000000000;-38,527245000000000
332259;15;7;2018;15:00;15250;AV BAR STUDART;RUA TEN AMAURI PIO;;0;;Colis?â?úo Transversal;Luz do Dia;Bom;Seca;T;Pare;Comercial;0;2;1;1;0;0;0;0;0;1;0;0;-3,728050000000000;-38,504491000000000
332260;15;7;2018;19:09;10997;RUA 15 DE NOVEMBRO;RUA EDITE BRAGA;;0;;Colis?â?úo Transversal;Via Iluminada;Bom;Seca;Cruz;Pare;Residencial;0;1;1;1;0;0;0;0;0;1;0;0;-3,769575000000000;-38,554083000000000
332261;15;7;2018;20:35;3831;AV 13 DE MAIO;RUA MAL DEODORO;;0;;Atropelamento;Via Iluminada;Bom;Seca;Cruz;Sem?â?íforo;Comercial;0;1;1;1;0;0;0;0;0;0;0;0;-3,743122000000000;-38,536588000000000
332262;15;7;2018;19:24;0;AV LINEU MACHADO;;;1122;;Colis?â?úo Traseira;Via Iluminada;Bom;Seca;Meio de Quadra;Sem?â?íforo;Comercial;0;0;1;1;0;0;0;0;0;1;0;0;-3,769474700000000;-38,578780000000000
332283;15;7;2018;07:14;0;RUA BERNARDO MANUEL;;;10923;;Colis?â?úo Traseira;Luz do Dia;Bom;Seca;Meio de Quadra;Sem?â?íforo;Comercial;0;0;1;1;0;0;0;0;0;0;0;0;-3,814642000000000;-38,556175000000000
334697;15;7;2018;09:41;0;RUA LEITAO CERQUEIRA;;;0;;Colis?â?úo;Luz do Dia;;;Meio de Quadra;;;0;1;1;0;0;0;0;0;0;1;0;0;;
334699;15;7;2018;11:02;0;RUA MIGUEL ARAGAO;;;113;;Colis?â?úo;Luz do Dia;;;Meio de Quadra;;;0;1;1;1;0;0;0;0;0;1;0;0;-3,835381900000000;-38,584664900000000
334691;15;7;2018;00:00;6743;AV SANTOS DUMONT;RUA ALMEIDA PRADO;;0;;Colis?â?úo;;;;Cruz;Sem?â?íforo;Comercial;0;1;1;1;0;0;0;0;0;1;0;0;-3,743712000000000;-38,475153000000000
334692;15;7;2018;02:27;0;AV MIN JOSE AMERICO;;;0;;Queda;;;;Meio de Quadra;;;0;1;0;0;0;0;0;0;0;1;0;0;;
334693;15;7;2018;04:14;0;AV GAL OSORIO DE PAIVA;;;2592;;Colis?â?úo;;;;Meio de Quadra;;;0;1;0;0;0;0;0;0;0;0;0;0;;
334694;15;7;2018;08:12;0;AV PRS CASTELO BRANCO;;;5986;;Colis?â?úo;Luz do Dia;;;Meio de Quadra;;;0;1;1;1;0;0;0;0;0;1;0;0;-3,701800000000000;-38,584022000000000
334695;15;7;2018;09:05;0;AV AUGUSTO DOS ANJOS;;;1480;;Colis?â?úo;Luz do Dia;;;Meio de Quadra;;;0;1;0;0;0;0;0;0;0;0;0;0;-3,779598000000000;-38,578658000000000
334704;15;7;2018;17:09;0;RUA OSCAR ARARIPE;;;1461;;Colis?â?úo;Anoitecer;;;Meio de Quadra;;;0;1;1;1;0;1;0;0;0;0;0;0;-3,789600233000000;-38,604322425000000
334705;15;7;2018;17:14;0;RUA CON DE CASTRO;;;2736;;Colis?â?úo;Anoitecer;;;Meio de Quadra;;;0;1;0;0;0;0;0;0;0;0;0;0;-3,793217944000000;-38,581022028000000
334706;15;7;2018;17:49;0;RUA SEN ROBERT KENNEDY;;;912;;Atropelamento de Animal;Anoitecer;;;Meio de Quadra;;;0;1;0;0;0;0;0;0;0;1;0;0;-3,707619500000000;-38,580708000000000
334721;15;7;2018;20:28;0;RUA PDE GUERRA;;;1232;;Choque c/ Obst?â?ículo Fixo;;;;Meio de Quadra;;;0;1;0;0;0;0;0;0;0;1;0;0;-3,738511517000000;-38,555603310000000
334722;15;7;2018;20:40;0;RUA GUSTAVO BRAGA;;;631;;Atropelamento de Animal;;;;Meio de Quadra;;;0;1;0;0;0;0;0;0;0;1;0;0;-3,747811000000000;-38,556125000000000
334723;15;7;2018;21:10;0;AV EDILSON B SOARES;;;0;;Colis?â?úo;;;;Meio de Quadra;;;0;1;1;1;0;0;0;0;0;1;0;0;;
334724;15;7;2018;22:43;12699;AV CEL CARVALHO;AV MAJ ASSIS;;0;;Colis?â?úo;;;;Cruz;Sem?â?íforo;Comercial;0;1;1;1;0;0;0;0;0;0;0;0;-3,723796000000000;-38,586255000000000
334702;15;7;2018;15:11;0;AV MR HULL;;;4752;;Colis?â?úo Transversal;Luz do Dia;;;Meio de Quadra;;;0;2;0;0;0;1;0;0;0;1;0;0;-3,738989544000000;-38,587078565000000