COD_ACIDENTE;DIA;MES;ANO;HORA;INTERSECAO;LOG1;LOG2;LOG3;NUMERO;REFERENCIA;NATUREZA;ILUMINACAO;TEMPO;SUPERFICIEPISTA;TIPOCRUZAMENTO;CONTROLETRAFEGO;USOSOLO;MORTOS;FERIDOS;ILESOS;AUTOMOVEL;ONIBUS;BICICLETA;CAMINHAO;MICROONIBUS;CICLOMOTOR;MOTOCICLETA;TRACAOANIMAL;TREM;LATITUDE;LONGITUDE
334716;15;7;2018;19:23;0;AV GAL OSORIO DE PAIVA;;;0;;Queda;;;;Meio de Quadra;;;0;1;0;0;0;0;0;0;0;1;0;0;;
334718;15;7;2018;20:10;0;RUA ESPIRITO SANTO;;;367;;Colis?â?úo;;;;Meio de Quadra;;;0;1;1;0;0;0;0;0;0;1;0;0;-3,751511200000000;-38,567290700000000
334719;15;7;2018;20:22;0;AV PRS COSTA E SILVA;;;3050;;Colis?â?úo;;;;Meio de Quadra;;;0;1;0;0;0;0;0;0;0;0;0;0;;
334093;16;7;2018;09:25;12811;AV DOS EXPEDICIONARIOS;RUA PRE NOVE;;0;;Colis?â?úo;Luz do Dia;;;T;Sem?â?íforo;Comercial;0;1;1;1;0;0;0;0;0;1;0;0;-3,755028000000000;-38,538172000000000
334090;16;7;2018;09:03;1416;RUA MARIA TOMASIA;RUA CEL JUCA;;0;;Colis?â?úo;Luz do Dia;;;Cruz;Pare;Comercial;0;1;1;1;0;0;0;0;0;1;0;0;-3,737434000000000;-38,491207000000000
334127;16;7;2018;18:16;7479;AV ALBERTO CRAVEIRO;RUA PEDRO DANTAS;;0;;Colis?â?úo;Anoitecer;;;Cruz;Sem?â?íforo;Comercial;0;1;1;1;0;0;0;0;0;1;0;0;-3,786753000000000;-38,517220000000000
334128;16;7;2018;18:30;0;AV PRS COSTA E SILVA;;;0;;Colis?â?úo;Anoitecer;;;Meio de Quadra;;;0;2;0;0;0;0;0;0;0;1;0;0;;
334129;16;7;2018;19:15;19080;RUA ANDRE DALL OLIO;RUA JULIO AZEVEDO;;0;;Colis?â?úo;;;;Cruz;Pare;Comercial;0;1;1;0;0;0;0;0;0;0;0;0;-3,737327000000000;-38,478775000000000
334130;16;7;2018;22:00;0;RUA CAP VASCONCELOS D46;;;0;;Queda;;;;Meio de Quadra;;;0;1;0;0;0;1;0;0;0;0;0;0;;
334086;16;7;2018;01:59;0;RUA LUIS VIEIRA;;;771;;Colis?â?úo;;;;Meio de Quadra;;;0;1;1;1;0;0;0;0;0;1;0;0;-3,791703755000000;-38,588304453000000
334087;16;7;2018;05:05;14721;RUA CON DE CASTRO;RUA UIRAPURU;;0;;Colis?â?úo;Amanhecer;;;Cruz;Pare;Residencial;0;1;1;0;0;0;0;0;0;1;0;0;-3,795407000000000;-38,583046000000000
334088;16;7;2018;06:34;0;RUA TULIPA NEGRA;;;1672;;Queda;Luz do Dia;;;Meio de Quadra;;;0;1;0;0;0;0;0;0;0;1;0;0;-3,821385534000000;-38,594846633000000
332263;16;7;2018;01:01;5091;RUA GAL SAMPAIO;RUA CASTRO E SILVA;;0;;Colis?â?úo Transversal;Via Iluminada;Bom;Seca;Cruz;Sem?â?íforo;Comercial;0;0;1;1;0;0;0;0;0;0;0;0;-3,723098000000000;-38,529670000000000
332264;16;7;2018;07:54;0;RUA JACINTO MATOS;;;730;;Colis?â?úo;Luz do Dia;Bom;Seca;Meio de Quadra;N?â?úo H?â?í Controle;Residencial;0;1;1;0;0;1;0;0;0;1;0;0;-3,717492800000000;-38,546500000000000
332265;16;7;2018;08:00;0;AV DOS EXPEDICIONARIOS;;;3020;;Colis?â?úo Traseira;Luz do Dia;Bom;Seca;Meio de Quadra;Sem?â?íforo;Comercial;0;0;2;1;0;0;0;0;0;0;0;0;-3,745107700000000;-38,535217000000000
332266;16;7;2018;09:05;0;RUA PDE ROMA;;;1055;;Capotamento;Luz do Dia;Bom;Seca;Meio de Quadra;N?â?úo H?â?í Controle;Residencial;0;1;0;1;0;0;0;0;0;0;0;0;-3,744617200000000;-38,531414000000000
332267;16;7;2018;09:03;0;RUA VALDETARIO MOTA;AV SANTOS DUMONT;;0;;N?â?úo Informado;Luz do Dia;Bom;Seca;Cruz;Pare;Comercial;0;1;1;1;0;0;0;0;0;1;0;0;-3,740966300000000;-38,483303000000000
332268;16;7;2018;14:34;0;AV ENG SANTANA JUNIOR;;;1207;;Colis?â?úo Traseira;Luz do Dia;Bom;Seca;Meio de Quadra;N?â?úo H?â?í Controle;Comercial;0;0;1;1;0;0;0;0;0;0;0;0;-3,750602000000000;-38,490240000000000
332269;16;7;2018;11:40;11638;RUA BOA VISTA;RUA NOEL ROSA;;0;;Colis?â?úo Transversal;Luz do Dia;Bom;Seca;Cruz;Pare;Comercial;0;1;1;0;0;0;0;0;0;1;0;0;-3,768742000000000;-38,586594000000000
332270;16;7;2018;15:00;17342;RUA ALAN KARDEC;AV PRO GOMES DE MATOS;;0;;Colis?â?úo Lateral;Luz do Dia;Bom;Seca;Cruz;Sem?â?íforo;Comercial;0;0;2;1;0;0;0;0;0;1;0;0;-3,765321000000000;-38,549213000000000
332271;16;7;2018;14:30;0;RUA ANTONIO GADELHA;;;239;;Colis?â?úo Frontal;Luz do Dia;Bom;Seca;Meio de Quadra;Pare;Comercial;0;1;1;0;0;0;0;1;0;1;0;0;-3,832668300000000;-38,497830000000000
332272;16;7;2018;15:24;0;AV 13 DE MAIO;;;1095;;Colis?â?úo Transversal;Luz do Dia;Bom;Seca;Meio de Quadra;N?â?úo H?â?í Controle;Comercial;0;0;2;1;1;0;0;0;0;0;0;0;-3,749577300000000;-38,529010000000000
332273;16;7;2018;19:27;0;RUA PIN ANTONIO BANDEIRA;;;1077;;N?â?úo Informado;Via Iluminada;Bom;Seca;Meio de Quadra;N?â?úo H?â?í Controle;Residencial;0;0;3;1;0;0;0;0;0;0;0;0;-3,778459800000000;-38,488090000000000
332274;16;7;2018;19:00;7923;RUA ISAC AMARAL;AV DES MOREIRA;;0;;Colis?â?úo Transversal;Mal Iluminada;Bom;Seca;Cruz;Pare;Residencial;0;0;2;1;0;0;0;0;0;0;0;0;-3,753019000000000;-38,503726000000000
332275;16;7;2018;18:55;0;AV GAL OSORIO DE PAIVA;;;3440;;Colis?â?úo Lateral;Via Iluminada;Bom;Seca;Meio de Quadra;;;0;1;1;0;0;0;1;0;0;1;0;0;-3,791061000000000;-38,588554000000000
332576;16;7;2018;09:54;12925;AV AGUANAMBI;AV DOMINGOS OLIMPIO;;0;;Colis?â?úo Lateral;Luz do Dia;Bom;Seca;Cruz;Sem?â?íforo;Comercial;0;0;2;1;0;0;0;0;0;0;0;0;-3,738683000000000;-38,524628000000000
331989;16;7;2018;06:45;0;RD CE-025;;;0;KM-08;Colis?â?úo;Via Iluminada;;Seca;Meio de Quadra;;;0;0;2;1;0;1;0;0;0;0;0;0;-3,824679648000000;-38,418614840000000
331990;16;7;2018;08:10;0;RD CE-025;;;0;KM-08;Colis?â?úo;Via Iluminada;;Seca;Meio de Quadra;;;0;0;2;0;0;0;0;0;0;1;0;0;-3,824679648000000;-38,418614840000000
332278;17;7;2018;07:16;19179;AV SANTOS DUMONT;RUA JULIO AZEVEDO;;0;;Colis?â?úo Traseira;Luz do Dia;Bom;Seca;Cruz;Sem?â?íforo;Comercial;0;1;1;1;0;0;0;0;0;1;0;0;-3,741662000000000;-38,481471000000000
332279;17;7;2018;08:00;1439;RUA FONSECA LOBO;RUA MARIA TOMASIA;;0;;Colis?â?úo Transversal;Luz do Dia;Bom;Seca;Cruz;Pare;Residencial;0;0;3;1;0;0;0;0;0;0;0;0;-3,738057000000000;-38,489290000000000
332280;17;7;2018;07:20;13483;RUA CARLOS VASCONCELOS;RUA PINHO PESSOA;;0;;Colis?â?úo Transversal;Luz do Dia;Bom;Seca;Cruz;Pare;Comercial;0;1;2;1;0;0;0;0;0;0;0;0;-3,745054000000000;-38,514738000000000
332281;17;7;2018;10:01;0;AV SANTOS DUMONT;;;5029;;Colis?â?úo Traseira;Luz do Dia;Bom;Seca;Meio de Quadra;N?â?úo H?â?í Controle;Comercial;0;2;0;1;0;0;0;0;0;0;0;0;-3,739974300000000;-38,486416000000000
332282;17;7;2018;08:40;0;AV VIS RIO BRANCO;;;3190;;Colis?â?úo Lateral;Luz do Dia;Bom;Seca;Meio de Quadra;N?â?úo H?â?í Controle;Residencial;0;0;2;1;1;0;0;0;0;0;0;0;-3,748815500000000;-38,521362000000000
332316;17;7;2018;18:30;0;RUA OSVALDO CRUZ;;;2510;;Colis?â?úo Lateral;Via Iluminada;Bom;Seca;Meio de Quadra;Pare;Comercial;0;0;2;1;0;0;0;0;0;0;0;0;-3,747602700000000;-38,504322000000000
332284;17;7;2018;16:06;23801;RUA COSTA FREIRE;RUA PLACIDO DE CASTRO;;0;;Colis?â?úo;Luz do Dia;Bom;Seca;Cruz;Pare;Residencial;0;3;0;1;0;0;0;0;0;1;0;0;-3,791629000000000;-38,584125000000000
332285;17;7;2018;18:20;0;RUA SEN POMPEU;;;2927;;Colis?â?úo Traseira;Via Iluminada;Bom;Seca;Meio de Quadra;Sem?â?íforo;Comercial;0;1;1;1;0;0;0;0;0;1;0;0;-3,744234300000000;-38,534830000000000
332286;17;7;2018;21:58;0;RUA CARLOS CHAGAS;;;2150;;Colis?â?úo Lateral;Via Iluminada;Bom;Seca;Meio de Quadra;N?â?úo H?â?í Controle;Residencial;0;1;1;0;0;0;0;0;0;1;0;0;-3,776054000000000;-38,599415000000000
334131;17;7;2018;00:18;0;AV JOSE BASTOS;;;4999;;Queda;;;;Meio de Quadra;;;0;1;0;0;0;0;0;0;0;1;0;0;-3,757387532000000;-38,560838173000000
334132;17;7;2018;06:00;10695;RUA PRO HERIBALDO COSTA;RUA MON HIPOLITO BRASIL;;0;;Colis?â?úo;Luz do Dia;;;Cruz;Sem?â?íforo;Comercial;0;2;0;0;0;0;0;0;0;0;0;0;-3,757069000000000;-38,582275000000000
334133;17;7;2018;07:05;0;AV GAL OSORIO DE PAIVA;;;6010;;Colis?â?úo;Luz do Dia;;;Meio de Quadra;;;0;2;1;1;0;0;0;0;0;1;0;0;-3,808913778000000;-38,606102555000000
334134;17;7;2018;07:15;0;RUA CON DE CASTRO;;;1921;;Colis?â?úo;Luz do Dia;;;Meio de Quadra;;;0;1;1;0;0;0;0;0;0;0;0;0;-3,787562000000000;-38,575788000000000
334135;17;7;2018;07:26;0;RUA EMILIA GONCALVES;;;846;;Colis?â?úo;Luz do Dia;;;Meio de Quadra;;;0;1;1;0;0;0;0;0;0;0;0;0;-3,730111500000000;-38,594039000000000
334136;17;7;2018;07:48;17268;AV PRO GOMES DE MATOS;RUA BENJAMIN CARNEIRO GIRAO;;0;;Colis?â?úo;Luz do Dia;;;T;Pare;Comercial;0;1;1;0;0;0;0;0;0;1;0;0;-3,762090000000000;-38,546409000000000
334142;17;7;2018;08:33;25170;AV LINEU MACHADO;RUA PRO EDGAR DE ARRUDA;;0;;Colis?â?úo;Luz do Dia;;;Cruz;Pare;Misto;0;2;1;1;0;0;0;0;0;1;0;0;-3,763209000000000;-38,575480000000000
334157;17;7;2018;16:45;1623;RUA GAL TERTULIANO POTYGUARA;AV SEN VIRGILIO TAVORA;;0;;Colis?â?úo;Luz do Dia;;;Cruz;Sem?â?íforo;Comercial;0;1;1;1;0;0;0;0;0;1;0;0;-3,744710000000000;-38,495684000000000
334158;17;7;2018;17:19;0;RUA RIO GRANDE DO NORTE;;;11;;Queda;Anoitecer;;;Meio de Quadra;;;0;1;0;0;0;0;0;0;0;1;0;0;-3,757014282000000;-38,570045154000000
334159;17;7;2018;17:27;0;RUA DAS PALMEIRAS;;;0;;Colis?â?úo;Anoitecer;;;Meio de Quadra;;;0;1;1;0;0;0;0;0;0;0;0;0;;
334160;17;7;2018;17:35;0;RUA CEL GUILHERME ALENCAR;;;665;;Atropelamento;Anoitecer;;;Meio de Quadra;;;0;1;1;1;0;0;0;0;0;0;0;0;-3,834732600000000;-38,492486533000000
334161;17;7;2018;17:37;0;AV DOMINGOS OLIMPIO;;;0;;Colis?â?úo;Anoitecer;;;Meio de Quadra;;;0;2;1;1;0;0;0;0;0;1;0;0;;
334162;17;7;2018;17:45;0;AV PRS CASTELO BRANCO;;;0;;Colis?â?úo;Anoitecer;;;Meio de Quadra;;;0;1;1;1;0;0;0;0;0;1;0;0;;
334144;17;7;2018;10:29;0;AV ANTONIO SALES;;;3375;;Colis?â?úo;Luz do Dia;;;Meio de Quadra;;;0;1;1;1;0;0;0;0;0;0;0;0;-3,748033500000000;-38,494107500000000
334145;17;7;2018;11:34;0;AV WASHINGTON SOARES;;;4700;;Colis?â?úo;Luz do Dia;;;Meio de Quadra;;;0;3;0;1;0;0;0;0;0;1;0;0;-3,799889500000000;-38,479602000000000
334146;17;7;2018;13:29;23246;RUA URUCUTUBA;ET DO JATOBA;;0;;Colis?â?úo;Luz do Dia;;;Cruz;N?â?úo H?â?í Controle;Rural;0;1;1;0;0;0;0;0;0;0;0;0;-3,798271000000000;-38,626914000000000
334147;17;7;2018;13:53;0;RUA TEODOMIRO DE CASTRO;;;6452;;Queda;Luz do Dia;;;Meio de Quadra;;;0;1;0;0;0;0;0;0;0;1;0;0;-3,716474000000000;-38,577800000000000
334148;17;7;2018;14:31;0;AV DEP PAULINO ROCHA;;;2331;;Colis?â?úo;Luz do Dia;;;Meio de Quadra;;;0;1;1;1;0;0;0;0;0;1;0;0;-3,806284300000000;-38,508462000000000
334149;17;7;2018;14:37;0;AV CEL CARVALHO;;;0;;Queda;Luz do Dia;;;Meio de Quadra;;;0;1;0;0;0;0;0;0;0;1;0;0;;
334150;17;7;2018;15:56;6723;RUA VILEBALDO AGUIAR;AV ENG SANTANA JUNIOR;;0;;Colis?â?úo;Luz do Dia;;;T;Pare;Comercial;0;1;1;1;0;0;0;0;0;1;0;0;-3,741266000000000;-38,485608000000000
334175;17;7;2018;18:21;3226;RUA EMILIO DE MENESES;RUA JOSE ARISTOTELES GONDIM;;0;;Colis?â?úo;Anoitecer;;;Cruz;Pare;Residencial;0;1;1;0;0;0;0;0;0;0;0;0;-3,782184000000000;-38,585899000000000
334176;17;7;2018;18:55;0;VL DO MAR;;;0;;Queda;;;;Meio de Quadra;;;0;1;0;0;0;0;0;0;0;1;0;0;;
334177;17;7;2018;19:23;0;AV ABOLICAO;;;2727;;Colis?â?úo;;;;Meio de Quadra;;;0;3;0;1;0;0;0;0;0;1;0;0;-3,727331000000000;-38,495474000000000
334178;17;7;2018;19:51;0;AV WASHINGTON SOARES;;;8402;;Atropelamento;;;;Meio de Quadra;;;0;1;1;1;0;0;0;0;0;0;0;0;-3,825247000000000;-38,481534000000000
334179;17;7;2018;20:38;0;RUA BETEL;;;0;;Queda;;;;Meio de Quadra;;;0;1;0;0;0;0;0;0;0;1;0;0;;
334180;17;7;2018;20:57;0;AV JANGADEIROS (MUCURIPE);;;582;;Colis?â?úo;;;;Meio de Quadra;;;0;1;1;0;0;0;0;0;0;1;0;0;-3,723756000000000;-38,477232000000000
334181;17;7;2018;21:29;0;RUA VITORIA;;;240;;Queda;;;;Meio de Quadra;;;0;1;0;0;0;1;0;0;0;0;0;0;-3,761372200000000;-38,586672800000000
334154;17;7;2018;16:28;0;RUA ELISARIO MENDES;;;112;;Colis?â?úo;Luz do Dia;;;Meio de Quadra;;;0;1;1;0;0;0;0;0;0;0;0;0;-3,810108500000000;-38,497053400000000
334200;18;7;2018;14:48;9146;RUA BONFIM SOBRINHO;RUA DOM SEBASTIAO LEME;;0;;Colis?â?úo;Luz do Dia;;;Cruz;Pare;Residencial;0;1;1;1;0;1;0;0;0;0;0;0;-3,751258000000000;-38,525404000000000
334202;18;7;2018;15:56;0;RUA NOVA FORTALEZA (MONDUBIM);;;602;;Colis?â?úo;Luz do Dia;;;Meio de Quadra;;;0;1;1;0;0;0;0;0;0;1;0;0;-3,839840000000000;-38,572120900000000
334317;18;7;2018;19:00;0;AV SEN FERNANDES TAVORA;;;0;;Colis?â?úo;;;;Meio de Quadra;;;0;1;1;0;0;0;0;0;0;0;0;0;;
334318;18;7;2018;19:16;0;RD BR 116;;;4000;KM-04;Engavetamento;;;;Meio de Quadra;;;0;2;2;1;0;0;0;1;0;0;0;0;-3,802354000000000;-38,503869000000000
334315;18;7;2018;18:31;0;AV ALBERTO CRAVEIRO;;;1240;;Colis?â?úo;;;;Meio de Quadra;;;0;1;1;1;0;0;0;0;0;1;0;0;-3,791548833000000;-38,517273167000000
334310;18;7;2018;18:23;0;RUA ELESBAO VELOSO;;;43;;Queda;Anoitecer;;;Meio de Quadra;;;0;1;0;0;0;0;0;0;0;1;0;0;-3,750235000000000;-38,591657400000000
334293;18;7;2018;16:37;0;LOGRADOURO SEM NOME;;;0;;Queda;Luz do Dia;;;Meio de Quadra;;;0;1;0;0;0;0;0;0;0;1;0;0;;
334297;18;7;2018;16:40;16280;RUA LEITAO CERQUEIRA;RUA ANTONIO BARBOSA;;0;;Colis?â?úo;Luz do Dia;;;Cruz;Pare;Comercial;0;1;1;1;0;0;0;0;0;1;0;0;-3,829333000000000;-38,563988000000000
334298;18;7;2018;17:16;0;RUA GONCALO SOUTO;;;161;;Colis?â?úo;Anoitecer;;;Meio de Quadra;;;0;1;1;0;0;0;0;0;0;1;0;0;-3,766250792000000;-38,529774375000000
334299;18;7;2018;17:30;0;AV SEN CARLOS JEREISSATI (AEROPORTO);;;3000;;Colis?â?úo;Anoitecer;;;Meio de Quadra;;;0;1;1;1;0;0;0;0;0;1;0;0;-3,779641000000000;-38,544038000000000
334300;18;7;2018;17:30;15152;AV ABOLICAO;AV BAR STUDART;;0;;Colis?â?úo;Anoitecer;;;;;;0;1;1;1;0;0;0;0;0;1;0;0;-3,724762000000000;-38,503445000000000
334301;18;7;2018;18:01;0;AV SEN CARLOS JEREISSATI (AEROPORTO);;;741;;Colis?â?úo;Anoitecer;;;Meio de Quadra;;;0;1;1;0;0;0;0;0;0;1;0;0;-3,784360000000000;-38,518098000000000
334321;18;7;2018;20:00;0;RUA ALVARO FERNANDES;;;197;;Colis?â?úo;;;;Meio de Quadra;;;0;1;1;0;0;0;0;0;0;1;0;0;-3,760689511000000;-38,554083000000000
334324;18;7;2018;20:58;0;AV JOR THOMAZ COELHO;;;2860;;Colis?â?úo;;;;Meio de Quadra;;;0;1;1;0;0;0;0;0;0;1;0;0;-3,828613795000000;-38,520574904000000
334348;18;7;2018;23:32;0;AV H CJ CEARA;;;2194;;Colis?â?úo;;;;Meio de Quadra;;;0;1;1;1;0;0;0;0;0;1;0;0;-3,776645000000000;-38,617769000000000
334189;18;7;2018;06:26;13436;AV ANTONIO SALES;RUA DR JOSE LOURENCO;;0;;Colis?â?úo;Luz do Dia;;;Cruz;Sem?â?íforo;Comercial;0;1;1;1;0;0;0;0;0;1;0;0;-3,742954000000000;-38,510450000000000
334190;18;7;2018;06:56;0;AV OLIVEIRA PAIVA;;;0;;Atropelamento;Luz do Dia;;;Meio de Quadra;;;0;1;1;0;0;0;0;0;0;1;0;0;;
334191;18;7;2018;07:00;17390;RUA ELVIRA PINHO;RUA ALM RUBIM;;0;;Colis?â?úo;Luz do Dia;;;Cruz;Pare;Residencial;0;1;1;1;0;0;0;0;0;1;0;0;-3,767260000000000;-38,555324000000000
334192;18;7;2018;07:17;0;AV AUGUSTO DOS ANJOS;;;1519;;Colis?â?úo;Luz do Dia;;;Meio de Quadra;;;0;1;1;1;0;0;0;0;0;1;0;0;-3,779722000000000;-38,578766000000000
334193;18;7;2018;08:56;0;RUA EVANDRO LUZ;;;20;;Atropelamento;Luz do Dia;;;Meio de Quadra;;;0;1;1;1;0;0;0;0;0;0;0;0;-3,730886200000000;-38,577679000000000
334194;18;7;2018;11:09;0;AV MR HULL;;;0;;Queda;Luz do Dia;;;Meio de Quadra;;;0;1;0;0;0;0;0;0;0;1;0;0;;
334195;18;7;2018;12:55;0;AV GAL OSORIO DE PAIVA;;;2;;Atropelamento;Luz do Dia;;;Meio de Quadra;;;0;1;1;0;0;0;0;0;0;1;0;0;-3,771163000000000;-38,561548000000000
334196;18;7;2018;13:21;0;AV WASHINGTON LUIS;;;13;;Atropelamento;Luz do Dia;;;Meio de Quadra;;;0;2;1;0;0;0;0;0;0;1;0;0;-3,717484667000000;-38,588876852000000
334197;18;7;2018;14:33;0;AV PRS CASTELO BRANCO;;;0;;Queda;Luz do Dia;;;Meio de Quadra;;;0;1;0;0;0;0;0;0;0;1;0;0;;
332287;18;7;2018;06:05;0;AV JOSE BASTOS;;;3132;;Colis?â?úo Traseira;Luz do Dia;Bom;Seca;Meio de Quadra;N?â?úo H?â?í Controle;Comercial;0;1;1;1;0;0;0;0;0;1;0;0;-3,747743600000000;-38,548157000000000
332288;18;7;2018;10:15;7790;AV DES MOREIRA;AV PONTES VIEIRA;;0;;Colis?â?úo Traseira;Luz do Dia;Bom;Seca;Meio de Quadra;N?â?úo H?â?í Controle;Comercial;0;0;2;1;0;0;0;0;0;0;0;0;-3,751526000000000;-38,503254000000000
332289;18;7;2018;10:34;0;AV SEN FERNANDES TAVORA;;;1253;;Colis?â?úo Lateral;Luz do Dia;Bom;Seca;Meio de Quadra;N?â?úo H?â?í Controle;Comercial;0;1;1;0;1;1;0;0;0;0;0;0;-3,759953500000000;-38,585743000000000
332290;18;7;2018;16:30;20814;RUA JOSE PONTES;RUA DOM MANUEL DE MEDEIROS;;0;;Colis?â?úo Transversal;Luz do Dia;Bom;Seca;Cruz;Pare;Residencial;0;0;2;1;0;0;0;0;0;1;0;0;-3,739964000000000;-38,568598000000000
332291;18;7;2018;16:39;25069;RUA RAUL CABRAL;AV DOS EXPEDICIONARIOS;;0;;Colis?â?úo Lateral;Luz do Dia;Bom;Seca;Cruz;Sem?â?íforo;Comercial;0;2;1;1;0;0;0;0;0;1;0;0;-3,769605000000000;-38,542595000000000
332292;18;7;2018;17:50;15152;AV MON TABOSA;AV BAR STUDART;;0;;Atropelamento;Via Iluminada;Bom;Seca;Cruz;Sem?â?íforo;Residencial;0;1;1;0;1;0;0;0;0;0;0;0;-3,724762000000000;-38,503445000000000
332293;18;7;2018;17:52;0;RUA VALPARAISO;;;0;;Choque c/ Obst?â?ículo Fixo;Anoitecer;Bom;Seca;Meio de Quadra;N?â?úo H?â?í Controle;Rural;0;1;0;0;0;0;0;0;0;1;0;0;-3,835764400000000;-38,540607000000000
332294;18;7;2018;19:05;0;AV ENG LUIS VIEIRA;;;555;;Colis?â?úo Lateral;Mal Iluminada;Bom;Seca;Meio de Quadra;N?â?úo H?â?í Controle;Lazer;0;1;1;1;0;0;0;0;0;1;0;0;-3,732530600000000;-38,466587000000000
332295;18;7;2018;20:59;7648;AV CARNEIRO DE MENDONCA;RUA PAULO DE FRONTIM;;1301;;Colis?â?úo Lateral;Via Iluminada;Bom;Seca;N?â?úo Informado;Sem?â?íforo;Comercial;0;0;2;0;1;0;0;0;0;0;0;0;-3,761949000000000;-38,570794000000000
331992;18;7;2018;17:40;0;RD CE-040;;;0;KM-06;Colis?â?úo;Anoitecer;;;Meio de Quadra;;;0;0;2;1;0;0;0;0;0;0;0;0;-3,809596804000000;-38,478733480000000
338234;18;7;2018;09:45;0;RD BR 116;;;14000;KM-14;Colis?â?úo Transversal;Luz do Dia;;Seca;Meio de Quadra;;;0;0;2;1;0;0;0;0;0;1;0;0;-3,873523000000000;-38,499242000000000
327025;18;7;2018;20:45;25102;AV FILOMENO GOMES;AV FRANCISCO SA;;0;;Colis?â?úo;Via Iluminada;Bom;Seca;Cruz;Sem?â?íforo;Residencial;0;1;1;0;0;1;0;0;0;1;0;0;-3,722743000000000;-38,541090000000000
326953;18;7;2018;19:00;5108;RUA SAO PAULO;RUA PRC ISABEL;;0;;Colis?â?úo Lateral;;;;Cruz;Pare;Comercial;0;0;2;1;0;0;0;0;0;1;0;0;-3,723679000000000;-38,534619000000000
326963;19;7;2018;07:08;0;AV PRS CASTELO BRANCO;;;0;;Queda;Luz do Dia;;;Meio de Quadra;;;0;2;0;0;0;0;0;0;0;1;0;0;;
331995;19;7;2018;14:50;0;AV SEN CARLOS JEREISSATI (AEROPORTO);;;0;KM 03;Colis?â?úo;Luz do Dia;;Seca;Meio de Quadra;;;0;0;2;1;1;0;0;0;0;0;0;0;-3,779641000000000;-38,544038000000000
332296;19;7;2018;07:06;19583;RUA CON DE CASTRO;RUA NEREU RAMOS;;0;;Colis?â?úo Lateral;Luz do Dia;Bom;Seca;Outros;N?â?úo H?â?í Controle;Residencial;0;1;1;1;0;0;0;0;0;0;0;0;-3,784820000000000;-38,573285000000000
332297;19;7;2018;09:04;2699;RUA OSCAR ARARIPE;RUA CEL VIRGILIO NOGUEIRA (BOM JARDIM);;0;;Colis?â?úo Transversal;Luz do Dia;Bom;Seca;Cruz;Sem?â?íforo;Comercial;0;1;1;1;0;0;0;0;0;1;0;0;-3,788177000000000;-38,608640000000000
332298;19;7;2018;10:20;25697;RUA JOAO CORDEIRO;RUA ROCHA LIMA;;0;;Colis?â?úo;Luz do Dia;Bom;Seca;Cruz;Pare;Residencial;0;1;1;1;0;0;0;0;0;1;0;0;-3,738000000000000;-38,517275000000000
332299;19;7;2018;12:10;0;RUA ANA BILHAR;;;88;;Colis?â?úo Traseira;Luz do Dia;Bom;Seca;Meio de Quadra;N?â?úo H?â?í Controle;Residencial;0;0;2;1;0;0;0;0;0;0;0;0;-3,728401400000000;-38,499165000000000
332300;19;7;2018;11:55;0;RUA WALDIR DIOGO;;;545;;Colis?â?úo;Luz do Dia;Bom;Seca;Meio de Quadra;N?â?úo H?â?í Controle;Comercial;0;2;1;0;0;0;0;0;0;1;0;0;-3,805982400000000;-38,582780000000000
332301;19;7;2018;18:28;0;RUA ALBERTO MAGNO;AV AGUANAMBI;RUA PRO DIAS DA ROCHA;1358;;Colis?â?úo Lateral;Anoitecer;Bom;Seca;Cruz;Pare;Comercial;0;0;2;1;0;0;0;0;0;0;0;0;-3,747633200000000;-38,495610000000000
332302;19;7;2018;16:33;12523;RUA PIERRE LUZ;RUA MARIA CLARA;;0;;Colis?â?úo Transversal;Luz do Dia;Bom;Seca;Cruz;Pare;Residencial;0;1;1;1;0;0;0;0;0;1;0;0;-3,725120000000000;-38,588502000000000
332303;19;7;2018;18:01;23395;RUA PRO CARVALHO;RUA CAP TIBURCIO DA FROTA;;0;;Colis?â?úo Transversal;Anoitecer;Bom;Seca;Cruz;Pare;Comercial;0;1;1;1;0;0;0;0;0;1;0;0;-3,754980000000000;-38,514532000000000
332304;19;7;2018;20:19;18108;AV DIOGUINHO;AV SANTOS DUMONT;;3896;;Colis?â?úo Traseira;Via Iluminada;Bom;Seca;Outros;Sem?â?íforo;Lazer;0;0;1;1;0;0;0;0;0;0;0;0;-3,747029000000000;-38,450425000000000
332305;19;7;2018;21:34;0;RUA GAL POTIGUARA;;;555;;Colis?â?úo Transversal;Anoitecer;Bom;Seca;Cruz;Sem?â?íforo;Residencial;0;1;1;1;0;0;0;0;0;1;0;0;-3,743704600000000;-38,498640000000000
332306;19;7;2018;20:10;0;RUA MARTINHO RODRIGUES;;;109;;N?â?úo Informado;Via Iluminada;Bom;Seca;Meio de Quadra;Sem?â?íforo;Residencial;0;0;3;1;0;0;0;0;0;0;0;0;-3,753686400000000;-38,525845000000000