COD_ACIDENTE;DIA;MES;ANO;HORA;INTERSECAO;LOG1;LOG2;LOG3;NUMERO;REFERENCIA;NATUREZA;ILUMINACAO;TEMPO;SUPERFICIEPISTA;TIPOCRUZAMENTO;CONTROLETRAFEGO;USOSOLO;MORTOS;FERIDOS;ILESOS;AUTOMOVEL;ONIBUS;BICICLETA;CAMINHAO;MICROONIBUS;CICLOMOTOR;MOTOCICLETA;TRACAOANIMAL;TREM;LATITUDE;LONGITUDE
334358;19;7;2018;06:58;0;RUA BATISTA DE OLIVEIRA;;;1100;;Queda;Luz do Dia;;;Meio de Quadra;;;0;1;0;0;0;0;0;0;0;1;0;0;-3,747491000000000;-38,482951000000000
334359;19;7;2018;07:15;0;RD BR 116;;;1622;KM-01;Queda;Luz do Dia;;;Meio de Quadra;;;0;1;0;0;0;0;0;0;0;1;0;0;-3,762554000000000;-38,518702000000000
334361;19;7;2018;07:47;0;RUA BERNARDO MANUEL;;;0;;Queda;Luz do Dia;;;Meio de Quadra;;;0;1;0;0;0;0;0;0;0;1;0;0;;
334362;19;7;2018;07:52;0;AV PRS JUSCELINO KUBITSCHEK (PASSAR?âÔÇ?);;;3465;;Atropelamento;Luz do Dia;;;Meio de Quadra;;;0;2;0;0;0;0;0;0;0;1;0;0;-3,810961677000000;-38,527804014000000
334386;19;7;2018;10:58;0;AV A CJ JOSE WALTER;;;770;;Colis?â?úo;Luz do Dia;;;Meio de Quadra;;;0;1;1;1;0;0;0;0;0;1;0;0;-3,823931333000000;-38,557183833000000
334379;19;7;2018;10:31;0;AV ALBERTO CRAVEIRO;;;0;;Colis?â?úo;Luz do Dia;;;Meio de Quadra;;;0;1;1;1;0;0;0;0;0;1;0;0;;
334384;19;7;2018;10:41;0;RUA MONTEIRO LOBATO;;;128;;Colis?â?úo;Luz do Dia;;;Meio de Quadra;;;0;1;1;1;0;0;0;0;0;1;0;0;-3,750705684000000;-38,579968684000000
334374;19;7;2018;09:56;19683;RUA PRO JOSE DE BARCELOS;RUA AZEVEDO BOLAO;;0;;Colis?â?úo;Luz do Dia;;;Cruz;Pare;Residencial;0;1;1;1;0;0;0;0;0;1;0;0;-3,735196000000000;-38,550610000000000
334356;19;7;2018;06:54;0;RUA SAMIR HILUY;;;33;;Queda;Luz do Dia;;;Meio de Quadra;;;0;2;0;0;0;0;0;0;0;1;0;0;-3,747584600000000;-38,482648200000000
334351;19;7;2018;05:40;0;RUA TEN BENEVOLO;;;201;;Queda;Amanhecer;;;Meio de Quadra;;;0;1;0;0;0;0;0;0;0;1;0;0;-3,724892000000000;-38,518746000000000
334420;19;7;2018;21:08;0;RUA MARIA DE JESUS;;;742;;Queda;;;;Meio de Quadra;;;0;1;0;0;0;1;0;0;0;0;0;0;-3,802421000000000;-38,608469800000000
334424;19;7;2018;21:46;0;RUA VITAL BRASIL;;;2610;;Colis?â?úo;;;;Meio de Quadra;;;0;1;1;0;0;0;0;0;0;0;0;0;-3,776874000000000;-38,602028000000000
334388;19;7;2018;14:13;0;RUA 1010 CJ CEARA;;;19;;Queda;Luz do Dia;;;Meio de Quadra;;;0;1;0;0;0;0;0;0;0;1;0;0;-3,771459850000000;-38,618356000000000
334411;19;7;2018;20:28;1600;RUA LEONARDO MOTA;RUA GAL TERTULIANO POTYGUARA;;0;;Colis?â?úo;;;;Cruz;Sem?â?íforo;Comercial;0;1;1;1;0;0;0;0;0;1;0;0;-3,743762000000000;-38,498626000000000
334408;19;7;2018;18:24;0;RUA CON DE CASTRO;;;3635;;Colis?â?úo;Anoitecer;;;Meio de Quadra;;;0;1;1;0;0;0;0;0;0;1;0;0;-3,798921000000000;-38,586329000000000
334409;19;7;2018;18:34;0;AV PRS CASTELO BRANCO;;;0;;Colis?â?úo;;;;Meio de Quadra;;;0;2;0;1;0;0;0;0;0;1;0;0;;
334404;19;7;2018;16:46;0;RUA MONTE LIBANO;;;433;;Colis?â?úo;Luz do Dia;;;Meio de Quadra;;;0;1;1;1;0;0;0;0;0;1;0;0;-3,824111000000000;-38,561476000000000
334405;19;7;2018;17:27;0;AV MAE LISBOA;;;0;;Colis?â?úo;Anoitecer;;;Meio de Quadra;;;0;1;1;1;0;0;0;0;0;1;0;0;;
334406;19;7;2018;17:32;0;RUA PORTO VELHO;;;157;;Colis?â?úo;Anoitecer;;;Meio de Quadra;;;0;1;1;1;0;0;0;0;0;1;0;0;-3,768441000000000;-38,582396000000000
334396;19;7;2018;15:35;0;AV 13 DE MAIO;;;2400;;Colis?â?úo;Luz do Dia;;;Meio de Quadra;;;0;1;1;1;0;0;0;0;0;1;0;0;-3,741504000000000;-38,538471500000000
334425;20;7;2018;05:56;0;AV ABOLICAO;;;3544;;Colis?â?úo;Amanhecer;;;Meio de Quadra;;;0;1;1;1;0;0;0;0;0;1;0;0;-3,726087000000000;-38,487572000000000
334426;20;7;2018;06:13;0;AV VIS RIO BRANCO;;;4125;;Colis?â?úo;Luz do Dia;;;Meio de Quadra;;;0;1;1;1;0;0;0;0;0;1;0;0;-3,757189421000000;-38,519772105000000
334427;20;7;2018;07:38;15531;AV FRE CIRILO;RUA PAULO SETUBAL;;0;;Colis?â?úo;Luz do Dia;;;T;Sem?â?íforo;Comercial;0;1;1;1;0;0;0;0;0;1;0;0;-3,820502000000000;-38,496028000000000
334431;20;7;2018;07:53;0;AV SEN CARLOS JEREISSATI (AEROPORTO);;;0;;Colis?â?úo;Luz do Dia;;;Meio de Quadra;;;0;1;1;1;0;0;0;0;0;1;0;0;;
334453;20;7;2018;14:26;0;RUA FILO;;;843;;Atropelamento;Luz do Dia;;;Meio de Quadra;;;0;1;1;0;0;0;1;0;0;0;0;0;;
334444;20;7;2018;11:08;0;AV M CJ JOSE WALTER;;;10;;Queda;Luz do Dia;;;Meio de Quadra;;;0;1;0;0;0;1;0;0;0;0;0;0;-3,822166932000000;-38,554993738000000
334445;20;7;2018;11:24;0;AV ALM HENRIQUE SABOIA;;;1271;;Colis?â?úo;Luz do Dia;;;Meio de Quadra;;;0;1;1;0;0;0;0;0;0;1;0;0;-3,746544600000000;-38,491786600000000
334456;20;7;2018;15:03;0;AV BENJAMIM BRASIL;;;504;;Colis?â?úo;Luz do Dia;;;Meio de Quadra;;;0;1;1;1;0;0;0;0;0;1;0;0;-3,804297516000000;-38,568688976000000
334447;20;7;2018;11:31;7851;AV PONTES VIEIRA;RUA JOSE VILAR;;0;;Colis?â?úo;Luz do Dia;;;Cruz;Sem?â?íforo;Comercial;0;1;1;1;0;0;0;0;0;1;0;0;-3,752317000000000;-38,510030000000000
334517;20;7;2018;20:48;12194;RUA RECANTO VERDE;RUA STA FILOMENA;;0;;Colis?â?úo;;;;;;;0;1;1;0;0;0;0;0;0;1;0;0;-3,839772000000000;-38,512109000000000
334513;20;7;2018;18:28;0;AV WASHINGTON SOARES;;;2631;;Atropelamento;Anoitecer;;;Meio de Quadra;;;0;1;1;0;0;0;0;0;0;1;0;0;-3,827021800000000;-38,482138300000000
334514;20;7;2018;19:28;9602;RUA VITAL BRASIL;RUA JOSE TORRES;;0;;Colis?â?úo;;;;Cruz;Pare;Comercial;0;1;1;1;0;0;0;0;0;1;0;0;;
334515;20;7;2018;20:02;0;AV PRO JOSE ARTHUR CARVALHO;;;0;;Colis?â?úo;;;;Meio de Quadra;;;0;3;0;0;0;0;0;0;0;1;0;0;;
334496;20;7;2018;17:12;0;AV N CJ JOSE WALTER;;;1584;;Colis?â?úo;Anoitecer;;;Meio de Quadra;;;0;1;1;1;0;0;0;0;0;1;0;0;;
334504;20;7;2018;17:26;0;RUA OSCAR ARARIPE;;;213;;Colis?â?úo;Anoitecer;;;Meio de Quadra;;;0;1;1;0;0;0;0;0;0;0;0;0;-3,793190659000000;-38,593280101000000
334505;20;7;2018;17:37;18808;RUA 44 CJ HAB ST S JOAO;AV B CJ HAB ST SAO JOAO;;0;;Atropelamento de Animal;Anoitecer;;;;;;0;1;0;0;0;0;0;0;0;1;0;0;-3,850469000000000;-38,519271000000000
334506;20;7;2018;18:07;6112;AV A CJ CEARA;AV F CJ CEARA;;0;;Colis?â?úo;Anoitecer;;;Cruz;N?â?úo H?â?í Controle;Misto;0;1;1;1;0;0;0;0;0;1;0;0;-3,767855000000000;-38,603189000000000
334507;20;7;2018;18:11;0;AV PERIMETRAL;;;0;;Colis?â?úo;Anoitecer;;;Meio de Quadra;;;0;1;1;1;0;0;0;0;0;1;0;0;;
334481;20;7;2018;16:47;12520;AV AUGUSTO DOS ANJOS;RUA ALUISIO AZEVEDO;;0;;Colis?â?úo;Luz do Dia;;;Duplo T;Sem?â?íforo;Comercial;0;1;1;1;0;0;0;0;0;1;0;0;-3,773389000000000;-38,573165000000000
334463;20;7;2018;16:18;0;AV GAL OSORIO DE PAIVA;;;1431;;Colis?â?úo;Luz do Dia;;;Meio de Quadra;;;0;1;1;0;0;0;0;0;0;1;0;0;-3,780428637000000;-38,574130204000000
334484;20;7;2018;16:58;7888;AV DES MOREIRA;RUA TOMAS ACIOLI;;0;;Colis?â?úo;Luz do Dia;;;;;;0;2;0;1;0;0;0;0;0;1;0;0;-3,747526000000000;-38,501963000000000
334527;20;7;2018;23:12;0;RUA GAL CORDEIRO NETO;;;479;;Colis?â?úo;;;;Meio de Quadra;;;0;1;1;1;0;0;0;0;0;1;0;0;;
334521;20;7;2018;21:42;0;RUA GETULIO VARGAS;;;1250;;Colis?â?úo;;;;Meio de Quadra;;;0;1;1;1;0;0;0;0;0;1;0;0;-3,817380000000000;-38,594322000000000
334529;20;7;2018;23:38;0;RUA JOR ANTONIO P TAVARES;;;1163;;Colis?â?úo;;;;Meio de Quadra;;;0;2;0;0;0;0;0;0;0;1;0;0;-3,813939871000000;-38,508102897000000
332307;20;7;2018;09:22;7832;RUA SILVA PAULET;RUA CEL ALVES TEIXEIRA;;0;;Colis?â?úo Transversal;Luz do Dia;Bom;Seca;Cruz;Pare;Comercial;0;0;2;1;0;0;0;0;0;0;0;0;-3,746554000000000;-38,509350000000000
332308;20;7;2018;10:02;6733;AV ENG SANTANA JUNIOR;RUA ANDRADE FURTADO;;0;;Colis?â?úo Traseira;Luz do Dia;Bom;Seca;T;N?â?úo H?â?í Controle;Lazer;0;1;1;1;0;0;0;0;0;1;0;0;-3,743312000000000;-38,487269000000000
332309;20;7;2018;09:21;9020;RUA JAIME BENEVOLO;RUA SALDANHA MARINHO;;0;;Colis?â?úo;Luz do Dia;Bom;Seca;Cruz;Sem?â?íforo;Comercial;0;2;1;1;0;0;0;0;0;1;0;0;-3,743046000000000;-38,528994000000000
332310;20;7;2018;08:40;1416;RUA MARIA TOMASIA;RUA CEL JUCA;;0;;Colis?â?úo Transversal;Luz do Dia;Bom;Seca;Cruz;Pare;Residencial;0;2;2;1;0;0;0;0;0;1;0;0;-3,737434000000000;-38,491207000000000
332311;20;7;2018;10:38;0;AV ANTONIO SALES;;;905;;Atropelamento;Luz do Dia;Bom;Seca;Meio de Quadra;N?â?úo H?â?í Controle;Comercial;0;1;1;1;0;0;0;0;0;0;0;0;-3,741984000000000;-38,513410000000000
332312;20;7;2018;15:05;0;AV PRO GOMES DE MATOS;;;1123;;Colis?â?úo Traseira;Luz do Dia;Bom;Seca;Meio de Quadra;N?â?úo H?â?í Controle;Comercial;0;0;3;1;0;0;0;0;0;0;0;0;-3,762485500000000;-38,546803000000000
332313;20;7;2018;14:14;4542;AV DEP PAULINO ROCHA;RUA CEL ZACARIAS J FRANCA;;0;;Colis?â?úo Transversal;Luz do Dia;Bom;Seca;T;Pare;Residencial;0;1;1;0;0;0;1;0;1;0;0;0;-3,805266000000000;-38,508111000000000
332314;20;7;2018;15:01;0;AV JOSE BASTOS;RUA LORENA;;4911;;Colis?â?úo Lateral;Luz do Dia;Bom;Seca;Meio de Quadra;Pare;Comercial;0;1;1;1;0;0;0;0;0;1;0;0;-3,759231600000000;-38,559067000000000
332315;20;7;2018;17:34;5039;AV ALBERTO NEPOMUCENO;RUA ADOLFO CAMINHA;;0;;Colis?â?úo Traseira;Anoitecer;Bom;Seca;Cruz;Sem?â?íforo;Comercial;0;1;1;0;0;0;0;0;0;1;0;0;-3,721257000000000;-38,523212000000000
332317;21;7;2018;09:02;0;AV DOMINGOS OLIMPIO;;;560;;Colis?â?úo Transversal;Luz do Dia;Bom;Seca;Outros;Sem?â?íforo;Comercial;0;0;2;0;1;0;0;0;0;0;0;0;-3,737298500000000;-38,528744000000000
332318;21;7;2018;08:55;0;AV PRS JUSCELINO KUBITSCHEK (PASSAR?âÔÇ?);;;4500;;Colis?â?úo Traseira;Luz do Dia;Bom;Seca;Meio de Quadra;Sem?â?íforo;Residencial;0;2;1;1;0;0;0;0;0;1;0;0;-3,817722300000000;-38,532623000000000
332330;21;7;2018;06:50;22070;RUA JOSE FACANHA;RUA PAPI JUNIOR;;0;;Colis?â?úo Transversal;Luz do Dia;Bom;Seca;Cruz;Pare;Residencial;0;0;1;1;0;0;0;0;0;1;0;0;-3,752136000000000;-38,557265000000000
332337;21;7;2018;00:48;0;AV JOR THOMAZ COELHO;RUA ROSITA;;0;;Colis?â?úo Lateral;Via Iluminada;Bom;Seca;T;N?â?úo H?â?í Controle;Comercial;0;1;1;0;0;0;0;1;0;1;0;0;-3,830497300000000;-38,506435000000000
331996;21;7;2018;11:30;0;RD CE-040;;;0;KM-08;Colis?â?úo;Via Iluminada;;Seca;Meio de Quadra;;;0;0;2;1;0;0;0;0;0;0;0;0;-3,825515822000000;-38,481538320000000
331998;21;7;2018;12:10;0;RD CE-040;;;5269;KM-04;Colis?â?úo;Luz do Dia;;;Meio de Quadra;;;0;1;1;1;0;0;0;0;0;1;0;0;-3,791613156000000;-38,480330840000000
331969;21;7;2018;14:16;0;AV MAE MANOEL MAVIGNIER;;;6040;;Colis?â?úo;Luz do Dia;;;Meio de Quadra;;;1;0;1;0;1;0;0;0;0;1;0;0;-3,808040000000000;-38,418660000000000
334530;21;7;2018;04:35;0;AV BEZERRA DE MENEZES;;;2144;;Queda;;;;Meio de Quadra;;;0;1;0;0;0;0;0;0;0;1;0;0;-3,735565263000000;-38,563965000000000
334531;21;7;2018;06:08;0;RUA GRACA ARANHA;;;425;;Queda;Luz do Dia;;;Meio de Quadra;;;0;2;0;0;0;0;0;0;0;1;0;0;-3,708940771000000;-38,573411833000000
334532;21;7;2018;06:55;0;AV SEN FERNANDES TAVORA;;;2983;;Atropelamento;Luz do Dia;;;Meio de Quadra;;;0;1;1;1;0;0;0;0;0;0;0;0;-3,754880000000000;-38,599578000000000
334535;21;7;2018;07:26;0;RUA PROF. MANOEL LOURENCO;;;0;;Colis?â?úo;Luz do Dia;;;Meio de Quadra;;;0;1;1;1;0;0;0;0;0;1;0;0;;
334536;21;7;2018;07:58;0;RUA GONTRAN GIFFONI;;;953;;Colis?â?úo;Luz do Dia;;;Meio de Quadra;;;0;1;1;1;0;0;0;0;0;1;0;0;-3,769449000000000;-38,489127000000000
334537;21;7;2018;08:35;0;ET DO JATOBA;;;2370;;Colis?â?úo;Luz do Dia;;;Meio de Quadra;;;0;1;1;0;0;0;0;0;0;0;0;0;-3,792490000000000;-38,626320000000000
334583;21;7;2018;10:18;0;RUA PDE PEDRO DE ALENCAR;;;1565;;Atropelamento;Luz do Dia;;;Meio de Quadra;;;0;1;1;0;0;0;0;0;0;1;0;0;-3,841722761000000;-38,494306761000000
334611;21;7;2018;12:30;0;RUA RAIMUNDO FROTA;;;1358;;Colis?â?úo;Luz do Dia;;;Meio de Quadra;;;0;1;1;1;0;0;0;0;0;1;0;0;;
334612;21;7;2018;13:04;0;AV FRANCISCO SA;;;2420;;Queda;Luz do Dia;;;Meio de Quadra;;;0;1;0;0;0;0;0;0;0;1;0;0;-3,720810719000000;-38,547004825000000
334613;21;7;2018;13:53;0;RUA ALM RUBIM;;;1753;;Colis?â?úo;Luz do Dia;;;Meio de Quadra;;;0;1;1;1;0;0;0;0;0;1;0;0;-3,772819000000000;-38,557317451000000
334614;21;7;2018;14:54;0;RUA 13 DE ABRIL;;;63;;Queda;Luz do Dia;;;Meio de Quadra;;;0;1;0;0;0;0;0;0;0;1;0;0;-3,764484975000000;-38,531031950000000
334608;21;7;2018;12:11;0;AV DES GONZAGA;;;412;;Queda;Luz do Dia;;;Meio de Quadra;;;0;1;0;0;0;0;0;0;0;1;0;0;-3,791042500000000;-38,502736500000000
334616;21;7;2018;15:48;0;AV DIOGUINHO;;;3860;;Colis?â?úo;Luz do Dia;;;Meio de Quadra;;;0;1;1;0;0;0;0;0;0;0;0;0;;
334617;21;7;2018;16:39;10944;RUA ZACARIAS GONDIM;RUA LIVINO DE CARVALHO;;0;;Colis?â?úo;Luz do Dia;;;Cruz;Pare;Residencial;0;1;1;1;0;0;0;0;0;1;0;0;-3,770836000000000;-38,559435000000000
334622;21;7;2018;17:38;0;AV GAL OSORIO DE PAIVA;;;6023;;Colis?â?úo;Anoitecer;;;Meio de Quadra;;;0;1;1;1;0;0;0;0;0;1;0;0;-3,808675200000000;-38,605573800000000
334602;21;7;2018;10:25;10781;RUA FLORIANOPOLIS;RUA JOAQUIM M DE MACEDO;;0;;Colis?â?úo;Luz do Dia;;;;;;0;1;1;1;0;0;0;0;0;1;0;0;-3,762453000000000;-38,584087000000000
334539;21;7;2018;10:17;7053;AV DR THEBERGE;RUA STA ELISA D21;;0;;Colis?â?úo;Luz do Dia;;;;;;0;2;0;0;0;0;0;0;0;0;0;0;-3,705579000000000;-38,561971000000000
334631;21;7;2018;19:22;0;AV GODOFREDO MACIEL;;;505;;Colis?â?úo;;;;Meio de Quadra;;;0;1;1;0;0;0;0;0;0;0;0;0;-3,780613739000000;-38,565041130000000
334620;21;7;2018;16:52;0;RUA TEODORO DE PAIVA;;;255;;Colis?â?úo;Luz do Dia;;;Meio de Quadra;;;0;1;1;1;0;0;0;0;0;1;0;0;-3,776369000000000;-38,496547000000000
334628;21;7;2018;18:12;0;AV OLAVO BILAC;;;3380;;Queda;Anoitecer;;;Meio de Quadra;;;0;1;0;0;0;0;0;0;0;1;0;0;;
334633;21;7;2018;19:49;0;RUA OLIMPIO DE PAIVA;;;3990;;Queda;;;;Meio de Quadra;;;0;1;0;0;0;0;0;0;0;1;0;0;;
334639;21;7;2018;20:17;0;AV DR THEBERGE;;;0;;Colis?â?úo;;;;;;;0;2;0;1;0;0;0;0;0;1;0;0;;
334640;21;7;2018;21:03;20042;AV DR SILAS MUNGUBA;AV DEP PAULINO ROCHA;;0;;Queda;;;;;;;0;2;0;0;0;0;0;0;0;1;0;0;-3,807229000000000;-38,524782000000000
334641;21;7;2018;21:13;0;AV PERIMETRAL;;;2000;;Colis?â?úo;;;;Meio de Quadra;;;0;1;1;1;0;0;0;0;0;1;0;0;;
326999;21;7;2018;13:00;13433;RUA ILDEFONSO ALBANO;RUA TOMAS ACIOLI;;0;;Colis?â?úo Lateral;Luz do Dia;;;T;Pare;Residencial;0;1;1;0;0;0;1;0;0;1;0;0;-3,742685000000000;-38,516391000000000
326997;21;7;2018;13:14;12649;RUA RIO ARAGUAIA;RUA GUILHERME MENDES;;0;;Colis?â?úo;Luz do Dia;;;Cruz;Pare;Comercial;0;4;0;1;0;0;0;0;0;0;0;0;-3,721145000000000;-38,581720000000000
329676;22;7;2018;06:00;5695;RUA CHICO LEMOS;RUA MARGARIDA DE QUEIROZ;;0;;Colis?â?úo Transversal;Luz do Dia;Nublado;Seca;Cruz;Pare;Residencial;1;0;1;1;0;0;0;0;0;1;0;0;-3,791881000000000;-38,498869000000000
334659;22;7;2018;15:20;0;AV I CJ CEARA;;;303;;Colis?â?úo;Luz do Dia;;;Meio de Quadra;;;0;1;1;0;0;0;0;0;0;0;0;0;-3,766396465000000;-38,597495744000000
334660;22;7;2018;16:13;15354;RUA FREDERICO BORGES;RUA CANUTO DE AGUIAR;;0;;Colis?â?úo;Luz do Dia;;;Cruz;Pare;Comercial;0;1;1;1;0;0;0;0;0;1;0;0;-3,732629000000000;-38,489246000000000
334661;22;7;2018;16:16;24914;AV DA INDEPENDENCIA;RUA EMILIA GONCALVES;;0;;Colis?â?úo;Luz do Dia;;;Cruz;N?â?úo H?â?í Controle;Misto;0;1;1;0;0;0;0;0;0;1;0;0;;
334647;22;7;2018;01:20;0;RUA DELTA;;;1130;;Colis?â?úo;;;;Meio de Quadra;;;0;1;1;0;0;0;0;0;0;0;0;0;-3,798351162000000;-38,577313784000000
334651;22;7;2018;10:03;0;AV PRS CASTELO BRANCO;;;1001;;Atropelamento;Luz do Dia;;;Meio de Quadra;;;0;1;1;0;0;0;0;0;0;1;0;0;-3,719269642000000;-38,532567182000000
334652;22;7;2018;11:01;0;AV PDE ANTONIO TOMAS;;;0;;Queda;Luz do Dia;;;Meio de Quadra;;;0;1;0;0;0;1;0;0;0;0;0;0;;
334653;22;7;2018;11:52;0;AV CASTELO DE CASTRO;;;2923;;Queda;Luz do Dia;;;Meio de Quadra;;;0;1;0;0;0;0;0;0;0;1;0;0;-3,852935448000000;-38,523798276000000
334655;22;7;2018;14:20;0;RUA OLIVEIRA FILHO;;;908;;Colis?â?úo;Luz do Dia;;;Meio de Quadra;;;0;2;0;1;0;0;0;0;0;1;0;0;-3,725520000000000;-38,464740000000000
334665;22;7;2018;16:31;0;RUA CEL FABRICIANO;;;3746;;Colis?â?úo;Luz do Dia;;;Meio de Quadra;;;0;2;1;1;0;0;0;0;0;1;0;0;;
334670;22;7;2018;17:10;0;RUA ANTONIO AUGUSTO;;;182;;Queda;Anoitecer;;;Meio de Quadra;;;0;1;0;0;0;0;0;0;0;1;0;0;-3,722761000000000;-38,511033000000000
334700;22;7;2018;20:27;0;RUA PRO GOMES BRASIL;;;281;;Atropelamento;;;;Meio de Quadra;;;0;1;1;1;0;0;0;0;0;0;0;0;;
334701;22;7;2018;22:06;26131;RUA CEL MANUEL ANTONIO LEITE;RUA SAO JOAO D34 (BONSUCESSO);;0;;Colis?â?úo;;;;Duplo T;Pare;Residencial;0;1;1;1;0;0;0;0;0;1;0;0;-3,774038000000000;-38,592650000000000
334698;22;7;2018;19:23;904;AV GOV RAUL BARBOSA;RD BR 116;;0;;Colis?â?úo;;;;;;;0;2;0;1;0;0;0;0;0;1;0;0;;
334685;22;7;2018;18:25;0;RD BR 116;;;3000;KM-03;Colis?â?úo Lateral;Anoitecer;;;Meio de Quadra;;;0;1;1;1;0;0;0;0;0;1;0;0;-3,779838000000000;-38,514372000000000
334737;22;7;2018;22:09;0;RUA ELIEZER F GUIMARAES;;;132;;Queda;;;;Meio de Quadra;;;0;1;0;0;0;0;0;0;0;1;0;0;;
334738;22;7;2018;22:21;0;AV GAL OSORIO DE PAIVA;;;5910;;Colis?â?úo;;;;Meio de Quadra;;;0;1;0;0;0;0;0;0;0;1;0;0;-3,808013000000000;-38,605249000000000
334681;22;7;2018;17:11;0;RUA GUARAPARI;;;1360;;Colis?â?úo;Anoitecer;;;Meio de Quadra;;;0;1;1;0;0;0;0;0;0;0;0;0;-3,818870000000000;-38,617930000000000
332001;22;7;2018;20:30;0;RD CE-040;;;0;KM-07;Colis?â?úo;Via Iluminada;;Seca;Meio de Quadra;;;0;0;2;1;0;0;0;0;0;0;0;0;-3,817159445000000;-38,483032860000000
332004;22;7;2018;08:15;0;RD CE-040;;;0;KM-07;Colis?â?úo;Luz do Dia;;Seca;Meio de Quadra;;;0;0;3;1;0;0;0;0;0;0;0;0;-3,817159445000000;-38,483032860000000
332319;22;7;2018;05:10;10749;AV SEN FERNANDES TAVORA;RUA PRO HERIBALDO COSTA;;0;;Colis?â?úo Transversal;Luz do Dia;Nublado;Molhada;Cruz;Sem?â?íforo;Comercial;0;0;2;1;0;0;0;0;0;0;0;0;-3,761006000000000;-38,584384000000000
332321;22;7;2018;15:15;0;BC TEODOMIRO DE CASTRO;;;4321;;Colis?â?úo Transversal;Luz do Dia;Bom;Seca;Meio de Quadra;N?â?úo H?â?í Controle;Residencial;0;1;1;1;0;0;0;0;0;1;0;0;-3,718967000000000;-38,571926000000000
332322;22;7;2018;21:22;9536;RUA CEL FABRICIANO;RUA GUARAREMA;;0;;Colis?â?úo Traseira;Mal Iluminada;Bom;Seca;Cruz;N?â?úo H?â?í Controle;Residencial;0;0;2;1;0;0;0;0;0;0;0;0;-3,780165000000000;-38,617312000000000
332323;22;7;2018;22:02;19197;RUA JOAQUIM LIMA;RUA ALMEIDA PRADO;;0;;Colis?â?úo Lateral;Via Iluminada;Bom;Seca;Cruz;Pare;Comercial;0;1;1;0;0;0;0;0;0;1;0;0;-3,742889000000000;-38,474894000000000
332324;23;7;2018;07:30;0;AV BORGES DE MELO;;;124;BASE AEREA;Colis?â?úo Transversal;Luz do Dia;Bom;Seca;Meio de Quadra;Pare;Residencial;0;2;1;0;0;0;0;0;0;1;0;0;-3,761285300000000;-38,520190000000000
332325;23;7;2018;08:44;19165;RUA BATISTA DE OLIVEIRA;RUA PEREIRA DE MIRANDA;;0;;Colis?â?úo Transversal;Luz do Dia;Bom;Seca;Cruz;Pare;Comercial;0;1;1;1;0;0;0;0;0;1;0;0;-3,740801000000000;-38,478760000000000
332326;23;7;2018;09:13;0;RUA OSVALDO CRUZ;RUA TOMAS ACIOLI;;0;;Colis?â?úo Transversal;Luz do Dia;Bom;Seca;Cruz;Pare;Comercial;0;1;1;0;0;0;0;0;0;1;0;0;-3,746949000000000;-38,504090000000000
332327;23;7;2018;08:18;0;AV DEP PAULINO ROCHA;;;2399;;Colis?â?úo Transversal;Luz do Dia;Bom;Seca;Meio de Quadra;Sem?â?íforo;Comercial;0;1;1;1;0;0;0;0;0;1;0;0;-3,810194500000000;-38,519142000000000
332328;23;7;2018;11:40;0;RUA ALBERTO TORRES;;;112;;Colis?â?úo Lateral;Luz do Dia;Bom;Seca;Meio de Quadra;N?â?úo H?â?í Controle;Residencial;0;0;2;1;0;0;0;0;0;0;0;0;-3,816735700000000;-38,499590000000000
332329;23;7;2018;10:30;19141;RUA LAURO NOGUEIRA;RUA JULIO AZEVEDO;;0;;Colis?â?úo;Luz do Dia;Bom;Seca;Cruz;Pare;Residencial;0;1;1;1;0;0;0;0;0;0;0;0;-3,739499000000000;-38,480110000000000
332331;23;7;2018;13:08;0;RUA URUCUTUBA;ET DO JATOBA;;0;;Colis?â?úo Transversal;Luz do Dia;Bom;Seca;Meio de Quadra;;;0;2;1;0;1;0;0;0;0;1;0;0;-3,798306500000000;-38,626960000000000
332332;23;7;2018;15:30;0;RUA GAL POTIGUARA;AV SEN VIRGILIO TAVORA;;0;;Colis?â?úo Transversal;Via Iluminada;Bom;Seca;Cruz;Sem?â?íforo;Comercial;0;0;2;1;0;0;0;0;0;0;0;0;-3,744633700000000;-38,495617000000000
332333;23;7;2018;19:05;5709;AV OLIVEIRA PAIVA;AV DES GONZAGA;;0;;Colis?â?úo Traseira;Mal Iluminada;Bom;Seca;Meio de Quadra;Sem?â?íforo;Comercial;0;0;3;1;0;0;0;0;0;0;0;0;-3,797165000000000;-38,499953000000000
332334;23;7;2018;19:56;0;AV RUI BARBOSA;;;2160;;Colis?â?úo Lateral;Via Iluminada;Bom;Seca;Meio de Quadra;Sem?â?íforo;Residencial;0;0;1;1;0;0;0;0;0;1;0;0;-3,741479600000000;-38,511368000000000
332335;23;7;2018;19:00;0;RUA ALUISIO AZEVEDO;RUA MON VICENTE MARTINS;;0;;Colis?â?úo Lateral;Via Iluminada;Bom;Seca;Cruz;Pare;Comercial;0;1;3;1;0;0;0;0;0;1;0;0;-3,769639300000000;-38,579918000000000
332343;23;7;2018;14:35;0;AV PDE ANTONIO TOMAS;;;75;;Colis?â?úo Traseira;Luz do Dia;Bom;Seca;Meio de Quadra;N?â?úo H?â?í Controle;Comercial;0;0;2;1;0;0;0;0;0;0;0;0;-3,739046300000000;-38,502840000000000