COD_ACIDENTE;DIA;MES;ANO;HORA;INTERSECAO;LOG1;LOG2;LOG3;NUMERO;REFERENCIA;NATUREZA;ILUMINACAO;TEMPO;SUPERFICIEPISTA;TIPOCRUZAMENTO;CONTROLETRAFEGO;USOSOLO;MORTOS;FERIDOS;ILESOS;AUTOMOVEL;ONIBUS;BICICLETA;CAMINHAO;MICROONIBUS;CICLOMOTOR;MOTOCICLETA;TRACAOANIMAL;TREM;LATITUDE;LONGITUDE
332348;23;7;2018;09:00;0;AV AMERICO BARREIRA;;;5435;;Colis?â?úo Traseira;Luz do Dia;Bom;Seca;Meio de Quadra;Sem?â?íforo;Comercial;0;1;1;1;0;0;0;0;0;1;0;0;-3,759860300000000;-38,563885000000000
334752;23;7;2018;12:05;0;RUA JULIO SILVA;;;0;;Atropelamento;Luz do Dia;;;Meio de Quadra;;;0;1;1;0;0;0;0;0;0;1;0;0;;
334754;23;7;2018;13:09;15308;RUA REPUBLICA DO LIBANO;RUA TIBURCIO CAVALCANTE;;0;;Queda;Luz do Dia;;;Cruz;Pare;Residencial;0;1;0;0;0;0;0;0;0;1;0;0;-3,730002000000000;-38,500668000000000
334739;23;7;2018;07:16;0;AV WASHINGTON SOARES;;;0;;Queda;Luz do Dia;;;Meio de Quadra;;;0;1;0;0;0;0;0;0;0;1;0;0;;
334740;23;7;2018;07:31;0;RUA MARIO FILHO;;;619;;Colis?â?úo;Luz do Dia;;;Meio de Quadra;;;0;1;1;1;0;0;0;0;0;1;0;0;-3,807502948000000;-38,584499179000000
334743;23;7;2018;08:06;0;RUA POMPILIO GOMES;;;1171;;Colis?â?úo;Luz do Dia;;;Meio de Quadra;;;0;1;1;0;0;0;0;0;0;0;0;0;;
334747;23;7;2018;10:51;0;RUA OSCAR ARARIPE;;;2222;;Colis?â?úo;Luz do Dia;;;Meio de Quadra;;;0;2;0;0;0;0;0;0;0;1;0;0;-3,787375957000000;-38,611198957000000
327000;23;7;2018;17:41;0;AV LUCIANO CARNEIRO;;;1991;;Colis?â?úo Lateral;Anoitecer;;;Meio de Quadra;;;0;1;1;1;0;0;0;0;0;1;0;0;-3,764934000000000;-38,536679000000000
327001;23;7;2018;07:10;0;AV PRS CASTELO BRANCO;;;4631;;Atropelamento;Luz do Dia;;;Meio de Quadra;;;0;1;1;0;1;0;0;0;0;0;0;0;-3,706653091000000;-38,573204818000000
334761;23;7;2018;15:12;0;AV OLIVEIRA PAIVA;;;0;;Colis?â?úo;Luz do Dia;;;Meio de Quadra;;;0;1;1;0;0;0;0;0;0;1;0;0;;
334762;23;7;2018;15:57;0;AV FRANCISCO SA;;;7910;;Colis?â?úo;Luz do Dia;;;Meio de Quadra;;;0;1;1;0;0;0;0;0;0;0;0;0;-3,704250000000000;-38,589562000000000
334763;23;7;2018;15:58;5328;AV DUQ CAXIAS;AV TRISTAO GONCALVES;;0;;Colis?â?úo;Luz do Dia;;;Cruz;Gesto;Comercial;0;1;1;1;0;0;0;0;0;1;0;0;-3,730400000000000;-38,534196000000000
334764;23;7;2018;16:45;0;RUA JULIO PINTO D04;;;0;;Colis?â?úo;Luz do Dia;;;Meio de Quadra;;;0;1;1;1;0;0;0;0;0;1;0;0;;
334765;23;7;2018;16:49;0;RUA CATOLE;;;0;;Colis?â?úo;Luz do Dia;;;Meio de Quadra;;;0;1;1;0;0;0;1;0;0;1;0;0;;
334766;23;7;2018;17:15;15214;AV ABOLICAO;RUA LEONARDO MOTA;;0;;Colis?â?úo;Anoitecer;;;Outros;Pare;Comercial;0;1;1;1;0;0;0;0;0;1;0;0;-3,726977000000000;-38,493236000000000
334767;23;7;2018;18:11;6322;AV B CJ CEARA;RUA 141 CJ CEARA;;0;;Queda;Anoitecer;;;Duplo T;N?â?úo H?â?í Controle;Residencial;0;1;0;0;0;0;0;0;0;1;0;0;-3,770826000000000;-38,609392000000000
334768;23;7;2018;18:12;24511;RUA DR QUIXADA FELICIO;AV J CJ POLAR;;0;;Colis?â?úo;Anoitecer;;;Cruz;Pare;Residencial;0;1;1;1;0;0;0;0;0;1;0;0;-3,709781000000000;-38,596399000000000
334769;23;7;2018;18:18;261;AV JOVITA FEITOSA;RUA PRO LINO ENCARNACAO;;0;;Colis?â?úo;Anoitecer;;;Cruz;Sem?â?íforo Intermitente;Residencial;0;1;1;0;0;0;0;0;0;0;0;0;-3,740720000000000;-38,560746000000000
334770;23;7;2018;18:33;0;RUA PERILIO TEIXEIRA;;;775;;Colis?â?úo;;;;Meio de Quadra;;;0;1;0;0;0;0;0;0;0;1;0;0;-3,817357200000000;-38,479596600000000
334771;23;7;2018;18:46;10913;RUA PORTO VELHO;RUA MON VICENTE MARTINS;;0;;Colis?â?úo;;;;Cruz;Pare;Residencial;0;1;1;1;0;0;0;0;0;1;0;0;;
334772;23;7;2018;20:12;21989;RUA MAJ PEDRO SAMPAIO;RUA PDE CICERO;;0;;Colis?â?úo;;;;Cruz;N?â?úo H?â?í Controle;Misto;0;1;1;1;0;0;0;0;0;1;0;0;-3,741003000000000;-38,548657000000000
334773;23;7;2018;21:08;0;RUA ALVES LIMA;;;880;;Queda;;;;Meio de Quadra;;;0;1;0;0;0;1;0;0;0;0;0;0;-3,708345192000000;-38,568606808000000
327004;24;7;2018;07:00;0;RUA RIO ARAGUAIA;;;966;;Colis?â?úo;Luz do Dia;;;Meio de Quadra;;;0;1;1;0;0;0;0;0;0;1;0;0;-3,725466536000000;-38,582094714000000
327005;24;7;2018;19:45;0;RUA TORRES CAMARA;;;0;;Colis?â?úo Traseira;;;;Meio de Quadra;;;0;0;2;0;0;0;0;0;0;0;0;0;;
327006;24;7;2018;16:00;0;AV GOV RAUL BARBOSA;;;7240;;Colis?â?úo Traseira;Luz do Dia;;;Meio de Quadra;;;0;0;3;1;0;0;0;0;0;0;0;0;-3,775840000000000;-38,513071000000000
338258;24;7;2018;18:00;0;RD BR 116;;;3000;KM-03;Queda;Anoitecer;;;Meio de Quadra;;;0;1;1;0;0;0;0;0;0;1;0;0;-3,779838000000000;-38,514372000000000
334214;24;7;2018;05:43;12674;AV CEL CARVALHO;RUA GUILHERME MENDES;;0;;Colis?â?úo;Amanhecer;;;Cruz;Pare;Comercial;0;1;0;1;0;0;0;0;0;1;0;0;-3,720651000000000;-38,587094000000000
334215;24;7;2018;06:51;0;RUA BERNARDO MANUEL;;;0;;Queda;Luz do Dia;;;Meio de Quadra;;;0;1;0;0;0;0;0;0;0;1;0;0;;
334216;24;7;2018;07:16;0;AV BORGES DE MELO;;;0;;Colis?â?úo;Luz do Dia;;;Meio de Quadra;;;0;1;0;1;0;0;0;0;0;1;0;0;;
334217;24;7;2018;10:59;0;AV DES MOREIRA;;;333;;Colis?â?úo;Luz do Dia;;;Meio de Quadra;;;0;1;0;1;0;0;0;0;0;1;0;0;-3,730308000000000;-38,496432000000000
334218;24;7;2018;11:35;2411;AV CEL CARVALHO;RUA AMADEU DE CASTRO;;0;;Colis?â?úo;Luz do Dia;;;Cruz;N?â?úo H?â?í Controle;Comercial;1;0;1;1;0;0;0;0;0;0;0;0;-3,706322000000000;-38,590807000000000
334219;24;7;2018;12:06;0;RD BR 116;;;0;;Atropelamento;Luz do Dia;;;Meio de Quadra;;;0;1;0;1;0;0;0;0;0;0;0;0;;
334220;24;7;2018;12:49;0;AV ALBERTO CRAVEIRO;;;34;;Colis?â?úo;Luz do Dia;;;Meio de Quadra;;;0;1;0;1;0;0;0;0;0;1;0;0;;
334221;24;7;2018;13:24;0;AV GAL OSORIO DE PAIVA;;;5750;;Colis?â?úo;Luz do Dia;;;Meio de Quadra;;;0;1;0;1;0;0;0;0;0;1;0;0;-3,806839500000000;-38,604135249000000
334222;24;7;2018;13:49;0;RUA BERNARDO MANUEL;;;6010;;Colis?â?úo;Luz do Dia;;;Meio de Quadra;;;0;1;0;0;0;0;1;0;0;1;0;0;-3,825421900000000;-38,559275400000000
334223;24;7;2018;14:50;0;RUA ELVIRA PINHO;;;334;;Atropelamento;Luz do Dia;;;Meio de Quadra;;;0;1;0;1;0;0;0;0;0;0;0;0;-3,766881000000000;-38,556147000000000
334224;24;7;2018;16:23;675;AV PASTEUR;RUA CRUZEIRO DO SUL;;0;;Colis?â?úo;Luz do Dia;;;Cruz;Pare;Residencial;0;1;0;0;0;0;1;0;0;1;0;0;;
334225;24;7;2018;16:25;0;AV JOSE TAVARES;;;885;;Colis?â?úo;Luz do Dia;;;Meio de Quadra;;;0;1;0;0;0;0;0;0;0;0;0;0;;
334226;24;7;2018;16:52;1349;AV SANTOS DUMONT;RUA VIS MAUA;;0;;Colis?â?úo;Luz do Dia;;;Cruz;Sem?â?íforo;Comercial;0;1;0;1;0;1;0;0;0;0;0;0;-3,735909000000000;-38,499371000000000
334227;24;7;2018;16:57;0;RUA IEMANJA;;;154;;Colis?â?úo;Luz do Dia;;;Meio de Quadra;;;0;1;0;1;0;0;0;0;0;1;0;0;-3,723462200000000;-38,475500700000000
334228;24;7;2018;17:17;0;RUA ALBERTO DE OLIVEIRA;;;1647;;Colis?â?úo;Anoitecer;;;Meio de Quadra;;;0;1;0;0;0;0;0;0;0;0;0;0;-3,717029818000000;-38,578908727000000
334229;24;7;2018;18:00;0;AV AMERICO BARREIRA;;;100;;Colis?â?úo;Anoitecer;;;Meio de Quadra;;;0;1;0;0;0;0;0;0;0;1;0;0;-3,767210000000000;-38,569450000000000
334230;24;7;2018;18:19;0;AV GOV RAUL BARBOSA;;;0;;Colis?â?úo;Anoitecer;;;Meio de Quadra;;;0;1;0;0;0;0;1;0;0;1;0;0;;
334231;24;7;2018;19:23;0;AV GAL OSORIO DE PAIVA;;;0;;Colis?â?úo;;;;Meio de Quadra;;;0;1;0;0;0;0;0;0;0;1;0;0;;
334232;24;7;2018;20:18;0;RUA EQUADOR;;;844;;Colis?â?úo;;;;Meio de Quadra;;;0;1;0;0;0;0;0;0;0;1;0;0;-3,774813800000000;-38,552646200000000
334233;24;7;2018;21:03;0;RUA ALM RUFINO;;;426;;Colis?â?úo;;;;Meio de Quadra;;;0;1;0;0;0;0;0;0;0;0;0;0;-3,768030000000000;-38,533464500000000
334234;24;7;2018;21:34;0;AV WENEFRIDO MELO;;;0;;Choque c/ Obst?â?ículo Fixo;;;;Meio de Quadra;;;0;1;0;0;0;0;0;0;0;1;0;0;;
334235;24;7;2018;22:13;0;RUA BERNARDO MANUEL;;;8920;;Queda;;;;Meio de Quadra;;;0;1;0;0;0;0;0;0;0;1;0;0;-3,798059000000000;-38,551222000000000
334236;24;7;2018;23:01;0;RUA BERNARDO MANUEL;;;0;;Atropelamento;;;;Meio de Quadra;;;0;1;0;1;0;0;0;0;0;0;0;0;;
334237;24;7;2018;23:21;0;AV PRS COSTA E SILVA;;;0;;Queda;;;;Meio de Quadra;;;0;1;0;0;0;1;0;0;0;0;0;0;;
332344;24;7;2018;13:28;0;AV ABOLICAO;;;4039;;Colis?â?úo Lateral;Luz do Dia;Bom;Seca;Meio de Quadra;N?â?úo H?â?í Controle;Comercial;0;1;1;0;0;0;0;0;0;1;0;0;-3,724899800000000;-38,483006000000000
332345;24;7;2018;15:48;5463;RUA DNA LEOPOLDINA;RUA BARBARA DE ALENCAR;;0;;Colis?â?úo Lateral;Luz do Dia;Bom;Seca;Cruz;Pare;Comercial;0;1;1;1;0;0;0;0;0;1;0;0;-3,735695000000000;-38,521102000000000
332346;24;7;2018;16:20;0;RUA ANTONIO DIVINO;;;179;;Colis?â?úo Frontal;Luz do Dia;Bom;Seca;Meio de Quadra;N?â?úo H?â?í Controle;Residencial;0;0;1;1;0;0;0;0;0;1;0;0;-3,804504000000000;-38,560783000000000
332338;24;7;2018;04:40;0;AV ALM BARROSO;;;990;;Engavetamento;Via Iluminada;Bom;Seca;Meio de Quadra;N?â?úo H?â?í Controle;Comercial;0;0;1;1;0;0;0;0;0;0;0;0;-3,720090900000000;-38,513947000000000
332339;24;7;2018;06:40;0;AV PRS CASTELO BRANCO;;;2525;;Colis?â?úo Traseira;Luz do Dia;Bom;Seca;Meio de Quadra;N?â?úo H?â?í Controle;Comercial;0;0;2;1;0;0;0;0;0;0;0;0;-3,713130700000000;-38,550438000000000
332340;24;7;2018;08:24;5395;RUA ANTONIO POMPEU;RUA TEREZA CRISTINA;;0;;Colis?â?úo Lateral;Luz do Dia;Bom;Seca;Cruz;Pare;Comercial;0;0;2;1;0;0;0;0;0;0;0;0;-3,732340000000000;-38,538356000000000
332341;24;7;2018;06:59;25142;AV BORGES DE MELO;RUA JOAO ARARIPE;;0;;Choque c/ Obst?â?ículo Fixo;Luz do Dia;Bom;Seca;Cruz;Sem?â?íforo;Comercial;0;0;1;1;0;0;0;0;0;0;0;0;-3,758147000000000;-38,532143000000000
332342;24;7;2018;08:40;0;RUA NAT FEIJO;;;1058;;Queda;Luz do Dia;Bom;Material Derrapante;Meio de Quadra;N?â?úo H?â?í Controle;Residencial;0;1;0;0;0;0;0;0;0;1;0;0;-3,720932000000000;-38,558560000000000
332374;24;7;2018;09:18;7806;RUA FRANCISCO HOLANDA;RUA SILVA PAULET;;0;;Colis?â?úo Transversal;Luz do Dia;Bom;Seca;Cruz;Pare;Residencial;0;1;1;1;0;0;0;0;0;1;0;0;-3,747096000000000;-38,509525000000000
332336;24;7;2018;00:45;0;AV LUCIANO CARNEIRO;;;345;;Colis?â?úo Traseira;Via Iluminada;Bom;Seca;Meio de Quadra;N?â?úo H?â?í Controle;Comercial;0;0;2;1;1;0;0;0;0;0;0;0;-3,751178700000000;-38,532467000000000
332347;25;7;2018;07:59;0;AV DEP PAULINO ROCHA;;;1285;;Queda;Luz do Dia;Bom;Seca;Meio de Quadra;N?â?úo H?â?í Controle;Comercial;0;1;0;0;0;0;0;0;0;1;0;0;-3,808094500000000;-38,508366000000000
332349;25;7;2018;09:44;0;AV PONTES VIEIRA;;;340;;Atropelamento;Luz do Dia;Bom;Seca;Meio de Quadra;N?â?úo H?â?í Controle;Comercial;0;2;0;0;0;0;0;0;0;1;0;0;-3,753169500000000;-38,516933000000000
332350;25;7;2018;10:40;5284;RUA PRC ISABEL;RUA PEDRO I;;0;;Colis?â?úo Transversal;Luz do Dia;Bom;Seca;Cruz;Pare;Residencial;0;1;1;1;0;0;0;0;0;1;0;0;-3,728809000000000;-38,536144000000000
332351;25;7;2018;11:44;0;AV CASTELO DE CASTRO;;;619;;Choque c/ Obst?â?ículo Fixo;Luz do Dia;Bom;Seca;Meio de Quadra;N?â?úo H?â?í Controle;Comercial;0;1;0;1;0;0;0;0;0;0;0;0;-3,834210600000000;-38,521435000000000
332352;25;7;2018;13:02;12904;AV AGUANAMBI;RUA JOAQUIM MAGALHAES;;0;;Colis?â?úo Frontal;Luz do Dia;Bom;Seca;Cruz;Pare;Comercial;0;0;2;1;0;0;0;0;0;0;0;0;-3,740908000000000;-38,525284000000000
332353;25;7;2018;13:35;2975;AV GAL OSORIO DE PAIVA;RUA PEDRO MARTINS;;0;;Colis?â?úo;Luz do Dia;Bom;Seca;Cruz;Sem?â?íforo;Comercial;0;1;1;0;0;0;0;0;0;1;0;0;-3,800862000000000;-38,598322000000000
332354;25;7;2018;14:00;0;AV 13 DE MAIO;;;1654;;Colis?â?úo Traseira;Luz do Dia;Bom;Seca;Meio de Quadra;N?â?úo H?â?í Controle;Comercial;0;1;1;0;1;0;0;0;0;0;0;0;-3,746536700000000;-38,532692000000000
332355;25;7;2018;13:20;0;RUA GAL CLARINDO DE QUEIROZ;;;914;;Colis?â?úo Traseira;Luz do Dia;Bom;Seca;Meio de Quadra;Sem?â?íforo;Comercial;0;0;2;1;0;0;0;0;0;0;0;0;-3,731920500000000;-38,532360000000000
332356;25;7;2018;13:30;5421;AV VIS RIO BRANCO;AV DUQ CAXIAS;;0;;Colis?â?úo Lateral;Luz do Dia;Bom;Seca;Cruz;Sem?â?íforo;Comercial;0;1;1;1;0;0;0;0;0;1;0;0;-3,733481000000000;-38,524603000000000
332357;25;7;2018;15:00;23016;AV DR SILAS MUNGUBA;RUA PRA HELOISA F LIMA;;0;;Colis?â?úo Transversal;Luz do Dia;Bom;Seca;Cruz;Sem?â?íforo;Comercial;0;0;2;1;0;0;0;0;0;0;0;0;-3,788406000000000;-38,545961000000000
332358;25;7;2018;15:19;9114;RUA DEP OSWALDO STUDART;AV BORGES DE MELO;;0;;Colis?â?úo Lateral;Luz do Dia;Nublado;Seca;Cruz;Sem?â?íforo;Comercial;0;0;2;1;0;0;0;0;0;0;0;0;-3,758147000000000;-38,532143000000000
332359;25;7;2018;15:13;7762;AV ANTONIO SALES;RUA NUNES VALENTE;;0;;Colis?â?úo Transversal;Luz do Dia;Bom;Seca;Cruz;Pare;Residencial;0;0;2;1;0;0;0;0;0;1;0;0;-3,744237000000000;-38,506314000000000
332360;25;7;2018;17:20;5109;AV ALBERTO NEPOMUCENO;RUA DR JOAO MOREIRA;;0;;N?â?úo Informado;Luz do Dia;Bom;Seca;T;Sem?â?íforo;Comercial;0;0;2;1;0;0;0;0;0;0;0;0;-3,723737000000000;-38,524608000000000
332361;25;7;2018;15:53;0;AV PRS JUSCELINO KUBITSCHEK (PASSAR?âÔÇ?);;;3300;;Colis?â?úo Lateral;Luz do Dia;Bom;Seca;Meio de Quadra;N?â?úo H?â?í Controle;Residencial;0;1;1;1;0;0;0;0;0;1;0;0;-3,808251100000000;-38,525772000000000
332362;25;7;2018;18:32;5331;AV SANTOS DUMONT;RUA GONCALVES LEDO;;0;;Colis?â?úo Transversal;Via Iluminada;Bom;Seca;Cruz;Gesto;Comercial;0;0;1;0;0;1;0;0;0;0;0;0;-3,730535000000000;-38,515848000000000
332363;25;7;2018;20:56;0;AV JOSE BASTOS;;;3550;;Colis?â?úo Lateral;Via Iluminada;Bom;Seca;Meio de Quadra;N?â?úo H?â?í Controle;Comercial;0;0;2;0;1;0;0;0;0;1;0;0;-3,750444200000000;-38,550983000000000
332364;25;7;2018;21:27;0;AV ROGACIANO LEITE;;;200;;Colis?â?úo Lateral;Via Iluminada;Bom;Seca;Meio de Quadra;N?â?úo H?â?í Controle;Residencial;0;0;1;1;0;0;0;0;0;0;0;0;-3,758904200000000;-38,491932000000000
332021;25;7;2018;17:45;0;RD CE-060;;;0;KM-02;Colis?â?úo;Via Iluminada;;Seca;Meio de Quadra;;;0;0;2;1;0;0;0;0;0;0;0;0;-3,834064000000000;-38,582111000000000
332023;25;7;2018;18:00;0;RD CE-040;;;0;KM-07;Colis?â?úo;Anoitecer;;Seca;Meio de Quadra;;;0;0;3;1;0;0;0;0;0;0;0;0;-3,817159445000000;-38,483032860000000
332007;25;7;2018;08:15;0;RD CE-040;;;0;;Colis?â?úo;Luz do Dia;;Seca;Meio de Quadra;;;0;0;2;1;0;0;0;0;0;0;0;0;;
334238;25;7;2018;08:21;7648;AV CARNEIRO DE MENDONCA;RUA PAULO DE FRONTIM;;0;;Colis?â?úo;Luz do Dia;;;N?â?úo Informado;Sem?â?íforo;Comercial;0;1;0;1;0;0;0;0;0;1;0;0;-3,761949000000000;-38,570794000000000
334239;25;7;2018;08:58;13594;AV PONTES VIEIRA;RUA CAP GUSTAVO;;0;;Atropelamento;Luz do Dia;;;Cruz;Gesto;Comercial;0;1;0;0;0;0;0;0;0;1;0;0;-3,753153000000000;-38,517125000000000
334240;25;7;2018;09:06;0;RUA 4 LT VILLAGE COLOSSO;;;0;;Colis?â?úo;Luz do Dia;;;Meio de Quadra;;;0;1;1;1;0;0;0;0;0;1;0;0;;
334241;25;7;2018;10:44;0;RUA TEODOMIRO DE CASTRO;;;0;;Colis?â?úo;Luz do Dia;;;Meio de Quadra;;;0;1;0;1;0;0;0;0;0;1;0;0;;
334242;25;7;2018;11:17;0;AV ENG LEAL LIMA VERDE (SAPIRANGA/COITE);;;570;;Colis?â?úo;Luz do Dia;;;Meio de Quadra;;;0;1;1;1;0;0;0;0;0;1;0;0;-3,810580300000000;-38,474581600000000
334243;25;7;2018;13:34;0;AV GAL OSORIO DE PAIVA;;;1816;;Atropelamento;Luz do Dia;;;Meio de Quadra;;;0;2;1;0;0;0;0;0;0;0;0;0;-3,782867500000000;-38,577899500000000
334244;25;7;2018;14:06;0;AV AUGUSTO DOS ANJOS;;;2834;;Queda;Luz do Dia;;;Meio de Quadra;;;0;1;0;0;0;0;0;0;0;1;0;0;-3,783970000000000;-38,582460000000000
334245;25;7;2018;14:21;0;RUA BETEL;;;59;;Queda;Luz do Dia;;;Meio de Quadra;;;0;1;0;0;0;1;0;0;0;0;0;0;;
334246;25;7;2018;14:59;0;AV GAL OSORIO DE PAIVA;;;5563;;Atropelamento;Luz do Dia;;;Meio de Quadra;;;0;1;0;0;0;0;0;0;0;1;0;0;-3,805501053000000;-38,602852263000000
334248;25;7;2018;16:15;0;AV GOV RAUL BARBOSA;;;0;;Colis?â?úo;Luz do Dia;;;Meio de Quadra;;;0;1;1;1;0;1;0;0;0;0;0;0;;
334249;25;7;2018;17:27;5331;AV SANTOS DUMONT;RUA GONCALVES LEDO;;0;;Colis?â?úo;Anoitecer;;;Cruz;Pare;Comercial;0;1;1;1;0;1;0;0;0;0;0;0;-3,730535000000000;-38,515848000000000
334250;25;7;2018;17:30;17416;RUA EDITE BRAGA;RUA ELVIRA PINHO;;0;;Colis?â?úo;Anoitecer;;;Cruz;Pare;Residencial;0;1;0;1;0;0;0;0;0;0;0;0;-3,768064000000000;-38,553552000000000
334268;25;7;2018;19:06;0;RUA GURGEL DO AMARAL;;;0;;Colis?â?úo;;;;Meio de Quadra;;;0;1;0;0;0;0;0;0;0;1;0;0;;
334270;25;7;2018;19:39;0;AV GODOFREDO MACIEL;;;0;;Colis?â?úo;;;;Meio de Quadra;;;0;1;1;1;0;1;0;0;0;0;0;0;;
334272;25;7;2018;19:50;0;RUA MARIA FERREIRA DOS SANTOS;;;31;;Colis?â?úo;;;;Meio de Quadra;;;0;1;0;0;0;0;0;0;0;0;0;0;-3,851860000000000;-38,479902900000000
334274;25;7;2018;19:56;0;RUA JOSE TORRES;;;1228;;Colis?â?úo;;;;Meio de Quadra;;;0;1;0;0;0;0;0;0;0;0;0;0;-3,781920000000000;-38,607950000000000
334275;25;7;2018;20:29;0;RUA WALDERY UCHOA;;;919;;Queda;;;;Meio de Quadra;;;0;1;0;0;0;0;0;0;0;1;0;0;-3,748834500000000;-38,543189000000000
334278;25;7;2018;21:52;0;AV FRE CIRILO;;;4000;;Colis?â?úo;;;;Meio de Quadra;;;0;1;0;1;0;0;0;0;0;1;0;0;-3,819139420000000;-38,496622098000000
334252;25;7;2018;17:52;0;RUA JOSE HIPOLITO;;;121;;Queda;Anoitecer;;;Meio de Quadra;;;0;1;0;0;0;0;0;0;0;1;0;0;;
334259;25;7;2018;19:05;0;RUA JOSE HIPOLITO;;;668;;Colis?â?úo;;;;Meio de Quadra;;;0;2;0;0;0;1;0;0;0;1;0;0;;
327019;25;7;2018;01:40;0;AV PRS CASTELO BRANCO;;;0;;Colis?â?úo Traseira;;;;Meio de Quadra;;;0;1;1;1;0;0;0;0;0;1;0;0;;
327008;26;7;2018;20:40;0;RUA COSTA BARROS;;;1442;;Colis?â?úo;;;;Meio de Quadra;;;0;0;2;1;0;0;0;0;0;0;0;0;-3,731670000000000;-38,507530000000000
327010;26;7;2018;16:40;0;AV BAR STUDART;;;1851;;Choque c/ Obst?â?ículo Fixo;Luz do Dia;;;Meio de Quadra;;;0;1;0;0;0;0;0;0;0;0;0;0;-3,739072000000000;-38,508029000000000
338266;26;7;2018;17:57;0;RD BR 116;;;7500;KM-07;Colis?â?úo Frontal;Anoitecer;;;Meio de Quadra;;;0;2;2;1;0;0;1;0;0;0;0;0;-3,786917000000000;-38,511279000000000
329687;26;7;2018;12:30;10726;RUA CURITIBA;RUA PRO HERIBALDO COSTA;;0;;Colis?â?úo Transversal;Luz do Dia;;;Cruz;Pare;Residencial;1;0;1;1;0;0;0;0;0;1;0;0;-3,759992000000000;-38,583853000000000
334279;26;7;2018;00:00;0;RUA PDE VALDEVINO;;;352;;Colis?â?úo;;;;Meio de Quadra;;;0;1;0;0;0;0;0;0;0;0;0;0;-3,737911000000000;-38,520695000000000
334280;26;7;2018;01:52;0;AV DO VAQUEIRO;;;1550;;Queda;;;;Meio de Quadra;;;0;1;0;0;0;1;0;0;0;0;0;0;-3,859470586000000;-38,504817529000000
334294;26;7;2018;08:33;0;AV DR SILAS MUNGUBA;;;0;;Colis?â?úo;Luz do Dia;;;Meio de Quadra;;;0;1;0;0;0;0;0;0;0;1;0;0;;
334295;26;7;2018;10:39;0;AV MR HULL;;;4754;;Colis?â?úo Lateral;Luz do Dia;;;Meio de Quadra;;;0;1;1;1;0;0;0;0;0;1;0;0;-3,738993305000000;-38,587103956000000
334296;26;7;2018;10:58;0;RUA CAP OLAVO;;;965;;Atropelamento;Luz do Dia;;;Meio de Quadra;;;0;1;1;1;0;0;0;0;0;0;0;0;-3,770680800000000;-38,514994400000000
334286;26;7;2018;03:23;0;AV GAL OSORIO DE PAIVA;;;5708;;Colis?â?úo;;;;Meio de Quadra;;;0;1;0;1;0;0;0;0;0;0;0;0;-3,806459400000000;-38,603770899000000
334288;26;7;2018;03:23;0;RUA BERNARDO MANUEL;;;8704;;Atropelamento;;;;Meio de Quadra;;;0;1;0;1;0;0;0;0;0;0;0;0;-3,796010000000000;-38,550920000000000
334289;26;7;2018;06:14;0;RD CE-065;;;0;;Queda;Luz do Dia;;;Meio de Quadra;;;0;1;0;0;0;0;0;0;0;1;0;0;;
334290;26;7;2018;07:55;0;RUA JOR ANTONIO P TAVARES;;;910;;Queda;Luz do Dia;;;Meio de Quadra;;;0;1;0;0;0;1;0;0;0;0;0;0;-3,811857825000000;-38,511019957000000
334291;26;7;2018;08:25;0;AV GOV RAUL BARBOSA;;;0;;Colis?â?úo;Luz do Dia;;;Meio de Quadra;;;0;1;0;0;0;0;0;0;0;0;0;0;;
334292;26;7;2018;08:31;0;RUA CON DE CASTRO;;;4366;;Queda;Luz do Dia;;;Meio de Quadra;;;0;1;0;0;0;0;0;0;0;1;0;0;-3,803898103000000;-38,590948230000000
334312;26;7;2018;11:19;5993;AV F CJ CEARA;RUA 218 CJ CEARA;;0;;Colis?â?úo;Luz do Dia;;;;;;0;1;0;0;0;0;0;0;0;1;0;0;-3,763714000000000;-38,607072000000000
334319;26;7;2018;12:40;0;RUA DEMOSTENES BRIGIDO;;;2330;;Colis?â?úo;Luz do Dia;;;Meio de Quadra;;;0;1;0;1;0;0;0;0;0;1;0;0;-3,732070000000000;-38,513400000000000
334320;26;7;2018;13:05;0;RUA DR JOAQUIM BENTO;;;579;;Queda;Luz do Dia;;;Meio de Quadra;;;0;1;0;0;0;0;0;0;0;1;0;0;-3,828267000000000;-38,486419000000000
334325;26;7;2018;18:06;0;AV JOAO DE ARAUJO LIMA;;;1088;;Queda;Anoitecer;;;Meio de Quadra;;;0;1;0;0;0;0;0;0;0;1;0;0;-3,831370000000000;-38,560450000000000
334322;26;7;2018;14:42;0;RUA BENI DE CARVALHO;;;435;;Queda;Luz do Dia;;;Meio de Quadra;;;0;1;0;0;0;0;0;0;0;1;0;0;-3,745387600000000;-38,496879200000000
334323;26;7;2018;16:58;0;RUA VERBENA;;;681;;Colis?â?úo;Luz do Dia;;;Meio de Quadra;;;0;2;0;0;0;0;0;0;0;1;0;0;-3,782693000000000;-38,589205000000000
334342;26;7;2018;22:15;0;AV DA INDEPENDENCIA;;;2225;;Colis?â?úo;;;;Meio de Quadra;;;0;1;0;1;0;0;0;0;0;1;0;0;-3,724237000000000;-38,600042000000000