COD_ACIDENTE;DIA;MES;ANO;HORA;INTERSECAO;LOG1;LOG2;LOG3;NUMERO;REFERENCIA;NATUREZA;ILUMINACAO;TEMPO;SUPERFICIEPISTA;TIPOCRUZAMENTO;CONTROLETRAFEGO;USOSOLO;MORTOS;FERIDOS;ILESOS;AUTOMOVEL;ONIBUS;BICICLETA;CAMINHAO;MICROONIBUS;CICLOMOTOR;MOTOCICLETA;TRACAOANIMAL;TREM;LATITUDE;LONGITUDE
334332;26;7;2018;18:13;1381;RUA ILDEFONSO ALBANO;AV HERACLITO GRACA;;0;;Colis?â?úo;Anoitecer;;;Duplo T;Sem?â?íforo;Comercial;0;1;0;1;0;0;0;0;0;1;0;0;-3,736811000000000;-38,514324000000000
334333;26;7;2018;18:20;0;AV DUQ CAXIAS;;;0;;Atropelamento;Anoitecer;;;Meio de Quadra;;;0;1;1;0;0;0;0;0;0;1;0;0;;
334334;26;7;2018;18:44;1230;RUA COSTA BARROS;RUA BAR ARACATI;;0;;Colis?â?úo;;;;Cruz;Pare;Comercial;0;1;0;1;0;0;0;0;0;0;0;0;-3,730488000000000;-38,511153000000000
334335;26;7;2018;19:11;0;AV FRANCISCO SA;;;3572;;Queda;;;;Meio de Quadra;;;0;1;0;0;0;1;0;0;0;0;0;0;-3,717711000000000;-38,556428000000000
334336;26;7;2018;20:29;0;RUA MARTINS DE CASTRO;;;205;;Queda;;;;Meio de Quadra;;;0;1;0;0;0;1;0;0;0;0;0;0;-3,770294835000000;-38,466408476000000
333458;26;7;2018;06:20;0;RD CE-060;;;0;KM-02;Outros;Via Iluminada;;Seca;Meio de Quadra;;;0;0;1;0;0;0;0;0;0;1;0;0;-3,834064000000000;-38,582111000000000
333459;26;7;2018;12:40;0;AV SEN CARLOS JEREISSATI (AEROPORTO);;;0;KM 01;Colis?â?úo;Via Iluminada;;Seca;Meio de Quadra;;;0;0;3;1;0;0;0;0;0;1;0;0;-3,783753000000000;-38,526850000000000
333460;26;7;2018;18:20;0;RD CE-060;;;0;KM-02;Colis?â?úo;Via Iluminada;;Seca;Meio de Quadra;;;0;0;2;1;0;0;0;0;0;0;0;0;-3,834064000000000;-38,582111000000000
331981;26;7;2018;03:00;0;RUA OSCAR FRANCA;;;2530;;Atropelamento;;;;Meio de Quadra;;;1;0;1;1;0;0;0;0;0;0;0;0;-3,787752417000000;-38,612348667000000
332365;26;7;2018;08:13;0;AV DEP PAULINO ROCHA;;;1285;;Colis?â?úo Transversal;Luz do Dia;Bom;Seca;;;;0;1;1;1;0;0;0;0;0;1;0;0;-3,807832000000000;-38,508360000000000
332366;26;7;2018;09:27;0;AV GOV PARSIFAL BARROSO;;;747;;Colis?â?úo Lateral;Luz do Dia;Bom;Seca;Meio de Quadra;;;0;2;1;1;0;0;0;0;0;1;0;0;-3,734775800000000;-38,568928000000000
332367;26;7;2018;07:40;0;AV PRS CASTELO BRANCO;;;1265;;Colis?â?úo Lateral;Luz do Dia;Bom;Seca;Meio de Quadra;N?â?úo H?â?í Controle;Residencial;0;1;2;0;1;0;0;0;0;1;0;0;-3,716920600000000;-38,540540000000000
332368;26;7;2018;11:11;20042;AV DEP PAULINO ROCHA;AV ALBERTO CRAVEIRO;;0;;Colis?â?úo Lateral;Luz do Dia;Bom;Seca;Rotat?â??ria;D?â?¬ Prefer?â?¬ncia;Comercial;0;2;1;1;0;0;0;0;0;1;0;0;-3,807229000000000;-38,524782000000000
332369;26;7;2018;16:27;7789;RUA SILVA PAULET;RUA JOAQUIM SA;;0;;Colis?â?úo Lateral;Luz do Dia;Bom;Seca;Cruz;Pare;Residencial;0;1;1;1;0;0;0;0;0;1;0;0;-3,747785000000000;-38,509741000000000
332370;26;7;2018;17:45;0;RUA GAL ALIPIO DOS SANTOS;RUA XXIX VILA VELHA;;0;;Colis?â?úo Transversal;Luz do Dia;Bom;Seca;Cruz;Pare;Residencial;0;0;3;1;0;0;0;0;0;0;0;0;-3,732647000000000;-38,594727000000000
332371;26;7;2018;18:10;1493;RUA OSVALDO CRUZ (ALDEOTA);AV PDE ANTONIO TOMAS;;0;;Engavetamento;Via Iluminada;Bom;Seca;Cruz;Sem?â?íforo;Comercial;0;0;2;1;0;0;0;0;0;0;0;0;-3,739538000000000;-38,501588000000000
332372;27;7;2018;09:57;0;AV OLIVEIRA PAIVA;;;223;;Colis?â?úo Lateral;Luz do Dia;Bom;Seca;Meio de Quadra;N?â?úo H?â?í Controle;Comercial;0;0;2;1;0;0;0;0;0;0;0;0;-3,798561800000000;-38,503090000000000
332373;27;7;2018;10:02;347;RUA FRANCISCA CLOTILDE;RUA PRO COSTA MENDES;;0;;Atropelamento;Luz do Dia;Bom;Seca;Cruz;Pare;Comercial;0;1;1;0;0;0;0;0;0;0;0;0;-3,746335000000000;-38,556137000000000
332375;27;7;2018;10:20;0;AV HEROIS DO ACRE;;;940;;Atropelamento;Luz do Dia;Bom;Seca;Meio de Quadra;N?â?úo H?â?í Controle;Residencial;0;1;1;1;0;0;0;0;0;0;0;0;-3,803053900000000;-38,536373000000000
332376;27;7;2018;14:17;0;AV ENG LUIS VIEIRA;RUA RENATO BRAGA;;0;;Colis?â?úo Frontal;Luz do Dia;Bom;Seca;Outros;Pare;Comercial;0;0;1;1;0;0;0;0;0;1;0;0;-3,731896900000000;-38,464800000000000
332377;27;7;2018;13:37;0;RUA ANTONIO FIUZA;;;44;;Colis?â?úo Traseira;Luz do Dia;Bom;Seca;Meio de Quadra;Sem?â?íforo;Residencial;0;1;2;1;1;0;0;0;0;0;0;0;-3,768844100000000;-38,551804000000000
332378;27;7;2018;11:18;0;RUA JOSE HIPOLITO;RUA CEL FRANCISCO PEREIRA (MESSEJANA);;0;;Colis?â?úo Lateral;Luz do Dia;Bom;Seca;T;N?â?úo H?â?í Controle;Comercial;0;1;1;0;1;0;0;0;0;1;0;0;-3,832753000000000;-38,493134000000000
332379;27;7;2018;16:56;1339;RUA NUNES VALENTE;RUA DES LEITE ALBUQUERQUE;;1250;;Colis?â?úo Transversal;Luz do Dia;Bom;Seca;Cruz;Pare;Comercial;0;0;2;1;0;0;0;0;0;0;0;0;-3,735649000000000;-38,503540000000000
332380;27;7;2018;19:11;936;AV BORGES DE MELO;RUA CUMBICA;;0;;Colis?â?úo Transversal;Via Iluminada;Bom;Seca;T;Gesto;Comercial;0;1;1;0;0;0;0;0;0;1;0;0;-3,761342000000000;-38,520039000000000
332528;27;7;2018;20:41;0;ET ANTIGA PARA AQUIRAZ;;;0;;Colis?â?úo Lateral;Via Iluminada;Bom;Seca;Meio de Quadra;N?â?úo H?â?í Controle;Comercial;0;0;1;1;0;0;0;0;0;1;0;0;-3,841125000000000;-38,484665000000000
333461;27;7;2018;03:30;0;RD CE-040;;;0;KM-10;Colis?â?úo;;;;;;;0;1;1;1;0;0;0;0;0;0;0;0;-3,842576660000000;-38,480882840000000
334352;27;7;2018;06:38;0;AV LAURO VIEIRA CHAVES;;;1030;;Colis?â?úo;Luz do Dia;;;Meio de Quadra;;;0;2;0;1;0;0;0;0;0;1;0;0;-3,772012502000000;-38,536866999000000
334357;27;7;2018;07:24;0;AV MR HULL;;;3280;;Colis?â?úo Traseira;Luz do Dia;;;Meio de Quadra;;;0;1;1;1;0;0;0;0;0;1;0;0;-3,737306500000000;-38,574353500000000
334392;27;7;2018;16:18;0;RUA VALPARAISO;;;0;;Colis?â?úo;Luz do Dia;;;Meio de Quadra;;;0;1;1;1;0;1;0;0;0;0;0;0;;
334390;27;7;2018;14:00;0;AV DR THEBERGE;;;2650;;Queda;Luz do Dia;;;Meio de Quadra;;;0;2;0;0;0;1;0;0;0;0;0;0;-3,725738500000000;-38,568577000000000
334363;27;7;2018;09:56;0;AV RUI BARBOSA;;;1100;;Colis?â?úo;Luz do Dia;;;Meio de Quadra;;;0;1;0;1;0;0;0;0;0;1;0;0;-3,731891700000000;-38,508236000000000
334364;27;7;2018;09:57;0;AV WASHINGTON SOARES;;;0;;Colis?â?úo;Luz do Dia;;;Meio de Quadra;;;0;1;0;1;0;1;0;0;0;0;0;0;;
334365;27;7;2018;09:59;0;AV HEROIS DO ACRE;;;1040;;Colis?â?úo;Luz do Dia;;;Meio de Quadra;;;0;1;1;1;0;1;0;0;0;0;0;0;-3,803156000000000;-38,537092500000000
334366;27;7;2018;11:14;1709;RUA CAP ARAGAO;RUA CAP OLAVO;;0;;Colis?â?úo;Luz do Dia;;;Cruz;Sem?â?íforo;Comercial;0;1;0;0;0;0;0;0;0;1;0;0;-3,765348000000000;-38,515937000000000
334367;27;7;2018;11:38;0;RUA PDE PEDRO DE ALENCAR;;;0;;Atropelamento;Luz do Dia;;;Meio de Quadra;;;0;1;1;0;0;0;0;0;0;0;0;0;;
334368;27;7;2018;11:53;0;RUA HERMINIA BONAVIDES;;;0;;Colis?â?úo;Luz do Dia;;;Meio de Quadra;;;0;1;0;1;0;0;0;0;0;1;0;0;;
334369;27;7;2018;12:09;0;AV SEN FERNANDES TAVORA;;;2009;;Colis?â?úo;Luz do Dia;;;Meio de Quadra;;;0;1;0;1;0;1;0;0;0;0;0;0;-3,757781400000000;-38,590424800000000
334360;27;7;2018;08:03;0;AV MOZART PINHEIRO DE LUCENA;;;2646;;Colis?â?úo;Luz do Dia;;;Meio de Quadra;;;0;1;0;1;0;0;0;0;0;1;0;0;-3,727116000000000;-38,598218000000000
334371;27;7;2018;12:52;0;RUA CAP OLAVO;;;107;;Colis?â?úo;Luz do Dia;;;Meio de Quadra;;;0;1;0;0;0;0;0;0;0;0;0;0;-3,763179437000000;-38,516279366000000
334372;27;7;2018;13:42;0;AV WASHINGTON SOARES;;;0;;Colis?â?úo;Luz do Dia;;;Meio de Quadra;;;0;1;0;1;0;0;0;0;0;0;0;0;;
334373;27;7;2018;13:46;0;AV FRANCISCO SA;;;0;;Colis?â?úo;Luz do Dia;;;Meio de Quadra;;;0;2;0;0;0;0;0;0;0;1;0;0;;
334441;27;7;2018;23:03;0;RUA EDSON MARTINS;;;2608;;Queda;;;;Meio de Quadra;;;0;1;0;0;0;0;0;0;0;1;0;0;-3,785674318000000;-38,613979977000000
334438;27;7;2018;21:59;0;AV FRANCISCO SA;;;3447;;Colis?â?úo;;;;Meio de Quadra;;;0;1;0;1;0;0;0;0;0;1;0;0;-3,717919000000000;-38,555822000000000
334439;27;7;2018;22:49;0;RUA FRIEZIO BARROSO;;;272;;Colis?â?úo;;;;Meio de Quadra;;;0;1;0;0;0;0;0;0;0;0;0;0;-3,813610000000000;-38,560220000000000
334434;27;7;2018;20:52;5031;RUA PESSOA ANTA;AV ALM TAMANDARE;;0;;Colis?â?úo;;;;Cruz;Pare;Comercial;0;2;0;0;0;0;0;0;0;0;0;0;-3,720821000000000;-38,519885000000000
334435;27;7;2018;20:55;0;RUA JOSE DANTAS VIEIRA;;;0;;Queda;;;;Meio de Quadra;;;0;1;0;0;0;0;0;0;0;1;0;0;;
334429;27;7;2018;20:07;0;RUA JOSE HIPOLITO;;;1234;;Colis?â?úo;;;;Meio de Quadra;;;0;1;0;1;0;0;0;0;0;1;0;0;-3,836187637000000;-38,485154455000000
334414;27;7;2018;19:32;0;AV DEP PAULINO ROCHA;;;0;;Colis?â?úo;;;;Meio de Quadra;;;0;1;0;1;0;0;0;0;0;1;0;0;;
334418;27;7;2018;19:40;0;RUA PEDESTRE I;;;0;;Queda;;;;Meio de Quadra;;;0;1;0;0;0;0;0;0;0;1;0;0;;
334419;27;7;2018;19:50;9675;RUA OSCAR ARARIPE;RUA GUARAREMA;;0;;Colis?â?úo;;;;Cruz;Pare;Misto;0;1;0;0;0;0;0;0;0;1;0;0;-3,785079000000000;-38,618664000000000
334416;27;7;2018;19:37;0;RUA PARANAGUA;;;1064;;Queda;;;;Meio de Quadra;;;0;1;0;0;0;0;0;0;0;1;0;0;-3,811505800000000;-38,599124200000000
334397;27;7;2018;17:26;0;RUA BAR AQUIRAZ;;;1682;;Colis?â?úo;Anoitecer;;;Meio de Quadra;;;0;1;1;1;0;0;0;0;0;1;0;0;-3,841765506000000;-38,484099644000000
334398;27;7;2018;18:05;0;AV CASTELO DE CASTRO;;;0;;Atropelamento;Anoitecer;;;Meio de Quadra;;;0;1;1;1;0;0;0;0;0;0;0;0;;
334399;27;7;2018;18:13;0;AV BORGES DE MELO;;;0;;Colis?â?úo;Anoitecer;;;Meio de Quadra;;;0;2;0;1;0;0;0;0;0;1;0;0;;
334400;27;7;2018;18:18;25003;AV DR THEBERGE;AV SGT HERMINIO SAMPAIO;;0;;Colis?â?úo;Anoitecer;;;Cruz;Sem?â?íforo;Misto;0;1;0;1;0;0;0;0;0;1;0;0;-3,727916000000000;-38,569276000000000
334401;27;7;2018;18:40;0;AV ENG SANTANA JUNIOR;;;0;;Colis?â?úo;;;;Meio de Quadra;;;0;1;0;1;0;0;0;0;0;1;0;0;;
334402;27;7;2018;18:53;17326;RUA ALAN KARDEC;RUA ALBERTO MAGNO;;0;;Colis?â?úo;;;;Cruz;Pare;Comercial;0;1;0;0;0;0;0;0;0;0;0;0;-3,764796000000000;-38,549918000000000
334403;27;7;2018;19:02;0;RUA PDE PEDRO DE ALENCAR;;;2200;;Colis?â?úo;;;;Meio de Quadra;;;0;2;0;1;0;0;0;0;0;1;0;0;-3,847214396000000;-38,494689403000000
334410;27;7;2018;19:19;0;RUA PDE PERDIGAO SAMPAIO;;;250;;Colis?â?úo;;;;Meio de Quadra;;;0;2;0;0;0;0;0;0;0;0;0;0;-3,738430500000000;-38,594869000000000
334394;27;7;2018;16:46;15792;RUA CEL FRANCISCO PEREIRA (MESSEJANA);RUA PERGENTINO MAIA;;0;;Colis?â?úo;Luz do Dia;;;Cruz;Pare;Comercial;0;1;0;1;0;0;0;0;0;1;0;0;-3,830868000000000;-38,492803000000000
334454;28;7;2018;02:18;0;RUA CLOVIS ROLIM;;;0;;Queda;;;;Meio de Quadra;;;0;1;0;0;0;0;0;0;0;1;0;0;;
334460;28;7;2018;05:09;0;AV JOVITA FEITOSA;;;673;;Colis?â?úo;Amanhecer;;;Meio de Quadra;;;0;1;0;1;0;0;0;0;0;1;0;0;-3,738516000000000;-38,549933000000000
334458;28;7;2018;05:02;0;AV L CJ CEARA;;;11;;Colis?â?úo;Amanhecer;;;Meio de Quadra;;;0;1;0;0;0;0;0;0;0;0;0;0;-3,770194000000000;-38,606437900000000
334468;28;7;2018;07:30;0;RUA L CJ VILA VELHA;;;1318;;Colis?â?úo;Luz do Dia;;;Meio de Quadra;;;0;1;0;0;0;0;0;0;0;0;0;0;-3,716060000000000;-38,605960000000000
334469;28;7;2018;09:40;0;AV GODOFREDO MACIEL;;;88;;Colis?â?úo;Luz do Dia;;;Meio de Quadra;;;0;1;0;1;0;0;0;0;0;1;0;0;-3,777371600000000;-38,564229500000000
334464;28;7;2018;06:01;0;RUA EDUARDO PERDIGAO;;;0;;Colis?â?úo;Luz do Dia;;;Meio de Quadra;;;0;1;0;0;0;0;0;0;0;0;0;0;;
334462;28;7;2018;05:12;0;RUA BEM AVENTURANCA;;;165;;Queda;Amanhecer;;;Meio de Quadra;;;0;1;0;0;0;0;0;0;0;1;0;0;-3,704711108000000;-38,565710733000000
334466;28;7;2018;06:49;0;AV MAE LISBOA;;;3005;;Queda;Luz do Dia;;;Meio de Quadra;;;0;1;0;0;0;0;0;0;0;1;0;0;-3,805817000000000;-38,451863000000000
334508;28;7;2018;12:24;1878;RUA CEL JOSE DE MOURA;RUA CAP PORFIRIO;;0;;Colis?â?úo;Luz do Dia;;;;;;0;1;0;0;0;0;0;0;0;1;0;0;-3,853960000000000;-38,501199000000000
334497;28;7;2018;10:30;0;RUA DES FELIX CANDIDO;;;1317;;Colis?â?úo;Luz do Dia;;;Meio de Quadra;;;0;1;0;1;0;0;0;0;0;1;0;0;-3,776825385000000;-38,581576231000000
334498;28;7;2018;11:22;0;AV DOS EXPEDICIONARIOS;;;7212;;Colis?â?úo;Luz do Dia;;;Meio de Quadra;;;0;1;0;1;0;0;0;0;0;1;0;0;;
334502;28;7;2018;11:58;3054;RUA ANDRE REBOUCAS;TR APODIM;;0;;Colis?â?úo;Luz do Dia;;;;;;0;1;0;1;0;0;0;0;0;1;0;0;-3,775493000000000;-38,590658000000000
334503;28;7;2018;12:08;5294;RUA RODRIGUES JUNIOR;AV SANTOS DUMONT;;0;;Colis?â?úo;Luz do Dia;;;Cruz;Pare;Residencial;0;1;0;1;0;0;0;0;0;1;0;0;-3,729144000000000;-38,520153000000000
334563;28;7;2018;17:15;0;AV GAL OSORIO DE PAIVA;;;0;;Colis?â?úo;Anoitecer;;;Meio de Quadra;;;0;1;0;0;0;0;0;0;0;0;0;0;;
334621;28;7;2018;20:56;0;RUA CON DE CASTRO;;;4246;;Atropelamento;;;;Meio de Quadra;;;0;1;1;0;0;0;0;0;0;1;0;0;-3,803060000000000;-38,590213000000000
334604;28;7;2018;19:11;0;RUA JACINTO MATOS;;;0;;Colis?â?úo;;;;Meio de Quadra;;;0;2;0;0;0;0;0;0;0;0;0;0;;
334598;28;7;2018;19:03;0;RUA CEARA;;;75;;Atropelamento;;;;Meio de Quadra;;;0;1;0;1;0;0;0;0;0;0;0;0;-3,763339400000000;-38,558701700000000
334595;28;7;2018;18:24;0;AV D CJ CEARA;;;1417;;Colis?â?úo;Anoitecer;;;Meio de Quadra;;;0;1;0;1;0;0;0;0;0;1;0;0;-3,764398000000000;-38,602039000000000
334623;28;7;2018;21:19;3975;RUA PRO COSTA MENDES;RUA ALBERTO MAGNO;;0;;Colis?â?úo;;;;Cruz;Sem?â?íforo;Comercial;0;1;0;0;0;0;0;0;0;1;0;0;-3,757528000000000;-38,543548000000000
334624;28;7;2018;21:23;0;RUA CHILE;;;695;;Atropelamento;;;;Meio de Quadra;;;0;1;1;0;0;1;0;0;0;0;0;0;-3,748307450000000;-38,567575750000000
334618;28;7;2018;20:05;15298;RUA BARBOSA DE FREITAS;RUA ANA BILHAR;;0;;Colis?â?úo;;;;Cruz;Pare;Residencial;0;2;0;1;0;0;0;0;0;1;0;0;-3,729646000000000;-38,495143000000000
334619;28;7;2018;20:31;0;RUA CEL JOAQUIM FRANKLIN;;;0;;Choque c/ Obst?â?ículo Fixo;;;;Meio de Quadra;;;0;1;0;0;0;0;0;0;0;1;0;0;;
334615;28;7;2018;19:12;0;RUA CAMPINENSE;;;71;;Atropelamento;;;;Meio de Quadra;;;0;1;1;0;0;0;0;0;0;1;0;0;-3,847415337000000;-38,522709617000000
334584;28;7;2018;17:40;0;RUA ALUISIO AZEVEDO;;;370;;Colis?â?úo;Anoitecer;;;Meio de Quadra;;;0;1;0;0;0;0;0;0;0;1;0;0;-3,771720000000000;-38,576318400000000
334585;28;7;2018;18:06;0;RUA CON DE CASTRO;;;544;;Colis?â?úo;Anoitecer;;;Meio de Quadra;;;0;1;0;1;0;0;0;0;0;1;0;0;-3,778551612000000;-38,567539513000000
334586;28;7;2018;18:09;25165;AV ROGACIANO LEITE;RUA HENRIQUE DE CASTRO;;0;;Colis?â?úo;Anoitecer;;;Cruz;Sem?â?íforo;Comercial;0;1;0;1;0;1;0;0;0;0;0;0;-3,776997000000000;-38,500639000000000
334541;28;7;2018;15:33;0;RUA 10 PLANALTO ITAPERI;;;272;;Queda;Luz do Dia;;;Meio de Quadra;;;0;1;0;0;0;0;0;0;0;1;0;0;;
334523;28;7;2018;12:31;15247;RUA DEP MOREIRA DA ROCHA;RUA NUNES VALENTE;;0;;Colis?â?úo;Luz do Dia;;;Cruz;Pare;Comercial;0;1;0;1;0;0;0;0;0;1;0;0;-3,727994000000000;-38,501120000000000
334550;28;7;2018;16:51;0;AV ZEZE DIOGO;;;0;;Colis?â?úo;Luz do Dia;;;Meio de Quadra;;;0;1;0;1;0;0;0;0;0;1;0;0;;
334538;28;7;2018;14:58;0;AV ABOLICAO;;;4573;;Atropelamento;Luz do Dia;;;Meio de Quadra;;;0;1;0;0;0;0;0;0;0;0;0;0;-3,723183500000000;-38,480759600000000
334533;28;7;2018;13:00;0;RUA BARRA NOVA;;;884;;Atropelamento;Luz do Dia;;;Meio de Quadra;;;0;1;0;0;0;1;0;0;0;0;0;0;-3,783554706000000;-38,505367941000000
334534;28;7;2018;14:37;0;RUA RAIMUNDO ARISTIDES;;;1881;;Atropelamento;Luz do Dia;;;Meio de Quadra;;;0;1;1;0;0;0;0;0;0;1;0;0;-3,818260000000000;-38,591580000000000
334528;28;7;2018;12:34;9168;AV LUCIANO CARNEIRO;AV BORGES DE MELO;;0;;Colis?â?úo;Luz do Dia;;;Cruz;Sem?â?íforo;Comercial;0;1;0;1;0;0;0;0;0;1;0;0;-3,756465000000000;-38,534097000000000
333462;28;7;2018;09:55;0;RD CE-025;;;2678;KM-03;Colis?â?úo;Via Iluminada;;Seca;Meio de Quadra;;;0;1;1;1;0;0;0;0;1;0;0;0;-3,805889179000000;-38,452246560000000
332381;28;7;2018;08:20;11768;AV PRS CASTELO BRANCO;AV FILOMENO GOMES;;0;;Colis?â?úo Traseira;Luz do Dia;Bom;Seca;T;Sem?â?íforo;Comercial;0;2;1;1;0;0;0;0;0;1;0;0;-3,715542000000000;-38,541982000000000
332382;28;7;2018;03:30;0;AV JOSE JATAHY;;;1190;;Choque c/ Obst?â?ículo Fixo;Luz do Dia;Bom;Seca;Meio de Quadra;N?â?úo H?â?í Controle;Residencial;0;1;0;1;0;0;0;0;0;0;0;0;-3,731915200000000;-38,544834000000000
332383;28;7;2018;13:49;0;AV GAL OSORIO DE PAIVA;;;1448;;N?â?úo Informado;Luz do Dia;Bom;Seca;Meio de Quadra;N?â?úo H?â?í Controle;Comercial;0;1;1;1;0;0;0;0;0;1;0;0;-3,780460000000000;-38,574390000000000
332384;28;7;2018;17:00;6810;RUA BENTO ALBUQUERQUE;RUA JOSE BORBA VASCONCELOS;;0;;Colis?â?úo Transversal;Luz do Dia;Bom;Seca;Cruz;Pare;Residencial;0;1;2;1;0;0;0;0;0;1;0;0;-3,747266000000000;-38,472258000000000
329693;28;7;2018;19:00;0;RUA CON DE CASTRO;;;5461;;Atropelamento;;;;Meio de Quadra;;;1;1;0;0;0;0;0;0;0;1;0;0;-3,810760000000000;-38,596719000000000
327026;29;7;2018;21:45;26091;AV JOVITA FEITOSA;AV JOSE JATAHY;;0;;Colis?â?úo Traseira;;;;Cruz;Sem?â?íforo;Residencial;0;0;2;1;0;0;0;0;0;1;0;0;-3,737273000000000;-38,543936000000000
327024;29;7;2018;23:00;0;RUA PDE PEDRO DE ALENCAR;;;1778;;Colis?â?úo Traseira;;;;Meio de Quadra;;;0;0;2;1;0;0;0;0;0;0;0;0;-3,843805000000000;-38,494382000000000
332385;29;7;2018;10:31;0;RUA CARLOS GONDIM;;;377;;Choque c/ Obst?â?ículo Fixo;Luz do Dia;Bom;Seca;Meio de Quadra;N?â?úo H?â?í Controle;Residencial;0;1;0;1;0;0;0;0;0;0;0;0;-3,720397500000000;-38,592175000000000
332386;29;7;2018;14:10;0;AV SANTOS DUMONT;;;8228;;Colis?â?úo Traseira;Luz do Dia;Bom;Seca;Meio de Quadra;N?â?úo H?â?í Controle;Residencial;0;2;0;1;0;0;0;0;0;0;0;0;-3,747644400000000;-38,451443000000000
332387;29;7;2018;18:35;0;AV OLIVEIRA PAIVA;;;922;;Engavetamento;Via Iluminada;Bom;Seca;Meio de Quadra;N?â?úo H?â?í Controle;Comercial;0;0;3;1;0;0;0;0;0;0;0;0;-3,796296600000000;-38,497840000000000
332388;29;7;2018;19:33;0;AV D CJ CEARA;RUA LUIZ MARIANO;;1061;;Colis?â?úo;Luz do Dia;Bom;Seca;Meio de Quadra;Sem?â?íforo;Comercial;0;1;1;0;1;0;0;0;0;1;0;0;-3,761346600000000;-38,603035000000000
332389;29;7;2018;16:00;0;AV ALBERTO CRAVEIRO;;;1081;;Choque c/ Obst?â?ículo Fixo;Luz do Dia;Bom;Seca;Meio de Quadra;N?â?úo H?â?í Controle;Comercial;0;1;0;1;0;0;0;0;0;0;0;0;-3,789113800000000;-38,516900000000000
332390;29;7;2018;20:18;0;AV AGUANAMBI;;;779;;Colis?â?úo;Via Iluminada;Bom;Seca;Meio de Quadra;N?â?úo H?â?í Controle;Comercial;0;1;0;1;0;0;0;0;0;1;0;0;-3,743726500000000;-38,525517000000000
332391;29;7;2018;09:40;6798;RUA VILEBALDO AGUIAR;RUA JULIO AZEVEDO;;0;;Colis?â?úo Transversal;Luz do Dia;Bom;Seca;Cruz;Pare;Comercial;0;4;1;1;0;0;0;0;0;0;0;0;-3,742440000000000;-38,481957000000000
334625;29;7;2018;00:08;0;RUA VINICIUS DE MORAES;;;113;;Queda;;;;Meio de Quadra;;;0;1;0;0;0;0;0;0;0;1;0;0;-3,731699576000000;-38,556018508000000
334626;29;7;2018;00:09;0;RUA UIRAPURU;;;113;;Queda;;;;Meio de Quadra;;;0;1;0;0;0;0;0;0;0;1;0;0;-3,797937929000000;-38,566481929000000
334627;29;7;2018;00:45;0;RUA CARLOS AMORA;;;24;;Colis?â?úo;;;;Meio de Quadra;;;0;1;0;1;0;0;0;0;0;0;0;0;-3,774316500000000;-38,564342000000000
334629;29;7;2018;01:54;0;RUA DOIS;;;165;;Atropelamento;;;;Meio de Quadra;;;0;1;0;1;0;0;0;0;0;0;0;0;-3,826180000000000;-38,513920000000000
334630;29;7;2018;02:43;0;AV DA INDEPENDENCIA;;;2377;;Queda;;;;Meio de Quadra;;;0;1;0;0;0;0;0;0;0;1;0;0;-3,723926039000000;-38,601108064000000
334634;29;7;2018;08:18;0;AV CEL CARVALHO;;;2472;;Colis?â?úo;Luz do Dia;;;Meio de Quadra;;;0;1;0;1;0;0;0;0;0;1;0;0;-3,724400694000000;-38,586090440000000
334635;29;7;2018;09:56;84;AV MR HULL;RUA PDE PERDIGAO SAMPAIO;;0;;Colis?â?úo Transversal;Luz do Dia;;;Cruz;Sem?â?íforo;Residencial;0;1;1;0;0;0;0;0;0;1;0;0;-3,740113000000000;-38,594635000000000
334636;29;7;2018;10:54;0;RUA MARIA TOMASIA;;;1429;;Queda;Luz do Dia;;;Meio de Quadra;;;0;1;0;0;0;1;0;0;0;0;0;0;-3,737570500000000;-38,490332100000000
334637;29;7;2018;11:00;0;AV MR HULL;;;1530;;Colis?â?úo Lateral;Luz do Dia;;;Meio de Quadra;;;0;1;1;0;1;1;0;0;0;0;0;0;;
334638;29;7;2018;12:35;12608;RUA GAL TOME CORDEIRO;RUA AMOR PERFEITO;;0;;Colis?â?úo;Luz do Dia;;;Cruz;Pare;Comercial;0;1;0;0;0;0;0;0;0;1;0;0;-3,716549000000000;-38,582460000000000
334656;29;7;2018;14:57;0;AV SORIANO ALBUQUERQUE;;;63;;Capotamento;Luz do Dia;;;Meio de Quadra;;;0;1;0;1;0;0;0;0;0;0;0;0;-3,747569000000000;-38,521079000000000
334662;29;7;2018;17:01;0;AV JOR THOMAZ COELHO;;;2350;;Colis?â?úo;Anoitecer;;;Meio de Quadra;;;0;1;1;0;0;1;1;0;0;0;0;0;-3,828023648000000;-38,515856735000000
334663;29;7;2018;17:46;0;RUA JOSE MENDONCA;;;61;;Colis?â?úo;Anoitecer;;;Meio de Quadra;;;0;1;0;0;0;0;1;0;0;1;0;0;-3,761351000000000;-38,602979000000000
334664;29;7;2018;17:54;0;RUA DR JOSE ROBERTO SALES;;;105;;Queda;Anoitecer;;;Meio de Quadra;;;0;2;0;0;0;0;0;0;0;1;0;0;;
334632;29;7;2018;03:31;0;AV GAL OSORIO DE PAIVA;;;0;;Colis?â?úo;;;;Meio de Quadra;;;0;1;0;1;0;0;0;0;0;1;0;0;;