COD_ACIDENTE;DIA;MES;ANO;HORA;INTERSECAO;LOG1;LOG2;LOG3;NUMERO;REFERENCIA;NATUREZA;ILUMINACAO;TEMPO;SUPERFICIEPISTA;TIPOCRUZAMENTO;CONTROLETRAFEGO;USOSOLO;MORTOS;FERIDOS;ILESOS;AUTOMOVEL;ONIBUS;BICICLETA;CAMINHAO;MICROONIBUS;CICLOMOTOR;MOTOCICLETA;TRACAOANIMAL;TREM;LATITUDE;LONGITUDE
334658;29;7;2018;15:12;0;RUA DR JOAQUIM BENTO;;;647;;Queda;Luz do Dia;;;Meio de Quadra;;;0;1;0;0;0;0;0;0;0;1;0;0;-3,828285000000000;-38,486080000000000
334686;29;7;2018;20:11;0;AV SGT HERMINIO SAMPAIO;;;1415;;Colis?â?úo;;;;Meio de Quadra;;;0;1;0;1;0;0;0;0;0;1;0;0;-3,724983000000000;-38,552915000000000
334683;29;7;2018;20:06;0;RUA 8 DE SETEMBRO;;;1330;;Atropelamento;;;;Meio de Quadra;;;0;1;0;0;0;0;0;0;0;1;0;0;-3,734026400000000;-38,487208000000000
334696;29;7;2018;21:12;0;AV ENG SERRAINE;;;222;;Colis?â?úo;;;;Meio de Quadra;;;0;1;1;0;0;0;1;0;0;1;0;0;-3,735890000000000;-38,585500000000000
334671;29;7;2018;18:59;2754;RUA RAIMUNDO PINHEIRO;RUA OSCAR ARARIPE;;0;;Colis?â?úo;;;;Cruz;Pare;Residencial;0;1;0;0;0;0;0;0;0;0;0;0;-3,791645000000000;-38,597876000000000
334666;29;7;2018;17:56;0;RUA BULGARIA;;;828;;Queda;Anoitecer;;;Meio de Quadra;;;0;2;0;0;0;0;0;0;0;1;0;0;-3,798687680000000;-38,579537980000000
334668;29;7;2018;17:56;0;AV LINEU MACHADO;;;1081;;Colis?â?úo;Anoitecer;;;Meio de Quadra;;;0;1;0;1;0;0;0;0;0;1;0;0;-3,769110000000000;-38,578450000000000
334678;29;7;2018;19:40;9287;AV BORGES DE MELO;AV DOS EXPEDICIONARIOS;;0;;Atropelamento;;;;Cruz;N?â?úo H?â?í Controle;Comercial;0;1;0;0;0;0;0;0;0;1;0;0;-3,753391000000000;-38,537674000000000
334680;29;7;2018;19:46;0;RD BR 116;;;10000;KM-10;Queda;;;;Meio de Quadra;;;0;1;0;0;0;0;0;0;0;1;0;0;-3,834435000000000;-38,503373000000000
334674;29;7;2018;19:01;0;AV B CJ CEARA;;;203;;Queda;;;;Meio de Quadra;;;0;1;0;0;0;0;0;0;0;1;0;0;-3,764542000000000;-38,604631600000000
334676;29;7;2018;19:06;5466;AV VIS RIO BRANCO;RUA METON DE ALENCAR;;0;;Queda;;;;Cruz;Sem?â?íforo;Comercial;0;2;0;0;0;0;0;0;0;1;0;0;-3,735770000000000;-38,524153000000000
334703;29;7;2018;21:28;0;RUA NELSON COELHO;;;39;;Atropelamento;;;;Meio de Quadra;;;0;1;0;1;0;0;0;0;0;0;0;0;-3,831740000000000;-38,461980000000000
334707;29;7;2018;21:30;0;AV JULIO VENTURA;;;0;;Colis?â?úo;;;;Meio de Quadra;;;0;1;0;0;0;0;0;0;0;0;0;0;;
334708;29;7;2018;22:05;0;RUA NELSON COELHO;;;0;;Queda;;;;Meio de Quadra;;;0;1;0;0;0;0;0;0;0;1;0;0;;
334710;30;7;2018;00:02;0;AV MR HULL;;;5436;;Colis?â?úo Traseira;;;;Meio de Quadra;;;0;2;1;1;0;0;0;0;0;0;0;0;-3,739936500000000;-38,593437500000000
334711;30;7;2018;02:36;0;RUA CANGURU;;;62;;Queda;;;;Meio de Quadra;;;0;1;0;0;0;0;0;0;0;1;0;0;-3,845650000000000;-38,524560000000000
334712;30;7;2018;04:16;0;AV GOV RAUL BARBOSA;;;0;;Queda;;;;Meio de Quadra;;;0;1;0;0;0;0;0;0;0;1;0;0;;
334713;30;7;2018;06:46;0;AV LUCIANO CARNEIRO;;;2560;;Queda;Luz do Dia;;;Meio de Quadra;;;0;1;0;0;0;0;0;0;0;1;0;0;-3,770842000000000;-38,538495000000000
334714;30;7;2018;06:54;0;RUA MES ROSA;;;0;;Colis?â?úo;Luz do Dia;;;Meio de Quadra;;;0;1;0;1;0;0;0;0;0;1;0;0;;
334715;30;7;2018;07:05;0;RUA MARIO MAMEDE;;;819;;Colis?â?úo;Luz do Dia;;;Meio de Quadra;;;0;1;0;1;0;0;0;0;0;1;0;0;-3,752490334000000;-38,527673667000000
334725;30;7;2018;07:40;0;AV CEL CARVALHO;;;237;;Colis?â?úo;Luz do Dia;;;Meio de Quadra;;;0;1;0;0;0;0;0;0;0;1;0;0;-3,705145000000000;-38,591118000000000
334726;30;7;2018;08:07;5394;AV TRISTAO GONCALVES;RUA METON DE ALENCAR;;0;;Queda;Luz do Dia;;;Cruz;Sem?â?íforo;Comercial;0;1;0;0;0;0;0;0;0;1;0;0;-3,732327000000000;-38,534777000000000
334727;30;7;2018;08:19;0;RD BR 116;;;4000;KM-04;Colis?â?úo Traseira;Luz do Dia;;;Meio de Quadra;;;0;2;2;0;0;0;0;0;0;1;0;0;-3,802354000000000;-38,503869000000000
334717;30;7;2018;07:14;0;AV IMPERADOR;;;1333;;Queda;Luz do Dia;;;Meio de Quadra;;;0;1;0;0;0;0;0;0;0;1;0;0;-3,732905130000000;-38,536138815000000
334741;30;7;2018;08:24;9132;RUA JAIME BENEVOLO;AV 13 DE MAIO;;0;;Colis?â?úo;Luz do Dia;;;Cruz;Sem?â?íforo;Comercial;0;1;0;1;0;0;0;0;0;1;0;0;-3,748122000000000;-38,530741000000000
334742;30;7;2018;08:53;0;RUA MARIO MAMEDE;;;778;;Queda;Luz do Dia;;;Meio de Quadra;;;0;1;0;0;0;0;0;0;0;1;0;0;-3,752752000000000;-38,527367000000000
334750;30;7;2018;08:56;1716;AV GOV RAUL BARBOSA;AV GAL MURILO BORGES;;0;;Queda;Luz do Dia;;;Rotat?â??ria;D?â?¬ Prefer?â?¬ncia;Residencial;0;1;0;0;0;0;0;0;0;1;0;0;-3,763977000000000;-38,508802000000000
334720;30;7;2018;07:38;0;AV TRISTAO GONCALVES;;;1459;;Queda;Luz do Dia;;;Meio de Quadra;;;0;1;0;0;0;0;0;0;0;1;0;0;-3,734636000000000;-38,535461000000000
334755;30;7;2018;09:53;0;RUA CEL VIRGILIO NOGUEIRA (BOM JARDIM);;;1002;;Colis?â?úo;Luz do Dia;;;Meio de Quadra;;;0;1;0;1;0;0;0;0;0;1;0;0;-3,791142500000000;-38,609701700000000
334756;30;7;2018;10:10;0;RD BR 116;;;12000;KM-12;Queda;Luz do Dia;;;Meio de Quadra;;;0;1;0;0;0;0;0;0;0;1;0;0;-3,855740000000000;-38,496066000000000
334753;30;7;2018;09:20;0;AV PRS ARTUR BERNARDES;;;3410;;Queda;Luz do Dia;;;Meio de Quadra;;;0;1;0;0;0;0;0;0;0;1;0;0;-3,801219101000000;-38,470859674000000
333465;30;7;2018;19:00;0;AV MIN JOSE AMERICO;;;0;;Colis?â?úo;Via Iluminada;;Seca;Meio de Quadra;;;0;0;2;1;0;0;0;0;0;0;0;0;;
332392;30;7;2018;08:20;17378;RUA ALBERTO MAGNO;RUA ROMEU MARTINS;;0;;Colis?â?úo Transversal;Luz do Dia;Chuva;Molhada;Cruz;Pare;Comercial;0;1;1;1;1;0;0;0;0;0;0;0;-3,766914000000000;-38,551758000000000
332393;30;7;2018;08:21;0;AV DOMINGOS OLIMPIO;;;1021;COL. LOUREN?âÔÇíO FILHO;Engavetamento;Luz do Dia;Chuva;Molhada;Meio de Quadra;Sem?â?íforo;Comercial;0;0;3;1;0;0;0;0;0;1;0;0;-3,736132000000000;-38,532810000000000
332394;30;7;2018;06:51;0;RUA ANTONIO BARBOSA;;;1087;;Queda;Luz do Dia;Nublado;Seca;Meio de Quadra;N?â?úo H?â?í Controle;Residencial;0;1;1;1;0;0;0;0;0;1;0;0;-3,829922400000000;-38,564182000000000
332395;30;7;2018;10:15;24331;AV LUCIANO CARNEIRO;RUA ARMANDO MONTEIRO;;0;;Engavetamento;Luz do Dia;Nublado;Molhada;Cruz;N?â?úo H?â?í Controle;Comercial;0;1;2;1;0;0;0;0;0;1;0;0;-3,763454000000000;-38,536219000000000
332396;30;7;2018;13:45;17336;RUA CEL ALEXANDRINO;RUA EUZEBIO DE QUEIROS;;0;;Colis?â?úo Transversal;Luz do Dia;Bom;Seca;Cruz;Pare;Comercial;0;1;1;1;0;0;0;0;0;1;0;0;-3,765196000000000;-38,552586000000000
332397;30;7;2018;13:22;0;AV BEZERRA DE MENEZES;;;2450;;Choque c/ Obst?â?ículo Fixo;Luz do Dia;Bom;Seca;Meio de Quadra;N?â?úo H?â?í Controle;Comercial;0;0;1;0;0;0;0;0;0;0;0;0;-3,735551800000000;-38,565350000000000
332398;30;7;2018;12:30;0;RUA GONCALVES LEDO;;;845;;Colis?â?úo Lateral;Luz do Dia;Bom;Seca;Meio de Quadra;N?â?úo H?â?í Controle;Residencial;0;1;1;1;0;0;0;0;0;0;0;0;-3,731658500000000;-38,516262000000000
332399;30;7;2018;17:00;22124;RUA PRO COSTA MENDES;RUA MAJ PEDRO SAMPAIO;;0;;Colis?â?úo Lateral;Luz do Dia;Bom;Seca;Cruz;Pare;Residencial;0;2;1;1;0;0;0;0;0;1;0;0;-3,747674000000000;-38,554665000000000
332400;30;7;2018;19:00;7832;RUA SILVA PAULET;RUA CEL ALVES TEIXEIRA;;0;;Colis?â?úo Transversal;Via Iluminada;Bom;Seca;Cruz;Pare;Residencial;0;1;1;1;0;0;0;0;0;1;0;0;-3,746554000000000;-38,509350000000000
332402;30;7;2018;21:45;0;AV GOV RAUL BARBOSA;;;7220;;Colis?â?úo Traseira;Via Iluminada;Bom;Seca;Cruz;Sem?â?íforo;Residencial;0;1;1;1;0;0;0;0;0;0;0;0;-3,775640500000000;-38,513065000000000
332403;30;7;2018;21:33;19328;RUA EDUARDO PERDIGAO;RUA CON DE CASTRO;;0;;Colis?â?úo Transversal;Via Iluminada;Bom;Seca;Cruz;Pare;Comercial;0;0;2;1;0;0;0;0;0;0;0;0;-3,775579000000000;-38,564769000000000
327028;30;7;2018;18:38;0;AV AGUANAMBI;;;150;;Colis?â?úo Traseira;;;;Meio de Quadra;;;0;0;2;1;0;0;0;0;0;0;0;0;-3,738113487000000;-38,524408108000000
327031;30;7;2018;10:35;0;RUA DEP OSWALDO STUDART;;;600;RODOVI?â?üRIA;Colis?â?úo;Luz do Dia;;;Meio de Quadra;;;0;1;1;1;0;0;0;0;0;1;0;0;-3,755800000000000;-38,530350000000000
338274;30;7;2018;16:30;0;RD BR 116;;;3100;KM-03;Engavetamento;Luz do Dia;;;Meio de Quadra;;;0;2;2;1;0;0;0;0;0;1;0;0;-3,779838000000000;-38,514372000000000
338327;30;7;2018;10:10;0;RD BR 116;;;12000;KM-12;Colis?â?úo Traseira;Luz do Dia;;;Meio de Quadra;;;0;1;4;0;0;0;0;0;0;1;0;0;-3,855740000000000;-38,496066000000000
329702;30;7;2018;18:35;0;AV GAL OSORIO DE PAIVA;;;3470;;Engavetamento;Via Iluminada;Bom;Seca;Meio de Quadra;Sem?â?íforo;Comercial;2;5;6;1;0;0;1;0;0;1;0;0;-3,791460300000000;-38,589200000000000
334774;30;7;2018;14:54;0;RD BR 116;;;8000;KM-08;Colis?â?úo;Luz do Dia;;;Meio de Quadra;;;0;1;0;1;0;0;0;0;0;1;0;0;-3,822018000000000;-38,503269000000000
334775;30;7;2018;16:37;2486;AV FRANCISCO SA;RUA SEN ROBERT KENNEDY;;0;;Colis?â?úo;Luz do Dia;;;Cruz;Pare;Comercial;0;1;0;1;0;1;0;0;0;0;0;0;-3,709140000000000;-38,581426000000000
334785;30;7;2018;17:18;0;RUA MARIA CLARA;;;1212;;Atropelamento;Anoitecer;;;Meio de Quadra;;;0;1;1;1;0;0;0;0;0;0;0;0;-3,724632685000000;-38,590901537000000
334800;30;7;2018;18:47;0;RUA JOSE MENELEU D41;;;580;;Colis?â?úo;;;;Meio de Quadra;;;0;2;0;1;0;0;0;0;0;1;0;0;-3,784741000000000;-38,561092000000000
334757;30;7;2018;10:51;0;RUA 7 DE SETEMBRO;;;40;;Atropelamento;Luz do Dia;;;Meio de Quadra;;;1;0;1;1;0;0;0;0;0;0;0;0;-3,773222452000000;-38,562382193000000
334758;30;7;2018;11:33;0;RUA METON DE ALENCAR;;;1807;;Colis?â?úo;Luz do Dia;;;Meio de Quadra;;;0;1;0;0;0;0;0;0;0;0;0;0;-3,730809000000000;-38,539703700000000
334759;30;7;2018;13:50;17616;RUA CEARA;RUA MATO GROSSO;;0;;Colis?â?úo;Luz do Dia;;;T;Pare;Residencial;0;1;0;1;0;0;0;0;0;1;0;0;-3,759183000000000;-38,565376000000000
334760;30;7;2018;14:02;0;RUA VALPARAISO;;;1318;;Colis?â?úo;Luz do Dia;;;Meio de Quadra;;;0;1;0;1;0;0;0;0;0;1;0;0;-3,840601352000000;-38,530179431000000
334818;30;7;2018;18:57;7832;RUA SILVA PAULET;RUA CEL ALVES TEIXEIRA;;0;;Colis?â?úo;;;;Cruz;Pare;Residencial;0;1;0;1;0;0;0;0;0;1;0;0;-3,746554000000000;-38,509350000000000
334820;30;7;2018;20:26;0;RUA RAIMUNDO GOMES;;;350;;Queda;;;;Meio de Quadra;;;0;1;0;0;0;0;0;0;0;1;0;0;-3,713892582000000;-38,591578134000000
334823;30;7;2018;20:38;19667;RUA DOM LINO;AV BEZERRA DE MENEZES;;0;;Colis?â?úo;;;;;;;0;1;0;1;0;0;0;0;0;1;0;0;-3,734232000000000;-38,557568000000000
334824;30;7;2018;20:55;0;RUA JOSE DANTAS VIEIRA;;;447;;Colis?â?úo;;;;Meio de Quadra;;;0;1;0;0;0;0;0;0;0;0;0;0;;
334825;30;7;2018;22:04;0;RUA SAO RAIMUNDO (PIRAMBU);;;600;;Queda;;;;Meio de Quadra;;;0;1;0;0;0;1;0;0;0;0;0;0;-3,708100000000000;-38,556710000000000
334826;31;7;2018;06:53;0;RD CE-040;;;0;;Queda;Luz do Dia;;;Meio de Quadra;;;0;2;0;0;0;0;0;0;0;1;0;0;;
334827;31;7;2018;07:35;0;RUA BERNARDO MANUEL;;;10006;;Colis?â?úo;Luz do Dia;;;Meio de Quadra;;;0;1;0;1;0;0;0;0;0;1;0;0;-3,806636049000000;-38,553797951000000
334828;31;7;2018;07:36;0;RUA POMPILIO GOMES;;;0;;Colis?â?úo;Luz do Dia;;;Meio de Quadra;;;0;1;0;1;0;0;0;0;0;1;0;0;;
334829;31;7;2018;08:05;0;RUA JOSE NOGUEIRA FREIRE;;;180;;Atropelamento;Luz do Dia;;;Meio de Quadra;;;0;1;1;0;0;0;0;0;0;1;0;0;;
334830;31;7;2018;08:15;0;RUA INES DANTAS DE MENEZES;;;56;;Queda;Luz do Dia;;;Meio de Quadra;;;0;1;0;0;0;0;0;0;0;1;0;0;-3,803250000000000;-38,516260000000000
334831;31;7;2018;09:08;23468;RUA CRUZ ABREU;RUA ESV PINHEIRO;;0;;Colis?â?úo;Luz do Dia;;;Cruz;Pare;Residencial;0;1;0;1;0;0;0;0;0;1;0;0;-3,757508000000000;-38,507840000000000
334832;31;7;2018;09:39;0;AV PRS COSTA E SILVA;;;5297;;Queda;Luz do Dia;;;Meio de Quadra;;;0;1;0;0;0;0;0;0;0;1;0;0;-3,827925081000000;-38,532964536000000
334833;31;7;2018;11:20;0;AV BEZERRA DE MENEZES;;;191;;Atropelamento;Luz do Dia;;;Meio de Quadra;;;0;1;1;1;0;0;0;0;0;0;0;0;-3,732008800000000;-38,545821400000000
334834;31;7;2018;11:31;10759;RUA PORTO ALEGRE;RUA ARACAJU;;0;;Colis?â?úo;Luz do Dia;;;Cruz;Pare;Residencial;0;1;0;0;0;0;0;0;0;1;0;0;-3,761398000000000;-38,588435000000000
334835;31;7;2018;12:37;1279;AV DOM LUIS;RUA OSVALDO CRUZ (ALDEOTA);;0;;Colis?â?úo;Luz do Dia;;;Cruz;Sem?â?íforo;Comercial;0;1;0;0;0;0;0;0;0;0;0;0;-3,732616000000000;-38,499353000000000
334836;31;7;2018;13:41;3054;RUA ANDRE REBOUCAS;TR APODIM;;0;;Atropelamento;Luz do Dia;;;;;;0;1;0;0;0;0;0;0;0;1;0;0;-3,775493000000000;-38,590658000000000
334837;31;7;2018;13:50;0;RUA JOSE PARENTE D71;;;0;;Colis?â?úo;Luz do Dia;;;Meio de Quadra;;;0;1;0;0;0;0;0;0;0;0;0;0;;
334838;31;7;2018;13:50;0;RUA SAO PAULO;;;1326;;Colis?â?úo;Luz do Dia;;;Meio de Quadra;;;0;1;0;1;0;1;0;0;0;0;0;0;-3,722828000000000;-38,537273000000000
334839;31;7;2018;14:07;0;RUA FRANCISCO MATIAS;;;130;;Colis?â?úo;Luz do Dia;;;Meio de Quadra;;;0;1;0;0;0;0;0;0;0;0;0;0;-3,801781200000000;-38,451835200000000
334840;31;7;2018;15:20;12836;AV DOMINGOS OLIMPIO;RUA BAR ARATANHA;;0;;Colis?â?úo;Luz do Dia;;;Cruz;Sem?â?íforo;Comercial;0;1;0;1;0;0;0;0;0;1;0;0;-3,737562000000000;-38,527953000000000
334841;31;7;2018;16:26;0;AV CARNEIRO DE MENDONCA;;;1188;;Atropelamento;Luz do Dia;;;Meio de Quadra;;;0;1;0;0;0;0;0;0;0;1;0;0;-3,762602308000000;-38,569574308000000
334842;31;7;2018;16:46;0;RUA BERNARDO MANUEL;;;9211;;Colis?â?úo;Luz do Dia;;;Meio de Quadra;;;0;1;0;1;0;0;0;0;0;1;0;0;-3,800347967000000;-38,551916623000000
334843;31;7;2018;17:23;0;AV D CJ CEARA;;;1274;;Colis?â?úo;Anoitecer;;;Meio de Quadra;;;0;1;0;0;0;0;0;0;0;1;0;0;-3,763327667000000;-38,602441333000000
334857;31;7;2018;18:35;26023;RUA JOAQUIM FROTA;RUA DR JURANDYR NUNES;;0;;Colis?â?úo;;;;;;;0;1;0;1;0;0;0;0;0;1;0;0;-3,801401000000000;-38,472648000000000
334858;31;7;2018;18:37;0;AV DIOGUINHO;;;4400;;Colis?â?úo;;;;Meio de Quadra;;;0;1;0;1;0;0;0;0;0;1;0;0;-3,753512500000000;-38,447104500000000
334854;31;7;2018;18:30;0;AV EDILSON B SOARES;;;0;;Colis?â?úo;Anoitecer;;;Meio de Quadra;;;0;1;0;0;0;0;0;0;0;1;0;0;;
334862;31;7;2018;18:57;0;AV ISABEL BEZERRA;;;480;;Colis?â?úo;;;;Meio de Quadra;;;0;1;0;1;0;0;0;0;0;1;0;0;-3,804862800000000;-38,629519200000000
334865;31;7;2018;19:04;0;AV OLAVO BILAC;;;1500;;Colis?â?úo;;;;Meio de Quadra;;;0;1;0;0;0;0;0;0;0;1;0;0;-3,733231000000000;-38,564490000000000
334867;31;7;2018;19:05;0;RUA PDE ANCHIETA;;;438;;Colis?â?úo;;;;Meio de Quadra;;;0;1;1;1;0;1;0;0;0;0;0;0;-3,723769000000000;-38,550771000000000
334869;31;7;2018;19:16;0;AV SEN FERNANDES TAVORA;;;3250;;Atropelamento;;;;Meio de Quadra;;;0;1;0;0;0;0;0;0;0;0;0;0;-3,754628000000000;-38,600984000000000
334871;31;7;2018;19:31;0;AV N CJ JOSE WALTER;;;543;;Colis?â?úo;;;;Meio de Quadra;;;0;1;0;0;0;0;0;0;0;0;0;0;;
334873;31;7;2018;19:45;0;AV GENIBAU;;;306;;Colis?â?úo;;;;Meio de Quadra;;;0;1;0;1;0;0;0;0;0;1;0;0;-3,761093000000000;-38,598292000000000
334875;31;7;2018;19:50;0;RUA COS ARAUJO LIMA;;;0;;Colis?â?úo;;;;Meio de Quadra;;;0;1;0;0;0;0;0;0;0;0;0;0;;
334878;31;7;2018;20:30;0;AV CEL CARVALHO;;;2641;;Queda;;;;Meio de Quadra;;;0;2;0;0;0;0;0;0;0;1;0;0;-3,725848879000000;-38,585694000000000
334882;31;7;2018;21:26;0;AV FRANCISCO SA;;;3568;;Colis?â?úo;;;;Meio de Quadra;;;0;2;0;1;0;0;0;0;0;1;0;0;-3,717398400000000;-38,556915900000000
327032;31;7;2018;18:30;0;AV DIOGUINHO;;;4400;;Colis?â?úo;Anoitecer;;;Meio de Quadra;;;1;0;1;1;0;0;0;0;0;1;0;0;-3,753512500000000;-38,447104500000000
332404;31;7;2018;08:00;1333;RUA MARIA TOMASIA;RUA BARBOSA DE FREITAS;;0;;Colis?â?úo Transversal;Luz do Dia;Bom;Seca;Cruz;Pare;Residencial;0;1;2;1;0;0;0;0;0;0;0;0;-3,735546000000000;-38,497042000000000
332405;31;7;2018;06:30;23453;RUA PAULO FIRMEZA;RUA CAP MELO;;0;;Colis?â?úo Transversal;Luz do Dia;Bom;Seca;Cruz;Pare;Residencial;0;1;1;1;0;0;0;0;0;1;0;0;-3,757131000000000;-38,512966000000000
332406;31;7;2018;08:30;11796;RUA JACINTO MATOS;AV TEN LISBOA;;0;;Colis?â?úo Transversal;Luz do Dia;Bom;Seca;Com Via F?â?®rrea;Cancela;Residencial;0;1;0;1;0;0;0;0;0;0;0;0;-3,718191600000000;-38,546623000000000
332407;31;7;2018;13:15;0;RUA VICENTE SPINDOLA;;;835;;Colis?â?úo Lateral;Luz do Dia;Bom;Seca;Meio de Quadra;N?â?úo H?â?í Controle;Residencial;0;0;2;1;0;0;0;0;0;0;0;0;-3,767178800000000;-38,544094000000000
332408;31;7;2018;14:55;1424;AV HERACLITO GRACA;RUA CARLOS VASCONCELOS;;0;;Colis?â?úo Transversal;Luz do Dia;Bom;Seca;Cruz;Sem?â?íforo;Comercial;0;0;1;1;0;0;0;0;0;1;0;0;-3,737590000000000;-38,512285000000000
332409;31;7;2018;17:48;0;RUA DR WANDA SIDOU;;;1880;;Colis?â?úo Transversal;Luz do Dia;Bom;Seca;Meio de Quadra;N?â?úo H?â?í Controle;Comercial;0;0;2;1;0;0;0;0;0;0;0;0;-3,811054500000000;-38,507230000000000
332410;31;7;2018;17:00;20042;AV ALBERTO CRAVEIRO;AV DR SILAS MUNGUBA;;0;;Colis?â?úo Traseira;Via Iluminada;Bom;Seca;Rotat?â??ria;D?â?¬ Prefer?â?¬ncia;Residencial;0;0;2;1;0;0;0;0;0;0;0;0;-3,807229000000000;-38,524782000000000
332411;31;7;2018;19:30;24286;RUA PEREIRA VALENTE;RUA CASTRO MONTE;;0;;Colis?â?úo Transversal;Via Iluminada;Bom;Seca;Cruz;Pare;Residencial;0;0;2;1;0;0;0;0;0;0;0;0;-3,734725000000000;-38,485966000000000
332412;31;7;2018;20:00;15208;RUA SILVA PAULET;RUA TOMAS POMPEU;;0;;Colis?â?úo Transversal;Via Iluminada;Bom;Seca;Cruz;Pare;Residencial;0;0;2;1;0;0;0;0;0;0;0;0;-3,726755000000000;-38,502944000000000
332811;31;7;2018;03:04;19201;RUA LAURO NOGUEIRA;RUA FRANCISCO MATOS;;1790;;Choque c/ Obst?â?ículo Fixo;Via Iluminada;Bom;Seca;Cruz;Sem?â?íforo;Comercial;0;0;1;1;0;0;0;0;0;0;0;0;-3,743121000000000;-38,468956000000000
332413;1;8;2018;07:00;0;AV DOMINGOS OLIMPIO;;;3031;;Queda;Luz do Dia;Chuva;Molhada;;;;0;1;0;0;0;0;0;0;0;1;0;0;-3,735162500000000;-38,536522000000000
332414;1;8;2018;08:36;0;AV JOVITA FEITOSA;;;2720;;Colis?â?úo Traseira;Luz do Dia;Chuva;Molhada;Meio de Quadra;Sem?â?íforo;Comercial;0;0;2;1;0;0;0;0;0;0;0;0;-3,740895300000000;-38,561440000000000
332415;1;8;2018;08:57;25145;AV BORGES DE MELO;RUA TERTULIANO SALES;;0;;Colis?â?úo Traseira;Luz do Dia;Nublado;Seca;T;Sem?â?íforo;Comercial;0;0;3;1;0;0;0;0;0;0;0;0;-3,759583000000000;-38,530465000000000
332416;1;8;2018;09:10;0;AV PRS CASTELO BRANCO;;;901;;Colis?â?úo Lateral;Luz do Dia;Nublado;Seca;Meio de Quadra;N?â?úo H?â?í Controle;Comercial;0;0;2;1;0;0;0;0;0;0;0;0;-3,718318000000000;-38,536842000000000
332417;1;8;2018;17:53;26177;RUA BERNARDO MANUEL;RUA H CJ MONTENEGRO I;;0;;Colis?â?úo Transversal;Mal Iluminada;Bom;Seca;T;Sem?â?íforo;Residencial;0;0;2;1;0;0;0;0;0;0;0;0;-3,818073000000000;-38,556683000000000
332418;1;8;2018;19:34;11652;RUA PRO HERIBALDO COSTA;TR RIO DE JANEIRO;;0;;Colis?â?úo Lateral;Via Iluminada;Bom;Seca;Cruz;N?â?úo H?â?í Controle;Residencial;0;1;1;0;0;0;0;0;0;1;0;0;-3,769584000000000;-38,588887000000000
332419;1;8;2018;19:58;11255;AV GODOFREDO MACIEL;RUA OVIDIO NOGUEIRA;;0;;Colis?â?úo Traseira;Via Iluminada;Bom;Seca;T;N?â?úo H?â?í Controle;Comercial;0;0;2;1;0;0;0;0;0;0;0;0;-3,802468000000000;-38,571792000000000
332420;1;8;2018;21:07;0;AV JOR JOAO RAMOS;;;1420;;Colis?â?úo Lateral;Via Iluminada;Bom;Seca;Meio de Quadra;N?â?úo H?â?í Controle;Comercial;0;1;1;0;0;0;0;0;0;1;0;0;-3,842886400000000;-38,569336000000000
331853;1;8;2018;09:00;0;RD CE-040;;;0;KM-06;Queda;Luz do Dia;;Seca;Meio de Quadra;;;0;1;0;0;0;0;0;0;0;1;0;0;-3,809596804000000;-38,478733480000000
331857;1;8;2018;17:15;0;AV SEN CARLOS JEREISSATI (AEROPORTO);;;0;KM 04;Colis?â?úo;Anoitecer;;Seca;Meio de Quadra;;;0;1;1;1;0;0;0;0;0;1;0;0;-3,774020000000000;-38,550907000000000
331860;1;8;2018;16:00;0;RD CE-040;;;0;KM-06;Atropelamento;Luz do Dia;;Seca;Meio de Quadra;;;0;2;1;1;0;0;0;0;0;0;0;0;-3,809596804000000;-38,478733480000000
333436;1;8;2018;23:50;0;AV IMPERADOR;;;351;;Atropelamento;;;;Meio de Quadra;;;0;1;0;1;0;0;0;0;0;0;0;0;-3,724290000000000;-38,533480000000000
333463;1;8;2018;22:50;0;RUA RENATO VIANA;;;398;;Outros;;;;Meio de Quadra;;;0;1;1;0;0;0;0;0;0;1;0;0;-3,760603000000000;-38,578010177000000
333464;1;8;2018;23:49;0;RUA OITICICAS;;;505;;Colis?â?úo;;;;Meio de Quadra;;;0;0;2;1;0;0;0;0;0;1;0;0;-3,808732100000000;-38,536820900000000
333424;1;8;2018;15:15;0;RUA FRANCISCO JOSE A PEREIRA;;;1055;;Colis?â?úo;Luz do Dia;;;Meio de Quadra;;;0;0;1;1;0;0;0;0;0;0;0;0;-3,722380000000000;-38,475240000000000
327470;1;8;2018;10:00;3387;AV ENG HUMBERTO MONTE;RUA MON FURTADO;;0;;Colis?â?úo;Luz do Dia;Bom;Seca;Cruz;Pare;Residencial;0;0;2;1;0;0;0;0;0;0;0;0;-3,754242000000000;-38,556153000000000
327471;1;8;2018;16:17;23041;AV DR SILAS MUNGUBA;RUA BRUNO VALENTE;;0;;Colis?â?úo Lateral;Luz do Dia;Bom;Seca;Cruz;Pare;Comercial;0;0;2;1;0;0;0;0;0;1;0;0;-3,790483000000000;-38,540009000000000