COD_ACIDENTE;DIA;MES;ANO;HORA;INTERSECAO;LOG1;LOG2;LOG3;NUMERO;REFERENCIA;NATUREZA;ILUMINACAO;TEMPO;SUPERFICIEPISTA;TIPOCRUZAMENTO;CONTROLETRAFEGO;USOSOLO;MORTOS;FERIDOS;ILESOS;AUTOMOVEL;ONIBUS;BICICLETA;CAMINHAO;MICROONIBUS;CICLOMOTOR;MOTOCICLETA;TRACAOANIMAL;TREM;LATITUDE;LONGITUDE
339065;1;8;2018;06:00;21379;AV JOVITA FEITOSA;RUA PRO RAIMUNDO ARRUDA;;0;;Colis?â?úo;Luz do Dia;;;Cruz;Sem?â?íforo;Comercial;0;1;0;1;0;0;0;0;0;1;0;0;-3,738742000000000;-38,550998000000000
339066;1;8;2018;06:26;0;AV PERIMETRAL;;;0;;Queda;Luz do Dia;;;Meio de Quadra;;;0;1;0;0;0;0;0;0;0;1;0;0;;
339067;1;8;2018;06:33;0;AV DOMINGOS OLIMPIO;;;0;;Atropelamento;Luz do Dia;;;Meio de Quadra;;;0;1;1;0;0;0;0;0;0;1;0;0;;
339068;1;8;2018;07:25;0;AV CASTELO DE CASTRO;;;572;;Atropelamento;Luz do Dia;;;Meio de Quadra;;;0;1;0;1;0;0;0;0;0;0;0;0;-3,834231000000000;-38,521601000000000
339069;1;8;2018;07:42;0;RUA PERGENTINO MAIA;;;1559;;Colis?â?úo;Luz do Dia;;;Meio de Quadra;;;0;0;1;1;0;0;0;0;0;1;0;0;-3,832401550000000;-38,481929600000000
339071;1;8;2018;07:47;7992;AV JOAO PESSOA;RUA ANA NERY;;0;;Colis?â?úo;Luz do Dia;;;Cruz;Pare;Comercial;0;2;0;1;0;0;0;0;0;1;0;0;-3,749460000000000;-38,546781000000000
339077;1;8;2018;08:30;15173;RUA OSVALDO CRUZ (ALDEOTA);AV BEIRA MAR;;0;;Colis?â?úo;Luz do Dia;;;Cruz;N?â?úo H?â?í Controle;Comercial;0;1;0;0;0;0;0;0;0;0;0;0;-3,725649000000000;-38,497108000000000
339078;1;8;2018;08:38;0;AV ENG SANTANA JUNIOR;;;1091;;Queda;Luz do Dia;;;Meio de Quadra;;;0;1;0;0;0;0;0;0;0;1;0;0;-3,736968000000000;-38,482901000000000
339081;1;8;2018;08:49;0;AV WASHINGTON SOARES;;;6446;;Queda;Luz do Dia;;;Meio de Quadra;;;0;1;0;0;0;0;0;0;0;1;0;0;-3,815048000000000;-38,481443000000000
339082;1;8;2018;09:04;0;AV IMPERADOR;;;0;;Atropelamento;Luz do Dia;;;Meio de Quadra;;;0;2;0;1;0;0;0;0;0;0;0;0;;
339075;1;8;2018;08:29;8936;AV DOMINGOS OLIMPIO;RUA PRC ISABEL;;0;;Colis?â?úo;Luz do Dia;;;Cruz;Sem?â?íforo;Comercial;0;1;0;1;0;0;0;0;0;1;0;0;-3,734438000000000;-38,537790000000000
339086;1;8;2018;09:21;0;AV AGUANAMBI;;;1227;;Queda;Luz do Dia;;;Meio de Quadra;;;0;1;0;0;0;0;0;0;0;1;0;0;-3,747535716000000;-38,524581895000000
339088;1;8;2018;09:43;0;AV ALM HENRIQUE SABOIA;;;0;;Queda;Luz do Dia;;;Meio de Quadra;;;0;1;0;0;0;0;0;0;0;1;0;0;;
339089;1;8;2018;10:40;0;RUA ALUISIO AZEVEDO;;;833;;Colis?â?úo;Luz do Dia;;;Meio de Quadra;;;0;1;0;1;0;0;0;0;0;1;0;0;-3,769832286000000;-38,579895429000000
339090;1;8;2018;11:35;0;AV MOZART PINHEIRO DE LUCENA;;;1450;;Colis?â?úo;Luz do Dia;;;Meio de Quadra;;;0;1;0;1;0;0;0;0;0;1;0;0;-3,715244000000000;-38,594827000000000
339095;1;8;2018;11:37;4769;RUA MONTE PASCOAL;RUA DOS TREVOS;;0;;Colis?â?úo;Luz do Dia;;;Cruz;Pare;Residencial;0;0;1;1;0;0;0;0;0;1;0;0;-3,804944000000000;-38,599354000000000
339096;1;8;2018;11:40;0;AV FILOMENO GOMES;;;664;;Atropelamento;Luz do Dia;;;Meio de Quadra;;;0;1;0;1;0;0;0;0;0;0;0;0;-3,720550000000000;-38,541440000000000
339097;1;8;2018;13:10;0;RUA 1084 CJ CEARA;;;218;;Colis?â?úo;Luz do Dia;;;Meio de Quadra;;;0;2;0;1;0;0;0;0;0;1;0;0;-3,771264790000000;-38,614446632000000
339098;1;8;2018;13:49;0;RUA TEODOMIRO DE CASTRO;;;6048;;Colis?â?úo;Luz do Dia;;;Meio de Quadra;;;0;2;0;0;0;0;0;0;0;0;0;0;-3,717644500000000;-38,574654000000000
339101;1;8;2018;15:52;5450;RUA MAJ FACUNDO;RUA ANTONIO POMPEU;;0;;Colis?â?úo;Luz do Dia;;;Cruz;Pare;Comercial;0;0;1;1;0;0;0;0;0;1;0;0;-3,734923000000000;-38,530216000000000
339102;1;8;2018;16:27;0;AV NOVE;;;300;;Colis?â?úo;Luz do Dia;;;Meio de Quadra;;;0;1;0;0;0;0;0;0;0;0;0;0;-3,829103700000000;-38,605704900000000
339103;1;8;2018;16:57;0;RUA CEL FRANCISCO ALVES RIBEIRO;;;0;;Colis?â?úo;Luz do Dia;;;Meio de Quadra;;;0;0;1;1;0;1;0;0;0;0;0;0;;
339108;1;8;2018;17:18;0;AV SEN CARLOS JEREISSATI (AEROPORTO);;;741;;Colis?â?úo;Anoitecer;;;Meio de Quadra;;;0;1;0;1;0;0;0;0;0;1;0;0;-3,784360000000000;-38,518098000000000
339109;1;8;2018;17:55;0;RUA JOAO AMORA;;;619;;Atropelamento;Anoitecer;;;Meio de Quadra;;;0;2;0;1;0;0;0;0;0;0;0;0;-3,799950800000000;-38,579359200000000
339121;1;8;2018;21:49;0;AV DR THEBERGE;;;0;;Colis?â?úo;;;;Meio de Quadra;;;0;1;0;0;0;0;0;0;0;1;0;0;;
339122;1;8;2018;22:29;7909;AV DES MOREIRA;RUA FRANCISCO HOLANDA;;0;;Colis?â?úo;;;;Cruz;Sem?â?íforo;Comercial;0;1;0;1;0;0;0;0;0;1;0;0;-3,749355000000000;-38,502540000000000
339123;1;8;2018;23:43;0;RUA 7 PLANALTO MIRASSOL;;;55;;Queda;;;;Meio de Quadra;;;0;1;0;0;0;1;0;0;0;0;0;0;-3,795635118000000;-38,544736824000000
339115;1;8;2018;18:35;0;AV PDE ANTONIO TOMAS;;;2088;;Colis?â?úo;;;;Meio de Quadra;;;0;1;0;1;0;0;0;0;0;0;0;0;-3,742107600000000;-38,493674200000000
339116;1;8;2018;18:43;0;RUA BERNARDO MANUEL;;;0;;Queda;;;;Meio de Quadra;;;0;1;0;0;0;0;0;0;0;1;0;0;;
339117;1;8;2018;20:12;0;RUA CEL JOAO CORREIA;;;752;;Queda;;;;Meio de Quadra;;;0;1;0;0;0;1;0;0;0;0;0;0;-3,793309534000000;-38,600055200000000
339118;1;8;2018;21:16;0;RUA MARANGUAPE D50;;;518;;Atropelamento;;;;Meio de Quadra;;;0;1;0;0;0;0;0;0;0;1;0;0;-3,795635000000000;-38,617032300000000
339163;2;8;2018;19:57;0;AV GODOFREDO MACIEL;;;3440;;Colis?â?úo;;;;Meio de Quadra;;;0;1;0;1;0;0;0;0;0;1;0;0;-3,805644000000000;-38,572780000000000
339164;2;8;2018;21:20;0;AV BORGES DE MELO;;;320;;Colis?â?úo;;;;Meio de Quadra;;;0;1;0;0;0;0;0;0;0;1;0;0;-3,761139500000000;-38,521961000000000
339165;2;8;2018;22:36;0;AV ALANIS MARIA LAURINDO DE OLIVEIRA;;;662;;Colis?â?úo;;;;Meio de Quadra;;;0;2;0;0;0;0;0;0;0;0;0;0;;
339166;2;8;2018;23:24;0;RUA CON DE CASTRO;;;3084;;Queda;;;;Meio de Quadra;;;0;1;0;0;0;0;0;0;0;1;0;0;-3,795528263000000;-38,583159263000000
339124;2;8;2018;04:21;0;RUA SANTIAGO (QUINTINO CUNHA);;;807;;Atropelamento;;;;Meio de Quadra;;;0;1;0;1;0;0;0;0;0;0;0;0;-3,787254000000000;-38,496051400000000
339125;2;8;2018;06:34;0;AV 13 DE MAIO;;;1302;;Colis?â?úo;Luz do Dia;;;Meio de Quadra;;;0;1;0;1;0;0;0;0;0;1;0;0;-3,748302000000000;-38,530523000000000
339126;2;8;2018;06:46;0;AV WASHINGTON SOARES;;;0;;Queda;Luz do Dia;;;Meio de Quadra;;;0;1;0;0;0;0;0;0;0;1;0;0;;
339127;2;8;2018;06:53;3747;AV DEP PAULINO ROCHA;RUA JOR ANTONIO P TAVARES;;0;;Colis?â?úo;Luz do Dia;;;T;;Comercial;0;1;0;0;0;0;0;0;0;1;0;0;-3,811714000000000;-38,511317000000000
339128;2;8;2018;07:00;1270;RUA JOAO CORDEIRO;RUA PINTO MADEIRA;;0;;Colis?â?úo;Luz do Dia;;;Cruz;Sem?â?íforo;Comercial;0;1;0;1;0;0;0;0;0;1;0;0;-3,732960000000000;-38,515428000000000
339129;2;8;2018;07:08;116;RUA RUI MONTE;RUA PRO JOSE LEITE GONDIM;;0;;Queda;Luz do Dia;;;Cruz;Pare;Residencial;0;1;0;0;0;0;0;0;0;1;0;0;-3,741250000000000;-38,587413000000000
339130;2;8;2018;07:10;13198;RUA BERNARDO MANUEL;TR MANOEL ALEXANDRE;;0;;Colis?â?úo;Luz do Dia;;;;;;0;1;0;1;0;0;0;0;0;1;0;0;-3,833529000000000;-38,561896000000000
339131;2;8;2018;07:29;0;AV ENG SANTANA JUNIOR;;;1258;;Colis?â?úo;Luz do Dia;;;Meio de Quadra;;;0;1;0;1;0;0;0;0;0;1;0;0;-3,738536800000000;-38,483890400000000
339132;2;8;2018;07:38;0;AV A CJ CEARA;;;883;;Colis?â?úo;Luz do Dia;;;Meio de Quadra;;;0;1;0;1;0;0;0;0;0;1;0;0;-3,768235000000000;-38,603726000000000
339133;2;8;2018;09:51;0;AV DOS JANGADEIROS;;;960;;Colis?â?úo;Luz do Dia;;;Meio de Quadra;;;0;1;0;1;0;0;0;0;0;1;0;0;-3,725880000000000;-38,478810000000000
339134;2;8;2018;10:17;0;RUA ZENILO ALMADA;;;0;;Colis?â?úo;Luz do Dia;;;Meio de Quadra;;;0;1;0;0;0;0;1;0;0;1;0;0;;
339135;2;8;2018;10:53;0;RUA TAUBATE;;;240;;Atropelamento;Luz do Dia;;;Meio de Quadra;;;0;1;0;0;0;0;0;0;0;1;0;0;-3,774353167000000;-38,596972667000000
339136;2;8;2018;11:04;0;AV SGT HERMINIO SAMPAIO;;;1080;;Queda;Luz do Dia;;;Meio de Quadra;;;0;1;0;0;0;1;0;0;0;0;0;0;-3,724629216000000;-38,550321333000000
339137;2;8;2018;11:12;0;RUA TOMAS RODRIGUES;;;130;;Colis?â?úo;Luz do Dia;;;Meio de Quadra;;;0;1;0;1;0;0;0;0;0;1;0;0;-3,743560000000000;-38,593490000000000
339138;2;8;2018;11:22;0;RUA ALVARO FERNANDES;;;280;;Atropelamento;Luz do Dia;;;Meio de Quadra;;;0;1;0;0;0;0;0;0;0;1;0;0;-3,761242667000000;-38,553445000000000
339139;2;8;2018;11:41;0;RUA CON DE CASTRO;;;8310;;Colis?â?úo;Luz do Dia;;;Meio de Quadra;;;0;0;1;0;0;0;0;0;0;0;0;0;-3,818864700000000;-38,602294200000000
339140;2;8;2018;12:15;0;AV MOZART PINHEIRO DE LUCENA;;;615;;Colis?â?úo;Luz do Dia;;;Meio de Quadra;;;0;1;0;0;0;1;0;0;0;1;0;0;-3,707906000000000;-38,592666000000000
339141;2;8;2018;13:23;0;AV RECREIO D64;;;401;;Queda;Luz do Dia;;;Meio de Quadra;;;0;1;0;0;0;0;0;0;0;1;0;0;-3,809646000000000;-38,448921773000000
339142;2;8;2018;15:18;0;TR OLARIA;;;160;;Queda;Luz do Dia;;;Meio de Quadra;;;0;0;1;0;0;0;0;0;0;1;0;0;;
339143;2;8;2018;17:25;0;RUA OSCAR ARARIPE;;;152;;Colis?â?úo;Anoitecer;;;Meio de Quadra;;;0;1;0;1;0;0;0;0;0;1;0;0;-3,793394114000000;-38,592731678000000
339144;2;8;2018;17:56;0;AV DR SILAS MUNGUBA;;;2954;;Atropelamento;Anoitecer;;;Meio de Quadra;;;0;1;0;0;0;0;0;0;0;1;0;0;-3,787909167000000;-38,547298000000000
339145;2;8;2018;18:11;5265;RUA VINTE E QUATRO DE MAIO;RUA PEDRO PEREIRA;;0;;Atropelamento;Anoitecer;;;Cruz;Pare;Comercial;0;1;0;0;0;0;0;0;0;1;0;0;-3,728400000000000;-38,532486000000000
339146;2;8;2018;18:21;0;RUA PEDRO DANTAS;;;0;;Colis?â?úo;Anoitecer;;;Meio de Quadra;;;0;1;0;1;0;0;0;0;0;1;0;0;;
339147;2;8;2018;18:34;0;AV DR SILAS MUNGUBA;;;5571;;Colis?â?úo;;;;Meio de Quadra;;;0;1;0;0;0;0;0;0;0;0;0;0;-3,801188000000000;-38,530014000000000
339148;2;8;2018;18:53;0;AV FRANCISCO SA;;;2565;;Colis?â?úo;;;;Meio de Quadra;;;0;1;0;0;0;0;0;0;0;0;0;0;-3,720475000000000;-38,548043000000000
339149;2;8;2018;19:35;0;RUA PIAUI;;;1110;;Atropelamento;;;;Meio de Quadra;;;0;1;0;0;0;0;0;0;0;1;0;0;-3,755158500000000;-38,569158000000000
339150;2;8;2018;19:57;0;AV GODOFREDO MACIEL;;;3440;;Colis?â?úo;;;;Meio de Quadra;;;0;1;0;1;0;0;0;0;0;1;0;0;-3,805644000000000;-38,572780000000000
338295;2;8;2018;09:05;0;RD BR 116;;;15000;KM-15;Atropelamento;Luz do Dia;;;Meio de Quadra;;;0;1;1;1;0;0;0;0;0;0;0;0;-3,882329000000000;-38,501113000000000
338296;2;8;2018;16:50;0;RD BR 222;;;2000;KM-02;Colis?â?úo Lateral;Luz do Dia;;;Meio de Quadra;;;0;1;3;1;0;0;1;0;0;0;0;0;-3,740362400000000;-38,596996100000000
338297;2;8;2018;19:10;0;RD BR 116;;;7000;KM-07;Colis?â?úo Traseira;;;;Meio de Quadra;;;0;0;2;1;0;0;0;0;0;1;0;0;-3,786276359000000;-38,511561398000000
327472;2;8;2018;06:50;11722;RUA JULIO BRAGA;RUA GUARANI D35 (JOAO XXIII);;0;;Queda;Luz do Dia;Chuva;Molhada;Outros;Pare;Comercial;0;1;0;1;0;0;0;0;0;1;0;0;-3,773151000000000;-38,585105000000000
333466;2;8;2018;10:40;0;RUA BIAS MENDES;;;1300;;Colis?â?úo;Luz do Dia;;;Meio de Quadra;;;0;0;2;1;0;0;0;0;0;0;0;0;-3,776420000000000;-38,590950000000000
333469;2;8;2018;20:10;23436;RUA CAP GUSTAVO;RUA MON SALAZAR;;0;;Colis?â?úo;;;;Cruz;Sem?â?íforo;Comercial;0;0;2;0;0;0;1;0;0;0;0;0;-3,756364000000000;-38,516507000000000
333471;2;8;2018;07:50;0;RD BR 116;;;2000;KM-02;Colis?â?úo Traseira;Luz do Dia;;;Meio de Quadra;;;0;1;2;1;0;0;0;0;0;1;0;0;-3,771391000000000;-38,516780000000000
331862;2;8;2018;13:10;0;RD CE-040;;;0;KM-05;Colis?â?úo;Luz do Dia;;Seca;Meio de Quadra;;;0;0;2;1;0;0;0;0;0;0;0;0;-3,800595823000000;-38,479534630000000
332421;2;8;2018;06:45;0;AV PRS CASTELO BRANCO;;;112;;Colis?â?úo Traseira;Luz do Dia;Chuva;Molhada;Meio de Quadra;N?â?úo H?â?í Controle;Comercial;0;2;1;1;0;0;0;0;0;1;0;0;-3,721947000000000;-38,525100000000000
332422;2;8;2018;07:32;0;AV JOVITA FEITOSA;;;1181;;Colis?â?úo Lateral;Luz do Dia;Nublado;Molhada;Meio de Quadra;N?â?úo H?â?í Controle;Comercial;0;0;2;0;1;0;0;0;0;1;0;0;-3,739486000000000;-38,554880000000000
332423;2;8;2018;08:00;15778;RUA TAQUATIARA;RUA STA CLARA DE ASSIS;;0;;Colis?â?úo Transversal;Luz do Dia;Bom;Seca;Cruz;Pare;Comercial;0;0;2;1;0;0;0;0;0;0;0;0;-3,830267000000000;-38,502459000000000
332424;2;8;2018;06:40;0;AV PINTO BANDEIRA D56;RUA JOAO CORDEIRO;;0;;Colis?â?úo Lateral;Amanhecer;Nublado;Molhada;Cruz;Sem?â?íforo;Comercial;0;1;2;1;0;0;0;0;0;1;0;0;-3,732999000000000;-38,515335000000000
332425;2;8;2018;06:10;0;AV 13 DE MAIO;;;1226;;Colis?â?úo Traseira;Luz do Dia;Bom;Seca;T;Sem?â?íforo;Comercial;0;0;2;0;1;0;0;0;0;0;0;0;-3,748836500000000;-38,530052000000000
332426;2;8;2018;15:40;0;RUA BERNARDO MANUEL;;;10574;;Colis?â?úo Traseira;Luz do Dia;Bom;Seca;Meio de Quadra;N?â?úo H?â?í Controle;Residencial;0;0;2;0;0;0;0;0;0;0;0;0;-3,811669300000000;-38,555367000000000
332427;2;8;2018;16:11;0;AV AGUANAMBI;;;1827;;Colis?â?úo;Luz do Dia;Bom;Seca;Meio de Quadra;N?â?úo H?â?í Controle;Comercial;0;1;2;1;0;0;0;0;0;0;0;0;-3,753726200000000;-38,523724000000000
332428;2;8;2018;16:25;0;AV AGUANAMBI;;;702;;Colis?â?úo Lateral;Luz do Dia;Bom;Seca;Meio de Quadra;N?â?úo H?â?í Controle;Comercial;0;0;2;1;1;0;0;0;0;0;0;0;-3,752800000000000;-38,523460000000000
332443;2;8;2018;16:25;0;RUA ALBERTO MAGNO;;;1428;;Colis?â?úo Lateral;Luz do Dia;Bom;Seca;Meio de Quadra;N?â?úo H?â?í Controle;Comercial;0;0;2;1;0;0;0;0;0;0;0;0;-3,766633700000000;-38,551567000000000
332471;2;8;2018;21:19;23436;RUA CAP GUSTAVO;RUA MON SALAZAR;;0;;Colis?â?úo Lateral;Via Iluminada;Bom;Seca;Cruz;Sem?â?íforo;Comercial;0;0;2;1;0;0;0;0;0;0;0;0;-3,756364000000000;-38,516507000000000
332429;3;8;2018;01:30;25067;AV DOS EXPEDICIONARIOS;RUA DES PRAXEDES;;0;;Colis?â?úo Transversal;Via Iluminada;Bom;Seca;Cruz;Sem?â?íforo;Comercial;0;2;0;1;0;0;0;0;0;0;0;0;-3,763679000000000;-38,540839000000000
332430;3;8;2018;07:05;25226;AV GAL OSORIO DE PAIVA;RUA JARDIM FLUMINENSE;;0;;Atropelamento;Luz do Dia;Bom;Seca;T;N?â?úo H?â?í Controle;Residencial;0;1;1;1;0;0;0;0;0;0;0;0;-3,808170000000000;-38,605395000000000
332431;3;8;2018;15:46;0;AV AGUANAMBI;;;0;;N?â?úo Informado;Luz do Dia;Bom;Seca;Meio de Quadra;N?â?úo H?â?í Controle;Comercial;0;0;2;1;0;0;0;0;0;0;0;0;-3,755346800000000;-38,523174000000000
332432;3;8;2018;16:31;12837;AV DOMINGOS OLIMPIO;RUA JAIME BENEVOLO;;0;;Colis?â?úo Lateral;Anoitecer;Bom;Seca;Cruz;Sem?â?íforo;Comercial;0;1;0;0;0;0;0;0;0;1;0;0;-3,737780000000000;-38,527245000000000
332433;3;8;2018;14:30;1557;RUA BARBOSA DE FREITAS;RUA CAROLINA SUCUPIRA;;0;;Colis?â?úo Transversal;Luz do Dia;Bom;Seca;Cruz;Pare;Comercial;0;1;2;1;0;0;0;0;0;1;0;0;-3,741517000000000;-38,498942000000000
331863;3;8;2018;17:40;0;RD CE-040;;;0;KM-03;Colis?â?úo;Anoitecer;;Seca;Meio de Quadra;;;0;0;3;1;1;0;0;0;0;0;0;0;-3,782614325000000;-38,481083900000000
331881;3;8;2018;09:50;0;RD CE-060;;;0;;Colis?â?úo;Luz do Dia;;Seca;Meio de Quadra;;;0;0;2;1;0;0;0;0;0;0;0;0;;
333473;3;8;2018;22:30;1275;RUA JOSE VILAR;RUA CARVALHO LIMA D09;;0;;Colis?â?úo;;;;Cruz;Pare;Misto;0;0;2;1;0;0;0;0;0;0;0;0;-3,733342000000000;-38,503879000000000
333474;3;8;2018;21:40;18028;AV DIOGUINHO;RUA RENATO BRAGA;;0;;Colis?â?úo;;;;Cruz;Sem?â?íforo;Comercial;0;0;2;1;0;0;0;0;0;0;0;0;-3,731428000000000;-38,458889000000000
333475;3;8;2018;10:00;3387;AV ENG HUMBERTO MONTE;RUA MON FURTADO;;0;;Colis?â?úo;Luz do Dia;;;Cruz;Pare;Residencial;0;0;2;1;0;0;0;0;0;1;0;0;-3,754242000000000;-38,556153000000000
339167;3;8;2018;07:12;0;RUA CARLOS VASCONCELOS;;;2141;;Colis?â?úo;Luz do Dia;;;Meio de Quadra;;;0;0;1;1;0;1;0;0;0;0;0;0;-3,740627000000000;-38,513302000000000
339168;3;8;2018;07:37;8787;RUA MARCELINO LOPES;RUA SALVADOR CORREIA SA;;0;;Colis?â?úo;Luz do Dia;;;;;;0;1;0;1;0;0;0;0;0;1;0;0;-3,792833000000000;-38,475074000000000
339169;3;8;2018;07:51;0;RUA JORGE ACURCIO;;;330;;Colis?â?úo;Luz do Dia;;;Meio de Quadra;;;0;0;1;1;0;0;0;0;0;1;0;0;-3,762674200000000;-38,530640400000000
339170;3;8;2018;07:53;0;AV GOV RAUL BARBOSA;;;0;;Colis?â?úo;Luz do Dia;;;Meio de Quadra;;;0;1;0;0;0;0;0;0;0;1;0;0;;
339171;3;8;2018;08:32;0;RUA PRIMEIRO DE MAIO D34;;;118;;Colis?â?úo;Luz do Dia;;;Meio de Quadra;;;0;1;0;0;0;0;0;0;0;0;0;0;-3,784066556000000;-38,584363500000000
339172;3;8;2018;08:45;0;RUA GETULIO VARGAS;;;0;;Queda;Luz do Dia;;;Meio de Quadra;;;0;0;1;0;0;0;0;0;0;1;0;0;;
339173;3;8;2018;11:42;24969;AV ALM HENRIQUE SABOIA;AV PDE ANTONIO TOMAS;;0;;Colis?â?úo;Luz do Dia;;;T;Pare;Residencial;0;1;0;0;0;0;0;0;0;1;0;0;-3,743493000000000;-38,489455000000000
339174;3;8;2018;11:45;0;RUA RIO GRANDE DO SUL;;;357;;Atropelamento;Luz do Dia;;;Meio de Quadra;;;0;1;0;0;0;0;0;0;0;1;0;0;-3,752367511000000;-38,563554106000000
339175;3;8;2018;12:04;0;RUA OSCAR FRANCA;;;1073;;Colis?â?úo;Luz do Dia;;;Meio de Quadra;;;0;1;0;1;0;0;0;0;0;1;0;0;-3,791393000000000;-38,601170000000000
339176;3;8;2018;12:12;0;AV JOAO PESSOA;;;3884;;Colis?â?úo;Luz do Dia;;;Meio de Quadra;;;0;0;1;0;0;0;0;0;0;0;0;0;-3,747841000000000;-38,545334000000000
339177;3;8;2018;12:51;0;AV SGT HERMINIO SAMPAIO;;;3342;;Atropelamento;Luz do Dia;;;Meio de Quadra;;;0;1;0;0;0;0;0;0;0;1;0;0;-3,728096000000000;-38,570340000000000
339178;3;8;2018;13:51;0;AV ZEZE DIOGO;;;0;;Colis?â?úo;Luz do Dia;;;Meio de Quadra;;;0;0;1;0;0;0;0;0;0;0;0;0;;
339179;3;8;2018;14:32;0;AV CESAR CALS;;;500;;Colis?â?úo;Luz do Dia;;;Meio de Quadra;;;0;1;0;1;0;0;0;0;0;1;0;0;-3,722600000000000;-38,463641000000000
339180;3;8;2018;14:46;0;RUA ANTONIO TEIXEIRA LEITE;;;100;;Queda;Luz do Dia;;;Meio de Quadra;;;0;1;0;0;0;1;0;0;0;0;0;0;-3,787466400000000;-38,538020700000000
339181;3;8;2018;15:02;0;RUA MARGARIDA DE QUEIROZ;;;459;;Colis?â?úo;Luz do Dia;;;Meio de Quadra;;;0;1;0;1;0;0;0;0;0;1;0;0;-3,793954600000000;-38,503525150000000
339182;3;8;2018;15:20;0;RUA VITORIA (AV. PERIMETRAL);;;1115;;Colis?â?úo;Luz do Dia;;;Meio de Quadra;;;0;1;0;1;0;0;0;0;0;1;0;0;-3,762657476000000;-38,587190885000000
339183;3;8;2018;15:58;0;AV ALBERTO CRAVEIRO;;;0;;Colis?â?úo;Luz do Dia;;;Meio de Quadra;;;0;0;1;1;0;0;0;0;0;1;0;0;;
339184;3;8;2018;16:45;7479;AV ALBERTO CRAVEIRO;RUA PEDRO DANTAS;;0;;Colis?â?úo;Luz do Dia;;;Cruz;Sem?â?íforo;Comercial;0;1;0;1;0;0;0;0;0;1;0;0;-3,786753000000000;-38,517220000000000
339185;3;8;2018;16:57;0;RUA VITAL BRASIL;;;2240;;Colis?â?úo;Luz do Dia;;;Meio de Quadra;;;0;0;1;1;0;1;0;0;0;0;0;0;-3,775426200000000;-38,606587600000000
339187;3;8;2018;19:25;7625;RUA PERNAMBUCO;RUA PARANA;;0;;Colis?â?úo;;;;Cruz;Pare;Residencial;0;1;0;0;0;0;0;0;0;1;0;0;-3,759225000000000;-38,569646000000000
339191;3;8;2018;20:00;11847;RUA JACINTO MATOS;AV FRANCISCO SA;;0;;Queda;;;;Cruz;;Residencial;0;0;1;0;0;1;0;0;0;0;0;0;-3,720881000000000;-38,546796000000000
339203;3;8;2018;20:25;0;RUA HIPOLITO PAMPLONA;;;380;;Colis?â?úo;;;;Meio de Quadra;;;0;0;1;1;0;0;0;0;0;1;0;0;-3,744814493000000;-38,596147420000000
339204;3;8;2018;21:44;0;AV CASTANHOLEIRAS;;;155;;Colis?â?úo;;;;Meio de Quadra;;;0;1;0;1;0;0;0;0;0;1;0;0;-3,750950174000000;-38,467887539000000
339205;3;8;2018;23:24;0;RUA PEDRO DANTAS;;;116;;Queda;;;;Meio de Quadra;;;0;1;0;0;0;1;0;0;0;0;0;0;-3,786489667000000;-38,518659167000000
339206;4;8;2018;01:29;9101;AV EDUARDO GIRAO;RUA GRACILIANO RAMOS;;0;;Colis?â?úo;;;;T;Pare;Residencial;0;1;0;0;0;0;0;0;0;0;0;0;-3,756229000000000;-38,527076000000000
339209;4;8;2018;02:05;0;RUA PRO RAIMUNDO ARRUDA;;;0;;Colis?â?úo;;;;Meio de Quadra;;;0;1;0;1;0;0;0;0;0;1;0;0;;
339216;4;8;2018;07:51;0;AV JOAO PESSOA;;;4693;;Colis?â?úo;Luz do Dia;;;Meio de Quadra;;;0;1;0;1;0;0;0;0;0;1;0;0;-3,755700000000000;-38,552300000000000
339217;4;8;2018;07:56;0;RD BR 116;;;0;;Colis?â?úo;Luz do Dia;;;Meio de Quadra;;;0;1;0;0;0;0;0;0;0;0;0;0;;
339218;4;8;2018;08:02;0;AV JOSE BASTOS;;;6480;;Colis?â?úo;Luz do Dia;;;Meio de Quadra;;;0;1;0;1;0;0;0;0;0;1;0;0;-3,767122500000000;-38,569313000000000
339219;4;8;2018;08:06;0;RUA BAR RIO BRANCO;;;1477;;Colis?â?úo;Luz do Dia;;;Meio de Quadra;;;0;1;0;1;0;0;0;0;0;1;0;0;-3,731159923000000;-38,529757308000000
339220;4;8;2018;08:22;15832;RUA PDE PEDRO DE ALENCAR;RUA EDUARDO PORTO;;0;;Colis?â?úo;Luz do Dia;;;;;;0;3;0;0;0;0;0;0;0;1;0;0;-3,832741000000000;-38,494029000000000
339241;4;8;2018;18:45;0;RUA ANARIO BRAGA;;;820;;Atropelamento;Anoitecer;;;Meio de Quadra;;;0;1;0;1;0;0;0;0;0;0;0;0;-3,736853158000000;-38,593509947000000
339242;4;8;2018;18:47;0;AV PRS COSTA E SILVA;;;1160;;Queda;;;;Meio de Quadra;;;0;1;0;0;0;0;0;0;0;1;0;0;-3,814417539000000;-38,569572270000000
339233;4;8;2018;13:10;0;AL OXALA;;;720;;Colis?â?úo;Luz do Dia;;;Meio de Quadra;;;0;1;0;0;0;0;0;0;0;0;0;0;-3,778500000000000;-38,558170000000000