COD_ACIDENTE;DIA;MES;ANO;HORA;INTERSECAO;LOG1;LOG2;LOG3;NUMERO;REFERENCIA;NATUREZA;ILUMINACAO;TEMPO;SUPERFICIEPISTA;TIPOCRUZAMENTO;CONTROLETRAFEGO;USOSOLO;MORTOS;FERIDOS;ILESOS;AUTOMOVEL;ONIBUS;BICICLETA;CAMINHAO;MICROONIBUS;CICLOMOTOR;MOTOCICLETA;TRACAOANIMAL;TREM;LATITUDE;LONGITUDE
339234;4;8;2018;13:56;0;RUA PRO GOMES BRASIL;;;129;;Queda;Luz do Dia;;;Meio de Quadra;;;0;1;0;0;0;0;0;0;0;1;0;0;-3,774495387000000;-38,567291258000000
339235;4;8;2018;14:02;0;AV CEL CARVALHO;;;88;;Queda;Luz do Dia;;;Meio de Quadra;;;0;2;0;0;0;0;0;0;0;1;0;0;-3,703499000000000;-38,591542000000000
339236;4;8;2018;14:09;0;RUA DUARTE COELHO;;;514;;Queda;Luz do Dia;;;Meio de Quadra;;;0;1;0;0;0;0;0;0;0;1;0;0;-3,863440000000000;-38,492718800000000
339237;4;8;2018;16:39;0;RUA JOAQUIM NABUCO;;;1224;;Colis?â?úo;Luz do Dia;;;Meio de Quadra;;;0;1;0;1;0;0;0;0;0;1;0;0;-3,725956100000000;-38,498133800000000
339238;4;8;2018;16:43;0;AV DR SILAS MUNGUBA;;;435;;Colis?â?úo;Luz do Dia;;;Meio de Quadra;;;0;1;0;0;0;0;0;0;0;1;0;0;-3,778105732000000;-38,561471707000000
339239;4;8;2018;18:11;0;RUA JOSE MENDONCA;;;100;;Colis?â?úo;Anoitecer;;;Meio de Quadra;;;0;2;0;0;0;0;1;0;0;1;0;0;-3,761351000000000;-38,602979000000000
339211;4;8;2018;02:06;0;RUA PDE ANCHIETA;;;150;;Colis?â?úo;;;;Meio de Quadra;;;0;1;0;1;0;0;0;0;0;1;0;0;-3,721601783000000;-38,550064913000000
339213;4;8;2018;06:29;0;RUA BAR RIO BRANCO;;;1477;;Colis?â?úo;Luz do Dia;;;Meio de Quadra;;;0;1;0;1;0;0;0;0;0;1;0;0;-3,731159923000000;-38,529757308000000
339214;4;8;2018;06:57;21379;AV JOVITA FEITOSA;RUA PRO RAIMUNDO ARRUDA;;0;;Colis?â?úo;Luz do Dia;;;Cruz;Sem?â?íforo;Comercial;0;1;0;1;0;0;0;0;0;1;0;0;-3,738742000000000;-38,550998000000000
339226;4;8;2018;08:23;0;RUA ANDRADE FURTADO;;;2200;;Colis?â?úo;Luz do Dia;;;Meio de Quadra;;;0;1;0;0;0;0;0;0;0;1;0;0;-3,743298700000000;-38,487756300000000
339228;4;8;2018;08:24;0;RD BR 116;;;6000;KM-06;Colis?â?úo;Luz do Dia;;;Meio de Quadra;;;0;0;2;1;0;0;0;0;0;1;0;0;-3,804691000000000;-38,503053000000000
339244;4;8;2018;19:05;0;RUA JOAO RAMALHO;;;3784;;Colis?â?úo;;;;Meio de Quadra;;;0;1;0;0;0;0;0;0;0;1;0;0;-3,798850000000000;-38,589140000000000
339245;4;8;2018;20:56;0;AV PRO GOMES DE MATOS;;;216;;Colis?â?úo;;;;Meio de Quadra;;;0;2;0;0;0;0;0;0;0;0;0;0;-3,761733800000000;-38,545895800000000
339246;4;8;2018;21:23;0;RUA MIN ALBUQUERQUE LIMA;;;555;;Colis?â?úo;;;;Meio de Quadra;;;0;1;0;1;0;0;0;0;0;1;0;0;-3,768529100000000;-38,575649800000000
339247;4;8;2018;22:50;0;AV FRANCISCO SA;;;0;;Colis?â?úo;;;;Meio de Quadra;;;0;1;0;0;0;0;0;0;0;0;0;0;;
339248;4;8;2018;23:23;315;RUA GAL PIRAGIBE;RUA NESTOR BARBOSA;;0;;Colis?â?úo;;;;Cruz;Pare;Residencial;0;1;0;1;0;0;0;0;0;1;0;0;-3,744282000000000;-38,556613000000000
339231;4;8;2018;09:45;9677;RUA DR FERNANDO AUGUSTO;RUA GUARAREMA;;0;;Queda;Luz do Dia;;;;N?â?úo H?â?í Controle;Residencial;0;1;0;0;0;0;0;0;0;1;0;0;-3,787820000000000;-38,619448000000000
338319;4;8;2018;08:10;0;RD BR 116;;;1000;KM-01;Colis?â?úo Traseira;Luz do Dia;;;Meio de Quadra;;;0;0;3;1;1;0;0;0;0;0;0;0;-3,762554000000000;-38,518702000000000
327473;4;8;2018;14:00;1269;RUA PINTO MADEIRA;RUA ANTONIO AUGUSTO;;0;;Colis?â?úo Transversal;Luz do Dia;Bom;Seca;Cruz;N?â?úo H?â?í Controle;Comercial;0;1;1;0;0;0;0;0;0;1;0;0;-3,733285000000000;-38,514390000000000
327474;4;8;2018;06:30;15437;AV FRE CIRILO;RUA HOMEM DE MELO;;0;;Colis?â?úo Transversal;Luz do Dia;Bom;Seca;Cruz;Pare;Comercial;0;0;2;0;0;0;0;0;0;0;0;0;-3,817039000000000;-38,497528000000000
331869;4;8;2018;09:15;0;AV SEN CARLOS JEREISSATI (AEROPORTO);;;0;KM 02;Colis?â?úo;Luz do Dia;;Seca;Meio de Quadra;;;0;1;2;0;1;0;0;0;0;1;0;0;-3,782194000000000;-38,535424000000000
331870;4;8;2018;12:40;0;RD CE-040;;;0;KM-04;Colis?â?úo;Luz do Dia;;Seca;Meio de Quadra;;;0;0;3;1;0;0;0;0;0;0;0;0;-3,791613156000000;-38,480330840000000
331873;4;8;2018;16:00;0;RD CE-040;;;0;KM-06;Colis?â?úo;Luz do Dia;;Seca;Meio de Quadra;;;0;0;2;1;0;0;0;0;0;0;0;0;-3,809596804000000;-38,478733480000000
331875;4;8;2018;18:35;0;RD CE-040;;;0;KM-06;Colis?â?úo;Via Iluminada;;Seca;Meio de Quadra;;;0;1;1;0;1;1;0;0;0;0;0;0;-3,809596804000000;-38,478733480000000
332435;4;8;2018;07:28;9246;AV 13 DE MAIO;RUA BAR RIO BRANCO;;0;;Colis?â?úo Transversal;Luz do Dia;Bom;Seca;Cruz;Sem?â?íforo;Comercial;0;2;0;0;0;0;0;0;0;1;0;0;-3,745129000000000;-38,534255000000000
332436;4;8;2018;09:30;0;AV DEP PAULINO ROCHA;RUA FRANCISCO JOSE A PEREIRA;;0;;Colis?â?úo Lateral;Luz do Dia;Bom;Seca;T;Pare;Comercial;0;0;2;1;0;0;0;0;0;0;0;0;-3,810749800000000;-38,509476000000000
332437;4;8;2018;08:59;8057;AV JOAO PESSOA;RUA ANTONIO MARTINS;;0;;Colis?â?úo Transversal;Luz do Dia;Bom;Seca;T;Pare;Residencial;0;1;1;1;0;0;0;0;0;1;0;0;-3,755443000000000;-38,552153000000000
332438;4;8;2018;09:14;8057;AV JOAO PESSOA;RUA ANTONIO MARTINS;;4693;;Engavetamento;Luz do Dia;Bom;Seca;T;Pare;Comercial;0;0;3;1;0;0;0;0;0;0;0;0;-3,755443000000000;-38,552153000000000
332439;4;8;2018;14:13;13507;RUA DR JOSE LOURENCO;RUA CEL ALVES TEIXEIRA;;0;;Colis?â?úo Transversal;Luz do Dia;Bom;Seca;Cruz;Pare;Comercial;0;1;1;0;0;0;0;0;0;1;0;0;-3,746256000000000;-38,511496000000000
332440;4;8;2018;19:28;15331;RUA PEREIRA FILGUEIRAS;RUA SILVA PAULET;;0;;Colis?â?úo Transversal;Luz do Dia;Bom;Seca;Cruz;Pare;Comercial;0;0;2;1;0;0;0;0;0;0;0;0;-3,731144000000000;-38,504338000000000
332441;4;8;2018;19:31;0;RUA ILDEFONSO ALBANO;;;740;;Colis?â?úo Traseira;Via Iluminada;Bom;Seca;Cruz;Sem?â?íforo;Residencial;0;0;2;1;0;0;0;0;0;0;0;0;-3,727114200000000;-38,511350000000000
332444;4;8;2018;08:30;0;AV DOM MANUEL;;;738;;Colis?â?úo Lateral;Luz do Dia;Bom;Seca;Meio de Quadra;N?â?úo H?â?í Controle;Comercial;0;1;1;1;0;0;0;0;0;1;0;0;-3,730554300000000;-38,521960000000000
332448;4;8;2018;07:15;0;AV 13 DE MAIO;;;1404;;Choque c/ Obst?â?ículo Fixo;Luz do Dia;Bom;Seca;Meio de Quadra;Sem?â?íforo;Comercial;0;1;0;1;0;0;0;0;0;0;0;0;-3,747718600000000;-38,531105000000000
332450;4;8;2018;21:57;0;AV DR SILAS MUNGUBA;;;0;;Colis?â?úo Traseira;Luz do Dia;Bom;Seca;Meio de Quadra;N?â?úo H?â?í Controle;Comercial;0;0;2;1;0;0;0;0;0;1;0;0;;
332517;4;8;2018;10:14;0;RUA GAL CLARINDO DE QUEIROZ;;;741;;Capotamento;Luz do Dia;Bom;Seca;Meio de Quadra;N?â?úo H?â?í Controle;Comercial;0;0;3;1;0;0;0;0;0;0;0;0;-3,732652700000000;-38,530453000000000
332449;5;8;2018;14:20;5454;RUA JAIME BENEVOLO;RUA METON DE ALENCAR;;0;;Colis?â?úo Lateral;Luz do Dia;Bom;Seca;Cruz;Sem?â?íforo;Residencial;0;1;1;1;0;0;0;0;0;1;0;0;-3,735065000000000;-38,526349000000000
332445;5;8;2018;20:05;0;RUA JULIO GASPAR;;;384;;Colis?â?úo Transversal;Anoitecer;Bom;Seca;Cruz;Pare;Residencial;0;0;2;0;0;0;0;0;0;1;0;0;-3,782458300000000;-38,563084000000000
332446;5;8;2018;20:52;15227;AV ABOLICAO;AV DES MOREIRA;;0;;Colis?â?úo Lateral;Via Iluminada;Bom;Seca;Cruz;Sem?â?íforo;Comercial;0;0;2;1;0;0;0;0;0;0;0;0;-3,727331000000000;-38,495474000000000
332447;5;8;2018;22:04;0;AV OLIVEIRA PAIVA;;;1862;;Colis?â?úo Traseira;Via Iluminada;Bom;Seca;Meio de Quadra;N?â?úo H?â?í Controle;Comercial;0;0;2;1;0;0;0;0;0;0;0;0;-3,795941800000000;-38,490130000000000
332442;5;8;2018;08:35;9156;AV LUCIANO CARNEIRO;RUA MIN JOAQUIM BASTOS D14;;0;;N?â?úo Informado;Luz do Dia;Nublado;Molhada;T;Sem?â?íforo;Comercial;0;0;2;1;0;0;0;0;0;0;0;0;-3,750348000000000;-38,532220000000000
332434;5;8;2018;06:28;0;AV EDUARDO GIRAO;;;340;;Choque c/ Obst?â?ículo Fixo;Luz do Dia;Bom;Seca;;;;0;0;2;1;0;0;0;0;0;0;0;0;-3,755920000000000;-38,526905000000000
333479;5;8;2018;05:00;0;AV SEN CARLOS JEREISSATI (AEROPORTO);;;430;RETORNO - MAKRO;Colis?â?úo;Amanhecer;;;Meio de Quadra;;;0;0;2;1;0;0;0;0;0;1;0;0;-3,784065000000000;-38,517014000000000
333480;5;8;2018;15:50;53;RUA PDE PERDIGAO SAMPAIO;RUA CEL JOAQUIM FRANKLIN;;0;;Colis?â?úo;Luz do Dia;;;Cruz;Pare;Escola;0;0;2;1;0;0;0;0;0;0;0;0;-3,743393000000000;-38,594164000000000
333481;5;8;2018;23:50;24261;RUA MANUEL JESUINO;RUA REPUBLICA DO LIBANO;;0;;Colis?â?úo;;;;Cruz;Pare;Residencial;0;1;0;1;0;0;0;0;0;1;0;0;-3,733603000000000;-38,484913000000000
333482;5;8;2018;11:15;3820;AV 13 DE MAIO;AV CARAPINIMA;;0;;Colis?â?úo;Luz do Dia;;;Cruz;Sem?â?íforo;Comercial;0;1;0;0;1;1;0;0;0;0;0;0;-3,740001000000000;-38,540239000000000
327475;5;8;2018;07:15;5333;RUA PRC ISABEL;RUA GAL CLARINDO DE QUEIROZ;;0;;Colis?â?úo Transversal;Luz do Dia;Chuva;Molhada;Cruz;Pare;Comercial;0;1;1;1;0;0;0;0;0;1;0;0;-3,730592000000000;-38,536711000000000
338356;5;8;2018;21:00;0;RD BR 116;;;9800;KM-10;Colis?â?úo Traseira;;;;Meio de Quadra;;;0;1;2;1;0;0;0;0;0;0;0;0;-3,834435000000000;-38,503373000000000
339252;5;8;2018;11:44;0;RUA PEDRO DANTAS;;;1033;;Colis?â?úo;Luz do Dia;;;Meio de Quadra;;;0;1;0;0;0;0;0;0;0;0;0;0;-3,785021000000000;-38,526875000000000
339268;5;8;2018;20:57;0;AV GAL OSORIO DE PAIVA;;;2978;;Queda;;;;Meio de Quadra;;;0;0;1;0;0;0;0;0;0;1;0;0;-3,789189600000000;-38,586963200000000
339269;5;8;2018;21:04;24286;RUA PEREIRA VALENTE;RUA CASTRO MONTE;;0;;Colis?â?úo;;;;Cruz;Gesto;Residencial;0;1;0;1;0;0;0;0;0;1;0;0;-3,734725000000000;-38,485966000000000
339270;5;8;2018;21:20;2585;RUA AQUARIO;AV HILDEBRANDO DE MELO;;0;;Colis?â?úo;;;;;;;0;1;0;1;0;1;0;0;0;0;0;0;-3,712092000000000;-38,587976000000000
339271;5;8;2018;21:38;0;AV DR SILAS MUNGUBA;;;3269;;Colis?â?úo;;;;Meio de Quadra;;;0;1;0;1;0;0;0;0;0;1;0;0;-3,788911105000000;-38,544533632000000
339249;5;8;2018;02:45;0;AV ENG ALBERTO SA;;;1314;;Colis?â?úo;;;;Meio de Quadra;;;0;3;0;0;0;0;0;0;0;1;0;0;-3,735836000000000;-38,471380000000000
339250;5;8;2018;08:09;0;AV GODOFREDO MACIEL;;;5642;;Colis?â?úo;Luz do Dia;;;Meio de Quadra;;;0;2;0;0;0;0;0;0;0;1;0;0;-3,824379153000000;-38,578796119000000
339255;5;8;2018;14:23;3007;AV GAL OSORIO DE PAIVA;RUA PDE FRANCISCO ARAQUEM;;0;;Colis?â?úo;Luz do Dia;;;;;;0;2;0;0;0;0;0;0;0;0;0;0;-3,805072000000000;-38,602438000000000
339256;5;8;2018;15:30;18552;RUA OSORIO CORREIA;RUA CEREJEIRAS;;0;;Colis?â?úo;Luz do Dia;;;Cruz;Pare;Residencial;0;1;0;1;0;0;0;0;0;1;0;0;-3,821969000000000;-38,599378000000000
339257;5;8;2018;16:10;0;RD BR 116;;;0;SVO (KM-07);Queda;Luz do Dia;;;Meio de Quadra;;;0;1;0;0;0;1;0;0;0;0;0;0;-3,786917000000000;-38,511279000000000
339258;5;8;2018;17:43;0;AV PERIMETRAL;;;3349;;Colis?â?úo;Anoitecer;;;Meio de Quadra;;;0;1;0;0;0;0;0;0;0;0;0;0;;
339259;5;8;2018;18:48;0;RUA ALBERTO MONTEZUMA;;;141;;Queda;;;;Meio de Quadra;;;0;1;0;0;0;1;0;0;0;0;0;0;-3,765549833000000;-38,533109417000000
339260;5;8;2018;18:52;19540;RUA JULIO GASPAR;RUA CASIMIRO DE ABREU;;0;;Colis?â?úo;;;;Cruz;Pare;Residencial;0;2;0;0;0;0;0;0;0;1;0;0;-3,782426000000000;-38,563108000000000
339261;5;8;2018;18:56;0;RUA ALVARO DE ALENCAR;;;270;;Queda;;;;Meio de Quadra;;;0;1;0;0;0;0;0;0;0;1;0;0;-3,713844500000000;-38,557643500000000
339262;5;8;2018;20:16;0;AV CONTORNO OESTE D71;;;1076;;Atropelamento;;;;Meio de Quadra;;;0;1;1;0;0;0;0;0;0;1;0;0;-3,811330600000000;-38,594936800000000
339263;5;8;2018;20:18;0;AV SEN FERNANDES TAVORA;;;2433;;Atropelamento;;;;Meio de Quadra;;;0;1;0;0;0;0;0;0;0;1;0;0;-3,755953000000000;-38,593889000000000
339264;5;8;2018;20:24;22724;RUA ELISEU ORIA;RUA EUCLIDES O DE SOUSA;;0;;Colis?â?úo;;;;Cruz;Pare;Residencial;0;1;0;1;0;0;0;0;0;1;0;0;-3,798011000000000;-38,477202000000000
339272;6;8;2018;02:33;0;AV GAL OSORIO DE PAIVA;;;0;;Colis?â?úo;;;;Meio de Quadra;;;0;1;0;0;0;0;0;0;0;0;0;0;;
339273;6;8;2018;06:42;0;RUA FARIAS LEMOS;;;660;;Queda;Luz do Dia;;;Meio de Quadra;;;0;1;0;0;0;0;0;0;0;1;0;0;-3,817420231000000;-38,492457513000000
339274;6;8;2018;07:03;0;RUA AURELIANO LEAL;;;454;;Colis?â?úo;Luz do Dia;;;Meio de Quadra;;;0;1;0;0;0;0;0;0;0;0;0;0;-3,824059500000000;-38,585357000000000
339277;6;8;2018;07:10;0;RUA JABORANDI;;;1158;;Colis?â?úo;Luz do Dia;;;Meio de Quadra;;;0;2;0;1;0;0;0;0;0;1;0;0;-3,839850000000000;-38,516350000000000
339278;6;8;2018;07:18;12699;AV CEL CARVALHO;AV MAJ ASSIS;;0;;Atropelamento;Luz do Dia;;;Cruz;Sem?â?íforo;Comercial;0;1;0;1;0;0;0;0;0;0;0;0;-3,723796000000000;-38,586255000000000
339279;6;8;2018;07:23;0;RUA DEMETRIO MENEZES;;;0;;Colis?â?úo;Luz do Dia;;;Meio de Quadra;;;0;1;0;1;0;0;0;0;0;1;0;0;;
339282;6;8;2018;07:24;0;RUA CAROA CJ A TAMANDARE;;;1111;;Colis?â?úo;Luz do Dia;;;Meio de Quadra;;;0;1;0;1;0;0;0;0;0;1;0;0;;
339283;6;8;2018;07:38;0;RUA GAL SAMPAIO;;;1690;;Atropelamento;Luz do Dia;;;Meio de Quadra;;;0;1;1;1;0;0;0;0;0;0;0;0;-3,733033000000000;-38,532600000000000
339284;6;8;2018;08:34;0;RUA URUCUTUBA;;;1579;;Atropelamento;Luz do Dia;;;Meio de Quadra;;;0;1;0;0;0;0;0;0;0;1;0;0;-3,797921000000000;-38,610347000000000
339285;6;8;2018;08:44;0;AV C CJ JOSE WALTER;;;0;;Colis?â?úo;Luz do Dia;;;Meio de Quadra;;;0;1;0;0;0;0;0;0;0;0;0;0;;
339286;6;8;2018;10:52;0;AV PRS CASTELO BRANCO;;;4371;;Colis?â?úo;Luz do Dia;;;Meio de Quadra;;;0;1;0;1;0;0;0;0;0;1;0;0;-3,707235000000000;-38,571621000000000
339287;6;8;2018;11:22;0;AV ALBERTO CRAVEIRO;;;0;;Queda;Luz do Dia;;;Meio de Quadra;;;0;1;0;0;0;0;0;0;0;1;0;0;;
339288;6;8;2018;13:10;0;RUA ANSELMO NOGUEIRA;;;517;;Colis?â?úo;Luz do Dia;;;Meio de Quadra;;;0;1;0;0;0;0;0;0;0;0;0;0;-3,782860000000000;-38,587630000000000
339289;6;8;2018;13:21;0;AV JOSE BASTOS;;;5572;;Colis?â?úo;Luz do Dia;;;Meio de Quadra;;;0;1;0;0;0;0;0;0;0;1;0;0;-3,760562000000000;-38,564477000000000
339290;6;8;2018;13:43;0;RUA MARIA GOMES DE SA;;;1300;;Colis?â?úo;Luz do Dia;;;Meio de Quadra;;;0;1;0;1;0;0;0;0;0;1;0;0;-3,824760000000000;-38,582858501000000
339291;6;8;2018;14:10;0;RUA 7 DE SETEMBRO;;;32;;Colis?â?úo;Luz do Dia;;;Meio de Quadra;;;0;0;1;0;0;0;0;0;0;1;0;0;-3,773145290000000;-38,562282839000000
339295;6;8;2018;14:14;0;RD BR 116;;;5000;KM-05;Queda;Luz do Dia;;;Meio de Quadra;;;0;0;2;0;0;0;0;0;0;1;0;0;-3,796502000000000;-38,506787000000000
339296;6;8;2018;14:31;0;AV CEL CARVALHO;;;29;;Colis?â?úo;Luz do Dia;;;Meio de Quadra;;;0;1;0;1;0;0;0;0;0;1;0;0;;
339297;6;8;2018;14:33;0;AV FRE CIRILO;;;4751;;Colis?â?úo;Luz do Dia;;;Meio de Quadra;;;0;0;1;1;0;0;0;0;0;1;0;0;-3,825586039000000;-38,493827169000000
339298;6;8;2018;14:39;0;RUA CARLOS JUACABA;;;0;;Queda;Luz do Dia;;;Meio de Quadra;;;0;1;0;0;0;0;0;0;0;1;0;0;;
339299;6;8;2018;14:40;0;RUA LINEU JUCA;;;127;;Colis?â?úo;Luz do Dia;;;Meio de Quadra;;;0;0;1;0;0;0;0;0;0;1;0;0;-3,769245465000000;-38,532331442000000
339300;6;8;2018;16:27;0;AV PRS CASTELO BRANCO;;;2910;;Atropelamento;Luz do Dia;;;Meio de Quadra;;;0;1;0;1;0;0;0;0;0;0;0;0;-3,712138581000000;-38,554145097000000
339301;6;8;2018;17:32;0;RUA VITORIA (AV. PERIMETRAL);;;1027;;Colis?â?úo;Anoitecer;;;Meio de Quadra;;;0;1;0;0;0;0;0;0;0;0;0;0;-3,761970129000000;-38,586830258000000
339306;6;8;2018;18:20;7328;RUA MANAUS;RUA PRO EDGAR DE ARRUDA;;0;;Colis?â?úo;Anoitecer;;;Cruz;Pare;Residencial;0;1;0;1;0;0;0;0;0;1;0;0;-3,754542000000000;-38,591676000000000
339307;6;8;2018;18:54;0;AV SEN FERNANDES TAVORA;;;2433;;Colis?â?úo;;;;Meio de Quadra;;;0;1;0;0;0;1;0;0;0;1;0;0;-3,755953000000000;-38,593889000000000
339308;6;8;2018;21:09;0;RD BR 116;;;6450;;Atropelamento;;;;Meio de Quadra;;;0;1;0;1;0;0;0;0;0;0;0;0;-3,778129000000000;-38,514900000000000
339310;6;8;2018;21:09;12398;AV LINEU MACHADO;ET PICI;;0;;Colis?â?úo;;;;Duplo T;N?â?úo H?â?í Controle;Comercial;0;2;0;1;0;0;0;0;0;1;0;0;-3,767407000000000;-38,577683000000000
339311;6;8;2018;23:01;0;RUA CAPANEMA;;;726;;Colis?â?úo;;;;Meio de Quadra;;;0;2;0;0;0;0;0;0;0;1;0;0;-3,825730000000000;-38,487810000000000
339312;6;8;2018;23:21;0;AV DR SILAS MUNGUBA;;;6453;;Colis?â?úo;;;;Meio de Quadra;;;0;1;0;1;0;0;0;0;0;1;0;0;-3,800460000000000;-38,530220000000000
339303;6;8;2018;17:33;0;AV DR SILAS MUNGUBA;;;0;;Outros;Anoitecer;;;Meio de Quadra;;;0;1;0;0;0;0;0;0;0;0;0;0;;
339304;6;8;2018;18:01;13233;AV L CJ JOSE WALTER;AV F CJ JOSE WALTER;;0;;Colis?â?úo;Anoitecer;;;Rotat?â??ria;N?â?úo H?â?í Controle;Residencial;0;1;0;1;0;0;0;0;0;1;0;0;-3,835328000000000;-38,558805000000000
338348;6;8;2018;14:15;0;RD BR 116;;;6000;KM-06;Colis?â?úo Lateral;Luz do Dia;;;Meio de Quadra;;;0;1;2;0;1;0;0;0;0;1;0;0;-3,804691000000000;-38,503053000000000
332451;6;8;2018;08:10;17953;RUA BANVAR BEZERRA;RUA JOAQUIM ALBANO;;0;;Colis?â?úo Transversal;Luz do Dia;Bom;Seca;Cruz;Pare;Residencial;0;0;1;1;0;0;0;0;0;0;0;0;-3,735275000000000;-38,579975000000000
332452;6;8;2018;08:55;0;AV PRS CASTELO BRANCO;;;2031;;Colis?â?úo Traseira;Luz do Dia;Bom;Seca;Meio de Quadra;Sem?â?íforo;Comercial;0;0;2;1;0;0;0;0;0;0;0;0;-3,714936000000000;-38,545826000000000
332453;6;8;2018;09:25;5247;AV IMPERADOR;RUA PEDRO PEREIRA;;0;;Colis?â?úo Lateral;Luz do Dia;Bom;Seca;Cruz;Sem?â?íforo;Comercial;0;1;2;1;0;0;0;0;0;1;0;0;-3,727714000000000;-38,534609000000000
332454;6;8;2018;14:25;0;RUA MARIO MAMEDE;;;617;;Colis?â?úo Transversal;Luz do Dia;Bom;Seca;Meio de Quadra;N?â?úo H?â?í Controle;Residencial;0;1;1;1;0;0;0;0;0;1;0;0;-3,753457800000000;-38,526543000000000
332455;6;8;2018;11:10;0;AV JOSE JATAHY;;;1546;;Colis?â?úo Lateral;Luz do Dia;Bom;Seca;Meio de Quadra;N?â?úo H?â?í Controle;Residencial;0;2;1;0;1;0;0;0;0;1;0;0;-3,735270700000000;-38,544350000000000
332456;6;8;2018;15:44;0;AV BORGES DE MELO;;;308;BASE AEREA;Colis?â?úo Traseira;Luz do Dia;Bom;Seca;Meio de Quadra;Sem?â?íforo;Residencial;0;0;2;0;0;0;0;0;0;1;0;0;-3,761178300000000;-38,521854000000000
332457;6;8;2018;16:21;0;RUA DEP OSWALDO STUDART;RUA ALFREDO WEYNE (A. WEYNE);;0;;N?â?úo Informado;Luz do Dia;Bom;Seca;T;Pare;Comercial;0;0;2;1;0;0;0;1;0;0;0;0;-3,756946300000000;-38,531220000000000
332458;6;8;2018;18:05;0;AV ENG SANTANA JUNIOR;;;3778;;Colis?â?úo Traseira;Via Iluminada;Bom;Seca;Meio de Quadra;N?â?úo H?â?í Controle;Comercial;0;0;2;1;0;0;0;0;0;0;0;0;-3,751154000000000;-38,490387000000000
332459;6;8;2018;19:41;1506;AV PDE ANTONIO TOMAS;RUA VIS MAUA;;0;;N?â?úo Informado;Via Iluminada;Bom;Seca;T;Pare;Comercial;0;0;2;1;0;0;0;0;0;0;0;0;-3,739855000000000;-38,500627000000000
332460;6;8;2018;20:04;0;RUA BERNARDO MANUEL;;;7168;;Colis?â?úo Lateral;Via Iluminada;Bom;Seca;Outros;Sem?â?íforo;Residencial;0;0;2;1;0;0;0;0;0;0;0;0;-3,780441300000000;-38,545845000000000
332461;6;8;2018;19:11;10944;RUA ZACARIAS GONDIM;RUA LIVINO DE CARVALHO;;0;;Colis?â?úo Lateral;Luz do Dia;Bom;Seca;Cruz;Pare;Residencial;0;0;1;1;0;0;0;0;0;0;0;0;-3,770836000000000;-38,559435000000000
332462;6;8;2018;21:05;0;AV DES MOREIRA;RUA GAL POTIGUARA;;2005;;Colis?â?úo Lateral;Via Iluminada;Bom;Seca;Meio de Quadra;Sem?â?íforo;Comercial;0;1;1;1;0;0;0;0;0;1;0;0;-3,743174000000000;-38,500553000000000
332463;6;8;2018;20:47;0;AV 13 DE MAIO;;;2286;;Colis?â?úo Traseira;Via Iluminada;Bom;Seca;Meio de Quadra;N?â?úo H?â?í Controle;Comercial;0;0;2;1;0;0;0;0;0;0;0;0;-3,742754000000000;-38,537014000000000
332464;6;8;2018;18:30;0;RUA SEBASTIAO DE ABREU;RUA NIGERIA;;177;;Colis?â?úo Transversal;Via Iluminada;Bom;Seca;Meio de Quadra;Pare;Comercial;0;1;1;1;0;0;0;0;0;1;0;0;-3,793022400000000;-38,566940000000000
332485;6;8;2018;20:47;15204;AV ABOLICAO;RUA JULIO IBIAPINA;;0;;Colis?â?úo Transversal;Via Iluminada;Bom;Seca;Cruz;Sem?â?íforo;Comercial;0;0;1;1;0;0;0;0;0;0;0;0;-3,726679000000000;-38,491290000000000
332486;6;8;2018;19:12;1716;AV GOV RAUL BARBOSA;AV GAL MURILO BORGES;;0;;Colis?â?úo Transversal;Anoitecer;Bom;Seca;Rotat?â??ria;D?â?¬ Prefer?â?¬ncia;Residencial;0;1;1;1;0;0;0;0;0;1;0;0;-3,763977000000000;-38,508802000000000
331877;6;8;2018;06:50;0;RD CE-040;;;455;KM-05;Colis?â?úo;Luz do Dia;;Seca;Meio de Quadra;;;0;2;1;1;0;0;0;0;0;1;0;0;-3,800595823000000;-38,479534630000000
332465;7;8;2018;07:52;0;RUA RAIMUNDO NERY;;;468;;Colis?â?úo Lateral;Luz do Dia;Bom;Seca;Meio de Quadra;N?â?úo H?â?í Controle;Residencial;0;2;0;0;0;0;0;0;0;1;0;0;-3,793638500000000;-38,586586000000000
332466;7;8;2018;08:57;0;AV I CJ JOSE WALTER;;;901;;Colis?â?úo Transversal;Luz do Dia;Bom;Seca;Meio de Quadra;N?â?úo H?â?í Controle;Residencial;0;1;1;1;0;0;0;0;0;1;0;0;-3,831404200000000;-38,552670000000000
332467;7;8;2018;08:20;0;RUA PRO TEODORICO;;;1002;;Colis?â?úo Traseira;Luz do Dia;Bom;Seca;Cruz;Pare;Residencial;0;0;2;1;0;0;0;0;0;0;0;0;-3,769683400000000;-38,550842000000000