COD_ACIDENTE;DIA;MES;ANO;HORA;INTERSECAO;LOG1;LOG2;LOG3;NUMERO;REFERENCIA;NATUREZA;ILUMINACAO;TEMPO;SUPERFICIEPISTA;TIPOCRUZAMENTO;CONTROLETRAFEGO;USOSOLO;MORTOS;FERIDOS;ILESOS;AUTOMOVEL;ONIBUS;BICICLETA;CAMINHAO;MICROONIBUS;CICLOMOTOR;MOTOCICLETA;TRACAOANIMAL;TREM;LATITUDE;LONGITUDE
332468;7;8;2018;07:50;0;RUA BAR RIO BRANCO;;;1975;;Colis?â?úo Lateral;Luz do Dia;Bom;Seca;Meio de Quadra;N?â?úo H?â?í Controle;Comercial;0;0;2;1;0;0;0;0;0;0;0;0;-3,735653900000000;-38,531260000000000
332469;7;8;2018;09:59;21773;RUA GAL ALIPIO DOS SANTOS;RUA LINDOLFO FREIRE;;0;;Colis?â?úo Lateral;Luz do Dia;Bom;Seca;Cruz;Pare;Residencial;0;2;0;0;0;0;0;0;0;1;0;0;-3,729318000000000;-38,587219000000000
332470;7;8;2018;10:34;0;AV JOR THOMAZ COELHO;;;1672;;Colis?â?úo Lateral;Luz do Dia;Bom;Seca;Meio de Quadra;N?â?úo H?â?í Controle;Comercial;0;0;2;1;0;0;0;0;0;0;0;0;-3,829604000000000;-38,510277000000000
332472;7;8;2018;10:30;0;AV BEZERRA DE MENEZES;;;2670;CASAS FREITAS;Colis?â?úo Traseira;Luz do Dia;Bom;Seca;Meio de Quadra;N?â?úo H?â?í Controle;Comercial;0;1;2;0;1;0;0;0;0;1;0;0;-3,736485462000000;-38,568431846000000
332473;7;8;2018;18:15;0;AV AGUANAMBI;;;0;;Colis?â?úo Traseira;Via Iluminada;Bom;Seca;Rotat?â??ria;Sem?â?íforo;Comercial;0;0;2;1;0;0;0;0;0;1;0;0;-3,755507000000000;-38,523636000000000
332474;7;8;2018;17:12;0;RUA OSVALDO CRUZ;RUA PEREIRA VALENTE;;0;;Colis?â?úo Transversal;Luz do Dia;Nublado;Seca;Cruz;Pare;Residencial;0;1;1;1;0;0;0;0;0;1;0;0;-3,731654000000000;-38,499040000000000
332475;7;8;2018;19:24;9154;RUA MARTINHO RODRIGUES;AV 13 DE MAIO;;0;;Colis?â?úo Lateral;Via Iluminada;Bom;Seca;Cruz;Sem?â?íforo;Comercial;0;0;2;1;0;0;0;0;0;0;0;0;-3,752832000000000;-38,525221000000000
332476;7;8;2018;20:11;2750;RUA OSCAR FRANCA;RUA VALDEMAR PAES;;0;;Colis?â?úo Transversal;Mal Iluminada;Bom;Seca;Cruz;Pare;Residencial;0;0;1;1;0;0;0;0;0;1;0;0;-3,791393000000000;-38,601170000000000
332477;7;8;2018;21:33;0;AV DR SILAS MUNGUBA;;;5700;;Colis?â?úo Traseira;Via Iluminada;Bom;Seca;Outros;N?â?úo H?â?í Controle;Residencial;0;0;2;1;0;0;0;0;0;0;0;0;-3,804953300000000;-38,526672000000000
333486;7;8;2018;14:00;0;AV MAE LISBOA;;;1500;;Colis?â?úo;Luz do Dia;;;Meio de Quadra;;;0;0;2;1;0;0;0;0;0;0;0;0;-3,807940679000000;-38,465677484000000
333488;7;8;2018;21:44;0;RUA ANSELMO NOGUEIRA;;;122;;Colis?â?úo;;;;Meio de Quadra;;;0;0;2;0;0;0;0;0;0;1;0;0;-3,780206500000000;-38,586938750000000
339326;7;8;2018;08:02;0;AV JOR THOMAZ COELHO;;;609;;Colis?â?úo;Luz do Dia;;;Meio de Quadra;;;0;1;0;0;0;0;0;0;0;1;0;0;-3,832182156000000;-38,501398799000000
339320;7;8;2018;07:42;7629;RUA ALAGOAS;RUA STA CATARINA (BELA VISTA / PAN AMERICANO);;0;;Colis?â?úo;Luz do Dia;;;Cruz;Pare;Residencial;0;1;0;1;0;0;0;0;0;1;0;0;-3,760356000000000;-38,569550000000000
339333;7;8;2018;11:01;0;RUA VIRGILIO NETO;;;1513;;Colis?â?úo;Luz do Dia;;;Meio de Quadra;;;0;2;0;1;0;0;0;0;0;1;0;0;-3,832440000000000;-38,566890000000000
339334;7;8;2018;11:11;0;AV PENETRACAO OESTE I;;;102;;Choque c/ Obst?â?ículo Fixo;Luz do Dia;;;Meio de Quadra;;;0;1;0;1;0;0;0;0;0;1;0;0;-3,815400813000000;-38,586842969000000
339335;7;8;2018;12:04;0;RUA ANTONIO CANDEIA;;;0;;Colis?â?úo;Luz do Dia;;;Meio de Quadra;;;0;0;1;1;0;0;0;0;0;1;0;0;;
339336;7;8;2018;16:53;15342;RUA OSVALDO CRUZ (ALDEOTA);RUA PEREIRA VALENTE;;0;;Colis?â?úo;Luz do Dia;;;Cruz;Pare;Residencial;0;1;0;1;0;0;0;0;0;1;0;0;-3,731621000000000;-38,499032000000000
339337;7;8;2018;17:32;0;AV MR HULL;;;0;;Colis?â?úo;Anoitecer;;;Meio de Quadra;;;0;1;0;1;0;0;0;0;0;1;0;0;;
339338;7;8;2018;17:37;10760;RUA JOCKEY CLUBE;RUA PDE SA LEITAO;;0;;Colis?â?úo;Anoitecer;;;Cruz;Pare;Residencial;0;2;0;1;0;0;0;0;0;1;0;0;-3,761438000000000;-38,581152000000000
339339;7;8;2018;17:47;13576;AV RUI BARBOSA;RUA FRE BERNARDINO;;0;;Colis?â?úo;Anoitecer;;;Outros;Pare;Residencial;0;0;2;0;0;0;0;0;0;1;0;0;-3,750601000000000;-38,514146000000000
339340;7;8;2018;17:58;24226;RUA FAUSTO CABRAL;RUA DES WALDETARIO P MOTA;;0;;Colis?â?úo;Anoitecer;;;Cruz;Pare;Comercial;0;0;1;1;0;0;0;0;0;1;0;0;-3,733093000000000;-38,478283000000000
339345;7;8;2018;18:32;4091;AV PASTEUR;RUA OLIMPIO DE PAIVA;;0;;Atropelamento;;;;;;;0;1;0;1;0;0;0;0;0;0;0;0;-3,717379000000000;-38,560923000000000
339346;7;8;2018;18:34;4219;RUA BAR CRATO;RUA DR ALMEIDA FILHO;;0;;Colis?â?úo;;;;Cruz;Pare;Residencial;0;1;0;1;0;0;0;0;0;1;0;0;-3,721259000000000;-38,559614000000000
339348;7;8;2018;19:15;0;AV 13 DE MAIO;;;2991;;Colis?â?úo;;;;;;;0;0;1;1;0;0;0;0;0;1;0;0;-3,738286000000000;-38,542160000000000
339349;7;8;2018;19:42;0;RD BR 116;;;0;;Atropelamento;;;;Meio de Quadra;;;0;1;0;0;0;0;0;0;0;0;0;0;;
339350;7;8;2018;19:47;3481;RUA CAP HUGO BEZERRA;RUA PARAISO;;0;;Atropelamento;;;;Cruz;Pare;Residencial;0;1;0;1;0;0;0;0;0;0;0;0;-3,820611000000000;-38,510990000000000
339351;7;8;2018;23:09;0;RUA PDE NELSON FARIAS;;;1;;Queda;;;;Meio de Quadra;;;0;1;0;0;0;0;0;0;0;1;0;0;;
339329;7;8;2018;10:28;0;ET DO FIO (MESSEJANA);;;0;;Queda;Luz do Dia;;;Meio de Quadra;;;0;1;0;0;0;0;0;0;0;1;0;0;;
339330;7;8;2018;10:38;0;RUA MARIA JULIA;;;911;;Atropelamento;Luz do Dia;;;Meio de Quadra;;;0;1;0;0;0;0;0;0;0;1;0;0;-3,793903549000000;-38,600366419000000
339313;7;8;2018;04:57;0;AV PRS JUSCELINO KUBITSCHEK (PASSAR?âÔÇ?);;;3300;;Queda;;;;Meio de Quadra;;;0;1;0;0;0;0;0;0;0;1;0;0;-3,808387100000000;-38,526087700000000
339314;7;8;2018;06:00;0;AV DR SILAS MUNGUBA;;;0;;Colis?â?úo;Luz do Dia;;;Meio de Quadra;;;0;1;0;0;0;0;0;0;0;0;0;0;;
339315;7;8;2018;06:30;2356;RUA SEN ROBERT KENNEDY;RUA ESTEVAO DE CAMPOS;;0;;Colis?â?úo;Luz do Dia;;;Cruz;Pare;Residencial;0;2;0;0;0;0;0;0;0;1;0;0;-3,705131000000000;-38,579516000000000
339316;7;8;2018;06:46;0;AV I CJ JOSE WALTER;;;901;;Colis?â?úo;Luz do Dia;;;Meio de Quadra;;;0;1;0;1;0;0;0;0;0;1;0;0;-3,832203100000000;-38,552715000000000
327476;7;8;2018;16:00;0;RUA DES WALDETARIO P MOTA;;;1255;;Choque c/ Obst?â?ículo Fixo;Via Iluminada;Bom;Seca;Meio de Quadra;N?â?úo H?â?í Controle;Residencial;0;0;2;1;0;0;1;0;0;0;0;0;-3,740839667000000;-38,483149333000000
327477;7;8;2018;07:20;12631;AV CEL CARVALHO;RUA ABELARDO FERREIRA;;0;;Colis?â?úo Traseira;Luz do Dia;Bom;Seca;Cruz;Pare;Comercial;0;1;1;1;0;0;0;0;0;1;0;0;-3,719122000000000;-38,587509000000000
327478;7;8;2018;14:00;19689;RUA GUSTAVO SAMPAIO;RUA DOM LINO;;0;;Colis?â?úo Transversal;Luz do Dia;Bom;Seca;Cruz;Pare;Residencial;0;2;0;1;0;0;0;0;0;0;0;0;-3,735435000000000;-38,557313000000000
339352;8;8;2018;05:56;0;RD QUARTO ANEL VIARIO;;;0;;Colis?â?úo;Amanhecer;;;Meio de Quadra;;;0;1;0;1;0;0;0;0;0;1;0;0;;
339353;8;8;2018;07:20;0;AV BEZERRA DE MENEZES;;;1052;;Atropelamento;Luz do Dia;;;Meio de Quadra;;;0;1;1;0;0;0;0;0;0;0;0;0;-3,733530649000000;-38,554134081000000
339354;8;8;2018;11:07;0;AV BEZERRA DE MENEZES;;;1684;;Atropelamento;Luz do Dia;;;Meio de Quadra;;;0;1;0;1;0;0;0;0;0;0;0;0;-3,734430600000000;-38,559752300000000
339355;8;8;2018;11:29;634;RUA GOMES PASSOS;AV PASTEUR;;0;;Colis?â?úo;Luz do Dia;;;Cruz;Pare;Comercial;0;1;0;1;0;0;0;0;0;1;0;0;-3,711941000000000;-38,559096000000000
339356;8;8;2018;12:14;25951;AV JOSE LEON;RUA STENIO GOMES (JD OLIVEIRAS);;0;;Queda;Luz do Dia;;;Cruz;N?â?úo H?â?í Controle;Residencial;0;1;0;0;0;1;0;0;0;0;0;0;-3,788419000000000;-38,499427000000000
339357;8;8;2018;12:24;0;AV PRS CASTELO BRANCO;;;0;;Colis?â?úo;Luz do Dia;;;Meio de Quadra;;;0;1;0;1;0;0;0;0;0;1;0;0;;
339358;8;8;2018;15:13;0;AV DES GONZAGA;;;186;;Queda;Luz do Dia;;;Meio de Quadra;;;0;1;0;0;0;0;0;0;0;1;0;0;-3,788993000000000;-38,503663000000000
339359;8;8;2018;16:11;0;RUA VINTE E QUATRO DE MAIO;;;0;;Colis?â?úo;Luz do Dia;;;Meio de Quadra;;;0;1;0;1;0;0;0;0;0;1;0;0;;
339360;8;8;2018;17:12;0;RUA EMILIO DE MENESES;;;2249;;Queda;Anoitecer;;;Meio de Quadra;;;0;1;0;0;0;0;0;0;0;1;0;0;-3,777950364000000;-38,600938182000000
339361;8;8;2018;17:40;0;AV PLACIDO CASTELO;;;283;;Colis?â?úo;Anoitecer;;;Meio de Quadra;;;0;1;0;0;0;0;0;0;0;0;0;0;-3,784159000000000;-38,509348961000000
339362;8;8;2018;17:48;0;RUA 33 CJ JOSE WALTER;;;330;;Queda;Anoitecer;;;Meio de Quadra;;;0;0;1;0;0;1;0;0;0;0;0;0;;
339363;8;8;2018;18:22;13777;RUA LUIZA MIRANDA COELHO;RUA CAIO CID;;0;;Colis?â?úo;Anoitecer;;;Cruz;Pare;Residencial;0;1;0;1;0;0;0;0;0;1;0;0;-3,775516000000000;-38,485263000000000
339364;8;8;2018;19:54;0;AV DEP PAULINO ROCHA;;;0;;Colis?â?úo;;;;Meio de Quadra;;;0;1;0;1;0;0;0;0;0;1;0;0;;
339365;8;8;2018;21:40;0;RUA MINAS GERAIS;;;204;;Colis?â?úo;;;;Meio de Quadra;;;0;1;0;1;0;0;0;0;0;1;0;0;-3,752525075000000;-38,562605725000000
339366;8;8;2018;22:29;6166;RUA 848 CJ CEARA;RUA MIN ALBUQUERQUE LIMA;;0;;Queda;;;;;N?â?úo H?â?í Controle;Residencial;0;1;0;0;0;0;0;0;0;1;0;0;-3,770776000000000;-38,601233000000000
339367;8;8;2018;22:34;0;RUA JOSE MENDONCA;;;234;;Colis?â?úo;;;;Meio de Quadra;;;0;0;1;1;0;0;0;0;0;1;0;0;-3,759327286000000;-38,602598809000000
339368;8;8;2018;23:25;0;RUA JULIO SILVA;;;440;;Queda;;;;Meio de Quadra;;;0;1;0;0;0;0;0;0;0;1;0;0;;
333491;8;8;2018;20:18;0;RUA ALM JACEGUAI;;;81;;Colis?â?úo;;;;Meio de Quadra;;;0;0;2;0;1;0;0;0;0;0;0;0;-3,720749000000000;-38,519363000000000
333492;8;8;2018;19:37;0;AV ABOLICAO;;;3038;;Colis?â?úo;;;;Meio de Quadra;;;0;0;2;1;0;0;0;0;0;1;0;0;-3,726831000000000;-38,492313000000000
333494;8;8;2018;21:40;19100;RUA AMELIA BENEBIEN;TR GUARANI;;0;;Colis?â?úo;;;;;;;0;0;2;0;0;0;0;0;0;1;0;0;-3,737843000000000;-38,477745000000000
333496;8;8;2018;22:00;9099;AV EDUARDO GIRAO;RUA MIN JOAQUIM BASTOS D14;;0;;Colis?â?úo;;;;;;;0;0;2;1;0;0;0;0;0;0;0;0;-3,755700000000000;-38,525973000000000
332478;8;8;2018;07:14;0;RUA DES PRAXEDES;RUA JULIO CESAR D04;;0;;Colis?â?úo Lateral;Luz do Dia;Bom;Seca;Meio de Quadra;Pare;Comercial;0;0;2;1;0;0;0;1;0;0;0;0;-3,759083500000000;-38,550260000000000
332479;8;8;2018;06:20;0;AV AUGUSTO DOS ANJOS;;;220;TERMINAL LAGOA;Colis?â?úo Lateral;Luz do Dia;Bom;Seca;Meio de Quadra;Sem?â?íforo;Comercial;0;1;0;0;0;0;1;0;0;1;0;0;-3,769376000000000;-38,570965000000000
332480;8;8;2018;07:30;0;AV PRS CASTELO BRANCO;;;0;;Colis?â?úo Traseira;Luz do Dia;Bom;Seca;Meio de Quadra;N?â?úo H?â?í Controle;Lazer;0;1;1;1;0;0;0;0;0;1;0;0;-3,716358000000000;-38,541210000000000
332481;8;8;2018;09:16;0;RUA WALDIR DIOGO;;;1055;;Colis?â?úo Lateral;Luz do Dia;Bom;Seca;Meio de Quadra;N?â?úo H?â?í Controle;Escola;0;0;2;1;0;0;0;0;0;0;0;0;-3,803020000000000;-38,587612000000000
332482;8;8;2018;10:40;0;AV AGUANAMBI;;;1827;;Colis?â?úo Lateral;Luz do Dia;Bom;Seca;Meio de Quadra;N?â?úo H?â?í Controle;Comercial;0;0;2;1;1;0;0;0;0;0;0;0;-3,753442300000000;-38,523600000000000
332483;8;8;2018;09:30;0;RUA CAROLINA SUCUPIRA;;;850;;Capotamento;Luz do Dia;Bom;Seca;Meio de Quadra;N?â?úo H?â?í Controle;Residencial;0;1;1;1;0;0;0;0;0;0;0;0;-3,742345600000000;-38,496800000000000
332487;8;8;2018;15:55;26073;AV FRANCISCO SA;AV JOSE JATAHY;;0;;Colis?â?úo;Luz do Dia;Bom;Seca;Cruz;Sem?â?íforo;Comercial;0;1;2;0;1;0;0;0;0;1;0;0;-3,721056700000000;-38,546658000000000
332489;8;8;2018;17:15;9131;AV 13 DE MAIO;RUA BAR ARATANHA;;0;;Colis?â?úo Traseira;Via Iluminada;Bom;Seca;Cruz;Sem?â?íforo;Comercial;0;1;3;1;0;0;0;0;0;1;0;0;-3,747615000000000;-38,531331000000000
332490;8;8;2018;18:25;0;AV BENJAMIM BRASIL;;;0;;N?â?úo Informado;Via Iluminada;Bom;Seca;Meio de Quadra;N?â?úo H?â?í Controle;Comercial;0;0;2;1;0;0;0;0;0;0;0;0;-3,804405000000000;-38,553394000000000
332491;8;8;2018;15:22;22849;RUA DR JUSTA ARAUJO D45;RUA CON LIMA SUCUPIRA;;0;;Colis?â?úo Traseira;Luz do Dia;Bom;Seca;Cruz;Pare;Residencial;0;0;2;0;1;0;0;0;0;1;0;0;-3,778167000000000;-38,550832000000000
332492;8;8;2018;21:37;0;AV ABOLICAO;;;3035;;Colis?â?úo Traseira;Via Iluminada;Bom;Seca;Meio de Quadra;N?â?úo H?â?í Controle;Comercial;0;1;1;0;1;0;0;0;0;0;0;0;-3,726904600000000;-38,491940000000000
332493;8;8;2018;22:28;0;RUA AMAZONAS;;;912;;Choque c/ Obst?â?ículo Fixo;Via Iluminada;Bom;Seca;Meio de Quadra;Pare;Residencial;0;1;1;1;0;0;0;0;0;1;0;0;-3,753058700000000;-38,564630000000000
331884;8;8;2018;06:40;0;RD CE-040;;;0;KM-10;Colis?â?úo;Luz do Dia;;Seca;Meio de Quadra;;;0;0;2;1;0;0;0;0;0;1;0;0;-3,842576660000000;-38,480882840000000
331888;8;8;2018;14:10;0;RD CE-040;;;0;KM-05;Colis?â?úo;Luz do Dia;;Seca;Meio de Quadra;;;0;0;5;1;0;0;1;0;0;0;0;0;-3,800595823000000;-38,479534630000000
328029;8;8;2018;17:45;20269;RUA ELDORADO;AV PRS JUSCELINO KUBITSCHEK (PASSAR?âÔÇ?);;0;;Colis?â?úo Transversal;Anoitecer;Bom;Seca;Cruz;Sem?â?íforo;Comercial;1;0;1;1;0;0;0;0;0;1;0;0;-3,816307000000000;-38,531633000000000
328049;8;8;2018;10:53;15701;RUA BRAS VIDAL;RUA GUILHERME PESSOA;;0;;Colis?â?úo Transversal;Luz do Dia;Bom;Seca;Cruz;Pare;Residencial;1;1;1;0;0;0;0;0;0;1;0;0;-3,827579000000000;-38,484005000000000
331893;9;8;2018;17:30;0;RD CE-060;;;0;KM-01;Colis?â?úo;Anoitecer;;Seca;Meio de Quadra;;;0;0;2;1;0;0;0;0;0;0;0;0;-3,826136000000000;-38,579500000000000
331890;9;8;2018;11:00;0;RD CE-040;;;0;KM-03;Colis?â?úo;Luz do Dia;;Seca;Meio de Quadra;;;0;0;1;1;0;0;0;0;0;0;0;0;-3,782614325000000;-38,481083900000000
332494;9;8;2018;01:33;15269;RUA TEN BENEVOLO;AV RUI BARBOSA;;0;;Colis?â?úo Transversal;Via Iluminada;Bom;Seca;Cruz;Sem?â?íforo;Residencial;0;0;2;1;0;0;0;0;0;0;0;0;-3,728685000000000;-38,507048000000000
332495;9;8;2018;05:15;0;RUA VER ZELIA C DE SOUZA;;;771;;Colis?â?úo Transversal;Luz do Dia;Bom;Seca;Meio de Quadra;Pare;Comercial;0;0;2;0;1;0;0;0;0;1;0;0;-3,814139800000000;-38,557740000000000
332496;9;8;2018;07:35;0;RUA PDE FRANCISCO PINTO;;;66;;Colis?â?úo Lateral;Luz do Dia;Bom;Seca;Meio de Quadra;N?â?úo H?â?í Controle;Residencial;0;1;1;1;0;0;0;0;0;1;0;0;-3,745122000000000;-38,538258000000000
332497;9;8;2018;09:41;0;TR ICO  D01;;;72;;Colis?â?úo Lateral;Luz do Dia;Bom;Seca;Meio de Quadra;N?â?úo H?â?í Controle;Comercial;0;0;2;1;0;0;0;0;0;1;0;0;-3,721908000000000;-38,524204000000000
332499;9;8;2018;09:40;0;RUA WALDIR DIOGO;RUA SILVINO;;0;;Colis?â?úo Lateral;Luz do Dia;Bom;Seca;Meio de Quadra;Sem?â?íforo;Comercial;0;1;1;0;0;0;0;0;0;1;0;0;-3,804003500000000;-38,585990000000000
332500;9;8;2018;08:52;3237;RUA EMILIO DE MENESES;RUA THOMPSON GONCALVES;;0;;Colis?â?úo Transversal;Luz do Dia;Bom;Seca;Cruz;Pare;Comercial;0;1;0;0;0;0;0;0;0;1;0;0;-3,783033000000000;-38,582887000000000
332501;9;8;2018;11:48;15348;RUA PRO DIAS DA ROCHA;RUA CANUTO DE AGUIAR;;0;;Colis?â?úo Transversal;Luz do Dia;Bom;Seca;Cruz;Pare;Comercial;0;0;3;1;0;0;0;0;0;0;0;0;-3,732186000000000;-38,490611000000000
332502;9;8;2018;13:47;1343;AV SEN VIRGILIO TAVORA;RUA MARCOS MACEDO;;0;;Colis?â?úo Transversal;Luz do Dia;Bom;Seca;Cruz;Sem?â?íforo;Comercial;0;0;2;1;0;0;0;0;0;0;0;0;-3,735843000000000;-38,492845000000000
332503;9;8;2018;14:09;8076;RUA WALDERY UCHOA;AV EDUARDO GIRAO;;0;;Colis?â?úo Transversal;Luz do Dia;Bom;Seca;T;Pare;Comercial;0;0;2;1;0;0;0;0;0;0;0;0;-3,747280000000000;-38,541834000000000
332504;9;8;2018;14:56;7874;RUA BARBOSA DE FREITAS;RUA LIVIO BARRETO;;0;;Colis?â?úo Transversal;Luz do Dia;Bom;Seca;T;Pare;Residencial;0;0;2;1;0;0;0;0;0;0;0;0;-3,752204000000000;-38,502343000000000
332505;9;8;2018;16:40;0;AV JOSE JATAHY;;;51;;Queda;Luz do Dia;Bom;Seca;Meio de Quadra;N?â?úo H?â?í Controle;Comercial;0;0;1;0;0;0;0;0;0;0;0;0;-3,745368500000000;-38,543990000000000
332506;9;8;2018;19:40;0;AV GOV RAUL BARBOSA;;;0;;Colis?â?úo Traseira;Via Iluminada;Bom;Seca;Meio de Quadra;N?â?úo H?â?í Controle;Residencial;0;0;2;1;0;0;0;0;0;0;0;0;-3,760686000000000;-38,504864000000000
332507;9;8;2018;19:47;0;RUA PROF GLAUCO LOBO;RUA WALDIR DIOGO;;0;;Colis?â?úo Transversal;Luz do Dia;Bom;Seca;Meio de Quadra;Pare;Comercial;0;2;1;1;0;0;0;0;0;1;0;0;-3,805138800000000;-38,582806000000000
332508;9;8;2018;22:05;0;AV OLIVEIRA PAIVA;;;1111;;Colis?â?úo Lateral;Anoitecer;Bom;Seca;Meio de Quadra;Sem?â?íforo;Comercial;0;0;2;1;0;0;0;0;0;0;0;0;-3,795770000000000;-38,496780000000000
332509;9;8;2018;22:33;0;AV DR SILAS MUNGUBA;;;3149;;Colis?â?úo Lateral;Via Iluminada;Bom;Seca;Meio de Quadra;N?â?úo H?â?í Controle;Comercial;0;1;1;1;0;0;0;0;0;1;0;0;-3,788750400000000;-38,545017000000000
332520;9;8;2018;14:00;18297;AV ALM BARROSO;RUA SEN ALMINO;;0;;Colis?â?úo Transversal;Luz do Dia;Bom;Seca;Cruz;N?â?úo H?â?í Controle;Comercial;0;1;0;0;0;0;0;0;0;1;0;0;-3,720549000000000;-38,517858000000000
333497;9;8;2018;23:00;17326;RUA ALBERTO MAGNO;RUA ALAN KARDEC;;0;;Colis?â?úo;;;;Cruz;Pare;Comercial;0;0;2;1;0;0;0;1;0;0;0;0;-3,764796000000000;-38,549918000000000
333499;9;8;2018;18:00;0;AV DOMINGOS OLIMPIO;;;0;;Colis?â?úo;Anoitecer;;;Meio de Quadra;;;0;0;2;1;0;0;0;0;0;1;0;0;;
334251;9;8;2018;00:08;9613;RUA MARTINS CARVALHO;RUA PAULINO ROCHA D32;;0;;Colis?â?úo;;;;Cruz;N?â?úo H?â?í Controle;Residencial;0;1;0;1;0;0;0;0;0;1;0;0;-3,788964000000000;-38,626078000000000
334337;9;8;2018;21:32;0;RUA BAR CANINDE;;;1474;;Queda;;;;Meio de Quadra;;;0;1;0;0;0;0;0;0;0;1;0;0;-3,728190000000000;-38,482160000000000
334338;9;8;2018;22:40;26025;RUA CON DE CASTRO;RUA JOAO AMORA;;0;;Queda;;;;T;Sem?â?íforo;Comercial;0;1;0;0;0;0;0;0;0;1;0;0;-3,799546000000000;-38,586909000000000
334339;9;8;2018;22:56;0;AV OLAVO BILAC;;;801;;Colis?â?úo;;;;Meio de Quadra;;;0;1;0;0;0;0;0;0;0;1;0;0;-3,727623267000000;-38,565026400000000
334283;9;8;2018;17:04;0;RUA JOAO SORONGO;;;1574;;Colis?â?úo;Anoitecer;;;Meio de Quadra;;;0;1;0;1;0;0;0;0;0;1;0;0;-3,742080000000000;-38,553210000000000
334284;9;8;2018;17:56;0;RUA CHICO LEMOS;;;925;;Colis?â?úo;Anoitecer;;;Meio de Quadra;;;0;1;0;1;0;0;0;0;0;1;0;0;-3,794838000000000;-38,497545000000000
334285;9;8;2018;18:02;3324;RUA VIRIATO RIBEIRO;RUA URUGUAI;;0;;Colis?â?úo;Anoitecer;;;Cruz;Pare;Comercial;0;1;0;0;0;0;0;0;0;0;0;0;-3,748176000000000;-38,563322000000000
334281;9;8;2018;17:00;0;RUA CON DE CASTRO;;;0;;Colis?â?úo;Anoitecer;;;Meio de Quadra;;;0;1;0;0;0;0;0;0;0;0;0;0;;
334276;9;8;2018;16:44;12603;RUA TULIPA;RUA FENELON BOMILCAR;;0;;Atropelamento;Luz do Dia;;;Cruz;Pare;Comercial;0;1;0;0;0;0;0;0;0;1;0;0;-3,716114000000000;-38,580157000000000
334277;9;8;2018;16:49;0;RUA BRILHANTE;;;257;;Queda;Luz do Dia;;;Meio de Quadra;;;0;1;0;0;0;0;0;0;0;1;0;0;-3,809953000000000;-38,560559400000000
334273;9;8;2018;16:37;0;AV DOMINGOS OLIMPIO;;;0;;Colis?â?úo;Luz do Dia;;;Meio de Quadra;;;0;1;0;1;0;0;0;0;0;1;0;0;;
334271;9;8;2018;13:55;0;RUA PESSOA ANTA;;;500;;Colis?â?úo;Luz do Dia;;;Meio de Quadra;;;0;1;0;0;0;0;0;0;0;1;0;0;-3,721050000000000;-38,521550000000000
334269;9;8;2018;13:48;0;AV GOV RAUL BARBOSA;;;5810;;Colis?â?úo;Luz do Dia;;;Meio de Quadra;;;0;1;0;0;0;0;0;0;0;1;0;0;-3,769151000000000;-38,510245500000000
334260;9;8;2018;09:58;0;AV ROGACIANO LEITE;;;2993;;Atropelamento;Luz do Dia;;;Meio de Quadra;;;0;1;0;1;0;0;0;0;0;0;0;0;-3,785466000000000;-38,502970000000000
334262;9;8;2018;10:08;0;AV AUGUSTO DOS ANJOS;;;1560;;Colis?â?úo;Luz do Dia;;;Meio de Quadra;;;0;1;0;1;0;0;0;0;0;1;0;0;-3,780162000000000;-38,579155455000000
334263;9;8;2018;10:24;0;AV GOV RAUL BARBOSA;;;5322;;Colis?â?úo;Luz do Dia;;;Meio de Quadra;;;0;1;0;1;0;0;0;0;0;1;0;0;-3,765805000000000;-38,509002500000000
334264;9;8;2018;11:08;0;RUA JACINTO MATOS;;;944;;Colis?â?úo;Luz do Dia;;;Meio de Quadra;;;0;1;0;1;0;0;0;0;0;1;0;0;-3,719440000000000;-38,546787000000000
334265;9;8;2018;11:23;0;AV MIN JOSE AMERICO;;;2223;;Colis?â?úo;Luz do Dia;;;Meio de Quadra;;;0;1;0;1;0;0;0;0;0;1;0;0;-3,811564838000000;-38,481308054000000
334266;9;8;2018;11:24;0;RUA PORTO VELHO;;;390;;Colis?â?úo;Luz do Dia;;;Meio de Quadra;;;0;1;0;1;0;0;0;0;0;1;0;0;-3,767560253000000;-38,584086086000000
334267;9;8;2018;12:17;0;RUA JUSTINIANO DE SERPA;;;69;;Colis?â?úo;Luz do Dia;;;Meio de Quadra;;;0;1;0;1;0;0;0;0;0;1;0;0;-3,731797616000000;-38,542721808000000
334253;9;8;2018;00:46;0;RD BR 116;;;15000;KM-15;Queda;;;;Meio de Quadra;;;0;1;0;0;0;0;0;0;0;1;0;0;-3,882329000000000;-38,501113000000000
334254;9;8;2018;02:14;0;AV PRS COSTA E SILVA;;;0;;Colis?â?úo;;;;Meio de Quadra;;;0;1;0;1;0;0;0;0;0;0;0;0;;
334255;9;8;2018;04:29;0;AV MR HULL;;;1595;;Queda;;;;Meio de Quadra;;;0;1;0;0;0;0;0;0;0;1;0;0;;
334256;9;8;2018;07:01;0;AV SGT HERMINIO SAMPAIO;;;3755;;Colis?â?úo;Luz do Dia;;;Meio de Quadra;;;0;1;0;0;0;0;0;0;0;1;0;0;-3,729465000000000;-38,574007000000000