COD_ACIDENTE;DIA;MES;ANO;HORA;INTERSECAO;LOG1;LOG2;LOG3;NUMERO;REFERENCIA;NATUREZA;ILUMINACAO;TEMPO;SUPERFICIEPISTA;TIPOCRUZAMENTO;CONTROLETRAFEGO;USOSOLO;MORTOS;FERIDOS;ILESOS;AUTOMOVEL;ONIBUS;BICICLETA;CAMINHAO;MICROONIBUS;CICLOMOTOR;MOTOCICLETA;TRACAOANIMAL;TREM;LATITUDE;LONGITUDE
334257;9;8;2018;07:58;3778;RUA GAL SAMPAIO;AV DA UNIVERSIDADE;;0;;Colis?â?úo;Luz do Dia;;;;;;0;1;0;1;0;0;0;0;0;1;0;0;-3,734083000000000;-38,532908000000000
334258;9;8;2018;09:01;0;RUA JOAQUIM FELICIO;;;337;;Atropelamento;Luz do Dia;;;Meio de Quadra;;;0;1;0;0;0;0;0;0;0;1;0;0;-3,830037000000000;-38,491989444000000
338347;9;8;2018;19:20;0;RD BR 116;;;3100;KM-03;Choque c/ Obst?â?ículo Fixo;;;;Meio de Quadra;;;0;0;2;1;0;0;1;0;0;0;0;0;-3,779838000000000;-38,514372000000000
335733;9;8;2018;14:55;0;AL CLARA DE ASSIS;;;0;;Colis?â?úo;Luz do Dia;;;Meio de Quadra;;;0;1;0;1;0;0;0;0;0;1;0;0;;
327479;10;8;2018;08:10;3219;RUA ANSELMO NOGUEIRA;RUA EMILIO DE MENESES;;0;;Atropelamento;Luz do Dia;Nublado;Seca;Cruz;Sem?â?íforo;Residencial;0;1;1;0;0;0;0;0;0;1;0;0;-3,781760000000000;-38,587374000000000
327480;10;8;2018;06:20;0;AV FRANCISCO SA;;;3358;;Colis?â?úo Frontal;Luz do Dia;Nublado;Molhada;Meio de Quadra;Outros;Residencial;0;0;2;1;1;0;0;0;0;0;0;0;-3,717899100000000;-38,555397500000000
327481;10;8;2018;10:20;0;AV JOSE BASTOS;;;4530;;Colis?â?úo Lateral;Anoitecer;Bom;Seca;Meio de Quadra;Outros;Comercial;0;1;1;0;0;0;0;0;0;1;0;0;-3,756192000000000;-38,556737499000000
327482;10;8;2018;08:10;0;AV BENJAMIM BRASIL;;;559;;Colis?â?úo Lateral;Luz do Dia;Bom;Seca;Meio de Quadra;N?â?úo H?â?í Controle;Residencial;0;2;2;1;0;0;0;0;0;1;0;0;-3,804312172000000;-38,568639425000000
334340;10;8;2018;05:23;0;AV BEIRA MAR;;;2020;;Colis?â?úo;Amanhecer;;;Meio de Quadra;;;0;1;0;1;0;0;0;0;0;1;0;0;-3,724254501000000;-38,502134000000000
334341;10;8;2018;22:01;0;RUA PEDRO MARTINS;;;4800;;Colis?â?úo;Luz do Dia;;;Meio de Quadra;;;0;2;0;1;0;0;0;0;0;1;0;0;-3,799221000000000;-38,601966000000000
334343;10;8;2018;06:35;5381;RUA METON DE ALENCAR;AV IMPERADOR;;0;;Colis?â?úo;Luz do Dia;;;;N?â?úo H?â?í Controle;Comercial;0;1;0;0;0;0;0;0;0;0;0;0;-3,731966000000000;-38,535869000000000
334344;10;8;2018;06:44;0;AV CARAPINIMA;;;2504;;Colis?â?úo;Luz do Dia;;;Meio de Quadra;;;0;1;0;1;0;0;0;0;0;1;0;0;-3,741551000000000;-38,541784000000000
334345;10;8;2018;06:45;0;RUA MANUEL CASTELO BRANCO;;;357;;Colis?â?úo;Luz do Dia;;;Meio de Quadra;;;0;1;0;1;0;0;0;0;0;1;0;0;-3,831934000000000;-38,491829000000000
334346;10;8;2018;07:41;0;RUA ESV AZEVEDO;;;302;;Colis?â?úo;Luz do Dia;;;Meio de Quadra;;;0;1;0;0;0;0;0;0;0;1;0;0;-3,797030366000000;-38,508810171000000
334511;10;8;2018;23:08;16797;RUA QUIXADA D06;RUA APOCALIPSE (MONDUBIM);;0;;Queda;;;;Cruz;N?â?úo H?â?í Controle;Residencial;0;1;0;0;0;0;0;0;0;1;0;0;-3,833073000000000;-38,572363000000000
334499;10;8;2018;21:07;10998;RUA ALBERTO MAGNO;RUA DOM CARLOTO TAVORA;;0;;Colis?â?úo;;;;Cruz;Pare;Residencial;0;1;0;1;0;0;0;0;0;1;0;0;-3,770832000000000;-38,553495000000000
334500;10;8;2018;22:17;0;AV PASTEUR;;;576;;Colis?â?úo;;;;Meio de Quadra;;;0;2;0;0;0;0;0;0;0;1;0;0;-3,711021167000000;-38,558808333000000
334501;10;8;2018;22:48;0;AV JOAO PESSOA;;;4302;;Colis?â?úo;;;;Meio de Quadra;;;0;1;0;1;0;0;0;0;0;1;0;0;-3,751089000000000;-38,548267000000000
334509;10;8;2018;22:48;0;AV SEN CARLOS JEREISSATI (AEROPORTO);;;0;;Queda;;;;Meio de Quadra;;;0;1;0;0;0;1;0;0;0;0;0;0;;
334482;10;8;2018;12:04;19743;RUA PRO LINO ENCARNACAO;RUA AZEVEDO BOLAO;;0;;Colis?â?úo;Luz do Dia;;;Cruz;Pare;Residencial;0;1;0;1;0;0;0;0;0;1;0;0;-3,737419000000000;-38,561430000000000
334483;10;8;2018;13:41;0;RUA DEMETRIO MENEZES;;;3621;;Colis?â?úo;Luz do Dia;;;Meio de Quadra;;;0;1;1;1;0;0;0;0;0;1;0;0;-3,735205000000000;-38,584159000000000
334486;10;8;2018;14:01;0;RUA DOM XISTO ALBANO;;;1463;;Colis?â?úo;Luz do Dia;;;Meio de Quadra;;;0;1;0;1;0;0;0;0;0;1;0;0;;
334487;10;8;2018;14:12;0;RUA ANTONIO NERY;;;59;;Colis?â?úo;Luz do Dia;;;Meio de Quadra;;;0;1;0;0;0;0;0;0;0;0;0;0;-3,773679406000000;-38,598955500000000
334488;10;8;2018;14:46;0;RUA VITAL BRASIL;;;2740;;Colis?â?úo;Luz do Dia;;;Meio de Quadra;;;0;1;0;1;0;0;0;0;0;1;0;0;-3,776082626000000;-38,604806500000000
334489;10;8;2018;15:53;0;AV RAD JOSE LIMA VERDE;;;1057;;Queda;Luz do Dia;;;Meio de Quadra;;;0;1;0;0;0;0;0;0;0;1;0;0;-3,701835000000000;-38,589940000000000
334490;10;8;2018;15:55;0;AV JOVITA FEITOSA;;;0;;Colis?â?úo;Luz do Dia;;;Meio de Quadra;;;0;1;0;0;0;0;0;0;0;0;0;0;;
334491;10;8;2018;16:20;0;AV ODILON GUIMARAES;;;1489;;Colis?â?úo;Luz do Dia;;;Meio de Quadra;;;0;1;0;0;0;0;0;0;0;1;0;0;;
334492;10;8;2018;17:30;0;RUA FRANCISCO LORDA;;;303;;Colis?â?úo;Anoitecer;;;Meio de Quadra;;;0;1;0;1;0;0;0;0;0;1;0;0;-3,761910900000000;-38,531893300000000
334493;10;8;2018;18:02;0;AV AUGUSTO DOS ANJOS;;;2171;;Colis?â?úo;Anoitecer;;;Meio de Quadra;;;0;1;0;0;0;0;0;0;0;1;0;0;-3,784861000000000;-38,583225000000000
334494;10;8;2018;19:19;0;RUA TEN JOSE NEWTON;;;106;;Colis?â?úo;;;;Meio de Quadra;;;0;1;0;1;0;0;0;0;0;1;0;0;-3,823370000000000;-38,491590000000000
334495;10;8;2018;20:42;0;RUA PDE VALDEVINO;;;943;;Colis?â?úo;;;;Meio de Quadra;;;0;1;0;1;0;0;0;0;0;1;0;0;-3,739483077000000;-38,515710000000000
334470;10;8;2018;08:47;0;AV ODILON GUIMARAES;;;4463;;Queda;Luz do Dia;;;Meio de Quadra;;;0;1;0;0;0;0;0;0;0;1;0;0;-3,809524175000000;-38,462576598000000
334471;10;8;2018;09:06;0;AV BORGES DE MELO;;;0;;Colis?â?úo;Luz do Dia;;;Meio de Quadra;;;0;1;0;1;0;0;0;0;0;1;0;0;;
334472;10;8;2018;09:14;0;RUA TEODOMIRO DE CASTRO;;;3945;;Colis?â?úo;Luz do Dia;;;Meio de Quadra;;;0;1;0;1;0;0;0;0;0;1;0;0;-3,720492700000000;-38,568923150000000
334473;10;8;2018;09:20;0;RUA DR JOSE LOURENCO;;;0;;Atropelamento;Luz do Dia;;;Meio de Quadra;;;0;1;0;1;0;0;0;0;0;0;0;0;;
334474;10;8;2018;09:22;0;AV ALANIS MARIA LAURINDO DE OLIVEIRA;;;1160;;Queda;Luz do Dia;;;Meio de Quadra;;;0;1;0;0;0;0;0;0;0;1;0;0;;
334475;10;8;2018;09:29;0;RUA BETEL;;;0;;Queda;Luz do Dia;;;Meio de Quadra;;;0;1;0;0;0;0;0;0;0;1;0;0;;
334476;10;8;2018;09:54;0;RUA BERNARDO MANUEL;;;13440;;Colis?â?úo;Luz do Dia;;;Meio de Quadra;;;0;1;0;1;0;0;0;0;0;1;0;0;-3,834859000000000;-38,562372000000000
334477;10;8;2018;10:17;0;RUA EUDES CARDOSO;;;1332;;Queda;Luz do Dia;;;Meio de Quadra;;;0;1;0;0;0;1;0;0;0;0;0;0;-3,826754524000000;-38,482441905000000
334478;10;8;2018;10:54;0;RUA TEN JURANDIR ALENCAR;;;250;;Queda;Luz do Dia;;;Meio de Quadra;;;0;1;0;0;0;1;0;0;0;0;0;0;-3,831723500000000;-38,493455000000000
334479;10;8;2018;11:04;17948;RUA ALCANTARA BILHAR;RUA BALDUINO FREIRE;;0;;Colis?â?úo;Luz do Dia;;;Meio de Quadra;N?â?úo H?â?í Controle;Residencial;0;1;0;1;0;0;0;0;0;1;0;0;-3,734924000000000;-38,582230000000000
334480;10;8;2018;11:05;0;RUA AMARO CAVALCANTI;;;138;;Atropelamento;Luz do Dia;;;Meio de Quadra;;;0;1;0;0;0;0;0;0;0;1;0;0;-3,724188595000000;-38,553194747000000
334436;10;8;2018;07:58;9169;AV LUCIANO CARNEIRO;RUA DR ALFREDO WEYNE D14;;0;;Queda;Luz do Dia;;;T;Pare;Comercial;0;1;0;0;0;0;0;0;0;1;0;0;-3,754682000000000;-38,533556000000000
334437;10;8;2018;08:31;10749;AV SEN FERNANDES TAVORA;RUA PRO HERIBALDO COSTA;;0;;Colis?â?úo;Luz do Dia;;;Cruz;Sem?â?íforo;Comercial;0;1;0;0;0;0;0;0;0;1;0;0;-3,761006000000000;-38,584384000000000
334440;10;8;2018;08:31;0;AV SEN FERNANDES TAVORA;;;937;;Colis?â?úo;Luz do Dia;;;Meio de Quadra;;;0;1;0;0;0;0;0;0;0;1;0;0;-3,763342100000000;-38,580270300000000
333500;10;8;2018;17:13;0;RUA ROMEU MARTINS;;;140;;Colis?â?úo;Anoitecer;;;Meio de Quadra;;;0;0;2;1;0;0;0;0;0;1;0;0;-3,763168401000000;-38,557308400000000
333501;10;8;2018;15:05;0;RUA BARRA NOVA;;;10;;Colis?â?úo;Luz do Dia;;;Meio de Quadra;;;0;0;2;0;0;0;0;0;0;0;0;0;-3,784756000000000;-38,505665000000000
337320;10;8;2018;18:37;5306;RUA DO ROSARIO;RUA MON LUIS ROCHA;;0;;Colis?â?úo;;;;Cruz;Pare;Comercial;0;0;1;1;0;0;0;0;0;0;0;0;-3,729645000000000;-38,526198000000000
337363;10;8;2018;16:30;0;AV DOS EXPEDICIONARIOS;;;4806;;Colis?â?úo;Luz do Dia;;;Meio de Quadra;;;0;0;1;1;0;0;0;0;0;1;0;0;-3,761346191000000;-38,540101524000000
337364;10;8;2018;19:52;0;AV SGT HERMINIO SAMPAIO;;;2755;;Colis?â?úo;;;;Meio de Quadra;;;0;0;1;1;0;0;0;0;0;1;0;0;-3,727089000000000;-38,564546000000000
332510;10;8;2018;09:18;0;AV ABOLICAO;;;3806;;Colis?â?úo Lateral;Luz do Dia;Chuva;Molhada;Meio de Quadra;N?â?úo H?â?í Controle;Residencial;0;0;2;1;0;0;0;0;0;0;0;0;-3,725694200000000;-38,485447000000000
332511;10;8;2018;10:01;0;AV SANTOS DUMONT;;;3625;;Colis?â?úo Transversal;Luz do Dia;Chuva;Molhada;;;;0;0;2;1;0;0;0;0;0;0;0;0;-3,738652200000000;-38,491690000000000
332512;10;8;2018;09:52;7992;AV JOAO PESSOA;RUA ANA NERY;;0;;Colis?â?úo Transversal;Luz do Dia;Nublado;Molhada;Cruz;Pare;Comercial;0;1;2;1;0;0;0;0;0;1;0;0;-3,749460000000000;-38,546781000000000
332513;10;8;2018;07:10;293;RUA ERICO MOTA;RUA ROTARY;;0;;Choque c/ Obst?â?ículo Fixo;Luz do Dia;Nublado;Molhada;Cruz;Pare;Residencial;0;2;1;0;1;0;0;0;0;1;0;0;-3,743082000000000;-38,561405000000000
332514;10;8;2018;07:58;6823;RUA DR RIBAMAR LOBO;RUA DR GILBERTO STUDART;;0;;Colis?â?úo Transversal;Luz do Dia;Bom;Seca;Cruz;Pare;Residencial;0;0;2;1;0;0;0;0;0;0;0;0;-3,747662000000000;-38,468361000000000
332515;10;8;2018;15:00;23748;RUA LEAO DO NORTE;RUA CON DE CASTRO;;0;;Colis?â?úo Transversal;Luz do Dia;Bom;Seca;T;Pare;Comercial;0;1;1;1;0;0;0;0;0;1;0;0;-3,786042000000000;-38,574385000000000
332516;10;8;2018;18:42;0;AV JOVITA FEITOSA;;;186;;Colis?â?úo Traseira;Via Iluminada;Bom;Seca;Meio de Quadra;Gesto;Comercial;0;1;1;1;0;0;0;0;0;1;0;0;-3,737617500000000;-38,545803000000000
332518;10;8;2018;20:41;0;RUA BAR CANINDE;;;1389;;Colis?â?úo Lateral;Via Iluminada;Bom;Seca;Meio de Quadra;Pare;Residencial;0;0;2;1;1;0;0;0;0;0;0;0;-3,768967000000000;-38,556860000000000
332519;10;8;2018;20:56;13528;RUA ANTONIO AUGUSTO;TR SORIANO ALBUQUERQUE;;0;;Colis?â?úo Transversal;Via Iluminada;Bom;Seca;Cruz;Gesto;Comercial;0;0;3;1;0;0;0;0;0;0;0;0;-3,747500000000000;-38,518861000000000
331895;10;8;2018;15:00;0;AV SEN CARLOS JEREISSATI (AEROPORTO);;;0;KM 01;Colis?â?úo;Luz do Dia;;Seca;Meio de Quadra;;;0;0;2;1;0;0;0;0;0;0;0;0;-3,783753000000000;-38,526850000000000
332521;11;8;2018;10:25;5462;RUA SOLON PINHEIRO;RUA ANTONIO POMPEU;;0;;Colis?â?úo Lateral;Luz do Dia;Bom;Seca;Cruz;Sem?â?íforo;Comercial;0;1;1;0;1;0;0;0;0;0;0;0;-3,735609000000000;-38,528028000000000
332522;11;8;2018;11:56;0;AV FRANCISCO SA;;;3405;;Atropelamento;Luz do Dia;Bom;Seca;Meio de Quadra;N?â?úo H?â?í Controle;Residencial;0;1;1;0;0;0;0;0;0;1;0;0;-3,718116300000000;-38,555620000000000
332523;11;8;2018;13:39;0;RUA PDE PEDRO DE ALENCAR;;;328;;Colis?â?úo Lateral;Luz do Dia;Bom;Seca;Meio de Quadra;N?â?úo H?â?í Controle;Comercial;0;0;2;1;1;0;0;0;0;0;0;0;-3,830578000000000;-38,493977000000000
332524;11;8;2018;19:04;24378;RUA ALM RUFINO;RUA MOREIRA GOMES;;0;;Colis?â?úo Transversal;Luz do Dia;Bom;Seca;Cruz;Pare;Residencial;0;1;1;1;0;0;0;0;0;1;0;0;-3,767023000000000;-38,536040000000000
332525;11;8;2018;14:35;15336;RUA PEREIRA VALENTE;RUA JOAQUIM NABUCO;;0;;Colis?â?úo Transversal;Luz do Dia;Bom;Seca;Cruz;Pare;Comercial;0;1;1;1;0;0;0;0;0;1;0;0;-3,731296000000000;-38,500013000000000
332526;11;8;2018;20:32;0;AV DR SILAS MUNGUBA;;;5900;;Colis?â?úo Traseira;Via Iluminada;Bom;Seca;Meio de Quadra;N?â?úo H?â?í Controle;Comercial;0;2;1;1;0;0;0;0;0;1;0;0;-3,804129000000000;-38,527520000000000
332527;11;8;2018;21:29;15298;RUA ANA BILHAR;RUA BARBOSA DE FREITAS;;0;;Colis?â?úo Lateral;Via Iluminada;Bom;Seca;Cruz;Pare;Residencial;0;0;2;0;1;0;0;0;0;0;0;0;-3,729646000000000;-38,495143000000000
333508;11;8;2018;00:21;0;AV JOVITA FEITOSA;;;2230;;Colis?â?úo;;;;Meio de Quadra;;;0;2;0;0;0;0;0;1;0;1;0;0;-3,740049000000000;-38,557484000000000
333514;11;8;2018;18:20;283;RUA DOM JOSE LOURENCO  D27;RUA ROTARY;;0;;Colis?â?úo;Anoitecer;;;Cruz;N?â?úo H?â?í Controle;Comercial;0;1;0;1;0;0;0;0;0;1;0;0;-3,742410000000000;-38,558154000000000
334564;11;8;2018;10:00;0;AV MOZART PINHEIRO DE LUCENA;;;2422;;Colis?â?úo;Luz do Dia;;;Meio de Quadra;;;0;1;0;1;0;0;0;0;0;1;0;0;-3,725128956000000;-38,597663026000000
334565;11;8;2018;10:41;0;AV GODOFREDO MACIEL;;;905;;Atropelamento;Luz do Dia;;;Meio de Quadra;;;0;1;0;0;0;0;0;0;0;1;0;0;-3,784238000000000;-38,566127684000000
334566;11;8;2018;11:34;0;AV FRANCISCO SA;;;3405;;Atropelamento;Luz do Dia;;;Meio de Quadra;;;0;1;0;0;0;0;0;0;0;1;0;0;-3,718081000000000;-38,555342000000000
334567;11;8;2018;11:49;0;RUA LUIZA MIRANDA COELHO;;;1121;;Colis?â?úo;Luz do Dia;;;Meio de Quadra;;;0;1;0;1;0;0;0;0;0;1;0;0;-3,775077849000000;-38,486775364000000
334568;11;8;2018;12:16;0;RUA OSCAR ARARIPE;;;2741;;Colis?â?úo;Luz do Dia;;;Meio de Quadra;;;0;1;0;1;0;0;0;0;0;1;0;0;-3,785958741000000;-38,615628259000000
334569;11;8;2018;13:05;0;AV ALANIS MARIA LAURINDO DE OLIVEIRA;;;540;;Colis?â?úo;Luz do Dia;;;Meio de Quadra;;;0;1;0;1;0;0;0;0;0;1;0;0;;
334570;11;8;2018;13:05;3317;RUA CHILE;RUA MARIO DE ANDRADE;;0;;Colis?â?úo;Luz do Dia;;;;;;0;1;0;1;0;0;0;0;0;1;0;0;-3,746649000000000;-38,565813000000000
334571;11;8;2018;15:13;0;RUA ALEXANDRINA;;;0;;Colis?â?úo;Luz do Dia;;;Meio de Quadra;;;0;1;0;1;0;1;0;0;0;0;0;0;;
334572;11;8;2018;15:33;0;AV CASTELO DE CASTRO;;;324;;Colis?â?úo;Luz do Dia;;;Meio de Quadra;;;0;1;0;1;0;0;0;0;0;1;0;0;-3,831735000000000;-38,521519000000000
334573;11;8;2018;15:42;0;AV GAL OSORIO DE PAIVA;;;2451;;Colis?â?úo;Luz do Dia;;;Meio de Quadra;;;0;1;0;0;0;0;0;0;0;1;0;0;-3,786823532000000;-38,584164081000000
334574;11;8;2018;16:11;24956;AV ENG ALBERTO SA;AV ALM HENRIQUE SABOIA;;0;;Queda;Luz do Dia;;;;;;0;1;0;0;0;1;0;0;0;0;0;0;-3,732499000000000;-38,482890000000000
334575;11;8;2018;16:57;15298;RUA ANA BILHAR;RUA BARBOSA DE FREITAS;;0;;Colis?â?úo;Luz do Dia;;;Cruz;Pare;Residencial;0;1;0;1;1;0;0;0;0;0;0;0;-3,729646000000000;-38,495143000000000
334576;11;8;2018;17:17;0;AV JOR THOMAZ COELHO;;;0;;Queda;Anoitecer;;;Meio de Quadra;;;0;1;0;0;0;0;0;0;0;1;0;0;;
334577;11;8;2018;17:39;0;RUA MARIA CLARA;;;1110;;Colis?â?úo;Anoitecer;;;Meio de Quadra;;;0;1;0;1;0;0;0;0;0;1;0;0;-3,725075630000000;-38,589296926000000
334578;11;8;2018;18:41;0;AV PRO GOMES DE MATOS;;;861;;Atropelamento;;;;Meio de Quadra;;;0;1;0;0;0;0;0;0;0;1;0;0;-3,760725158000000;-38,545257158000000
334579;11;8;2018;18:42;0;RUA METON DE ALENCAR;;;0;;Atropelamento;;;;Meio de Quadra;;;0;1;0;0;0;0;0;0;0;1;0;0;;
334580;11;8;2018;18:43;0;RUA ENG LUIS MONTENEGRO;;;405;;Colis?â?úo;;;;Meio de Quadra;;;0;1;0;1;0;0;0;0;0;1;0;0;-3,814620000000000;-38,616630000000000
334581;11;8;2018;19:49;0;RUA BAR CRATO;;;1776;;Queda;;;;Meio de Quadra;;;0;1;0;0;0;0;0;0;0;1;0;0;-3,722673471000000;-38,564915294000000
334582;11;8;2018;21:33;0;RUA DAS PALMEIRAS;;;0;;Colis?â?úo;;;;Meio de Quadra;;;0;1;0;0;0;0;0;0;0;1;0;0;;
334642;11;8;2018;22:23;0;AV DR SILAS MUNGUBA;;;3770;;Atropelamento;;;;Meio de Quadra;;;0;1;0;1;0;0;0;0;0;0;0;0;-3,790483000000000;-38,540009000000000
327501;11;8;2018;08:00;0;AV GAL OSORIO DE PAIVA;;;0;;Colis?â?úo Transversal;Luz do Dia;Bom;Seca;Meio de Quadra;Sem?â?íforo;Comercial;0;2;0;1;0;0;1;0;0;0;0;0;;
327502;12;8;2018;11:00;0;RUA FIRMINO ROCHA AGUIAR;;;0;;Colis?â?úo Lateral;Luz do Dia;Bom;Seca;Meio de Quadra;Sem?â?íforo;Residencial;0;1;1;1;0;0;0;0;0;1;0;0;;
327503;12;8;2018;16:50;1653;RUA MON CATAO;RUA GAL TERTULIANO POTYGUARA;;0;;Colis?â?úo Lateral;Luz do Dia;Bom;Seca;Cruz;Pare;Residencial;0;0;2;0;0;0;0;0;0;1;0;0;-3,745640000000000;-38,492797000000000
334643;12;8;2018;00:01;0;RUA NEREU RAMOS;;;294;;Queda;;;;Meio de Quadra;;;0;1;0;0;0;0;0;0;0;1;0;0;-3,786229000000000;-38,569609000000000
334644;12;8;2018;00:02;500;RUA PRO VIEIRA;AV SEN FERNANDES TAVORA;;0;;Colis?â?úo;;;;Cruz;Pare;Comercial;0;1;0;0;0;0;0;0;0;1;0;0;-3,755810000000000;-38,594591000000000
334645;12;8;2018;03:17;0;AV GAL OSORIO DE PAIVA;;;0;;Colis?â?úo;;;;Meio de Quadra;;;0;1;0;0;0;0;0;0;0;1;0;0;;
334646;12;8;2018;05:47;0;RUA MIN ALBUQUERQUE LIMA;;;0;;Colis?â?úo;Amanhecer;;;Meio de Quadra;;;0;1;0;1;0;0;0;0;0;1;0;0;;
334648;12;8;2018;00:23;12757;RUA MAJ WEYNE;RUA DAMASCENO GIRAO;;0;;Queda;;;;;;;0;1;0;0;0;0;0;0;0;1;0;0;-3,752487000000000;-38,540018000000000
334649;12;8;2018;08:47;0;AV RAD JOSE LIMA VERDE;;;0;;Colis?â?úo;Luz do Dia;;;Meio de Quadra;;;0;1;0;1;0;0;0;0;0;1;0;0;;
334650;12;8;2018;08:59;0;RUA AFONSO LOPES;;;468;;Colis?â?úo;Luz do Dia;;;Meio de Quadra;;;0;1;0;1;0;0;0;0;0;1;0;0;-3,789360000000000;-38,547080000000000
334677;12;8;2018;12:01;0;RUA JOSE TEIXEIRA REGO;;;0;;Colis?â?úo;Luz do Dia;;;;;;0;1;0;1;0;0;0;0;0;1;0;0;;
334675;12;8;2018;11:56;0;RUA CREUSA ROQUE;;;1125;;Queda;Luz do Dia;;;Meio de Quadra;;;0;1;0;0;0;1;0;0;0;0;0;0;-3,800615800000000;-38,584395900000000
334669;12;8;2018;10:17;0;RUA 3 DE MAIO;;;1233;;Atropelamento;Luz do Dia;;;Meio de Quadra;;;0;1;0;0;0;0;0;0;0;0;0;0;-3,748820000000000;-38,564820000000000
334667;12;8;2018;09:38;0;AV GAL OSORIO DE PAIVA;;;1805;;Queda;Luz do Dia;;;Meio de Quadra;;;0;1;0;0;0;0;0;0;0;1;0;0;-3,783103000000000;-38,578294000000000
334672;12;8;2018;11:38;0;AV CEL CARVALHO;;;1131;;Colis?â?úo;Luz do Dia;;;Meio de Quadra;;;0;1;0;1;0;0;0;0;0;1;0;0;-3,711872800000000;-38,589330800000000
334673;12;8;2018;11:45;0;AV BORGES DE MELO;;;1060;;Atropelamento;Luz do Dia;;;Meio de Quadra;;;0;1;0;0;0;0;0;0;0;1;0;0;-3,758150000000000;-38,532220000000000
334744;12;8;2018;19:28;0;RUA MANUEL DA NOBREGA;;;237;;Atropelamento;;;;Meio de Quadra;;;0;1;0;1;0;0;0;0;0;0;0;0;-3,798377600000000;-38,583935360000000
334746;12;8;2018;19:34;12819;AV PRO GOMES DE MATOS;RUA ANDRE CHAVES;;0;;Colis?â?úo;;;;Cruz;Sem?â?íforo;Comercial;0;1;0;1;0;0;0;0;0;1;0;0;-3,756396000000000;-38,541533000000000
334728;12;8;2018;12:11;0;AV CONTORNO NORTE D71;;;586;;Colis?â?úo;Luz do Dia;;;Meio de Quadra;;;0;1;0;1;0;0;0;0;0;1;0;0;-3,839134400000000;-38,589786500000000
334729;12;8;2018;13:35;0;RUA MOURA MATOS;;;0;;Colis?â?úo;Luz do Dia;;;Meio de Quadra;;;0;1;0;1;0;0;0;0;0;1;0;0;;
334730;12;8;2018;16:22;0;RUA ALBERTO FERREIRA;;;679;;Atropelamento;Luz do Dia;;;Meio de Quadra;;;0;1;0;0;0;0;0;0;0;1;0;0;-3,706297800000000;-38,574828400000000
334731;12;8;2018;17:16;0;AV GAL OSORIO DE PAIVA;;;0;;Colis?â?úo;Anoitecer;;;Meio de Quadra;;;0;1;0;1;0;0;0;0;0;1;0;0;;
334732;12;8;2018;17:23;0;RUA MATEUS LEMOS;;;3949;;Queda;Anoitecer;;;Meio de Quadra;;;0;1;0;0;0;1;0;0;0;0;0;0;-3,780480000000000;-38,619000000000000
334733;12;8;2018;18:41;0;VL MACIEL;;;42;;Colis?â?úo;;;;Meio de Quadra;;;0;1;0;0;0;0;0;0;0;1;0;0;-3,749454810000000;-38,572311809000000
334734;12;8;2018;18:52;0;AV SGT HERMINIO SAMPAIO;;;4270;;Colis?â?úo;;;;Meio de Quadra;;;0;1;0;0;0;0;0;0;0;0;0;0;-3,731149170000000;-38,578325936000000
334735;12;8;2018;19:13;0;RUA PDE PEDRO DE ALENCAR;;;2012;;Colis?â?úo;;;;Meio de Quadra;;;0;1;0;0;0;0;0;0;0;0;0;0;-3,845171000000000;-38,494485000000000
333515;12;8;2018;10:40;0;AV TRISTAO GONCALVES;;;695;;Colis?â?úo;Luz do Dia;;;Meio de Quadra;;;0;0;1;1;0;0;0;0;0;0;0;0;-3,732988800000000;-38,534810500000000
333517;12;8;2018;19:25;0;AV C CJ SITIO SAO JOAO;;;0;;Colis?â?úo;;;;Meio de Quadra;;;0;0;1;0;0;0;1;0;0;1;0;0;;
332529;12;8;2018;06:35;7401;AV SEN FERNANDES TAVORA;RUA AUDISIO PINHEIRO;;0;;Colis?â?úo Transversal;Amanhecer;Bom;Seca;Cruz;Sem?â?íforo;Comercial;0;0;2;1;0;0;0;0;0;0;0;0;-3,758593000000000;-38,588886000000000
332530;12;8;2018;11:50;0;AV AUGUSTO DOS ANJOS;;;220;;Colis?â?úo Lateral;Luz do Dia;Bom;Seca;Meio de Quadra;Sem?â?íforo;Residencial;0;1;1;1;0;0;0;0;0;1;0;0;-3,784088900000000;-38,580074000000000
332531;12;8;2018;20:19;12819;AV PRO GOMES DE MATOS;RUA ANDRE CHAVES;;0;;Colis?â?úo Traseira;Via Iluminada;Bom;Seca;Cruz;Sem?â?íforo;Comercial;0;1;1;1;0;0;0;0;0;1;0;0;-3,756396000000000;-38,541533000000000
332532;12;8;2018;20:20;3381;RUA AMAZONAS;RUA MATO GROSSO;;0;;Colis?â?úo Transversal;Via Iluminada;Bom;Seca;Cruz;Pare;Residencial;0;2;0;1;0;0;0;0;0;1;0;0;-3,754493000000000;-38,562396000000000
332543;12;8;2018;20:40;0;AV ENG SANTANA JUNIOR;;;3700;;Colis?â?úo Traseira;Via Iluminada;Bom;Seca;Meio de Quadra;D?â?¬ Prefer?â?¬ncia;Comercial;0;0;2;1;0;0;0;0;0;0;0;0;-3,749886500000000;-38,490380000000000