COD_ACIDENTE;DIA;MES;ANO;HORA;INTERSECAO;LOG1;LOG2;LOG3;NUMERO;REFERENCIA;NATUREZA;ILUMINACAO;TEMPO;SUPERFICIEPISTA;TIPOCRUZAMENTO;CONTROLETRAFEGO;USOSOLO;MORTOS;FERIDOS;ILESOS;AUTOMOVEL;ONIBUS;BICICLETA;CAMINHAO;MICROONIBUS;CICLOMOTOR;MOTOCICLETA;TRACAOANIMAL;TREM;LATITUDE;LONGITUDE
331899;12;8;2018;09:40;0;AV ENG SANTANA JUNIOR;;;0;;Colis?â?úo;Luz do Dia;;Seca;Meio de Quadra;;;0;0;2;1;0;0;0;0;0;0;0;0;;
331900;12;8;2018;20:30;0;RD CE-040;;;0;KM-07;Colis?â?úo;Via Iluminada;;Seca;Meio de Quadra;;;0;0;2;1;0;0;0;0;0;0;0;0;-3,817159445000000;-38,483032860000000
332544;13;8;2018;22:09;3868;RUA JOAQUIM MAGALHAES;RUA SEN POMPEU;;0;;Colis?â?úo Traseira;Via Iluminada;Bom;Seca;Cruz;Pare;Comercial;0;1;1;1;0;0;0;0;0;1;0;0;-3,738281000000000;-38,533066000000000
332581;13;8;2018;13:43;1258;AV SANTOS DUMONT;RUA MON BRUNO;;0;;Queda;Luz do Dia;Bom;Seca;Cruz;N?â?úo H?â?í Controle;Comercial;0;1;0;0;0;0;0;0;0;0;0;0;-3,732595000000000;-38,509506000000000
332582;13;8;2018;15:45;0;RUA MON CATAO;;;1191;;Capotamento;Luz do Dia;Bom;Seca;Meio de Quadra;N?â?úo H?â?í Controle;Residencial;0;2;2;1;0;0;0;0;0;0;0;0;-3,742237800000000;-38,491660000000000
332546;13;8;2018;08:33;25300;RUA DA SAUDADE (MONTESE);RUA MIMOSA;;0;;Colis?â?úo Lateral;Luz do Dia;Bom;Seca;Cruz;Pare;Comercial;0;0;2;1;0;0;0;0;0;1;0;0;-3,769571000000000;-38,545727000000000
332533;13;8;2018;01:24;15748;RUA NOVA QUIETUDE;RUA MANUEL ARRUDA;;0;;Colis?â?úo Transversal;Via Iluminada;Bom;Seca;Cruz;Pare;Comercial;0;0;1;1;0;0;0;0;0;0;0;0;-3,829155000000000;-38,503137000000000
332534;13;8;2018;07:45;17397;AV PRO GOMES DE MATOS;RUA ROMEU MARTINS;;0;;Colis?â?úo Transversal;Luz do Dia;Bom;Seca;Cruz;Pare;Comercial;0;1;1;1;0;0;0;0;0;1;0;0;-3,767447000000000;-38,551023000000000
332535;13;8;2018;08:15;5343;RUA METON DE ALENCAR;RUA PDE IBIAPINA;;0;;Colis?â?úo Lateral;Luz do Dia;Bom;Seca;T;Sem?â?íforo;Comercial;0;0;2;1;0;0;0;1;0;0;0;0;-3,730548000000000;-38,539973000000000
332537;13;8;2018;09:18;13748;RUA LUIZA MIRANDA COELHO;RUA MARIANA P BANDEIRA;;0;;Colis?â?úo Lateral;Luz do Dia;Bom;Seca;Cruz;Pare;Comercial;0;1;1;1;0;0;0;0;0;1;0;0;-3,774073000000000;-38,490206000000000
332538;13;8;2018;09:11;25142;AV BORGES DE MELO;RUA JOAO ARARIPE;;0;;Atropelamento;Luz do Dia;Bom;Seca;Cruz;Sem?â?íforo;Comercial;0;1;1;1;0;0;0;0;0;0;0;0;-3,758147000000000;-38,532143000000000
332539;13;8;2018;08:48;0;RUA DR JOSE LOURENCO;RUA GUSTAVO SAMPAIO;;0;;Colis?â?úo Transversal;Luz do Dia;Bom;Seca;Cruz;Pare;Comercial;0;0;1;1;0;0;0;0;0;1;0;0;-3,735881800000000;-38,559494000000000
332540;13;8;2018;11:16;0;RUA BENI DE CARVALHO;;;239;;Colis?â?úo Lateral;Luz do Dia;Bom;Seca;Meio de Quadra;N?â?úo H?â?í Controle;Comercial;0;1;1;1;0;0;0;0;0;1;0;0;-3,744897600000000;-38,498370000000000
332541;13;8;2018;09:23;0;RUA DES LEITE ALBUQUERQUE;;;816;;Colis?â?úo Traseira;Luz do Dia;Bom;Seca;Meio de Quadra;N?â?úo H?â?í Controle;Comercial;0;0;2;1;0;0;0;0;0;0;0;0;-3,737722600000000;-38,496998000000000
332542;13;8;2018;14:56;0;AV JOAO PESSOA;;;3614;;N?â?úo Informado;Luz do Dia;Bom;Seca;Outros;Sem?â?íforo;Comercial;0;0;2;1;0;0;0;0;0;0;0;0;-3,746317000000000;-38,543990000000000
332667;13;8;2018;12:04;0;AV ANTONIO SALES;;;3233;;Colis?â?úo Lateral;Luz do Dia;Bom;Seca;Meio de Quadra;N?â?úo H?â?í Controle;Comercial;0;1;1;0;0;0;0;0;0;1;0;0;-3,747650600000000;-38,495350000000000
333521;13;8;2018;19:05;0;AV DUQ CAXIAS;;;519;;Colis?â?úo;;;;Meio de Quadra;;;0;0;2;1;0;0;0;0;0;0;0;0;-3,731981000000000;-38,529285000000000
333522;13;8;2018;20:23;0;RUA OSCAR FRANCA;;;1157;;Atropelamento;;;;Meio de Quadra;;;0;1;0;0;0;0;1;0;0;0;0;0;-3,791102706000000;-38,602079177000000
334751;13;8;2018;06:58;0;RUA FAUSTO CABRAL;;;1120;;Colis?â?úo;Luz do Dia;;;Meio de Quadra;;;0;1;0;1;0;0;0;0;0;1;0;0;-3,735188000000000;-38,471170000000000
334748;13;8;2018;00:42;0;RUA URUBURETAMA;;;55;;Queda;;;;Meio de Quadra;;;0;1;0;0;0;0;0;0;0;1;0;0;-3,758104286000000;-38,542101286000000
334749;13;8;2018;06:43;0;AV GODOFREDO MACIEL;;;0;;Colis?â?úo;Luz do Dia;;;Meio de Quadra;;;0;1;0;1;0;0;0;0;0;1;0;0;;
327521;13;8;2018;08:35;0;AV CEL CARVALHO;;;0;;Colis?â?úo Frontal;Luz do Dia;Bom;Outros;Meio de Quadra;;;0;2;0;0;0;0;0;0;0;1;0;0;;
327507;13;8;2018;03:00;0;AV GODOFREDO MACIEL;;;0;;Colis?â?úo Frontal;Via Iluminada;Bom;Seca;;;;0;2;0;0;0;0;0;0;0;1;0;0;;
334799;13;8;2018;17:09;17291;RUA ALAN KARDEC;RUA ALM RUBIM;;0;;Colis?â?úo;Anoitecer;;;Cruz;Pare;Comercial;0;1;0;1;0;0;0;0;0;1;0;0;-3,763241000000000;-38,552031000000000
334812;13;8;2018;19:27;0;AV CARNEIRO DE MENDONCA;;;0;;Colis?â?úo;;;;Meio de Quadra;;;0;1;0;0;0;0;0;0;0;1;0;0;;
334813;13;8;2018;19:56;0;RUA COM GARCIA;;;1817;;Atropelamento;;;;Meio de Quadra;;;0;1;0;1;0;0;0;0;0;0;0;0;-3,798746815000000;-38,588249333000000
334814;13;8;2018;20:24;0;AV GODOFREDO MACIEL;;;4553;;Colis?â?úo;;;;Meio de Quadra;;;0;1;0;1;0;0;0;0;0;1;0;0;-3,812715100000000;-38,574849200000000
334815;13;8;2018;21:27;5108;RUA SAO PAULO;RUA PRC ISABEL;;0;;Colis?â?úo;;;;Cruz;Pare;Comercial;0;1;0;0;0;0;0;0;0;0;0;0;-3,723679000000000;-38,534619000000000
334792;13;8;2018;10:44;0;AV ANTONIO SALES;;;3210;;Colis?â?úo;Luz do Dia;;;Meio de Quadra;;;0;1;0;1;0;0;0;0;0;1;0;0;-3,747586000000000;-38,495535000000000
334793;13;8;2018;13:58;14613;AV JOSE LEON;RUA IEDA PEREIRA;;0;;Colis?â?úo;Luz do Dia;;;T;N?â?úo H?â?í Controle;Residencial;0;1;0;1;0;0;0;0;0;1;0;0;-3,790996000000000;-38,488668000000000
334805;13;8;2018;18:44;13495;RUA CEL ALVES TEIXEIRA;RUA ILDEFONSO ALBANO;;0;;Colis?â?úo;;;;Cruz;Pare;Residencial;0;1;0;0;0;0;0;0;0;1;0;0;-3,745590000000000;-38,517296000000000
334806;13;8;2018;18:44;0;RUA CON DE CASTRO;;;2480;;Colis?â?úo;;;;Meio de Quadra;;;0;1;0;0;0;0;0;0;0;1;0;0;;
334808;13;8;2018;18:55;0;AV TRISTAO GONCALVES;;;745;;Atropelamento;;;;Meio de Quadra;;;0;1;0;0;0;0;0;0;0;0;0;0;-3,728195667000000;-38,533525500000000
334810;13;8;2018;19:00;7806;RUA FRANCISCO HOLANDA;RUA SILVA PAULET;;0;;Colis?â?úo;;;;Cruz;Pare;Residencial;0;1;0;1;0;0;0;0;0;1;0;0;-3,747096000000000;-38,509525000000000
334801;13;8;2018;17:47;0;RUA BERNARDO MANUEL;;;7201;;Colis?â?úo;Anoitecer;;;Meio de Quadra;;;0;1;0;1;0;0;0;0;0;1;0;0;-3,834591900000000;-38,562098900000000
334802;13;8;2018;17:59;11255;AV GODOFREDO MACIEL;RUA OVIDIO NOGUEIRA;;0;;Colis?â?úo;Anoitecer;;;T;N?â?úo H?â?í Controle;Comercial;0;1;0;0;0;0;0;0;0;0;0;0;-3,802468000000000;-38,571792000000000
334795;13;8;2018;14:57;0;RUA PDE PEDRO DE ALENCAR;;;1530;;Colis?â?úo;Luz do Dia;;;Meio de Quadra;;;0;1;0;1;0;0;0;0;0;1;0;0;-3,841849422000000;-38,494310415000000
334796;13;8;2018;16:52;0;AV PRS COSTA E SILVA;;;3048;;Colis?â?úo;Luz do Dia;;;Meio de Quadra;;;0;1;0;0;0;0;0;0;0;1;0;0;;
334789;13;8;2018;10:12;0;AV ALM HENRIQUE SABOIA;;;1220;;Queda;Luz do Dia;;;Meio de Quadra;;;0;1;0;0;0;0;0;0;0;1;0;0;-3,746523400000000;-38,491770700000000
334777;13;8;2018;07:48;19696;RUA GUSTAVO SAMPAIO;RUA DOM JOSE LOURENCO  D27;;0;;Colis?â?úo;Luz do Dia;;;Cruz;Pare;Comercial;0;1;0;1;0;0;0;0;0;1;0;0;-3,735880000000000;-38,559501000000000
334779;13;8;2018;07:57;0;RUA LUIZA MIRANDA COELHO;;;712;;Colis?â?úo;Luz do Dia;;;Meio de Quadra;;;0;1;0;1;0;0;0;0;0;1;0;0;-3,773968500000000;-38,490540000000000
334780;13;8;2018;00:04;0;AV DA INDEPENDENCIA;;;704;;Outros;;;;Meio de Quadra;;;0;1;0;0;0;0;0;0;0;0;0;0;-3,728132000000000;-38,586790000000000
334781;13;8;2018;08:59;0;AV BORGES DE MELO;;;0;;Atropelamento;Luz do Dia;;;Meio de Quadra;;;0;1;0;1;0;0;0;0;0;0;0;0;;
334816;14;8;2018;06:59;0;RUA PORTO VELHO;;;338;;Colis?â?úo;Luz do Dia;;;Meio de Quadra;;;0;1;0;1;0;0;0;0;0;1;0;0;-3,767953911000000;-38,583326228000000
334844;14;8;2018;09:42;8951;RUA ANTONIO POMPEU;RUA RUBIA SAMPAIO;;0;;Atropelamento;Luz do Dia;;;Cruz;Pare;Comercial;0;1;0;1;0;0;0;0;0;0;0;0;-3,731652000000000;-38,540544000000000
334845;14;8;2018;10:27;0;RUA VICENTE SABOIA;;;0;;Colis?â?úo;Luz do Dia;;;Meio de Quadra;;;0;1;0;0;0;0;0;0;0;1;0;0;;
334846;14;8;2018;10:49;0;RUA TEREZA HINKO;;;216;;Colis?â?úo;Luz do Dia;;;Meio de Quadra;;;0;1;0;1;0;0;0;0;0;1;0;0;-3,724850500000000;-38,484446000000000
334855;14;8;2018;13:16;26246;RUA JOSE ABILIO;RUA ANTONIO NERY;;0;;Colis?â?úo;Luz do Dia;;;;;;0;1;0;0;0;0;0;0;0;1;0;0;-3,783022000000000;-38,601574000000000
334856;14;8;2018;14:15;0;AV SGT HERMINIO SAMPAIO;;;3741;;Colis?â?úo;Luz do Dia;;;Meio de Quadra;;;0;1;0;1;0;0;0;0;0;1;0;0;-3,729449757000000;-38,573970351000000
334848;14;8;2018;12:00;3316;RUA VIRIATO RIBEIRO;RUA CHILE;;0;;Colis?â?úo;Luz do Dia;;;Cruz;Pare;Residencial;0;1;0;1;0;0;0;0;0;1;0;0;-3,746178000000000;-38,565276000000000
334851;14;8;2018;12:31;14841;TR REJANE;RUA PDE RODOLFO;;0;;Colis?â?úo;Luz do Dia;;;Cruz;Pare;Residencial;0;1;0;1;0;0;0;0;0;1;0;0;-3,805515000000000;-38,584954000000000
334852;14;8;2018;12:42;0;AV DOS EXPEDICIONARIOS;;;0;;Colis?â?úo;Luz do Dia;;;Meio de Quadra;;;0;2;1;1;0;0;0;0;0;1;0;0;;
334853;14;8;2018;13:13;0;RUA ANDRE REBOUCAS;;;150;;Queda;Luz do Dia;;;Meio de Quadra;;;0;1;0;0;0;0;0;0;0;1;0;0;-3,774642000000000;-38,589480000000000
334916;14;8;2018;15:47;0;AV MR HULL;;;0;;Colis?â?úo;Luz do Dia;;;Meio de Quadra;;;0;1;0;1;0;0;0;0;0;1;0;0;;
334918;14;8;2018;16:11;14468;RUA TEOFILO GURGEL;RUA HENRIQUE AUTRAN;;0;;Colis?â?úo;Luz do Dia;;;Cruz;Pare;Residencial;0;1;0;1;0;0;0;0;0;1;0;0;-3,727775000000000;-38,546567000000000
334923;14;8;2018;16:50;0;AV JOR THOMAZ COELHO;;;3000;;Colis?â?úo;Luz do Dia;;;Meio de Quadra;;;0;1;0;1;0;0;0;0;0;1;0;0;-3,828805721000000;-38,521935226000000
334920;14;8;2018;16:42;0;AV ALANIS MARIA LAURINDO DE OLIVEIRA;;;370;;Colis?â?úo;Luz do Dia;;;Meio de Quadra;;;0;1;0;1;0;0;0;0;0;1;0;0;;
334921;14;8;2018;16:45;0;RUA PDE CICERO;;;62;;Colis?â?úo;Luz do Dia;;;Meio de Quadra;;;0;1;0;0;0;0;1;0;0;1;0;0;-3,747071000000000;-38,542018500000000
335030;14;8;2018;;0;RUA ELESBAO VELOSO;;;0;;Colis?â?úo;;;;Meio de Quadra;;;0;1;0;0;0;0;0;0;0;0;0;0;;
335028;14;8;2018;17:03;0;AV EDUARDO GIRAO;;;88;;Colis?â?úo;Anoitecer;;;Meio de Quadra;;;0;1;0;1;0;0;0;0;0;1;0;0;-3,750325408000000;-38,537547971000000
335088;14;8;2018;17:12;0;AV CONTORNO SUL;;;104;;Colis?â?úo;Anoitecer;;;Meio de Quadra;;;0;1;0;1;0;0;0;0;0;1;0;0;-3,857830000000000;-38,491050000000000
335089;14;8;2018;17:35;0;RUA PAULO SETUBAL;;;433;;Colis?â?úo;Anoitecer;;;Meio de Quadra;;;0;1;0;1;0;1;0;0;0;0;0;0;-3,821310665000000;-38,499733110000000
335090;14;8;2018;17:59;4219;RUA BAR CRATO;RUA DR ALMEIDA FILHO;;0;;Atropelamento;Anoitecer;;;Cruz;Pare;Residencial;0;1;0;1;0;0;0;0;0;0;0;0;-3,721259000000000;-38,559614000000000
335091;14;8;2018;18:44;19611;RUA NEREU RAMOS;AV GODOFREDO MACIEL;;0;;Colis?â?úo;;;;T;Sem?â?íforo;Comercial;0;1;0;1;0;1;0;0;0;0;0;0;-3,787250000000000;-38,566802000000000
335092;14;8;2018;21:00;0;AV LINEU MACHADO;;;1034;;Atropelamento;;;;Meio de Quadra;;;0;1;0;0;0;0;0;0;0;1;0;0;-3,768831526000000;-38,578439298000000
335093;14;8;2018;23:03;0;RUA JULIO BRAGA;;;1544;;Atropelamento;;;;Meio de Quadra;;;0;2;0;0;0;0;0;0;0;1;0;0;-3,773246000000000;-38,584407000000000
335919;14;8;2018;13:34;21599;RUA RAIMUNDO NERY;RUA DOM XISTO ALBANO;;0;;Colis?â?úo;Luz do Dia;;;Cruz;Pare;Residencial;0;1;0;0;0;0;0;0;0;1;0;0;-3,796768000000000;-38,585309000000000
327593;14;8;2018;01:30;0;RUA BERNARDO MANUEL;;;9948;;Atropelamento;Via Iluminada;Bom;Seca;Meio de Quadra;Gesto;Residencial;1;0;1;0;0;0;0;0;0;1;0;0;-3,804246160000000;-38,553071120000000
327591;14;8;2018;07:00;0;RUA PORTO VELHO;;;338;;Colis?â?úo Transversal;Luz do Dia;Bom;Seca;Meio de Quadra;Sem?â?íforo;Residencial;0;3;0;1;0;0;0;0;0;1;0;0;-3,767953911000000;-38,583326228000000
333533;14;8;2018;11:59;0;RUA JULIO BRAGA;;;1583;;Atropelamento;Luz do Dia;;;Meio de Quadra;;;0;2;0;0;0;0;0;0;0;1;0;0;-3,773246000000000;-38,584407000000000
333534;14;8;2018;16:30;0;RUA CRUZEIRO D69;;;130;;Choque c/ Obst?â?ículo Fixo;Luz do Dia;;;Meio de Quadra;;;0;0;1;0;0;0;0;0;0;0;0;0;-3,714066700000000;-38,558833200000000
333530;14;8;2018;17:45;0;AV ALANIS MARIA LAURINDO DE OLIVEIRA;;;379;;Colis?â?úo;Anoitecer;;;Meio de Quadra;;;0;0;1;1;0;0;0;0;0;1;0;0;;
332547;14;8;2018;09:53;10493;RUA PRO JOSE HENRIQUE;RUA JOSE PEREIRA BARROS;;0;;Colis?â?úo Lateral;Luz do Dia;Nublado;Seca;Cruz;Pare;Residencial;0;0;2;1;0;0;0;0;0;1;0;0;-3,830589000000000;-38,479606000000000
332548;14;8;2018;14:04;0;RUA BILL CARTAXO;;;0;;Colis?â?úo Transversal;Luz do Dia;Bom;Seca;Meio de Quadra;Pare;Residencial;0;1;1;0;0;0;0;0;0;1;0;0;-3,790037400000000;-38,474457000000000
332549;14;8;2018;14:06;25119;RUA BAR AQUIRAZ;RUA MIGUEL COUTO;;0;;Colis?â?úo Transversal;Luz do Dia;Bom;Seca;Cruz;Pare;Residencial;0;0;2;1;0;0;0;0;0;1;0;0;-3,837441000000000;-38,487996000000000
332550;14;8;2018;15:53;0;AV DEP PAULINO ROCHA;;;1001;;Engavetamento;Luz do Dia;Bom;Seca;Meio de Quadra;N?â?úo H?â?í Controle;Residencial;0;0;3;1;0;0;0;0;0;0;0;0;-3,805775400000000;-38,508205000000000
332551;14;8;2018;11:45;0;AV CARNEIRO DE MENDONCA;;;80;;Colis?â?úo Lateral;Luz do Dia;Bom;Seca;Meio de Quadra;Sem?â?íforo;Comercial;0;0;2;1;0;0;0;0;0;0;0;0;-3,767191000000000;-38,560158000000000
332552;14;8;2018;17:20;13233;AV F CJ JOSE WALTER;AV L CJ JOSE WALTER;;0;;Colis?â?úo Lateral;Luz do Dia;Bom;Seca;Rotat?â??ria;N?â?úo H?â?í Controle;Residencial;0;0;2;1;0;0;0;0;0;0;0;0;-3,835328000000000;-38,558805000000000
332553;14;8;2018;15:50;12875;AV DOMINGOS OLIMPIO;RUA COS TRISTAO;;0;;Colis?â?úo Lateral;Luz do Dia;Bom;Seca;Cruz;Pare;Comercial;0;0;2;1;0;0;0;0;0;0;0;0;-3,738077000000000;-38,526351000000000
332554;14;8;2018;16:32;0;RUA PEREIRA FILGUEIRAS;;;825;;Colis?â?úo Traseira;Via Iluminada;Bom;Seca;Meio de Quadra;N?â?úo H?â?í Controle;Residencial;0;0;3;1;0;0;0;0;0;1;0;0;-3,727424400000000;-38,515550000000000
332555;14;8;2018;19:04;15284;AV ANTONIO JUSTA;RUA JOSE NAPOLEAO;;0;;Colis?â?úo Transversal;Via Iluminada;Bom;Seca;T;Pare;Residencial;0;1;1;0;0;0;0;0;0;1;0;0;-3,729164000000000;-38,489799000000000
332556;14;8;2018;16:50;0;RUA MARIINHA HOLANDA;RUA CLAUDIO MANUEL;;0;;Colis?â?úo Lateral;Anoitecer;Bom;Seca;;;;0;0;1;1;0;0;0;0;0;1;0;0;-3,760438700000000;-38,489730000000000
332557;14;8;2018;20:08;23869;RUA PRO ALVARO COSTA;RUA OLIVEIRA FILHO;;0;;Colis?â?úo Transversal;Via Iluminada;Bom;Seca;Cruz;Pare;Comercial;0;0;1;1;0;0;0;0;0;1;0;0;-3,723560000000000;-38,465573000000000
332558;14;8;2018;20:08;0;RUA DEP OSWALDO STUDART;;;390;;Colis?â?úo Lateral;Via Iluminada;Bom;Seca;Meio de Quadra;Pare;Residencial;0;0;2;1;0;0;0;0;0;0;0;0;-3,754407000000000;-38,529030000000000
332559;14;8;2018;16:45;0;AV ALBERTO CRAVEIRO;;;192;;Colis?â?úo Traseira;Luz do Dia;Bom;Seca;Meio de Quadra;N?â?úo H?â?í Controle;Residencial;0;0;1;1;0;0;0;0;0;0;0;0;-3,796689300000000;-38,518410000000000
332560;14;8;2018;21:37;0;AV DR SILAS MUNGUBA;;;3674;;Colis?â?úo Lateral;Via Iluminada;Bom;Seca;Meio de Quadra;Pare;Comercial;0;0;2;1;0;0;0;0;0;0;0;0;-3,790522800000000;-38,540005000000000
332561;14;8;2018;22:05;0;AV DOM MANUEL;AV DOMINGOS OLIMPIO;;0;;Colis?â?úo Traseira;Via Iluminada;Bom;Seca;Cruz;Sem?â?íforo;Comercial;0;0;1;1;0;0;0;0;0;0;0;0;-3,738283000000000;-38,524510000000000
332562;14;8;2018;21:37;15157;RUA ANTONELE BEZERRA;RUA MON BRUNO;;0;;Engavetamento;Via Iluminada;Bom;Seca;Cruz;N?â?úo H?â?í Controle;Residencial;0;0;3;1;0;0;0;0;0;0;0;0;-3,724949000000000;-38,507034000000000
332563;14;8;2018;21:53;0;AV HIS RAIMUNDO GIRAO;;;580;;Colis?â?úo Lateral;Via Iluminada;Bom;Seca;Meio de Quadra;;;0;0;2;1;0;0;0;0;0;1;0;0;-3,736461200000000;-38,514233000000000
332564;14;8;2018;22:44;0;AV PRS COSTA E SILVA;;;4442;;Colis?â?úo Traseira;Via Iluminada;Bom;Seca;T;Sem?â?íforo;Residencial;0;0;2;1;0;0;0;0;0;0;0;0;-3,825612800000000;-38,539900000000000
332545;14;8;2018;09:37;0;AV DOMINGOS OLIMPIO;;;387;;Colis?â?úo Traseira;Luz do Dia;Chuva;Molhada;Meio de Quadra;N?â?úo H?â?í Controle;Comercial;0;0;2;1;0;0;0;0;0;0;0;0;-3,743219600000000;-38,526756000000000
332589;14;8;2018;19:15;13635;RUA ALBERTO FEITOSA LIMA;RUA JOSE ALVES DE MORAES;;0;;Colis?â?úo Transversal;Via Iluminada;Bom;Seca;Cruz;Pare;Comercial;0;0;1;1;0;0;0;0;0;0;0;0;-3,769500000000000;-38,484227000000000
331901;14;8;2018;07:05;0;RD CE-040;;;0;KM-14;Colis?â?úo;Luz do Dia;;Seca;Meio de Quadra;;;0;1;1;0;0;0;0;0;1;0;0;0;-3,752392518000000;-38,490747350000000
331902;14;8;2018;09:40;0;RD CE-040;;;0;KM-03;Colis?â?úo;Luz do Dia;;Seca;Meio de Quadra;;;0;0;2;1;0;0;0;0;0;0;0;0;-3,782614325000000;-38,481083900000000
331903;14;8;2018;17:40;0;AV MIN JOSE AMERICO;;;0;;Colis?â?úo;Anoitecer;;Seca;Meio de Quadra;;;0;0;2;1;0;0;0;0;0;1;0;0;;
328421;14;8;2018;08:20;0;AV DIOGUINHO;;;4189;;Choque c/ Obst?â?ículo Fixo;Luz do Dia;;;Meio de Quadra;;;1;0;0;1;0;0;0;0;0;0;0;0;-3,750329143000000;-38,448662429000000
328424;14;8;2018;18:50;0;AV GAL OSORIO DE PAIVA;;;1665;;Colis?â?úo;;;;Meio de Quadra;;;1;0;1;1;0;1;0;0;0;0;0;0;-3,782196000000000;-38,576828000000000
331904;15;8;2018;09:00;0;RD CE-040;;;0;KM-07;Colis?â?úo;Luz do Dia;;Seca;Meio de Quadra;;;0;1;1;0;0;0;0;0;0;1;0;0;-3,817159445000000;-38,483032860000000
332565;15;8;2018;10:00;0;AV CASTELO DE CASTRO;;;371;;Atropelamento;Luz do Dia;Bom;Seca;Meio de Quadra;N?â?úo H?â?í Controle;Comercial;0;1;1;1;0;0;0;0;0;0;0;0;-3,832092300000000;-38,521515000000000
332566;15;8;2018;10:20;0;RUA JACINTO MATOS;RUA SAO PAULO;;0;;Colis?â?úo Transversal;Luz do Dia;Bom;Seca;Cruz;Pare;Residencial;0;0;2;1;0;0;0;0;0;1;0;0;-3,719686700000000;-38,546677000000000
332567;15;8;2018;13:07;12473;RUA PERDIGAO DE OLIVEIRA;RUA RIBEIRO JUNIOR;;0;;Colis?â?úo Frontal;Luz do Dia;Bom;Seca;Cruz;Pare;Comercial;0;0;2;1;0;0;0;0;0;1;0;0;-3,774843000000000;-38,576672000000000
332568;15;8;2018;14:14;24606;AV MOZART PINHEIRO DE LUCENA;RUA DES HERMES PARAHYBA;;0;;Colis?â?úo Traseira;Luz do Dia;Bom;Seca;Cruz;Pare;Residencial;0;0;1;1;0;0;0;0;0;0;0;0;-3,712404000000000;-38,593995000000000
332569;15;8;2018;13:15;0;RUA PEDRO PEREIRA;;;0;;Colis?â?úo Transversal;Luz do Dia;Bom;Seca;Cruz;Sem?â?íforo;Comercial;0;0;2;1;0;0;0;0;0;0;0;0;-3,727805000000000;-38,533450000000000
332570;15;8;2018;14:30;5284;RUA PEDRO I;RUA PRC ISABEL;;0;;Colis?â?úo Transversal;Luz do Dia;Bom;Seca;Cruz;Pare;Comercial;0;3;0;0;0;0;0;0;0;1;0;0;-3,728809000000000;-38,536144000000000
332571;15;8;2018;19:34;0;RUA PEREIRA FILGUEIRAS;;;892;;Colis?â?úo Lateral;Anoitecer;Bom;Seca;Cruz;Pare;Comercial;0;0;2;1;0;0;0;0;0;0;0;0;-3,727681600000000;-38,514870000000000
332572;15;8;2018;19:50;0;AV PRO GOMES DE MATOS;;;1840;;Colis?â?úo Lateral;Anoitecer;Bom;Seca;Outros;N?â?úo H?â?í Controle;Comercial;0;1;1;1;1;0;0;0;0;0;0;0;-3,767853000000000;-38,551304000000000
332573;15;8;2018;21:06;0;AV BEIRA MAR;;;3000;;Colis?â?úo Lateral;Anoitecer;Bom;Seca;Meio de Quadra;N?â?úo H?â?í Controle;Comercial;0;0;2;1;0;0;0;0;0;0;0;0;-3,725612000000000;-38,497550000000000
333535;15;8;2018;14:45;0;AV ABOLICAO;;;4070;;Colis?â?úo;Luz do Dia;;;Meio de Quadra;;;0;0;1;1;0;0;0;0;0;0;0;0;-3,724730000000000;-38,482600000000000
333536;15;8;2018;20:45;0;RUA SETE BARRA;;;305;;Choque c/ Obst?â?ículo Fixo;;;;Meio de Quadra;;;0;0;1;0;0;0;0;0;0;0;0;0;;
333537;15;8;2018;23:20;12494;AV CARNEIRO DE MENDONCA;RUA RIBEIRO LEITAO;;0;;Colis?â?úo;;;;Cruz;Pare;Residencial;0;0;1;0;0;0;0;0;0;1;0;0;-3,759608000000000;-38,575714000000000
335094;15;8;2018;00:04;0;AV ALBERTO CRAVEIRO;;;0;;Queda;;;;Meio de Quadra;;;0;1;0;0;0;0;0;0;0;1;0;0;;
335095;15;8;2018;05:51;0;AV AUGUSTO DOS ANJOS;;;2100;;Colis?â?úo;Amanhecer;;;Meio de Quadra;;;0;1;0;0;0;0;0;0;0;0;0;0;-3,784191500000000;-38,582654000000000
335097;15;8;2018;09:27;0;AV CASTELO DE CASTRO;;;360;;Atropelamento;Luz do Dia;;;Meio de Quadra;;;0;1;0;1;0;0;0;0;0;0;0;0;-3,830514900000000;-38,521584500000000
335098;15;8;2018;09:38;0;RUA VICENTE LOPES;;;352;;Colis?â?úo;Luz do Dia;;;Meio de Quadra;;;0;1;0;1;0;0;0;0;0;1;0;0;-3,792705343000000;-38,495051475000000
335130;15;8;2018;10:40;0;RUA FAUSTO CABRAL;;;1111;;Colis?â?úo;Luz do Dia;;;Meio de Quadra;;;0;1;0;1;0;0;0;0;0;1;0;0;-3,733840000000000;-38,475920000000000
335131;15;8;2018;12:02;12473;RUA PERDIGAO DE OLIVEIRA;RUA RIBEIRO JUNIOR;;0;;Colis?â?úo;Luz do Dia;;;Cruz;Pare;Comercial;0;1;0;1;0;0;0;0;0;1;0;0;-3,774843000000000;-38,576672000000000