COD_ACIDENTE;DIA;MES;ANO;HORA;INTERSECAO;LOG1;LOG2;LOG3;NUMERO;REFERENCIA;NATUREZA;ILUMINACAO;TEMPO;SUPERFICIEPISTA;TIPOCRUZAMENTO;CONTROLETRAFEGO;USOSOLO;MORTOS;FERIDOS;ILESOS;AUTOMOVEL;ONIBUS;BICICLETA;CAMINHAO;MICROONIBUS;CICLOMOTOR;MOTOCICLETA;TRACAOANIMAL;TREM;LATITUDE;LONGITUDE
335137;15;8;2018;12:43;0;VL CRISTO REI;;;0;;Queda;Luz do Dia;;;Meio de Quadra;;;0;1;0;0;0;1;0;0;0;0;0;0;;
335133;15;8;2018;12:05;0;RUA CON DE CASTRO;;;3586;;Queda;Luz do Dia;;;Meio de Quadra;;;0;1;0;0;0;0;0;0;0;1;0;0;-3,798683500000000;-38,586117714000000
335141;15;8;2018;13:04;0;AV PRS COSTA E SILVA;;;4505;;Colis?â?úo;Luz do Dia;;;Meio de Quadra;;;0;1;0;1;0;0;0;0;0;1;0;0;-3,825648147000000;-38,539515618000000
335142;15;8;2018;14:22;0;AV 13 DE MAIO;;;2250;;Queda;Luz do Dia;;;Meio de Quadra;;;0;1;0;0;0;0;0;0;0;1;0;0;-3,739830000000000;-38,540580000000000
335146;15;8;2018;16:51;0;AV GODOFREDO MACIEL;;;5195;;Queda;Luz do Dia;;;Meio de Quadra;;;0;1;0;0;0;0;0;0;0;1;0;0;-3,820121000000000;-38,577378000000000
335147;15;8;2018;17:26;0;RUA RAIMUNDO MATIAS;;;800;;Atropelamento;Anoitecer;;;Meio de Quadra;;;0;1;0;0;0;0;0;0;0;1;0;0;-3,819830000000000;-38,542800000000000
335148;15;8;2018;20:06;0;AV CARNEIRO DE MENDONCA;;;1989;;Colis?â?úo;;;;Meio de Quadra;;;0;1;0;1;0;0;0;0;0;1;0;0;-3,759608000000000;-38,575714000000000
335150;15;8;2018;22:23;0;AV PERIMETRAL;;;355;;Queda;;;;Meio de Quadra;;;0;1;0;1;0;0;0;0;0;1;0;0;;
335156;16;8;2018;00:00;0;RUA DARCY VARGAS;;;41;;Queda;;;;Meio de Quadra;;;0;1;0;0;0;0;0;0;0;1;0;0;-3,798550000000000;-38,586540000000000
335158;16;8;2018;04:20;0;RD BR 116;;;3200;KM-03;Colis?â?úo Traseira;;;;Meio de Quadra;;;0;2;1;1;0;0;0;0;0;1;0;0;-3,779838000000000;-38,514372000000000
335160;16;8;2018;06:45;0;RUA CON DE CASTRO;;;138;;Queda;Luz do Dia;;;Meio de Quadra;;;0;1;0;0;0;0;0;0;0;1;0;0;-3,775625239000000;-38,564812652000000
335161;16;8;2018;07:14;0;RUA PRO GOMES BRASIL;;;129;;Colis?â?úo;Luz do Dia;;;Meio de Quadra;;;0;1;0;1;0;0;0;0;0;1;0;0;-3,774495387000000;-38,567291258000000
335162;16;8;2018;07:31;0;AV GAL OSORIO DE PAIVA;;;2503;;Colis?â?úo;Luz do Dia;;;Meio de Quadra;;;0;1;0;1;0;0;0;0;0;1;0;0;;
335186;16;8;2018;11:18;0;AV GODOFREDO MACIEL;;;606;;Colis?â?úo;Luz do Dia;;;Meio de Quadra;;;0;1;0;1;0;0;0;0;0;1;0;0;-3,781495000000000;-38,565316000000000
335187;16;8;2018;07:00;0;RUA POMPILIO GOMES;;;1034;;Colis?â?úo;;;;Meio de Quadra;;;0;1;0;0;0;0;1;0;0;1;0;0;;
335190;16;8;2018;13:11;0;RUA SAO LEOPOLDO D69;;;723;;Colis?â?úo;Luz do Dia;;;Meio de Quadra;;;0;1;0;1;0;0;0;0;0;1;0;0;-3,861909400000000;-38,504378100000000
335191;16;8;2018;13:48;5374;AV DUQ CAXIAS;RUA BAR RIO BRANCO;;0;;Colis?â?úo;Luz do Dia;;;Meio de Quadra;Sem?â?íforo;Comercial;0;1;0;1;0;0;0;0;0;1;0;0;-3,731774000000000;-38,529947000000000
335192;16;8;2018;14:45;7754;RUA JOSE VILAR;AV ANTONIO SALES;;0;;Atropelamento;Luz do Dia;;;Cruz;Sem?â?íforo;Residencial;0;1;0;0;0;0;0;0;0;1;0;0;-3,743929000000000;-38,507303000000000
335193;16;8;2018;17:03;0;RUA VALPARAISO;;;472;;Colis?â?úo;Anoitecer;;;Meio de Quadra;;;0;1;0;1;0;1;0;0;0;0;0;0;-3,844995584000000;-38,524784917000000
335194;16;8;2018;17:05;3992;RUA ALBERTO MAGNO;RUA RAUL UCHOA;;0;;Colis?â?úo;Anoitecer;;;Meio de Quadra;N?â?úo H?â?í Controle;Comercial;0;1;0;0;0;0;0;0;0;1;0;0;-3,760225000000000;-38,545916000000000
335195;16;8;2018;17:17;0;AV FRANCISCO SA;;;3696;;Atropelamento;Anoitecer;;;Meio de Quadra;;;0;1;0;0;0;0;0;0;0;1;0;0;-3,717133923000000;-38,558153508000000
335196;16;8;2018;18:22;0;RUA BANDEIRA DE MELO;;;333;;Colis?â?úo;Anoitecer;;;Meio de Quadra;;;0;1;0;0;0;0;0;0;0;0;0;0;-3,787870000000000;-38,522580000000000
335197;16;8;2018;18:24;13449;RUA CARLOS VASCONCELOS;RUA TOMAS ACIOLI;;0;;Colis?â?úo;Anoitecer;;;Cruz;Pare;Residencial;0;1;0;1;0;0;0;0;0;1;0;0;-3,743445000000000;-38,514219000000000
335175;16;8;2018;10:38;0;AV MAJ ASSIS;;;2570;;Queda;Luz do Dia;;;Meio de Quadra;;;0;1;0;0;0;1;0;0;0;0;0;0;-3,719392800000000;-38,603957300000000
327511;16;8;2018;11:00;0;RUA VALPARAISO;;;230;;Colis?â?úo Lateral;Luz do Dia;Bom;Outros;Meio de Quadra;Pare;Comercial;0;1;1;1;0;0;0;0;0;1;0;0;-3,843590000000000;-38,526680000000000
327622;16;8;2018;21:00;0;AV GODOFREDO MACIEL;;;606;;Colis?â?úo Transversal;Luz do Dia;Bom;Outros;Meio de Quadra;Pare;Comercial;0;2;0;1;0;0;0;0;0;1;0;0;-3,781495000000000;-38,565316000000000
333539;16;8;2018;06:50;423;RUA CAETANO SILVA (A. NUNES);AV LIBERDADE;;0;;Colis?â?úo;Luz do Dia;;;;;;0;0;1;0;0;0;0;0;0;1;0;0;-3,749080000000000;-38,598943000000000
333542;16;8;2018;12:00;17958;RUA LICURGO MONTENEGRO;RUA PDE GUILHERME;;0;;Colis?â?úo;Luz do Dia;;;;;;0;0;1;1;0;0;0;0;0;1;0;0;-3,735618000000000;-38,577893000000000
332574;16;8;2018;07:40;0;AV ALBERTO NEPOMUCENO;RUA FORTALEZA UI 505;;0;;Colis?â?úo Transversal;Luz do Dia;Bom;Seca;Cruz;Pare;Comercial;0;0;2;1;0;0;0;0;0;0;0;0;-3,722715600000000;-38,524185000000000
332575;16;8;2018;07:30;5127;RUA GAL SAMPAIO;RUA SEN ALENCAR;;0;;Colis?â?úo Lateral;Luz do Dia;Bom;Seca;Cruz;Sem?â?íforo;Comercial;0;1;1;1;0;0;0;0;0;1;0;0;-3,724192000000000;-38,529984000000000
332577;16;8;2018;07:30;0;RUA ENG EDMUNDO ALMEIDA FILHO;;;230;;Colis?â?úo Frontal;Luz do Dia;Nublado;Seca;Meio de Quadra;;;1;0;1;0;1;0;0;0;0;1;0;0;-3,762770700000000;-38,529790000000000
332578;16;8;2018;11:20;5403;RUA GONCALVES LEDO;RUA PINTO MADEIRA;;0;;Colis?â?úo Transversal;Luz do Dia;Nublado;Seca;Cruz;Pare;Residencial;0;1;1;1;0;0;0;0;0;1;0;0;-3,732626000000000;-38,516497000000000
332579;16;8;2018;15:28;0;AV 13 DE MAIO;;;0;;Colis?â?úo Traseira;Luz do Dia;Bom;Seca;;;;0;1;1;1;0;0;0;0;0;1;0;0;-3,753812800000000;-38,523396000000000
332580;16;8;2018;16:10;7901;RUA FOT RIBEIRO;RUA BRI CORREIA DE MELO;;0;;Colis?â?úo Frontal;Luz do Dia;Bom;Seca;T;N?â?úo H?â?í Controle;Comercial;0;0;2;1;0;0;0;0;0;0;0;0;-3,749876000000000;-38,497794000000000
332583;16;8;2018;19:02;19152;RUA BATISTA DE OLIVEIRA;RUA LAURO NOGUEIRA;;0;;Colis?â?úo Lateral;Via Iluminada;Bom;Seca;Cruz;Pare;Residencial;0;0;1;1;0;0;0;0;0;0;0;0;-3,740086000000000;-38,478301000000000
332584;16;8;2018;19:24;0;AV WENEFRIDO MELO;;;0;;Colis?â?úo Traseira;Via Iluminada;Bom;Seca;Meio de Quadra;Sem?â?íforo;Residencial;0;1;1;1;0;0;0;0;0;1;0;0;-3,810736700000000;-38,575867000000000
332585;16;8;2018;19:37;22145;RUA PAPI JUNIOR;RUA TAVARES IRACEMA;;0;;Colis?â?úo Lateral;Via Iluminada;Bom;Seca;Cruz;Pare;Residencial;0;0;2;0;1;0;0;0;0;1;0;0;-3,749954000000000;-38,555382000000000
332586;16;8;2018;19:38;0;RUA ANTONIO POMPEU;;;524;;Colis?â?úo Lateral;Via Iluminada;Bom;Seca;Meio de Quadra;N?â?úo H?â?í Controle;Comercial;0;0;2;1;0;0;0;0;0;0;0;0;-3,735437400000000;-38,528587000000000
332587;16;8;2018;17:15;0;AV ALANIS MARIA LAURINDO DE OLIVEIRA;;;1297;;Colis?â?úo Transversal;Luz do Dia;Bom;Seca;Meio de Quadra;Pare;Residencial;0;1;1;1;0;0;0;0;0;1;0;0;-3,771590700000000;-38,610250000000000
332588;16;8;2018;20:01;0;RUA BARBOSA DE FREITAS;;;2645;;Colis?â?úo Traseira;Via Iluminada;Bom;Seca;Meio de Quadra;N?â?úo H?â?í Controle;Comercial;0;0;2;1;0;0;0;0;0;0;0;0;-3,750703300000000;-38,501820000000000
332590;16;8;2018;22:25;0;AV ABOLICAO;;;3544;;Colis?â?úo Transversal;Via Iluminada;Bom;Seca;Cruz;N?â?úo H?â?í Controle;Comercial;0;0;2;1;0;0;0;0;0;0;0;0;-3,727702000000000;-38,586792000000000
331905;16;8;2018;10:35;0;RD CE-040;;;0;KM-05;Colis?â?úo;Luz do Dia;;Seca;Meio de Quadra;;;0;0;2;1;0;0;0;0;0;1;0;0;-3,800595823000000;-38,479534630000000
331906;16;8;2018;13:35;0;RD CE-040;;;0;KM-08;Colis?â?úo;Luz do Dia;;Seca;Meio de Quadra;;;0;0;2;0;0;0;0;0;0;1;0;0;-3,825515822000000;-38,481538320000000
331907;17;8;2018;14:15;0;RD CE-040;;;2401;KM-10;Colis?â?úo;Luz do Dia;;Seca;Meio de Quadra;;;0;1;1;1;0;0;0;0;0;1;0;0;-3,842576660000000;-38,480882840000000
331908;17;8;2018;07:40;0;AV MIN JOSE AMERICO;;;0;;Colis?â?úo;Luz do Dia;;Seca;Meio de Quadra;;;0;2;1;0;0;0;0;0;0;1;0;0;;
331909;17;8;2018;18:50;0;AV MIN JOSE AMERICO;;;275;;Colis?â?úo;Via Iluminada;;Seca;Meio de Quadra;;;0;1;1;1;0;0;0;0;0;1;0;0;-3,811474000000000;-38,496335000000000
332591;17;8;2018;07:44;5340;AV DUQ CAXIAS;RUA VINTE E QUATRO DE MAIO;;0;;Colis?â?úo Transversal;Luz do Dia;Bom;Seca;Cruz;Sem?â?íforo;Comercial;0;0;1;1;0;0;0;0;0;0;0;0;-3,730708000000000;-38,533230000000000
332592;17;8;2018;08:44;0;RUA DR GILBERTO STUDART;;;1949;;Colis?â?úo Transversal;Luz do Dia;Bom;Seca;Meio de Quadra;N?â?úo H?â?í Controle;Lazer;0;1;1;1;0;1;0;0;0;0;0;0;-3,746655000000000;-38,471497000000000
332593;17;8;2018;07:10;0;AV PDE ANTONIO TOMAS;;;2420;;Atropelamento;Luz do Dia;Bom;Seca;Meio de Quadra;N?â?úo H?â?í Controle;Comercial;0;1;1;0;0;0;0;0;0;1;0;0;-3,743691000000000;-38,486200000000000
332594;17;8;2018;09:48;0;AV CEL CARVALHO;;;0;;Colis?â?úo Traseira;Luz do Dia;Bom;Seca;Meio de Quadra;N?â?úo H?â?í Controle;Comercial;0;0;2;0;0;0;0;0;0;1;0;0;-3,736705000000000;-38,584557000000000
332595;17;8;2018;10:06;0;RUA MON SALAZAR;;;0;;Colis?â?úo Lateral;Luz do Dia;Bom;Seca;Meio de Quadra;Sem?â?íforo;Comercial;0;1;1;1;0;0;0;0;0;0;0;0;-3,756701500000000;-38,520267000000000
332596;17;8;2018;11:18;0;RUA RAUL CABRAL;;;731;;Colis?â?úo Lateral;Luz do Dia;Bom;Seca;Meio de Quadra;Sem?â?íforo;Comercial;0;1;1;1;0;0;0;0;0;1;0;0;-3,768447600000000;-38,545456000000000
332597;17;8;2018;10:20;371;RUA ERICO MOTA;RUA ZEMARIO MAMEDE;;0;;Colis?â?úo Transversal;Luz do Dia;Bom;Seca;Cruz;Pare;Residencial;0;0;2;0;0;0;0;0;0;1;0;0;-3,748689000000000;-38,560266000000000
332598;17;8;2018;14:00;0;AV FILOMENO GOMES;;;664;;Colis?â?úo Traseira;Luz do Dia;Bom;Seca;Meio de Quadra;N?â?úo H?â?í Controle;Comercial;0;0;2;1;0;0;0;0;0;1;0;0;-3,719715600000000;-38,541584000000000
332599;17;8;2018;18:34;0;AV DOM LUIS;;;1200;;Colis?â?úo Traseira;Via Iluminada;Bom;Seca;Meio de Quadra;Gesto;Comercial;0;1;1;1;0;0;0;0;0;1;0;0;-3,735621000000000;-38,490290000000000
332600;17;8;2018;18:45;0;RUA DR JOAQUIM BENTO;;;0;;Colis?â?úo Transversal;Mal Iluminada;Bom;Seca;Meio de Quadra;Pare;Comercial;0;1;1;1;0;0;0;0;0;1;0;0;-3,828309300000000;-38,484850000000000
332601;17;8;2018;19:43;1557;RUA CAROLINA SUCUPIRA;RUA BARBOSA DE FREITAS;;0;;Colis?â?úo Lateral;Via Iluminada;Bom;Seca;Cruz;Pare;Residencial;0;0;2;1;0;0;0;0;0;0;0;0;-3,741517000000000;-38,498942000000000
332602;17;8;2018;17:00;0;RUA BERNARDO MANUEL;;;7155;;Engavetamento;Luz do Dia;Bom;Seca;Meio de Quadra;N?â?úo H?â?í Controle;Residencial;0;0;3;1;0;0;0;0;0;0;0;0;-3,780396000000000;-38,545677000000000
332603;17;8;2018;19:47;5717;RUA CON BRAVEZA;RUA FIS PERDIGAO;;0;;Colis?â?úo Transversal;Via Iluminada;Bom;Seca;Cruz;Pare;Residencial;0;0;2;1;0;0;0;0;0;0;0;0;-3,799470000000000;-38,497098000000000
332604;17;8;2018;20:15;1561;AV SEN VIRGILIO TAVORA;AV PDE ANTONIO TOMAS;;0;;Colis?â?úo Transversal;Via Iluminada;Bom;Seca;Cruz;Sem?â?íforo;Comercial;0;1;1;1;0;0;0;0;0;1;0;0;-3,741760000000000;-38,494749000000000
332605;17;8;2018;20:24;0;AV PDE ANTONIO TOMAS;;;2420;;Choque c/ Obst?â?ículo Fixo;Via Iluminada;Bom;Seca;Meio de Quadra;Sem?â?íforo;Comercial;0;1;0;0;0;0;0;0;0;0;0;0;-3,742682700000000;-38,492046000000000
334510;17;8;2018;00:04;0;RUA COSTA BARROS;;;500;;Colis?â?úo;;;;Meio de Quadra;;;0;1;1;1;0;0;0;0;0;1;0;0;-3,727892857000000;-38,519221714000000
334512;17;8;2018;06:35;0;RUA 218 A CJ CEARA;;;202;;Atropelamento;Luz do Dia;;;Meio de Quadra;;;0;1;1;1;0;0;0;0;0;0;0;0;-3,764444167000000;-38,606631042000000
337789;17;8;2018;21:16;0;AV IMPERADOR;;;755;;Colis?â?úo;;;;Meio de Quadra;;;0;1;1;1;0;0;0;0;0;1;0;0;-3,727915481000000;-38,534668316000000
336324;17;8;2018;;0;AV BENJAMIM BRASIL;;;1080;;Colis?â?úo;;;;Meio de Quadra;;;0;1;0;0;0;0;0;0;0;0;0;0;-3,805414400000000;-38,565583300000000
336340;17;8;2018;19:49;0;AV CARAPINIMA;;;2608;;Atropelamento;;;;Meio de Quadra;;;0;1;1;0;0;0;0;0;0;0;0;0;-3,742229500000000;-38,542542000000000
336341;17;8;2018;20:15;0;RUA HERMINIA BONAVIDES;;;0;;Colis?â?úo;;;;Meio de Quadra;;;0;2;0;1;0;0;0;0;0;1;0;0;;
336575;17;8;2018;20:31;0;RUA LUIS VIEIRA;;;0;;Colis?â?úo;;;;Meio de Quadra;;;0;1;1;1;0;0;0;0;0;1;0;0;;
336576;17;8;2018;20:53;0;RUA SGT JOAO PINHEIRO;;;158;;Colis?â?úo;;;;Meio de Quadra;;;0;1;1;1;0;0;0;0;0;1;0;0;;
327623;17;8;2018;06:20;0;RUA DIADEMA;;;0;;Colis?â?úo Lateral;Luz do Dia;Bom;Seca;Meio de Quadra;Pare;Residencial;0;2;0;1;0;0;0;0;0;1;0;0;;
327633;17;8;2018;11:20;0;RUA BAR ARATANHA;;;0;;Colis?â?úo Lateral;Luz do Dia;Bom;Seca;Meio de Quadra;Pare;Comercial;0;2;0;1;0;0;0;0;0;1;0;0;;
339073;17;8;2018;21:32;0;AV PRS CASTELO BRANCO;;;4333;;Colis?â?úo;;;;Meio de Quadra;;;0;1;1;0;0;0;0;0;0;1;0;0;-3,707406324000000;-38,571138086000000
334884;17;8;2018;06:48;0;AV EDILSON B SOARES;;;1321;;Colis?â?úo;Luz do Dia;;;Meio de Quadra;;;0;1;1;1;0;1;0;0;0;0;0;0;-3,788917000000000;-38,474314000000000
334847;17;8;2018;06:41;5340;AV DUQ CAXIAS;RUA VINTE E QUATRO DE MAIO;;0;;Colis?â?úo;Luz do Dia;;;Cruz;Sem?â?íforo;Comercial;0;2;1;1;0;0;0;0;0;1;0;0;-3,730708000000000;-38,533230000000000
335908;17;8;2018;18:05;0;AV DOM LUIS;;;0;;Colis?â?úo;Anoitecer;;;Meio de Quadra;;;0;1;1;0;0;0;0;0;0;1;0;0;;
335863;17;8;2018;16:02;23453;RUA CAP MELO;RUA PAULO FIRMEZA;;0;;Colis?â?úo;Luz do Dia;;;Cruz;Pare;Residencial;0;1;1;1;0;0;0;0;0;1;0;0;-3,757131000000000;-38,512966000000000
335871;17;8;2018;16:43;16423;AV JOR JOAO RAMOS;RUA LUIZA NOBRE;;0;;Colis?â?úo;Luz do Dia;;;;;;0;1;1;1;0;0;0;0;0;1;0;0;-3,840729000000000;-38,578100000000000
335886;17;8;2018;17:44;0;RUA JOSE ACIOLY;;;453;;Queda;Anoitecer;;;Meio de Quadra;;;0;1;0;0;0;1;0;0;0;0;0;0;-3,733074756000000;-38,588192463000000
335858;17;8;2018;14:05;26271;AV PRO JOSE ARTHUR CARVALHO;RUA LOURDES VIDAL ALVES;;0;;Colis?â?úo;Luz do Dia;;;Cruz;Pare;Comercial;0;1;1;0;0;0;0;0;0;0;0;0;-3,826479000000000;-38,473498000000000
335859;17;8;2018;14:24;0;AV ALANIS MARIA LAURINDO DE OLIVEIRA;;;1120;;Colis?â?úo;Luz do Dia;;;Meio de Quadra;;;0;2;0;0;0;0;0;0;0;1;0;0;;
335587;17;8;2018;13:01;0;RUA JOR ANTONIO P TAVARES;;;1108;;Queda;Luz do Dia;;;Meio de Quadra;;;0;1;0;0;0;0;0;0;0;1;0;0;-3,814245550000000;-38,507921840000000
335536;17;8;2018;10:45;0;RUA CON DE CASTRO;;;4266;;Colis?â?úo;Luz do Dia;;;Meio de Quadra;;;0;1;1;0;0;0;0;0;0;1;0;0;-3,803187846000000;-38,590325154000000
335558;17;8;2018;17:08;22070;RUA PAPI JUNIOR;RUA JOSE FACANHA;;0;;Colis?â?úo;Anoitecer;;;Cruz;Pare;Residencial;0;1;1;1;0;0;0;0;0;1;0;0;-3,752136000000000;-38,557265000000000
335403;17;8;2018;08:06;0;AV SEN FERNANDES TAVORA;;;1547;;Queda;Luz do Dia;;;Meio de Quadra;;;0;1;0;0;0;0;0;0;0;1;0;0;-3,759848067000000;-38,586539133000000
335417;17;8;2018;09:08;0;RUA COSTA FREIRE;;;0;;Colis?â?úo;Luz do Dia;;;Meio de Quadra;;;0;1;1;1;0;0;0;0;0;1;0;0;;
335433;17;8;2018;09:32;0;AV CEL CARVALHO;;;2057;;Colis?â?úo;Luz do Dia;;;Meio de Quadra;;;0;2;1;1;0;0;0;0;0;1;0;0;-3,720651000000000;-38,587094000000000
335967;17;8;2018;18:28;1691;RUA JOSE BUSON;RUA PILOTO D46;;0;;Atropelamento;Anoitecer;;;T;N?â?úo H?â?í Controle;Residencial;0;1;1;0;0;0;0;0;0;1;0;0;-3,763517000000000;-38,510796000000000
335968;17;8;2018;18:50;0;AV BEZERRA DE MENEZES;;;264;;Colis?â?úo;;;;Meio de Quadra;;;0;1;1;1;0;0;0;0;0;1;0;0;-3,732082525000000;-38,547193082000000
336012;17;8;2018;19:27;0;RUA MONTE LIBANO;;;560;;Colis?â?úo;;;;Meio de Quadra;;;0;1;1;0;0;0;0;0;0;1;0;0;-3,825100324000000;-38,562237081000000
339074;18;8;2018;02:09;0;RUA HOLANDA;;;201;;Colis?â?úo;;;;Meio de Quadra;;;0;1;0;1;0;0;0;0;0;1;0;0;-3,793048000000000;-38,565945000000000
339079;18;8;2018;03:54;0;AV GAL OSORIO DE PAIVA;;;0;;Queda;;;;Meio de Quadra;;;0;1;0;0;0;0;0;0;0;1;0;0;;
339110;18;8;2018;08:48;15152;AV BAR STUDART;AV ABOLICAO;;0;;Colis?â?úo;Luz do Dia;;;;;;0;1;0;1;0;0;0;0;0;1;0;0;-3,724762000000000;-38,503445000000000
339111;18;8;2018;08:58;0;RUA BARRA NOVA;;;901;;Colis?â?úo;Luz do Dia;;;Meio de Quadra;;;0;1;0;1;0;0;0;0;0;1;0;0;-3,783742000000000;-38,505415000000000
339112;18;8;2018;09:15;0;AV SEN FERNANDES TAVORA;;;3000;;Colis?â?úo;Luz do Dia;;;Meio de Quadra;;;0;1;0;1;0;0;0;0;0;1;0;0;-3,754880000000000;-38,599578000000000
339113;18;8;2018;10:38;5366;AV DUQ CAXIAS;RUA SEN POMPEU;;0;;Colis?â?úo;Luz do Dia;;;Cruz;Sem?â?íforo;Comercial;0;1;0;0;1;1;0;0;0;0;0;0;-3,731430000000000;-38,530994000000000
339114;18;8;2018;11:50;0;RUA WALDIR DIOGO;;;1030;;Colis?â?úo;Luz do Dia;;;Meio de Quadra;;;0;1;0;1;0;0;0;0;0;1;0;0;-3,803056000000000;-38,587409000000000
339151;18;8;2018;15:09;0;AV DEP PAULINO ROCHA;;;215;;Colis?â?úo;Luz do Dia;;;Meio de Quadra;;;0;1;0;0;0;1;0;0;0;1;0;0;-3,803937000000000;-38,507895000000000
339152;18;8;2018;15:22;0;RUA CEL MATOS DOURADO;;;351;;Colis?â?úo;Luz do Dia;;;Meio de Quadra;;;0;1;0;1;0;0;0;0;0;1;0;0;-3,742009000000000;-38,585133000000000
339153;18;8;2018;15:25;0;AV PRS CASTELO BRANCO;;;6402;;Colis?â?úo;Luz do Dia;;;Meio de Quadra;;;0;1;0;1;0;0;0;0;0;1;0;0;-3,700010500000000;-38,587753500000000
339154;18;8;2018;15:27;20145;RUA POMPILIO GOMES;RUA PRO JOSE SILVEIRA;;0;;Colis?â?úo;Luz do Dia;;;Cruz;Pare;Residencial;0;1;0;1;0;0;0;0;0;1;0;0;-3,811008000000000;-38,519895000000000
339155;18;8;2018;16:24;25697;RUA JOAO CORDEIRO;RUA ROCHA LIMA;;0;;Colis?â?úo;Luz do Dia;;;Cruz;Pare;Residencial;0;1;0;1;0;1;0;0;0;0;0;0;-3,738000000000000;-38,517275000000000
339156;18;8;2018;16:53;0;AV SEN FERNANDES TAVORA;;;512;;Queda;Luz do Dia;;;Meio de Quadra;;;0;1;0;0;0;0;0;0;0;1;0;0;-3,764709233000000;-38,577433349000000
339157;18;8;2018;16:55;0;AV COS GOMES DE FREITAS (SAPIRANGA/COITE);;;4274;;Colis?â?úo;Luz do Dia;;;Meio de Quadra;;;0;1;0;0;0;0;0;0;0;1;0;0;-3,794768705000000;-38,468869500000000
339158;18;8;2018;18:08;0;RUA SOUSA CARVALHO;;;36;;Colis?â?úo;Anoitecer;;;Meio de Quadra;;;0;1;0;0;0;0;0;0;0;0;0;0;-3,784920000000000;-38,584022500000000
339159;18;8;2018;19:18;0;RUA CASTRO E SILVA;;;0;;Colis?â?úo;;;;Meio de Quadra;;;0;1;0;1;0;0;0;0;0;1;0;0;;
339160;18;8;2018;19:09;0;RUA POR DO SOL;;;2631;;Atropelamento;;;;Meio de Quadra;;;0;1;0;0;0;0;0;0;0;0;0;0;-3,697250000000000;-38,580420000000000
339161;18;8;2018;19:47;0;RUA SUBLIME;;;49;;Colis?â?úo;;;;Meio de Quadra;;;0;1;0;1;0;0;0;0;0;1;0;0;;
339162;18;8;2018;19:50;0;AV IMPERADOR;;;852;;Colis?â?úo;;;;Meio de Quadra;;;0;1;0;1;0;1;0;0;0;0;0;0;-3,728738958000000;-38,534910750000000
339192;18;8;2018;20:42;3833;RUA MAL DEODORO;RUA PDE MIGUELINHO;;0;;Colis?â?úo;;;;;;;0;1;0;1;0;0;0;0;0;1;0;0;-3,741720000000000;-38,535963000000000
339188;18;8;2018;20:21;0;AV IMPERADOR;;;852;;Atropelamento;;;;Meio de Quadra;;;0;1;0;0;0;0;0;0;0;0;0;0;-3,728738958000000;-38,534910750000000
339190;18;8;2018;20:34;0;RUA FRANCISCO PAIVA;;;857;;Atropelamento;;;;Meio de Quadra;;;0;1;0;0;0;0;0;0;0;1;0;0;-3,789443400000000;-38,613702000000000
339119;18;8;2018;13:12;0;AV DIOGUINHO;;;3355;;Colis?â?úo;Luz do Dia;;;Meio de Quadra;;;0;1;0;1;0;0;0;0;0;1;0;0;-3,745029000000000;-38,451477000000000
339120;18;8;2018;14:50;0;AV CASTELO DE CASTRO;;;90;;Colis?â?úo;Luz do Dia;;;Meio de Quadra;;;0;1;0;1;0;0;0;0;0;1;0;0;-3,829482000000000;-38,521448500000000
339186;18;8;2018;20:05;0;RUA PAULO MENDONCA;;;264;;Colis?â?úo;;;;Meio de Quadra;;;0;1;0;0;0;0;0;0;0;1;0;0;;
327636;18;8;2018;19:30;15117;AV HIS RAIMUNDO GIRAO;RUA MON BRUNO;;0;;Colis?â?úo Traseira;Via Iluminada;Bom;Seca;T;N?â?úo H?â?í Controle;Outros;1;3;0;1;0;0;0;0;0;0;0;0;-3,723076000000000;-38,506415000000000
327637;18;8;2018;16:40;25697;RUA JOAO CORDEIRO;RUA ROCHA LIMA;;0;;Colis?â?úo Transversal;Luz do Dia;Bom;Seca;Cruz;Pare;Residencial;0;1;1;1;0;0;0;0;0;0;0;0;-3,738000000000000;-38,517275000000000
327638;18;8;2018;14:10;0;RUA POMPILIO GOMES;;;90;;Colis?â?úo Traseira;Luz do Dia;Bom;Seca;Meio de Quadra;Pare;Residencial;0;0;1;1;0;0;0;0;0;1;0;0;-3,810760900000000;-38,519930300000000
327625;18;8;2018;17:25;0;AV VICENTE DE CASTRO;;;0;;Colis?â?úo Lateral;Anoitecer;Bom;Seca;Meio de Quadra;Outros;Lazer;0;1;1;0;1;0;1;0;0;0;0;0;;
327644;18;8;2018;18:30;0;AV GAL OSORIO DE PAIVA;;;7490;;Colis?â?úo;Anoitecer;Bom;Seca;Meio de Quadra;Outros;Comercial;1;0;1;0;0;1;0;0;0;0;0;0;-3,817431000000000;-38,614386000000000