COD_ACIDENTE;DIA;MES;ANO;HORA;INTERSECAO;LOG1;LOG2;LOG3;NUMERO;REFERENCIA;NATUREZA;ILUMINACAO;TEMPO;SUPERFICIEPISTA;TIPOCRUZAMENTO;CONTROLETRAFEGO;USOSOLO;MORTOS;FERIDOS;ILESOS;AUTOMOVEL;ONIBUS;BICICLETA;CAMINHAO;MICROONIBUS;CICLOMOTOR;MOTOCICLETA;TRACAOANIMAL;TREM;LATITUDE;LONGITUDE
327538;18;8;2018;14:30;0;AV LUCIANO CARNEIRO;;;1770;;Colis?â?úo Transversal;Luz do Dia;Bom;Seca;Outros;Gesto;Residencial;0;2;0;1;0;0;0;0;0;0;0;0;-3,764194000000000;-38,536449000000000
333563;18;8;2018;15:43;0;RUA CATOLE;;;2888;;Colis?â?úo;Luz do Dia;;;Meio de Quadra;;;0;0;1;0;0;0;0;0;0;0;0;0;;
333568;18;8;2018;14:30;0;RUA PRO PAULO LOPES;;;0;;Colis?â?úo;Luz do Dia;;;Meio de Quadra;;;0;0;1;1;0;0;0;0;0;1;0;0;;
332606;18;8;2018;04:43;3769;AV DOMINGOS OLIMPIO;RUA SEN POMPEU;;0;;Colis?â?úo Transversal;Via Iluminada;Bom;Seca;Cruz;Sem?â?íforo;Comercial;0;2;1;1;0;0;0;0;0;1;0;0;-3,736254000000000;-38,532455000000000
332607;18;8;2018;09:10;0;RUA BAR SOBRAL;;;30;;Colis?â?úo Lateral;Luz do Dia;Bom;Seca;Meio de Quadra;N?â?úo H?â?í Controle;Comercial;0;0;2;1;1;0;0;0;0;0;0;0;-3,725156500000000;-38,524760000000000
332608;18;8;2018;07:05;13161;AV D CJ JOSE WALTER;RUA 69 CJ JOSE WALTER;;0;;Colis?â?úo Lateral;Luz do Dia;Bom;Seca;Cruz;Pare;Comercial;0;2;1;1;0;0;0;0;0;1;0;0;-3,831825000000000;-38,555098000000000
332614;18;8;2018;09:34;0;AV AUGUSTO DOS ANJOS;TR JARDIM HORIZONTAL;;0;;Colis?â?úo Lateral;Luz do Dia;Bom;Seca;;;;0;0;1;1;0;0;0;0;0;1;0;0;-3,778881000000000;-38,578150000000000
332610;18;8;2018;11:30;15282;RUA TIBURCIO CAVALCANTE;RUA CANUTO DE AGUIAR;;0;;Colis?â?úo Transversal;Luz do Dia;Bom;Seca;Cruz;Pare;Comercial;0;0;1;1;0;0;0;0;0;0;0;0;-3,729044000000000;-38,500359000000000
332611;18;8;2018;13:38;25131;AV AUGUSTO DOS ANJOS;RUA PLANALTINA (BONSUCESSO);;0;;N?â?úo Informado;Via Iluminada;Bom;Seca;T;Pare;Comercial;0;0;1;0;0;0;0;0;0;0;0;0;-3,786544000000000;-38,584454000000000
332612;18;8;2018;15:33;5191;AV DOM MANUEL;RUA PEREIRA FILGUEIRAS;;0;;Colis?â?úo Lateral;Luz do Dia;Bom;Seca;Cruz;Sem?â?íforo;Comercial;0;0;2;1;0;0;0;0;0;0;0;0;-3,725943000000000;-38,520338000000000
331913;18;8;2018;10:15;0;RD CE-025;;;0;KM-01;Colis?â?úo;Luz do Dia;;Seca;Meio de Quadra;;;0;0;2;1;0;0;0;0;0;0;0;0;-3,807811443000000;-38,470048600000000
332613;19;8;2018;04:31;0;AV CEL CARVALHO;;;0;GUARARAPES;Colis?â?úo Transversal;Via Iluminada;Bom;Seca;Meio de Quadra;N?â?úo H?â?í Controle;Comercial;0;1;0;1;0;0;0;0;0;1;0;0;-3,731702600000000;-38,584520000000000
332637;19;8;2018;06:01;0;AV DR SILAS MUNGUBA;;;6468;;Colis?â?úo Traseira;Amanhecer;Bom;Seca;Meio de Quadra;N?â?úo H?â?í Controle;Comercial;0;0;1;1;1;0;0;0;0;0;0;0;-3,800754500000000;-38,530178000000000
332615;19;8;2018;08:20;0;RUA DES WALDETARIO P MOTA;;;1649;;N?â?úo Informado;Luz do Dia;Bom;Seca;Meio de Quadra;N?â?úo H?â?í Controle;Residencial;0;0;2;1;1;0;0;0;0;0;0;0;-3,743547700000000;-38,484905000000000
332616;19;8;2018;20:30;0;AV ANTONIO SALES;;;1540;;Colis?â?úo Traseira;Via Iluminada;Bom;Seca;Meio de Quadra;N?â?úo H?â?í Controle;Comercial;0;0;2;1;0;0;0;0;0;0;0;0;-3,743134000000000;-38,509650000000000
332617;19;8;2018;20:30;5162;RUA GAL SAMPAIO;RUA SAO PAULO;;0;;Colis?â?úo Transversal;Via Iluminada;Bom;Seca;Cruz;Sem?â?íforo;Comercial;0;0;1;1;0;0;0;0;0;0;0;0;-3,725134000000000;-38,530266000000000
333570;19;8;2018;21:00;0;RUA ELVIRA PINHO;;;13;;Choque c/ Obst?â?ículo Fixo;;;;Meio de Quadra;;;0;0;1;0;0;0;0;0;0;0;0;0;-3,765499000000000;-38,559092000000000
339193;19;8;2018;00:00;0;AV DEP PAULINO ROCHA;;;0;;Queda;;;;Meio de Quadra;;;0;1;0;0;0;0;0;0;0;1;0;0;;
339195;19;8;2018;03:16;0;AV CASTELO DE CASTRO;;;0;;Colis?â?úo;;;;Meio de Quadra;;;0;1;0;0;0;0;0;0;0;0;0;0;;
339196;19;8;2018;06:57;0;RUA HUMAITA D73;;;904;;Colis?â?úo;Luz do Dia;;;Meio de Quadra;;;0;1;0;0;0;0;0;0;0;0;0;0;-3,757858512000000;-38,600094442000000
339198;19;8;2018;08:33;0;AV JOSE BASTOS;;;1500;;Colis?â?úo;Luz do Dia;;;Meio de Quadra;;;0;1;0;1;0;0;0;0;0;1;0;0;-3,742032000000000;-38,542589800000000
339199;19;8;2018;09:53;0;RUA BETEL;;;330;;Colis?â?úo;Luz do Dia;;;Meio de Quadra;;;0;1;0;1;0;0;0;0;0;1;0;0;;
339227;19;8;2018;14:58;0;RUA SGT JOAO PINHEIRO;;;528;;Queda;Luz do Dia;;;Meio de Quadra;;;0;1;0;0;0;0;0;0;0;1;0;0;-3,779925739000000;-38,621990217000000
339221;19;8;2018;12:32;0;RUA FLORIANO PEIXOTO;;;2475;;Atropelamento;Luz do Dia;;;Meio de Quadra;;;0;1;0;0;0;0;0;0;0;0;0;0;-3,744262000000000;-38,532727250000000
339222;19;8;2018;13:25;0;RUA STA FILOMENA;;;1090;;Atropelamento;Luz do Dia;;;Meio de Quadra;;;0;1;0;0;0;0;0;0;0;1;0;0;-3,763566476000000;-38,592353262000000
339223;19;8;2018;13:52;0;RUA JULIO SILVA;;;440;;Queda;Luz do Dia;;;Meio de Quadra;;;0;1;0;0;0;1;0;0;0;0;0;0;-3,745190000000000;-38,454710000000000
339224;19;8;2018;13:55;0;ET DO JATOBA;;;2460;;Colis?â?úo;Luz do Dia;;;Meio de Quadra;;;0;1;0;0;0;0;0;0;0;1;0;0;-3,793913000000000;-38,626461000000000
339225;19;8;2018;14:11;0;RUA VERBENA;;;940;;Colis?â?úo;Luz do Dia;;;Meio de Quadra;;;0;1;0;0;0;0;0;0;0;0;0;0;-3,784390000000000;-38,589760000000000
339210;19;8;2018;12:02;0;RUA SALGADO FILHO;;;1185;;Atropelamento;Luz do Dia;;;Meio de Quadra;;;0;1;0;0;0;0;0;0;0;0;0;0;-3,744030000000000;-38,594800000000000
339207;19;8;2018;10:24;0;RUA AUDISIO PINHEIRO;;;434;;Colis?â?úo;Luz do Dia;;;Meio de Quadra;;;0;1;0;1;0;0;0;0;0;1;0;0;;
339208;19;8;2018;11:52;0;AV ABOLICAO;;;0;;Queda;Luz do Dia;;;Meio de Quadra;;;0;1;0;0;0;0;0;0;0;1;0;0;;
339265;19;8;2018;15:02;0;AV PRS CASTELO BRANCO;;;2394;;Colis?â?úo;Luz do Dia;;;Meio de Quadra;;;0;1;0;1;0;0;0;0;0;1;0;0;-3,713508385000000;-38,549274539000000
339266;19;8;2018;15:33;0;RUA MANUEL GALDINO;;;3001;;Colis?â?úo;Luz do Dia;;;Meio de Quadra;;;0;1;0;0;0;0;0;0;0;1;0;0;;
339267;19;8;2018;16:14;0;AV SEN FERNANDES TAVORA;;;37;;Atropelamento;Luz do Dia;;;Meio de Quadra;;;0;1;0;0;0;0;0;0;0;1;0;0;;
339369;19;8;2018;21:18;23640;RUA POMPEU CAVALCANTE;RUA BAR CRATO;;0;;Colis?â?úo;;;;Cruz;Pare;Residencial;0;1;0;0;0;0;0;0;0;1;0;0;-3,722474000000000;-38,564168000000000
339370;19;8;2018;23:38;0;RUA VER PEDRO PAULO MOREIRA;;;0;;Colis?â?úo;;;;Meio de Quadra;;;0;1;0;0;0;0;0;0;0;0;0;0;;
339341;19;8;2018;18:23;0;AV MR HULL;;;3210;;Colis?â?úo;Anoitecer;;;Meio de Quadra;;;0;1;0;0;0;0;0;0;0;1;0;0;-3,737306500000000;-38,574353500000000
339342;19;8;2018;18:43;0;RUA BETEL;;;0;;Atropelamento;Anoitecer;;;Meio de Quadra;;;0;1;0;0;0;0;0;0;0;0;0;0;;
339343;19;8;2018;19:15;0;AV CESAR CALS;;;0;;Queda;;;;Meio de Quadra;;;0;1;0;0;0;0;0;0;0;1;0;0;;
339344;19;8;2018;20:49;0;RUA PRO MOREIRA DE SOUSA (PASSARE);;;321;;Colis?â?úo;;;;Meio de Quadra;;;0;1;0;0;0;0;0;0;0;0;0;0;-3,852798700000000;-38,497972500000000
339321;19;8;2018;16:14;0;AV SEN FERNANDES TAVORA;;;37;;Atropelamento;Luz do Dia;;;Meio de Quadra;;;0;1;0;0;0;0;0;0;0;1;0;0;;
339322;19;8;2018;16:35;0;RUA JOSE ALVES CAVALCANTE;;;961;;Queda;Luz do Dia;;;Meio de Quadra;;;0;1;0;0;0;0;0;0;0;1;0;0;-3,791020000000000;-38,499810000000000
339324;19;8;2018;16:53;0;RUA JOAQUIM GENU;;;165;;Atropelamento;Luz do Dia;;;Meio de Quadra;;;0;1;0;0;0;0;0;0;0;1;0;0;-3,741170000000000;-38,484540000000000
339325;19;8;2018;17:10;0;AV PRS CASTELO BRANCO;;;2857;;Colis?â?úo;Anoitecer;;;Meio de Quadra;;;0;1;0;1;0;0;0;0;0;1;0;0;-3,712336000000000;-38,553260000000000
339327;19;8;2018;17:19;3408;RUA MATOS VASCONCELOS;RUA DES PRAXEDES;;0;;Colis?â?úo;Anoitecer;;;Cruz;Pare;Residencial;0;1;0;1;0;0;0;0;0;1;0;0;-3,755879000000000;-38,554688000000000
339328;19;8;2018;17:21;0;RUA FERNANDO FARIAS DE MELO (MANUEL S?â?üTIRO);;;840;;Queda;Anoitecer;;;Meio de Quadra;;;0;1;0;0;0;0;0;0;0;1;0;0;-3,798398457000000;-38,578423395000000
339394;19;8;2018;23:58;23606;RUA BAR CRATO;RUA MAJ VERISSIMO;;0;;Colis?â?úo;;;;Cruz;N?â?úo H?â?í Controle;Comercial;0;1;0;0;0;0;0;0;0;1;0;0;-3,722084000000000;-38,562705000000000
339395;19;8;2018;00:03;0;RUA VALPARAISO;;;30;;Queda;;;;Meio de Quadra;;;0;1;0;0;0;0;0;0;0;1;0;0;-3,846389000000000;-38,520487000000000
338384;19;8;2018;14:50;0;RD BR 116;;;5000;KM-05;Queda;Luz do Dia;;;Meio de Quadra;;;0;1;1;0;0;0;0;0;0;1;0;0;-3,796502000000000;-38,506787000000000
338434;20;8;2018;05:25;0;RD BR 116;;;5000;KM-05;Colis?â?úo Traseira;Amanhecer;;;Meio de Quadra;;;0;1;1;0;1;0;0;0;0;1;0;0;-3,796502000000000;-38,506787000000000
339396;20;8;2018;00:05;0;RUA GUSTAVO SAMPAIO;;;150;;Colis?â?úo;;;;Meio de Quadra;;;0;1;0;1;0;0;0;0;0;1;0;0;-3,737120000000000;-38,565180000000000
339407;20;8;2018;04:07;0;AV ENG SANTANA JUNIOR;;;1240;;Queda;;;;Meio de Quadra;;;0;1;0;0;0;0;0;0;0;0;0;0;-3,738325000000000;-38,483756000000000
339408;20;8;2018;05:56;0;RUA ANTONIO BOTELHO;;;825;;;Amanhecer;;;Meio de Quadra;;;0;1;0;0;0;0;0;0;0;1;0;0;-3,785138300000000;-38,550467500000000
339409;20;8;2018;06:35;0;AV SGT HERMINIO SAMPAIO;;;4200;;Colis?â?úo;Luz do Dia;;;Meio de Quadra;;;0;1;0;1;0;0;0;0;0;1;0;0;-3,730841000000000;-38,577549000000000
339410;20;8;2018;06:56;0;RUA BAR AQUIRAZ;;;1324;;Colis?â?úo;Luz do Dia;;;Meio de Quadra;;;0;1;0;0;0;0;0;0;0;1;0;0;-3,839802000000000;-38,486066000000000
339428;20;8;2018;06:56;0;RUA BAR AQUIRAZ;;;1324;;Colis?â?úo;Luz do Dia;;;Meio de Quadra;;;0;1;0;0;0;0;0;0;0;1;0;0;-3,839802000000000;-38,486066000000000
339429;20;8;2018;07:33;0;AV DUQ CAXIAS;;;0;;Queda;Luz do Dia;;;Meio de Quadra;;;0;1;0;0;0;0;0;0;0;1;0;0;;
339445;20;8;2018;08:27;0;AV DR SILAS MUNGUBA;;;1089;;Atropelamento;Luz do Dia;;;Meio de Quadra;;;0;1;0;0;0;0;0;0;0;0;0;0;-3,781934000000000;-38,556241000000000
339463;20;8;2018;11:27;0;AV SGT HERMINIO SAMPAIO;;;0;;Colis?â?úo;Luz do Dia;;;Meio de Quadra;;;0;1;0;0;0;0;0;0;0;1;0;0;;
339464;20;8;2018;11:56;0;RUA ALM RUBIM;;;1534;;Colis?â?úo;Luz do Dia;;;Meio de Quadra;;;0;1;0;1;0;0;0;0;0;1;0;0;-3,770908100000000;-38,556784000000000
339469;20;8;2018;11:47;5143;RUA MON CARNEIRO DA CUNHA;AV FILOMENO GOMES;;0;;Colis?â?úo;Luz do Dia;;;T;Pare;Residencial;0;1;0;0;0;0;0;0;0;1;0;0;;
339470;20;8;2018;12:02;0;AV PERIMETRAL;;;5041;;Colis?â?úo;Luz do Dia;;;Meio de Quadra;;;0;1;0;0;0;0;1;0;0;1;0;0;;
339479;20;8;2018;12:58;0;AV DES GONZAGA;;;0;;Colis?â?úo;Luz do Dia;;;Meio de Quadra;;;0;1;0;1;0;0;0;0;0;1;0;0;;
339492;20;8;2018;13:29;0;RUA RIO GRANDE DO NORTE;;;564;;Atropelamento;Luz do Dia;;;Meio de Quadra;;;0;1;0;0;0;0;0;0;0;1;0;0;-3,761530000000000;-38,562860000000000
339493;20;8;2018;15:56;0;RUA OSCAR FRANCA;;;1073;;Colis?â?úo;Luz do Dia;;;Meio de Quadra;;;0;1;0;0;0;0;0;0;0;0;0;0;-3,791393000000000;-38,601170000000000
339495;20;8;2018;16:24;0;TR IRACEMA;;;991;;Colis?â?úo;Luz do Dia;;;Meio de Quadra;;;0;1;0;0;0;0;0;0;0;0;0;0;;
339496;20;8;2018;16:38;0;AV SEN VIRGILIO TAVORA;;;933;;Colis?â?úo;Luz do Dia;;;Meio de Quadra;;;0;1;0;1;0;0;0;0;0;1;0;0;-3,735042474000000;-38,492578158000000
339497;20;8;2018;17:00;581;AV FRANCISCO SA;AV PASTEUR;;0;;Atropelamento;Anoitecer;;;Cruz;Sem?â?íforo;Comercial;0;1;0;0;0;0;0;0;0;0;0;0;-3,716325000000000;-38,560567000000000
339498;20;8;2018;17:01;0;RUA TABULEIRO DO NORTE;;;1150;;Colis?â?úo;Anoitecer;;;Meio de Quadra;;;0;1;0;1;0;0;0;0;0;0;0;0;;
339515;20;8;2018;17:32;0;RUA MENEZES DE OLIVEIRA;;;825;;Colis?â?úo;Anoitecer;;;Meio de Quadra;;;0;1;0;0;0;0;0;0;0;1;0;0;-3,710890000000000;-38,591440000000000
339531;20;8;2018;17:36;0;RUA ALMEIDA PRADO;;;420;;Colis?â?úo;Anoitecer;;;Meio de Quadra;;;0;2;0;0;0;0;0;0;0;1;0;0;;
339533;20;8;2018;18:19;0;AV PRS COSTA E SILVA;;;2550;;Colis?â?úo;Anoitecer;;;Meio de Quadra;;;0;1;0;0;0;0;0;0;0;1;0;0;-3,820654001000000;-38,559312858000000
339537;20;8;2018;18:48;0;AV JOR THOMAZ COELHO;;;2550;;Colis?â?úo;;;;Meio de Quadra;;;0;1;0;0;0;0;0;0;0;1;0;0;-3,828152895000000;-38,517019746000000
339538;20;8;2018;18:49;0;AV GAL OSORIO DE PAIVA;;;0;;Colis?â?úo;;;;Meio de Quadra;;;0;1;0;0;0;0;0;0;0;1;0;0;;
339540;20;8;2018;19:18;0;AV BEZERRA DE MENEZES;;;0;;Colis?â?úo;;;;Meio de Quadra;;;0;1;0;0;0;0;0;0;0;0;0;0;;
339549;20;8;2018;19:50;0;AV GAL OSORIO DE PAIVA;;;0;;Colis?â?úo;;;;Meio de Quadra;;;0;1;0;1;0;0;0;0;0;1;0;0;;
339550;20;8;2018;20:27;0;AV DR SILAS MUNGUBA;;;592;;Colis?â?úo;;;;Meio de Quadra;;;0;1;0;1;0;0;0;0;0;1;0;0;-3,779701492000000;-38,560233503000000
339551;20;8;2018;22:43;0;AV FRANCISCO SA;;;76;;Colis?â?úo;;;;Meio de Quadra;;;0;1;0;0;0;0;0;0;0;1;0;0;;
333573;20;8;2018;04:30;19732;RUA GUSTAVO SAMPAIO;RUA TIP SALES;;0;;Colis?â?úo;;;;Cruz;Pare;Comercial;0;0;1;1;0;0;0;0;0;1;0;0;-3,737013000000000;-38,564917000000000
333574;20;8;2018;00:15;1306;RUA TORRES CAMARA;RUA MON BRUNO;;0;;Colis?â?úo;;;;Cruz;Pare;Comercial;0;0;1;1;0;0;0;0;0;0;0;0;-3,734594000000000;-38,510152000000000
333575;20;8;2018;10:30;0;AV GAL OSORIO DE PAIVA;;;641;;Colis?â?úo;Luz do Dia;;;Meio de Quadra;;;0;0;1;0;0;0;1;0;0;1;0;0;-3,776593000000000;-38,568029000000000
332618;20;8;2018;09:16;12836;AV DOMINGOS OLIMPIO;RUA BAR ARATANHA;;0;;Colis?â?úo Transversal;Luz do Dia;Bom;Seca;Cruz;Sem?â?íforo;Comercial;0;0;2;1;0;0;0;1;0;0;0;0;-3,737562000000000;-38,527953000000000
332619;20;8;2018;12:15;14665;RUA PDE JANUARIO CAMPOS;RUA DES AVELAR;;0;;Colis?â?úo;Luz do Dia;Bom;Seca;Cruz;Pare;Residencial;0;1;1;1;0;0;0;0;0;1;0;0;-3,794520000000000;-38,489430000000000
332620;20;8;2018;12:54;19469;AV GAL OSORIO DE PAIVA;AV AUGUSTO DOS ANJOS;;2451;;Colis?â?úo Lateral;Luz do Dia;Bom;Seca;Outros;Sem?â?íforo;Comercial;0;0;2;1;0;0;0;0;0;0;0;0;-3,787349000000000;-38,584939000000000
332621;20;8;2018;13:04;7774;AV ANTONIO SALES;RUA JOAQUIM NABUCO;;0;;Colis?â?úo Lateral;Luz do Dia;Bom;Seca;Cruz;Sem?â?íforo;Comercial;0;1;2;1;0;0;0;0;0;1;0;0;-3,744832000000000;-38,504371000000000
332622;20;8;2018;16:13;0;AV FRANCISCO SA;;;3553;;Colis?â?úo Traseira;Luz do Dia;Bom;Seca;Meio de Quadra;N?â?úo H?â?í Controle;Comercial;0;1;1;0;0;0;0;0;0;1;0;0;-3,717651800000000;-38,556690000000000
332623;20;8;2018;16:35;0;TR GODOFREDO MACIEL;;;1225;;Colis?â?úo Traseira;Luz do Dia;Bom;Seca;Meio de Quadra;Sem?â?íforo;Comercial;0;0;2;1;0;0;0;0;0;0;0;0;-3,787670600000000;-38,566830000000000
332624;20;8;2018;15:50;7800;RUA JULIO SIQUEIRA;AV BAR STUDART;;0;;Engavetamento;Luz do Dia;Bom;Seca;Cruz;Sem?â?íforo;Comercial;0;0;4;1;0;0;0;0;0;0;0;0;-3,748825000000000;-38,511144000000000
332625;20;8;2018;18:53;0;AV DEP PAULINO ROCHA;;;2511;;Colis?â?úo Lateral;Via Iluminada;Bom;Seca;Meio de Quadra;Sem?â?íforo;Residencial;0;1;1;0;0;0;0;1;0;1;0;0;-3,810102000000000;-38,519974000000000
332626;20;8;2018;14:30;19689;RUA DOM LINO;RUA GUSTAVO SAMPAIO;;0;;Colis?â?úo Transversal;Luz do Dia;Bom;Seca;Cruz;Pare;Residencial;0;1;1;1;0;0;0;0;0;1;0;0;-3,735435000000000;-38,557313000000000
332627;20;8;2018;18:30;0;AV JOR THOMAZ COELHO;;;2550;;Colis?â?úo Transversal;Via Iluminada;Bom;Material Derrapante;Meio de Quadra;N?â?úo H?â?í Controle;Comercial;0;2;0;0;0;1;0;0;0;1;0;0;-3,828097800000000;-38,517365000000000
332628;20;8;2018;19:49;0;AV HERACLITO GRACA;;;421;;Colis?â?úo Traseira;Via Iluminada;Bom;Seca;Meio de Quadra;N?â?úo H?â?í Controle;Comercial;0;1;1;1;0;0;0;0;0;0;0;0;-3,734834000000000;-38,520370000000000
332629;20;8;2018;17:00;19562;RUA NEREU RAMOS;RUA SEIFERT;;0;;Colis?â?úo Lateral;Luz do Dia;Bom;Seca;Cruz;Pare;Residencial;0;0;2;1;0;0;0;0;0;1;0;0;-3,783283000000000;-38,575359000000000
331914;20;8;2018;08:00;0;RD CE-040;;;0;;Colis?â?úo;Luz do Dia;;Seca;Meio de Quadra;;;0;0;3;1;0;0;0;0;0;0;0;0;;
331919;20;8;2018;18:20;0;RD CE-040;;;0;KM-02;Atropelamento;Anoitecer;;Seca;;;;0;1;1;0;0;0;0;0;0;1;0;0;-3,773616148000000;-38,481799400000000
328418;20;8;2018;00:30;0;RUA CEL MATOS DOURADO;;;410;;Queda;Via Iluminada;Bom;Seca;Meio de Quadra;N?â?úo H?â?í Controle;Comercial;1;0;0;0;0;0;0;0;0;1;0;0;-3,742485791000000;-38,585096581000000
332630;21;8;2018;07:00;17924;RUA BANVAR BEZERRA;RUA SEN ALVARO ADOLFO;;0;;Colis?â?úo Transversal;Luz do Dia;Bom;Seca;Cruz;Pare;Residencial;0;0;2;1;0;0;0;0;0;0;0;0;-3,733303000000000;-38,580261000000000
332631;21;8;2018;06:20;520;RUA BELEM;RUA CUIABA;;0;;Colis?â?úo Lateral;Luz do Dia;Bom;Seca;Cruz;Pare;Residencial;0;0;2;1;0;0;0;0;0;0;0;0;-3,760875000000000;-38,594177000000000
332632;21;8;2018;09:40;5496;RUA PDE VALDEVINO;RUA DNA LEOPOLDINA;;0;;Colis?â?úo Traseira;Luz do Dia;Bom;Seca;Cruz;Sem?â?íforo;Comercial;0;0;2;1;1;0;0;0;0;0;0;0;-3,737577000000000;-38,521753000000000
332633;21;8;2018;14:20;23474;RUA BARROS LEAL;RUA PAULO FIRMEZA;;0;;Colis?â?úo Transversal;Luz do Dia;Bom;Seca;Cruz;Pare;Residencial;0;1;1;1;0;0;0;0;0;1;0;0;-3,757696000000000;-38,518544000000000
332634;21;8;2018;12:20;0;RUA JOSE VILAR;;;261;;N?â?úo Informado;Luz do Dia;Bom;Seca;Meio de Quadra;N?â?úo H?â?í Controle;Residencial;0;0;1;1;0;0;0;0;0;0;0;0;-3,727554000000000;-38,502125000000000
332635;21;8;2018;16:02;0;RUA ALBERTO MAGNO;;;1580;;Colis?â?úo Lateral;Luz do Dia;Bom;Seca;Cruz;Pare;Residencial;0;0;1;1;0;0;0;0;0;0;0;0;-3,767475600000000;-38,552170000000000
332636;21;8;2018;15:30;17370;RUA BAR SOBRAL;RUA ALM RUBIM;;0;;Colis?â?úo Transversal;Luz do Dia;Bom;Seca;Cruz;Sem?â?íforo;Residencial;0;0;1;0;0;1;0;0;0;1;0;0;-3,766572000000000;-38,554972000000000
332638;21;8;2018;17:25;0;AV ENG LUIS VIEIRA;RUA COM GARCIA;;0;;Colis?â?úo Lateral;Luz do Dia;Bom;Seca;Cruz;Pare;Comercial;0;0;1;1;0;0;0;0;0;1;0;0;-3,796550000000000;-38,586353000000000
332639;21;8;2018;16:45;25732;RUA CARLOS JUACABA;RUA LUIS TORRES;;0;;Colis?â?úo Transversal;Luz do Dia;Bom;Seca;Cruz;Pare;Residencial;0;0;2;0;1;0;0;0;0;1;0;0;-3,793166000000000;-38,562595000000000
332640;21;8;2018;21:50;0;RUA FRANCISCO C MENDES;AV ROGACIANO LEITE;;0;;Colis?â?úo Lateral;Via Iluminada;Bom;Seca;Meio de Quadra;N?â?úo H?â?í Controle;Comercial;0;1;1;1;0;0;0;0;0;1;0;0;-3,776326700000000;-38,500572000000000
332642;21;8;2018;08:20;0;AV PRS CASTELO BRANCO;;;1160;IGREJA STA. EDWIRGES;Colis?â?úo Lateral;Luz do Dia;Bom;Seca;Meio de Quadra;N?â?úo H?â?í Controle;Residencial;0;1;1;1;0;0;0;0;0;1;0;0;-3,718955000000000;-38,533363000000000
332650;21;8;2018;19:54;1434;AV RUI BARBOSA;RUA CATAO MAMEDE;;0;;Colis?â?úo;Luz do Dia;Bom;Seca;Cruz;Pare;Comercial;0;1;0;1;0;0;0;0;0;1;0;0;-3,737879000000000;-38,510042000000000
333576;21;8;2018;00:45;26037;RUA ARISTIDES B NETO;RUA LEIRIA DE ANDRADE;;0;;Choque c/ Obst?â?ículo Fixo;;;;Cruz;Pare;Residencial;0;0;1;0;0;0;0;0;0;0;0;0;-3,728884000000000;-38,555544000000000
333579;21;8;2018;09:15;0;RUA PRO GOMES BRASIL;;;0;;Colis?â?úo;Luz do Dia;;;Meio de Quadra;;;0;0;1;0;1;0;0;0;0;0;0;0;;
333582;21;8;2018;13:00;0;AV IMPERADOR;;;201;;Colis?â?úo;Luz do Dia;;;Meio de Quadra;;;0;0;1;1;0;0;0;0;0;0;0;0;-3,723111104000000;-38,533240310000000
333584;21;8;2018;22:42;0;RUA STA ROSA D20/21 (JACARECANGA);;;34;;Colis?â?úo;;;;Meio de Quadra;;;0;0;1;0;0;0;0;0;0;1;0;0;-3,709305000000000;-38,552736000000000
339559;21;8;2018;07:03;0;RUA SEN ALVARO ADOLFO;;;1358;;Atropelamento;Luz do Dia;;;Meio de Quadra;;;0;1;0;0;0;0;0;0;0;1;0;0;-3,733415966000000;-38,581034271000000
339560;21;8;2018;07:04;0;RUA EUCLIDES DA CUNHA;;;0;;Colis?â?úo;Luz do Dia;;;Meio de Quadra;;;0;1;0;1;0;0;0;0;0;1;0;0;;
339563;21;8;2018;07:34;23772;RUA COSTA FREIRE;RUA ARAPONGA;;0;;Colis?â?úo;Luz do Dia;;;Cruz;Pare;Residencial;0;1;0;1;0;0;0;0;0;1;0;0;-3,784514000000000;-38,577606000000000
339581;21;8;2018;08:27;0;AV JOSE TAVARES;;;315;;Colis?â?úo;Luz do Dia;;;Meio de Quadra;;;0;1;0;1;0;0;0;0;0;1;0;0;;
339565;21;8;2018;07:46;0;RUA MONTE PASCOAL;;;1151;;Colis?â?úo;Luz do Dia;;;Meio de Quadra;;;0;1;0;1;0;0;0;0;0;1;0;0;;
339591;21;8;2018;15:15;17370;RUA BAR SOBRAL;RUA ALM RUBIM;;0;;Colis?â?úo;Luz do Dia;;;Cruz;Sem?â?íforo;Residencial;0;1;0;1;0;0;0;0;0;1;0;0;-3,766572000000000;-38,554972000000000
339592;21;8;2018;16:34;0;AV DR SILAS MUNGUBA;;;6453;;Colis?â?úo;Luz do Dia;;;Meio de Quadra;;;0;1;0;1;0;0;0;0;0;1;0;0;-3,800460000000000;-38,530220000000000
339593;21;8;2018;16:36;0;RUA ANTONIO DIVINO;;;383;;Colis?â?úo;Luz do Dia;;;Meio de Quadra;;;0;1;0;1;0;0;0;0;0;1;0;0;-3,805880000000000;-38,562900000000000
339594;21;8;2018;17:38;0;RUA MONTE PASCOAL;;;670;;Colis?â?úo;Anoitecer;;;Meio de Quadra;;;0;1;0;0;0;0;1;0;0;1;0;0;;
339595;21;8;2018;19:13;0;RUA SABINO MONTE;;;4255;;Colis?â?úo;;;;Meio de Quadra;;;0;1;0;1;0;0;0;0;0;1;0;0;-3,759428000000000;-38,511374000000000