COD_ACIDENTE;DIA;MES;ANO;HORA;INTERSECAO;LOG1;LOG2;LOG3;NUMERO;REFERENCIA;NATUREZA;ILUMINACAO;TEMPO;SUPERFICIEPISTA;TIPOCRUZAMENTO;CONTROLETRAFEGO;USOSOLO;MORTOS;FERIDOS;ILESOS;AUTOMOVEL;ONIBUS;BICICLETA;CAMINHAO;MICROONIBUS;CICLOMOTOR;MOTOCICLETA;TRACAOANIMAL;TREM;LATITUDE;LONGITUDE
339596;21;8;2018;19:36;22727;RUA MIN ABNER VASCONCELOS;RUA EUCLIDES O DE SOUSA;;0;;Colis?â?úo;;;;Cruz;Pare;Comercial;0;1;0;1;0;0;0;0;0;1;0;0;-3,798148000000000;-38,478870000000000
339597;21;8;2018;22:10;0;TR STA ROSA D38;;;34;;Queda;;;;Meio de Quadra;;;0;2;0;0;0;0;0;0;0;1;0;0;-3,757624464000000;-38,547452927000000
339598;21;8;2018;22:22;0;RUA CEL JOAO CORREIA;;;955;;Colis?â?úo;;;;Meio de Quadra;;;0;2;0;0;0;0;0;0;0;1;0;0;-3,792805000000000;-38,601607000000000
339584;21;8;2018;09:04;0;AV ENG ALBERTO SA;;;1120;;Colis?â?úo;Luz do Dia;;;Meio de Quadra;;;0;1;0;1;0;0;0;0;0;1;0;0;-3,735314000000000;-38,473145000000000
339585;21;8;2018;11:12;0;RUA CEL JOAO CORREIA;;;987;;Atropelamento;Luz do Dia;;;Meio de Quadra;;;0;1;0;1;0;0;0;0;0;0;0;0;-3,792805000000000;-38,601607000000000
339586;21;8;2018;12:37;19664;RUA PRO JOSE DE BARCELOS;RUA GUSTAVO SAMPAIO;;0;;Colis?â?úo;Luz do Dia;;;Cruz;Pare;Residencial;0;1;0;1;0;0;0;0;0;1;0;0;-3,734101000000000;-38,550829000000000
339589;21;8;2018;13:58;0;RUA GAL SAMPAIO;;;1572;;Colis?â?úo;Luz do Dia;;;Meio de Quadra;;;0;1;0;1;0;0;0;0;0;1;0;0;-3,732045273000000;-38,532312879000000
339616;21;8;2018;22:39;2783;RUA CEL JOAO CORREIA;RUA VALDEMAR PAES;;0;;Colis?â?úo;;;;;;;0;1;0;0;0;0;0;0;0;1;0;0;-3,792805000000000;-38,601607000000000
327486;21;8;2018;19:30;9200;RUA JAIME BENEVOLO;RUA DEP JOAO PONTES;;0;;Colis?â?úo Transversal;Via Iluminada;Bom;Seca;Cruz;Pare;Comercial;0;0;2;1;0;0;0;0;0;1;0;0;-3,746140000000000;-38,530076000000000
327484;21;8;2018;06:55;0;AV DR SILAS MUNGUBA;;;2964;;Atropelamento;Luz do Dia;Bom;Seca;Meio de Quadra;Outros;Residencial;1;1;0;0;0;0;0;0;0;1;0;0;-3,788045000000000;-38,546993000000000
327494;22;8;2018;10:00;7718;AV CARNEIRO DE MENDONCA;AV JOSE BASTOS;;0;;Colis?â?úo Lateral;Luz do Dia;Bom;Seca;Cruz;Sem?â?íforo;Comercial;0;1;1;0;0;0;1;0;0;0;0;0;-3,764109000000000;-38,566759000000000
327491;22;8;2018;17:00;0;AV ENG SANTANA JUNIOR;;;1315;VIADUTO;Colis?â?úo Traseira;Via Iluminada;Bom;Seca;Meio de Quadra;Outros;Comercial;0;0;2;1;0;0;0;0;0;0;0;0;-3,739237857000000;-38,484333143000000
327496;22;8;2018;07:20;0;AV PRS JUSCELINO KUBITSCHEK (PASSAR?âÔÇ?);;;4500;;Colis?â?úo Transversal;Luz do Dia;Bom;Seca;Meio de Quadra;Outros;Residencial;1;1;3;0;1;0;0;0;0;1;0;0;-3,816910000000000;-38,532190000000000
327498;22;8;2018;23:20;0;AV ABOLICAO;;;3806;;Colis?â?úo Traseira;Via Iluminada;Bom;Seca;Meio de Quadra;N?â?úo H?â?í Controle;Comercial;0;1;1;1;0;0;0;0;0;1;0;0;-3,725611781000000;-38,485396160000000
339630;22;8;2018;00:38;0;AV CEL CARVALHO;;;1900;;Colis?â?úo;;;;Meio de Quadra;;;0;1;0;0;0;0;0;0;0;0;0;0;-3,719122000000000;-38,587509000000000
339631;22;8;2018;01:53;0;AV ROGACIANO LEITE;;;2400;;Colis?â?úo;;;;Meio de Quadra;;;0;2;0;1;0;0;0;0;0;1;0;0;-3,776574000000000;-38,500500500000000
339632;22;8;2018;06:31;0;AV WASHINGTON SOARES;;;0;;Colis?â?úo;Luz do Dia;;;Meio de Quadra;;;0;1;0;1;0;0;0;0;0;1;0;0;;
339633;22;8;2018;06:35;19539;AV DR SILAS MUNGUBA;RUA EQUADOR;;0;;Colis?â?úo;Luz do Dia;;;Cruz;Sem?â?íforo;Residencial;0;0;1;0;0;0;0;0;0;1;0;0;-3,782377000000000;-38,555434000000000
339634;22;8;2018;06:53;1825;RUA JOSE MOREIRA;RUA MARIA QUINTINO;;0;;Outros;Luz do Dia;;;;;;0;1;0;0;0;1;0;0;0;0;0;0;-3,857732000000000;-38,501171000000000
339635;22;8;2018;06:56;0;AV SEN CARLOS JEREISSATI (AEROPORTO);;;107;;Colis?â?úo;Luz do Dia;;;Meio de Quadra;;;0;1;0;1;0;0;0;0;0;1;0;0;-3,784360000000000;-38,518098000000000
339641;22;8;2018;07:52;0;AV DR SILAS MUNGUBA;;;0;;Colis?â?úo;Luz do Dia;;;Meio de Quadra;;;0;1;0;0;0;0;0;0;0;0;0;0;;
339642;22;8;2018;08:20;0;AV GODOFREDO MACIEL;;;4358;;Queda;Luz do Dia;;;Meio de Quadra;;;0;1;0;0;0;0;0;0;0;1;0;0;-3,813311500000000;-38,575179500000000
339590;22;8;2018;14:36;0;TR GUARANI;;;58;;Atropelamento;Luz do Dia;;;Meio de Quadra;;;0;1;0;1;0;0;0;0;0;0;0;0;-3,858790000000000;-38,494460000000000
339664;22;8;2018;10:46;1716;AV GAL MURILO BORGES;AV GOV RAUL BARBOSA;;0;;Colis?â?úo;Luz do Dia;;;Outros;N?â?úo H?â?í Controle;Residencial;0;1;0;0;0;0;0;0;0;1;0;0;-3,763977000000000;-38,508802000000000
339666;22;8;2018;12:45;0;RUA CEL FRANCISCO PEREIRA (MESSEJANA);;;300;;Colis?â?úo;Luz do Dia;;;Meio de Quadra;;;0;1;0;1;0;0;0;0;0;1;0;0;-3,831236700000000;-38,493013500000000
339669;22;8;2018;14:55;0;AV SANTOS DUMONT;;;5071;;Queda;Luz do Dia;;;Meio de Quadra;;;0;1;0;0;0;0;0;0;0;1;0;0;-3,740075940000000;-38,486461277000000
339671;22;8;2018;16:19;0;AV JOSE JATAHY;;;305;;Colis?â?úo;Luz do Dia;;;Meio de Quadra;;;0;1;0;1;0;0;0;0;0;1;0;0;-3,740661282000000;-38,543072744000000
339672;22;8;2018;16:29;0;AV DEP PAULINO ROCHA;;;0;;Colis?â?úo;Luz do Dia;;;Meio de Quadra;;;0;1;0;0;0;0;0;0;0;0;0;0;;
339675;22;8;2018;17:28;0;AV ENG HUMBERTO MONTE;;;811;;Queda;Anoitecer;;;Meio de Quadra;;;0;1;0;0;0;0;0;0;0;1;0;0;-3,751481000000000;-38,558609000000000
339676;22;8;2018;17:50;0;AV GAL OSORIO DE PAIVA;;;0;;Atropelamento;Anoitecer;;;Meio de Quadra;;;0;1;0;0;0;0;0;0;0;1;0;0;;
339681;22;8;2018;18:00;0;RUA JORGE DUMAR;;;0;;Colis?â?úo;Anoitecer;;;Meio de Quadra;;;0;1;0;1;0;1;0;0;0;0;0;0;;
339682;22;8;2018;18:25;0;AV JOR THOMAZ COELHO;;;1861;;Colis?â?úo;Anoitecer;;;Meio de Quadra;;;0;1;0;0;0;0;0;0;0;0;0;0;;
339692;22;8;2018;18:26;0;RUA BERNARDO MANUEL;;;0;;Atropelamento;Anoitecer;;;Meio de Quadra;;;0;1;0;0;0;0;0;0;0;0;0;0;;
339696;22;8;2018;18:33;0;AV ROGACIANO LEITE;;;1857;;Colis?â?úo;;;;Meio de Quadra;;;0;1;0;1;0;0;0;0;0;1;0;0;-3,770883413000000;-38,498170228000000
339702;22;8;2018;18:47;17359;RUA IRM BAZET;AV PRO GOMES DE MATOS;;0;;Colis?â?úo;;;;Cruz;Pare;Comercial;0;1;0;1;0;0;0;0;0;1;0;0;-3,766045000000000;-38,549810000000000
339703;22;8;2018;18:49;0;AV MR HULL;;;0;;Colis?â?úo;;;;Meio de Quadra;;;0;1;0;0;0;0;0;0;0;1;0;0;;
339704;22;8;2018;19:39;0;TR DOM JOSE LOURENCO  D27;;;1840;;Colis?â?úo;;;;Meio de Quadra;;;0;1;0;1;0;0;0;0;0;1;0;0;-3,738700000000000;-38,558920000000000
339705;22;8;2018;19:44;334;RUA NESTOR BARBOSA;RUA AMADEU FURTADO;;0;;Colis?â?úo;;;;Cruz;Pare;Residencial;0;1;0;1;0;0;0;0;0;0;0;0;-3,745408000000000;-38,562047000000000
339706;22;8;2018;21:21;15327;AV SEN VIRGILIO TAVORA;RUA ANA BILHAR;;0;;Atropelamento;;;;Cruz;Sem?â?íforo;Comercial;0;1;0;0;0;0;0;0;0;0;0;0;-3,730893000000000;-38,491262000000000
339707;22;8;2018;21:31;0;RUA DR PEDRO WILSON D45;;;796;;Colis?â?úo;;;;Meio de Quadra;;;0;1;0;1;0;0;0;0;0;1;0;0;-3,789750000000000;-38,546330000000000
338369;22;8;2018;11:00;0;RD BR 222;;;1100;KM-01;Colis?â?úo Transversal;Luz do Dia;;;Meio de Quadra;;;0;2;2;1;0;0;1;0;0;0;0;0;-3,737698444000000;-38,578146930000000
333586;22;8;2018;18:00;0;AV ALBERTO CRAVEIRO;;;0;;Colis?â?úo;Anoitecer;;;Meio de Quadra;;;0;0;1;0;0;0;1;0;0;1;0;0;;
332651;22;8;2018;22:48;0;AV SEN VIRGILIO TAVORA;;;195;;Capotamento;Via Iluminada;Bom;Seca;Meio de Quadra;N?â?úo H?â?í Controle;Comercial;0;1;0;1;0;0;0;0;0;0;0;0;-3,730632300000000;-38,491066000000000
332658;22;8;2018;21:25;0;RUA PRA HELOISA F LIMA;RUA PEDRO WILSON (ITAPERI);;0;;Colis?â?úo;Via Iluminada;Bom;Seca;;;;0;1;1;1;0;0;0;0;0;1;0;0;-3,789643800000000;-38,546340000000000
332643;22;8;2018;08:00;21624;RUA CON DE CASTRO;RUA PIRAJUI;;0;;N?â?úo Informado;Luz do Dia;Bom;Seca;Duplo T;Pare;Comercial;0;0;1;1;0;0;0;0;0;1;0;0;-3,802339000000000;-38,589623000000000
332644;22;8;2018;13:16;0;AV GODOFREDO MACIEL;;;0;;N?â?úo Informado;Luz do Dia;Bom;Seca;T;N?â?úo H?â?í Controle;Comercial;0;0;2;1;0;0;0;0;0;0;0;0;-3,785012500000000;-38,566540000000000
332645;22;8;2018;15:56;0;RUA VALMIR PONTES;;;0;NAMI-UNIFOR;Colis?â?úo Transversal;Luz do Dia;Bom;Seca;Meio de Quadra;N?â?úo H?â?í Controle;Escola;0;0;2;1;0;0;0;0;0;0;0;0;-3,771227000000000;-38,479640000000000
332646;22;8;2018;19:00;334;RUA NESTOR BARBOSA;RUA AMADEU FURTADO;;0;;Colis?â?úo Transversal;Via Iluminada;Bom;Seca;Cruz;Pare;Residencial;0;0;2;1;0;0;0;0;0;0;0;0;-3,745408000000000;-38,562047000000000
332647;22;8;2018;19:30;0;RUA CANUTO DE AGUIAR;;;1317;;Colis?â?úo Lateral;Via Iluminada;Bom;Seca;Meio de Quadra;N?â?úo H?â?í Controle;Comercial;0;0;2;1;0;0;0;0;0;0;0;0;-3,732679600000000;-38,490710000000000
332648;22;8;2018;21:11;1273;AV SANTOS DUMONT;RUA DR JOSE LOURENCO;;0;;Colis?â?úo Transversal;Via Iluminada;Bom;Seca;Cruz;Pare;Comercial;0;1;1;0;0;0;0;0;0;1;0;0;-3,733299000000000;-38,507380000000000
332649;22;8;2018;21:31;1323;AV DES MOREIRA;RUA MARIA TOMASIA;;0;;N?â?úo Informado;Via Iluminada;Bom;Seca;Cruz;Sem?â?íforo;Comercial;0;0;2;1;0;0;0;0;0;0;0;0;-3,735221000000000;-38,498026000000000
332641;22;8;2018;00:30;0;AV CEL CARVALHO;;;2012;;Choque c/ Obst?â?ículo Fixo;Via Iluminada;Bom;Seca;Meio de Quadra;N?â?úo H?â?í Controle;Comercial;0;0;1;0;1;0;0;0;0;0;0;0;-3,719418800000000;-38,587482000000000
331934;22;8;2018;18:30;0;RD CE-040;;;0;KM-05;Colis?â?úo;Anoitecer;;Seca;Meio de Quadra;;;0;0;2;1;0;0;0;0;0;0;0;0;-3,800595823000000;-38,479534630000000
331935;22;8;2018;21:45;0;RD CE-025;;;0;KM-04;Colis?â?úo;Via Iluminada;;Seca;Meio de Quadra;;;0;2;1;1;0;1;0;0;0;0;0;0;-3,805111679000000;-38,443338730000000
331929;22;8;2018;06:40;0;RD CE-040;;;0;KM-06;Colis?â?úo;Luz do Dia;;Seca;Meio de Quadra;;;0;1;1;1;0;0;0;0;0;1;0;0;-3,809596804000000;-38,478733480000000
331930;22;8;2018;09:50;0;RD CE-040;;;0;KM-13;Colis?â?úo;Luz do Dia;;Seca;Meio de Quadra;;;0;0;2;1;0;0;1;0;0;0;0;0;-3,866093254000000;-38,468936820000000
331921;22;8;2018;07:30;0;AV SEN CARLOS JEREISSATI (AEROPORTO);;;0;KM 01;Colis?â?úo;Luz do Dia;;Seca;Meio de Quadra;;;0;0;2;1;0;0;1;0;0;0;0;0;-3,783753000000000;-38,526850000000000
332659;23;8;2018;15:40;3406;RUA AMAZONAS;RUA CEL NUNES DE MELO;;0;;Colis?â?úo Transversal;Luz do Dia;Bom;Seca;T;Pare;Residencial;0;0;2;1;0;0;0;0;0;1;0;0;-3,756370000000000;-38,559853000000000
332660;23;8;2018;16:15;9199;RUA BAR ARATANHA;RUA DEP JOAO PONTES;;0;;Colis?â?úo Transversal;Luz do Dia;Bom;Seca;Cruz;Pare;Residencial;0;1;0;0;0;0;0;0;0;1;0;0;-3,745923000000000;-38,530746000000000
332661;23;8;2018;19:29;0;AV JOSE JATAHY;;;0;;Colis?â?úo Traseira;Luz do Dia;Bom;Seca;Meio de Quadra;N?â?úo H?â?í Controle;Comercial;0;1;1;0;0;0;0;0;0;1;0;0;-3,729597300000000;-38,545444000000000
332662;23;8;2018;19:33;0;AV ANTONIO SALES;;;1017;;Colis?â?úo Transversal;Anoitecer;Bom;Seca;;;;0;1;1;1;0;0;0;0;0;1;0;0;-3,741912800000000;-38,513603000000000
332663;23;8;2018;19:47;5402;RUA METON DE ALENCAR;RUA VINTE E QUATRO DE MAIO;;0;;Colis?â?úo Lateral;Mal Iluminada;Bom;Seca;Cruz;Pare;Comercial;0;0;2;0;1;0;0;0;0;1;0;0;-3,732626000000000;-38,533848000000000
332664;23;8;2018;20:07;7479;RUA PEDRO DANTAS;AV ALBERTO CRAVEIRO;;0;;Colis?â?úo Lateral;Via Iluminada;Bom;Seca;Cruz;Sem?â?íforo;Comercial;0;1;1;1;0;0;0;0;0;1;0;0;-3,786753000000000;-38,517220000000000
332665;23;8;2018;23:13;0;AV CASTELO DE CASTRO;;;388;;Choque c/ Obst?â?ículo Fixo;Via Iluminada;Bom;Seca;Meio de Quadra;N?â?úo H?â?í Controle;Comercial;0;2;2;1;0;0;0;0;0;1;0;0;-3,832493800000000;-38,521560000000000
332652;23;8;2018;07:25;0;RUA BENI DE CARVALHO;;;189;;Colis?â?úo Traseira;Luz do Dia;Bom;Seca;Meio de Quadra;Sem?â?íforo;Comercial;0;0;2;1;0;0;0;0;0;0;0;0;-3,744776700000000;-38,498745000000000
332653;23;8;2018;07:00;0;AV BORGES DE MELO;;;1885;;Colis?â?úo Traseira;Luz do Dia;Bom;Seca;Meio de Quadra;N?â?úo H?â?í Controle;Residencial;0;0;5;0;1;0;0;0;0;0;0;0;-3,755022800000000;-38,535637000000000
332654;23;8;2018;08:30;1416;RUA MARIA TOMASIA;RUA CEL JUCA;;0;;Colis?â?úo Transversal;Luz do Dia;Bom;Seca;Cruz;Pare;Comercial;0;3;3;1;0;0;0;0;0;0;0;0;-3,737434000000000;-38,491207000000000
332655;23;8;2018;10:20;15181;AV RUI BARBOSA;RUA TOMAS POMPEU;;0;;Colis?â?úo Transversal;Luz do Dia;Bom;Seca;Cruz;Pare;Residencial;0;0;2;0;0;0;0;0;0;1;0;0;-3,725871000000000;-38,506160000000000
332656;23;8;2018;13:35;5420;RUA METON DE ALENCAR;RUA SEN POMPEU;;0;;N?â?úo Informado;Luz do Dia;Bom;Seca;Cruz;Sem?â?íforo;Comercial;0;0;2;1;1;0;0;0;0;0;0;0;-3,733376000000000;-38,531575000000000
332657;23;8;2018;13:00;23606;RUA BAR CRATO;RUA MAJ VERISSIMO;;0;;Colis?â?úo;Luz do Dia;Bom;Seca;Cruz;Pare;Residencial;0;1;1;1;0;0;0;0;0;1;0;0;-3,722084000000000;-38,562705000000000
332735;23;8;2018;17:35;0;AV GOV RAUL BARBOSA;;;3823;;Colis?â?úo Lateral;Luz do Dia;Bom;Seca;Meio de Quadra;N?â?úo H?â?í Controle;Comercial;0;1;1;1;0;0;0;0;0;1;0;0;-3,757471600000000;-38,504475000000000
339718;23;8;2018;04:48;8949;AV BEZERRA DE MENEZES;RUA JUSTINIANO DE SERPA;;0;;Queda;;;;Cruz;Sem?â?íforo;Comercial;0;1;0;1;0;0;0;0;0;0;0;0;-3,731156000000000;-38,542857000000000
339719;23;8;2018;06:20;2955;RUA MARIA JULIA;RUA SAO FRANCISCO D21;;0;;Colis?â?úo;Luz do Dia;;;Cruz;Pare;Comercial;0;1;0;0;0;0;0;0;0;0;0;0;-3,798608000000000;-38,601633000000000
339720;23;8;2018;08:42;0;RUA JOAQUIM NABUCO;;;3326;;Colis?â?úo;Luz do Dia;;;Meio de Quadra;;;0;1;0;1;0;0;0;0;0;1;0;0;-3,753860000000000;-38,507430000000000
339727;23;8;2018;09:44;0;RUA JULIO GASPAR;;;766;;Colis?â?úo;Luz do Dia;;;Meio de Quadra;;;0;1;0;1;0;0;0;0;0;1;0;0;;
339728;23;8;2018;09:45;0;RUA MON SALAZAR;;;7187;;Colis?â?úo;Luz do Dia;;;Meio de Quadra;;;0;1;0;1;0;0;0;0;0;1;0;0;-3,756310000000000;-38,515990000000000
339761;23;8;2018;10:18;13376;RUA JOAO BRIGIDO;RUA GONCALVES LEDO;;0;;Colis?â?úo;Luz do Dia;;;Cruz;Pare;Residencial;0;1;0;1;0;0;0;0;0;1;0;0;-3,739611000000000;-38,518955000000000
339763;23;8;2018;10:30;0;RUA VITORIA;;;271;;Queda;Luz do Dia;;;Meio de Quadra;;;0;1;0;0;0;0;0;0;0;1;0;0;-3,723571900000000;-38,603893700000000
339764;23;8;2018;12:28;0;RD BR 116;;;9000;;Colis?â?úo;Luz do Dia;;;Meio de Quadra;;;0;1;0;1;0;0;0;0;0;1;0;0;-3,830837000000000;-38,504865000000000
339773;23;8;2018;13:13;0;AV PRS JUSCELINO KUBITSCHEK (PASSAR?âÔÇ?);;;3633;;Colis?â?úo;Luz do Dia;;;Meio de Quadra;;;0;1;0;1;0;0;0;0;0;1;0;0;-3,813772000000000;-38,529791000000000
339774;23;8;2018;14:32;3175;RUA VITAL BRASIL;RUA LUZIA MOREIRA;;0;;Colis?â?úo;Luz do Dia;;;Cruz;Gesto;Comercial;0;1;0;1;0;0;0;0;0;1;0;0;-3,779420000000000;-38,593017000000000
339783;23;8;2018;15:02;0;AV GODOFREDO MACIEL;;;1041;;Colis?â?úo;Luz do Dia;;;Meio de Quadra;;;0;1;0;0;0;0;0;0;0;0;0;0;-3,785214000000000;-38,566420864000000
339789;23;8;2018;15:02;0;AV GODOFREDO MACIEL;;;1041;;Colis?â?úo;Luz do Dia;;;Meio de Quadra;;;0;1;0;0;0;0;0;0;0;0;0;0;-3,785214000000000;-38,566420864000000
339790;23;8;2018;15:33;1375;AV SANTOS DUMONT;RUA BARBOSA DE FREITAS;;0;;Colis?â?úo;Luz do Dia;;;Cruz;Sem?â?íforo;Comercial;0;1;0;1;0;0;0;0;0;1;0;0;-3,736551000000000;-38,497363000000000
339836;23;8;2018;17:52;0;AV GODOFREDO MACIEL;;;3555;;Colis?â?úo;Anoitecer;;;Meio de Quadra;;;0;1;0;1;0;0;0;0;0;1;0;0;-3,806873000000000;-38,573161286000000
339837;23;8;2018;18:10;0;AV JOSE JATAHY;;;0;;Colis?â?úo;Anoitecer;;;Meio de Quadra;;;0;1;0;1;0;0;0;0;0;1;0;0;;
339838;23;8;2018;18:48;0;AV GOV RAUL BARBOSA;;;0;;Colis?â?úo;;;;Meio de Quadra;;;0;1;0;1;0;0;0;0;0;1;0;0;;
339839;23;8;2018;18:51;0;RUA OSCAR FRANCA;;;300;;;;;;Meio de Quadra;;;0;1;0;1;0;0;0;0;0;1;0;0;-3,793479000000000;-38,594834000000000
339840;23;8;2018;19:29;0;RUA DR HUGO ROCHA;;;477;;Queda;;;;Meio de Quadra;;;0;1;0;0;0;1;0;0;0;0;0;0;-3,716262200000000;-38,570462500000000
339845;23;8;2018;19:49;0;AV ALBERTO CRAVEIRO;;;900;;Colis?â?úo;;;;Meio de Quadra;;;0;1;0;1;0;0;0;0;0;1;0;0;-3,785918900000000;-38,517238600000000
339850;23;8;2018;20:00;7479;AV ALBERTO CRAVEIRO;RUA PEDRO DANTAS;;0;;Colis?â?úo;;;;Cruz;Sem?â?íforo;Comercial;0;1;0;1;0;0;0;0;0;1;0;0;-3,786753000000000;-38,517220000000000
339851;23;8;2018;23:56;0;AV ALBERTO CRAVEIRO;;;0;;Queda;;;;Meio de Quadra;;;0;2;0;0;0;0;0;0;0;1;0;0;;
338435;23;8;2018;12:20;0;RD BR 116;;;5000;KM-05;Queda;Luz do Dia;;;Meio de Quadra;;;0;1;1;0;0;0;0;0;0;1;0;0;-3,796502000000000;-38,506787000000000
327499;23;8;2018;06:30;21319;RUA GUSTAVO SAMPAIO;RUA JOSE SOMBRA;;0;;Colis?â?úo Lateral;Luz do Dia;Bom;Seca;Cruz;Pare;Residencial;0;1;1;1;0;0;0;0;0;1;0;0;-3,733349000000000;-38,547260000000000
327497;23;8;2018;07:00;6969;AV B CJ ESPERANCA;AV F CJ ESPERANCA;;0;;Colis?â?úo Lateral;Luz do Dia;Bom;Seca;Cruz;Sem?â?íforo;Residencial;0;0;2;1;1;0;0;0;0;0;0;0;-3,817486000000000;-38,588467000000000
327505;23;8;2018;06:20;25163;RUA MARIA JULIA ROCHA;RUA SAO FRANCISCO D34;;0;;Colis?â?úo Transversal;Luz do Dia;Bom;Seca;Cruz;Pare;Residencial;0;1;1;0;1;1;0;0;0;0;0;0;;
327617;24;8;2018;08:00;0;RUA FRANCISCO GLICERIO;;;904;;Colis?â?úo Frontal;Luz do Dia;Bom;Outros;Meio de Quadra;Sem?â?íforo;Outros;0;2;0;1;0;0;0;0;0;1;0;0;-3,795981000000000;-38,569757000000000
338438;24;8;2018;21:40;0;RD BR 116;;;7100;KM-07;Colis?â?úo Lateral;;;;Meio de Quadra;;;0;0;2;0;0;0;1;0;0;0;0;0;-3,786917000000000;-38,511279000000000
334885;24;8;2018;16:23;0;AV BENJAMIM BRASIL;;;2080;;Queda;Luz do Dia;;;Meio de Quadra;;;0;1;0;0;0;1;0;0;0;0;0;0;-3,808098709000000;-38,558439869000000
334886;24;8;2018;16:34;5445;AV HERACLITO GRACA;RUA DNA LEOPOLDINA;;0;;Colis?â?úo;Luz do Dia;;;Duplo T;Sem?â?íforo;Comercial;0;1;0;0;0;0;0;0;0;0;0;0;;
334883;24;8;2018;15:23;7623;RUA PERNAMBUCO;RUA RIO GRANDE DO SUL;;0;;Colis?â?úo;Luz do Dia;;;Cruz;Pare;Residencial;0;1;1;1;0;0;0;0;0;1;0;0;-3,760011000000000;-38,568467000000000
334879;24;8;2018;14:56;15357;RUA LEONARDO MOTA;RUA PEREIRA VALENTE;;0;;Colis?â?úo;Luz do Dia;;;Cruz;Pare;Comercial;0;1;1;1;0;0;0;0;0;1;0;0;-3,732885000000000;-38,495134000000000
334877;24;8;2018;14:46;0;RUA VALPARAISO;;;497;;Colis?â?úo;Luz do Dia;;;Meio de Quadra;;;0;1;0;0;0;0;0;0;0;0;0;0;-3,844873593000000;-38,524939963000000
334874;24;8;2018;13:36;0;AV SEN FERNANDES TAVORA;;;0;;Colis?â?úo;Luz do Dia;;;Meio de Quadra;;;0;1;1;1;0;0;0;0;0;1;0;0;;
334872;24;8;2018;12:05;25018;RUA TEODOMIRO DE CASTRO;RUA FRANCISCO CALACA;;0;;Colis?â?úo;Luz do Dia;;;T;N?â?úo H?â?í Controle;Comercial;0;1;1;1;0;0;0;0;0;1;0;0;-3,717748000000000;-38,574380000000000
334850;24;8;2018;06:58;0;RD BR 116;;;0;;Queda;Luz do Dia;;;Meio de Quadra;;;0;1;0;0;0;0;0;0;0;1;0;0;;
334859;24;8;2018;06:59;0;RUA OSCAR ARARIPE;;;3422;;Colis?â?úo;Luz do Dia;;;Meio de Quadra;;;0;1;1;0;0;0;1;0;0;1;0;0;-3,784293593000000;-38,621477763000000
334860;24;8;2018;07:10;12567;RUA MARIA CLARA;RUA GEORGE CAVALCANTE;;0;;Colis?â?úo;Luz do Dia;;;;;;0;1;1;1;0;0;0;0;0;1;0;0;-3,724027000000000;-38,592944000000000
334861;24;8;2018;07:00;0;RD BR 116;;;9000;KM-09;Queda;Luz do Dia;;;Meio de Quadra;;;0;2;0;0;0;0;0;0;0;1;0;0;-3,830837000000000;-38,504865000000000
334863;24;8;2018;07:44;0;AV MAE LISBOA;;;2089;;Atropelamento;Luz do Dia;;;Meio de Quadra;;;0;1;1;1;0;0;0;0;0;0;0;0;-3,807560177000000;-38,460878765000000
334864;24;8;2018;08:04;0;RUA ADOLFO SIQUEIRA;;;68;;Colis?â?úo;Luz do Dia;;;Meio de Quadra;;;0;1;1;1;0;0;0;0;0;1;0;0;-3,742421265000000;-38,519529441000000
334870;24;8;2018;09:55;0;AV JOSE BASTOS;;;3604;;Queda;Luz do Dia;;;Meio de Quadra;;;0;1;0;0;0;0;0;0;0;1;0;0;-3,750521000000000;-38,550982500000000
334866;24;8;2018;08:18;13378;AV ANTONIO SALES;RUA NOGUEIRA ACIOLI;;0;;Colis?â?úo;Luz do Dia;;;Cruz;Sem?â?íforo;Comercial;0;1;1;1;0;0;0;0;0;1;0;0;-3,739866000000000;-38,520316000000000
334931;24;8;2018;20:12;0;AV FRANCISCO SA;;;3180;;Atropelamento;;;;Meio de Quadra;;;0;1;1;1;0;0;0;0;0;0;0;0;-3,718124960000000;-38,555208879000000
334934;24;8;2018;20:21;0;RUA JAIME BENEVOLO;;;247;;Colis?â?úo;;;;Meio de Quadra;;;0;1;1;0;0;0;0;0;0;1;0;0;-3,737960000000000;-38,527260000000000
334936;24;8;2018;21:04;0;RD BR 116;;;3000;KM-03;Atropelamento;;;;Meio de Quadra;;;0;1;1;0;0;0;0;0;0;1;0;0;-3,779838000000000;-38,514372000000000
334937;24;8;2018;22:13;0;RUA LEON GRADVOHL;;;0;;Colis?â?úo;;;;Meio de Quadra;;;0;1;1;1;0;0;0;0;0;1;0;0;;
334938;24;8;2018;22:35;0;RUA TOMAS EDSON;;;0;;Queda;;;;Meio de Quadra;;;0;1;0;0;0;0;0;0;0;1;0;0;;
334899;24;8;2018;19:45;0;AV N CJ CEARA;;;252;;Queda;;;;Meio de Quadra;;;0;1;0;0;0;0;0;0;0;1;0;0;;