COD_ACIDENTE;DIA;MES;ANO;HORA;INTERSECAO;LOG1;LOG2;LOG3;NUMERO;REFERENCIA;NATUREZA;ILUMINACAO;TEMPO;SUPERFICIEPISTA;TIPOCRUZAMENTO;CONTROLETRAFEGO;USOSOLO;MORTOS;FERIDOS;ILESOS;AUTOMOVEL;ONIBUS;BICICLETA;CAMINHAO;MICROONIBUS;CICLOMOTOR;MOTOCICLETA;TRACAOANIMAL;TREM;LATITUDE;LONGITUDE
334889;24;8;2018;17:10;0;RUA BETEL;;;0;;Queda;Anoitecer;;;Meio de Quadra;;;0;1;0;0;0;1;0;0;0;0;0;0;;
334890;24;8;2018;18:15;19743;RUA PRO LINO ENCARNACAO;RUA AZEVEDO BOLAO;;0;;Queda;Anoitecer;;;Cruz;Pare;Residencial;0;1;0;0;0;0;0;0;0;1;0;0;-3,737419000000000;-38,561430000000000
334891;24;8;2018;18:55;0;RUA MARIO ALENCAR ARARIPE;;;0;;Colis?â?úo;;;;Meio de Quadra;;;0;1;1;1;0;0;0;0;0;1;0;0;;
334893;24;8;2018;19:09;0;AV GAL MURILO BORGES;;;0;;Colis?â?úo;;;;Meio de Quadra;;;0;1;1;1;0;0;0;0;0;1;0;0;;
334894;24;8;2018;19:13;0;RUA TOMAS RODRIGUES;;;167;;Colis?â?úo;;;;Meio de Quadra;;;0;1;1;1;0;0;0;0;0;1;0;0;-3,738023000000000;-38,594205000000000
334881;24;8;2018;15:02;0;RUA ROCHA LIMA;;;135;;Queda;Luz do Dia;;;Meio de Quadra;;;0;1;0;0;0;0;0;0;0;1;0;0;-3,736140000000000;-38,523020000000000
334897;24;8;2018;19:40;0;RUA CARLOS AMORA;;;0;;Colis?â?úo;;;;Meio de Quadra;;;0;1;1;0;0;0;0;0;0;1;0;0;;
334901;24;8;2018;19:54;1716;AV GAL MURILO BORGES;AV GOV RAUL BARBOSA;;0;;Colis?â?úo;;;;Rotat?â??ria;D?â?¬ Prefer?â?¬ncia;Residencial;0;1;1;1;0;0;0;0;0;1;0;0;-3,763977000000000;-38,508802000000000
334797;24;8;2018;05:56;0;AV WASHINGTON SOARES;;;0;;Queda;Amanhecer;;;Meio de Quadra;;;0;1;0;0;0;0;0;0;0;1;0;0;;
334798;24;8;2018;06:56;0;AV GOV RAUL BARBOSA;;;7152;;Colis?â?úo;Luz do Dia;;;Meio de Quadra;;;0;1;1;0;0;0;0;0;0;1;0;0;-3,775338546000000;-38,513006182000000
332668;24;8;2018;08:47;0;AV DOMINGOS OLIMPIO;;;920;;Colis?â?úo Traseira;Luz do Dia;Bom;Seca;Meio de Quadra;N?â?úo H?â?í Controle;Comercial;0;0;2;1;0;0;0;0;0;0;0;0;-3,736412000000000;-38,532150000000000
332669;24;8;2018;08:11;1386;AV SEN VIRGILIO TAVORA;RUA MARIA TOMASIA;;0;;Colis?â?úo Transversal;Luz do Dia;Bom;Seca;Cruz;Sem?â?íforo;Comercial;0;0;1;1;0;0;0;0;0;0;0;0;-3,736801000000000;-38,493150000000000
332670;24;8;2018;14:00;0;AV AUGUSTO DOS ANJOS;;;354;;Colis?â?úo Lateral;Luz do Dia;Bom;Seca;Meio de Quadra;Sem?â?íforo;Comercial;0;0;2;1;1;0;0;0;0;0;0;0;-3,772013400000000;-38,571860000000000
332671;24;8;2018;15:50;14611;AV JOSE LEON;RUA PDE JANUARIO CAMPOS;;0;;Colis?â?úo Lateral;Luz do Dia;Bom;Seca;T;N?â?úo H?â?í Controle;Residencial;0;1;1;1;0;0;0;0;0;1;0;0;-3,790897000000000;-38,489090000000000
332672;24;8;2018;22:32;0;AV SANTOS DUMONT;;;5100;VIADUTO SANTANA JUNIOR;Colis?â?úo Lateral;Via Iluminada;Bom;Seca;Meio de Quadra;N?â?úo H?â?í Controle;Comercial;0;0;2;1;1;0;0;0;0;0;0;0;-3,740165000000000;-38,485817000000000
331936;24;8;2018;06:50;0;AV ENG SANTANA JUNIOR;;;0;;Colis?â?úo;Luz do Dia;;Seca;Meio de Quadra;;;0;0;3;1;0;0;0;0;0;0;0;0;;
333589;24;8;2018;13:30;0;AV FRANCISCO SA;;;1881;;Colis?â?úo;Luz do Dia;;;Meio de Quadra;;;0;0;1;0;0;0;1;0;0;0;0;0;-3,722203167000000;-38,542738333000000
333590;24;8;2018;16:50;0;RUA VALPARAISO;;;497;;Colis?â?úo;Luz do Dia;;;Meio de Quadra;;;0;1;1;0;0;0;0;0;0;1;0;0;-3,844873593000000;-38,524939963000000
332837;24;8;2018;10:00;0;RUA CEL MANUEL ANTONIO LEITE;;;336;;Colis?â?úo Frontal;Luz do Dia;Bom;Seca;Meio de Quadra;;;0;1;1;1;0;0;0;0;0;1;0;0;-3,774135400000000;-38,592780000000000
333591;25;8;2018;06:25;5211;RUA LIBERATO BARROSO;AV IMPERADOR;;0;;Colis?â?úo;Luz do Dia;;;Cruz;Sem?â?íforo;Comercial;0;0;1;0;0;1;0;0;0;0;0;0;-3,726511000000000;-38,534257000000000
332673;25;8;2018;00:48;11030;RUA 15 DE NOVEMBRO;RUA CESAR ROSSAS;;0;;Colis?â?úo Lateral;Via Iluminada;Bom;Seca;Cruz;Sem?â?íforo;Comercial;0;0;2;1;0;0;0;0;0;0;0;0;-3,769241000000000;-38,555011000000000
332674;25;8;2018;06:50;0;AV ROGACIANO LEITE;;;1731;;Colis?â?úo Lateral;Luz do Dia;Bom;Seca;Meio de Quadra;N?â?úo H?â?í Controle;Residencial;0;1;0;0;0;0;0;0;0;1;0;0;-3,770173300000000;-38,497856000000000
332675;25;8;2018;13:57;0;RUA BENI DE CARVALHO;;;0;;Colis?â?úo Traseira;Via Iluminada;Bom;Seca;Cruz;N?â?úo H?â?í Controle;Comercial;0;0;1;0;0;0;0;0;0;0;0;0;-3,744120800000000;-38,500816000000000
332676;25;8;2018;14:20;9197;RUA JAIME BENEVOLO;RUA COSTA ARAUJO;;0;;Choque c/ Obst?â?ículo Fixo;Luz do Dia;Bom;Seca;Cruz;Pare;Residencial;0;0;1;1;0;0;0;0;0;0;0;0;-3,747162000000000;-38,530420000000000
332677;25;8;2018;14:05;0;AV PRS JUSCELINO KUBITSCHEK (PASSAR?âÔÇ?);;;3451;ROTAT?âÔÇ£RIA CASTEL?âãÆO;Colis?â?úo Traseira;Luz do Dia;Bom;Seca;Meio de Quadra;N?â?úo H?â?í Controle;Residencial;0;1;1;1;0;0;0;0;0;1;0;0;-3,811741800000000;-38,528122000000000
332678;25;8;2018;13:40;0;RUA C UI 610;;;710;;Colis?â?úo;Luz do Dia;Bom;Seca;Meio de Quadra;Pare;Residencial;0;1;1;1;0;0;0;0;0;0;0;0;-3,818251800000000;-38,555320000000000
332679;25;8;2018;20:55;11161;RUA JULIO GASPAR;RUA MANUEL TEOFILO;;0;;Colis?â?úo Transversal;Via Iluminada;Bom;Seca;Cruz;Pare;Residencial;0;1;1;1;0;0;0;0;0;1;0;0;-3,783745000000000;-38,561561000000000
332719;25;8;2018;13:15;0;AV ENG SANTANA JUNIOR;;;999;;Colis?â?úo;Luz do Dia;Bom;Seca;Meio de Quadra;Sem?â?íforo;Residencial;0;1;1;0;0;0;0;0;0;1;0;0;-3,736667000000000;-38,482690000000000
334939;25;8;2018;02:01;0;RUA MENDES GUIMARAES;;;477;;Queda;;;;Meio de Quadra;;;0;1;0;0;0;0;0;0;0;1;0;0;-3,735489000000000;-38,571186500000000
334940;25;8;2018;04:30;0;RUA ANDRE REBOUCAS;;;532;;Queda;;;;Meio de Quadra;;;0;1;0;0;0;0;0;0;0;1;0;0;-3,776289000000000;-38,591826000000000
334942;25;8;2018;04:43;0;RUA CARLOS VASCONCELOS;;;2450;;Queda;;;;Meio de Quadra;;;0;1;0;0;0;1;0;0;0;0;0;0;-3,743288561000000;-38,514167927000000
334943;25;8;2018;06:32;0;AV ROGACIANO LEITE;;;0;;Colis?â?úo;Luz do Dia;;;Meio de Quadra;;;0;1;1;0;0;0;0;0;0;1;0;0;;
334945;25;8;2018;06:49;0;RUA JULIO BRAGA;;;1595;;Atropelamento;Luz do Dia;;;Meio de Quadra;;;0;1;0;1;0;0;0;0;0;0;0;0;-3,773151469000000;-38,585105484000000
334947;25;8;2018;06:53;0;RUA BAR RIO BRANCO;;;0;;Queda;Luz do Dia;;;Meio de Quadra;;;0;1;0;0;0;0;0;0;0;1;0;0;;
334948;25;8;2018;07:10;0;RD BR 116;;;11000;KM-11;Colis?â?úo Traseira;Luz do Dia;;;Meio de Quadra;;;0;1;1;1;0;0;0;0;0;1;0;0;-3,847160000000000;-38,497176000000000
334949;25;8;2018;07:18;0;AV DIOGUINHO;;;0;;Queda;Luz do Dia;;;Meio de Quadra;;;0;1;0;0;0;1;0;0;0;0;0;0;;
334954;25;8;2018;12:25;22937;AV DR SILAS MUNGUBA;RUA GOV JOAO CARLOS;;0;;Colis?â?úo;Luz do Dia;;;T;Sem?â?íforo;Comercial;0;1;1;1;0;0;0;0;0;1;0;0;-3,783950000000000;-38,553910000000000
334951;25;8;2018;10:11;0;RUA PRA RAIMUNDA ADELIA;;;79;;Queda;Luz do Dia;;;Meio de Quadra;;;0;1;0;0;0;1;0;0;0;0;0;0;-3,736280000000000;-38,593290000000000
334952;25;8;2018;11:53;0;RUA BERNARDO MANUEL;;;1099;;Colis?â?úo;Luz do Dia;;;Meio de Quadra;;;0;1;1;1;0;0;0;0;0;1;0;0;;
334959;25;8;2018;13:46;9197;RUA JAIME BENEVOLO;RUA COSTA ARAUJO;;0;;Colis?â?úo;Luz do Dia;;;Cruz;Pare;Residencial;0;1;1;1;0;0;0;0;0;0;0;0;-3,747162000000000;-38,530420000000000
334960;25;8;2018;14:09;0;AV PDE ANTONIO TOMAS;;;3433;;Colis?â?úo;Luz do Dia;;;Meio de Quadra;;;0;1;1;1;0;0;0;0;0;1;0;0;-3,746133000000000;-38,481221000000000
334961;25;8;2018;14:56;10959;RUA ALM RUBIM;RUA ELCIAS LOPES;;0;;Colis?â?úo;Luz do Dia;;;Cruz;Sem?â?íforo;Comercial;0;1;1;1;0;1;0;0;0;0;0;0;-3,770752000000000;-38,556594000000000
334963;25;8;2018;16:19;0;RUA VITAL BRASIL;;;1850;;Colis?â?úo;Luz do Dia;;;Meio de Quadra;;;0;1;1;1;0;0;1;0;0;0;0;0;-3,778187178000000;-38,597378178000000
334968;25;8;2018;16:43;0;RUA SEN POMPEU;;;350;;Atropelamento;Luz do Dia;;;Meio de Quadra;;;0;1;1;1;0;0;0;0;0;0;0;0;-3,721980300000000;-38,528262600000000
334970;25;8;2018;17:46;0;AV PRS CASTELO BRANCO;;;0;;Colis?â?úo;Anoitecer;;;Meio de Quadra;;;0;1;1;1;0;0;0;0;0;1;0;0;;
334971;25;8;2018;19:35;0;AV OLIVEIRA PAIVA;;;0;;Colis?â?úo;;;;Meio de Quadra;;;0;1;1;1;0;0;0;0;0;1;0;0;;
334974;25;8;2018;19:56;0;AV CASTANHOLEIRAS;;;0;;Colis?â?úo;;;;Meio de Quadra;;;0;1;1;0;0;0;0;0;0;1;0;0;;
334975;25;8;2018;20:01;0;RUA JULIO GASPAR;;;766;;Colis?â?úo;;;;Meio de Quadra;;;0;1;1;1;0;0;0;0;0;1;0;0;;
334978;25;8;2018;20:05;0;AV ROGACIANO LEITE;;;2411;;Atropelamento;;;;Meio de Quadra;;;0;1;1;0;0;0;0;0;0;0;0;0;-3,776160000000000;-38,500150000000000
334982;25;8;2018;21:22;0;AV CONTORNO SUL;;;450;;Atropelamento;;;;Meio de Quadra;;;0;1;1;0;0;0;0;0;0;1;0;0;-3,816668100000000;-38,590565900000000
334990;25;8;2018;22:09;0;RUA ALTANEIRA;;;324;;Queda;;;;Meio de Quadra;;;0;1;0;0;0;0;0;0;0;1;0;0;-3,727250000000000;-38,581330000000000
334991;25;8;2018;23:35;0;RUA MARIA CLARA;;;225;;Colis?â?úo;;;;Meio de Quadra;;;0;1;1;0;0;0;0;0;0;1;0;0;-3,725937742000000;-38,580008565000000
334992;26;8;2018;02:20;0;AV GAL OSORIO DE PAIVA;;;0;;Queda;;;;Meio de Quadra;;;0;1;0;0;0;0;0;0;0;1;0;0;;
334993;26;8;2018;03:06;0;RUA SAO LAZARO;;;0;;Colis?â?úo;;;;Meio de Quadra;;;0;1;1;0;0;0;0;0;0;1;0;0;;
334994;26;8;2018;03:59;0;RUA NEREU RAMOS;;;793;;Queda;;;;Meio de Quadra;;;0;1;0;0;0;0;0;0;0;1;0;0;-3,784411305000000;-38,573822391000000
334996;26;8;2018;05:18;0;AV DR SILAS MUNGUBA;;;3933;;Colis?â?úo;Amanhecer;;;Meio de Quadra;;;0;1;1;1;0;0;0;0;0;1;0;0;-3,790981656000000;-38,538566110000000
335035;26;8;2018;17:48;0;RUA BILL CARTAXO;;;0;;Queda;Anoitecer;;;Meio de Quadra;;;0;1;0;0;0;0;0;0;0;1;0;0;;
335036;26;8;2018;18:33;0;RUA NICOLAU COELHO;;;181;;Colis?â?úo;;;;Meio de Quadra;;;0;1;1;1;0;1;0;0;0;0;0;0;-3,813863750000000;-38,492088250000000
335041;26;8;2018;20:23;0;AV ODILON GUIMARAES;;;2300;;Colis?â?úo;;;;Meio de Quadra;;;0;1;0;0;0;0;0;0;0;0;0;0;-3,820605200000000;-38,475728200000000
335042;26;8;2018;20:25;11069;RUA SUECIA;RUA EQUADOR;;0;;Choque c/ Obst?â?ículo Fixo;;;;Outros;Pare;Residencial;0;1;0;0;0;0;0;0;0;1;0;0;-3,784449000000000;-38,557111000000000
335043;26;8;2018;21:06;0;RUA 1064 CJ CEARA;;;165;;Atropelamento;;;;Meio de Quadra;;;0;1;1;1;0;0;0;0;0;0;0;0;-3,767447548000000;-38,612532500000000
335044;26;8;2018;23:21;0;RUA IPALMERIM;;;601;;Queda;;;;Meio de Quadra;;;0;1;0;0;0;0;0;0;0;1;0;0;-3,760783300000000;-38,563194100000000
335031;26;8;2018;16:08;0;RUA PORFIRIO SAMPAIO;;;300;;Queda;Luz do Dia;;;Meio de Quadra;;;0;1;0;0;0;0;0;0;0;1;0;0;-3,745566600000000;-38,546381200000000
335032;26;8;2018;16:46;0;AV GAL OSORIO DE PAIVA;;;4700;;Queda;Luz do Dia;;;Meio de Quadra;;;0;1;0;0;0;1;0;0;0;0;0;0;-3,798676800000000;-38,596525100000000
335033;26;8;2018;17:21;0;RUA PRO VIRGILIO DE MORAIS;;;672;;Queda;Anoitecer;;;Meio de Quadra;;;0;1;0;0;0;1;0;0;0;0;0;0;-3,754429737000000;-38,597263026000000
335015;26;8;2018;06:55;12665;RUA CARNAUBAL;RUA RIO ARAGUAIA;;0;;Colis?â?úo;Luz do Dia;;;Cruz;Pare;Residencial;0;1;1;1;0;0;0;0;0;0;0;0;-3,722657000000000;-38,581848000000000
335016;26;8;2018;09:52;3357;RUA GOIAS;RUA 3 DE MAIO;;0;;Colis?â?úo;Luz do Dia;;;Cruz;Pare;Residencial;0;1;1;1;0;0;0;0;0;1;0;0;;
335017;26;8;2018;12:34;0;AV B CJ CEARA;;;0;;Colis?â?úo;Luz do Dia;;;Meio de Quadra;;;0;1;1;1;0;0;0;0;0;1;0;0;;
335019;26;8;2018;14:01;0;ET DO FIO (MESSEJANA);;;2800;;Colis?â?úo;Luz do Dia;;;Meio de Quadra;;;0;1;1;1;0;0;0;0;0;1;0;0;-3,842390000000000;-38,473380000000000
335020;26;8;2018;15:29;0;RUA JACINTO MATOS;;;558;;Colis?â?úo;Luz do Dia;;;Meio de Quadra;;;0;1;0;0;0;0;0;0;0;0;0;0;-3,715973500000000;-38,546449000000000
335021;26;8;2018;15:39;9951;RUA TRES CORACOES;RUA BOM JESUS (GRANJA LISBOA);;0;;Queda;Luz do Dia;;;Cruz;Pare;Residencial;0;1;0;0;0;0;0;0;0;0;0;0;-3,791182000000000;-38,611210000000000
335038;26;8;2018;19:45;0;RUA VANDA CIDADE;;;210;;Colis?â?úo;;;;Meio de Quadra;;;0;1;1;0;0;0;0;0;0;1;0;0;;
335039;26;8;2018;20:21;0;AV PRS COSTA E SILVA;;;0;;Queda;;;;Meio de Quadra;;;0;1;0;0;0;1;0;0;0;0;0;0;;
327524;26;8;2018;04:30;1343;AV SEN VIRGILIO TAVORA;RUA MARCOS MACEDO;;0;;Choque c/ Obst?â?ículo Fixo;Via Iluminada;Bom;Seca;Cruz;Sem?â?íforo;Comercial;0;1;0;1;0;0;0;0;0;0;0;0;-3,735843000000000;-38,492845000000000
327510;26;8;2018;08:00;0;AV PRS CASTELO BRANCO;;;795;;Choque c/ Obst?â?ículo Fixo;Luz do Dia;Bom;Seca;Meio de Quadra;N?â?úo H?â?í Controle;Residencial;0;1;0;1;0;0;0;0;0;0;0;0;-3,720271536000000;-38,530140608000000
327515;26;8;2018;06:00;0;RUA DRAGAO DO MAR;;;218;;Colis?â?úo Traseira;Luz do Dia;Bom;Seca;Meio de Quadra;Pare;Comercial;0;0;2;1;0;0;0;0;0;0;0;0;-3,721833964000000;-38,519255873000000
327536;26;8;2018;01:00;1493;AV PDE ANTONIO TOMAS;RUA OSVALDO CRUZ (ALDEOTA);;0;;Colis?â?úo Lateral;Via Iluminada;Bom;Seca;Cruz;Sem?â?íforo Intermitente;Comercial;0;1;1;1;0;0;0;0;0;1;0;0;-3,739538000000000;-38,501588000000000
332680;26;8;2018;04:45;0;AV BEIRA MAR;;;3960;;Capotamento;Via Iluminada;Bom;Seca;Meio de Quadra;N?â?úo H?â?í Controle;Comercial;0;0;3;1;0;0;0;0;0;0;0;0;-3,723357200000000;-38,485516000000000
332681;26;8;2018;05:44;0;AV SANTOS DUMONT;;;7000;;Choque c/ Obst?â?ículo Fixo;Luz do Dia;Bom;Seca;Meio de Quadra;Sem?â?íforo;Residencial;0;2;0;1;0;0;0;0;0;0;0;0;-3,745255500000000;-38,470364000000000
332682;26;8;2018;10:55;5627;AV ROGACIANO LEITE;AV JOSE LEON;;0;;Colis?â?úo Traseira;Amanhecer;Bom;Seca;Cruz;Sem?â?íforo;Comercial;0;0;2;1;0;0;0;0;0;0;0;0;-3,787355000000000;-38,503527000000000
332683;26;8;2018;09:42;0;AV VIS RIO BRANCO;;;3134;;Colis?â?úo Lateral;Luz do Dia;Bom;Seca;Meio de Quadra;N?â?úo H?â?í Controle;Residencial;0;1;1;1;0;0;0;0;0;1;0;0;-3,748647700000000;-38,521430000000000
332684;26;8;2018;10:54;19866;RUA DES PRAXEDES;RUA QUEIROZ RIBEIRO;;0;;N?â?úo Informado;Luz do Dia;Bom;Seca;Cruz;Pare;Comercial;0;0;2;1;0;0;0;0;0;0;0;0;-3,762298600000000;-38,545246000000000
332685;26;8;2018;13:30;0;AV DR SILAS MUNGUBA;;;4311;;Colis?â?úo Traseira;Luz do Dia;Bom;Seca;Meio de Quadra;N?â?úo H?â?í Controle;Residencial;0;0;2;1;0;0;0;0;0;0;0;0;-3,791435700000000;-38,537666000000000
332686;26;8;2018;14:42;0;AV JOSE BASTOS;;;0;;Colis?â?úo Traseira;Luz do Dia;Bom;Seca;Cruz;Sem?â?íforo;Comercial;0;0;2;1;0;0;0;0;0;0;0;0;-3,746078500000000;-38,546580000000000
332687;26;8;2018;18:59;22840;RUA DR JUSTA ARAUJO D45;RUA GALILEU;;0;;Colis?â?úo Transversal;Via Iluminada;Bom;Seca;Cruz;Pare;Residencial;0;1;0;1;0;0;0;0;0;1;0;0;-3,777127000000000;-38,550424000000000
332688;26;8;2018;17:42;4655;RUA SEN PAULA PESSOA;RUA PLINIO SALGADO;;0;;N?â?úo Informado;Via Iluminada;Bom;Seca;Cruz;Pare;Residencial;0;0;1;1;0;0;0;0;0;0;0;0;-3,803190000000000;-38,486606000000000
332689;26;8;2018;20:35;19173;RUA LAURO NOGUEIRA;RUA ALMEIDA PRADO;;0;;Colis?â?úo Traseira;Via Iluminada;Bom;Seca;Cruz;Sem?â?íforo;Comercial;0;0;2;1;0;0;0;0;0;0;0;0;-3,741333000000000;-38,474392000000000
331815;26;8;2018;19:10;0;AV MR HULL;;;5768;RODOVIARIA DOS POBRES;Atropelamento;;;;Meio de Quadra;;;1;0;2;1;0;0;0;0;0;0;0;0;-3,740228572000000;-38,595446071000000
333592;26;8;2018;09:15;9413;RUA CARNAUBAL;RUA GAUDIOSO CARVALHO;;0;;Colis?â?úo;Luz do Dia;;;;;;0;0;1;1;0;0;0;0;0;0;0;0;-3,722783000000000;-38,580391000000000
333594;26;8;2018;16:00;0;RUA JACINTO MATOS;;;590;;Colis?â?úo;Luz do Dia;;;Meio de Quadra;;;0;0;1;0;0;1;0;0;0;1;0;0;-3,716168000000000;-38,546468000000000
333595;26;8;2018;17:40;22013;RUA PORFIRIO SAMPAIO;RUA FRANCISCA CLOTILDE;;0;;Colis?â?úo;Anoitecer;;;Cruz;Pare;Residencial;0;1;0;1;0;0;0;0;0;0;0;0;-3,741131000000000;-38,551451000000000
333596;26;8;2018;22:30;0;RUA 1064 CJ CEARA;;;165;;Colis?â?úo;;;;Meio de Quadra;;;0;0;1;1;0;0;0;0;0;0;0;0;-3,767447548000000;-38,612532500000000
332690;27;8;2018;03:07;5209;RUA TEN BENEVOLO;RUA JOAO CORDEIRO;;0;;Choque c/ Obst?â?ículo Fixo;Via Iluminada;Bom;Seca;Cruz;Sem?â?íforo;Residencial;0;0;1;1;0;0;0;0;0;0;0;0;-3,726514000000000;-38,513424000000000
332691;27;8;2018;06:50;19133;AV ENG SANTANA JUNIOR;RUA PEREIRA DE MIRANDA;;0;;Colis?â?úo Lateral;Luz do Dia;Bom;Seca;T;Pare;Comercial;0;0;2;1;1;0;0;0;0;0;0;0;-3,739031000000000;-38,484204000000000
332692;27;8;2018;07:00;22353;AV BEZERRA DE MENEZES;RUA AMADEU FURTADO;;0;;Colis?â?úo Traseira;Luz do Dia;Bom;Seca;Cruz;Sem?â?íforo;Comercial;0;0;1;1;0;0;0;0;0;1;0;0;-3,735591000000000;-38,564079000000000
332693;27;8;2018;08:27;0;TR WALDIR DIOGO;RUA PROF GLAUCO LOBO;;0;;Colis?â?úo Lateral;Luz do Dia;Bom;Seca;T;Pare;Comercial;0;0;2;1;1;0;0;0;0;0;0;0;-3,805341000000000;-38,582764000000000
332694;27;8;2018;08:05;19942;RUA FRANCISCO LORDA;RUA MOREIRA GOMES;;0;;Colis?â?úo Lateral;Luz do Dia;Bom;Seca;Cruz;N?â?úo H?â?í Controle;Residencial;0;0;2;1;0;0;0;0;0;0;0;0;-3,761260000000000;-38,534015000000000
332695;27;8;2018;07:00;0;AV PONTES VIEIRA;;;2471;;Colis?â?úo Traseira;Luz do Dia;Bom;Seca;Meio de Quadra;N?â?úo H?â?í Controle;Comercial;0;0;1;1;0;1;0;0;0;0;0;0;-3,751129600000000;-38,499485000000000
332696;27;8;2018;08:30;1483;AV SANTOS DUMONT;RUA FREDERICO BORGES;;0;;Colis?â?úo Lateral;Luz do Dia;Bom;Seca;T;Sem?â?íforo;Comercial;0;0;2;1;0;0;0;0;0;0;0;0;-3,739244000000000;-38,488992000000000
332697;27;8;2018;08:45;0;AV BAR STUDART;;;1966;;Colis?â?úo Traseira;Luz do Dia;Bom;Seca;Meio de Quadra;N?â?úo H?â?í Controle;Comercial;0;1;1;1;0;0;0;0;0;1;0;0;-3,740690000000000;-38,508503000000000
332698;27;8;2018;11:00;7779;RUA VIS MAUA;RUA DOM EXPEDITO LOPES;;0;;N?â?úo Informado;Luz do Dia;Bom;Seca;Cruz;Pare;Comercial;0;0;2;1;0;0;0;0;0;0;0;0;-3,744731000000000;-38,502182000000000
332700;27;8;2018;15:13;0;AV DA UNIVERSIDADE;;;2854;;Colis?â?úo Traseira;Luz do Dia;Bom;Seca;Meio de Quadra;N?â?úo H?â?í Controle;Escola;0;0;3;1;0;0;0;0;0;0;0;0;-3,754515000000000;-38,524136000000000
332701;27;8;2018;14:55;11022;RUA MUNDICA PAULA;RUA BAR CANINDE;;0;;Colis?â?úo Transversal;Luz do Dia;Bom;Seca;Cruz;Pare;Residencial;0;1;1;1;0;0;0;0;0;0;0;0;-3,773214000000000;-38,558309000000000
332702;27;8;2018;16:48;0;RUA PEDRO LAZAR;;;0;;Colis?â?úo Traseira;Luz do Dia;Bom;Seca;Meio de Quadra;N?â?úo H?â?í Controle;Comercial;0;0;2;1;0;0;0;0;0;0;0;0;-3,807891000000000;-38,489338000000000
332703;27;8;2018;18:39;0;AV PRO GOMES DE MATOS;;;1368;;Colis?â?úo Traseira;Luz do Dia;Bom;Seca;Meio de Quadra;N?â?úo H?â?í Controle;Comercial;0;0;2;1;0;0;0;0;0;0;0;0;-3,764244800000000;-38,548150000000000
332704;27;8;2018;16:00;9154;AV 13 DE MAIO;RUA DOM SEBASTIAO LEME;;0;;Colis?â?úo Lateral;Luz do Dia;Bom;Seca;Cruz;Sem?â?íforo;Comercial;0;0;2;0;0;0;0;0;0;0;0;0;-3,752832000000000;-38,525221000000000
332705;27;8;2018;19:45;19675;RUA CRUZ SALDANHA;RUA GUSTAVO SAMPAIO;;0;;Colis?â?úo;Via Iluminada;Bom;Seca;Cruz;Pare;Residencial;0;1;1;1;0;0;0;0;0;1;0;0;-3,734763000000000;-38,554069000000000
332706;27;8;2018;19:48;0;AV ENG AGRONOMO JOSE GUIMARAES DUQUE;;;0;;Colis?â?úo;Mal Iluminada;Bom;Seca;Meio de Quadra;N?â?úo H?â?í Controle;Residencial;0;0;2;1;0;0;0;0;0;0;0;0;-3,803665200000000;-38,492153000000000
332707;27;8;2018;20:06;0;AV 13 DE MAIO;;;739;;Colis?â?úo Traseira;Mal Iluminada;Bom;Seca;Meio de Quadra;Pare;Comercial;0;0;2;1;0;0;0;0;0;0;0;0;-3,752775700000000;-38,514210000000000
332708;27;8;2018;19:19;6724;AV SANTOS DUMONT;AV ENG SANTANA JUNIOR;;0;;Colis?â?úo Lateral;Via Iluminada;Bom;Seca;Cruz;N?â?úo H?â?í Controle;Comercial;0;1;1;1;1;0;0;0;0;0;0;0;-3,740506000000000;-38,485132000000000
332709;27;8;2018;17:30;0;AV BERNARDO MANUEL;;;7414;;Queda;Luz do Dia;Bom;Seca;Meio de Quadra;N?â?úo H?â?í Controle;Residencial;0;1;0;0;0;0;0;0;0;1;0;0;-3,783606500000000;-38,546925000000000
332710;27;8;2018;20:26;0;RUA JUNIOR ROCHA;;;615;;Colis?â?úo;Via Iluminada;Bom;Seca;Meio de Quadra;;;0;1;0;1;0;0;0;0;0;1;0;0;-3,790122500000000;-38,487812000000000
332711;27;8;2018;19:30;0;RUA BAR ARATANHA;;;296;;Colis?â?úo Lateral;Via Iluminada;Bom;Seca;Meio de Quadra;Sem?â?íforo;Residencial;0;0;2;1;0;0;0;0;0;0;0;0;-3,735672500000000;-38,527363000000000
332712;27;8;2018;20:10;10995;RUA 15 DE NOVEMBRO;RUA ALM RUBIM;;0;;Colis?â?úo Lateral;Via Iluminada;Bom;Seca;Cruz;Pare;Comercial;0;1;2;1;0;0;0;0;0;0;0;0;-3,768907000000000;-38,555939000000000
332713;27;8;2018;21:51;0;RUA UMARIZEIRA;RUA TULIPA NEGRA;;0;;Colis?â?úo Lateral;Via Iluminada;Bom;Seca;T;N?â?úo H?â?í Controle;Residencial;0;0;1;1;0;0;0;0;0;1;0;0;-3,819145200000000;-38,600876000000000
332714;27;8;2018;22:02;1476;AV BAR STUDART;AV JULIO VENTURA;;0;;Colis?â?úo;Via Iluminada;Bom;Seca;Cruz;Gesto;Comercial;0;1;1;1;0;0;0;0;0;1;0;0;-3,739072000000000;-38,508029000000000