COD_ACIDENTE;DIA;MES;ANO;HORA;INTERSECAO;LOG1;LOG2;LOG3;NUMERO;REFERENCIA;NATUREZA;ILUMINACAO;TEMPO;SUPERFICIEPISTA;TIPOCRUZAMENTO;CONTROLETRAFEGO;USOSOLO;MORTOS;FERIDOS;ILESOS;AUTOMOVEL;ONIBUS;BICICLETA;CAMINHAO;MICROONIBUS;CICLOMOTOR;MOTOCICLETA;TRACAOANIMAL;TREM;LATITUDE;LONGITUDE
338436;27;8;2018;07:20;0;RD BR 116;;;5000;KM-05;Colis?â?úo Traseira;Luz do Dia;;;Meio de Quadra;;;0;2;1;1;0;0;0;0;0;1;0;0;-3,796502000000000;-38,506787000000000
335052;27;8;2018;06:25;16025;RUA CEL TIBURCIO;RUA OSCAR BENEVIDES;;0;;Colis?â?úo;Luz do Dia;;;Cruz;Pare;Residencial;0;1;1;1;0;0;0;0;0;1;0;0;-3,810439000000000;-38,573141000000000
335053;27;8;2018;07:24;0;RUA BERNARDO MANUEL;;;0;;Colis?â?úo;Luz do Dia;;;Meio de Quadra;;;0;1;1;1;0;0;0;0;0;1;0;0;;
335054;27;8;2018;07:10;0;RD BR 116;;;3800;MAKRO;Colis?â?úo Traseira;Luz do Dia;;;Meio de Quadra;;;0;2;1;1;0;0;0;0;0;1;0;0;-3,782137000000000;-38,513633000000000
335056;27;8;2018;08:08;0;AV MR HULL;;;0;;Atropelamento;Luz do Dia;;;Meio de Quadra;;;0;2;0;0;0;0;0;0;0;1;0;0;;
335057;27;8;2018;08:47;0;AV HEROIS DO ACRE;;;0;;Colis?â?úo;Luz do Dia;;;Meio de Quadra;;;0;1;1;1;0;0;0;0;0;1;0;0;;
335058;27;8;2018;08:56;0;AV HERACLITO GRACA;;;500;;Queda;Luz do Dia;;;Meio de Quadra;;;0;1;0;0;0;1;0;0;0;0;0;0;-3,735043000000000;-38,519739000000000
335049;27;8;2018;06:20;2328;AV CEL CARVALHO;AV FRANCISCO SA;;0;;Queda;Luz do Dia;;;Cruz;Pare;Comercial;0;1;0;0;0;0;0;0;0;1;0;0;-3,703499000000000;-38,591542000000000
335050;27;8;2018;06:22;0;AV MIN JOSE AMERICO;;;565;;Colis?â?úo;Luz do Dia;;;Meio de Quadra;;;0;1;0;0;0;0;0;0;0;0;0;0;-3,810550000000000;-38,494252000000000
335068;27;8;2018;09:05;0;AV ENG LEAL LIMA VERDE (SAPIRANGA/COITE);;;570;;Atropelamento;Luz do Dia;;;Meio de Quadra;;;0;1;1;1;0;0;0;0;0;0;0;0;-3,810580300000000;-38,474581600000000
335069;27;8;2018;09:17;12614;RUA COS LAFAYETE;AV CEL CARVALHO;;0;;Colis?â?úo;Luz do Dia;;;;;;0;1;1;1;0;0;0;0;0;1;0;0;-3,717512000000000;-38,587938000000000
335070;27;8;2018;09:50;0;RUA ANARIO BRAGA;;;449;;Colis?â?úo;Luz do Dia;;;Meio de Quadra;;;0;1;1;1;0;0;0;0;0;1;0;0;-3,737764292000000;-38,590346333000000
335071;27;8;2018;09:57;24135;AV ENG SANTANA JUNIOR;RUA ARGEMIRO CARVALHO;;0;;Colis?â?úo;Luz do Dia;;;Cruz;N?â?úo H?â?í Controle;Residencial;0;1;0;0;0;0;0;0;0;0;0;0;-3,730162000000000;-38,478631000000000
335072;27;8;2018;11:31;0;AV WASHINGTON SOARES;;;0;;Colis?â?úo;Luz do Dia;;;Meio de Quadra;;;0;1;1;1;0;1;0;0;0;0;0;0;;
335074;27;8;2018;12:20;5385;RUA GAL CLARINDO DE QUEIROZ;RUA GAL SAMPAIO;;0;;Atropelamento;Luz do Dia;;;Cruz;Sem?â?íforo;Comercial;0;1;1;0;0;0;0;0;0;1;0;0;-3,732028000000000;-38,532308000000000
335075;27;8;2018;12:56;0;RUA LUIS VIEIRA;;;920;;Colis?â?úo;Luz do Dia;;;Meio de Quadra;;;0;1;1;0;0;0;0;0;0;1;0;0;-3,790394600000000;-38,588727800000000
335076;27;8;2018;13:06;0;AV RECREIO D64;;;480;;Colis?â?úo;Luz do Dia;;;Meio de Quadra;;;0;1;1;0;0;0;0;0;0;1;0;0;-3,812584000000000;-38,449474500000000
335078;27;8;2018;13:10;19037;AV DOLOR BARREIRA;AV ENG LUIS VIEIRA;;0;;Queda;Luz do Dia;;;Duplo T;Pare;Residencial;0;1;0;0;0;0;0;0;0;1;0;0;-3,735390000000000;-38,469648000000000
335079;27;8;2018;14:58;0;RUA PRO COSTA MENDES;;;1980;;Colis?â?úo;Luz do Dia;;;Meio de Quadra;;;0;1;1;0;0;0;0;0;0;1;0;0;-3,747068714000000;-38,555329095000000
335080;27;8;2018;16:55;0;RUA ERETIDES MARTINS;;;961;;Colis?â?úo;Luz do Dia;;;Meio de Quadra;;;0;1;1;1;0;0;0;0;0;1;0;0;-3,727865000000000;-38,559921000000000
335084;27;8;2018;17:51;0;AV PERIMETRAL;;;721;;Colis?â?úo;Anoitecer;;;Meio de Quadra;;;0;1;1;1;0;0;0;0;0;1;0;0;;
335085;27;8;2018;18:18;0;AV DA INDEPENDENCIA;;;2008;;Colis?â?úo;Anoitecer;;;Meio de Quadra;;;0;1;0;0;0;0;0;0;0;0;0;0;-3,724897656000000;-38,597809625000000
335045;27;8;2018;00:21;0;AV MR HULL;;;0;;Queda;;;;Meio de Quadra;;;0;1;0;0;0;0;0;0;0;1;0;0;;
335046;27;8;2018;01:30;0;RUA PRO TEODORICO;;;513;;Queda;;;;Meio de Quadra;;;0;1;0;0;0;0;0;0;0;1;0;0;-3,768212667000000;-38,554987667000000
335082;27;8;2018;17:09;6756;AV ANTONIO SALES;AV ENG SANTANA JUNIOR;;0;;Colis?â?úo;Anoitecer;;;T;D?â?¬ Prefer?â?¬ncia;Comercial;0;1;1;1;0;1;0;0;0;0;0;0;-3,749257000000000;-38,490039000000000
335123;28;8;2018;16:28;0;RUA ALBERTO MAGNO;;;1529;;Colis?â?úo;Luz do Dia;;;Meio de Quadra;;;0;1;1;0;0;0;0;0;0;1;0;0;-3,767411000000000;-38,552117000000000
335124;28;8;2018;16:50;0;AV GAL OSORIO DE PAIVA;;;7753;;Atropelamento;Luz do Dia;;;Meio de Quadra;;;0;1;1;0;0;0;0;0;0;1;0;0;-3,820300587000000;-38,617158440000000
335134;28;8;2018;17:11;0;AV ABOLICAO;;;0;;Atropelamento;Anoitecer;;;Meio de Quadra;;;0;1;1;0;1;0;0;0;0;0;0;0;;
335138;28;8;2018;17:42;0;AV DUQ CAXIAS;;;0;;Atropelamento;Anoitecer;;;Meio de Quadra;;;0;1;1;0;0;0;0;0;0;1;0;0;;
335139;28;8;2018;18:10;0;AV TRISTAO GONCALVES;;;1441;;Colis?â?úo;Anoitecer;;;Meio de Quadra;;;0;1;1;1;0;0;0;0;0;1;0;0;-3,734431782000000;-38,535399964000000
335140;28;8;2018;18:16;5370;RUA METON DE ALENCAR;RUA PRC ISABEL;;0;;Colis?â?úo;Anoitecer;;;Cruz;Pare;Comercial;0;1;1;1;0;0;0;0;0;1;0;0;-3,731614000000000;-38,536973000000000
335159;28;8;2018;22:45;0;RUA BERNARDO MANUEL;;;0;;Colis?â?úo;;;;Meio de Quadra;;;0;1;1;1;0;1;0;0;0;0;0;0;;
335157;28;8;2018;22:26;0;AV GAL OSORIO DE PAIVA;;;4836;;Colis?â?úo;;;;Meio de Quadra;;;0;1;1;1;0;0;0;0;0;1;0;0;-3,801473000000000;-38,598915000000000
335144;28;8;2018;19:50;0;AV PRO JOSE ARTHUR CARVALHO;;;1962;;Atropelamento;;;;Meio de Quadra;;;0;1;1;0;0;0;0;0;0;1;0;0;-3,825858500000000;-38,463807500000000
335145;28;8;2018;20:04;0;RUA EDUARDO GUIMARAES;;;2200;;Atropelamento;;;;Meio de Quadra;;;0;1;1;0;0;0;0;0;0;1;0;0;;
335154;28;8;2018;22:10;0;RUA ALUISIO AZEVEDO;;;481;;Colis?â?úo;;;;Meio de Quadra;;;0;1;1;0;0;0;0;0;0;1;0;0;-3,771098000000000;-38,577486000000000
335151;28;8;2018;21:44;0;AV CEL CARVALHO;;;3443;;Colis?â?úo;;;;Meio de Quadra;;;0;1;1;1;0;0;0;0;0;1;0;0;-3,703897000000000;-38,591554100000000
335152;28;8;2018;21:44;0;RUA JOR ANTONIO P TAVARES;;;809;;Queda;;;;Meio de Quadra;;;0;1;0;0;0;0;0;0;0;1;0;0;-3,812236361000000;-38,510238184000000
335149;28;8;2018;20:52;0;AV FRANCISCO SA;;;6430;;Colis?â?úo;;;;Meio de Quadra;;;0;1;0;0;0;0;0;0;0;0;0;0;-3,709053563000000;-38,581567750000000
335178;28;8;2018;22:58;0;RUA MOREIRA DA ROCHA;;;504;;Colis?â?úo;;;;Meio de Quadra;;;0;1;1;1;0;0;0;0;0;0;0;0;-3,726690000000000;-38,508530000000000
335107;28;8;2018;00:27;0;AV DR SILAS MUNGUBA;;;0;ROTAT?âÔÇ£RIA;Queda;;;;Meio de Quadra;;;0;1;0;0;0;0;0;0;0;1;0;0;;
335108;28;8;2018;06:30;0;RD BR 116;;;13000;KM-13;Colis?â?úo Traseira;Luz do Dia;;;Meio de Quadra;;;0;1;2;1;0;0;0;0;0;1;0;0;-3,864670000000000;-38,497727000000000
335109;28;8;2018;07:04;0;RUA ALVES BATISTA;;;1417;;Queda;Luz do Dia;;;Meio de Quadra;;;0;1;0;0;0;1;0;0;0;0;0;0;-3,754067500000000;-38,600240800000000
335115;28;8;2018;13:13;0;RUA PRO HERIBALDO COSTA;;;0;;Colis?â?úo;Luz do Dia;;;Meio de Quadra;;;0;1;1;0;0;0;0;0;0;1;0;0;;
335116;28;8;2018;13:23;0;AV ENG SANTANA JUNIOR;;;55;;Colis?â?úo;Luz do Dia;;;Meio de Quadra;;;0;1;1;1;0;0;0;0;0;1;0;0;-3,729506826000000;-38,478224391000000
335117;28;8;2018;13:28;0;AV ALM HENRIQUE SABOIA;;;0;;Queda;Luz do Dia;;;Meio de Quadra;;;0;1;0;0;0;1;0;0;0;0;0;0;;
335118;28;8;2018;13:43;0;AV PRS CASTELO BRANCO;;;0;;Colis?â?úo;Luz do Dia;;;Meio de Quadra;;;0;1;1;1;0;0;0;0;0;1;0;0;;
335119;28;8;2018;15:01;0;RUA DES HERMES PARAHYBA;;;1120;;Colis?â?úo;Luz do Dia;;;Meio de Quadra;;;0;1;1;1;0;1;0;0;0;0;0;0;-3,712130000000000;-38,593820000000000
335120;28;8;2018;15:31;0;RUA GUIMARAES PASSOS;;;676;;Queda;Luz do Dia;;;Meio de Quadra;;;0;1;0;0;0;0;0;0;0;1;0;0;-3,746655100000000;-38,584494000000000
335136;28;8;2018;17:32;0;RUA EMILIA GONCALVES;;;454;;Queda;Anoitecer;;;Meio de Quadra;;;0;1;0;0;0;0;0;0;0;1;0;0;-3,726842000000000;-38,595497000000000
332715;28;8;2018;06:50;25062;AV DOS EXPEDICIONARIOS;RUA PDE AMBROSIO MACHADO;;0;;Colis?â?úo Transversal;Luz do Dia;Bom;Seca;Cruz;Pare;Residencial;0;0;2;1;0;0;0;0;0;0;0;0;-3,760838000000000;-38,539946000000000
332716;28;8;2018;07:43;0;AV OLIVEIRA PAIVA;;;170;;Colis?â?úo Traseira;Luz do Dia;Bom;Seca;Meio de Quadra;N?â?úo H?â?í Controle;Comercial;0;2;1;0;0;0;0;0;0;1;0;0;-3,800083200000000;-38,505320000000000
332717;28;8;2018;08:40;15227;AV DES MOREIRA;AV ABOLICAO;;0;;N?â?úo Informado;Luz do Dia;Bom;Seca;Cruz;Sem?â?íforo;Lazer;0;0;1;1;0;0;0;0;0;0;0;0;-3,727331000000000;-38,495474000000000
332718;28;8;2018;10:20;15145;AV HIS RAIMUNDO GIRAO;AV BAR STUDART;;1;;Colis?â?úo Traseira;Luz do Dia;Bom;Seca;Cruz;Sem?â?íforo;Residencial;0;0;2;1;0;0;0;0;0;0;0;0;-3,724494000000000;-38,503367000000000
332720;28;8;2018;15:40;0;RUA EDUARDO PERDIGAO;;;230;;Colis?â?úo Lateral;Luz do Dia;Bom;Seca;T;Sem?â?íforo;Comercial;0;0;2;1;1;0;0;0;0;0;0;0;-3,776413400000000;-38,564266000000000
332721;28;8;2018;16:42;13526;RUA BAR ARACATI;RUA PDE CHEVALIER;;0;;Colis?â?úo Transversal;Luz do Dia;Bom;Seca;Cruz;Pare;Residencial;0;0;2;1;0;0;0;0;0;0;0;0;-3,747444000000000;-38,516698000000000
332722;28;8;2018;19:00;3863;AV DOS EXPEDICIONARIOS;RUA SEN POMPEU;;0;;Colis?â?úo Lateral;Via Iluminada;Bom;Seca;Y;Pare;Residencial;0;0;2;1;0;0;0;0;0;0;0;0;-3,744515000000000;-38,534969000000000
332723;28;8;2018;17:30;0;AV DES MOREIRA;;;760;;Choque c/ Obst?â?ículo Fixo;Via Iluminada;Bom;Seca;Meio de Quadra;Pare;Comercial;0;0;2;1;0;0;0;0;0;0;0;0;-3,732699400000000;-38,497120000000000
332724;28;8;2018;21:43;23395;RUA PRO CARVALHO;RUA CAP TIBURCIO DA FROTA;;0;;Colis?â?úo;Via Iluminada;Bom;Seca;Cruz;Pare;Residencial;0;1;1;0;0;0;0;0;0;1;0;0;-3,754980000000000;-38,514532000000000
332725;28;8;2018;10:06;12892;AV DOMINGOS OLIMPIO;RUA BAR RIO BRANCO;;0;;Colis?â?úo Lateral;Luz do Dia;Bom;Seca;Cruz;Sem?â?íforo;Comercial;0;1;1;1;0;0;0;0;0;1;0;0;-3,736579000000000;-38,531494000000000
331947;28;8;2018;17:38;0;RD CE-040;;;0;KM-04;Colis?â?úo;Via Iluminada;;Seca;Meio de Quadra;;;0;0;2;1;0;0;0;0;0;0;0;0;-3,791613156000000;-38,480330840000000
331945;28;8;2018;14:00;0;AV SEN CARLOS JEREISSATI (AEROPORTO);;;0;HIPERMERCADO ATACAD?âãÆO;Colis?â?úo;Luz do Dia;;Seca;Meio de Quadra;;;0;0;2;1;0;0;0;0;0;0;0;0;-3,778730200000000;-38,541306000000000
331940;28;8;2018;07:45;0;RD CE-060;;;0;KM-03;Outros;Luz do Dia;;Seca;Meio de Quadra;;;0;0;3;1;0;0;0;0;0;0;0;0;-3,843038000000000;-38,585133000000000
333597;28;8;2018;20:00;2443;AV PRS CASTELO BRANCO;RUA 14 DE MAIO;;0;;Colis?â?úo;;;;;;;0;0;1;1;0;0;0;0;0;1;0;0;-3,706981000000000;-38,572307000000000
333598;28;8;2018;15:15;0;RUA DOM PEDRO II;;;0;;Colis?â?úo;Luz do Dia;;;Meio de Quadra;;;0;0;3;1;0;0;0;0;0;1;0;0;;
333599;28;8;2018;17:00;0;AV BEIRA MAR;;;3956;;Colis?â?úo;Anoitecer;;;Meio de Quadra;;;0;1;1;1;0;0;0;0;0;0;0;0;-3,723281501000000;-38,485761000000000
333600;28;8;2018;21:40;0;AV JOVITA FEITOSA;;;1101;;Colis?â?úo;;;;Meio de Quadra;;;0;0;1;0;0;0;0;0;0;1;0;0;-3,739414000000000;-38,554236000000000
333601;29;8;2018;01:13;0;AV SEN FERNANDES TAVORA;;;599;;Colis?â?úo;;;;Meio de Quadra;;;0;0;2;1;0;0;0;0;0;0;0;0;-3,766253700000000;-38,574886200000000
333614;29;8;2018;00:35;0;RUA JOSE TORRES;;;56;;Colis?â?úo;;;;Meio de Quadra;;;0;0;1;0;0;0;1;0;0;1;0;0;;
332841;29;8;2018;16:55;11161;RUA JULIO GASPAR;RUA MANUEL TEOFILO;;0;;Colis?â?úo;Luz do Dia;Bom;Seca;Cruz;Pare;Residencial;0;0;2;1;0;0;0;0;0;0;0;0;-3,783745000000000;-38,561561000000000
332864;29;8;2018;11:04;0;AV BORGES DE MELO;;;2121;;Colis?â?úo Traseira;Luz do Dia;Bom;Seca;Meio de Quadra;Sem?â?íforo;Residencial;0;1;1;1;0;0;0;0;0;1;0;0;-3,754145000000000;-38,536870000000000
331950;29;8;2018;07:15;0;AV SEN CARLOS JEREISSATI (AEROPORTO);;;0;KM 02;Colis?â?úo;Luz do Dia;;Seca;Meio de Quadra;;;0;0;2;1;1;0;0;0;0;0;0;0;-3,782194000000000;-38,535424000000000
331816;29;8;2018;07:30;22849;RUA DR JUSTA ARAUJO D45;RUA CON LIMA SUCUPIRA;;0;;Atropelamento;Luz do Dia;;;Cruz;Pare;Misto;1;0;1;0;1;0;0;0;0;0;0;0;-3,778167000000000;-38,550832000000000
332726;29;8;2018;06:40;0;AV JOSE LEON;;;1112;;Colis?â?úo Lateral;Luz do Dia;Bom;Seca;Meio de Quadra;Sem?â?íforo;Residencial;0;0;2;1;0;0;0;0;0;0;0;0;-3,787396700000000;-38,503280000000000
332727;29;8;2018;07:54;0;RUA FRANCISCO CALACA;;;1234;;Colis?â?úo Traseira;Luz do Dia;Bom;Seca;Meio de Quadra;Sem?â?íforo;Comercial;0;0;2;1;0;0;0;0;0;1;0;0;-3,712501500000000;-38,572365000000000
332728;29;8;2018;09:22;7629;RUA STA CATARINA (BELA VISTA / PAN AMERICANO);RUA ALAGOAS;;0;;Colis?â?úo Transversal;Luz do Dia;Bom;Seca;Cruz;Pare;Comercial;0;1;1;1;0;0;0;0;0;0;0;0;-3,760356000000000;-38,569550000000000
332729;29;8;2018;10:37;15348;RUA PRO DIAS DA ROCHA;RUA CANUTO DE AGUIAR;;0;;Colis?â?úo Transversal;Luz do Dia;Bom;Seca;Cruz;Pare;Comercial;0;0;2;1;0;0;0;0;0;0;0;0;-3,732186000000000;-38,490611000000000
332730;29;8;2018;10:40;7923;AV GOV RAUL BARBOSA;RUA ISAC AMARAL;;0;;Colis?â?úo Lateral;Luz do Dia;Bom;Seca;Cruz;N?â?úo H?â?í Controle;Residencial;0;1;1;0;0;0;0;0;0;1;0;0;-3,753019000000000;-38,503726000000000
332731;29;8;2018;11:42;0;RUA PDE VALDEVINO;;;2015;;Colis?â?úo Lateral;Luz do Dia;Bom;Seca;Meio de Quadra;N?â?úo H?â?í Controle;Comercial;0;0;2;1;0;0;0;0;0;0;0;0;-3,742251900000000;-38,506756000000000
332732;29;8;2018;13:32;0;RUA CAP ARAGAO;;;970;;Colis?â?úo Traseira;Luz do Dia;Bom;Seca;Rotat?â??ria;D?â?¬ Prefer?â?¬ncia;Residencial;0;0;2;1;0;0;0;0;0;0;0;0;-3,764304900000000;-38,509140000000000
332733;29;8;2018;14:45;0;RUA MOREIRA DA ROCHA;RUA NUNES VALENTE;;0;;Colis?â?úo Transversal;Luz do Dia;Bom;Seca;Cruz;Pare;Residencial;0;0;2;1;0;0;0;0;0;0;0;0;-3,728062600000000;-38,501163000000000
332734;29;8;2018;13:36;7774;AV ANTONIO SALES;RUA JOAQUIM NABUCO;;0;;Colis?â?úo Lateral;Luz do Dia;Bom;Seca;Cruz;Sem?â?íforo;Comercial;0;0;2;1;0;0;0;0;0;0;0;0;-3,744832000000000;-38,504371000000000
332736;29;8;2018;16:26;0;AV SANTOS DUMONT;;;2484;;Colis?â?úo Lateral;Luz do Dia;Bom;Seca;Meio de Quadra;Sem?â?íforo;Comercial;0;0;2;0;1;0;0;0;0;0;0;0;-3,734952700000000;-38,502533000000000
332737;29;8;2018;20:12;0;RUA JOAQUIM NABUCO;RUA GAL POTIGUARA;;0;;Colis?â?úo Transversal;Via Iluminada;Bom;Seca;Cruz;Pare;Comercial;0;0;2;1;0;0;0;0;0;1;0;0;-3,742073800000000;-38,503674000000000
332738;29;8;2018;19:38;17294;RUA CEL ALEXANDRINO;RUA JOAO FIRMINO;;0;;Colis?â?úo;Luz do Dia;Bom;Seca;Cruz;Pare;Residencial;0;1;1;1;0;0;0;0;0;1;0;0;-3,763514000000000;-38,554922000000000
332739;29;8;2018;19:35;0;AV EDUARDO GIRAO;RUA JORGE DUMAR;;0;;Colis?â?úo Lateral;Via Iluminada;Bom;Seca;Meio de Quadra;;;0;1;0;1;0;0;0;0;0;1;0;0;-3,749639000000000;-38,538704000000000
332740;29;8;2018;20:30;0;RUA PDE MIGUELINHO;;;820;;Colis?â?úo Transversal;Via Iluminada;Bom;Seca;Meio de Quadra;N?â?úo H?â?í Controle;Residencial;0;0;2;1;0;0;0;0;0;0;0;0;-3,743757500000000;-38,530327000000000
332769;29;8;2018;16:40;9168;AV BORGES DE MELO;AV LUCIANO CARNEIRO;;0;;Colis?â?úo Lateral;Luz do Dia;Bom;Seca;Cruz;Sem?â?íforo;Comercial;0;1;1;0;0;0;0;0;0;1;0;0;-3,756465000000000;-38,534097000000000
335240;29;8;2018;07:39;0;AV SEN CARLOS JEREISSATI (AEROPORTO);;;0;;Colis?â?úo;Luz do Dia;;;Meio de Quadra;;;0;1;1;1;0;0;0;0;0;1;0;0;;
335236;29;8;2018;06:01;0;AV MR HULL;;;5557;;Queda;Luz do Dia;;;Meio de Quadra;;;0;1;0;0;0;0;0;0;0;1;0;0;-3,740014219000000;-38,593982500000000
335237;29;8;2018;06:30;0;RUA BERNARDO MANUEL;;;10531;;Colis?â?úo;Luz do Dia;;;Meio de Quadra;;;0;1;1;1;0;0;0;0;0;1;0;0;-3,811560000000000;-38,555304000000000
335238;29;8;2018;06:47;0;AV PRS JUSCELINO KUBITSCHEK (PASSAR?âÔÇ?);;;0;;Colis?â?úo;Luz do Dia;;;Meio de Quadra;;;0;1;0;0;0;0;0;0;0;0;0;0;;
335244;29;8;2018;12:04;0;RUA PORTO VELHO;;;1743;;Colis?â?úo;Luz do Dia;;;Meio de Quadra;;;0;1;1;1;0;0;0;0;0;1;0;0;-3,762128155000000;-38,594352465000000
335245;29;8;2018;12:07;0;RUA ALBERTO MAGNO;;;0;;Colis?â?úo;Luz do Dia;;;Meio de Quadra;;;0;1;1;1;0;0;0;0;0;1;0;0;;
335246;29;8;2018;14:32;0;RUA DR JOSE LOURENCO;;;2513;;Colis?â?úo;Luz do Dia;;;Meio de Quadra;;;0;1;1;0;0;0;0;0;0;1;0;0;-3,745460000000000;-38,511030000000000
335242;29;8;2018;10:50;0;AV MON TABOSA;;;0;;Colis?â?úo;Luz do Dia;;;Meio de Quadra;;;0;1;1;1;0;0;0;0;0;1;0;0;;
335248;29;8;2018;14:49;0;AV DA INDEPENDENCIA;;;570;;Colis?â?úo;Luz do Dia;;;Meio de Quadra;;;0;1;1;1;0;0;0;0;0;1;0;0;-3,728466500000000;-38,585732000000000
335251;29;8;2018;16:02;2769;RUA OSCAR FRANCA;RUA RAIMUNDO PINHEIRO;;0;;Colis?â?úo;Luz do Dia;;;Cruz;Pare;Residencial;0;1;1;1;0;0;0;0;0;1;0;0;-3,792414000000000;-38,598091000000000
335252;29;8;2018;17:47;0;AV BEZERRA DE MENEZES;;;0;;Colis?â?úo;Anoitecer;;;Meio de Quadra;;;0;1;1;1;0;0;0;0;0;1;0;0;;
335253;29;8;2018;18:02;0;RUA IGUAPE;;;287;;Colis?â?úo;Anoitecer;;;Meio de Quadra;;;0;1;1;1;0;1;0;0;0;0;0;0;-3,775631582000000;-38,570423672000000
335254;29;8;2018;18:04;0;AV DEP PAULINO ROCHA;;;0;;Colis?â?úo;Anoitecer;;;Meio de Quadra;;;0;1;0;0;0;0;0;0;0;0;0;0;;
335255;29;8;2018;18:09;0;AV GAL OSORIO DE PAIVA;;;5899;;Atropelamento;Anoitecer;;;Meio de Quadra;;;0;1;1;1;0;0;0;0;0;0;0;0;-3,808013000000000;-38,605249000000000
335256;29;8;2018;18:19;0;RUA WALDIR DIOGO;;;575;;Colis?â?úo;Anoitecer;;;Meio de Quadra;;;0;1;1;1;0;0;0;0;0;1;0;0;-3,805813000000000;-38,583121000000000
335258;29;8;2018;18:22;1573;RUA GAL TERTULIANO POTYGUARA;RUA JOAQUIM NABUCO;;0;;Colis?â?úo;Anoitecer;;;Cruz;Pare;Residencial;0;1;1;1;0;0;0;0;0;1;0;0;-3,742164000000000;-38,503511000000000
335259;29;8;2018;18:23;0;RUA DJALMA PETIT;;;373;;Colis?â?úo;Anoitecer;;;Meio de Quadra;;;0;1;1;1;0;0;0;0;0;1;0;0;-3,766034413000000;-38,514998444000000
335260;29;8;2018;18:42;0;RUA OSCAR ARARIPE;;;2897;;Atropelamento;;;;Meio de Quadra;;;0;1;1;1;0;0;0;0;0;0;0;0;-3,785654062000000;-38,616662339000000
335261;29;8;2018;19:18;3820;AV CARAPINIMA;AV 13 DE MAIO;;0;;Colis?â?úo;;;;Cruz;Sem?â?íforo;Comercial;0;1;1;0;0;0;0;0;0;1;0;0;-3,740001000000000;-38,540239000000000
335263;29;8;2018;19:32;0;RUA TEODOMIRO DE CASTRO;;;6155;;Colis?â?úo;;;;Meio de Quadra;;;0;1;1;0;0;0;0;0;0;1;0;0;-3,717360000000000;-38,575420000000000
335264;29;8;2018;19:48;0;RUA ALUISIO AZEVEDO;;;629;;Queda;;;;Meio de Quadra;;;0;1;0;0;0;1;0;0;0;0;0;0;-3,770551000000000;-38,578518000000000
335265;29;8;2018;19:50;7403;AV SEN FERNANDES TAVORA;RUA ARACAJU;;0;;Colis?â?úo;;;;Cruz;Pare;Comercial;0;1;1;1;0;0;0;0;0;1;0;0;-3,759398000000000;-38,587377000000000
335266;29;8;2018;22:51;0;RUA SAO PAULO;;;400;;Colis?â?úo;;;;Meio de Quadra;;;0;1;1;1;0;0;0;0;0;0;0;0;-3,724116000000000;-38,532881400000000
335267;30;8;2018;00:52;15289;AV DES MOREIRA;RUA ANA BILHAR;;0;;Colis?â?úo;;;;Cruz;Sem?â?íforo;Residencial;0;1;1;1;0;0;0;0;0;1;0;0;-3,729331000000000;-38,496113000000000
335268;30;8;2018;01:04;0;RUA SUECIA;;;90;;Queda;;;;Meio de Quadra;;;0;1;0;0;0;0;0;0;0;1;0;0;-3,780604734000000;-38,561719686000000
335284;30;8;2018;06:02;0;RUA PERILIO TEIXEIRA;;;299;;Colis?â?úo;Luz do Dia;;;Meio de Quadra;;;0;1;1;0;0;0;0;0;0;1;0;0;-3,816805400000000;-38,479165300000000
335285;30;8;2018;06:06;0;AV CARAPINIMA;;;1751;;Colis?â?úo;Luz do Dia;;;Meio de Quadra;;;0;1;1;0;0;0;0;0;0;1;0;0;-3,736998671000000;-38,537146252000000
335286;30;8;2018;06:09;10734;RUA ARACAJU;RUA FLORIANOPOLIS;;0;;Colis?â?úo;Luz do Dia;;;;Pare;Residencial;0;1;1;1;0;0;0;0;0;1;0;0;-3,760411000000000;-38,587913000000000
335287;30;8;2018;06:58;15617;RUA DUARTE DA COSTA;RUA VASCO DE ATAIDE;;0;;Colis?â?úo;Luz do Dia;;;;;;0;1;1;1;0;0;0;0;0;1;0;0;-3,824115000000000;-38,486264000000000
335282;30;8;2018;01:30;0;RUA 1121 CJ CEARA;;;430;;Queda;;;;Meio de Quadra;;;0;1;0;0;0;1;0;0;0;0;0;0;-3,762110000000000;-38,612940000000000
335298;30;8;2018;08:17;10963;RUA ANTONIO FIUZA;RUA 15 DE NOVEMBRO;;0;;Colis?â?úo;Luz do Dia;;;Cruz;Sem?â?íforo;Comercial;0;1;0;0;0;0;0;0;0;0;0;0;-3,770252000000000;-38,552228000000000
335289;30;8;2018;07:18;0;RUA CAP HUGO BEZERRA;;;0;;Colis?â?úo;Luz do Dia;;;Meio de Quadra;;;0;1;1;1;0;0;0;0;0;1;0;0;;
335290;30;8;2018;07:52;5283;AV DOM MANUEL;AV SANTOS DUMONT;;0;;Colis?â?úo;Luz do Dia;;;Cruz;Sem?â?íforo;Comercial;0;1;0;0;0;0;0;0;0;0;0;0;-3,728774000000000;-38,521250000000000
335303;30;8;2018;10:57;9156;RUA MIN JOAQUIM BASTOS D14;AV LUCIANO CARNEIRO;;0;;Colis?â?úo;Luz do Dia;;;T;Sem?â?íforo;Comercial;0;1;1;1;0;0;0;0;0;1;0;0;-3,750348000000000;-38,532220000000000