COD_ACIDENTE;DIA;MES;ANO;HORA;INTERSECAO;LOG1;LOG2;LOG3;NUMERO;REFERENCIA;NATUREZA;ILUMINACAO;TEMPO;SUPERFICIEPISTA;TIPOCRUZAMENTO;CONTROLETRAFEGO;USOSOLO;MORTOS;FERIDOS;ILESOS;AUTOMOVEL;ONIBUS;BICICLETA;CAMINHAO;MICROONIBUS;CICLOMOTOR;MOTOCICLETA;TRACAOANIMAL;TREM;LATITUDE;LONGITUDE
335304;30;8;2018;11:05;25032;RUA JOAO BRIGIDO;AV BAR STUDART;;0;;Colis?â?úo;Luz do Dia;;;Cruz;Sem?â?íforo;Comercial;0;1;1;1;0;0;0;0;0;1;0;0;;
335308;30;8;2018;11:39;0;AV PRS COSTA E SILVA;;;2566;;Queda;Luz do Dia;;;Meio de Quadra;;;0;1;0;0;0;0;0;0;0;1;0;0;-3,820709772000000;-38,559196090000000
335340;30;8;2018;11:40;0;AV WASHINGTON SOARES;;;0;;Atropelamento;Luz do Dia;;;Meio de Quadra;;;0;1;1;0;0;0;0;0;0;0;0;0;;
335345;30;8;2018;11:50;0;RUA OLIVEIRA SOBRINHO;;;892;;Queda;Luz do Dia;;;Meio de Quadra;;;0;1;0;0;0;1;0;0;0;0;0;0;-3,781738255000000;-38,590003964000000
335347;30;8;2018;12:07;4193;AV FRANCISCO SA;RUA DOM HELIO CAMPOS D21;;0;;Colis?â?úo;Luz do Dia;;;T;Sem?â?íforo;Comercial;0;1;1;0;0;0;1;0;0;1;0;0;-3,717711000000000;-38,556428000000000
335350;30;8;2018;14:57;0;AV GAL OSORIO DE PAIVA;;;0;;Colis?â?úo;Luz do Dia;;;Meio de Quadra;;;0;1;1;1;0;1;0;0;0;0;0;0;;
335353;30;8;2018;16:06;0;RUA OSCAR ARARIPE;;;1563;;Colis?â?úo;Luz do Dia;;;Meio de Quadra;;;0;1;1;1;0;1;0;0;0;0;0;0;-3,789279000000000;-38,605319000000000
335356;30;8;2018;17:29;0;ET DO FIO (MESSEJANA);;;3125;;Atropelamento;Anoitecer;;;Meio de Quadra;;;0;1;1;0;0;0;0;0;0;0;0;0;;
335357;30;8;2018;17:38;0;RUA ANTONIO CARNEIRO;;;386;;Colis?â?úo;Anoitecer;;;Meio de Quadra;;;0;1;1;0;0;0;0;0;0;1;0;0;-3,725103600000000;-38,463850400000000
335363;30;8;2018;18:15;0;RUA MONTE LIBANO;;;0;;Colis?â?úo;Anoitecer;;;Meio de Quadra;;;0;1;1;1;0;0;0;0;0;1;0;0;;
335365;30;8;2018;18:23;0;RD BR 116;;;4000;KM-04;Atropelamento;Anoitecer;;;Meio de Quadra;;;0;1;1;1;0;0;0;0;0;0;0;0;-3,802354000000000;-38,503869000000000
335374;30;8;2018;19:38;0;RUA PEDRO DANTAS;;;0;;Atropelamento;;;;Meio de Quadra;;;0;1;1;1;0;0;0;0;0;0;0;0;;
335367;30;8;2018;19:10;3320;RUA ARGENTINA;RUA VIRIATO RIBEIRO;;0;;Atropelamento;;;;Cruz;Pare;Residencial;0;1;1;0;0;0;0;0;0;1;0;0;-3,747181000000000;-38,564284000000000
335385;30;8;2018;21:53;0;AV PERIMETRAL;;;721;;Colis?â?úo;;;;Meio de Quadra;;;0;1;1;1;0;0;0;0;0;1;0;0;;
335386;30;8;2018;23:47;5434;AV HERACLITO GRACA;AV DOM MANUEL;;0;;Colis?â?úo;;;;Meio de Quadra;Sem?â?íforo;Comercial;0;1;1;1;0;0;0;0;0;1;0;0;-3,734013000000000;-38,522952000000000
335383;30;8;2018;21:44;0;RUA PASSEIO DOS CAJUEIROS;;;1463;;Queda;;;;Meio de Quadra;;;0;1;0;0;0;1;0;0;0;0;0;0;;
332762;30;8;2018;19:47;5021;RUA TIJUBANA;AV FILOMENO GOMES;;0;;Colis?â?úo;Via Iluminada;Bom;Seca;T;N?â?úo H?â?í Controle;Residencial;0;1;1;1;0;1;0;0;0;0;0;0;-3,720037000000000;-38,541406000000000
332741;30;8;2018;12:55;0;AV OLIVEIRA PAIVA;;;890;;Colis?â?úo Traseira;Luz do Dia;Bom;Seca;Meio de Quadra;N?â?úo H?â?í Controle;Comercial;0;1;2;1;0;0;0;0;0;1;0;0;-3,796368600000000;-38,498140000000000
332742;30;8;2018;15:35;0;AV AMERICO BARREIRA;;;6450;;Colis?â?úo Traseira;Luz do Dia;Bom;Seca;Meio de Quadra;N?â?úo H?â?í Controle;Comercial;0;0;1;1;0;0;0;0;0;1;0;0;-3,766992000000000;-38,569290000000000
332743;30;8;2018;13:20;19540;RUA CASIMIRO DE ABREU;RUA JULIO GASPAR;;0;;Colis?â?úo Transversal;Luz do Dia;Bom;Seca;Cruz;Pare;Residencial;0;1;0;1;0;0;0;0;0;1;0;0;-3,782426000000000;-38,563108000000000
332744;30;8;2018;19:54;0;RUA ARGENTINA;;;96;;Atropelamento;Via Iluminada;Bom;Seca;Meio de Quadra;N?â?úo H?â?í Controle;Residencial;0;1;1;0;0;0;0;0;0;1;0;0;-3,747033800000000;-38,564030000000000
332745;30;8;2018;09:58;15251;RUA DEP MOREIRA DA ROCHA;RUA TIBURCIO CAVALCANTE;;0;;Colis?â?úo Lateral;Luz do Dia;Bom;Seca;Cruz;Pare;Residencial;0;0;1;1;0;0;0;0;0;0;0;0;-3,728066000000000;-38,500041000000000
332746;30;8;2018;22:03;7869;RUA FRANCISCO HOLANDA;RUA BARBOSA DE FREITAS;;0;;Colis?â?úo Transversal;Via Iluminada;Bom;Seca;Cruz;Pare;Residencial;0;2;0;0;0;0;0;0;0;1;0;0;-3,749671000000000;-38,501555000000000
332747;30;8;2018;20:10;0;AV GAL OSORIO DE PAIVA;;;2469;;Colis?â?úo Traseira;Via Iluminada;Bom;Seca;Meio de Quadra;N?â?úo H?â?í Controle;Comercial;0;0;2;1;0;0;0;0;0;0;0;0;-3,787547800000000;-38,585243000000000
331953;30;8;2018;08:00;0;RD CE-040;;;0;KM-03;Colis?â?úo;Luz do Dia;;Seca;Meio de Quadra;;;0;0;2;1;0;0;0;0;0;0;0;0;-3,782614325000000;-38,481083900000000
331956;30;8;2018;18:00;0;RD CE-040;;;0;KM-05;Colis?â?úo;Anoitecer;;Seca;Meio de Quadra;;;0;0;2;1;0;0;0;0;0;0;0;0;-3,800595823000000;-38,479534630000000
328401;30;8;2018;21:10;0;RUA PRO ALVARO COSTA;;;827;;Colis?â?úo;;;;Meio de Quadra;;;1;1;1;1;0;0;0;0;0;1;0;0;-3,725489300000000;-38,469286800000000
333621;30;8;2018;20:20;0;AV CASTELO DE CASTRO;;;441;;Colis?â?úo;;;;;;;0;1;0;1;0;0;0;0;0;0;0;0;-3,833136000000000;-38,521561000000000
333622;30;8;2018;18:00;10364;RUA 24 DE OUTUBRO;RUA NOSSA SRA APARECIDA;;0;;Colis?â?úo;Anoitecer;;;Cruz;N?â?úo H?â?í Controle;Residencial;0;0;1;0;0;0;0;0;0;1;0;0;-3,757660000000000;-38,603743000000000
333626;31;8;2018;03:20;0;AV ABOLICAO;;;3847;;Choque c/ Obst?â?ículo Fixo;;;;Meio de Quadra;;;0;1;0;0;0;0;0;0;0;0;0;0;-3,725507412000000;-38,484965972000000
333643;31;8;2018;14:10;0;RD QUARTO ANEL VIARIO;;;0;HANGAR;Colis?â?úo;Luz do Dia;;;Meio de Quadra;;;0;0;1;1;0;0;0;0;0;0;0;0;;
333628;31;8;2018;19:10;0;AV ALANIS MARIA LAURINDO DE OLIVEIRA;;;0;;Colis?â?úo;;;;Meio de Quadra;;;0;0;1;0;0;0;0;0;0;1;0;0;;
333198;31;8;2018;07:49;5437;RUA METON DE ALENCAR;RUA FLORIANO PEIXOTO;;0;;Colis?â?úo Transversal;Luz do Dia;Bom;Seca;Cruz;Pare;Comercial;0;0;2;1;0;0;0;0;0;0;0;0;-3,734071000000000;-38,529358000000000
328162;31;8;2018;10:58;0;AV JOAO PESSOA;;;5884;;Colis?â?úo;Luz do Dia;;;Meio de Quadra;;;0;2;0;0;0;0;0;0;0;0;0;0;-3,761747000000000;-38,557535000000000
331958;31;8;2018;09:30;0;RD CE-040;;;0;KM-05;Colis?â?úo;Luz do Dia;;Seca;Meio de Quadra;;;0;1;1;1;0;0;0;0;0;1;0;0;-3,800595823000000;-38,479534630000000
331959;31;8;2018;08:25;0;AV SEN CARLOS JEREISSATI (AEROPORTO);;;0;KM 02;Colis?â?úo;Luz do Dia;;Seca;Meio de Quadra;;;0;0;2;1;0;0;0;0;0;1;0;0;-3,782194000000000;-38,535424000000000
331962;31;8;2018;14:20;0;AV SEN CARLOS JEREISSATI (AEROPORTO);;;0;KM 02;Colis?â?úo;Luz do Dia;;Seca;Meio de Quadra;;;0;0;2;1;0;0;1;0;0;0;0;0;-3,782194000000000;-38,535424000000000
332748;31;8;2018;07:00;0;RUA MEM DE SA;;;175;;Colis?â?úo Lateral;Luz do Dia;Bom;Seca;T;N?â?úo H?â?í Controle;Residencial;0;2;1;1;0;0;0;0;0;1;0;0;-3,823805800000000;-38,484844000000000
332749;31;8;2018;08:30;22345;AV SGT HERMINIO SAMPAIO;RUA ODETE PACHECO;;0;;Colis?â?úo Transversal;Luz do Dia;Bom;Seca;T;Pare;Comercial;0;1;1;0;0;0;0;0;0;1;0;0;-3,725382000000000;-38,555149000000000
332750;31;8;2018;08:10;23372;AV PONTES VIEIRA;RUA FRE VIDAL;;0;;Colis?â?úo;Luz do Dia;Bom;Seca;Meio de Quadra;N?â?úo H?â?í Controle;Comercial;0;2;2;1;0;0;0;0;0;1;0;0;-3,753282000000000;-38,518209000000000
332751;31;8;2018;07:30;0;AV SEN FERNANDES TAVORA;;;1239;;Colis?â?úo Traseira;Luz do Dia;Bom;Seca;;;;0;1;2;1;1;0;0;0;0;1;0;0;-3,761442700000000;-38,583720000000000
332752;31;8;2018;10:19;18453;AV OLAVO BILAC;RUA SAO JUDAS TADEU D08;;0;;Colis?â?úo Transversal;Luz do Dia;Bom;Seca;Cruz;Pare;Comercial;0;1;1;1;0;0;0;0;0;1;0;0;-3,729948000000000;-38,564759000000000
332753;31;8;2018;09:30;13060;AV J CJ JOSE WALTER;RUA 28 CJ JOSE WALTER;;0;;Colis?â?úo Transversal;Luz do Dia;Bom;Seca;T;Pare;Comercial;0;0;2;0;0;0;0;0;0;1;0;0;-3,827165000000000;-38,554511000000000
332754;31;8;2018;11:45;0;AV PRO GOMES DE MATOS;;;673;;Atropelamento;Luz do Dia;Bom;Seca;Meio de Quadra;N?â?úo H?â?í Controle;Comercial;0;1;1;0;1;0;0;0;0;0;0;0;-3,759190300000000;-38,544075000000000
332755;31;8;2018;15:15;7733;AV JOAO PESSOA;RUA BAR SOBRAL;;0;;Colis?â?úo Traseira;Luz do Dia;Bom;Seca;Cruz;Sem?â?íforo;Comercial;0;1;1;1;0;0;0;0;0;1;0;0;-3,764655600000000;-38,558605000000000
332756;31;8;2018;14:00;0;AV 13 DE MAIO;;;2180;;Colis?â?úo Lateral;Luz do Dia;Bom;Seca;Meio de Quadra;Sem?â?íforo;Comercial;0;0;3;1;1;0;0;0;0;0;0;0;-3,743364600000000;-38,536290000000000
332757;31;8;2018;14:35;17390;RUA ELVIRA PINHO;RUA ALM RUBIM;;0;;Colis?â?úo Transversal;Luz do Dia;Bom;Seca;Cruz;Pare;Residencial;0;0;1;1;0;0;0;0;0;0;0;0;-3,767260000000000;-38,555324000000000
332758;31;8;2018;20:45;0;RUA CEL JOAQUIM FRANKLIN;;;412;;Colis?â?úo Lateral;Via Iluminada;Bom;Seca;Meio de Quadra;N?â?úo H?â?í Controle;Residencial;0;0;2;1;0;0;0;0;0;0;0;0;-3,742651200000000;-38,589333000000000
332759;31;8;2018;19:55;0;RUA CON DE CASTRO;RUA PLACIDO DE CASTRO;;2855;;Colis?â?úo Transversal;Luz do Dia;Bom;Seca;;;;0;0;2;1;0;0;0;0;0;1;0;0;-3,793760800000000;-38,581930000000000
332771;31;8;2018;06:45;15247;RUA DEP MOREIRA DA ROCHA;RUA NUNES VALENTE;;0;;Colis?â?úo Transversal;Luz do Dia;Bom;Seca;Cruz;Pare;Comercial;0;2;2;1;0;0;0;0;0;1;0;0;-3,727994000000000;-38,501120000000000
332810;31;8;2018;17:14;0;RUA NUNES VALENTE;;;252;;Colis?â?úo Lateral;Luz do Dia;Bom;Seca;Meio de Quadra;N?â?úo H?â?í Controle;Residencial;0;0;2;1;0;0;0;0;0;0;0;0;-3,726828300000000;-38,500668000000000
335390;31;8;2018;07:20;0;AV JOAO PESSOA;;;5439;;Colis?â?úo;Luz do Dia;;;Meio de Quadra;;;0;1;1;1;0;0;0;0;0;1;0;0;-3,758710000000000;-38,555080000000000
335391;31;8;2018;07:30;0;RUA OLIVEIRA FILHO;;;1680;;Colis?â?úo;Luz do Dia;;;Meio de Quadra;;;0;1;1;1;0;0;0;0;0;1;0;0;-3,732120000000000;-38,461520000000000
335406;31;8;2018;14:45;0;AV PERIMETRAL;;;681;;Colis?â?úo;Luz do Dia;;;Meio de Quadra;;;0;1;1;0;0;0;0;0;0;1;0;0;;
335407;31;8;2018;15:04;12521;AV AUGUSTO DOS ANJOS;RUA JULIO BRAGA;;0;;Colis?â?úo;Luz do Dia;;;Cruz;Sem?â?íforo;Comercial;0;1;1;1;0;0;0;0;0;1;0;0;-3,776779000000000;-38,576193000000000
335408;31;8;2018;16:09;0;AV ENG ALBERTO SA;;;891;;Colis?â?úo;Luz do Dia;;;Meio de Quadra;;;0;1;1;1;0;0;0;0;0;1;0;0;-3,735120997000000;-38,473846048000000
335409;31;8;2018;17:14;0;RUA CON DE CASTRO;;;1025;;Colis?â?úo;Anoitecer;;;Meio de Quadra;;;0;1;1;1;0;0;0;0;0;1;0;0;;
335410;31;8;2018;17:42;0;RUA VITAL BRASIL;;;1783;;Colis?â?úo;Anoitecer;;;Meio de Quadra;;;0;1;1;1;0;1;0;0;0;0;0;0;-3,778358210000000;-38,596775953000000
335393;31;8;2018;08:15;0;AV PRS CASTELO BRANCO;;;0;;Queda;Luz do Dia;;;Meio de Quadra;;;0;1;0;0;0;0;0;0;0;1;0;0;;
335394;31;8;2018;08:45;0;RUA SGT JOAO PINHEIRO;;;1740;;Colis?â?úo;Luz do Dia;;;Meio de Quadra;;;0;1;1;0;0;0;0;0;0;1;0;0;-3,787248300000000;-38,624198600000000
335395;31;8;2018;09:09;0;AV PRS CASTELO BRANCO;;;6283;;Colis?â?úo;Luz do Dia;;;Meio de Quadra;;;0;1;1;1;0;1;0;0;0;0;0;0;;
335396;31;8;2018;11:45;0;AV OLAVO BILAC;;;1364;;Colis?â?úo;Luz do Dia;;;Meio de Quadra;;;0;1;1;0;0;0;0;0;0;1;0;0;-3,732903960000000;-38,564518160000000
335397;31;8;2018;12:09;5442;RUA BARBARA DE ALENCAR;AV VIS RIO BRANCO;;0;;Colis?â?úo;Luz do Dia;;;;;;0;1;1;1;0;0;0;0;0;1;0;0;-3,734584000000000;-38,524385000000000
335398;31;8;2018;12:31;0;AV SANTOS DUMONT;;;1546;;Colis?â?úo;Luz do Dia;;;Meio de Quadra;;;0;1;0;0;0;0;0;0;0;0;0;0;-3,732423500000000;-38,510032000000000
335387;31;8;2018;06:36;0;AV SEN CARLOS JEREISSATI (AEROPORTO);;;0;;Atropelamento;Luz do Dia;;;Meio de Quadra;;;0;1;1;1;0;0;0;0;0;0;0;0;;
335388;31;8;2018;06:38;0;AV SEN FERNANDES TAVORA;;;708;;Queda;Luz do Dia;;;Meio de Quadra;;;0;1;0;0;0;0;0;0;0;1;0;0;-3,763727000000000;-38,579280000000000
335429;31;8;2018;21:38;3352;RUA MARIO DE ANDRADE;RUA GOIAS;;0;;Colis?â?úo;;;;Cruz;N?â?úo H?â?í Controle;Residencial;0;1;0;0;0;0;0;0;0;0;0;0;-3,751874000000000;-38,560803000000000
335430;31;8;2018;23:44;0;AV F CJ CEARA;;;0;;Colis?â?úo;;;;Meio de Quadra;;;0;1;0;0;0;0;0;0;0;0;0;0;;
335418;31;8;2018;19:29;0;AV B CJ CEARA;;;540;;Colis?â?úo;;;;Meio de Quadra;;;0;1;1;1;0;0;0;0;0;1;0;0;-3,766676000000000;-38,606195000000000
335415;31;8;2018;18:49;0;RD QUARTO ANEL VIARIO;;;0;;Atropelamento;;;;Meio de Quadra;;;0;1;1;1;0;0;0;0;0;0;0;0;;
335416;31;8;2018;19:04;0;AV DR SILAS MUNGUBA;;;1000;;Colis?â?úo;;;;Meio de Quadra;;;0;1;0;0;0;0;0;0;0;0;0;0;-3,781480000000000;-38,557095000000000
335404;31;8;2018;13:05;0;RUA PAULINO ROCHA D32;;;0;;Colis?â?úo;Luz do Dia;;;Meio de Quadra;;;0;1;1;1;0;0;0;0;0;1;0;0;;
335412;31;8;2018;18:17;0;AV MR HULL;;;0;;Colis?â?úo;Anoitecer;;;Meio de Quadra;;;0;1;0;0;0;0;0;0;0;0;0;0;;
335413;31;8;2018;18:32;18423;AV SGT HERMINIO SAMPAIO;RUA FRE ODILON;;0;;Atropelamento;;;;Cruz;N?â?úo H?â?í Controle;Comercial;0;1;1;0;0;0;0;0;0;0;0;0;-3,728921000000000;-38,572692000000000
335420;31;8;2018;19:36;0;RUA CURITIBA;;;1464;;Colis?â?úo;;;;Meio de Quadra;;;0;1;0;0;0;0;0;0;0;0;0;0;-3,754168000000000;-38,596291600000000
335421;31;8;2018;19:41;0;AV G CJ CEARA;;;540;;Colis?â?úo;;;;Meio de Quadra;;;0;1;1;1;0;0;0;0;0;1;0;0;-3,774286500000000;-38,610586000000000
335423;31;8;2018;20:01;25443;RUA NOGUEIRA ACIOLI;RUA ROCHA LIMA;;0;;Colis?â?úo;;;;Cruz;Pare;Residencial;0;1;1;1;0;0;0;0;0;1;0;0;-3,737351000000000;-38,519293000000000
335425;31;8;2018;20:07;12518;AV AUGUSTO DOS ANJOS;RUA CUIABA;;0;;Colis?â?úo;;;;Meio de Quadra;N?â?úo H?â?í Controle;Comercial;0;1;1;1;0;0;0;0;0;1;0;0;-3,772615000000000;-38,572386000000000
335426;31;8;2018;20:26;0;RUA OLIMPIO LEITE;;;0;;Colis?â?úo;;;;Meio de Quadra;;;0;1;1;1;0;0;0;0;0;1;0;0;;
335427;31;8;2018;20:27;0;RUA MANUEL TEIXEIRA;;;245;;Colis?â?úo;;;;Meio de Quadra;;;0;1;1;1;0;0;0;0;0;1;0;0;-3,816440700000000;-38,478866300000000
335402;31;8;2018;12:40;0;AV DR SILAS MUNGUBA;;;0;ROTAT?âÔÇ£RIA;Colis?â?úo;Luz do Dia;;;Meio de Quadra;;;0;1;1;1;0;0;0;0;0;1;0;0;;
338437;31;8;2018;07:30;0;RD BR 116;;;13000;KM-13;Colis?â?úo Traseira;Luz do Dia;;;Meio de Quadra;;;0;1;1;1;0;0;0;0;0;1;0;0;-3,864670000000000;-38,497727000000000
338440;1;9;2018;11:40;0;RD BR 116;;;14000;KM-14;Colis?â?úo Traseira;Luz do Dia;;;Meio de Quadra;;;0;0;2;1;0;0;1;0;0;0;0;0;-3,873523000000000;-38,499242000000000
338448;1;9;2018;14:15;0;RD BR 116;;;3000;KM-03;Colis?â?úo Traseira;Luz do Dia;;;Meio de Quadra;;;0;0;2;1;0;0;0;0;0;0;0;0;-3,779838000000000;-38,514372000000000
331517;1;9;2018;07:50;0;AV H CJ CEARA;;;1535;;Colis?â?úo Traseira;Luz do Dia;Bom;Seca;Meio de Quadra;Outros;Residencial;0;1;1;1;0;0;0;0;0;1;0;0;-3,775983000000000;-38,611523000000000
331518;1;9;2018;09:00;19562;RUA NEREU RAMOS;RUA SEIFERT;;0;;Colis?â?úo Lateral;Luz do Dia;Bom;Seca;Cruz;Pare;Comercial;0;1;1;1;0;0;0;0;0;1;0;0;-3,783283000000000;-38,575359000000000
331519;1;9;2018;08:30;0;RUA CACILDA BECKER;;;0;;Colis?â?úo Frontal;Luz do Dia;Bom;Seca;Meio de Quadra;;;0;1;1;1;0;0;0;0;0;1;0;0;;
331520;1;9;2018;00:10;0;AV SEN FERNANDES TAVORA;;;1176;;Colis?â?úo Frontal;Via Iluminada;Bom;Seca;Meio de Quadra;Outros;Residencial;0;1;1;1;1;0;0;0;0;0;0;0;-3,761756000000000;-38,582976917000000
331521;1;9;2018;18:35;0;RD BR 116;;;11000;MOTEL CHALEX;Atropelamento;;;;Meio de Quadra;;;1;0;1;1;0;0;0;0;0;0;0;0;-3,847160000000000;-38,497176000000000
334902;1;9;2018;19:41;9597;RUA JOSE TORRES;RUA LONDRINA;;0;;Colis?â?úo;;;;Cruz;N?â?úo H?â?í Controle;Rural;0;1;1;1;0;0;0;0;0;1;0;0;-3,779916000000000;-38,607258000000000
334898;1;9;2018;19:40;0;AV GAL OSORIO DE PAIVA;;;4059;;Atropelamento;;;;Meio de Quadra;;;0;1;1;0;1;0;0;0;0;0;0;0;-3,792615200000000;-38,590285700000000
334888;1;9;2018;18:10;9246;RUA BAR RIO BRANCO;AV 13 DE MAIO;;0;;Colis?â?úo;Anoitecer;;;Cruz;Sem?â?íforo;Comercial;0;1;1;0;0;0;0;0;0;0;0;0;-3,745129000000000;-38,534255000000000
334892;1;9;2018;18:39;0;RUA VIA FERREA;;;2664;ESTA?âÔÇí?âãÆO ARACAP?âÔÇ?;Queda;;;;Meio de Quadra;;;0;1;0;0;0;0;0;0;0;1;0;0;;
334910;1;9;2018;22:11;0;RUA 103 CJ CEARA;;;0;;Colis?â?úo;;;;Meio de Quadra;;;0;1;1;0;0;0;0;0;0;1;0;0;;
334905;1;9;2018;20:09;0;RUA SAUDARIA;;;460;;Atropelamento;;;;Meio de Quadra;;;0;1;1;0;0;0;0;0;0;1;0;0;-3,700840000000000;-38,584360000000000
334906;1;9;2018;21:05;15618;RUA VASCO DE ATAIDE;RUA TOME DE SOUZA;;0;;Atropelamento;;;;;;;0;1;1;1;0;0;0;0;0;0;0;0;-3,824197000000000;-38,485601000000000
334876;1;9;2018;17:36;25100;RUA PORTO VELHO;RUA ALUISIO AZEVEDO;;0;;Colis?â?úo;Anoitecer;;;Cruz;Pare;Residencial;0;1;1;0;0;0;0;0;0;1;0;0;-3,769453000000000;-38,580597000000000
334880;1;9;2018;17:41;0;RUA JOSE DANTAS VIEIRA;;;0;;Queda;Anoitecer;;;Meio de Quadra;;;0;1;1;0;0;0;0;0;0;1;0;0;;
334817;1;9;2018;13:37;0;RUA VALPARAISO;;;1074;;Queda;Luz do Dia;;;Meio de Quadra;;;0;1;0;0;0;0;0;0;0;1;0;0;-3,842011219000000;-38,528478702000000
334821;1;9;2018;17:18;18511;RUA ANTONIO LAFAYETTE;RUA MEXICO;;0;;Colis?â?úo;Anoitecer;;;Cruz;Pare;Residencial;0;2;1;1;0;0;0;0;0;1;0;0;-3,734910000000000;-38,574157000000000
334822;1;9;2018;17:30;0;RUA EVILASIO A MIRANDA;;;1866;;Colis?â?úo;Anoitecer;;;Meio de Quadra;;;0;1;1;1;0;0;0;0;0;1;0;0;;
334819;1;9;2018;17:00;0;RUA DOM XISTO ALBANO;;;2346;;Colis?â?úo;Anoitecer;;;Meio de Quadra;;;0;1;1;1;0;0;0;0;0;1;0;0;-3,801735919000000;-38,590010115000000
334811;1;9;2018;12:10;9653;RUA FRANCISCO PAIVA;RUA BOM JESUS (GRANJA LISBOA);;0;;Colis?â?úo;Luz do Dia;;;Cruz;Pare;Residencial;0;1;1;1;0;0;0;0;0;1;0;0;-3,790241000000000;-38,614088000000000
334809;1;9;2018;12:02;12384;RUA RIO GRANDE DO SUL;RUA PLUTAO;;0;;Colis?â?úo;Luz do Dia;;;Cruz;Pare;Comercial;0;1;1;1;0;0;0;0;0;1;0;0;-3,764313000000000;-38,571071000000000
334807;1;9;2018;10:36;17294;RUA CEL ALEXANDRINO;RUA JOAO FIRMINO;;0;;Colis?â?úo;Luz do Dia;;;Cruz;Pare;Residencial;0;1;1;1;0;0;0;0;0;1;0;0;-3,763514000000000;-38,554922000000000
334794;1;9;2018;09:22;23373;RUA OSVALDO CRUZ (ALDEOTA);RUA CAP TIBURCIO DA FROTA;;0;;Colis?â?úo;Luz do Dia;;;Cruz;Pare;Residencial;0;1;1;1;0;1;0;0;0;0;0;0;-3,754269000000000;-38,506329000000000
334803;1;9;2018;10:04;0;RUA PRO JACINTO BOTELHO;;;400;;Colis?â?úo;Luz do Dia;;;Meio de Quadra;;;0;1;1;1;0;0;0;0;0;0;0;0;-3,760910000000000;-38,490570000000000
334804;1;9;2018;10:17;0;RUA NAT FEIJO;;;950;;Colis?â?úo;Luz do Dia;;;Meio de Quadra;;;0;1;1;1;0;0;0;0;0;1;0;0;-3,721284500000000;-38,557276500000000
334790;1;9;2018;08:14;0;RUA BERNARDO MANUEL;;;10935;;Colis?â?úo;Luz do Dia;;;Meio de Quadra;;;0;1;1;0;0;0;0;0;0;0;0;0;-3,814591280000000;-38,556249627000000
334791;1;9;2018;09:09;0;AV FRE CIRILO;;;4331;;Colis?â?úo;Luz do Dia;;;Meio de Quadra;;;0;1;1;1;0;0;0;0;0;1;0;0;-3,822139612000000;-38,495313102000000
334786;1;9;2018;03:09;0;RUA PRO ALVARO COSTA;;;1080;;Choque c/ Obst?â?ículo Fixo;;;;Meio de Quadra;;;0;2;0;0;0;0;0;0;0;1;0;0;-3,725756200000000;-38,470412400000000
334787;1;9;2018;03:31;5434;AV HERACLITO GRACA;AV DOM MANUEL;;0;;Colis?â?úo;;;;Meio de Quadra;Sem?â?íforo;Comercial;0;1;1;1;0;0;0;0;0;0;0;0;-3,734013000000000;-38,522952000000000
334788;1;9;2018;07:35;13003;RUA 13 CJ JOSE WALTER;AV A CJ JOSE WALTER;;0;;Colis?â?úo;Luz do Dia;;;;;;0;1;1;1;0;0;0;0;0;1;0;0;-3,824994000000000;-38,553710000000000
334782;1;9;2018;00:38;0;RUA BERNARDO MANUEL;;;3149;;Colis?â?úo;;;;Meio de Quadra;;;0;1;1;0;0;0;0;0;0;0;0;0;;
334783;1;9;2018;00:40;0;AV BEZERRA DE MENEZES;;;2933;;Queda;;;;Meio de Quadra;;;0;1;0;0;0;1;0;0;0;0;0;0;-3,736159500000000;-38,565921700000000
334784;1;9;2018;02:50;0;RUA PDE RODOLFO;;;950;;Queda;;;;Meio de Quadra;;;0;1;0;0;0;0;0;0;0;1;0;0;-3,803681828000000;-38,587780613000000
336254;1;9;2018;02:30;0;LOGRADOURO SEM NOME;;;0;;Choque c/ Obst?â?ículo Fixo;;;;Meio de Quadra;;;0;1;0;0;0;0;0;0;0;1;0;0;;
332770;1;9;2018;21:00;5039;AV ALBERTO NEPOMUCENO;RUA PESSOA ANTA;;0;;N?â?úo Informado;Via Iluminada;Bom;Seca;Cruz;Sem?â?íforo;Comercial;0;0;2;1;0;0;0;0;0;0;0;0;-3,721257000000000;-38,523212000000000
332778;1;9;2018;15:32;0;AV JOR THOMAZ COELHO;;;609;;Atropelamento;Luz do Dia;Bom;Seca;Meio de Quadra;Pare;Comercial;0;2;1;0;1;0;0;0;0;1;0;0;-3,832093500000000;-38,501390000000000
332763;1;9;2018;07:48;0;RUA SOBRAL D03;;;160;;Colis?â?úo Lateral;Luz do Dia;Bom;Seca;Meio de Quadra;N?â?úo H?â?í Controle;Comercial;0;0;2;1;0;0;0;0;0;0;0;0;-3,725211400000000;-38,524160000000000
332764;1;9;2018;12:13;0;AV FRE CIRILO;;;3325;;Colis?â?úo Traseira;Luz do Dia;Bom;Seca;Meio de Quadra;N?â?úo H?â?í Controle;Comercial;0;0;2;1;0;0;0;0;0;0;0;0;-3,813455600000000;-38,499070000000000