COD_ACIDENTE;DIA;MES;ANO;HORA;INTERSECAO;LOG1;LOG2;LOG3;NUMERO;REFERENCIA;NATUREZA;ILUMINACAO;TEMPO;SUPERFICIEPISTA;TIPOCRUZAMENTO;CONTROLETRAFEGO;USOSOLO;MORTOS;FERIDOS;ILESOS;AUTOMOVEL;ONIBUS;BICICLETA;CAMINHAO;MICROONIBUS;CICLOMOTOR;MOTOCICLETA;TRACAOANIMAL;TREM;LATITUDE;LONGITUDE
332765;1;9;2018;12:45;9033;RUA DOM SEBASTIAO LEME;RUA CEL SOLON;;0;;Colis?â?úo Transversal;Luz do Dia;Bom;Seca;Cruz;Pare;Residencial;0;0;2;1;0;0;0;0;0;0;0;0;-3,742963000000000;-38,526799000000000
332766;1;9;2018;14:38;2523;AV FRANCISCO SA;RUA TULIPA;;0;;Colis?â?úo Lateral;Luz do Dia;Bom;Seca;T;Pare;Comercial;0;1;1;1;0;0;0;0;0;1;0;0;-3,710359000000000;-38,577954000000000
332767;1;9;2018;15:13;19509;RUA CON MOURAO;AV GODOFREDO MACIEL;;0;;Colis?â?úo Lateral;Luz do Dia;Bom;Seca;Cruz;N?â?úo H?â?í Controle;Comercial;0;1;1;1;0;0;0;0;0;1;0;0;-3,781341000000000;-38,565258000000000
332768;1;9;2018;14:45;0;RUA BAR RIO BRANCO;;;2101;;Colis?â?úo Lateral;Luz do Dia;Bom;Seca;Meio de Quadra;N?â?úo H?â?í Controle;Escola;0;2;1;1;0;0;0;0;0;1;0;0;-3,736207700000000;-38,531353000000000
332761;1;9;2018;03:32;0;AV FRANCISCO SA;;;7700;;Choque c/ Obst?â?ículo Fixo;Via Iluminada;Bom;Seca;Meio de Quadra;N?â?úo H?â?í Controle;Residencial;0;0;1;0;0;0;0;0;0;0;0;0;-3,705960500000000;-38,586630000000000
331807;1;9;2018;13:00;0;AV DOS EXPEDICIONARIOS;;;5468;;Colis?â?úo;Luz do Dia;;;Meio de Quadra;;;1;0;1;1;0;1;0;0;0;0;0;0;-3,767813865000000;-38,542051119000000
333476;1;9;2018;08:40;0;AV ALBERTO NEPOMUCENO;;;199;;Atropelamento;Luz do Dia;;;Meio de Quadra;;;0;1;0;0;0;0;0;0;0;0;0;0;-3,722893100000000;-38,524001300000000
333477;1;9;2018;11:45;2404;RUA SEN ROBERT KENNEDY;AV 20 DE JANEIRO;;0;;Colis?â?úo;Luz do Dia;;;T;Pare;Residencial;0;1;0;0;0;0;0;0;0;0;0;0;-3,706153000000000;-38,580002000000000
333478;1;9;2018;04:30;0;ROD CE 010;;;27;;Choque c/ Obst?â?ículo Fixo;;;;Meio de Quadra;;;0;1;0;0;0;0;0;0;0;1;0;0;;
333483;2;9;2018;02:54;0;RUA PRO COSTA MENDES;;;877;;Colis?â?úo;Luz do Dia;;;Meio de Quadra;;;0;2;0;1;0;0;0;0;0;1;0;0;-3,753719185000000;-38,547998370000000
333503;2;9;2018;18:01;15246;RUA TEN BENEVOLO;RUA CARLOS VASCONCELOS;;0;;Colis?â?úo;Anoitecer;;;Cruz;Sem?â?íforo;Residencial;0;1;1;1;0;0;0;0;0;1;0;0;-3,727989000000000;-38,509174000000000
333524;2;9;2018;20:00;0;AV ANTONIO SALES;;;0;;Colis?â?úo;;;;Meio de Quadra;;;0;1;0;1;0;0;0;0;0;0;0;0;;
331800;2;9;2018;07:00;0;RUA EMILIO DE MENESES;;;2301;;Atropelamento;Luz do Dia;;;Meio de Quadra;;;1;0;0;1;0;0;0;0;0;0;0;0;-3,777778410000000;-38,601534705000000
331885;2;9;2018;16:30;0;RD CE-040;;;8;;;Luz do Dia;Bom;;Meio de Quadra;;;0;2;0;1;0;0;0;0;0;0;0;0;-3,764650449000000;-38,482583040000000
331872;2;9;2018;08:30;0;RD CE-040;;;6;;Colis?â?úo;Luz do Dia;Bom;;Meio de Quadra;;;0;4;0;1;0;0;0;0;0;0;0;0;-3,764650449000000;-38,482583040000000
331858;2;9;2018;06:45;0;RD CE-060;;;4;;Colis?â?úo;Luz do Dia;;;Meio de Quadra;;;0;2;0;1;0;0;0;0;0;0;0;0;-3,826136000000000;-38,579500000000000
332772;2;9;2018;06:20;0;AV PRS CASTELO BRANCO;;;901;;Choque c/ Obst?â?ículo Fixo;Luz do Dia;Bom;Seca;Meio de Quadra;Sem?â?íforo;Comercial;0;1;0;1;0;0;0;0;0;0;0;0;-3,718160400000000;-38,536465000000000
332773;2;9;2018;08:50;20152;RUA MARIA AMALIA;RUA BELOS PORTOS;;1174;;Colis?â?úo Lateral;Luz do Dia;Bom;Seca;T;Pare;Comercial;0;1;1;1;0;0;0;0;0;0;0;0;-3,811372000000000;-38,524905000000000
332774;2;9;2018;09:38;0;AV DR SILAS MUNGUBA;;;3723;;Choque c/ Obst?â?ículo Fixo;Luz do Dia;Bom;Seca;Meio de Quadra;;;0;0;1;1;0;0;0;0;0;0;0;0;-3,790278700000000;-38,540230000000000
332775;2;9;2018;13:02;0;AV BAR STUDART;;;0;;Colis?â?úo Lateral;Luz do Dia;Bom;Seca;Meio de Quadra;Sem?â?íforo;Comercial;0;0;2;1;0;0;0;0;0;0;0;0;-3,741645600000000;-38,509068000000000
332776;2;9;2018;10:26;7433;RUA PEDRO DANTAS;RUA CLARIM;;0;;Colis?â?úo Traseira;Luz do Dia;Bom;Seca;T;N?â?úo H?â?í Controle;Residencial;0;1;1;1;0;0;0;0;0;1;0;0;-3,785202000000000;-38,525882000000000
332777;2;9;2018;14:45;0;AV DOM LUIS;;;880;;Colis?â?úo Lateral;Luz do Dia;Bom;Seca;Meio de Quadra;N?â?úo H?â?í Controle;Comercial;0;1;1;1;0;0;0;0;0;1;0;0;-3,734473500000000;-38,493847000000000
332779;2;9;2018;19:33;0;AV ALM HENRIQUE SABOIA;;;0;;Colis?â?úo Traseira;Via Iluminada;Bom;Seca;Meio de Quadra;N?â?úo H?â?í Controle;Residencial;0;2;2;1;0;0;0;0;0;0;0;0;-3,748964300000000;-38,493427000000000
332783;2;9;2018;07:14;0;AV JOSE BASTOS;;;3504;;Choque c/ Obst?â?ículo Fixo;Luz do Dia;Bom;Seca;Outros;N?â?úo H?â?í Controle;Comercial;0;0;1;1;0;0;0;0;0;0;0;0;-3,750285400000000;-38,550587000000000
336255;2;9;2018;04:50;0;LOGRADOURO SEM NOME;;;0;;Choque c/ Obst?â?ículo Fixo;;;;Meio de Quadra;;;0;1;0;0;0;0;0;0;0;1;0;0;;
334912;2;9;2018;01:05;0;RUA VIDAL DE NEGREIROS;;;213;;Colis?â?úo;;;;Meio de Quadra;;;0;1;1;0;0;0;0;0;0;0;0;0;-3,798919667000000;-38,563641843000000
334913;2;9;2018;05:57;0;AV I CJ CEARA;;;0;;Colis?â?úo;Amanhecer;;;Meio de Quadra;;;0;3;0;0;0;0;0;0;0;0;0;0;;
334962;2;9;2018;16:49;0;AV ALBERTO CRAVEIRO;;;0;;Colis?â?úo;Luz do Dia;;;Meio de Quadra;;;0;1;1;1;0;0;0;0;0;1;0;0;;
334953;2;9;2018;12:04;0;RUA JOAO GENTIL;;;562;;Colis?â?úo;Luz do Dia;;;Meio de Quadra;;;0;1;1;0;0;0;0;0;0;1;0;0;-3,746857000000000;-38,540818000000000
334915;2;9;2018;06:15;0;AV GAL OSORIO DE PAIVA;;;5586;;Choque c/ Obst?â?ículo Fixo;Luz do Dia;;;Meio de Quadra;;;0;3;0;1;0;0;0;0;0;0;0;0;-3,805379500000000;-38,602735000000000
334958;2;9;2018;15:05;9328;RUA CESAR CORREIA;RUA GAL MARIO HERMES;;0;;Colis?â?úo;Luz do Dia;;;Cruz;Pare;Residencial;0;1;1;1;0;0;0;0;0;1;0;0;-3,715134000000000;-38,574448000000000
334955;2;9;2018;12:07;0;AV I CJ ESPERANCA;;;1260;;Colis?â?úo;Luz do Dia;;;Meio de Quadra;;;0;1;1;1;0;0;0;0;0;1;0;0;-3,811613700000000;-38,591785300000000
334956;2;9;2018;12:22;0;RUA ANA BRITO;;;1235;;Colis?â?úo;Luz do Dia;;;Meio de Quadra;;;0;1;1;1;0;0;0;0;0;1;0;0;-3,827628800000000;-38,589375900000000
334944;2;9;2018;11:46;23526;RUA FLORO BARTOLOMEU;RUA SABINO MONTE;;0;;Colis?â?úo;Luz do Dia;;;Cruz;Pare;Residencial;0;2;0;0;0;0;0;0;0;1;0;0;-3,760224000000000;-38,511223000000000
334941;2;9;2018;11:05;5749;AV DES GONZAGA;RUA JULIO LIMA;;0;;Queda;Luz do Dia;;;Cruz;Pare;Comercial;0;1;0;0;0;0;0;0;0;1;0;0;-3,796143000000000;-38,500411000000000
334935;2;9;2018;10:15;10791;RUA PORTO VELHO;RUA NATAL;;0;;Colis?â?úo;Luz do Dia;;;Cruz;Pare;Residencial;0;2;0;1;0;0;0;0;0;1;0;0;-3,762901000000000;-38,592785000000000
334932;2;9;2018;09:16;0;AV ABOLICAO;;;0;;Queda;Luz do Dia;;;Meio de Quadra;;;0;1;0;0;0;1;0;0;0;0;0;0;;
334929;2;9;2018;07:04;0;AV DR SILAS MUNGUBA;;;3781;;Colis?â?úo;Luz do Dia;;;Meio de Quadra;;;0;3;0;1;0;0;0;0;0;1;0;0;;
334973;2;9;2018;18:28;0;AV ANTONIO SALES;;;0;VIADUTO VIA EXPRESSA;Choque c/ Obst?â?ículo Fixo;Anoitecer;;;Meio de Quadra;;;0;3;0;1;0;0;0;0;0;0;0;0;;
334997;2;9;2018;22:36;0;AV CASTELO DE CASTRO;;;70;;Colis?â?úo;;;;Meio de Quadra;;;0;1;1;1;0;0;0;0;0;1;0;0;-3,829482000000000;-38,521448500000000
334999;2;9;2018;23:01;0;RUA SGT JOAO PINHEIRO;;;739;;Colis?â?úo;;;;Meio de Quadra;;;0;1;1;1;0;0;0;0;0;1;0;0;-3,781994857000000;-38,622561143000000
335000;2;9;2018;23:36;5112;RUA CASTRO E SILVA;RUA BAR RIO BRANCO;;0;;Colis?â?úo;;;;Cruz;Sem?â?íforo;Comercial;0;2;0;1;0;0;0;0;0;1;0;0;-3,723847000000000;-38,527429000000000
334995;2;9;2018;22:24;0;RUA LAURO NOGUEIRA;;;0;;Colis?â?úo;;;;Meio de Quadra;;;0;1;1;0;0;0;0;0;0;0;0;0;;
334983;2;9;2018;20:30;21293;RUA NOSSA SRA DAS GRACAS;RUA ALVARO DE ALENCAR;;0;;Colis?â?úo;;;;Cruz;N?â?úo H?â?í Controle;Residencial;0;1;1;0;0;0;0;0;0;1;0;0;-3,709334000000000;-38,556571000000000
334984;2;9;2018;21:43;0;RUA DEP OSWALDO STUDART;;;700;;Atropelamento;;;;Meio de Quadra;;;0;1;1;1;0;0;0;0;0;0;0;0;-3,756069500000000;-38,530397499000000
334985;2;9;2018;22:03;0;RUA GERALDO BARBOSA;;;2468;;Atropelamento;;;;Meio de Quadra;;;0;1;1;1;0;0;0;0;0;0;0;0;-3,787975000000000;-38,614008857000000
334986;2;9;2018;22:06;0;RUA VIA FERREA;;;2698;;Colis?â?úo;;;;Meio de Quadra;;;0;1;1;0;0;0;0;0;0;0;0;0;;
334987;2;9;2018;22:08;25521;RUA CON DE CASTRO;RUA WALDIR DIOGO;;0;;Colis?â?úo;;;;T;;Comercial;0;1;1;1;0;0;0;0;0;1;0;0;-3,801878000000000;-38,589176000000000
334980;2;9;2018;18:50;0;RUA BAR AQUIRAZ;;;1324;;Colis?â?úo;;;;Meio de Quadra;;;0;1;1;0;0;0;0;0;0;1;0;0;-3,839802000000000;-38,486066000000000
334981;2;9;2018;19:45;0;RUA UM (MONDUBIM);;;249;;Queda;;;;Meio de Quadra;;;0;1;0;0;0;0;0;0;0;1;0;0;;
334976;2;9;2018;18:33;0;AV JOAO PESSOA;;;5375;;Queda;;;;Meio de Quadra;;;0;1;0;0;0;0;0;0;0;1;0;0;-3,758247312000000;-38,554666622000000
334969;2;9;2018;17:57;0;RUA FRE CANECA;;;151;;Colis?â?úo;Anoitecer;;;Meio de Quadra;;;0;1;1;0;0;0;0;0;0;1;0;0;-3,785437000000000;-38,509559000000000
334965;2;9;2018;17:53;0;ET DO FIO (MESSEJANA);;;700;;Colis?â?úo;Anoitecer;;;Meio de Quadra;;;0;1;1;1;0;0;0;0;0;1;0;0;-3,757190000000000;-38,570110000000000
335037;3;9;2018;14:02;315;RUA NESTOR BARBOSA;RUA GAL PIRAGIBE;;0;;Colis?â?úo;Luz do Dia;;;Cruz;Pare;Residencial;0;1;1;0;0;0;0;0;0;1;0;0;-3,744282000000000;-38,556613000000000
335009;3;9;2018;11:53;0;RUA ELVIRA PINHO;;;245;;Colis?â?úo;Luz do Dia;;;Meio de Quadra;;;0;1;1;1;0;0;0;0;0;1;0;0;-3,766492000000000;-38,556968000000000
335026;3;9;2018;13:13;0;RUA CON LIMA SUCUPIRA;;;0;;Atropelamento;Luz do Dia;;;Meio de Quadra;;;0;2;0;0;0;0;0;0;0;1;0;0;;
335027;3;9;2018;13:24;0;AV GAL OSORIO DE PAIVA;;;0;;Atropelamento;Luz do Dia;;;Meio de Quadra;;;0;1;1;0;1;0;0;0;0;0;0;0;;
335022;3;9;2018;13:07;0;RUA BERNARDO MANUEL;;;7544;;Colis?â?úo;Luz do Dia;;;Meio de Quadra;;;0;1;1;1;0;0;0;0;0;1;0;0;-3,784161727000000;-38,546953727000000
335003;3;9;2018;08:05;22983;RUA MONTEVIDEU;RUA BERNARDO MANUEL;;0;;Colis?â?úo;Luz do Dia;;;T;Pare;Residencial;0;1;1;1;0;0;0;0;0;1;0;0;-3,786181000000000;-38,547555000000000
335004;3;9;2018;08:22;0;RUA FLORIANO PEIXOTO;;;656;;Atropelamento;Luz do Dia;;;Meio de Quadra;;;0;1;1;1;0;0;0;0;0;0;0;0;;
335005;3;9;2018;08:49;0;RUA BOM JESUS (JD DAS OLIVEIRAS);;;1882;;Colis?â?úo;Luz do Dia;;;Meio de Quadra;;;0;1;1;0;0;0;0;0;0;0;0;0;-3,791493700000000;-38,609908700000000
335006;3;9;2018;09:47;0;RUA ANTONIO DE ALENCAR;;;0;;Atropelamento;Luz do Dia;;;Meio de Quadra;;;0;1;1;0;1;0;0;0;0;0;0;0;;
335007;3;9;2018;10:09;0;RUA PLANALTINA (PL AYRTON SENNA);;;1160;;Colis?â?úo;Luz do Dia;;;Meio de Quadra;;;0;1;1;1;0;0;0;0;0;1;0;0;-3,833720400000000;-38,570070600000000
335011;3;9;2018;12:29;0;RUA ARGEMIRO CARVALHO;;;178;;Colis?â?úo;Luz do Dia;;;Meio de Quadra;;;0;1;1;1;0;0;0;0;0;1;0;0;-3,730160000000000;-38,478980000000000
335048;3;9;2018;16:44;23784;RUA RAIMUNDO NERY;RUA MON AGOSTINHO;;0;;Colis?â?úo;Luz do Dia;;;Cruz;N?â?úo H?â?í Controle;Residencial;0;1;1;0;0;0;0;0;0;0;0;0;-3,792435000000000;-38,587155000000000
335040;3;9;2018;14:35;6135;RUA 836 CJ CEARA;AV A CJ CEARA;;0;;Colis?â?úo;Luz do Dia;;;Duplo T;N?â?úo H?â?í Controle;Rural;0;2;0;1;0;0;0;0;0;1;0;0;-3,769076000000000;-38,604241000000000
335055;3;9;2018;17:13;0;AV HERACLITO GRACA;;;600;;Colis?â?úo;Anoitecer;;;Meio de Quadra;;;0;2;1;1;0;0;0;0;0;1;0;0;-3,735377000000000;-38,518694000000000
335051;3;9;2018;17:06;0;AV PONTES VIEIRA;;;733;;Colis?â?úo;Anoitecer;;;Meio de Quadra;;;0;1;1;0;0;0;0;0;0;0;0;0;-3,752890000000000;-38,514949000000000
335060;3;9;2018;18:41;0;RUA DO CANAL (CJ ESPERANCA);;;118;;Queda;;;;Meio de Quadra;;;0;1;0;0;0;0;0;0;0;1;0;0;-3,812443000000000;-38,594112826000000
335061;3;9;2018;19:04;0;RUA ANA NERY;;;373;;Queda;;;;Meio de Quadra;;;0;1;0;0;0;1;0;0;0;0;0;0;-3,753261196000000;-38,542640373000000
335077;3;9;2018;20:17;0;RUA CON DE CASTRO;;;7158;;Colis?â?úo;;;;Meio de Quadra;;;0;1;1;1;0;0;0;0;0;1;0;0;-3,817310000000000;-38,600788000000000
335073;3;9;2018;20:07;0;RUA ENG SILVIO EGIDIO;;;113;;Colis?â?úo;;;;Meio de Quadra;;;0;1;1;1;0;0;0;0;0;1;0;0;-3,775753100000000;-38,505850900000000
335063;3;9;2018;19:22;19469;AV AUGUSTO DOS ANJOS;AV GAL OSORIO DE PAIVA;;0;;Queda;;;;Outros;Sem?â?íforo;Comercial;0;2;0;0;0;0;0;0;0;1;0;0;-3,787349000000000;-38,584939000000000
335065;3;9;2018;19:34;0;AV BENJAMIM BRASIL;;;1585;;Colis?â?úo;;;;Meio de Quadra;;;0;2;0;0;0;0;0;0;0;1;0;0;-3,806767363000000;-38,561536092000000
335066;3;9;2018;19:49;23497;RUA CARVALHO JUNIOR;RUA CAP MELO;;0;;Colis?â?úo;;;;Cruz;Pare;Residencial;0;1;1;1;0;0;0;0;0;1;0;0;-3,758714000000000;-38,512658000000000
335067;3;9;2018;19:57;12408;RUA MELO DE OLIVEIRA;RUA CUIABA;;0;;Colis?â?úo;;;;Cruz;N?â?úo H?â?í Controle;Comercial;0;1;1;1;0;0;0;0;0;1;0;0;-3,770049000000000;-38,576944000000000
335179;3;9;2018;22:26;0;AV CASTELO DE CASTRO;;;736;;Colis?â?úo;;;;Meio de Quadra;;;0;1;1;0;0;0;0;0;0;1;0;0;-3,836041000000000;-38,521663000000000
335170;3;9;2018;21:50;0;RUA DJALMA BENEVIDES;;;370;;Colis?â?úo;;;;Meio de Quadra;;;0;1;1;0;0;0;0;0;0;0;0;0;-3,810725500000000;-38,586254500000000
335153;3;9;2018;20:46;0;RUA PDE PEDRO DE ALENCAR;;;1620;;Colis?â?úo;;;;Meio de Quadra;;;0;1;1;1;0;0;0;0;0;1;0;0;-3,842251000000000;-38,494322000000000
331532;3;9;2018;03:34;0;AV JOSE BASTOS;;;2792;;Colis?â?úo;;;;Meio de Quadra;;;1;1;1;1;0;0;0;0;0;1;0;0;-3,745156500000000;-38,545578999000000
331533;3;9;2018;02:25;0;AV JOVITA FEITOSA;;;447;;Queda;;;;Meio de Quadra;;;0;1;0;0;0;0;0;0;0;1;0;0;-3,738064834000000;-38,547855861000000
331529;3;9;2018;18:40;0;RUA ISRAEL BEZERRA;;;0;;Colis?â?úo Lateral;Via Iluminada;Bom;Seca;;;;0;1;1;1;0;0;0;0;0;0;0;0;;
331526;3;9;2018;22:23;0;RUA POMPILIO GOMES;;;736;;Colis?â?úo Frontal;Via Iluminada;Bom;Seca;Meio de Quadra;N?â?úo H?â?í Controle;Residencial;0;1;1;0;0;0;0;0;1;1;0;0;;
332784;3;9;2018;14:55;0;AV DR SILAS MUNGUBA;;;2741;;Colis?â?úo Traseira;Luz do Dia;Bom;Seca;Meio de Quadra;N?â?úo H?â?í Controle;Comercial;0;0;2;0;0;0;0;0;0;1;0;0;-3,786702600000000;-38,549316000000000
332785;3;9;2018;14:36;0;RUA D PQ SAO JOAO;AV PRS COSTA E SILVA;;0;;Colis?â?úo Lateral;Luz do Dia;Bom;Seca;Cruz;Sem?â?íforo;Residencial;0;0;2;1;0;0;0;0;0;0;0;0;-3,821534200000000;-38,555702000000000
332786;3;9;2018;13:55;3787;RUA PDE FRANCISCO PINTO;RUA NOSSA SRA REMEDIOS;;0;;Colis?â?úo Lateral;Luz do Dia;Bom;Seca;T;Pare;Residencial;0;1;2;1;0;0;0;0;0;1;0;0;-3,743929000000000;-38,539539000000000
332787;3;9;2018;16:41;13143;AV D CJ JOSE WALTER;RUA 41 CJ JOSE WALTER;;1;HOSP. GONZAGUINHA;Colis?â?úo Lateral;Luz do Dia;Bom;Seca;Cruz;Pare;Comercial;0;0;2;1;0;0;0;0;0;1;0;0;-3,830940000000000;-38,557966000000000
332788;3;9;2018;18:28;0;RUA BERNARDO MANUEL;;;8129;;Colis?â?úo Traseira;Anoitecer;Bom;Seca;Meio de Quadra;N?â?úo H?â?í Controle;Residencial;0;1;2;1;0;0;0;0;0;0;0;0;-3,790536600000000;-38,548880000000000
332789;3;9;2018;19:41;0;AV PINTO BANDEIRA D56;;;649;;Engavetamento;Via Iluminada;Bom;Seca;Rotat?â??ria;D?â?¬ Prefer?â?¬ncia;Comercial;0;0;3;1;0;0;0;0;0;0;0;0;-3,776548100000000;-38,487614000000000
332790;3;9;2018;19:10;0;AV GODOFREDO MACIEL;;;922;;Colis?â?úo Lateral;Via Iluminada;Bom;Seca;Meio de Quadra;Sem?â?íforo;Comercial;0;0;1;1;0;0;0;0;0;0;0;0;-3,784881400000000;-38,566483000000000
332791;3;9;2018;21:25;5396;RUA SEN POMPEU;RUA GAL CLARINDO DE QUEIROZ;;0;;Colis?â?úo Lateral;Via Iluminada;Bom;Seca;Cruz;Sem?â?íforo;Comercial;0;0;2;1;0;0;0;0;0;0;0;0;-3,732353000000000;-38,531279000000000
332792;3;9;2018;20:00;0;AV ENG HUMBERTO MONTE;;;0;;Colis?â?úo Traseira;Via Iluminada;Bom;Seca;Meio de Quadra;N?â?úo H?â?í Controle;Comercial;0;0;2;0;1;0;0;0;0;0;0;0;-3,737221200000000;-38,569195000000000
332780;3;9;2018;07:57;0;AV SGT HERMINIO SAMPAIO;;;2660;;Colis?â?úo Traseira;Luz do Dia;Bom;Seca;Meio de Quadra;D?â?¬ Prefer?â?¬ncia;Comercial;0;1;3;1;0;0;0;0;0;1;0;0;-3,727040800000000;-38,564075000000000
332781;3;9;2018;08:20;0;RUA BAR ARACATI;;;1363;;Colis?â?úo Lateral;Luz do Dia;Bom;Seca;Meio de Quadra;N?â?úo H?â?í Controle;Comercial;0;0;2;1;0;0;0;0;0;0;0;0;-3,733591300000000;-38,512146000000000
332782;3;9;2018;11:26;0;AV PRS COSTA E SILVA;;;6390;;Colis?â?úo Traseira;Luz do Dia;Bom;Seca;Y;D?â?¬ Prefer?â?¬ncia;Comercial;0;0;1;0;0;0;0;0;0;0;0;0;-3,700171700000000;-38,587105000000000
331809;3;9;2018;06:25;0;RUA NESTOR BARBOSA;;;612;;Atropelamento;Luz do Dia;;;Meio de Quadra;;;1;0;1;1;0;0;0;0;0;0;0;0;-3,744980532000000;-38,560014839000000
333548;3;9;2018;18:00;0;RUA SEN POMPEU;;;0;;Colis?â?úo;Anoitecer;;;Meio de Quadra;;;0;1;0;1;0;0;0;0;0;0;0;0;;
333545;3;9;2018;18:30;23784;RUA RAIMUNDO NERY;RUA MON AGOSTINHO;;0;;Colis?â?úo;Anoitecer;;;Cruz;N?â?úo H?â?í Controle;Residencial;0;1;1;0;0;0;0;0;0;1;0;0;-3,792435000000000;-38,587155000000000
333602;4;9;2018;10:00;0;AV MAE LISBOA;;;2500;;Atropelamento;Luz do Dia;;;Meio de Quadra;;;0;1;1;0;0;0;0;0;0;0;0;0;-3,806975000000000;-38,458283000000000
333603;4;9;2018;21:28;0;AV JOSE BASTOS;;;3250;;Colis?â?úo;;;;Meio de Quadra;;;0;1;0;1;0;0;0;0;0;1;0;0;-3,748371500000000;-38,548835000000000
332793;4;9;2018;05:34;1238;RUA ILDEFONSO ALBANO;AV SANTOS DUMONT;;0;;Colis?â?úo Transversal;Amanhecer;Bom;Seca;Cruz;Sem?â?íforo;Comercial;0;1;1;1;1;0;0;0;0;0;0;0;-3,731565000000000;-38,512669000000000
332794;4;9;2018;06:39;1469;AV SEN VIRGILIO TAVORA;RUA DES LEITE ALBUQUERQUE;;0;;Colis?â?úo Transversal;Luz do Dia;Bom;Seca;Cruz;Sem?â?íforo;Comercial;0;1;2;1;0;0;0;0;0;1;0;0;-3,738810000000000;-38,493796000000000
332795;4;9;2018;08:09;0;AV BORGES DE MELO;;;877;;Colis?â?úo Lateral;Luz do Dia;Bom;Seca;T;Pare;Residencial;0;0;2;1;0;0;0;0;0;0;0;0;-3,760665400000000;-38,526867000000000
332796;4;9;2018;08:07;0;RUA MOURA MATOS;AV DO PASSARE;;1242;;Colis?â?úo Lateral;Luz do Dia;Bom;Seca;;;;0;1;2;1;0;0;0;0;0;1;0;0;-3,816111000000000;-38,539390000000000
332797;4;9;2018;09:26;23591;AV ENG SANTANA JUNIOR;RUA ISRAEL BEZERRA;;0;;Engavetamento;Luz do Dia;Bom;Seca;Meio de Quadra;N?â?úo H?â?í Controle;Comercial;0;0;3;1;0;0;0;0;0;0;0;0;-3,751428000000000;-38,490505000000000
332798;4;9;2018;08:38;0;AV DEP PAULINO ROCHA;;;0;;Atropelamento;Luz do Dia;Bom;Seca;Meio de Quadra;N?â?úo H?â?í Controle;Escola;0;2;0;0;0;0;0;0;0;1;0;0;-3,809363600000000;-38,522663000000000
332799;4;9;2018;07:30;7762;AV ANTONIO SALES;RUA NUNES VALENTE;;0;;Colis?â?úo Transversal;Luz do Dia;Bom;Seca;Cruz;Pare;Residencial;0;0;2;1;0;0;0;0;0;0;0;0;-3,744237000000000;-38,506314000000000
332800;4;9;2018;13:19;0;AV DEP PAULINO ROCHA;;;1601;;Colis?â?úo Traseira;Luz do Dia;Bom;Seca;Meio de Quadra;N?â?úo H?â?í Controle;Comercial;0;0;2;1;1;0;0;0;0;0;0;0;-3,811508200000000;-38,510940000000000
332801;4;9;2018;13:34;20042;AV DEP PAULINO ROCHA;AV ALBERTO CRAVEIRO;;0;;Colis?â?úo Traseira;Luz do Dia;Bom;Seca;Rotat?â??ria;D?â?¬ Prefer?â?¬ncia;Lazer;0;1;1;1;0;0;0;0;0;1;0;0;-3,807229000000000;-38,524782000000000
332802;4;9;2018;09:59;0;RUA DR JOAO MOREIRA;;;181;;Atropelamento;Luz do Dia;Bom;Seca;Meio de Quadra;N?â?úo H?â?í Controle;Comercial;0;1;1;0;0;0;0;0;0;1;0;0;-3,723008400000000;-38,526268000000000
332803;4;9;2018;13:47;24386;RUA JORGE ACURCIO;RUA HELVECIO MONTE;;0;;Colis?â?úo Transversal;Luz do Dia;Bom;Seca;Cruz;Pare;Residencial;0;2;0;1;0;0;0;0;1;0;0;0;-3,767555000000000;-38,532685000000000
332804;4;9;2018;18:32;0;AV JOSE LEON;AV DES GONZAGA;;762;;Colis?â?úo Transversal;Anoitecer;Bom;Seca;;;;0;1;1;1;0;0;0;0;0;1;0;0;-3,786862400000000;-38,504750000000000
332805;4;9;2018;19:30;0;NULL;;;0;;Colis?â?úo Lateral;Via Iluminada;Bom;Seca;Meio de Quadra;Sem?â?íforo;Comercial;0;1;1;1;0;0;0;0;0;1;0;0;-3,741296800000000;-38,538776000000000
332806;4;9;2018;21:21;0;RUA AMAZONAS;RUA PAPI JUNIOR;;393;;Queda;Anoitecer;Bom;Seca;;;;0;2;0;0;0;0;0;0;0;1;0;0;-3,755424500000000;-38,560867000000000
331534;4;9;2018;06:00;154;RUA ANARIO BRAGA;RUA TOMAS RODRIGUES;;0;;Colis?â?úo Lateral;Luz do Dia;Bom;Seca;Cruz;Pare;Residencial;0;2;1;0;0;0;0;1;0;1;0;0;-3,736531000000000;-38,594415000000000
335182;4;9;2018;07:04;0;AV DR SILAS MUNGUBA;;;0;;Atropelamento;Luz do Dia;;;Meio de Quadra;;;0;1;1;0;0;0;0;0;0;1;0;0;;
335183;4;9;2018;07:25;0;RUA MARIO MAMEDE;;;856;;Colis?â?úo;Luz do Dia;;;Meio de Quadra;;;0;1;1;1;0;0;0;0;0;1;0;0;-3,752164000000000;-38,528063000000000
335184;4;9;2018;07:25;347;RUA PRO COSTA MENDES;RUA FRANCISCA CLOTILDE;;0;;Colis?â?úo;Luz do Dia;;;Cruz;Pare;Comercial;0;1;1;1;0;1;0;0;0;0;0;0;-3,746335000000000;-38,556137000000000