COD_ACIDENTE;DIA;MES;ANO;HORA;INTERSECAO;LOG1;LOG2;LOG3;NUMERO;REFERENCIA;NATUREZA;ILUMINACAO;TEMPO;SUPERFICIEPISTA;TIPOCRUZAMENTO;CONTROLETRAFEGO;USOSOLO;MORTOS;FERIDOS;ILESOS;AUTOMOVEL;ONIBUS;BICICLETA;CAMINHAO;MICROONIBUS;CICLOMOTOR;MOTOCICLETA;TRACAOANIMAL;TREM;LATITUDE;LONGITUDE
335185;4;9;2018;07:42;1520;RUA NUNES VALENTE;AV JULIO VENTURA;;0;;Colis?â?úo;Luz do Dia;;;Cruz;Pare;Comercial;0;3;0;0;0;0;0;0;0;1;0;0;-3,740301000000000;-38,505037000000000
335276;4;9;2018;09:12;0;AV SEN CARLOS JEREISSATI (AEROPORTO);;;0;;Colis?â?úo;Luz do Dia;;;Meio de Quadra;;;0;1;1;1;0;1;0;0;0;0;0;0;;
335280;4;9;2018;10:14;0;LOGRADOURO SEM NOME;;;0;;Queda;Luz do Dia;;;Meio de Quadra;;;0;1;0;0;0;1;0;0;0;0;0;0;;
335281;4;9;2018;11:22;0;AV PRO GOMES DE MATOS;;;189;;Atropelamento;Luz do Dia;;;Meio de Quadra;;;0;1;1;1;0;0;0;0;0;0;0;0;-3,756154750000000;-38,541325083000000
335227;4;9;2018;08:33;0;RUA JOSE TEIXEIRA COSTA;;;643;;Queda;Luz do Dia;;;Meio de Quadra;;;0;1;0;0;0;0;0;0;0;1;0;0;;
335482;4;9;2018;17:45;3317;RUA CHILE;RUA MARIO DE ANDRADE;;0;;Colis?â?úo;Anoitecer;;;;;;0;2;0;0;0;0;0;0;0;0;0;0;-3,746649000000000;-38,565813000000000
335484;4;9;2018;17:52;0;AV WENEFRIDO MELO;;;339;;Colis?â?úo;Anoitecer;;;Meio de Quadra;;;0;1;1;0;0;0;1;0;0;1;0;0;-3,810638708000000;-38,575974525000000
335560;4;9;2018;19:21;12674;AV CEL CARVALHO;RUA GUILHERME MENDES;;0;;Colis?â?úo;;;;Cruz;Pare;Comercial;0;2;0;0;0;0;0;1;0;1;0;0;-3,720651000000000;-38,587094000000000
335537;4;9;2018;18:44;15203;RUA DEP MOREIRA DA ROCHA;RUA MON BRUNO;;0;;Colis?â?úo;;;;Cruz;Pare;Residencial;0;1;1;1;0;0;0;0;0;1;0;0;-3,726659000000000;-38,507591000000000
335546;4;9;2018;18:58;0;AV OLAVO BILAC;;;1280;;Colis?â?úo;;;;Meio de Quadra;;;0;1;1;1;0;0;0;0;0;1;0;0;-3,731875000000000;-38,564604000000000
335586;4;9;2018;19:39;23770;RUA LINS DO REGO;RUA COSTA FREIRE;;0;;Colis?â?úo;;;;Cruz;Pare;Residencial;0;1;1;1;0;0;0;0;0;1;0;0;-3,783248000000000;-38,576684000000000
335584;4;9;2018;19:37;0;AV ENG LEAL LIMA VERDE (SAPIRANGA/COITE);;;2284;;Atropelamento;;;;Meio de Quadra;;;0;2;0;0;0;0;0;0;0;1;0;0;-3,809967300000000;-38,474620300000000
335589;4;9;2018;20:25;0;AV BEZERRA DE MENEZES;;;0;;Atropelamento;;;;Meio de Quadra;;;0;2;0;0;0;0;0;0;0;1;0;0;;
335590;4;9;2018;20:45;0;AV A CJ JOSE WALTER;;;650;;Queda;;;;Meio de Quadra;;;0;1;0;0;0;0;0;0;0;1;0;0;-3,824232590000000;-38,556196214000000
335573;4;9;2018;19:32;3860;AV DA UNIVERSIDADE;AV 13 DE MAIO;;0;;Colis?â?úo;;;;Cruz;Sem?â?íforo;Comercial;0;1;1;0;0;0;0;0;0;0;0;0;-3,740962000000000;-38,539107000000000
335302;4;9;2018;13:47;25794;AV GAL OSORIO DE PAIVA;RUA ARRUDA CAMARA;;0;;Colis?â?úo;Luz do Dia;;;T;Pare;Misto;0;1;1;1;0;0;0;0;0;1;0;0;-3,787750000000000;-38,585476000000000
335322;4;9;2018;17:36;0;RD BR 116;;;0;VIADUTO AEROLANDIA;Colis?â?úo Traseira;Anoitecer;;;Meio de Quadra;;;0;1;1;0;0;0;0;0;0;1;0;0;-3,770905000000000;-38,516890000000000
335305;4;9;2018;13:58;0;AV WASHINGTON SOARES;;;0;;Atropelamento;Luz do Dia;;;Meio de Quadra;;;0;1;1;1;0;0;0;0;0;0;0;0;;
335314;4;9;2018;14:36;0;AV AGUANAMBI;;;278;ROTAT?âÔÇ£RIA;Colis?â?úo;Luz do Dia;;;Meio de Quadra;;;0;2;0;1;0;0;0;0;0;1;0;0;-3,739265833000000;-38,524756375000000
335318;4;9;2018;14:41;299;RUA PEDRO DE QUEIROZ;RUA NELSON MACHADO;;0;;Colis?â?úo;Luz do Dia;;;Cruz;Pare;Residencial;0;2;0;0;0;0;0;0;0;1;0;0;-3,743325000000000;-38,559081000000000
335320;4;9;2018;17:28;0;AV ZEZE DIOGO;;;0;;Colis?â?úo;Anoitecer;;;Meio de Quadra;;;0;1;1;1;0;1;0;0;0;0;0;0;;
335291;4;9;2018;11:57;0;AV PRS CASTELO BRANCO;;;0;;Colis?â?úo;Luz do Dia;;;Meio de Quadra;;;0;1;1;0;0;0;1;0;0;1;0;0;;
335292;4;9;2018;12:35;0;AV FRANCISCO SA;;;0;;Colis?â?úo;Luz do Dia;;;Meio de Quadra;;;0;1;1;1;0;0;0;0;0;1;0;0;;
335293;4;9;2018;13:08;0;AV DA INDEPENDENCIA;;;1520;;Colis?â?úo;Luz do Dia;;;Meio de Quadra;;;0;1;1;1;0;0;0;0;0;1;0;0;-3,725965000000000;-38,594280000000000
335294;4;9;2018;13:28;0;AV DOLOR BARREIRA;;;510;;Queda;Luz do Dia;;;Meio de Quadra;;;0;1;0;0;0;1;0;0;0;0;0;0;-3,729389000000000;-38,472560000000000
335297;4;9;2018;13:45;0;AV AUGUSTO DOS ANJOS;;;929;;Colis?â?úo;Luz do Dia;;;Meio de Quadra;;;0;1;1;1;0;0;0;0;0;1;0;0;-3,775774000000000;-38,575289000000000
335631;4;9;2018;22:38;0;RUA ANTONIO PEREIRA;;;546;;Queda;;;;Meio de Quadra;;;0;1;0;0;0;1;0;0;0;0;0;0;-3,832785800000000;-38,565395600000000
336262;4;9;2018;14:50;0;LOGRADOURO SEM NOME;;;0;;Atropelamento;Luz do Dia;;;Meio de Quadra;;;0;1;1;0;0;0;0;0;0;0;0;0;;
336265;5;9;2018;11:30;0;RUA CEL MATOS DOURADO;;;169;;Colis?â?úo;Luz do Dia;;;Meio de Quadra;;;0;1;1;0;0;0;0;0;1;0;0;0;-3,740416706000000;-38,585251588000000
336269;5;9;2018;17:20;0;AV WASHINGTON SOARES;;;5353;;Colis?â?úo;Anoitecer;;;Meio de Quadra;;;0;1;1;1;0;0;0;0;0;0;0;0;-3,806996000000000;-38,479049000000000
335974;5;9;2018;14:41;0;RUA JOAQUIM FROTA;;;579;;Queda;Luz do Dia;;;Meio de Quadra;;;0;1;0;0;0;0;0;0;0;1;0;0;-3,801488500000000;-38,473700250000000
335975;5;9;2018;16:35;25574;RUA AZEVEDO BOLAO;AV ENG HUMBERTO MONTE;;0;;Colis?â?úo;Luz do Dia;;;T;Pare;Comercial;0;2;0;0;0;0;0;0;0;1;0;0;-3,738942000000000;-38,568895000000000
335971;5;9;2018;14:29;0;RUA JOAO GENTIL;;;0;;Atropelamento;Luz do Dia;;;Meio de Quadra;;;0;1;1;0;0;0;0;0;0;1;0;0;;
335977;5;9;2018;17:00;0;AV BORGES DE MELO;;;0;;Colis?â?úo;Anoitecer;;;Meio de Quadra;;;0;1;1;1;0;0;0;0;0;1;0;0;;
335963;5;9;2018;13:01;0;RUA MARTINS CARVALHO;;;4374;;Queda;Luz do Dia;;;Meio de Quadra;;;0;1;0;0;0;0;0;0;0;1;0;0;-3,788497450000000;-38,627714000000000
335964;5;9;2018;13:07;0;RUA SAGRADA FAMILIA D-46;;;42;;Colis?â?úo;Luz do Dia;;;Meio de Quadra;;;0;1;1;1;0;0;0;0;0;1;0;0;-3,780573175000000;-38,513525922000000
335965;5;9;2018;13:08;0;RD BR 116;;;15000;KM-15;Colis?â?úo;Luz do Dia;;;Meio de Quadra;;;0;1;1;0;0;0;0;0;0;0;0;0;-3,882329000000000;-38,501113000000000
335966;5;9;2018;13:55;0;RUA ALBERTO DE OLIVEIRA;;;1680;;Colis?â?úo;Luz do Dia;;;Meio de Quadra;;;0;1;1;1;0;0;0;0;0;1;0;0;-3,717304000000000;-38,579012000000000
335981;5;9;2018;17:07;0;AV JOR JOAO RAMOS;;;815;;Colis?â?úo;Anoitecer;;;Meio de Quadra;;;0;1;1;0;0;0;0;0;0;1;0;0;;
335982;5;9;2018;17:24;0;RUA RIO GRANDE DO NORTE;;;11;;Colis?â?úo;Anoitecer;;;Meio de Quadra;;;0;1;1;1;0;0;0;0;0;1;0;0;-3,757014282000000;-38,570045154000000
335983;5;9;2018;18:12;13939;RUA VER PEDRO PAULO MOREIRA;RUA HONORIO VIEIRA;;0;;Colis?â?úo;Anoitecer;;;Cruz;Gesto;Residencial;0;1;1;0;0;0;0;0;0;0;0;0;-3,787289000000000;-38,486544000000000
335984;5;9;2018;18:48;0;AV BORGES DE MELO;;;910;;Atropelamento;;;;Meio de Quadra;;;0;1;1;1;0;0;0;0;0;0;0;0;-3,760613000000000;-38,526753000000000
335985;5;9;2018;19:30;0;AV ODILON GUIMARAES;;;1433;;Colis?â?úo;;;;Meio de Quadra;;;0;1;1;1;0;0;0;0;0;1;0;0;-3,825270000000000;-38,479229000000000
335986;5;9;2018;20:34;0;AV PRO JOSE ARTHUR CARVALHO;;;2174;;Colis?â?úo;;;;Meio de Quadra;;;0;1;1;0;0;1;0;0;0;1;0;0;-3,824746099000000;-38,460184588000000
335987;5;9;2018;21:19;0;AV DEP PAULINO ROCHA;;;0;ROTAT?âÔÇ£RIA;Colis?â?úo;;;;Meio de Quadra;;;0;1;1;1;0;0;0;0;0;1;0;0;;
335988;5;9;2018;21:37;0;RUA BALDUINO FREIRE;;;0;;Colis?â?úo;;;;Meio de Quadra;;;0;2;0;0;0;0;0;0;0;1;0;0;;
335636;5;9;2018;00:00;0;LOGRADOURO SEM NOME;;;0;;Colis?â?úo;;;;Meio de Quadra;;;0;1;1;1;0;1;0;0;0;0;0;0;;
335642;5;9;2018;06:10;2764;RUA VALDEMAR PAES;RUA GERALDO BARBOSA;;0;;Queda;Luz do Dia;;;Cruz;N?â?úo H?â?í Controle;Misto;0;1;0;0;0;0;0;0;0;1;0;0;-3,792107000000000;-38,601393000000000
335639;5;9;2018;03:28;0;AV JOAO PESSOA;;;6217;;Queda;;;;Meio de Quadra;;;0;1;0;0;0;0;0;0;0;1;0;0;-3,764612000000000;-38,558729000000000
335646;5;9;2018;06:33;0;AV SEN CARLOS JEREISSATI (AEROPORTO);;;0;;Colis?â?úo;Luz do Dia;;;Meio de Quadra;;;0;1;1;0;0;0;0;0;0;0;0;0;;
335653;5;9;2018;06:55;23246;RUA URUCUTUBA;ET DO JATOBA;;0;;Colis?â?úo;Luz do Dia;;;Cruz;N?â?úo H?â?í Controle;Rural;0;3;0;0;0;0;0;0;0;0;0;0;-3,798271000000000;-38,626914000000000
335665;5;9;2018;06:59;0;RUA VALPARAISO;;;1328;;Colis?â?úo;Luz do Dia;;;Meio de Quadra;;;0;2;0;1;0;0;0;0;0;1;0;0;-3,840543570000000;-38,530249133000000
335715;5;9;2018;07:50;0;AV PRO GOMES DE MATOS;;;1617;;Colis?â?úo;Luz do Dia;;;Meio de Quadra;;;0;1;1;1;0;0;0;0;0;1;0;0;-3,765900200000000;-38,549690600000000
335705;5;9;2018;07:16;0;AV CONTORNO LESTE;;;1076;;Colis?â?úo;Luz do Dia;;;Meio de Quadra;;;0;1;1;1;0;0;0;0;0;1;0;0;;
335717;5;9;2018;07:57;0;RUA EQUADOR;;;812;;Colis?â?úo;Luz do Dia;;;Meio de Quadra;;;0;1;1;1;0;0;0;0;0;1;0;0;-3,774440000000000;-38,552600000000000
335718;5;9;2018;08:15;0;AV BEZERRA DE MENEZES;;;334;;Queda;Luz do Dia;;;Meio de Quadra;;;0;1;0;0;0;0;0;0;0;1;0;0;-3,732209000000000;-38,547776000000000
335719;5;9;2018;08:18;0;RUA MARIA GOMES DE SA;;;1890;;Queda;Luz do Dia;;;Meio de Quadra;;;0;1;0;0;0;0;0;0;0;1;0;0;-3,821854000000000;-38,585268000000000
335889;5;9;2018;09:22;26236;RUA BERNARDO MANUEL;AV DR SILAS MUNGUBA;;0;;Colis?â?úo;Luz do Dia;;;Cruz;Sem?â?íforo;Comercial;0;1;1;1;0;0;0;0;0;1;0;0;-3,787538000000000;-38,547960000000000
335893;5;9;2018;09:25;0;AV PRS COSTA E SILVA;;;901;;Colis?â?úo;Luz do Dia;;;Meio de Quadra;;;0;1;1;0;0;0;0;0;0;1;0;0;-3,812951188000000;-38,571267250000000
335899;5;9;2018;09:34;1939;RUA CRUZEIRO D69;RD BR 116;;0;;Atropelamento;Luz do Dia;;;;;;0;1;1;1;0;0;0;0;0;0;0;0;-3,868999000000000;-38,497973000000000
335902;5;9;2018;09:39;0;RUA STA ELISA D21;;;673;;Colis?â?úo;Luz do Dia;;;Meio de Quadra;;;0;1;1;1;0;0;0;0;0;1;0;0;-3,706748000000000;-38,558999000000000
335903;5;9;2018;09:43;19599;RUA NEREU RAMOS;RUA MONACO;;0;;Queda;Luz do Dia;;;Cruz;Pare;Comercial;0;2;0;0;0;0;0;0;0;1;0;0;-3,786229000000000;-38,569609000000000
335905;5;9;2018;10:29;0;AV WASHINGTON SOARES;;;9446;;Queda;Luz do Dia;;;Meio de Quadra;;;0;2;0;0;0;0;0;0;0;1;0;0;-3,833810000000000;-38,482579000000000
335907;5;9;2018;12:10;7497;RUA PEDRO DANTAS;RUA BOA VENTURA;;0;;Colis?â?úo;Luz do Dia;;;Cruz;Pare;Residencial;0;1;1;1;0;0;0;0;0;1;0;0;-3,785562000000000;-38,523885000000000
335869;5;9;2018;08:24;0;RUA GUANABARA;;;253;;Atropelamento;Luz do Dia;;;Meio de Quadra;;;0;1;1;1;0;0;0;0;0;0;0;0;-3,754507128000000;-38,567475077000000
335876;5;9;2018;09:11;0;AV ALBERTO CRAVEIRO;;;0;;Queda;Luz do Dia;;;Meio de Quadra;;;0;1;0;0;0;0;0;0;0;1;0;0;;
335880;5;9;2018;09:19;5149;RUA LIBERATO BARROSO;RUA COS ESTELITA;;0;;Colis?â?úo;Luz do Dia;;;Cruz;Pare;Misto;0;1;1;1;0;0;0;0;0;1;0;0;-3,724803000000000;-38,539626000000000
331524;5;9;2018;15:02;15623;RUA VICENTE NOBRE MACEDO;RUA VASCO DE ATAIDE;;0;;Colis?â?úo Transversal;Luz do Dia;;;Cruz;Gesto;Residencial;1;0;1;0;0;0;1;0;0;1;0;0;-3,824367000000000;-38,484238000000000
331546;5;9;2018;10:30;732;AV DR THEBERGE;RUA DOM JOSE TUPINAMBA;;0;;Colis?â?úo Transversal;Luz do Dia;Bom;Seca;T;Pare;Comercial;0;0;2;0;0;0;0;0;0;1;0;0;-3,713762000000000;-38,564669000000000
331556;5;9;2018;14:00;19409;AV AUGUSTO DOS ANJOS;RUA FRE SERAFIM;;0;;Colis?â?úo Transversal;Luz do Dia;Bom;Seca;T;Pare;Comercial;0;0;2;1;0;0;1;0;0;0;0;0;-3,778743000000000;-38,577900000000000
331557;5;9;2018;22:30;0;AV AUGUSTO DOS ANJOS;;;491;;Colis?â?úo;Via Iluminada;Nublado;Seca;Meio de Quadra;Outros;Comercial;0;1;1;0;0;0;0;0;0;1;0;0;-3,773094000000000;-38,572836000000000
332807;5;9;2018;08:10;13772;RUA REV BOLIVAR P BANDEIRA;RUA MON CARNEIRO DA CUNHA;;0;;Colis?â?úo Transversal;Luz do Dia;Chuva;Molhada;Cruz;Pare;Residencial;0;1;1;1;0;0;0;0;0;1;0;0;-3,774960000000000;-38,493828000000000
332808;5;9;2018;10:11;0;RUA DEMETRIO MENEZES;;;266;;Colis?â?úo Traseira;Luz do Dia;Chuva;Molhada;Meio de Quadra;Sem?â?íforo;Comercial;0;0;3;1;0;0;0;0;0;0;0;0;-3,741009700000000;-38,584995000000000
332809;5;9;2018;09:35;0;AV AUGUSTO DOS ANJOS;;;577;;Colis?â?úo;Luz do Dia;Bom;Seca;Meio de Quadra;Sem?â?íforo;Comercial;0;2;1;1;0;0;0;0;0;1;0;0;-3,773617000000000;-38,573128000000000
332812;5;9;2018;12:25;0;AV OLIVEIRA PAIVA;;;0;MERCADINHO S?âãÆO LUIZ;Engavetamento;Luz do Dia;Bom;Seca;Meio de Quadra;N?â?úo H?â?í Controle;Comercial;0;1;2;1;0;0;0;0;0;1;0;0;-3,798469300000000;-38,503506000000000
332813;5;9;2018;13:48;14665;RUA PDE JANUARIO CAMPOS;RUA DES AVELAR;;0;;Colis?â?úo Lateral;Luz do Dia;Bom;Seca;Cruz;Pare;Residencial;0;1;1;1;0;0;0;0;0;1;0;0;-3,794527500000000;-38,489388000000000
332814;5;9;2018;08:30;5098;RUA SEN POMPEU;RUA CASTRO E SILVA;;0;;Colis?â?úo Transversal;Luz do Dia;Bom;Seca;Cruz;Sem?â?íforo;Comercial;0;1;1;1;0;0;0;0;0;1;0;0;-3,723468000000000;-38,528597000000000
332815;5;9;2018;19:37;15315;AV DES MOREIRA;RUA CANUTO DE AGUIAR;;0;;Colis?â?úo Transversal;Via Iluminada;Bom;Seca;Cruz;Sem?â?íforo;Comercial;0;0;2;1;0;0;0;0;0;0;0;0;-3,730308000000000;-38,496432000000000
332816;5;9;2018;20:48;5045;RUA SAO PAULO;AV FILOMENO GOMES;;0;;Colis?â?úo Transversal;Via Iluminada;Bom;Seca;Cruz;Sem?â?íforo;Residencial;0;0;2;1;0;0;0;0;0;0;0;0;-3,721539000000000;-38,541200000000000
332817;5;9;2018;19:24;0;AV SGT HERMINIO SAMPAIO;;;1575;;Colis?â?úo Transversal;Anoitecer;Bom;Seca;Meio de Quadra;;;0;2;1;1;0;0;0;0;0;1;0;0;-3,725327000000000;-38,554665000000000
332818;5;9;2018;19:18;0;AV DR SILAS MUNGUBA;;;2691;;Colis?â?úo Traseira;Via Iluminada;Bom;Seca;Meio de Quadra;N?â?úo H?â?í Controle;Comercial;0;1;1;1;0;0;0;0;0;1;0;0;-3,786696400000000;-38,549606000000000
332819;5;9;2018;20:35;1343;AV SEN VIRGILIO TAVORA;RUA MARCOS MACEDO;;0;;Colis?â?úo Lateral;Via Iluminada;Bom;Seca;Cruz;Sem?â?íforo;Comercial;0;0;2;1;0;0;0;0;0;0;0;0;-3,735843000000000;-38,492845000000000
333604;5;9;2018;16:07;0;AV DOM MANUEL;;;909;;Colis?â?úo;Luz do Dia;;;Meio de Quadra;;;0;1;0;0;0;0;0;0;0;1;0;0;-3,731923200000000;-38,522268960000000
333627;5;9;2018;23:23;0;AV SANTOS DUMONT;;;7800;;Colis?â?úo;;;;Meio de Quadra;;;0;1;1;1;0;0;0;0;0;1;0;0;-3,747363000000000;-38,463794000000000
333624;5;9;2018;12:12;0;RUA EDUARDO PORTO;;;71;;Colis?â?úo;Luz do Dia;;;Meio de Quadra;;;0;1;2;1;0;0;1;0;0;1;0;0;-3,832522277000000;-38,496519213000000
333606;5;9;2018;12:51;0;AV WASHINGTON SOARES;;;5353;;Atropelamento;Luz do Dia;;;Meio de Quadra;;;0;2;1;1;0;0;0;0;0;0;0;0;-3,806996000000000;-38,479049000000000
333690;6;9;2018;10:05;0;AV JOAO PESSOA;;;3486;;Colis?â?úo;Luz do Dia;;;Meio de Quadra;;;0;1;2;0;0;0;0;0;0;1;0;0;-3,745480000000000;-38,543300000000000
332823;6;9;2018;05:43;25058;AV AUGUSTO DOS ANJOS;RUA VITAL BRASIL;;0;;Atropelamento;Amanhecer;Nublado;Seca;T;N?â?úo H?â?í Controle;Comercial;0;2;1;1;0;0;0;0;0;1;0;0;-3,782734000000000;-38,581387000000000
332825;6;9;2018;09:26;0;RUA BRAZ DE FRANCESCO;;;300;;Atropelamento;Luz do Dia;Bom;Seca;Meio de Quadra;N?â?úo H?â?í Controle;Comercial;0;1;1;1;0;0;0;0;0;0;0;0;-3,734734300000000;-38,567364000000000
332826;6;9;2018;13:47;0;RUA TEN BENEVOLO;;;847;;Choque c/ Obst?â?ículo Fixo;Luz do Dia;Bom;Seca;Meio de Quadra;N?â?úo H?â?í Controle;Comercial;0;0;1;0;0;0;0;0;0;0;0;0;-3,726411600000000;-38,513600000000000
332827;6;9;2018;16:27;0;RUA DEMETRIO MENEZES;;;3700;;Colis?â?úo Traseira;Luz do Dia;Bom;Seca;Meio de Quadra;Sem?â?íforo;Comercial;0;2;1;1;0;0;0;0;1;0;0;0;-3,735962400000000;-38,584198000000000
332828;6;9;2018;19:11;0;AV PRS CASTELO BRANCO;;;3161;;Colis?â?úo;Via Iluminada;Bom;Seca;Meio de Quadra;;;0;3;1;1;0;0;0;0;0;1;0;0;-3,716676000000000;-38,540604000000000
332829;6;9;2018;18:10;0;AV PRS CASTELO BRANCO;;;1550;;Colis?â?úo Lateral;Anoitecer;Bom;Seca;Meio de Quadra;N?â?úo H?â?í Controle;Residencial;0;1;1;0;0;0;0;0;0;1;0;0;-3,716531500000000;-38,540695000000000
332830;6;9;2018;16:34;19138;RUA ALMEIDA PRADO;RUA ARI BARROSO;;0;;Colis?â?úo Transversal;Luz do Dia;Bom;Seca;Cruz;Pare;Comercial;0;0;2;1;0;0;0;0;0;0;0;0;-3,739297000000000;-38,473746000000000
332831;6;9;2018;20:56;0;AV BERNARDO MANUEL;RUA JAPI;;0;;Colis?â?úo Transversal;Via Iluminada;Bom;Seca;Cruz;N?â?úo H?â?í Controle;Comercial;0;0;1;1;0;0;0;0;0;0;0;0;-3,783969200000000;-38,546970000000000
332832;6;9;2018;21:03;9124;AV VIS RIO BRANCO;RUA MON SALAZAR;;0;;Colis?â?úo Lateral;Via Iluminada;Bom;Seca;Cruz;Sem?â?íforo;Comercial;0;0;2;1;0;0;0;0;0;1;0;0;-3,756701000000000;-38,519870000000000
332833;6;9;2018;21:42;5723;AV OLIVEIRA PAIVA;RUA MON ANTERO;;0;;N?â?úo Informado;Mal Iluminada;Bom;Seca;T;Sem?â?íforo;Comercial;0;1;1;1;0;0;0;0;0;1;0;0;-3,795604000000000;-38,493198000000000
332821;6;9;2018;07:05;6577;AV H CJ CEARA;RUA 916 CJ CEARA;;0;;Colis?â?úo Lateral;Luz do Dia;Chuva;Molhada;Duplo T;N?â?úo H?â?í Controle;Residencial;0;3;1;1;0;0;0;0;0;1;0;0;-3,776674000000000;-38,618043000000000
332822;6;9;2018;08:50;0;AV LUCIANO CARNEIRO;;;2282;;Colis?â?úo;Luz do Dia;Bom;Seca;Meio de Quadra;N?â?úo H?â?í Controle;Comercial;0;2;0;0;0;1;0;0;0;1;0;0;-3,768575700000000;-38,537743000000000
331558;6;9;2018;15:00;0;RUA CARLOS AMORA;;;40;;Colis?â?úo;Luz do Dia;Bom;Seca;Meio de Quadra;N?â?úo H?â?í Controle;Comercial;0;1;1;0;0;0;0;0;0;1;0;0;-3,774316500000000;-38,564342000000000
331180;6;9;2018;22:49;0;RUA JOSE AVELINO;;;153;;Atropelamento;;;;Meio de Quadra;;;0;1;0;0;0;0;0;0;0;1;0;0;-3,722212055000000;-38,522139247000000
335989;6;9;2018;07:46;0;AV PRS CASTELO BRANCO;;;4445;;Colis?â?úo;Luz do Dia;;;Meio de Quadra;;;0;1;1;1;0;0;0;0;0;1;0;0;-3,707041800000000;-38,572424900000000
335990;6;9;2018;09:07;0;LOGRADOURO SEM NOME;;;0;;Atropelamento;Luz do Dia;;;Meio de Quadra;;;0;1;1;0;0;0;0;0;0;1;0;0;;
335991;6;9;2018;11:35;17359;AV PRO GOMES DE MATOS;RUA IRM BAZET;;0;;Colis?â?úo;Luz do Dia;;;Cruz;Pare;Comercial;0;2;0;1;0;0;0;0;0;1;0;0;-3,766045000000000;-38,549810000000000
335992;6;9;2018;12:00;17956;RUA EVANDRO LUZ;RUA LICURGO MONTENEGRO;;0;;Colis?â?úo;Luz do Dia;;;Cruz;Pare;Residencial;0;2;1;1;0;0;0;0;0;1;0;0;-3,735464000000000;-38,576893000000000
336008;6;9;2018;12:35;0;RUA M (CJ TUPAMIRIM);;;407;;Colis?â?úo;Luz do Dia;;;Meio de Quadra;;;0;1;1;1;0;0;0;0;0;1;0;0;-3,826814900000000;-38,515986000000000
336020;6;9;2018;12:43;0;AV MR HULL;;;5828;;Colis?â?úo;Luz do Dia;;;Meio de Quadra;;;0;1;1;1;0;1;0;0;0;0;0;0;-3,740485500000000;-38,597204500000000
336021;6;9;2018;13:45;0;RUA PDE GUERRA;;;0;;Atropelamento;Luz do Dia;;;Meio de Quadra;;;0;1;1;1;0;0;0;0;0;0;0;0;;
336022;6;9;2018;14:18;17373;AV PRO GOMES DE MATOS;RUA CEL ALEXANDRINO;;0;;Colis?â?úo;Luz do Dia;;;Cruz;Pare;Comercial;0;1;1;0;0;0;0;0;0;0;0;0;-3,766732000000000;-38,550403000000000
336023;6;9;2018;14:27;0;AV GAL OSORIO DE PAIVA;;;7400;;Colis?â?úo;Luz do Dia;;;Meio de Quadra;;;0;1;1;1;0;0;0;0;0;1;0;0;;
336026;6;9;2018;15:43;0;RUA TEODOMIRO DE CASTRO;;;3988;;Colis?â?úo;Luz do Dia;;;Meio de Quadra;;;0;1;1;1;0;0;0;0;0;1;0;0;-3,720335814000000;-38,569230675000000
336039;6;9;2018;16:42;4319;AV VICENTE DE CASTRO;AV JOSE SABOIA;;0;;Queda;Luz do Dia;;;Cruz;Gesto;Comercial;0;1;0;0;0;0;0;0;0;1;0;0;-3,713785000000000;-38,473200000000000
336040;6;9;2018;16:45;0;RUA OSCAR ARARIPE;;;711;;Colis?â?úo;Luz do Dia;;;Meio de Quadra;;;0;1;1;1;0;0;0;0;0;1;0;0;-3,791645000000000;-38,597876000000000
336044;6;9;2018;17:37;5081;RUA CASTRO E SILVA;RUA VINTE E QUATRO DE MAIO;;0;;Colis?â?úo;Anoitecer;;;Cruz;Sem?â?íforo;Comercial;0;1;1;0;1;0;0;0;0;1;0;0;-3,722746000000000;-38,530653000000000
336045;6;9;2018;18:11;0;RUA JOAO REGINO;;;200;;Colis?â?úo;Anoitecer;;;Meio de Quadra;;;0;2;0;1;0;0;0;0;0;1;0;0;-3,789663000000000;-38,483001000000000
336046;6;9;2018;18:19;0;RUA GAL SAMPAIO;;;1123;;Atropelamento;Anoitecer;;;Meio de Quadra;;;0;1;1;1;0;0;0;0;0;0;0;0;-3,728238272000000;-38,531182657000000
336052;6;9;2018;18:23;0;RUA BERNARDO MANUEL;;;13982;;Atropelamento;Anoitecer;;;Meio de Quadra;;;0;2;0;0;0;0;0;0;0;1;0;0;-3,839851286000000;-38,564190000000000
336053;6;9;2018;18:28;0;AV OLIVEIRA PAIVA;;;202;VIADUTO - BR-116;Colis?â?úo;Anoitecer;;;Meio de Quadra;;;0;1;1;1;0;0;0;0;0;0;0;0;-3,798714000000000;-38,503433000000000
336054;6;9;2018;18:41;0;RUA MARACANA;;;0;;Colis?â?úo;;;;Meio de Quadra;;;0;1;1;1;0;0;0;0;0;1;0;0;;
336055;6;9;2018;18:52;0;AV CASTELO DE CASTRO;;;6556;;Colis?â?úo;;;;Meio de Quadra;;;0;1;1;1;0;0;0;0;0;1;0;0;-3,835280000000000;-38,521560000000000
336056;6;9;2018;19:02;0;AV GAL OSORIO DE PAIVA;;;5030;;Atropelamento;;;;Meio de Quadra;;;0;3;0;0;0;0;0;0;0;1;0;0;-3,802483000000000;-38,599887000000000