COD_ACIDENTE;DIA;MES;ANO;HORA;INTERSECAO;LOG1;LOG2;LOG3;NUMERO;REFERENCIA;NATUREZA;ILUMINACAO;TEMPO;SUPERFICIEPISTA;TIPOCRUZAMENTO;CONTROLETRAFEGO;USOSOLO;MORTOS;FERIDOS;ILESOS;AUTOMOVEL;ONIBUS;BICICLETA;CAMINHAO;MICROONIBUS;CICLOMOTOR;MOTOCICLETA;TRACAOANIMAL;TREM;LATITUDE;LONGITUDE
336058;6;9;2018;19:12;0;RUA POMPILIO GOMES;;;668;;Colis?â?úo;;;;Meio de Quadra;;;0;1;1;1;0;0;0;0;0;1;0;0;-3,812300000000000;-38,520260000000000
336059;6;9;2018;19:29;0;RUA TEODOMIRO DE CASTRO;;;4585;;Atropelamento;;;;Meio de Quadra;;;0;1;1;1;0;0;0;0;0;0;0;0;-3,718209000000000;-38,573357000000000
336060;6;9;2018;19:44;0;RUA PEDRO LOPES D64;;;710;;Queda;;;;Meio de Quadra;;;0;1;0;0;0;1;0;0;0;0;0;0;-3,828953600000000;-38,474429000000000
336062;6;9;2018;21:13;1595;RUA BARBOSA DE FREITAS;RUA GAL TERTULIANO POTYGUARA;;0;;Colis?â?úo;;;;Cruz;Pare;Residencial;0;1;1;1;0;0;0;0;0;1;0;0;-3,743454000000000;-38,499576000000000
336063;6;9;2018;22:40;0;RUA CEARA;;;927;;Atropelamento;;;;Meio de Quadra;;;0;1;1;1;0;0;0;0;0;0;0;0;-3,758965000000000;-38,565718000000000
336036;6;9;2018;16:35;0;RUA BOM JESUS (GRANJA LISBOA);;;1806;;Colis?â?úo;Luz do Dia;;;Meio de Quadra;;;0;1;1;1;0;1;0;0;0;0;0;0;-3,791856683000000;-38,609154195000000
336276;6;9;2018;01:19;0;AV DEP PAULINO ROCHA;;;0;ROTAT?âÔÇ£RIA;Colis?â?úo Lateral;;;;Meio de Quadra;;;0;2;1;1;0;0;0;0;0;1;0;0;;
336103;7;9;2018;17:30;0;AV ZEZE DIOGO;;;0;;Atropelamento;Anoitecer;;;Meio de Quadra;;;0;1;1;1;0;0;0;0;0;0;0;0;;
336139;7;9;2018;23:13;0;AV JOVITA FEITOSA;;;720;;Queda;;;;Meio de Quadra;;;0;1;0;0;0;1;0;0;0;0;0;0;-3,738597750000000;-38,550326000000000
336068;7;9;2018;00:29;0;AV PRS CASTELO BRANCO;;;3336;;Queda;;;;Meio de Quadra;;;0;1;0;0;0;0;0;0;0;1;0;0;-3,710521786000000;-38,560893000000000
336064;7;9;2018;00:08;0;RUA TEN JURANDIR ALENCAR;;;124;;Colis?â?úo;;;;Meio de Quadra;;;0;1;1;1;0;0;0;0;0;1;0;0;-3,831679000000000;-38,494679500000000
336073;7;9;2018;05:50;0;RUA JULIO ALCIDES;;;122;;Colis?â?úo;Amanhecer;;;Meio de Quadra;;;0;2;1;1;0;0;0;0;0;1;0;0;-3,788172364000000;-38,565743961000000
336086;7;9;2018;07:21;0;RUA C (LOT PRQ ARACAPE);;;214;;Queda;Luz do Dia;;;Meio de Quadra;;;0;1;0;0;0;0;0;0;0;1;0;0;;
336087;7;9;2018;09:50;0;RUA MARIA JULIA;;;1277;;Atropelamento;Luz do Dia;;;Meio de Quadra;;;0;1;1;0;0;0;0;0;0;1;0;0;-3,796144200000000;-38,600796600000000
336088;7;9;2018;10:31;0;AV MR HULL;;;5770;;Colis?â?úo Transversal;Luz do Dia;;;Meio de Quadra;;;0;2;1;0;1;0;0;0;0;1;0;0;-3,740236357000000;-38,595499107000000
336071;7;9;2018;00:31;0;RUA TEODOMIRO DE CASTRO;;;4154;;Colis?â?úo;;;;Meio de Quadra;;;0;2;1;0;1;0;0;0;0;1;0;0;-3,719538000000000;-38,570794000000000
336090;7;9;2018;11:27;0;RUA JOAQUIM PINTO;;;182;;Colis?â?úo;Luz do Dia;;;Meio de Quadra;;;0;1;1;1;0;0;0;0;0;1;0;0;-3,717215800000000;-38,566326100000000
336093;7;9;2018;11:49;0;RUA THEOGENES GONDIM;;;855;;Queda;Luz do Dia;;;Meio de Quadra;;;0;1;0;0;0;0;0;0;0;1;0;0;;
336098;7;9;2018;12:50;0;AV JOSE BASTOS;;;5355;;Colis?â?úo;Luz do Dia;;;Meio de Quadra;;;0;2;1;1;0;0;0;0;0;1;0;0;;
336101;7;9;2018;14:23;0;AV ENG HUMBERTO MONTE;;;1981;;Queda;Luz do Dia;;;Meio de Quadra;;;0;1;0;0;0;0;0;0;0;1;0;0;-3,743796000000000;-38,564826000000000
336125;7;9;2018;18:12;1572;AV DES MOREIRA;RUA VICENTE LINHARES;;0;;Colis?â?úo;Anoitecer;;;Cruz;Sem?â?íforo;Comercial;0;1;1;1;0;1;0;0;0;0;0;0;-3,742153000000000;-38,500253000000000
336126;7;9;2018;19:36;0;AV PASTEUR;;;661;;Colis?â?úo;;;;Meio de Quadra;;;0;2;0;1;0;0;0;0;0;1;0;0;-3,711941000000000;-38,559096000000000
336127;7;9;2018;21:05;0;RUA CON DE CASTRO;;;0;;Colis?â?úo;;;;Meio de Quadra;;;0;1;1;1;0;0;0;0;0;1;0;0;;
336128;7;9;2018;22:02;0;RUA PRO GOMES BRASIL;;;555;;Queda;;;;Meio de Quadra;;;0;1;0;0;0;0;0;0;0;1;0;0;;
336129;7;9;2018;22:59;5695;RUA CHICO LEMOS;RUA MARGARIDA DE QUEIROZ;;0;;Colis?â?úo;;;;Cruz;Pare;Residencial;0;1;1;1;0;0;0;0;0;1;0;0;-3,791881000000000;-38,498869000000000
336130;7;9;2018;23:10;13579;RUA FRE BERNARDINO;RUA PRO CARVALHO;;0;;Colis?â?úo;;;;Cruz;Pare;Residencial;0;1;1;1;0;0;0;0;0;1;0;0;-3,750745000000000;-38,515335000000000
331559;7;9;2018;12:40;0;AV AMERICO BARREIRA;;;5355;;Colis?â?úo Lateral;Luz do Dia;Bom;Seca;;;;0;2;0;0;0;0;0;0;0;1;0;0;-3,763519700000000;-38,566176500000000
331560;7;9;2018;14:05;0;AV AUGUSTO DOS ANJOS;;;2089;;Colis?â?úo Traseira;Luz do Dia;Bom;Seca;Meio de Quadra;Outros;Comercial;0;0;2;1;0;0;0;0;0;0;0;0;-3,783820000000000;-38,582329000000000
331564;7;9;2018;06:45;0;AV DEP PAULINO ROCHA;;;2780;;Colis?â?úo Traseira;Luz do Dia;Bom;Seca;Meio de Quadra;Sem?â?íforo;Comercial;0;1;1;1;0;0;0;0;0;1;0;0;-3,809180000000000;-38,520270000000000
332834;7;9;2018;01:03;0;RUA DEMETRIO MENEZES;;;3750;;Colis?â?úo Frontal;Via Iluminada;Bom;Seca;Meio de Quadra;N?â?úo H?â?í Controle;Comercial;0;0;2;1;0;0;0;0;0;1;0;0;-3,737425800000000;-38,585304000000000
332835;7;9;2018;06:16;0;AV 13 DE MAIO;;;1922;;Colis?â?úo Traseira;Luz do Dia;Bom;Seca;Meio de Quadra;Sem?â?íforo;Comercial;0;1;1;1;0;0;0;0;0;1;0;0;-3,745030900000000;-38,534460000000000
332836;7;9;2018;12:53;0;AV DR SILAS MUNGUBA;;;540;DESAFIO JOVEM;Colis?â?úo Lateral;Luz do Dia;Bom;Seca;Cruz;N?â?úo H?â?í Controle;Comercial;0;0;1;1;0;0;0;1;0;0;0;0;-3,779436800000000;-38,560596000000000
332838;7;9;2018;11:00;3788;RUA WALDERY UCHOA;RUA PDE FRANCISCO PINTO;;0;;Colis?â?úo Transversal;Luz do Dia;Bom;Seca;T;Pare;Residencial;0;0;1;1;0;0;0;0;0;1;0;0;-3,744299000000000;-38,539138000000000
332839;7;9;2018;15:55;5490;RUA PDE VALDEVINO;AV DOM MANUEL;;0;;Colis?â?úo Transversal;Luz do Dia;Bom;Seca;Cruz;Sem?â?íforo;Comercial;0;0;1;1;0;0;0;0;0;0;0;0;-3,736873000000000;-38,523967000000000
332840;7;9;2018;19:36;22990;AV DR SILAS MUNGUBA;RUA AMERICO VESPUCIO;;0;;Colis?â?úo Lateral;Via Iluminada;Bom;Seca;Duplo T;Sem?â?íforo;Comercial;0;2;0;0;0;0;0;0;0;1;0;0;-3,786564400000000;-38,549870000000000
332842;7;9;2018;11:51;17513;RUA MANUEL JACARE;AV ABOLICAO;;0;;Colis?â?úo Lateral;Luz do Dia;Bom;Seca;Cruz;Pare;Residencial;0;0;1;0;0;0;0;0;0;0;0;0;-3,726087000000000;-38,487572000000000
333764;7;9;2018;20:50;0;AV BENJAMIM BRASIL;;;0;;Colis?â?úo;;;;Meio de Quadra;;;0;1;1;1;0;0;0;0;0;0;0;0;;
333720;7;9;2018;22:00;0;RUA BENTO ALBUQUERQUE;;;1900;;Colis?â?úo;;;;Meio de Quadra;;;0;1;0;0;0;0;0;0;0;1;0;0;-3,747266000000000;-38,472258000000000
333770;8;9;2018;15:22;11039;RUA PRIMEIRO DE JANEIRO;RUA JOSE MENELEU D41;;0;;Colis?â?úo;Luz do Dia;;;Cruz;Pare;Residencial;0;1;1;0;0;0;0;0;0;1;0;0;-3,786188000000000;-38,561612000000000
332843;8;9;2018;11:04;0;RUA SOBRAL D03;RUA SAO JOSE UI 208;;0;;Colis?â?úo Lateral;Luz do Dia;Bom;Seca;Meio de Quadra;N?â?úo H?â?í Controle;Comercial;0;0;2;1;1;0;0;0;0;0;0;0;-3,725290500000000;-38,523838000000000
332844;8;9;2018;11:15;0;AV DOM MANUEL;;;395;;Colis?â?úo Traseira;Luz do Dia;Bom;Seca;Meio de Quadra;N?â?úo H?â?í Controle;Comercial;0;0;2;1;0;0;0;0;0;0;0;0;-3,727569300000000;-38,520878000000000
332845;8;9;2018;10:50;1566;RUA PDE VALDEVINO;RUA SILVA PAULET;;0;;Colis?â?úo Transversal;Luz do Dia;Bom;Seca;Cruz;Pare;Comercial;0;3;1;0;1;0;0;0;0;0;0;0;-3,741957000000000;-38,507851000000000
332846;8;9;2018;15:55;0;AV DIOGUINHO;;;2305;;Colis?â?úo Traseira;Luz do Dia;Bom;Seca;Meio de Quadra;N?â?úo H?â?í Controle;Lazer;0;0;2;1;0;0;0;0;0;0;0;0;-3,736781800000000;-38,456043000000000
332847;8;9;2018;20:32;1280;RUA ILDEFONSO ALBANO;RUA PINTO MADEIRA;;0;;Colis?â?úo Transversal;Via Iluminada;Bom;Seca;Cruz;Sem?â?íforo;Comercial;0;0;2;1;0;0;0;0;0;0;0;0;-3,733610000000000;-38,513317000000000
332849;8;9;2018;20:12;0;AV ANTONIO SALES;;;1795;;Colis?â?úo Lateral;Via Iluminada;Bom;Seca;Meio de Quadra;N?â?úo H?â?í Controle;Comercial;0;1;1;1;0;0;0;0;0;1;0;0;-3,743622500000000;-38,508022000000000
331565;8;9;2018;13:00;0;AV JOVITA FEITOSA;;;1050;;Engavetamento;Luz do Dia;Bom;Seca;Meio de Quadra;N?â?úo H?â?í Controle;Comercial;0;0;3;1;0;0;0;0;0;0;0;0;-3,739205000000000;-38,553174000000000
331567;8;9;2018;14:50;0;AV HEROIS DO ACRE;;;441;;Choque c/ Obst?â?ículo Fixo;Luz do Dia;Bom;Seca;Meio de Quadra;Outros;Residencial;0;1;0;1;0;0;0;0;0;0;0;0;-3,803165682000000;-38,533188045000000
331544;8;9;2018;14:30;0;RUA BARRA NOVA;;;0;;Atropelamento;Luz do Dia;;;Meio de Quadra;;;1;0;1;1;0;0;0;0;0;0;0;0;;
331613;8;9;2018;19:35;15789;RUA JOAQUIM FELICIO;RUA CEL DIONISIO ALENCAR;;0;;Colis?â?úo Transversal;;;;Cruz;Pare;Residencial;1;1;1;1;0;0;0;0;0;1;0;0;-3,830711000000000;-38,487369000000000
336142;8;9;2018;00:45;0;RUA MAISA;;;570;;Queda;;;;Meio de Quadra;;;0;1;0;0;0;0;0;0;0;1;0;0;-3,848838284000000;-38,526858323000000
336146;8;9;2018;03:33;9072;AV PONTES VIEIRA;AV VIS RIO BRANCO;;0;;Queda;;;;Cruz;Sem?â?íforo;Comercial;0;1;0;0;0;0;0;0;0;1;0;0;-3,753544000000000;-38,520486000000000
336155;8;9;2018;07:40;0;RUA CEL JUSTINO F RAMOS;;;294;;Queda;Luz do Dia;;;Meio de Quadra;;;0;1;0;0;0;0;0;0;0;1;0;0;;
336160;8;9;2018;08:47;0;AV ENG HUMBERTO MONTE;;;0;;Atropelamento;Luz do Dia;;;Meio de Quadra;;;0;1;1;1;0;0;0;0;0;0;0;0;;
336164;8;9;2018;09:15;0;AV ENG LUIS VIEIRA;;;800;;Atropelamento;Luz do Dia;;;Meio de Quadra;;;0;1;1;0;0;0;0;0;0;0;0;0;-3,752929400000000;-38,514241900000000
336165;8;9;2018;09:20;0;RUA EGIDIO DE OLIVEIRA;;;440;;Colis?â?úo;Luz do Dia;;;Meio de Quadra;;;0;1;1;1;0;0;0;0;0;1;0;0;-3,810520000000000;-38,474880000000000
336166;8;9;2018;09:26;0;AV RAD JOSE LIMA VERDE;;;1135;;Colis?â?úo;Luz do Dia;;;Meio de Quadra;;;0;1;1;0;0;0;0;0;0;0;0;0;-3,702568000000000;-38,591295000000000
336167;8;9;2018;10:06;0;AV ALM BARROSO;;;688;;Colis?â?úo;Luz do Dia;;;Meio de Quadra;;;0;1;1;1;0;0;0;0;0;1;0;0;-3,720403000000000;-38,516762000000000
336168;8;9;2018;10:46;0;RUA PRO SOLON FARIAS;;;110;;Colis?â?úo;Luz do Dia;;;Meio de Quadra;;;0;1;1;0;0;0;0;0;0;0;0;0;-3,803687182000000;-38,487527886000000
336169;8;9;2018;12:47;0;AV MR HULL;;;0;;Colis?â?úo;Luz do Dia;;;Meio de Quadra;;;0;1;1;0;0;0;0;0;0;1;0;0;;
336170;8;9;2018;13:36;18688;RUA SAQUAREMA;RUA TEREZA BERNARDO;;0;;Colis?â?úo;Luz do Dia;;;;;;0;1;1;1;0;0;0;0;0;1;0;0;-3,841200000000000;-38,527725000000000
336171;8;9;2018;13:58;0;RUA BERNARDO MANUEL;;;9978;;Colis?â?úo;Luz do Dia;;;Meio de Quadra;;;0;1;1;1;0;1;0;0;0;0;0;0;-3,829706500000000;-38,560720400000000
336186;8;9;2018;14:14;0;RUA DEP MANUEL MATOSO FILHO;;;710;;Colis?â?úo;Luz do Dia;;;Meio de Quadra;;;0;1;1;1;0;0;0;0;0;1;0;0;-3,727682000000000;-38,554564400000000
336187;8;9;2018;14:23;0;RUA CEL FABRICIANO;;;3425;;Atropelamento;Luz do Dia;;;Meio de Quadra;;;0;1;1;0;0;0;0;0;0;1;0;0;-3,779728710000000;-38,618904936000000
336192;8;9;2018;15:18;0;AV MAE LISBOA;;;2429;;Colis?â?úo;Luz do Dia;;;Meio de Quadra;;;0;1;1;0;0;1;0;0;0;0;0;0;-3,806975000000000;-38,458283000000000
336232;8;9;2018;19:41;0;AV SEN CARLOS JEREISSATI (AEROPORTO);;;0;;Atropelamento;;;;Meio de Quadra;;;0;1;1;0;0;0;0;0;0;1;0;0;;
336234;8;9;2018;19:58;0;AV MR HULL;;;0;;Colis?â?úo;;;;Meio de Quadra;;;0;1;1;1;0;0;0;0;0;1;0;0;;
336235;8;9;2018;20:10;0;AV B CJ JOSE WALTER;;;1070;;Queda;;;;Meio de Quadra;;;0;1;0;0;0;0;0;0;0;1;0;0;;
336211;8;9;2018;16:05;6285;AV C CJ CEARA;AV G CJ CEARA;;0;;Colis?â?úo;Luz do Dia;;;T;N?â?úo H?â?í Controle;Residencial;0;1;1;0;0;0;0;0;0;1;0;0;;
336213;8;9;2018;16:44;0;AV DOS EXPEDICIONARIOS;;;4906;;Atropelamento;Luz do Dia;;;Meio de Quadra;;;0;1;1;0;0;0;0;0;0;1;0;0;-3,762316940000000;-38,540400020000000
336215;8;9;2018;18:12;0;AV PRS COSTA E SILVA;;;0;;Queda;Anoitecer;;;Meio de Quadra;;;0;1;0;0;0;0;0;0;0;1;0;0;;
336218;8;9;2018;18:46;0;AV BEIRA MAR;;;2580;;Queda;;;;Meio de Quadra;;;0;1;0;0;0;1;0;0;0;0;0;0;-3,725518000000000;-38,497614000000000
336220;8;9;2018;19:12;16359;RUA DIREITA;RUA CONCEICAO;;0;;Colis?â?úo;;;;;;;0;1;1;1;0;1;0;0;0;0;0;0;-3,837012000000000;-38,578034000000000
336237;8;9;2018;20:50;15748;RUA MANUEL ARRUDA;RUA NOVA QUIETUDE;;0;;Colis?â?úo;;;;Cruz;Pare;Comercial;0;1;1;1;0;0;0;0;0;1;0;0;-3,829155000000000;-38,503137000000000
336239;8;9;2018;20:52;0;RUA FRE ODILON;;;459;;Queda;;;;Meio de Quadra;;;0;1;0;0;0;1;0;0;0;0;0;0;-3,731271200000000;-38,572635500000000
336240;8;9;2018;22:18;5371;RUA GAL CLARINDO DE QUEIROZ;RUA VINTE E QUATRO DE MAIO;;0;;Colis?â?úo;;;;Cruz;Pare;Comercial;0;1;1;0;0;0;0;0;0;0;0;0;-3,731621000000000;-38,533532000000000
336241;8;9;2018;23:23;0;RUA MAL DEODORO;;;0;;Colis?â?úo;;;;Meio de Quadra;;;0;1;1;1;0;0;0;0;0;1;0;0;;
336298;9;9;2018;05:00;0;LOGRADOURO SEM NOME;;;0;;Colis?â?úo;Amanhecer;;;Meio de Quadra;;;0;1;1;1;0;0;0;0;0;0;0;0;;
334966;9;9;2018;22:21;0;AV DES MOREIRA;;;1500;;Queda;;;;Meio de Quadra;;;0;0;1;0;0;0;0;0;0;1;0;0;-3,739184000000000;-38,499298000000000
334964;9;9;2018;22:19;25000;AV DOM MANUEL;RUA COSTA BARROS;;0;;Atropelamento;;;;Cruz;Sem?â?íforo;Comercial;0;1;0;1;0;0;0;0;0;0;0;0;-3,727381000000000;-38,520793000000000
334930;9;9;2018;19:13;0;RUA EMILIO DE MENESES;;;1651;;Colis?â?úo;;;;Meio de Quadra;;;0;1;0;0;0;0;0;0;0;0;0;0;-3,779301451000000;-38,596080930000000
334922;9;9;2018;17:22;23807;AV GAL OSORIO DE PAIVA;RUA LEBOM MAIA;;0;;Colis?â?úo;Anoitecer;;;T;Pare;Comercial;0;1;0;1;0;0;0;0;0;1;0;0;-3,784480000000000;-38,580471000000000
334933;9;9;2018;20:24;0;RUA BOM JESUS (GRANJA LISBOA);;;1742;;Atropelamento;;;;Meio de Quadra;;;0;2;0;0;0;0;0;0;0;1;0;0;-3,787900000000000;-38,621940000000000
334946;9;9;2018;20:42;23851;RUA ARISTIDES BARCELOS;RUA MANUEL RODRIGUES;;0;;Colis?â?úo;;;;;;;0;1;1;0;0;0;0;0;0;1;0;0;;
334957;9;9;2018;22:09;2351;RUA JACAUNA;AV 20 DE JANEIRO;;0;;Atropelamento;;;;Cruz;Pare;Rural;0;1;1;1;0;0;0;0;0;0;0;0;-3,705015000000000;-38,582646000000000
334950;9;9;2018;22:00;0;RUA VILEBALDO AGUIAR;;;105;;Capotamento;;;;Meio de Quadra;;;0;0;1;1;0;0;0;0;0;0;0;0;-3,740692667000000;-38,487342333000000
334914;9;9;2018;17:15;18924;RUA SILVINHA TELES D69;RUA ISMAEL SILVA;;0;;Colis?â?úo;Anoitecer;;;;;;0;1;0;1;0;0;0;0;0;1;0;0;-3,849856000000000;-38,524895000000000
334919;9;9;2018;17:15;0;RUA BAR AQUIRAZ;;;4001;;Colis?â?úo;Anoitecer;;;Meio de Quadra;;;0;1;0;1;0;0;0;0;0;1;0;0;-3,849180000000000;-38,476440000000000
334924;9;9;2018;17:23;0;RUA DEMETRIO MENEZES;;;0;;Colis?â?úo;Anoitecer;;;Meio de Quadra;;;0;1;0;1;0;0;0;0;0;1;0;0;;
334925;9;9;2018;17:31;0;AV GAL OSORIO DE PAIVA;;;3109;;Colis?â?úo;Anoitecer;;;Meio de Quadra;;;0;1;0;1;0;0;0;0;0;1;0;0;-3,789662282000000;-38,587429251000000
334926;9;9;2018;18:26;0;RUA ARAGUAIA (PL. AIRTON SENNA);;;1800;;Atropelamento;Anoitecer;;;Meio de Quadra;;;0;1;0;1;0;0;0;0;0;0;0;0;-3,837300400000000;-38,571119300000000
334927;9;9;2018;18:48;0;RUA ALCIDES GERARDO;;;1141;;Queda;;;;Meio de Quadra;;;0;0;1;0;0;0;0;0;0;1;0;0;-3,843460000000000;-38,529050000000000
334928;9;9;2018;19:05;10046;RUA BRAGANCA;RUA EMILIO DE MENESES;;0;;Atropelamento;;;;Cruz;Sem?â?íforo;Comercial;0;1;0;1;0;0;0;0;0;0;0;0;-3,779277000000000;-38,596166000000000
334907;9;9;2018;07:08;0;AV RAD JOSE LIMA VERDE;;;0;;Queda;Luz do Dia;;;Meio de Quadra;;;0;1;0;0;0;0;0;0;0;1;0;0;;
334908;9;9;2018;09:37;0;AV WASHINGTON SOARES;;;0;;Queda;Luz do Dia;;;Meio de Quadra;;;0;1;0;0;0;1;0;0;0;0;0;0;;
334909;9;9;2018;12:04;0;AV MOZART PINHEIRO DE LUCENA;;;3289;;Colis?â?úo;Luz do Dia;;;Meio de Quadra;;;0;1;0;1;0;0;0;0;0;1;0;0;-3,733331000000000;-38,599864000000000
334911;9;9;2018;12:05;18387;AV SGT HERMINIO SAMPAIO;AV OLAVO BILAC;;0;;Colis?â?úo;Luz do Dia;;;Cruz;Sem?â?íforo;Comercial;0;0;1;1;0;0;0;0;0;1;0;0;-3,727179000000000;-38,565080000000000
334900;9;9;2018;02:44;0;RD BR 116;;;10000;KM-10;Queda;;;;Meio de Quadra;;;0;0;1;0;0;1;0;0;0;0;0;0;-3,834435000000000;-38,503373000000000
334895;9;9;2018;01:08;0;AV B CJ JOSE WALTER;;;460;;Colis?â?úo;;;;Meio de Quadra;;;0;0;1;1;0;0;0;0;0;1;0;0;-3,826078391000000;-38,557315870000000
334896;9;9;2018;02:11;0;AV MAE LISBOA;;;0;;Colis?â?úo;;;;Meio de Quadra;;;0;1;0;1;0;0;0;0;0;0;0;0;;
334903;9;9;2018;03:31;0;RUA FRANCISCO PAIVA;;;275;;Queda;;;;Meio de Quadra;;;0;1;0;0;0;0;0;0;0;1;0;0;-3,783858300000000;-38,611740300000000
334904;9;9;2018;06:38;0;AV ROGACIANO LEITE;;;3090;;Queda;Luz do Dia;;;Meio de Quadra;;;0;1;0;0;0;0;0;0;0;1;0;0;-3,786504000000000;-38,503257500000000
334887;9;9;2018;01:03;0;AV PRS CASTELO BRANCO;;;2345;;Atropelamento;;;;Meio de Quadra;;;1;0;1;1;0;0;0;0;0;0;0;0;-3,713627000000000;-38,548879000000000
332850;9;9;2018;06:30;9257;AV AGUANAMBI;RUA CEL PERGENTINO FERREIRA;;0;;Colis?â?úo Transversal;Luz do Dia;Bom;Seca;Cruz;Sem?â?íforo;Comercial;0;0;1;1;0;0;0;0;0;0;0;0;-3,748634000000000;-38,524049000000000
332851;9;9;2018;11:50;18387;AV SGT HERMINIO SAMPAIO;AV OLAVO BILAC;;0;;N?â?úo Informado;Luz do Dia;Bom;Seca;Cruz;Sem?â?íforo;Comercial;0;0;1;1;0;0;0;0;0;1;0;0;-3,727179000000000;-38,565080000000000
332852;9;9;2018;14:06;0;RUA ANTONIO LIMA;RUA TOMAS POMPEU;;0;;Colis?â?úo Traseira;Luz do Dia;Bom;Seca;Duplo T;N?â?úo H?â?í Controle;Residencial;0;0;2;1;0;0;0;0;0;0;0;0;-3,726180800000000;-38,504616000000000
332853;9;9;2018;16:04;1225;RUA COSTA BARROS;RUA ILDEFONSO ALBANO;;0;;Colis?â?úo Lateral;Luz do Dia;Bom;Seca;Cruz;Sem?â?íforo;Comercial;0;0;2;1;0;0;0;0;0;0;0;0;-3,730135000000000;-38,512227000000000
332854;9;9;2018;18:41;0;AV ALM MAXIMIANO DA FONSECA;RUA AGERSON TABOSA;;0;FACULDADE FA7;Colis?â?úo Transversal;Via Iluminada;Bom;Seca;T;N?â?úo H?â?í Controle;Comercial;0;0;2;1;0;0;0;0;0;0;0;0;-3,771524200000000;-38,482876000000000
332855;9;9;2018;18:20;1538;RUA LEONARDO MOTA;AV PDE ANTONIO TOMAS;;0;;Colis?â?úo Transversal;Luz do Dia;Bom;Seca;Cruz;Sem?â?íforo;Comercial;0;0;2;1;0;0;0;0;0;0;0;0;-3,740811000000000;-38,497662000000000
332856;9;9;2018;19:26;1580;RUA PDE VALDEVINO;RUA NUNES VALENTE;;0;;Colis?â?úo Transversal;Via Iluminada;Bom;Seca;Cruz;Pare;Comercial;0;0;2;1;0;0;0;0;0;0;0;0;-3,742608000000000;-38,505782000000000
332857;9;9;2018;19:15;4193;AV FRANCISCO SA;RUA DOM HELIO CAMPOS D21;;0;;Colis?â?úo Transversal;Via Iluminada;Bom;Seca;T;Sem?â?íforo;Comercial;0;1;1;1;0;0;0;0;0;1;0;0;-3,717711000000000;-38,556428000000000
332871;9;9;2018;21:55;10418;RUA JOSE MENDONCA;AV D CJ CEARA;;0;;Colis?â?úo Lateral;Via Iluminada;Bom;Seca;Y;Sem?â?íforo;Comercial;0;1;1;0;1;0;0;0;0;1;0;0;-3,761731000000000;-38,603056000000000
333863;9;9;2018;03:30;25095;AV MAE LISBOA;AV ENG LEAL LIMA VERDE (SAPIRANGA/COITE);;0;;Colis?â?úo;;;;Cruz;Pare;Comercial;0;1;0;1;0;0;0;0;0;0;0;0;-3,807871000000000;-38,474657000000000
333910;9;9;2018;23:20;0;RUA CON DE CASTRO;;;4500;;Atropelamento;;;;Meio de Quadra;;;0;2;0;0;0;0;0;0;0;1;0;0;-3,804849847000000;-38,591783153000000
333918;10;9;2018;13:55;0;AV JOR THOMAZ COELHO;;;2000;;Colis?â?úo;Luz do Dia;;;Meio de Quadra;;;0;1;0;0;0;0;1;0;0;0;0;0;-3,828450500000000;-38,513423000000000
333920;10;9;2018;11:55;0;AV DOMINGOS OLIMPIO;;;880;;Colis?â?úo;Luz do Dia;;;Meio de Quadra;;;0;1;0;1;0;0;0;0;0;0;0;0;-3,736579000000000;-38,531494000000000
332872;10;9;2018;21:13;0;AV PRS COSTA E SILVA;;;5427;;Colis?â?úo Lateral;Via Iluminada;Bom;Seca;Meio de Quadra;Sem?â?íforo;Comercial;0;1;1;1;0;0;0;0;0;1;0;0;-3,704031200000000;-38,579380000000000
332873;10;9;2018;20:05;21360;RUA PDE GUERRA;RUA JOSE SOMBRA;;0;;Colis?â?úo Transversal;Via Iluminada;Bom;Seca;Cruz;Pare;Residencial;0;1;1;1;0;0;0;0;0;1;0;0;-3,736632000000000;-38,546536000000000
332858;10;9;2018;08:12;0;RUA JOR ANTONIO P TAVARES;;;1227;;Colis?â?úo Transversal;Luz do Dia;Bom;Seca;Cruz;Pare;Residencial;0;1;0;0;0;0;0;0;0;1;0;0;-3,812975400000000;-38,508667000000000
332859;10;9;2018;07:37;14422;AV SGT HERMINIO SAMPAIO;RUA MOZART PINTO;;0;;Colis?â?úo Lateral;Luz do Dia;Bom;Seca;T;Pare;Comercial;0;0;2;1;0;0;0;0;0;1;0;0;-3,724783000000000;-38,551753000000000
332860;10;9;2018;09:11;0;AV DES MOREIRA;;;0;;Colis?â?úo Lateral;Luz do Dia;Bom;Seca;Rotat?â??ria;N?â?úo H?â?í Controle;Comercial;0;0;2;1;0;0;0;0;0;0;0;0;-3,732837400000000;-38,497270000000000
332861;10;9;2018;08:45;0;AV PRS JUSCELINO KUBITSCHEK (PASSAR?âÔÇ?);;;4454;;N?â?úo Informado;Luz do Dia;Bom;Seca;Meio de Quadra;N?â?úo H?â?í Controle;Comercial;0;0;2;0;1;0;0;0;0;0;0;0;-3,821311200000000;-38,535442000000000
332862;10;9;2018;10:13;0;AV DR THEBERGE;RUA ZENILO ALMADA;;0;;Colis?â?úo Traseira;Luz do Dia;Bom;Seca;;;;0;1;2;1;0;0;0;0;0;1;0;0;-3,725537300000000;-38,568283000000000