COD_ACIDENTE;DIA;MES;ANO;HORA;INTERSECAO;LOG1;LOG2;LOG3;NUMERO;REFERENCIA;NATUREZA;ILUMINACAO;TEMPO;SUPERFICIEPISTA;TIPOCRUZAMENTO;CONTROLETRAFEGO;USOSOLO;MORTOS;FERIDOS;ILESOS;AUTOMOVEL;ONIBUS;BICICLETA;CAMINHAO;MICROONIBUS;CICLOMOTOR;MOTOCICLETA;TRACAOANIMAL;TREM;LATITUDE;LONGITUDE
332880;10;9;2018;11:40;15371;AV DOM LUIS;RUA PRO DIAS DA ROCHA;;0;;Capotamento;Luz do Dia;Bom;Seca;Cruz;Pare;Comercial;0;0;3;1;0;0;0;0;0;0;0;0;-3,735126000000000;-38,491572000000000
332865;10;9;2018;15:36;20839;AV JOVITA FEITOSA;RUA 21 DE ABRIL D27;;0;;Colis?â?úo Lateral;Luz do Dia;Bom;Seca;Cruz;Pare;Residencial;0;1;1;1;0;0;0;0;0;0;0;0;-3,742913000000000;-38,567358000000000
332866;10;9;2018;15:42;25231;AV PRS COSTA E SILVA;AV I CJ JOSE WALTER;;0;;N?â?úo Informado;Luz do Dia;Bom;Seca;T;Sem?â?íforo;Comercial;0;0;2;1;0;0;0;0;0;1;0;0;-3,823494000000000;-38,550232000000000
332867;10;9;2018;14:00;0;AV MON TABOSA;;;1160;;Colis?â?úo Traseira;Luz do Dia;Bom;Seca;Meio de Quadra;N?â?úo H?â?í Controle;Comercial;0;0;2;1;0;0;0;0;0;0;0;0;-3,724339500000000;-38,509010000000000
332868;10;9;2018;15:30;0;RUA GAL TERTULIANO POTYGUARA;;;720;;Queda;Luz do Dia;Bom;Seca;Meio de Quadra;N?â?úo H?â?í Controle;Residencial;0;1;0;0;0;0;0;0;0;1;0;0;-3,744020200000000;-38,497940000000000
332869;10;9;2018;19:10;0;RUA PDE ANCHIETA;;;1400;;Colis?â?úo Traseira;Via Iluminada;Bom;Seca;Meio de Quadra;Sem?â?íforo;Residencial;0;0;3;1;0;0;0;0;0;1;0;0;-3,732672000000000;-38,552246000000000
332870;10;9;2018;17:30;0;NULL;;;1528;;Colis?â?úo Transversal;Via Iluminada;Bom;Seca;Meio de Quadra;Sem?â?íforo;Comercial;0;1;1;1;0;0;0;0;0;1;0;0;-3,775323900000000;-38,605984000000000
337365;10;9;2018;08:12;5107;RUA SEN ALMINO;AV MON TABOSA;;0;;Colis?â?úo;Luz do Dia;;;Cruz;Pare;Comercial;0;0;1;1;0;0;0;0;0;1;0;0;-3,723661000000000;-38,518035000000000
337366;10;9;2018;08:40;0;AV CARNEIRO DE MENDONCA;;;880;;Colis?â?úo;Luz do Dia;;;Meio de Quadra;;;0;0;1;1;0;0;0;0;0;1;0;0;-3,763761100000000;-38,567062600000000
337368;10;9;2018;14:14;0;RUA DOM PEDRO II;;;0;;Colis?â?úo;Luz do Dia;;;Meio de Quadra;;;0;0;1;1;0;0;0;0;0;1;0;0;;
337411;10;9;2018;15:15;4019;RUA ANDRE CHAVES;RUA SAMUEL UCHOA;;0;;Colis?â?úo;Luz do Dia;;;;;;0;0;1;1;0;0;0;0;0;1;0;0;-3,753929000000000;-38,546270000000000
337446;10;9;2018;15:00;0;AV RAD JOSE LIMA VERDE;;;573;;Colis?â?úo;Luz do Dia;;;Meio de Quadra;;;0;0;1;1;0;0;0;0;0;0;0;0;-3,696055635000000;-38,586429028000000
337448;10;9;2018;20:40;0;AV GAL OSORIO DE PAIVA;;;0;;Colis?â?úo;;;;Meio de Quadra;;;0;0;1;0;0;0;0;0;0;1;0;0;;
337449;10;9;2018;21:50;0;RUA JULIO BRAGA;;;0;;Outros;;;;Meio de Quadra;;;0;0;1;0;0;0;0;0;0;1;0;0;;
337413;10;9;2018;17:00;15778;RUA TAQUATIARA;RUA STA CLARA DE ASSIS;;0;;Colis?â?úo;Anoitecer;;;Cruz;Pare;Comercial;0;0;1;1;0;0;0;0;0;1;0;0;-3,830267000000000;-38,502459000000000
334967;10;9;2018;01:58;0;RUA SGT JOAO PINHEIRO;;;0;;Queda;;;;Meio de Quadra;;;0;2;0;0;0;0;0;0;0;1;0;0;;
334972;10;9;2018;07:21;0;AV CEL CARVALHO;;;909;;Queda;Luz do Dia;;;Meio de Quadra;;;0;1;0;0;0;0;0;0;0;1;0;0;-3,710472600000000;-38,589694300000000
334977;10;9;2018;07:54;6810;RUA BENTO ALBUQUERQUE;RUA JOSE BORBA VASCONCELOS;;0;;Colis?â?úo;Luz do Dia;;;Cruz;Pare;Residencial;0;0;1;1;0;0;0;0;0;1;0;0;-3,747266000000000;-38,472258000000000
334979;10;9;2018;08:08;0;AV PERIMETRAL;;;176;;Colis?â?úo;Luz do Dia;;;Meio de Quadra;;;0;1;0;1;0;0;0;0;0;1;0;0;;
334988;10;9;2018;09:19;0;RUA PRO OTAVIO LOBO;;;300;;Colis?â?úo;Luz do Dia;;;Meio de Quadra;;;0;0;1;0;0;0;0;0;0;1;0;0;-3,741741500000000;-38,477126500000000
334989;10;9;2018;09:58;24971;AV ALM HENRIQUE SABOIA;RUA CRUZ ABREU;;0;;Colis?â?úo;Luz do Dia;;;Meio de Quadra;N?â?úo H?â?í Controle;Residencial;0;1;1;0;0;0;0;0;0;1;0;0;-3,757270000000000;-38,505111000000000
335001;10;9;2018;13:08;0;RUA POMPILIO GOMES;;;1590;;Colis?â?úo;Luz do Dia;;;Meio de Quadra;;;0;1;0;1;0;0;0;0;0;1;0;0;-3,825699849000000;-38,521154455000000
335002;10;9;2018;13:39;0;AV JOAO PESSOA;;;4736;;Colis?â?úo;Luz do Dia;;;Meio de Quadra;;;0;1;0;1;0;0;0;0;0;1;0;0;-3,753937419000000;-38,550824959000000
335012;10;9;2018;16:31;0;RUA PDE ANCHIETA;;;1405;;Colis?â?úo;Luz do Dia;;;Meio de Quadra;;;0;1;0;1;0;0;0;0;0;1;0;0;-3,732794182000000;-38,552253000000000
335013;10;9;2018;16:52;0;RUA VALDETARIO MOTA;;;957;;Colis?â?úo;Luz do Dia;;;Meio de Quadra;;;0;1;0;1;0;0;0;0;0;1;0;0;-3,738247800000000;-38,481389000000000
335014;10;9;2018;16:55;0;RUA JOSE TORRES;;;1528;;Colis?â?úo;Luz do Dia;;;Meio de Quadra;;;0;1;0;1;0;0;0;0;0;1;0;0;;
335008;10;9;2018;15:03;25443;RUA ROCHA LIMA;RUA NOGUEIRA ACIOLI;;0;;Colis?â?úo;Luz do Dia;;;Cruz;Pare;Residencial;0;1;0;1;0;0;0;0;0;0;0;0;-3,737351000000000;-38,519293000000000
335023;10;9;2018;17:12;0;RUA MAL BITENCOURT;;;539;;Colis?â?úo;Anoitecer;;;Meio de Quadra;;;0;1;0;1;0;1;0;0;0;0;0;0;-3,788574946000000;-38,529069923000000
335024;10;9;2018;17:53;0;AV PRS CASTELO BRANCO;;;0;;Colis?â?úo;Anoitecer;;;Meio de Quadra;;;0;0;1;1;0;0;0;0;0;1;0;0;;
335025;10;9;2018;18:02;0;RUA GOV 05 CJ TASSO JEREISSATI;;;0;;Queda;Anoitecer;;;Meio de Quadra;;;0;1;0;0;0;1;0;0;0;0;0;0;;
335018;10;9;2018;17:06;0;AV GAL OSORIO DE PAIVA;;;4771;;Colis?â?úo;Anoitecer;;;Meio de Quadra;;;0;1;0;0;0;0;0;0;0;1;0;0;-3,800726500000000;-38,598191500000000
335010;10;9;2018;15:16;0;RUA VIRIATO RIBEIRO;;;257;;Colis?â?úo;Luz do Dia;;;Meio de Quadra;;;0;1;0;0;0;0;0;0;0;0;0;0;-3,754044000000000;-38,557523000000000
335034;10;9;2018;19:11;0;AV WASHINGTON SOARES;;;0;;Atropelamento;;;;Meio de Quadra;;;0;1;0;1;0;0;0;0;0;0;0;0;;
335029;10;9;2018;18:22;6545;AV A CJ CEARA;AV H CJ CEARA;;0;;Colis?â?úo;Anoitecer;;;Cruz;Sem?â?íforo;Comercial;0;1;0;1;0;0;0;0;0;1;0;0;-3,775146000000000;-38,605924000000000
335047;10;9;2018;21:56;0;AV DUQ CAXIAS;;;2300;;Colis?â?úo;;;;Meio de Quadra;;;0;2;0;1;0;0;0;0;0;1;0;0;-3,727112000000000;-38,544236000000000
335059;10;9;2018;22:20;12925;AV ANTONIO SALES;AV AGUANAMBI;;0;;Colis?â?úo;;;;;;;0;1;0;1;0;1;0;0;0;0;0;0;;
336301;10;9;2018;20:53;0;LOGRADOURO SEM NOME;;;0;;Colis?â?úo;;;;Meio de Quadra;;;0;1;1;0;0;0;1;0;0;1;0;0;;
331616;10;9;2018;10:55;0;AV ALBERTO CRAVEIRO;;;1171;;Choque c/ Obst?â?ículo Fixo;Luz do Dia;Bom;Seca;Meio de Quadra;N?â?úo H?â?í Controle;Comercial;1;5;0;0;1;0;1;0;0;0;0;0;-3,790518500000000;-38,517105000000000
331572;10;9;2018;11:00;0;RUA HOLANDA;;;0;;Colis?â?úo Lateral;Luz do Dia;Bom;Seca;Meio de Quadra;Pare;Residencial;0;1;1;1;0;0;0;0;0;1;0;0;;
335062;11;9;2018;05:23;0;AV FRANCISCO SA;;;0;;Colis?â?úo;Amanhecer;;;Meio de Quadra;;;0;0;1;0;0;0;0;0;0;0;0;0;;
335064;11;9;2018;05:43;0;RUA DR WANDA SIDOU;;;980;;Queda;Amanhecer;;;Meio de Quadra;;;0;2;0;0;0;0;0;0;0;1;0;0;-3,812294200000000;-38,507794000000000
335081;11;9;2018;06:04;16057;AV GODOFREDO MACIEL;AV PRS COSTA E SILVA;;0;;Colis?â?úo;Luz do Dia;;;;;;0;1;1;1;0;0;0;0;0;1;0;0;-3,811743000000000;-38,574739000000000
335121;11;9;2018;12:44;0;AV A CJ CEARA;;;665;;Colis?â?úo;Luz do Dia;;;Meio de Quadra;;;0;1;0;1;0;0;0;0;0;1;0;0;-3,767438000000000;-38,602271000000000
335122;11;9;2018;13:10;0;AV MR HULL;;;0;;Colis?â?úo;Luz do Dia;;;Meio de Quadra;;;0;1;0;0;0;0;0;0;0;0;0;0;;
335110;11;9;2018;11:30;0;RD BR 116;;;5000;KM-05;Queda;Luz do Dia;;;Meio de Quadra;;;0;2;0;0;0;0;0;0;0;1;0;0;-3,796502000000000;-38,506787000000000
335112;11;9;2018;11:43;26246;RUA JOSE ABILIO;RUA ANTONIO NERY;;0;;Colis?â?úo;Luz do Dia;;;;;;0;1;0;1;0;0;0;0;0;1;0;0;-3,783022000000000;-38,601574000000000
335113;11;9;2018;12:04;0;RUA POMPILIO GOMES;;;1668;;Colis?â?úo;Luz do Dia;;;Meio de Quadra;;;0;1;0;1;0;0;0;0;0;1;0;0;-3,826382200000000;-38,521180000000000
335114;11;9;2018;12:38;0;RUA CON DE CASTRO;;;3918;;Colis?â?úo;Luz do Dia;;;Meio de Quadra;;;0;1;0;1;0;0;0;0;0;1;0;0;-3,800845000000000;-38,588166500000000
335086;11;9;2018;06:45;1420;AV SANTOS DUMONT;RUA CEL LINHARES;;0;;Queda;Luz do Dia;;;Cruz;Pare;Residencial;0;2;0;0;0;0;0;0;0;1;0;0;-3,737489000000000;-38,494449000000000
335087;11;9;2018;07:01;0;AV GAL OSORIO DE PAIVA;;;4800;;Atropelamento;Luz do Dia;;;Meio de Quadra;;;0;1;1;1;0;0;0;0;0;0;0;0;-3,800862000000000;-38,598322000000000
335099;11;9;2018;07:40;25058;RUA VITAL BRASIL;AV AUGUSTO DOS ANJOS;;0;;Colis?â?úo;Luz do Dia;;;T;N?â?úo H?â?í Controle;Comercial;0;1;0;1;0;0;0;0;0;1;0;0;-3,782734000000000;-38,581387000000000
335100;11;9;2018;08:33;0;RUA JOSE VILAR;;;2077;;Queda;Luz do Dia;;;Meio de Quadra;;;0;1;0;0;0;0;0;0;0;1;0;0;-3,742495111000000;-38,506841444000000
335101;11;9;2018;08:46;0;AV EDUARDO GIRAO;;;460;;Queda;Luz do Dia;;;Meio de Quadra;;;0;1;0;0;0;0;0;0;0;1;0;0;-3,747630000000000;-38,540636000000000
335102;11;9;2018;09:26;0;AV SEN FERNANDES TAVORA;;;2145;;Colis?â?úo;Luz do Dia;;;Meio de Quadra;;;0;0;1;0;0;0;0;0;0;0;0;0;-3,757244000000000;-38,591428000000000
335103;11;9;2018;09:30;0;RD BR 116;;;4000;KM-04;Colis?â?úo Traseira;Luz do Dia;;;Meio de Quadra;;;0;1;1;1;0;0;0;0;0;1;0;0;-3,802354000000000;-38,503869000000000
335104;11;9;2018;10:15;0;RD BR 116;;;185;;Colis?â?úo;Luz do Dia;;;Meio de Quadra;;;0;1;0;0;0;0;0;0;0;1;0;0;-3,795995900000000;-38,507208800000000
335105;11;9;2018;10:51;0;RUA BAR CRATO;;;1490;;Colis?â?úo;Luz do Dia;;;Meio de Quadra;;;0;1;0;1;0;0;0;0;0;1;0;0;;
335106;11;9;2018;11:38;0;RUA CEL FRANCISCO PEREIRA (MESSEJANA);;;300;;Choque c/ Obst?â?ículo Fixo;Luz do Dia;;;Meio de Quadra;;;0;1;0;0;0;0;0;0;0;1;0;0;-3,831236700000000;-38,493013500000000
335096;11;9;2018;07:11;0;AV PRS JUSCELINO KUBITSCHEK (PASSAR?âÔÇ?);;;0;;Colis?â?úo;Luz do Dia;;;Meio de Quadra;;;0;1;0;1;0;1;0;0;0;0;0;0;;
335163;11;9;2018;20:20;0;RUA 19 (CJ JOAO PAULO II);;;48;;Atropelamento;;;;Meio de Quadra;;;0;2;0;0;0;0;0;0;0;1;0;0;;
335164;11;9;2018;20:34;0;RUA SGT BARBOSA;;;2014;;Queda;;;;Meio de Quadra;;;0;1;0;0;0;0;0;0;0;1;0;0;-3,790410600000000;-38,621838100000000
335165;11;9;2018;22:35;0;RUA COM GARCIA;;;2150;;Atropelamento;;;;Meio de Quadra;;;0;1;0;0;0;0;0;0;0;1;0;0;-3,800910507000000;-38,590165823000000
335166;11;9;2018;23:43;0;AV SEN CARLOS JEREISSATI (AEROPORTO);;;0;;Colis?â?úo;;;;Meio de Quadra;;;0;1;0;1;0;0;0;0;0;1;0;0;;
335155;11;9;2018;20:07;0;AV CEL CARVALHO;;;2093;;Colis?â?úo;;;;Meio de Quadra;;;0;1;0;0;0;0;0;0;0;0;0;0;-3,720830000000000;-38,586950000000000
335135;11;9;2018;18:50;12395;AV LINEU MACHADO;RUA CUIABA;;0;;Colis?â?úo;;;;Cruz;Pare;Comercial;0;1;0;1;0;0;0;0;0;1;0;0;-3,769181000000000;-38,578620000000000
335143;11;9;2018;19:35;0;AV ABOLICAO;;;3553;;Colis?â?úo;;;;Meio de Quadra;;;0;1;0;1;0;0;0;0;0;1;0;0;-3,726087000000000;-38,487572000000000
335125;11;9;2018;13:19;0;RD BR 116;;;6102;KM-03;Queda;Luz do Dia;;;Meio de Quadra;;;0;1;0;0;0;0;0;0;0;1;0;0;-3,774574294000000;-38,515852529000000
335126;11;9;2018;15:32;0;RUA LUIZ LOURENCO DE SOUSA;;;1216;;Colis?â?úo;Luz do Dia;;;Meio de Quadra;;;0;1;0;0;0;0;0;0;0;1;0;0;;
335127;11;9;2018;11:58;0;RUA ESPIRITO SANTO;;;278;;Colis?â?úo;Luz do Dia;;;Meio de Quadra;;;0;2;0;1;0;0;0;0;0;1;0;0;-3,750946000000000;-38,566924000000000
335128;11;9;2018;17:51;0;RUA ANA BRITO;;;1044;;Queda;Anoitecer;;;Meio de Quadra;;;0;1;0;0;0;0;0;0;0;1;0;0;-3,828399700000000;-38,587932400000000
335129;11;9;2018;18:08;0;AV DEP PAULINO ROCHA;;;2307;;Atropelamento;Anoitecer;;;Meio de Quadra;;;0;1;1;0;0;0;0;0;0;1;0;0;-3,806448600000000;-38,508487200000000
335083;11;9;2018;06:28;0;RUA OSVALDO CRUZ (ALDEOTA);;;166;;Queda;Luz do Dia;;;Meio de Quadra;;;0;1;0;0;0;0;0;0;0;1;0;0;;
335132;11;9;2018;18:30;0;RUA GUILHERME PERDIGAO;;;88;;Colis?â?úo;Anoitecer;;;Meio de Quadra;;;0;0;1;1;0;0;0;0;0;1;0;0;-3,774332098000000;-38,569802843000000
332881;11;9;2018;18:00;0;AV DEP PAULINO ROCHA;;;2309;;Atropelamento;Mal Iluminada;Bom;Seca;Meio de Quadra;N?â?úo H?â?í Controle;Residencial;0;1;1;0;0;0;0;0;0;1;0;0;-3,810477300000000;-38,518185000000000
332882;11;9;2018;18:58;19053;RUA EDUARDO SABOIA;AV ENG SANTANA JUNIOR;;245;;Colis?â?úo Lateral;Via Iluminada;Bom;Seca;Cruz;Sem?â?íforo;Comercial;0;0;2;1;0;0;0;0;0;1;0;0;-3,736244000000000;-38,482443000000000
332883;11;9;2018;19:00;25933;AV ALM MAXIMIANO DA FONSECA;RUA MARIA ALICE FERRAZ;;0;;Colis?â?úo Transversal;Via Iluminada;Bom;Seca;Cruz;Pare;Residencial;0;2;1;0;0;0;0;0;0;1;0;0;-3,770381000000000;-38,489581000000000
332884;11;9;2018;17:30;0;RUA SEN ALENCAR;;;294;;Colis?â?úo Lateral;Via Iluminada;Bom;Seca;Meio de Quadra;N?â?úo H?â?í Controle;Comercial;0;1;1;1;0;0;0;0;0;1;0;0;-3,724581700000000;-38,528650000000000
332885;11;9;2018;21:09;19106;RUA ANDRE DALL OLIO;RUA AMELIA BENEBIEN;;0;;Colis?â?úo;Via Iluminada;Bom;Seca;Cruz;Pare;Residencial;0;0;2;1;0;0;0;0;0;0;0;0;-3,737969000000000;-38,478342000000000
332886;11;9;2018;21:11;0;RUA PRC ISABEL;;;984;;Colis?â?úo Transversal;Anoitecer;Bom;Seca;Meio de Quadra;;;0;1;1;1;0;0;0;0;0;1;0;0;-3,729570000000000;-38,536350000000000
332887;11;9;2018;21:49;0;RUA MARIA GOMES DE SA;;;0;;Colis?â?úo Lateral;Via Iluminada;Bom;Seca;Meio de Quadra;N?â?úo H?â?í Controle;Comercial;0;2;1;1;0;0;0;0;0;1;0;0;-3,820279100000000;-38,585700000000000
332874;11;9;2018;07:00;0;AV WENEFRIDO MELO;RUA DNA LIBANIA R. MELO NUNES;;0;;Colis?â?úo Transversal;Luz do Dia;Nublado;Molhada;T;Pare;Residencial;0;0;2;1;0;0;0;0;0;0;0;0;-3,810830400000000;-38,575950000000000
332875;11;9;2018;07:30;0;AV WENEFRIDO MELO;;;381;;Colis?â?úo Traseira;Luz do Dia;Chuva;Molhada;Meio de Quadra;N?â?úo H?â?í Controle;Residencial;0;0;3;1;0;0;0;0;0;0;0;0;-3,810894500000000;-38,575882000000000
332876;11;9;2018;06:30;15792;RUA PERGENTINO MAIA;RUA CEL FRANCISCO PEREIRA (MESSEJANA);;0;;Colis?â?úo Transversal;Luz do Dia;Nublado;Molhada;Cruz;Pare;Comercial;0;1;1;1;0;0;0;0;0;1;0;0;-3,830868000000000;-38,492803000000000
332877;11;9;2018;09:00;17414;RUA 15 DE NOVEMBRO;RUA ZACARIAS GONDIM;;0;;Colis?â?úo Lateral;Luz do Dia;Chuva;Molhada;Cruz;Pare;Comercial;0;0;2;1;0;0;0;0;0;0;0;0;-3,768021000000000;-38,558445000000000
332878;11;9;2018;10:35;0;AV PRS CASTELO BRANCO;;;2815;;Engavetamento;Luz do Dia;Nublado;Seca;Meio de Quadra;Sem?â?íforo;Comercial;0;0;2;1;0;0;0;0;0;0;0;0;-3,712448100000000;-38,553110000000000
332879;11;9;2018;13:44;0;AV VIS RIO BRANCO;AV DOMINGOS OLIMPIO;;1998;;Colis?â?úo;Luz do Dia;Bom;Seca;Meio de Quadra;Sem?â?íforo;Comercial;0;1;1;0;0;1;0;0;0;0;0;0;-3,738472700000000;-38,523670000000000
333921;11;9;2018;16:20;0;AV TEN LISBOA;;;520;;Colis?â?úo;Luz do Dia;;;Meio de Quadra;;;0;1;1;1;0;0;0;0;0;0;0;0;-3,726153333000000;-38,572056083000000
333922;11;9;2018;16:06;0;RD CE-040;;;0;KM-06;Choque c/ Obst?â?ículo Fixo;Luz do Dia;;;Meio de Quadra;;;0;1;0;1;0;0;0;0;0;0;0;0;-3,809596804000000;-38,478733480000000
333948;12;9;2018;00:40;347;RUA PRO COSTA MENDES;RUA FRANCISCA CLOTILDE;;0;;Colis?â?úo;;;;Cruz;Pare;Comercial;0;1;0;1;0;0;0;0;0;0;0;0;-3,746335000000000;-38,556137000000000
333949;12;9;2018;10:20;0;RUA CARLITO PAMPLONA;;;0;;Choque c/ Obst?â?ículo Fixo;Luz do Dia;;;Meio de Quadra;;;0;1;0;0;0;0;0;0;0;0;0;0;;
333950;12;9;2018;18:05;5406;RUA PRC ISABEL;RUA ANTONIO POMPEU;;0;;Colis?â?úo;Anoitecer;;;Cruz;Pare;Comercial;0;2;1;1;0;0;0;0;0;1;0;0;-3,732693000000000;-38,537283000000000
332888;12;9;2018;07:55;0;AV JOR THOMAZ COELHO;;;2846;;Colis?â?úo Lateral;Luz do Dia;Bom;Seca;Meio de Quadra;N?â?úo H?â?í Controle;Comercial;0;1;1;1;0;0;0;0;0;1;0;0;-3,828571300000000;-38,520180000000000
332889;12;9;2018;08:06;0;AV BEZERRA DE MENEZES;;;2571;;Colis?â?úo Lateral;Luz do Dia;Bom;Seca;Meio de Quadra;N?â?úo H?â?í Controle;Comercial;0;0;1;0;1;0;0;0;0;1;0;0;-3,736441000000000;-38,567093000000000
332890;12;9;2018;09:15;11069;RUA SUECIA;RUA EQUADOR;;0;;Colis?â?úo;Luz do Dia;Bom;Seca;Outros;Pare;Residencial;0;2;1;0;0;0;0;0;0;1;0;0;-3,784449000000000;-38,557111000000000
332891;12;9;2018;15:53;17616;RUA CEARA;RUA MATO GROSSO;;0;;Colis?â?úo Lateral;Luz do Dia;Bom;Seca;T;Pare;Residencial;0;0;2;1;0;0;0;0;0;0;0;0;-3,759183000000000;-38,565376000000000
332892;12;9;2018;17:11;0;AV ENG SANTANA JUNIOR;;;2977;;N?â?úo Informado;Luz do Dia;Bom;Seca;Meio de Quadra;Sem?â?íforo;Comercial;0;0;2;1;0;0;0;0;0;0;0;0;-3,744854500000000;-38,488730000000000
332893;12;9;2018;18:31;0;AV OLIVEIRA PAIVA;;;740;;Colis?â?úo Lateral;Via Iluminada;Bom;Seca;Meio de Quadra;Sem?â?íforo;Comercial;0;0;2;1;0;0;0;0;0;0;0;0;-3,796620800000000;-38,499000000000000
332894;12;9;2018;19:22;10767;RUA JOCKEY CLUBE;RUA LUCIANO DE QUEIROS;;0;;Colis?â?úo Transversal;Via Iluminada;Bom;Seca;Cruz;Pare;Residencial;0;2;0;0;0;0;0;0;0;1;0;0;-3,761782000000000;-38,580519000000000
332895;12;9;2018;19:43;0;RUA TEREZA HINKO;;;50;;Colis?â?úo Lateral;Anoitecer;Bom;Seca;Meio de Quadra;N?â?úo H?â?í Controle;Residencial;0;0;2;1;0;0;0;0;0;0;0;0;-3,723526500000000;-38,484306000000000
332896;12;9;2018;21:36;0;AV ALBERTO CRAVEIRO;;;1137;;Colis?â?úo Transversal;Via Iluminada;Bom;Seca;Meio de Quadra;N?â?úo H?â?í Controle;Residencial;0;1;1;1;0;0;0;0;0;1;0;0;-3,789158300000000;-38,516884000000000
332897;12;9;2018;21:31;0;AV N CJ JOSE WALTER;;;1042;;Colis?â?úo Lateral;Via Iluminada;Bom;Seca;Meio de Quadra;N?â?úo H?â?í Controle;Comercial;0;1;1;1;0;0;1;0;0;0;0;0;-3,830599300000000;-38,560300000000000
335167;12;9;2018;02:50;0;RUA POMPILIO GOMES;;;127;;Queda;;;;Meio de Quadra;;;0;1;0;0;0;0;0;0;0;1;0;0;-3,811370000000000;-38,519870000000000
335168;12;9;2018;03:01;0;AV SEN FERNANDES TAVORA;;;1535;;Atropelamento;;;;Meio de Quadra;;;0;1;0;1;0;0;0;0;0;0;0;0;-3,759927667000000;-38,586392333000000
335169;12;9;2018;03:56;0;AV JOR THOMAZ COELHO;;;0;;Queda;;;;Meio de Quadra;;;0;0;1;0;0;0;0;0;0;1;0;0;;
335171;12;9;2018;05:49;0;RUA BAR CRATO;;;1951;;Queda;Amanhecer;;;Meio de Quadra;;;0;1;0;0;0;0;0;0;0;1;0;0;-3,722966275000000;-38,566087804000000
335172;12;9;2018;06:30;0;AV BEZERRA DE MENEZES;;;0;;Colis?â?úo;Luz do Dia;;;Meio de Quadra;;;0;1;0;0;0;0;0;0;0;0;0;0;;
335173;12;9;2018;07:04;5413;RUA GAL SAMPAIO;RUA METON DE ALENCAR;;0;;Colis?â?úo;Luz do Dia;;;Cruz;Sem?â?íforo;Comercial;0;0;1;1;0;0;0;0;0;1;0;0;-3,733033000000000;-38,532600000000000
335174;12;9;2018;08:37;0;AV PRO GOMES DE MATOS;;;198;;Queda;Luz do Dia;;;Meio de Quadra;;;0;0;1;0;0;0;0;0;0;1;0;0;-3,756164400000000;-38,541333400000000
335180;12;9;2018;14:02;0;RUA PEDRO A SILVA;;;407;;Colis?â?úo;Luz do Dia;;;Meio de Quadra;;;0;1;1;0;0;0;1;0;0;1;0;0;;
335181;12;9;2018;14:06;0;RUA MARANGUAPE D50;;;1517;;Queda;Luz do Dia;;;Meio de Quadra;;;0;1;0;0;0;1;0;0;0;0;0;0;-3,795793500000000;-38,617939800000000
335188;12;9;2018;17:02;0;RUA JOAQUIM MOREIRA D36;;;241;;Colis?â?úo;Anoitecer;;;Meio de Quadra;;;0;1;1;1;0;1;0;0;0;0;0;0;-3,772350000000000;-38,563400000000000
335189;12;9;2018;18:17;0;RUA INACIO VASCONCELOS;;;330;;Colis?â?úo;Anoitecer;;;Meio de Quadra;;;0;1;0;1;0;0;0;0;0;1;0;0;-3,813150000000000;-38,496750000000000
335228;12;9;2018;18:35;0;RD BR 116;;;0;;Atropelamento;;;;Meio de Quadra;;;0;1;1;1;0;0;0;0;0;0;0;0;;
335229;12;9;2018;19:02;10599;AV MIGUEL DIAS;RUA CLAUDIO M DIAS LEITE;;0;;Colis?â?úo;;;;T;Pare;Residencial;0;0;1;1;0;0;0;0;0;1;0;0;;
335230;12;9;2018;21:35;0;RD CE-040;;;591;;Colis?â?úo;;;;Meio de Quadra;;;0;2;1;1;0;0;0;0;0;1;0;0;-3,764650449000000;-38,482583040000000
335231;12;9;2018;21:37;0;RUA CON DE CASTRO;;;1596;;Colis?â?úo;;;;Meio de Quadra;;;0;2;0;1;0;0;0;0;0;1;0;0;-3,785104500000000;-38,573539500000000
335232;12;9;2018;22:02;0;TR PROGRESSO;;;17;;Atropelamento;;;;Meio de Quadra;;;0;1;0;0;0;0;0;0;0;1;0;0;-3,762033360000000;-38,512651627000000
335176;12;9;2018;12:02;0;RUA 14 CJ PEQ MONDUBIM;;;8;;Colis?â?úo;Luz do Dia;;;Meio de Quadra;;;0;0;1;1;0;0;0;0;0;1;0;0;-3,815642700000000;-38,569191100000000
335177;12;9;2018;13:38;11030;RUA 15 DE NOVEMBRO;RUA CESAR ROSSAS;;0;;Queda;Luz do Dia;;;Cruz;Sem?â?íforo;Comercial;0;0;1;0;0;0;0;0;0;1;0;0;-3,769241000000000;-38,555011000000000
335200;12;9;2018;18:34;12837;RUA JAIME BENEVOLO;AV DOMINGOS OLIMPIO;;0;;Colis?â?úo;;;;Cruz;Sem?â?íforo;Comercial;0;1;0;0;0;0;0;0;0;0;0;0;-3,737780000000000;-38,527245000000000
336303;12;9;2018;00:05;0;LOGRADOURO SEM NOME;;;0;;Colis?â?úo;;;;Meio de Quadra;;;0;1;1;1;0;0;0;0;0;1;0;0;;
336304;12;9;2018;01:02;0;AV SEN CARLOS JEREISSATI (AEROPORTO);;;3000;BASE A?âÔÇ?REA;Atropelamento;;;;Meio de Quadra;;;0;1;1;0;0;0;0;0;0;0;0;0;-3,779256000000000;-38,545049000000000