COD_ACIDENTE;DIA;MES;ANO;HORA;INTERSECAO;LOG1;LOG2;LOG3;NUMERO;REFERENCIA;NATUREZA;ILUMINACAO;TEMPO;SUPERFICIEPISTA;TIPOCRUZAMENTO;CONTROLETRAFEGO;USOSOLO;MORTOS;FERIDOS;ILESOS;AUTOMOVEL;ONIBUS;BICICLETA;CAMINHAO;MICROONIBUS;CICLOMOTOR;MOTOCICLETA;TRACAOANIMAL;TREM;LATITUDE;LONGITUDE
331580;12;9;2018;20:30;0;AV CARAPINIMA;;;2415;;Colis?â?úo Lateral;Via Iluminada;Bom;Seca;Meio de Quadra;N?â?úo H?â?í Controle;Comercial;0;2;0;0;0;1;0;0;0;1;0;0;-3,740639236000000;-38,540875176000000
331587;13;9;2018;07:30;0;AV AUGUSTO DOS ANJOS;;;1659;;Colis?â?úo;Luz do Dia;Bom;Seca;;;;0;1;1;1;0;0;0;0;0;1;0;0;-3,780923000000000;-38,579816000000000
331621;13;9;2018;14:30;0;AV MR HULL;;;5768;RODOVIARIA DOS POBRES;Colis?â?úo;Luz do Dia;;;Meio de Quadra;;;1;1;0;0;0;1;0;0;0;1;0;0;-3,740228572000000;-38,595446071000000
335241;13;9;2018;06:23;0;AV DA INDEPENDENCIA;;;2653;;Colis?â?úo;Luz do Dia;;;Meio de Quadra;;;0;1;0;1;0;0;0;0;0;1;0;0;-3,723183581000000;-38,603648000000000
335239;13;9;2018;05:52;17428;RUA ALBERTO MAGNO;RUA CESAR ROSSAS;;0;;Colis?â?úo;Amanhecer;;;Outros;Sem?â?íforo;Residencial;0;1;0;1;0;0;0;0;0;1;0;0;-3,768561000000000;-38,552686000000000
335233;13;9;2018;00:37;0;AV GODOFREDO MACIEL;;;4713;;Colis?â?úo;;;;Meio de Quadra;;;0;1;0;1;0;0;0;0;0;0;0;0;-3,816455652000000;-38,574556739000000
335234;13;9;2018;04:11;0;RUA ANTONIO BANDEIRA D41;;;0;;Queda;;;;Meio de Quadra;;;0;1;0;0;0;0;0;0;0;1;0;0;;
335235;13;9;2018;05:31;0;RUA CEL ZACARIAS J FRANCA;;;450;;Colis?â?úo;Amanhecer;;;Meio de Quadra;;;0;1;0;0;0;0;0;0;0;0;0;0;-3,806087424000000;-38,506638742000000
335277;13;9;2018;15:54;0;AV 13 DE MAIO;;;1553;;Colis?â?úo;Luz do Dia;;;Meio de Quadra;;;0;2;0;1;0;0;0;0;0;1;0;0;-3,746787520000000;-38,532295440000000
335279;13;9;2018;16:06;0;AV AGUANAMBI;;;0;;Colis?â?úo;Luz do Dia;;;Meio de Quadra;;;0;1;0;1;0;0;0;0;0;1;0;0;;
335269;13;9;2018;11:24;16756;RUA PARANAI;RUA ANTONIO PEREIRA;;0;;Colis?â?úo;Luz do Dia;;;;;;0;1;0;1;0;0;0;0;0;1;0;0;-3,831949000000000;-38,568281000000000
335270;13;9;2018;11:26;0;AV HERACLITO GRACA;;;406;;Colis?â?úo;Luz do Dia;;;Meio de Quadra;;;0;1;0;1;0;0;0;0;0;1;0;0;-3,734708000000000;-38,520779000000000
335271;13;9;2018;12:27;0;RUA CON DE CASTRO;;;4351;;Queda;Luz do Dia;;;Meio de Quadra;;;0;1;0;0;0;0;0;0;0;1;0;0;-3,803404711000000;-38,590515399000000
335272;13;9;2018;13:47;0;AV DOS JANGADEIROS;;;588;;Colis?â?úo;Luz do Dia;;;Meio de Quadra;;;0;1;0;1;0;0;0;0;0;1;0;0;-3,723990000000000;-38,477450000000000
335273;13;9;2018;15:07;0;AV EDUARDO GIRAO;;;1245;;Atropelamento;Luz do Dia;;;Meio de Quadra;;;0;1;0;1;0;0;0;0;0;0;0;0;-3,752459663000000;-38,532626828000000
335274;13;9;2018;15:37;0;AV GODOFREDO MACIEL;;;88;;Atropelamento;Luz do Dia;;;Meio de Quadra;;;0;1;1;0;1;0;0;0;0;0;0;0;-3,777371600000000;-38,564229500000000
335275;13;9;2018;15:43;0;RUA PDE PEDRO DE ALENCAR;;;1141;;Atropelamento;Luz do Dia;;;Meio de Quadra;;;0;1;1;1;0;0;0;0;0;0;0;0;-3,837781490000000;-38,494189717000000
335262;13;9;2018;09:17;19664;RUA GUSTAVO SAMPAIO;RUA PRO JOSE DE BARCELOS;;0;;Colis?â?úo;Luz do Dia;;;Cruz;Pare;Residencial;0;1;0;1;0;0;0;0;0;1;0;0;-3,734101000000000;-38,550829000000000
335257;13;9;2018;08:05;0;RUA URUCUTUBA;;;0;;Colis?â?úo;Luz do Dia;;;Meio de Quadra;;;0;1;0;0;0;0;0;0;0;1;0;0;;
335249;13;9;2018;07:39;0;AV DEP PAULINO ROCHA;;;55;;Queda;Luz do Dia;;;Meio de Quadra;;;0;1;0;0;0;0;0;0;0;1;0;0;-3,802136000000000;-38,507565000000000
335250;13;9;2018;07:30;0;RD BR 116;;;5000;KM-05;Colis?â?úo Frontal;Luz do Dia;;;Meio de Quadra;;;0;1;2;1;0;0;0;0;0;1;0;0;-3,796502000000000;-38,506787000000000
335243;13;9;2018;07:03;0;RUA JOSE MENDONCA;;;151;;Queda;Luz do Dia;;;Meio de Quadra;;;0;0;1;0;0;0;0;0;0;1;0;0;-3,760368059000000;-38,602795471000000
335247;13;9;2018;07:24;0;RUA DOM MANUEL DE MEDEIROS;;;2501;;Colis?â?úo;Luz do Dia;;;Meio de Quadra;;;0;1;0;1;0;0;0;0;0;1;0;0;-3,739769400000000;-38,566573000000000
335283;13;9;2018;16:07;3860;AV DA UNIVERSIDADE;AV 13 DE MAIO;;0;;Atropelamento;Luz do Dia;;;Cruz;Sem?â?íforo;Comercial;0;1;1;0;1;0;0;0;0;0;0;0;-3,740962000000000;-38,539107000000000
335299;13;9;2018;21:33;0;RUA JOAQUIM FELICIO;;;1500;;Colis?â?úo;;;;Meio de Quadra;;;0;1;0;1;0;0;0;0;0;1;0;0;-3,831644600000000;-38,481064300000000
335295;13;9;2018;18:49;5381;AV IMPERADOR;RUA METON DE ALENCAR;;0;;Atropelamento;;;;;N?â?úo H?â?í Controle;Comercial;0;1;0;1;0;0;0;0;0;0;0;0;-3,731966000000000;-38,535869000000000
335296;13;9;2018;20:32;0;AV PRS CASTELO BRANCO;;;0;;Queda;;;;Meio de Quadra;;;0;1;0;0;0;0;0;0;0;1;0;0;;
332898;13;9;2018;06:06;0;RUA ROSA VIRGINIA;;;266;;Choque c/ Obst?â?ículo Fixo;Amanhecer;Bom;Seca;Meio de Quadra;N?â?úo H?â?í Controle;Residencial;0;0;1;0;0;0;0;0;0;1;0;0;-3,807709200000000;-38,504047000000000
332899;13;9;2018;10:03;0;RUA DES PRAXEDES;RUA JULIO CESAR D04;;0;;Colis?â?úo Transversal;Luz do Dia;Bom;Seca;Duplo T;Sem?â?íforo;Comercial;0;0;1;1;0;0;0;0;0;0;0;0;-3,758954300000000;-38,550587000000000
332900;13;9;2018;10:56;8021;AV JOAO PESSOA;RUA SAMUEL UCHOA;;0;;Colis?â?úo Transversal;Luz do Dia;Bom;Seca;Cruz;Pare;Comercial;0;0;2;1;1;0;0;0;0;0;0;0;-3,751840000000000;-38,548940000000000
332901;13;9;2018;19:27;0;RUA ANDRADE FURTADO;;;1766;;Colis?â?úo Lateral;Via Iluminada;Bom;Seca;Meio de Quadra;N?â?úo H?â?í Controle;Residencial;0;0;1;1;0;0;0;0;0;1;0;0;-3,747691000000000;-38,473980000000000
332904;13;9;2018;09:00;18785;RUA CATOLE;RUA MAISA;;0;;Colis?â?úo Lateral;Luz do Dia;Bom;Seca;T;Pare;Comercial;0;2;0;0;0;0;0;0;0;1;0;0;-3,852098000000000;-38,521785000000000
332923;13;9;2018;06:35;19436;AV AUGUSTO DOS ANJOS;RUA SEIXAS CORREIA;;0;;Colis?â?úo Lateral;Luz do Dia;Bom;Seca;Cruz;Sem?â?íforo;Comercial;0;2;1;0;1;0;0;0;0;1;0;0;-3,779412000000000;-38,578496000000000
332914;13;9;2018;08:09;5413;RUA GAL SAMPAIO;RUA METON DE ALENCAR;;0;;Colis?â?úo Transversal;Luz do Dia;Bom;Seca;Cruz;Sem?â?íforo;Comercial;0;1;1;0;0;0;0;0;0;1;0;0;-3,733033000000000;-38,532600000000000
334009;13;9;2018;16:00;0;RD BR 116;;;3000;KM-03;Colis?â?úo;Luz do Dia;;;Meio de Quadra;;;0;1;0;0;0;0;0;0;0;0;0;0;-3,779838000000000;-38,514372000000000
334010;13;9;2018;18:30;10818;RUA PORTO VELHO;RUA MACEIO;;0;;Colis?â?úo;Anoitecer;;;Cruz;Pare;Residencial;0;1;0;1;0;0;0;0;0;0;0;0;-3,763967000000000;-38,590726000000000
334014;14;9;2018;21:45;0;AV FRANCISCO SA;;;0;;Colis?â?úo;;;;Meio de Quadra;;;0;1;0;1;0;0;0;0;0;0;0;0;;
334072;14;9;2018;12:00;0;RUA CAP GUSTAVO;;;0;;Choque c/ Obst?â?ículo Fixo;Luz do Dia;;;Meio de Quadra;;;0;1;0;0;0;0;0;0;0;0;0;0;;
332905;14;9;2018;09:39;0;RUA ALMEIDA PRADO;;;0;SILCAR;Colis?â?úo Lateral;Luz do Dia;Bom;Seca;Meio de Quadra;Gesto;Comercial;0;1;1;0;0;0;0;0;0;1;0;0;-3,743232000000000;-38,474964000000000
332906;14;9;2018;10:15;19683;RUA PRO JOSE DE BARCELOS;RUA AZEVEDO BOLAO;;0;;Colis?â?úo Transversal;Luz do Dia;Bom;Seca;Cruz;Pare;Residencial;0;0;2;1;0;0;0;0;0;0;0;0;-3,735196000000000;-38,550610000000000
332907;14;9;2018;19:30;1463;RUA ILDEFONSO ALBANO;RUA ROCHA LIMA;;0;;Colis?â?úo Transversal;Via Iluminada;Bom;Seca;Cruz;Pare;Comercial;0;0;2;0;0;0;0;0;0;0;0;0;-3,738687000000000;-38,515157000000000
332908;14;9;2018;18:55;0;RUA CHICO LEMOS;;;946;;Colis?â?úo Lateral;Via Iluminada;Bom;Seca;Meio de Quadra;N?â?úo H?â?í Controle;Residencial;0;0;2;1;0;0;0;0;0;1;0;0;-3,795329800000000;-38,497356000000000
332909;14;9;2018;19:19;22926;RUA GOV JOAO CARLOS;RUA MAGNOLIA;;0;;N?â?úo Informado;Via Iluminada;Bom;Seca;Cruz;Pare;Comercial;0;0;1;1;0;0;0;0;0;1;0;0;-3,783145000000000;-38,553587000000000
332910;14;9;2018;17:25;0;AV GODOFREDO MACIEL;;;3778;;Colis?â?úo Traseira;Anoitecer;Bom;Seca;Meio de Quadra;N?â?úo H?â?í Controle;Comercial;0;0;3;1;0;0;0;0;0;0;0;0;-3,807264300000000;-38,573400000000000
332902;14;9;2018;03:40;0;AV SANTOS DUMONT;;;5500;;Choque c/ Obst?â?ículo Fixo;Via Iluminada;Bom;Seca;Meio de Quadra;N?â?úo H?â?í Controle;Comercial;0;1;0;1;0;0;0;0;0;0;0;0;-3,740837000000000;-38,484055000000000
332903;14;9;2018;07:09;26091;AV JOVITA FEITOSA;AV JOSE JATAHY;;0;;Colis?â?úo Transversal;Luz do Dia;Bom;Seca;Cruz;Sem?â?íforo;Residencial;0;0;2;0;0;0;0;0;0;1;0;0;-3,737273000000000;-38,543936000000000
334012;14;9;2018;23:40;0;TR RIO DE JANEIRO;;;478;;Choque c/ Obst?â?ículo Fixo;;;;Meio de Quadra;;;0;1;0;0;0;0;0;0;0;0;0;0;-3,769710000000000;-38,592050000000000
335300;14;9;2018;05:20;0;RUA TEODOMIRO DE CASTRO;;;0;;Colis?â?úo;Amanhecer;;;Meio de Quadra;;;0;1;1;1;0;1;0;0;0;0;0;0;;
335301;14;9;2018;06:04;0;AV PERIMETRAL;;;1672;;Colis?â?úo;Luz do Dia;;;Meio de Quadra;;;0;1;0;1;0;0;0;0;0;1;0;0;;
335321;14;9;2018;20:58;0;AV MOZART PINHEIRO DE LUCENA;;;1696;;Colis?â?úo;;;;Meio de Quadra;;;0;1;0;1;0;0;0;0;0;1;0;0;-3,717422588000000;-38,595454824000000
335319;14;9;2018;20:18;0;RUA NAT FEIJO;;;466;;Colis?â?úo;;;;Meio de Quadra;;;0;1;0;1;0;0;0;0;0;1;0;0;-3,722291000000000;-38,553137000000000
335315;14;9;2018;18:45;0;RUA CARVALHO JUNIOR;;;640;;Queda;;;;Meio de Quadra;;;0;1;0;0;0;0;0;0;0;1;0;0;-3,758575300000000;-38,511140900000000
335316;14;9;2018;19:16;19746;RUA GUSTAVO SAMPAIO;RUA ARMANDO OLIVEIRA;;0;;Colis?â?úo;;;;Cruz;Pare;Residencial;0;1;0;1;0;0;0;0;0;1;0;0;-3,737521000000000;-38,567382000000000
335317;14;9;2018;19:33;0;RUA STA ELISA D21;;;362;;Queda;;;;Meio de Quadra;;;0;1;0;0;0;1;0;0;0;0;0;0;-3,707690000000000;-38,556560000000000
335306;14;9;2018;08:35;0;AV DUQ CAXIAS;;;1452;;Atropelamento;Luz do Dia;;;Meio de Quadra;;;0;1;0;0;0;0;0;0;0;1;0;0;-3,729335000000000;-38,537452000000000
335307;14;9;2018;09:39;0;AV CARAPINIMA;;;1845;;Atropelamento;Luz do Dia;;;Meio de Quadra;;;0;1;1;1;0;0;0;0;0;0;0;0;-3,737441250000000;-38,537550500000000
335309;14;9;2018;11:44;0;RUA LEONARDO MOTA;;;2686;;Colis?â?úo;Luz do Dia;;;Meio de Quadra;;;0;1;0;1;0;0;0;0;0;1;0;0;-3,749240000000000;-38,500580000000000
335310;14;9;2018;13:30;0;RUA GOMES PASSOS;;;244;;Colis?â?úo;Luz do Dia;;;Meio de Quadra;;;0;1;0;0;0;0;1;0;0;1;0;0;-3,712266000000000;-38,558190000000000
335311;14;9;2018;16:51;0;RUA BAR RIO BRANCO;;;2880;;Colis?â?úo;Luz do Dia;;;Meio de Quadra;;;0;1;0;0;0;0;0;0;0;0;0;0;-3,743399625000000;-38,533670000000000
335312;14;9;2018;17:33;0;RUA BUENO;;;550;;Colis?â?úo;Anoitecer;;;Meio de Quadra;;;0;1;0;1;0;1;0;0;0;0;0;0;;
335313;14;9;2018;18:11;0;AV CEL CARVALHO;;;2244;;Colis?â?úo;Anoitecer;;;Meio de Quadra;;;0;1;0;0;0;0;0;0;0;0;0;0;-3,722337859000000;-38,586638577000000
335339;14;9;2018;21:43;0;AV PRS CASTELO BRANCO;;;0;;Colis?â?úo;;;;Meio de Quadra;;;0;0;1;1;0;0;0;0;0;1;0;0;;
335336;14;9;2018;21:25;0;AV MOZART PINHEIRO DE LUCENA;;;169;;Colis?â?úo;;;;Meio de Quadra;;;0;0;1;1;0;0;0;0;0;1;0;0;-3,706685700000000;-38,592155300000000
335341;14;9;2018;21:50;11768;AV FILOMENO GOMES;AV PRS CASTELO BRANCO;;0;;Colis?â?úo;;;;T;Sem?â?íforo;Comercial;0;0;1;0;0;0;0;0;0;0;0;0;-3,715542000000000;-38,541982000000000
335342;14;9;2018;21:52;0;RUA DR ALMEIDA FILHO;;;496;;Colis?â?úo;;;;Meio de Quadra;;;0;0;1;0;0;0;0;0;0;0;0;0;-3,722985300000000;-38,559310900000000
335343;14;9;2018;22:12;0;RUA PEDRO ARTUR;;;305;;Atropelamento;;;;Meio de Quadra;;;0;1;1;0;0;0;0;0;0;1;0;0;-3,713680300000000;-38,550560700000000
335344;14;9;2018;22:29;0;AV SEN CARLOS JEREISSATI (AEROPORTO);;;0;;Colis?â?úo;;;;Meio de Quadra;;;0;1;0;0;0;0;0;0;0;1;0;0;;
331591;14;9;2018;08:15;0;AV JOR THOMAZ COELHO;;;2846;;Colis?â?úo Traseira;Luz do Dia;Bom;Seca;Meio de Quadra;Outros;Comercial;0;2;2;0;1;0;0;0;0;0;0;0;-3,828592981000000;-38,520414349000000
331598;15;9;2018;09:00;15845;RUA MANUEL CASTELO BRANCO;RUA F ESPL MESSEJANA;;0;;Colis?â?úo Lateral;Luz do Dia;Bom;Seca;T;Pare;Residencial;0;1;1;1;0;0;0;0;0;1;0;0;-3,833361000000000;-38,485924000000000
335366;15;9;2018;12:43;0;RUA OSCAR ARARIPE;;;1089;;Colis?â?úo;Luz do Dia;;;Meio de Quadra;;;0;2;0;0;0;0;0;0;0;0;0;0;-3,790651889000000;-38,601017111000000
335364;15;9;2018;12:14;3767;AV DOMINGOS OLIMPIO;AV IMPERADOR;;0;;Colis?â?úo;Luz do Dia;;;Cruz;N?â?úo H?â?í Controle;Comercial;0;1;0;1;0;0;0;0;0;1;0;0;-3,734790000000000;-38,536697000000000
335359;15;9;2018;09:10;0;RUA BERNARDO MANUEL;;;7866;;Queda;Luz do Dia;;;Meio de Quadra;;;0;1;0;0;0;1;0;0;0;0;0;0;-3,787538000000000;-38,547960000000000
335360;15;9;2018;10:33;0;AV BEZERRA DE MENEZES;;;405;;Atropelamento;Luz do Dia;;;Meio de Quadra;;;0;1;0;0;0;0;0;0;0;1;0;0;-3,732373500000000;-38,548562100000000
335361;15;9;2018;11:21;0;AV CONTORNO NORTE D71;;;1395;;Colis?â?úo;Luz do Dia;;;Meio de Quadra;;;0;1;0;0;0;0;0;0;0;1;0;0;-3,811796000000000;-38,589473000000000
335354;15;9;2018;08:37;0;RUA GABRIEL FIUZA;;;309;;Colis?â?úo;Luz do Dia;;;Meio de Quadra;;;0;1;0;0;0;0;0;0;0;1;0;0;-3,787492362000000;-38,579457766000000
335355;15;9;2018;08:51;0;RUA BARBOSA DE FREITAS;;;3060;;Colis?â?úo;Luz do Dia;;;Meio de Quadra;;;0;1;0;1;0;0;0;0;0;1;0;0;-3,737040000000000;-38,497590000000000
335351;15;9;2018;06:17;0;AV ABOLICAO;;;2194;;Colis?â?úo;Luz do Dia;;;Meio de Quadra;;;0;0;1;0;0;0;0;0;0;0;0;0;-3,726066000000000;-38,499409000000000
335352;15;9;2018;06:37;0;AV ABOLICAO;;;2208;;Colis?â?úo;Luz do Dia;;;Meio de Quadra;;;0;1;0;0;0;0;0;0;0;0;0;0;-3,726106547000000;-38,499280491000000
335348;15;9;2018;06:15;0;RD DR MENDEL STEINBRUCH;;;5083;;Colis?â?úo;Luz do Dia;;;Meio de Quadra;;;0;2;0;1;0;0;0;0;0;1;0;0;;
335349;15;9;2018;06:17;0;RUA CATOLE;;;0;;Choque c/ Obst?â?ículo Fixo;Luz do Dia;;;Meio de Quadra;;;0;1;0;1;0;0;0;0;0;0;0;0;;
335346;15;9;2018;00:06;0;RUA JOAQUIM LEITAO;;;707;;Colis?â?úo;;;;Meio de Quadra;;;0;1;0;0;0;0;0;0;0;0;0;0;-3,744300000000000;-38,592030000000000
335389;15;9;2018;23:56;3771;AV DA UNIVERSIDADE;AV DOMINGOS OLIMPIO;;0;;Atropelamento;;;;Cruz;Sem?â?íforo;Comercial;0;1;1;1;0;0;0;0;0;0;0;0;-3,735594000000000;-38,534216000000000
335368;15;9;2018;13:32;0;AV AUGUSTO DOS ANJOS;;;312;;Queda;Luz do Dia;;;Meio de Quadra;;;0;1;0;0;0;0;0;0;0;1;0;0;-3,771936000000000;-38,571749000000000
335369;15;9;2018;13:35;0;RUA NELSON MACHADO;;;637;;Colis?â?úo;Luz do Dia;;;Meio de Quadra;;;0;1;0;1;0;0;0;0;0;1;0;0;-3,743510171000000;-38,560022195000000
335370;15;9;2018;14:30;0;RUA PORTO ALEGRE;;;1515;;Colis?â?úo;Luz do Dia;;;Meio de Quadra;;;0;1;0;1;0;0;0;0;0;1;0;0;-3,759833800000000;-38,591666700000000
335371;15;9;2018;14:59;3831;AV 13 DE MAIO;RUA MAL DEODORO;;0;;Colis?â?úo;Luz do Dia;;;Cruz;Sem?â?íforo;Comercial;0;1;0;1;0;0;0;0;0;1;0;0;-3,743122000000000;-38,536588000000000
335372;15;9;2018;15:13;0;RUA PAISAGISTA;;;0;;Colis?â?úo;Luz do Dia;;;Meio de Quadra;;;0;1;1;1;0;0;0;0;0;1;0;0;;
335373;15;9;2018;16:23;0;RUA TARCISIO PEIXOTO;;;785;;Colis?â?úo;Luz do Dia;;;Meio de Quadra;;;0;1;0;1;0;0;0;0;0;1;0;0;-3,750349398000000;-38,586617928000000
335375;15;9;2018;16:38;0;RUA BARRA MANSA;;;486;;Queda;Luz do Dia;;;Meio de Quadra;;;0;1;0;0;0;1;0;0;0;0;0;0;-3,795039522000000;-38,613392131000000
335376;15;9;2018;17:58;0;RUA CEL MATOS DOURADO;;;454;;Colis?â?úo;Anoitecer;;;Meio de Quadra;;;0;1;1;0;0;1;0;0;0;1;0;0;-3,743068535000000;-38,585052070000000
335377;15;9;2018;19:36;0;RUA MANUEL RODRIGUES;;;244;;Queda;;;;Meio de Quadra;;;0;1;0;0;0;0;0;0;0;1;0;0;-3,793014400000000;-38,515155200000000
335378;15;9;2018;19:51;0;RUA ALAN KARDEC;;;1272;;Atropelamento;;;;Meio de Quadra;;;0;2;0;0;0;0;0;0;0;1;0;0;-3,767330000000000;-38,547040000000000
335379;15;9;2018;20:24;0;AV PRO JOSE ARTHUR CARVALHO;;;520;;Colis?â?úo;;;;Meio de Quadra;;;0;1;0;1;0;0;0;0;0;1;0;0;-3,826308000000000;-38,474421000000000
335380;15;9;2018;22:30;0;RUA NOSSA SRA DAS GRACAS;;;1314;;Colis?â?úo;;;;Meio de Quadra;;;0;3;1;1;0;0;0;0;0;1;0;0;-3,707430333000000;-38,562541476000000
335381;15;9;2018;23:14;0;AV II LOT EXPEDICIONARIOS II;;;33;;Queda;;;;Meio de Quadra;;;0;0;1;0;0;1;0;0;0;0;0;0;-3,805190298000000;-38,552282784000000
335382;15;9;2018;23:37;0;AV GENIBAU;;;240;;Colis?â?úo;;;;Meio de Quadra;;;0;1;0;1;0;0;0;0;0;1;0;0;-3,761273000000000;-38,597468000000000
335384;15;9;2018;23:46;0;AV AREIA BRANCA;;;184;;Queda;;;;Meio de Quadra;;;0;1;0;0;0;0;0;0;0;1;0;0;-3,728110500000000;-38,473431000000000
332911;15;9;2018;09:39;0;AV AUGUSTO DOS ANJOS;;;160;;Queda;Luz do Dia;Bom;Seca;Meio de Quadra;Sem?â?íforo;Comercial;0;1;0;0;0;0;0;0;0;1;0;0;-3,770556400000000;-38,570633000000000
332912;15;9;2018;10:26;0;AV DUQ CAXIAS;;;40;;Colis?â?úo Traseira;Luz do Dia;Bom;Seca;Meio de Quadra;N?â?úo H?â?í Controle;Comercial;0;0;2;0;1;0;0;0;0;0;0;0;-3,733343400000000;-38,525074000000000
332913;15;9;2018;08:35;0;RUA RAIMUNDO NERY;;;549;;Colis?â?úo Lateral;Luz do Dia;Bom;Seca;Meio de Quadra;Sem?â?íforo;Comercial;0;1;1;1;0;0;0;0;0;1;0;0;-3,792977000000000;-38,586900000000000
332915;15;9;2018;09:20;0;AV DES MOREIRA;;;2613;;Colis?â?úo Traseira;Luz do Dia;Bom;Seca;Meio de Quadra;N?â?úo H?â?í Controle;Comercial;0;1;1;1;0;0;0;0;1;0;0;0;-3,748478700000000;-38,502270000000000
332916;15;9;2018;14:09;0;RUA MIGUEL ARAGAO;;;775;;Colis?â?úo Transversal;Luz do Dia;Bom;Seca;Meio de Quadra;N?â?úo H?â?í Controle;Residencial;0;1;1;1;0;0;0;0;0;1;0;0;-3,833384500000000;-38,586887000000000
332917;15;9;2018;14:06;0;AV DOMINGOS OLIMPIO;;;1567;;Colis?â?úo Lateral;Luz do Dia;Bom;Seca;Meio de Quadra;N?â?úo H?â?í Controle;Comercial;0;1;1;1;0;0;0;0;0;1;0;0;-3,743036700000000;-38,527473000000000
332918;15;9;2018;13:27;5333;RUA PRC ISABEL;RUA GAL CLARINDO DE QUEIROZ;;0;;N?â?úo Informado;Luz do Dia;Bom;Seca;Cruz;Pare;Comercial;0;0;2;1;0;0;0;0;0;0;0;0;-3,730592000000000;-38,536711000000000
332919;15;9;2018;08:30;3768;AV DOMINGOS OLIMPIO;AV TRISTAO GONCALVES;;0;;N?â?úo Informado;Luz do Dia;Bom;Seca;Cruz;Sem?â?íforo;Comercial;0;0;3;1;0;0;0;0;0;1;0;0;-3,735133000000000;-38,535613000000000
332920;15;9;2018;14:00;10720;RUA TERESINA;RUA PORTO ALEGRE;;0;;Colis?â?úo Transversal;Luz do Dia;Bom;Seca;Cruz;Pare;Comercial;0;2;0;1;0;0;0;0;0;1;0;0;-3,759580000000000;-38,591844000000000
332921;15;9;2018;16:00;0;AV JOVITA FEITOSA;;;2893;;Colis?â?úo Traseira;Luz do Dia;Bom;Seca;Meio de Quadra;N?â?úo H?â?í Controle;Comercial;0;1;1;1;0;0;0;0;0;1;0;0;-3,741380200000000;-38,563652000000000
332922;15;9;2018;20:30;13534;AV SORIANO ALBUQUERQUE;RUA JOAO CORDEIRO;;0;;Atropelamento;Via Iluminada;Bom;Seca;Cruz;Pare;Comercial;0;2;0;0;0;0;0;0;0;1;0;0;-3,747871000000000;-38,519458000000000
334077;15;9;2018;03:00;0;AV WASHINGTON SOARES;;;6240;;Colis?â?úo;;;;Meio de Quadra;;;0;1;0;1;0;0;0;0;0;0;0;0;-3,813292000000000;-38,479989000000000
334074;15;9;2018;00:54;0;RUA VALPARAISO;;;220;;Colis?â?úo;;;;Meio de Quadra;;;0;1;0;0;0;0;0;0;0;0;0;0;-3,845978800000000;-38,522217400000000
336334;15;9;2018;16:35;0;AV WASHINGTON SOARES;;;1141;CENTRO DE CONVEN?âÔÇí?âÔÇóES;Colis?â?úo;Luz do Dia;;;Meio de Quadra;;;0;1;2;1;0;0;0;0;0;1;0;0;-3,758000000000000;-38,487430000000000
336335;16;9;2018;00:55;0;AV CARNEIRO DE MENDONCA;;;0;;Colis?â?úo;;;;Meio de Quadra;;;0;0;2;1;0;0;0;0;0;1;0;0;;
336336;16;9;2018;01:37;0;AV GODOFREDO MACIEL;;;0;;Colis?â?úo;;;;Meio de Quadra;;;0;0;2;0;0;0;0;0;0;1;0;0;;
336358;16;9;2018;21:30;0;AV WASHINGTON SOARES;;;3340;;Colis?â?úo;;;;Meio de Quadra;;;0;0;2;1;0;0;0;0;0;0;0;0;-3,781322100000000;-38,481407300000000
332925;16;9;2018;10:17;1576;RUA CEL JUCA;AV PDE ANTONIO TOMAS;;0;;Colis?â?úo Traseira;Luz do Dia;Bom;Seca;Cruz;Sem?â?íforo;Comercial;0;0;2;1;0;0;0;0;0;0;0;0;-3,742392000000000;-38,492803000000000
332926;16;9;2018;08:56;0;RUA OSCAR ARARIPE;;;3259;;Colis?â?úo Lateral;Luz do Dia;Bom;Seca;Meio de Quadra;N?â?úo H?â?í Controle;Residencial;0;1;1;1;0;0;0;0;0;1;0;0;-3,784790500000000;-38,619720000000000
332927;16;9;2018;14:24;0;AV CARNEIRO DE MENDONCA;;;446;;Colis?â?úo Transversal;Luz do Dia;Bom;Seca;;;;0;1;1;1;0;0;0;0;0;1;0;0;-3,765723000000000;-38,563557000000000
332928;16;9;2018;16:45;25006;RUA BENI DE CARVALHO;RUA LEONARDO MOTA;;0;;Colis?â?úo Transversal;Luz do Dia;Bom;Seca;Cruz;Sem?â?íforo;Comercial;0;0;2;1;0;0;0;0;0;0;0;0;-3,744739000000000;-38,498931000000000
332929;16;9;2018;18:28;5448;RUA METON DE ALENCAR;RUA BAR ARATANHA;;0;;Colis?â?úo Transversal;Via Iluminada;Bom;Seca;Cruz;Pare;Comercial;0;1;1;1;0;0;0;0;0;1;0;0;-3,734847000000000;-38,527028000000000