COD_ACIDENTE;DIA;MES;ANO;HORA;INTERSECAO;LOG1;LOG2;LOG3;NUMERO;REFERENCIA;NATUREZA;ILUMINACAO;TEMPO;SUPERFICIEPISTA;TIPOCRUZAMENTO;CONTROLETRAFEGO;USOSOLO;MORTOS;FERIDOS;ILESOS;AUTOMOVEL;ONIBUS;BICICLETA;CAMINHAO;MICROONIBUS;CICLOMOTOR;MOTOCICLETA;TRACAOANIMAL;TREM;LATITUDE;LONGITUDE
332930;16;9;2018;20:27;0;AV AUGUSTO DOS ANJOS;;;220;TERMINAL LAGOA;Colis?â?úo Lateral;Via Iluminada;Bom;Seca;Meio de Quadra;Sem?â?íforo;Comercial;0;1;1;1;0;0;0;0;0;1;0;0;-3,771140800000000;-38,571095000000000
332931;16;9;2018;18:30;0;RUA DOIS;;;538;;Colis?â?úo Frontal;Via Iluminada;Bom;Seca;Meio de Quadra;N?â?úo H?â?í Controle;Residencial;0;1;1;1;0;0;0;0;0;1;0;0;-3,805473800000000;-38,551727000000000
332932;16;9;2018;12:40;9192;RUA MARIO MAMEDE;RUA PAULA RODRIGUES;;0;;Colis?â?úo Transversal;Luz do Dia;Bom;Seca;Cruz;N?â?úo H?â?í Controle;Escola;0;2;0;0;0;0;0;0;0;1;0;0;-3,753285000000000;-38,526739000000000
332933;16;9;2018;16:45;0;AV BEZERRA DE MENEZES;;;2491;NORTH SHOPPING;Atropelamento;Luz do Dia;Bom;Seca;Outros;Sem?â?íforo;Comercial;0;1;1;0;1;0;0;0;0;0;0;0;-3,736001000000000;-38,566360000000000
335392;16;9;2018;01:26;0;AV GAL OSORIO DE PAIVA;;;1841;;Queda;;;;Meio de Quadra;;;0;1;0;0;0;0;0;0;0;1;0;0;-3,783347000000000;-38,578753000000000
335411;16;9;2018;05:20;0;AV DEP PAULINO ROCHA;;;429;;Colis?â?úo;Amanhecer;;;Meio de Quadra;;;0;2;0;1;0;0;0;0;0;1;0;0;;
335399;16;9;2018;02:12;0;RUA E LT PARAISO VERDE;;;441;;Queda;;;;Meio de Quadra;;;0;0;1;0;0;1;0;0;0;0;0;0;;
335400;16;9;2018;02:32;0;AV WASHINGTON SOARES;;;7250;;Queda;;;;Meio de Quadra;;;0;1;0;0;0;0;0;0;0;1;0;0;-3,819319000000000;-38,482461000000000
335401;16;9;2018;03:28;0;AV JOAO PESSOA;;;0;;Colis?â?úo;;;;Meio de Quadra;;;0;1;0;1;0;0;0;0;0;1;0;0;;
335428;16;9;2018;09:48;0;RUA RAIMUNDO G HOLANDA;;;212;;Atropelamento;Luz do Dia;;;Meio de Quadra;;;0;1;0;0;0;0;0;0;0;0;0;0;-3,791720170000000;-38,496525932000000
335424;16;9;2018;09:11;0;RUA PERNAMBUCO;;;1896;;Colis?â?úo;Luz do Dia;;;Meio de Quadra;;;0;0;1;0;0;0;0;0;0;0;0;0;;
335422;16;9;2018;08:51;0;RUA OSCAR ARARIPE;;;3260;;Colis?â?úo;Luz do Dia;;;Meio de Quadra;;;0;1;0;1;0;0;0;0;0;1;0;0;-3,784713600000000;-38,619980700000000
335414;16;9;2018;07:49;1234;AV SANTOS DUMONT;RUA ANTONIO AUGUSTO;;0;;Colis?â?úo;Luz do Dia;;;Cruz;Pare;Comercial;0;1;0;1;0;0;0;0;0;1;0;0;-3,731222000000000;-38,513733000000000
335405;16;9;2018;03:33;0;RUA OITO CJ MIRASSOL;;;180;;Colis?â?úo;;;;Meio de Quadra;;;0;1;0;0;0;0;0;0;0;0;0;0;;
335419;16;9;2018;08:00;0;RUA FILIPINAS;;;0;;Colis?â?úo;Luz do Dia;;;Meio de Quadra;;;0;2;0;1;0;0;0;0;0;1;0;0;;
335431;16;9;2018;10:36;0;AV BEIRA MAR;;;2580;;Queda;Luz do Dia;;;Meio de Quadra;;;0;1;0;0;0;1;0;0;0;0;0;0;-3,725518000000000;-38,497614000000000
335432;16;9;2018;10:47;0;RUA CAP HUGO BEZERRA;;;613;;Colis?â?úo;Luz do Dia;;;Meio de Quadra;;;0;0;2;1;0;0;0;0;0;1;0;0;-3,820749785000000;-38,509414152000000
335443;16;9;2018;18:18;0;AV GAL OSORIO DE PAIVA;;;3480;;Atropelamento;Anoitecer;;;Meio de Quadra;;;0;1;0;0;0;0;0;0;0;1;0;0;-3,791651654000000;-38,589347889000000
335447;16;9;2018;19:06;10016;RUA DUAS NACOES;RUA PRIMEIRO DE MAIO D34;;0;;Colis?â?úo;;;;;;;0;1;0;1;0;0;0;0;0;1;0;0;-3,778954000000000;-38,602600000000000
335434;16;9;2018;11:28;14680;AV OLIVEIRA PAIVA;RUA LIDIA BRIGIDO;;0;;Colis?â?úo;Luz do Dia;;;Cruz;Sem?â?íforo;Comercial;0;2;0;1;0;0;0;0;0;1;0;0;-3,796087000000000;-38,484139000000000
335435;16;9;2018;12:14;0;RUA ZENILO ALMADA;;;72;;Colis?â?úo;Luz do Dia;;;Meio de Quadra;;;0;1;0;1;0;0;0;0;0;1;0;0;;
335436;16;9;2018;13:44;0;RUA ITAJAI;;;990;;Colis?â?úo;Luz do Dia;;;Meio de Quadra;;;0;1;0;1;0;0;0;0;0;1;0;0;-3,784510000000000;-38,596060000000000
335437;16;9;2018;13:50;0;AV GAL OSORIO DE PAIVA;;;1816;;Capotamento;Luz do Dia;;;Meio de Quadra;;;0;3;0;1;0;0;0;0;0;0;0;0;-3,782867500000000;-38,577899500000000
335438;16;9;2018;14:00;0;RUA MANAUS;;;408;;Colis?â?úo;Luz do Dia;;;Meio de Quadra;;;0;1;0;0;0;0;0;0;0;0;0;0;-3,751428100000000;-38,590220000000000
335439;16;9;2018;15:35;0;RUA CAP CLOVIS MAIA;;;3839;;Atropelamento;Luz do Dia;;;Meio de Quadra;;;0;1;0;1;0;0;0;0;0;0;0;0;-3,738230000000000;-38,453920000000000
335440;16;9;2018;15:39;0;AV BEZERRA DE MENEZES;;;0;;Atropelamento;Luz do Dia;;;Meio de Quadra;;;0;1;1;0;1;0;0;0;0;0;0;0;;
335449;16;9;2018;19:20;0;RUA SEBASTIAO DE SOUZA;;;950;;Choque c/ Obst?â?ículo Fixo;;;;Meio de Quadra;;;0;1;0;0;0;0;0;0;0;1;0;0;-3,773287000000000;-38,597430600000000
335451;16;9;2018;19:36;0;RUA CEL MATOS DOURADO;;;0;;Queda;;;;Meio de Quadra;;;0;1;0;0;0;0;0;0;0;1;0;0;;
335452;16;9;2018;20:17;24556;AV MOZART PINHEIRO DE LUCENA;RUA 8 CJ NOVA ASSUNCAO;;0;;Colis?â?úo;;;;Cruz;Pare;Rural;0;1;0;1;0;0;0;0;0;1;0;0;-3,711064000000000;-38,593604000000000
335453;16;9;2018;20:51;0;RUA TEBAS;;;1137;;Colis?â?úo;;;;Meio de Quadra;;;0;0;2;0;0;0;0;0;0;1;0;0;-3,811950000000000;-38,619400000000000
335454;16;9;2018;21:56;0;AV DR SILAS MUNGUBA;;;0;;Queda;;;;Meio de Quadra;;;0;1;0;0;0;0;0;0;0;1;0;0;;
335455;16;9;2018;22:29;11433;RUA PDE FRANCISCO PITA;RUA DES CARVALHO LIMA D56;;0;;Queda;;;;Cruz;Pare;Residencial;0;1;0;0;0;0;0;0;0;1;0;0;-3,781360000000000;-38,500420000000000
331609;16;9;2018;09:15;26199;AV AUGUSTO DOS ANJOS;TR FILIPINAS;;0;;Colis?â?úo Frontal;Luz do Dia;Bom;Seca;T;Sem?â?íforo Intermitente;Residencial;0;1;1;1;0;0;0;0;0;1;0;0;-3,773819000000000;-38,573513000000000
331603;16;9;2018;23:15;0;AV ALBERTO CRAVEIRO;;;2222;;Colis?â?úo Traseira;Via Iluminada;Bom;Seca;Meio de Quadra;Sem?â?íforo;Comercial;0;1;1;0;0;0;0;0;0;1;0;0;-3,798762000000000;-38,518798000000000
331624;16;9;2018;16:25;0;RUA SEN ROBERT KENNEDY;;;830;;Colis?â?úo;Luz do Dia;;;Meio de Quadra;;;1;0;1;0;0;1;0;0;0;0;0;0;-3,707063000000000;-38,580444000000000
331625;16;9;2018;21:45;0;RUA GAL BERNARDO FIGUEIREDO;;;169;;Atropelamento;;;;Meio de Quadra;;;1;2;0;0;0;0;0;0;0;1;0;0;-3,739237000000000;-38,549694000000000
331627;16;9;2018;05:20;0;AV DEP PAULINO ROCHA;;;1001;;Choque c/ Obst?â?ículo Fixo;Amanhecer;;;Meio de Quadra;;;1;0;0;0;0;0;0;0;0;1;0;0;-3,807640000000000;-38,508270000000000
331617;17;9;2018;07:00;5816;AV DES GONZAGA;RUA FIS PERDIGAO;;0;;Colis?â?úo Transversal;Luz do Dia;Nublado;Molhada;Duplo T;N?â?úo H?â?í Controle;Comercial;0;0;3;1;0;0;0;0;0;1;0;0;-3,799887000000000;-38,498202000000000
338473;17;9;2018;16:10;0;RD BR 116;;;3000;KM-03;Queda;Luz do Dia;;;Meio de Quadra;;;0;1;0;0;0;0;0;0;0;1;0;0;-3,779838000000000;-38,514372000000000
338482;17;9;2018;20:40;0;RD BR 116;;;13000;KM-13;Colis?â?úo Traseira;Luz do Dia;;;Meio de Quadra;;;0;1;1;1;0;0;0;0;0;1;0;0;-3,864670000000000;-38,497727000000000
335201;17;9;2018;07:30;0;RD BR 116;;;5000;;Colis?â?úo Traseira;Luz do Dia;;;Meio de Quadra;;;0;2;0;0;0;0;0;0;0;1;0;0;-3,796502000000000;-38,506787000000000
335202;17;9;2018;11:18;0;RUA PRO PAULO LOPES;;;118;;Colis?â?úo;Luz do Dia;;;Meio de Quadra;;;0;1;0;1;0;1;0;0;0;0;0;0;-3,757291043000000;-38,584207192000000
335203;17;9;2018;12:18;0;RUA RAIMUNDO FROTA;;;551;;Colis?â?úo;Luz do Dia;;;Meio de Quadra;;;0;1;0;0;0;0;0;0;0;1;0;0;-3,714776724000000;-38,586285298000000
335204;17;9;2018;12:51;0;RUA MANUEL MOURA;;;549;;Colis?â?úo;Luz do Dia;;;Meio de Quadra;;;0;1;0;0;0;0;0;0;0;1;0;0;;
335205;17;9;2018;13:48;23684;RUA GABRIEL FIUZA;RUA COSTA FREIRE;;0;;Colis?â?úo;Luz do Dia;;;Cruz;Pare;Residencial;0;1;0;0;0;0;0;0;0;0;0;0;-3,787067000000000;-38,579907000000000
335206;17;9;2018;17:41;0;RUA CARLOS CHAGAS;;;983;;Atropelamento;Anoitecer;;;Meio de Quadra;;;0;1;1;1;0;0;0;0;0;0;0;0;-3,779148200000000;-38,588689000000000
335207;17;9;2018;17:41;0;RUA HOLANDA;;;1000;;Colis?â?úo;Anoitecer;;;Meio de Quadra;;;0;1;0;1;0;0;0;0;0;1;0;0;-3,800572000000000;-38,561168001000000
335208;17;9;2018;17:49;5356;RUA GAL SAMPAIO;AV DUQ CAXIAS;;0;;Colis?â?úo;Anoitecer;;;Cruz;Sem?â?íforo;Comercial;0;1;0;1;0;0;0;0;0;1;0;0;-3,731096000000000;-38,532029000000000
335209;17;9;2018;17:47;0;RUA CON DE CASTRO;;;3032;;Colis?â?úo;Anoitecer;;;Meio de Quadra;;;0;1;0;0;0;0;0;0;0;1;0;0;-3,795357000000000;-38,583003000000000
335210;17;9;2018;17:51;0;RUA ALFA;;;84;;Colis?â?úo;Anoitecer;;;Meio de Quadra;;;0;1;0;0;0;0;0;0;0;0;0;0;-3,794733000000000;-38,570334000000000
335211;17;9;2018;18:23;17421;AV PRO GOMES DE MATOS;RUA TRES MARIAS D39 (MONTESE);;0;;Colis?â?úo;Anoitecer;;;;;;0;1;0;0;1;0;0;0;0;0;0;0;-3,768334000000000;-38,551793000000000
335212;17;9;2018;18:44;0;RUA CEL MATOS DOURADO;;;0;;Colis?â?úo;;;;Meio de Quadra;;;0;1;0;1;0;1;0;0;0;0;0;0;;
335214;17;9;2018;18:54;5079;RUA SAO PAULO;RUA AGAPITO DOS SANTOS;;0;;Colis?â?úo;;;;Cruz;Pare;Residencial;0;1;0;1;0;0;0;0;0;1;0;0;-3,722650000000000;-38,537811000000000
335215;17;9;2018;19:17;0;AV DOM MANUEL;;;1071;;Colis?â?úo;;;;Meio de Quadra;;;0;1;0;0;0;0;0;0;0;1;0;0;-3,733557810000000;-38,522802190000000
335216;17;9;2018;19:25;0;RUA DOM SILVERIO D60;;;362;;Queda;;;;Meio de Quadra;;;0;1;0;0;0;0;0;0;0;1;0;0;-3,826772896000000;-38,482576730000000
335217;17;9;2018;20:55;0;RUA TERTULIANO SALES;;;306;;Colis?â?úo;;;;Meio de Quadra;;;0;1;0;1;0;0;0;0;0;1;0;0;-3,761525418000000;-38,531053345000000
335198;17;9;2018;05:00;0;AV CARNEIRO DE MENDONCA;;;485;;Colis?â?úo;Amanhecer;;;Meio de Quadra;;;0;1;0;1;0;0;0;0;0;1;0;0;-3,765627000000000;-38,563646000000000
335199;17;9;2018;06:13;0;AV GAL OSORIO DE PAIVA;;;0;;Colis?â?úo;Luz do Dia;;;Meio de Quadra;;;0;1;0;1;0;0;0;0;0;1;0;0;;
332934;17;9;2018;07:30;5709;AV OLIVEIRA PAIVA;AV DES GONZAGA;;0;;N?â?úo Informado;Luz do Dia;Bom;Seca;Cruz;Sem?â?íforo;Comercial;0;1;2;1;0;0;0;0;0;1;0;0;-3,797165000000000;-38,499953000000000
332935;17;9;2018;08:53;0;RUA GUILHERME ROCHA;;;1577;;Colis?â?úo Traseira;Luz do Dia;Bom;Seca;Meio de Quadra;Sem?â?íforo;Comercial;0;0;2;0;1;0;0;0;0;0;0;0;-3,723079000000000;-38,540030000000000
332936;17;9;2018;10:31;2469;AV 20 DE JANEIRO;RUA ALBERTO DE OLIVEIRA;;0;;Colis?â?úo Transversal;Luz do Dia;Bom;Seca;Cruz;D?â?¬ Prefer?â?¬ncia;Industrial;0;0;2;1;0;0;0;0;0;1;0;0;-3,708286000000000;-38,575648000000000
332937;17;9;2018;09:30;25027;AV DR SILAS MUNGUBA;RUA PRA STELLA COCHRANE;;0;;Colis?â?úo Traseira;Luz do Dia;Bom;Seca;T;Sem?â?íforo;Residencial;0;0;2;1;0;0;0;0;0;1;0;0;-3,793090000000000;-38,535043000000000
332938;17;9;2018;08:30;0;RUA MANUEL JESUINO;;;446;;Choque c/ Obst?â?ículo Fixo;Luz do Dia;Bom;Seca;Meio de Quadra;N?â?úo H?â?í Controle;Residencial;0;0;1;0;0;0;0;0;0;0;0;0;-3,729496500000000;-38,485120000000000
332939;17;9;2018;11:46;14450;RUA HENRIQUE ELERY;AV SGT HERMINIO SAMPAIO;;0;;Colis?â?úo Lateral;Luz do Dia;Bom;Seca;T;N?â?úo H?â?í Controle;Comercial;0;1;1;1;0;0;0;0;0;1;0;0;-3,726244000000000;-38,559779000000000
332940;17;9;2018;14:50;0;AV BEZERRA DE MENEZES;;;2275;;Colis?â?úo Traseira;Luz do Dia;Bom;Seca;Meio de Quadra;N?â?úo H?â?í Controle;Residencial;0;1;1;1;0;0;0;0;0;1;0;0;-3,735902300000000;-38,565080000000000
332941;17;9;2018;12:44;5450;RUA ANTONIO POMPEU;RUA MAJ FACUNDO;;0;;Colis?â?úo Transversal;Luz do Dia;Bom;Seca;Cruz;Pare;Residencial;0;2;1;1;0;0;0;0;0;1;0;0;-3,734923000000000;-38,530216000000000
332942;17;9;2018;15:35;17479;RUA SEN MACHADO D48;RUA TEREZA HINKO;;0;;Colis?â?úo Transversal;Luz do Dia;Bom;Seca;Cruz;N?â?úo H?â?í Controle;Comercial;0;0;2;1;0;0;0;0;0;0;0;0;-3,724539000000000;-38,484407000000000
332943;17;9;2018;15:32;0;RUA GERMANO FRANCK;;;0;TERMINAL PARANGABA;Colis?â?úo Lateral;Luz do Dia;Bom;Seca;Meio de Quadra;Sem?â?íforo;Comercial;0;0;2;0;1;0;0;0;0;0;0;0;-3,776556700000000;-38,561363000000000
332944;17;9;2018;18:39;12926;AV ANTONIO SALES;AV VIS RIO BRANCO;;0;;Colis?â?úo Lateral;Via Iluminada;Bom;Seca;Cruz;Sem?â?íforo;Comercial;0;0;2;1;0;0;0;0;0;0;0;0;-3,738574000000000;-38,523589000000000
332946;17;9;2018;17:40;15903;RUA BAR AQUIRAZ;RUA OSCAR LEITAO;;0;;Colis?â?úo Transversal;Anoitecer;Bom;Seca;T;Pare;Residencial;0;0;1;1;0;0;0;0;0;0;0;0;-3,836248000000000;-38,488792000000000
332947;17;9;2018;18:45;15903;RUA BAR AQUIRAZ;RUA OSCAR LEITAO;;0;;Colis?â?úo Lateral;Via Iluminada;Bom;Seca;T;Pare;Residencial;0;0;2;0;0;0;0;0;0;1;0;0;-3,836248000000000;-38,488792000000000
332948;17;9;2018;16:15;13156;AV D CJ JOSE WALTER;AV J CJ JOSE WALTER;;0;;Colis?â?úo Lateral;Luz do Dia;Bom;Seca;Rotat?â??ria;N?â?úo H?â?í Controle;Residencial;0;1;1;1;0;0;0;0;0;1;0;0;-3,831599000000000;-38,555832000000000
332949;17;9;2018;20:57;0;AV CHANC EDSON QUEIROZ;;;111;;Choque c/ Obst?â?ículo Fixo;Via Iluminada;Bom;Seca;Meio de Quadra;N?â?úo H?â?í Controle;Residencial;0;0;1;1;0;0;0;0;0;0;0;0;-3,767074600000000;-38,486137000000000
332950;17;9;2018;21:23;0;AV DOM MANUEL;AV PRS CASTELO BRANCO;;0;;Colis?â?úo Lateral;Via Iluminada;Bom;Seca;Meio de Quadra;Sem?â?íforo;Comercial;0;0;2;1;0;0;0;0;0;0;0;0;-3,723403500000000;-38,519825000000000
332961;17;9;2018;21:00;19949;RUA FRANCISCO LORDA;RUA ALBERTO MONTEZUMA;;0;;Colis?â?úo Transversal;Via Iluminada;Bom;Seca;Cruz;N?â?úo H?â?í Controle;Comercial;0;1;1;1;0;0;0;0;0;1;0;0;-3,761900000000000;-38,531928000000000
336359;17;9;2018;11:00;0;LOGRADOURO SEM NOME;;;0;;Colis?â?úo;Luz do Dia;;;Meio de Quadra;;;0;0;2;1;0;0;0;0;0;0;0;0;;
336360;17;9;2018;11:30;0;RUA PEDRO DANTAS;;;299;;Colis?â?úo;Luz do Dia;;;Meio de Quadra;;;0;0;2;0;1;0;0;0;0;0;0;0;-3,786230000000000;-38,520137000000000
331752;17;9;2018;20:25;0;AV WASHINGTON SOARES;;;8157;;Colis?â?úo Transversal;;;;Meio de Quadra;;;1;0;1;1;0;1;0;0;0;0;0;0;-3,823132286000000;-38,481305714000000
331737;17;9;2018;18:45;0;AV DR THEBERGE;;;1627;;Atropelamento;;;;Meio de Quadra;;;1;1;0;0;0;0;0;0;0;1;0;0;-3,715403000000000;-38,565185000000000
331755;18;9;2018;10:20;4114;RUA LUCAS PINTO;AV PRS CASTELO BRANCO;;0;;Atropelamento;Luz do Dia;;;T;Pare;Comercial;1;1;0;0;0;0;0;0;0;1;0;0;-3,711416000000000;-38,558025000000000
336362;18;9;2018;09:00;0;AV BEIRA MAR;;;2020;;Choque c/ Obst?â?ículo Fixo;Luz do Dia;;;Meio de Quadra;;;0;0;1;0;0;0;0;0;0;0;0;0;-3,724254501000000;-38,502134000000000
332951;18;9;2018;08:10;1386;AV SEN VIRGILIO TAVORA;RUA MARIA TOMASIA;;0;;Colis?â?úo Transversal;Luz do Dia;Bom;Seca;Cruz;Sem?â?íforo;Comercial;0;1;1;1;0;0;0;0;0;1;0;0;-3,736801000000000;-38,493150000000000
332952;18;9;2018;07:30;605;AV FRANCISCO SA;RUA TEODORO CABRAL;;0;;Colis?â?úo Frontal;Luz do Dia;Bom;Seca;Cruz;Pare;Residencial;0;1;1;1;0;0;0;0;0;1;0;0;-3,714432000000000;-38,566115000000000
332953;18;9;2018;08:50;25311;RUA ANTENOR ROCHA ALEXANDRE;RUA JOAO REGINO;;0;;Colis?â?úo Transversal;Luz do Dia;Bom;Seca;Cruz;Pare;Residencial;0;1;1;1;0;0;0;0;0;0;0;0;-3,792178000000000;-38,482810000000000
332954;18;9;2018;14:58;12887;AV VIS RIO BRANCO;RUA ABAIARA;;0;;Colis?â?úo Lateral;Luz do Dia;Bom;Seca;Cruz;N?â?úo H?â?í Controle;Comercial;0;1;1;1;0;0;0;0;0;1;0;0;-3,739966000000000;-38,523296000000000
332955;18;9;2018;17:00;23039;AV DR SILAS MUNGUBA;RUA PARAGUACU D45;;0;;Colis?â?úo Traseira;Via Iluminada;Bom;Seca;Cruz;Sem?â?íforo;Comercial;0;0;1;1;0;0;0;0;0;1;0;0;-3,790248000000000;-38,540724000000000
332956;18;9;2018;22:04;5036;RUA PESSOA ANTA;RUA BORIS;;0;;Colis?â?úo Transversal;Via Iluminada;Bom;Seca;Cruz;N?â?úo H?â?í Controle;Comercial;0;1;1;1;0;0;0;0;0;1;0;0;-3,720976000000000;-38,521017000000000
332982;18;9;2018;19:57;0;AV JOSE BASTOS;;;0;;Colis?â?úo Traseira;Via Iluminada;Bom;Seca;Meio de Quadra;N?â?úo H?â?í Controle;Comercial;0;1;1;1;0;0;0;0;0;1;0;0;-3,746493800000000;-38,546722000000000
335218;18;9;2018;08:31;12819;RUA ANDRE CHAVES;AV PRO GOMES DE MATOS;;0;;Queda;Luz do Dia;;;Cruz;Sem?â?íforo;Comercial;0;1;0;0;0;0;0;0;0;1;0;0;-3,756396000000000;-38,541533000000000
335219;18;9;2018;09:53;0;RUA PRIMEIRO DE JANEIRO;;;555;;Colis?â?úo;Luz do Dia;;;Meio de Quadra;;;0;1;1;1;0;0;0;0;0;1;0;0;-3,786188000000000;-38,561612000000000
335220;18;9;2018;10:03;1714;RUA TEN ROMA;AV GOV RAUL BARBOSA;;0;;Colis?â?úo;Luz do Dia;;;T;Pare;Comercial;0;1;0;1;0;0;0;0;0;1;0;0;-3,766728000000000;-38,509033000000000
335221;18;9;2018;10:55;0;AV OLIVEIRA PAIVA;;;0;;Colis?â?úo;Luz do Dia;;;Meio de Quadra;;;0;1;0;1;0;1;0;0;0;0;0;0;;
335222;18;9;2018;11:06;0;RUA ARTUR DE CARVALHO;;;2220;;Colis?â?úo;Luz do Dia;;;Meio de Quadra;;;0;1;0;1;0;0;0;0;0;1;0;0;;
335223;18;9;2018;11:25;0;AV OLIVEIRA PAIVA;;;1881;;Colis?â?úo;Luz do Dia;;;Meio de Quadra;;;0;1;0;1;0;0;0;0;0;0;0;0;-3,795965000000000;-38,490135000000000
335224;18;9;2018;13:03;0;RUA PRO PAULO LOPES;;;0;;Colis?â?úo;Luz do Dia;;;Meio de Quadra;;;0;1;0;1;0;0;0;0;0;1;0;0;;
335225;18;9;2018;14:05;0;RUA ALFREDO MAMEDE;;;0;;Colis?â?úo;Luz do Dia;;;Meio de Quadra;;;0;1;0;1;0;0;0;0;0;1;0;0;;
335226;18;9;2018;17:01;0;AV SEN CARLOS JEREISSATI (AEROPORTO);;;0;;Colis?â?úo;Anoitecer;;;;;;0;1;0;0;0;0;0;0;0;0;0;0;;
335288;18;9;2018;17:11;0;RUA DOM JERONIMO D06;;;20;;Colis?â?úo;Anoitecer;;;Meio de Quadra;;;0;1;0;1;0;0;0;0;0;1;0;0;-3,731577889000000;-38,543777000000000
335323;18;9;2018;18:21;25018;RUA TEODOMIRO DE CASTRO;RUA FRANCISCO CALACA;;0;;Outros;Anoitecer;;;T;N?â?úo H?â?í Controle;Comercial;0;1;0;0;0;0;0;0;0;0;0;0;-3,717748000000000;-38,574380000000000
335324;18;9;2018;18:39;171;AV SGT HERMINIO SAMPAIO;RUA DR JOAO GUILHERME;;0;;Colis?â?úo;;;;;;;0;2;0;0;0;0;0;0;0;1;0;0;-3,733942000000000;-38,588672000000000
335325;18;9;2018;19:01;21373;RUA OTAVIO JUSTA;AV JOVITA FEITOSA;;0;;Colis?â?úo;;;;;;;0;1;0;1;0;0;0;0;0;1;0;0;-3,737944000000000;-38,547209000000000
335326;18;9;2018;19:07;10944;RUA LIVINO DE CARVALHO;RUA ZACARIAS GONDIM;;0;;Colis?â?úo;;;;Cruz;Pare;Residencial;0;1;0;1;0;0;0;0;0;1;0;0;-3,770836000000000;-38,559435000000000
335327;18;9;2018;19:12;0;RUA SEBASTIAO DE ABREU;;;0;;Atropelamento;;;;Meio de Quadra;;;0;1;0;1;0;0;0;0;0;0;0;0;;
335328;18;9;2018;19:49;0;AV SEN FERNANDES TAVORA;;;653;;Queda;;;;Meio de Quadra;;;0;1;0;0;0;1;0;0;0;0;0;0;-3,765632600000000;-38,576042900000000
335329;18;9;2018;21:37;5036;RUA PESSOA ANTA;RUA BORIS;;0;;Colis?â?úo;;;;Cruz;N?â?úo H?â?í Controle;Comercial;0;1;0;1;0;0;0;0;0;1;0;0;-3,720976000000000;-38,521017000000000
335330;18;9;2018;22:41;0;AV SEN CARLOS JEREISSATI (AEROPORTO);;;0;;Colis?â?úo;;;;Meio de Quadra;;;0;1;1;0;0;1;0;0;0;1;0;0;;
338469;18;9;2018;19:00;0;RD BR 116;;;14000;KM-14;Atropelamento;;;;Meio de Quadra;;;0;1;1;1;0;0;0;0;0;0;0;0;-3,873523000000000;-38,499242000000000
338479;19;9;2018;17:50;0;RD BR 116;;;3000;KM-03;Colis?â?úo Lateral;Anoitecer;;;Meio de Quadra;;;0;0;2;1;0;0;0;0;0;0;0;0;-3,779838000000000;-38,514372000000000
338480;19;9;2018;14:30;0;RD BR 116;;;1000;KM-01;Engavetamento;Luz do Dia;;;Meio de Quadra;;;0;2;2;1;1;0;0;0;0;0;0;0;-3,762554000000000;-38,518702000000000
335331;19;9;2018;07:47;6749;RUA DR GILBERTO STUDART;RUA BATISTA DE OLIVEIRA;;0;;Colis?â?úo;Luz do Dia;;;Cruz;Pare;Residencial;0;1;1;1;0;0;0;0;0;1;0;0;-3,743734000000000;-38,480581000000000
335332;19;9;2018;08:03;0;RUA ANTONIO COSTA MENDES (PQ S?âãÆO JOS?âÔÇ?);;;1325;;Colis?â?úo;Luz do Dia;;;Meio de Quadra;;;0;2;0;1;0;0;0;0;0;1;0;0;-3,793300000000000;-38,586710000000000
335333;19;9;2018;08:15;0;RUA BAR SOBRAL;;;897;;Colis?â?úo;Luz do Dia;;;Meio de Quadra;;;0;1;0;1;0;0;0;0;0;1;0;0;-3,765460834000000;-38,556983667000000
335334;19;9;2018;09:11;0;RUA BERNARDO MANUEL;;;9226;;Colis?â?úo;Luz do Dia;;;Meio de Quadra;;;0;1;0;1;0;0;0;0;0;1;0;0;-3,800293569000000;-38,551900215000000
335335;19;9;2018;10:54;0;AV PRS JUSCELINO KUBITSCHEK (PASSAR?âÔÇ?);;;3654;;Colis?â?úo;Luz do Dia;;;Meio de Quadra;;;0;1;0;1;0;0;0;0;0;1;0;0;;
335337;19;9;2018;11:10;0;RUA JULIO AZEVEDO;;;82;;Colis?â?úo;Luz do Dia;;;Meio de Quadra;;;0;1;0;1;0;0;0;0;0;1;0;0;-3,732449000000000;-38,475700000000000
335338;19;9;2018;11:29;0;AV JOR THOMAZ COELHO;;;2904;;Colis?â?úo;Luz do Dia;;;Meio de Quadra;;;0;1;0;1;0;0;0;0;0;1;0;0;-3,828679212000000;-38,521079508000000
335456;19;9;2018;11:29;0;AV JOR THOMAZ COELHO;;;2904;;Colis?â?úo;Luz do Dia;;;Meio de Quadra;;;0;1;0;1;0;0;0;0;0;1;0;0;-3,828679212000000;-38,521079508000000
335457;19;9;2018;11:45;0;AV SEN VIRGILIO TAVORA;;;2630;;Colis?â?úo;Luz do Dia;;;Meio de Quadra;;;0;1;0;1;0;0;0;0;0;1;0;0;-3,750229000000000;-38,497431000000000
335458;19;9;2018;13:51;0;AV ZEZE DIOGO;;;833;;Colis?â?úo;Luz do Dia;;;Meio de Quadra;;;0;1;0;1;0;0;0;0;0;1;0;0;-3,714275500000000;-38,465802000000000