COD_ACIDENTE;DIA;MES;ANO;HORA;INTERSECAO;LOG1;LOG2;LOG3;NUMERO;REFERENCIA;NATUREZA;ILUMINACAO;TEMPO;SUPERFICIEPISTA;TIPOCRUZAMENTO;CONTROLETRAFEGO;USOSOLO;MORTOS;FERIDOS;ILESOS;AUTOMOVEL;ONIBUS;BICICLETA;CAMINHAO;MICROONIBUS;CICLOMOTOR;MOTOCICLETA;TRACAOANIMAL;TREM;LATITUDE;LONGITUDE
335459;19;9;2018;14:02;0;RUA CAMELIA;;;257;;Atropelamento;Luz do Dia;;;Meio de Quadra;;;0;2;0;0;0;0;0;0;0;1;0;0;-3,708927963000000;-38,563808889000000
335460;19;9;2018;14:36;10110;RUA MIRTES CORDEIRO;RUA MARIA JULIA;;0;;Colis?â?úo;Luz do Dia;;;Cruz;Pare;Residencial;0;1;0;1;0;0;0;0;0;1;0;0;-3,789049000000000;-38,598846000000000
335461;19;9;2018;;24372;RUA ALM RUFINO;AV LUCIANO CARNEIRO;;0;;Colis?â?úo;;;;Cruz;Sem?â?íforo;Comercial;0;1;0;1;0;0;0;0;0;1;0;0;-3,766580000000000;-38,537195000000000
335462;19;9;2018;15:57;25436;AV WASHINGTON SOARES;AV DES FLORIANO BENEVIDES;;0;;Queda;Luz do Dia;;;;;;0;1;0;0;0;0;0;0;0;1;0;0;-3,772881000000000;-38,481908000000000
335464;19;9;2018;16:16;0;RUA CEL MATOS DOURADO;;;353;;Colis?â?úo;Luz do Dia;;;Meio de Quadra;;;0;1;1;0;0;0;1;0;0;1;0;0;-3,756198762000000;-38,583797762000000
335465;19;9;2018;16:55;24893;AV MAJ ASSIS;RUA ANTONIO ARRUDA;;0;;Atropelamento;Luz do Dia;;;Cruz;Pare;Residencial;0;1;1;0;0;0;0;0;0;1;0;0;-3,722056000000000;-38,594566000000000
335466;19;9;2018;17:18;0;RUA ADONIRAN BARBOSA;;;110;;Queda;Anoitecer;;;Meio de Quadra;;;0;1;0;0;0;0;0;0;0;1;0;0;-3,842200000000000;-38,470130000000000
335467;19;9;2018;17:26;10726;RUA CURITIBA;RUA PRO HERIBALDO COSTA;;0;;Colis?â?úo;Anoitecer;;;;;;0;1;0;1;0;0;0;0;0;0;0;0;-3,759992000000000;-38,583853000000000
335468;19;9;2018;18:56;0;RUA VITORIA;;;0;;Colis?â?úo;Anoitecer;;;Meio de Quadra;;;0;1;1;0;0;0;0;0;0;1;0;0;;
335469;19;9;2018;19:38;0;AV LINEU MACHADO;;;246;;Colis?â?úo;;;;Meio de Quadra;;;0;1;0;1;0;0;0;0;0;1;0;0;-3,762706500000000;-38,575218500000000
335470;19;9;2018;19:40;0;AV GOV RAUL BARBOSA;;;300;;Colis?â?úo;;;;Meio de Quadra;;;0;1;0;0;0;0;0;0;0;1;0;0;-3,716620400000000;-38,473259500000000
335471;19;9;2018;21:05;0;AV LEITE BARBOSA;;;0;;Atropelamento;;;;Meio de Quadra;;;0;1;0;0;0;0;0;0;0;1;0;0;;
335472;19;9;2018;21:55;0;RUA CON DE CASTRO;;;4702;;Colis?â?úo;;;;Meio de Quadra;;;0;1;0;0;0;0;0;0;0;0;0;0;-3,806768000000000;-38,593551000000000
335473;19;9;2018;22:32;0;RUA ASP MENDES;;;240;;Colis?â?úo;;;;Meio de Quadra;;;0;1;0;1;0;0;0;0;0;1;0;0;-3,764327031000000;-38,514986438000000
332957;19;9;2018;08:04;3177;RUA ANSELMO NOGUEIRA;RUA CARLOS CHAGAS;;0;;Colis?â?úo Transversal;Luz do Dia;Bom;Seca;Cruz;Pare;Residencial;0;2;2;1;0;0;0;0;0;1;0;0;-3,779698000000000;-38,586797000000000
332958;19;9;2018;10:15;5718;RUA CON BRAVEZA;RUA JOAO LEONEL;;0;;Colis?â?úo Transversal;Luz do Dia;Nublado;Seca;Cruz;Pare;Residencial;0;1;1;1;0;0;0;0;0;1;0;0;-3,800039000000000;-38,496834000000000
332959;19;9;2018;10:31;0;AV PRS CASTELO BRANCO;;;1223;;Colis?â?úo Transversal;Luz do Dia;Bom;Seca;Meio de Quadra;N?â?úo H?â?í Controle;Comercial;0;0;2;0;0;0;0;0;0;1;0;0;-3,718288000000000;-38,534916000000000
332960;19;9;2018;09:04;13410;RUA JOAQUIM TORRES;RUA ANTONIO AUGUSTO;;0;;Colis?â?úo Transversal;Luz do Dia;Bom;Seca;Cruz;Pare;Residencial;0;3;0;1;0;0;0;0;0;0;0;0;-3,741755000000000;-38,517263000000000
332962;19;9;2018;15:00;1333;RUA BARBOSA DE FREITAS;RUA MARIA TOMASIA;;0;;Colis?â?úo Transversal;Luz do Dia;Bom;Seca;Cruz;Pare;Comercial;0;1;1;1;0;1;0;0;0;0;0;0;-3,735546000000000;-38,497042000000000
332963;19;9;2018;14:30;0;RUA METON DE ALENCAR;;;534;;Colis?â?úo Traseira;Luz do Dia;Bom;Seca;Meio de Quadra;N?â?úo H?â?í Controle;Comercial;0;0;2;1;0;0;0;0;0;0;0;0;-3,734212000000000;-38,528954000000000
332964;19;9;2018;14:38;0;RUA ESV PINHEIRO;;;4100;;Colis?â?úo Transversal;Luz do Dia;Bom;Seca;Meio de Quadra;N?â?úo H?â?í Controle;Residencial;0;0;2;1;0;0;0;0;0;1;0;0;-3,757683800000000;-38,507830000000000
332965;19;9;2018;17:01;7629;RUA ALAGOAS;RUA STA CATARINA (BELA VISTA / PAN AMERICANO);;0;;Colis?â?úo;Luz do Dia;Bom;Seca;Cruz;Pare;Residencial;0;1;1;1;0;0;0;0;0;1;0;0;-3,760356000000000;-38,569550000000000
332966;19;9;2018;17:06;0;AV PRS COSTA E SILVA;;;4305;;Colis?â?úo Lateral;Luz do Dia;Bom;Seca;Meio de Quadra;N?â?úo H?â?í Controle;Comercial;0;1;1;0;0;0;0;0;0;1;0;0;-3,825221000000000;-38,541610000000000
332967;19;9;2018;20:37;0;AV GODOFREDO MACIEL;;;2900;;Colis?â?úo Lateral;Via Iluminada;Bom;Seca;Meio de Quadra;Sem?â?íforo;Comercial;0;0;2;1;1;0;0;0;0;0;0;0;-3,800286000000000;-38,571224000000000
332968;19;9;2018;19:50;0;AV GOV RAUL BARBOSA;;;3329;;Colis?â?úo Lateral;Via Iluminada;Bom;Seca;Meio de Quadra;N?â?úo H?â?í Controle;Residencial;0;1;1;1;0;0;0;0;0;1;0;0;-3,756409200000000;-38,504417000000000
332969;20;9;2018;08:12;0;RUA GAL SAMPAIO;;;1572;;Colis?â?úo Traseira;Luz do Dia;Bom;Seca;Meio de Quadra;N?â?úo H?â?í Controle;Comercial;0;0;2;1;0;0;0;0;0;1;0;0;-3,732560200000000;-38,532530000000000
332970;20;9;2018;08:58;2356;RUA SEN ROBERT KENNEDY;RUA ESTEVAO DE CAMPOS;;0;;Colis?â?úo Transversal;Luz do Dia;Bom;Seca;Cruz;Pare;Residencial;0;0;2;1;0;0;0;0;0;0;0;0;-3,705131000000000;-38,579516000000000
332971;20;9;2018;07:10;0;RUA ANDRADE FURTADO;;;2125;;Colis?â?úo Traseira;Luz do Dia;Bom;Seca;Meio de Quadra;N?â?úo H?â?í Controle;Comercial;0;0;1;0;0;0;0;0;0;1;0;0;-3,748832700000000;-38,471035000000000
332972;20;9;2018;10:41;22051;RUA PRO JOAO BOSCO;RUA CAP FRANCISCO PEDRO;;0;;Colis?â?úo Transversal;Luz do Dia;Bom;Seca;Cruz;Pare;Residencial;0;1;1;0;1;0;0;0;0;1;0;0;-3,741524000000000;-38,543795000000000
332973;20;9;2018;09:15;5383;AV DUQ CAXIAS;RUA MAJ FACUNDO;;0;;Atropelamento;Luz do Dia;Bom;Seca;Meio de Quadra;Sem?â?íforo;Comercial;0;1;1;1;0;0;0;0;0;0;0;0;-3,731981000000000;-38,529285000000000
332974;20;9;2018;13:00;0;RUA MARIO MAMEDE;;;1040;;Choque c/ Obst?â?ículo Fixo;Luz do Dia;Bom;Seca;Meio de Quadra;N?â?úo H?â?í Controle;Residencial;0;1;1;1;0;0;0;0;0;0;0;0;-3,751242000000000;-38,529139000000000
332975;20;9;2018;13:24;19686;AV BEZERRA DE MENEZES;RUA ERICO MOTA;;0;;Colis?â?úo Transversal;Luz do Dia;Bom;Seca;T;Sem?â?íforo;Comercial;0;0;2;1;0;0;0;0;0;0;0;0;-3,735357000000000;-38,562991000000000
332976;20;9;2018;13:44;22353;AV BEZERRA DE MENEZES;AV OLAVO BILAC;;0;;Colis?â?úo Lateral;Luz do Dia;Bom;Seca;Cruz;Sem?â?íforo;Comercial;0;0;2;0;1;0;0;0;0;0;0;0;-3,735601000000000;-38,564151000000000
332977;20;9;2018;13:18;0;AV PONTES VIEIRA;;;220;;Choque c/ Obst?â?ículo Fixo;Luz do Dia;Bom;Seca;Meio de Quadra;Sem?â?íforo;Comercial;0;1;0;1;0;0;0;0;0;0;0;0;-3,753358800000000;-38,518610000000000
332978;20;9;2018;15:49;0;AV AUGUSTO DOS ANJOS;;;220;;Colis?â?úo Lateral;Luz do Dia;Bom;Seca;Meio de Quadra;N?â?úo H?â?í Controle;Comercial;0;1;1;1;0;0;0;0;0;1;0;0;-3,771191800000000;-38,571150000000000
332979;20;9;2018;15:51;0;AV AGUANAMBI;;;1827;HOSPITAL ANTONIO PRUDENTE;Colis?â?úo Transversal;Luz do Dia;Bom;Seca;Meio de Quadra;N?â?úo H?â?í Controle;Comercial;0;0;2;1;1;0;0;0;0;0;0;0;-3,753227500000000;-38,523262000000000
332980;20;9;2018;16:37;0;AV 13 DE MAIO;;;132;;Engavetamento;Luz do Dia;Bom;Seca;Meio de Quadra;N?â?úo H?â?í Controle;Comercial;0;0;3;1;0;0;0;0;0;0;0;0;-3,753686400000000;-38,521670000000000
332981;20;9;2018;12:05;24968;AV ALM HENRIQUE SABOIA;RUA VILEBALDO AGUIAR;;0;;Atropelamento;Luz do Dia;Bom;Seca;T;Pare;Comercial;0;1;1;0;0;0;0;0;0;0;0;0;-3,740626000000000;-38,487544000000000
332983;20;9;2018;18:10;0;AV ALANIS MARIA LAURINDO DE OLIVEIRA;;;750;;Colis?â?úo Lateral;Via Iluminada;Bom;Seca;Meio de Quadra;N?â?úo H?â?í Controle;Comercial;0;1;1;1;0;0;0;0;0;1;0;0;-3,768205600000000;-38,607227000000000
332984;20;9;2018;20:09;0;AV FILOMENO GOMES;;;860;;Colis?â?úo Lateral;Anoitecer;Bom;Seca;;;;0;0;2;0;0;0;0;0;0;1;0;0;-3,722295300000000;-38,541172000000000
336372;20;9;2018;01:55;0;RUA MEM DE SA;;;472;;Colis?â?úo;;;;Meio de Quadra;;;0;2;1;1;0;0;0;0;0;1;0;0;-3,827408027000000;-38,485336814000000
336373;20;9;2018;08:30;4429;AV CESAR CALS;RUA ISMAEL PORDEUS;;0;;Colis?â?úo;Luz do Dia;;;Cruz;N?â?úo H?â?í Controle;Residencial;0;1;1;0;0;0;0;0;0;0;0;0;-3,720638000000000;-38,464577000000000
336374;20;9;2018;21:26;0;LOGRADOURO SEM NOME;;;0;;Colis?â?úo;;;;Meio de Quadra;;;0;0;2;0;0;0;0;0;0;1;0;0;;
336400;20;9;2018;12:00;0;RUA MENOR JERONIMO;;;0;FEBEMCE;Colis?â?úo;Luz do Dia;;;Meio de Quadra;;;0;0;2;0;0;0;0;0;0;0;0;0;;
335474;20;9;2018;06:23;0;RUA JOSE ABILIO;;;1112;;Colis?â?úo;Luz do Dia;;;Meio de Quadra;;;0;1;0;1;0;0;0;0;0;1;0;0;-3,782845700000000;-38,601703900000000
335475;20;9;2018;06:31;0;AV MON TABOSA;;;668;;Colis?â?úo;Luz do Dia;;;Meio de Quadra;;;0;1;0;0;0;0;0;0;0;0;0;0;-3,723958438000000;-38,513326313000000
335476;20;9;2018;06:55;0;RUA BETEL;;;2980;;;Luz do Dia;;;Meio de Quadra;;;0;1;0;0;0;0;0;0;0;1;0;0;;
335477;20;9;2018;07:06;0;AV GODOFREDO MACIEL;;;0;;Colis?â?úo;Luz do Dia;;;Meio de Quadra;;;0;1;0;0;0;0;0;0;0;0;0;0;;
335479;20;9;2018;08:03;0;RUA MINAS GERAIS;;;1156;;Colis?â?úo;Luz do Dia;;;Meio de Quadra;;;0;1;0;1;0;0;0;0;0;1;0;0;-3,759082698000000;-38,567010302000000
335481;20;9;2018;08:03;7660;RUA PARAIBA;RUA MINAS GERAIS;;0;;Colis?â?úo;Luz do Dia;;;Cruz;Pare;Comercial;0;2;1;1;0;0;0;0;1;0;0;0;-3,759658000000000;-38,567385000000000
335487;20;9;2018;08:23;0;RUA PDE VALDEVINO;;;508;;Colis?â?úo;Luz do Dia;;;Meio de Quadra;;;0;2;0;1;0;0;0;0;0;0;0;0;-3,738320000000000;-38,519590000000000
335491;20;9;2018;09:47;0;AV SGT HERMINIO SAMPAIO;;;1415;;Colis?â?úo;Luz do Dia;;;Meio de Quadra;;;0;1;0;0;0;0;0;0;0;1;0;0;-3,724983000000000;-38,552915000000000
335494;20;9;2018;10:16;0;AV BEZERRA DE MENEZES;;;1002;;Queda;Luz do Dia;;;Meio de Quadra;;;0;1;0;0;0;0;0;0;0;1;0;0;-3,733443487000000;-38,553713811000000
335495;20;9;2018;11:29;1706;RUA CAP CLOVIS MAIA;RUA CAP VASCONCELOS D46;;0;;Colis?â?úo;Luz do Dia;;;Cruz;Pare;Residencial;0;1;0;0;0;0;0;0;0;1;0;0;-3,769075000000000;-38,516432000000000
335517;20;9;2018;22:42;1359;RUA CARLOS VASCONCELOS;RUA JOAO CARVALHO;;0;;Colis?â?úo;;;;Cruz;Pare;Residencial;0;2;1;1;0;0;0;0;0;1;0;0;-3,736251000000000;-38,511844000000000
335520;20;9;2018;23:23;0;RUA CAMELIA;;;351;;Queda;;;;Meio de Quadra;;;0;1;0;0;0;0;0;0;0;1;0;0;-3,708669044000000;-38,564591848000000
335525;20;9;2018;07:08;5187;RUA SAO PAULO;RUA BAR RIO BRANCO;;0;;Colis?â?úo;Luz do Dia;;;Cruz;Sem?â?íforo;Comercial;0;1;0;1;0;0;0;0;0;1;0;0;-3,725856000000000;-38,528071000000000
335502;20;9;2018;14:51;0;AV ALBERTO CRAVEIRO;;;0;;Colis?â?úo;Luz do Dia;;;Meio de Quadra;;;0;1;0;1;0;0;0;0;0;1;0;0;;
335503;20;9;2018;17:09;0;AV FRANCISCO SA;;;7878;;Colis?â?úo;Anoitecer;;;Meio de Quadra;;;0;1;0;1;0;0;0;0;0;1;0;0;-3,704530000000000;-38,589093000000000
335504;20;9;2018;17:23;12068;AV CASTELO DE CASTRO;AV MON AMARILIO RODRIGUES;;0;;Colis?â?úo;Anoitecer;;;Cruz;Sem?â?íforo;Comercial;0;1;1;1;0;0;0;0;0;1;0;0;-3,835217000000000;-38,521635000000000
335500;20;9;2018;13:52;24396;RUA TIANGUA;RUA VICENTE SPINDOLA;;0;;Colis?â?úo;Luz do Dia;;;;;;0;1;0;1;0;0;0;0;0;0;0;0;-3,768139000000000;-38,541386000000000
335506;20;9;2018;19:04;0;RUA AFONSO LOPES;;;237;;Atropelamento;;;;Meio de Quadra;;;0;1;0;0;0;0;0;0;0;1;0;0;-3,790420800000000;-38,547405467000000
335508;20;9;2018;19:25;0;AV ENG LEAL LIMA VERDE (SAPIRANGA/COITE);;;274;;Atropelamento;;;;Meio de Quadra;;;0;1;0;0;0;0;0;0;0;1;0;0;-3,790850000000000;-38,476108500000000
335510;20;9;2018;20:00;0;AV WASHINGTON SOARES;;;85;;Colis?â?úo;;;;Meio de Quadra;;;0;1;0;1;0;0;0;0;0;1;0;0;-3,757674000000000;-38,488585000000000
335512;20;9;2018;20:09;0;AV JOAO PESSOA;;;6943;;Colis?â?úo;;;;Meio de Quadra;;;0;1;0;1;0;0;0;0;0;1;0;0;-3,771044000000000;-38,561379000000000
335514;20;9;2018;22:04;0;AV DOS JANGADEIROS;;;1063;;Colis?â?úo;;;;Meio de Quadra;;;0;1;1;1;0;0;0;0;0;1;0;0;-3,723970000000000;-38,477360000000000
338472;20;9;2018;10:30;0;RD BR 116;;;5000;KM-05;Colis?â?úo Lateral;Luz do Dia;;;Meio de Quadra;;;0;1;1;1;0;0;1;0;0;0;0;0;-3,796502000000000;-38,506787000000000
338518;21;9;2018;06:30;0;RD BR 116;;;1900;KM-01;Colis?â?úo Traseira;Luz do Dia;;;Meio de Quadra;;;0;1;2;1;1;0;0;0;0;0;0;0;-3,762554000000000;-38,518702000000000
338522;21;9;2018;17:15;0;RD BR 116;;;13000;KM-13;Queda;Anoitecer;;;Meio de Quadra;;;0;2;0;0;0;0;0;0;0;1;0;0;-3,864670000000000;-38,497727000000000
331623;21;9;2018;13:10;9035;RUA SOUSA GIRAO;RUA CEL SOLON;;0;;Colis?â?úo Lateral;Luz do Dia;Bom;Seca;Cruz;Pare;Residencial;0;1;1;1;0;0;0;0;0;1;0;0;-3,742763000000000;-38,524978000000000
335528;21;9;2018;08:29;0;RUA CEL VIRGILIO NOGUEIRA (BOM JARDIM);;;791;;Colis?â?úo;Luz do Dia;;;Meio de Quadra;;;0;1;0;1;0;0;0;0;0;1;0;0;-3,790700000000000;-38,609290000000000
335530;21;9;2018;10:20;0;RUA ANTONIO NERY;;;0;;Colis?â?úo;Luz do Dia;;;Meio de Quadra;;;0;1;0;1;0;0;0;0;0;1;0;0;;
335533;21;9;2018;12:41;0;RUA JULIO VERNE;;;408;;Atropelamento;Luz do Dia;;;Meio de Quadra;;;0;1;0;0;0;0;0;0;0;1;0;0;-3,775352450000000;-38,553068750000000
335534;21;9;2018;12:45;0;RUA FAUSTO CABRAL;;;1131;;Colis?â?úo;Luz do Dia;;;Meio de Quadra;;;0;1;0;1;0;0;0;0;0;1;0;0;-3,735230000000000;-38,470880000000000
335535;21;9;2018;13:41;0;RUA EMILIA GONCALVES;;;666;;Colis?â?úo;Luz do Dia;;;Meio de Quadra;;;0;1;0;0;0;0;0;0;0;0;0;0;-3,729573500000000;-38,594279000000000
335522;21;9;2018;06:59;0;RUA VALPARAISO;;;598;;Colis?â?úo;Luz do Dia;;;Meio de Quadra;;;0;1;0;1;0;0;0;0;0;1;0;0;-3,844311000000000;-38,525655000000000
335575;21;9;2018;21:09;0;AV VICENTE DE CASTRO;;;0;;Colis?â?úo;;;;Meio de Quadra;;;0;1;0;0;0;0;1;0;0;1;0;0;;
335577;21;9;2018;21:09;0;AV MOZART PINHEIRO DE LUCENA;;;3163;;Colis?â?úo;;;;Meio de Quadra;;;0;1;0;0;0;0;0;0;0;1;0;0;-3,732439357000000;-38,599620500000000
335578;21;9;2018;21:27;0;AV GOV RAUL BARBOSA;;;6636;;Queda;;;;Meio de Quadra;;;0;1;0;0;0;0;0;0;0;1;0;0;-3,772085500000000;-38,511842000000000
335579;21;9;2018;23:46;0;AV DR SILAS MUNGUBA;;;0;;Colis?â?úo;;;;Meio de Quadra;;;0;1;1;0;0;0;0;0;0;1;0;0;;
335547;21;9;2018;16:52;24535;RUA DR QUIXADA FELICIO;RUA 15 CJ NOVA ASSUNCAO;;0;;Colis?â?úo;Luz do Dia;;;;;;0;1;1;1;0;0;0;0;0;1;0;0;-3,710450000000000;-38,594145000000000
335552;21;9;2018;18:07;0;RUA STA INES D20;;;1082;;Colis?â?úo;Anoitecer;;;Meio de Quadra;;;0;1;0;1;0;0;0;0;0;1;0;0;-3,708705546000000;-38,556345227000000
335539;21;9;2018;14:23;26091;AV JOSE JATAHY;AV JOVITA FEITOSA;;0;;Colis?â?úo;Luz do Dia;;;Cruz;Sem?â?íforo;Residencial;0;1;0;0;0;0;0;0;0;0;0;0;-3,737273000000000;-38,543936000000000
335540;21;9;2018;15:22;0;RUA GUILHERME V DA COSTA;;;63;;Colis?â?úo;Luz do Dia;;;Meio de Quadra;;;0;1;0;1;0;0;0;0;0;1;0;0;-3,798771918000000;-38,570036800000000
335542;21;9;2018;15:28;0;AV GODOFREDO MACIEL;;;2238;;Atropelamento;Luz do Dia;;;Meio de Quadra;;;0;1;0;1;0;0;0;0;0;0;0;0;-3,794995000000000;-38,569461000000000
335543;21;9;2018;15:40;0;AV BAR STUDART;;;400;;Colis?â?úo;Luz do Dia;;;Meio de Quadra;;;0;1;0;1;0;0;0;0;0;1;0;0;;
335545;21;9;2018;15:52;0;RUA CEL MATOS DOURADO;;;661;;Queda;Luz do Dia;;;Meio de Quadra;;;0;1;0;0;0;0;0;0;0;1;0;0;-3,744795000000000;-38,584876000000000
335561;21;9;2018;19:51;19692;RUA AZEVEDO BOLAO;RUA PRO ANACLETO;;0;;Colis?â?úo;;;;Cruz;Pare;Residencial;0;1;0;0;0;0;0;0;0;1;0;0;-3,735640000000000;-38,552765000000000
335549;21;9;2018;17:14;0;RUA CAP TIBURCIO DA FROTA;;;1545;;Colis?â?úo;Anoitecer;;;Meio de Quadra;;;0;1;0;1;0;0;0;0;0;1;0;0;-3,754287485000000;-38,506563203000000
335556;21;9;2018;18:10;283;RUA DOM JOSE LOURENCO  D27;RUA ROTARY;;0;;Colis?â?úo;Anoitecer;;;Cruz;N?â?úo H?â?í Controle;Comercial;0;1;0;1;0;0;0;0;0;1;0;0;-3,742410000000000;-38,558154000000000
335564;21;9;2018;20:20;0;AV MR HULL;;;4820;;Atropelamento;;;;Meio de Quadra;;;0;1;0;1;0;0;0;0;0;0;0;0;-3,739079500000000;-38,587702500000000
335565;21;9;2018;20:29;0;RUA CARLOS CAMARA;;;0;;Colis?â?úo;;;;Meio de Quadra;;;0;1;0;1;0;0;0;0;0;0;0;0;;
335569;21;9;2018;20:44;0;AV GAL OSORIO DE PAIVA;;;636;;Colis?â?úo;;;;Meio de Quadra;;;0;1;0;1;1;0;0;0;0;0;0;0;-3,776593000000000;-38,568029000000000
335571;21;9;2018;21:04;579;AV FRANCISCO SA;RUA CRUZEIRO DO SUL;;0;;Queda;;;;Cruz;Pare;Comercial;0;2;0;0;0;0;0;0;0;1;0;0;-3,715499000000000;-38,563034000000000
336424;21;9;2018;13:40;0;RUA CATOLE;;;0;;Colis?â?úo;Luz do Dia;;;Meio de Quadra;;;0;0;2;0;0;0;0;0;0;0;0;0;;
332985;21;9;2018;07:14;0;AV JOVITA FEITOSA;;;2426;;Colis?â?úo Transversal;Luz do Dia;Bom;Seca;Meio de Quadra;N?â?úo H?â?í Controle;Comercial;0;0;2;1;1;0;0;0;0;0;0;0;-3,740309000000000;-38,559063000000000
332986;21;9;2018;07:56;0;AV ROGACIANO LEITE;;;1060;;Colis?â?úo Traseira;Luz do Dia;Bom;Seca;Meio de Quadra;Sem?â?íforo;Comercial;0;1;2;1;0;0;0;0;0;0;0;0;-3,767270000000000;-38,496820000000000
332987;21;9;2018;09:59;0;RUA CON DE CASTRO;;;309;;Colis?â?úo Lateral;Luz do Dia;Bom;Seca;Meio de Quadra;N?â?úo H?â?í Controle;Residencial;0;0;2;1;0;0;0;0;0;0;0;0;-3,776100900000000;-38,565340000000000
332988;21;9;2018;09:38;0;AV JOSE JATAHY;;;2101;;Colis?â?úo Transversal;Luz do Dia;Bom;Seca;Meio de Quadra;;;0;1;1;1;0;0;0;0;0;0;0;0;-3,740397000000000;-38,543280000000000
332989;21;9;2018;14:00;0;RUA MAJ FACUNDO;;;645;;Colis?â?úo Lateral;Luz do Dia;Bom;Seca;Meio de Quadra;N?â?úo H?â?í Controle;Comercial;0;0;2;1;0;0;0;1;0;0;0;0;-3,728723500000000;-38,528236000000000
332990;21;9;2018;14:01;17405;RUA ROMEU MARTINS;RUA ISAIE BORIS;;0;;Colis?â?úo Transversal;Luz do Dia;Bom;Seca;Cruz;Pare;Comercial;0;1;1;1;0;0;0;0;0;1;0;0;-3,767845000000000;-38,550538000000000
332991;21;9;2018;16:10;3893;RUA JULIO CESAR D12;RUA ANTENOR FROTA WANDERLEY;;0;;Colis?â?úo Transversal;Luz do Dia;Bom;Seca;Cruz;Pare;Comercial;0;0;2;1;0;0;0;0;0;0;0;0;-3,746742000000000;-38,539846000000000
332992;21;9;2018;11:30;0;RUA BAR ARACATI;;;1848;;Colis?â?úo Lateral;Luz do Dia;Bom;Seca;;;;0;0;2;1;0;0;0;0;0;0;0;0;-3,738088000000000;-38,513668000000000
332993;21;9;2018;18:53;0;RUA MON CATAO;;;1465;;Colis?â?úo Traseira;Via Iluminada;Bom;Seca;Meio de Quadra;N?â?úo H?â?í Controle;Comercial;0;0;2;1;0;0;0;0;0;0;0;0;-3,747520400000000;-38,493332000000000
332994;21;9;2018;19:26;0;AV PDE ANTONIO TOMAS;;;2277;;Colis?â?úo Traseira;Via Iluminada;Bom;Seca;Cruz;Sem?â?íforo;Comercial;0;0;2;1;0;0;0;0;0;0;0;0;-3,742907800000000;-38,491623000000000
332995;21;9;2018;19:50;0;RUA WALDERY UCHOA;;;50;;Colis?â?úo Lateral;Via Iluminada;Bom;Seca;Meio de Quadra;N?â?úo H?â?í Controle;Residencial;0;0;2;1;0;0;0;0;0;0;0;0;-3,742669300000000;-38,537663000000000
332996;21;9;2018;20:39;25016;RUA TEODOMIRO DE CASTRO;RUA GRACA ARANHA;;0;;Colis?â?úo Lateral;Via Iluminada;Bom;Seca;Duplo T;Pare;Residencial;0;1;1;1;0;0;0;0;0;1;0;0;-3,717015700000000;-38,576450000000000
332997;21;9;2018;21:17;9069;RUA LAURO MAIA;RUA GUILHERME MOREIRA;;0;;Colis?â?úo Transversal;Via Iluminada;Bom;Seca;Cruz;Pare;Residencial;0;1;1;1;0;0;0;0;0;0;0;0;-3,749673000000000;-38,522399000000000
333005;21;9;2018;15:30;0;AV BAR STUDART;;;401;;Colis?â?úo Lateral;Luz do Dia;Bom;Seca;T;N?â?úo H?â?í Controle;Comercial;0;0;2;1;0;0;0;0;0;1;0;0;-3,728782000000000;-38,504692000000000
331758;21;9;2018;20:30;0;AV SEN CARLOS JEREISSATI (AEROPORTO);;;451;;Atropelamento;;;;Meio de Quadra;;;1;1;0;1;0;0;0;0;0;0;0;0;-3,784360000000000;-38,518098000000000
331761;22;9;2018;17:15;0;AV WASHINGTON SOARES;;;7700;;Atropelamento;Anoitecer;;;Meio de Quadra;;;1;0;1;0;0;0;0;1;0;0;0;0;-3,822449000000000;-38,481269000000000
331799;22;9;2018;23:15;0;RUA VERBENA;;;713;;Choque c/ Obst?â?ículo Fixo;Luz do Dia;;;Meio de Quadra;;;1;0;0;0;0;0;0;0;0;1;0;0;-3,783398000000000;-38,589408000000000
331781;22;9;2018;19:20;0;AV PRO JOSE ARTHUR CARVALHO;;;1450;;Atropelamento;;;;Meio de Quadra;;;1;0;1;0;0;0;0;0;0;0;0;0;-3,837269500000000;-38,493772000000000
333006;22;9;2018;17:05;0;AV PRS COSTA E SILVA;;;708;;Colis?â?úo Lateral;Luz do Dia;Bom;Seca;Meio de Quadra;Sem?â?íforo;Comercial;0;1;1;0;1;0;0;0;0;1;0;0;-3,812278500000000;-38,573402000000000
333007;22;9;2018;20:48;0;AV FRE CIRILO;;;4000;;Colis?â?úo Traseira;Via Iluminada;Bom;Seca;Meio de Quadra;N?â?úo H?â?í Controle;Comercial;0;1;1;1;0;0;0;0;0;0;0;0;-3,818710000000000;-38,496765000000000