COD_ACIDENTE;DIA;MES;ANO;HORA;INTERSECAO;LOG1;LOG2;LOG3;NUMERO;REFERENCIA;NATUREZA;ILUMINACAO;TEMPO;SUPERFICIEPISTA;TIPOCRUZAMENTO;CONTROLETRAFEGO;USOSOLO;MORTOS;FERIDOS;ILESOS;AUTOMOVEL;ONIBUS;BICICLETA;CAMINHAO;MICROONIBUS;CICLOMOTOR;MOTOCICLETA;TRACAOANIMAL;TREM;LATITUDE;LONGITUDE
333008;22;9;2018;19:58;732;AV DR THEBERGE;RUA DOM JOSE TUPINAMBA;;0;;Colis?â?úo Transversal;Via Iluminada;Bom;Seca;T;Pare;Comercial;0;1;1;1;0;0;0;0;0;1;0;0;-3,713762000000000;-38,564669000000000
333009;22;9;2018;18:41;0;AV ENG SANTANA JUNIOR;;;2698;;Colis?â?úo Lateral;Via Iluminada;Bom;Seca;Meio de Quadra;N?â?úo H?â?í Controle;Comercial;0;0;2;1;1;0;0;0;0;0;0;0;-3,745094300000000;-38,489170000000000
333010;22;9;2018;21:46;1343;AV SEN VIRGILIO TAVORA;RUA MARCOS MACEDO;;0;;Colis?â?úo Transversal;Via Iluminada;Bom;Seca;Cruz;Sem?â?íforo;Comercial;0;1;1;1;0;0;0;0;0;1;0;0;-3,735843000000000;-38,492845000000000
333011;22;9;2018;22:10;1701;RUA CAP ARAGAO;RUA CAP VASCONCELOS D46;;0;;Colis?â?úo Transversal;Via Iluminada;Bom;Seca;Cruz;Sem?â?íforo;Comercial;0;1;1;1;1;0;0;0;0;0;0;0;-3,765538000000000;-38,517041000000000
332998;22;9;2018;09:00;0;AV DOLOR BARREIRA;;;510;;Queda;Luz do Dia;Bom;Seca;Meio de Quadra;N?â?úo H?â?í Controle;Comercial;0;2;0;0;0;0;0;0;0;1;0;0;-3,729544600000000;-38,472473000000000
332999;22;9;2018;10:55;0;AV PONTES VIEIRA;RUA JOSE VILAR;;0;;Colis?â?úo Traseira;Luz do Dia;Bom;Seca;Cruz;Sem?â?íforo;Comercial;0;0;2;1;0;0;0;0;0;0;0;0;-3,752215100000000;-38,509773000000000
333000;22;9;2018;11:03;5490;AV DOM MANUEL;RUA PDE VALDEVINO;;0;;Colis?â?úo Lateral;Luz do Dia;Bom;Seca;Cruz;Sem?â?íforo;Comercial;0;0;2;1;0;0;0;0;0;0;0;0;-3,736873000000000;-38,523967000000000
333001;22;9;2018;13:33;3316;RUA CHILE;RUA VIRIATO RIBEIRO;;0;;Colis?â?úo Frontal;Luz do Dia;Bom;Seca;Cruz;Pare;Residencial;0;1;1;1;0;0;0;0;0;0;0;0;-3,746178000000000;-38,565276000000000
333002;22;9;2018;13:47;0;AV CARAPINIMA;;;2200;;Colis?â?úo Traseira;Luz do Dia;Bom;Seca;Meio de Quadra;N?â?úo H?â?í Controle;Comercial;0;1;1;1;0;0;0;0;0;1;0;0;-3,739092600000000;-38,539460000000000
333003;22;9;2018;14:09;0;AV PRS CASTELO BRANCO;;;0;;Colis?â?úo Traseira;Luz do Dia;Bom;Seca;Meio de Quadra;Sem?â?íforo;Comercial;0;0;2;1;0;0;0;0;0;0;0;0;-3,722909200000000;-38,522410000000000
333004;22;9;2018;14:10;0;RUA RAMOS BOTELHO;;;110;;Colis?â?úo Lateral;Luz do Dia;Bom;Seca;Meio de Quadra;N?â?úo H?â?í Controle;Residencial;0;0;2;1;0;0;0;0;0;0;0;0;-3,733670000000000;-38,482204000000000
333047;22;9;2018;20:14;0;AV BORGES DE MELO;;;205;;Colis?â?úo Traseira;Via Iluminada;Bom;Seca;Meio de Quadra;N?â?úo H?â?í Controle;Residencial;0;0;2;1;0;0;0;0;0;0;0;0;-3,761549500000000;-38,519318000000000
335580;22;9;2018;00:30;0;RUA ANTONIO NERY;;;288;;Colis?â?úo;;;;Meio de Quadra;;;0;3;0;0;0;0;0;0;0;1;0;0;-3,775344000000000;-38,599424000000000
335616;22;9;2018;21:40;5675;RUA CHICO LEMOS;RUA ALICE;;0;;Colis?â?úo;;;;Cruz;Pare;Residencial;0;1;0;1;0;0;0;0;0;1;0;0;-3,790026000000000;-38,499726000000000
335595;22;9;2018;08:18;0;AV CAP WALDEMAR PAULA LIMA;;;700;;Colis?â?úo;Luz do Dia;;;Meio de Quadra;;;0;1;0;1;0;0;0;0;0;1;0;0;-3,820114000000000;-38,508291000000000
335602;22;9;2018;10:04;17436;RUA EQUADOR;RUA TRES MARIAS D39 (MONTESE);;0;;Colis?â?úo;Luz do Dia;;;Cruz;Sem?â?íforo;Comercial;0;1;0;1;0;0;0;0;0;1;0;0;-3,768994000000000;-38,550757000000000
335603;22;9;2018;10:04;3963;RUA JULIO CESAR D12;RUA DULCINEIA GONDIM;;0;;Colis?â?úo;Luz do Dia;;;T;Outros;Residencial;0;1;0;1;0;0;0;0;0;1;0;0;-3,756445000000000;-38,548367000000000
335604;22;9;2018;11:16;5065;RUA JOSE AVELINO;TR ICO  D01;;0;;Queda;Luz do Dia;;;;;;0;1;0;0;0;0;0;0;0;1;0;0;-3,722081000000000;-38,523662000000000
335605;22;9;2018;12:05;0;AV DR SILAS MUNGUBA;;;4325;;Atropelamento;Luz do Dia;;;Meio de Quadra;;;0;1;1;0;0;0;0;0;0;1;0;0;-3,792012500000000;-38,536107200000000
335606;22;9;2018;12:31;0;AV WASHINGTON SOARES;;;4680;;Atropelamento;Luz do Dia;;;Meio de Quadra;;;0;1;0;1;0;0;0;0;0;0;0;0;-3,799889500000000;-38,479602000000000
335607;22;9;2018;16:45;0;AV PRS COSTA E SILVA;;;854;;Colis?â?úo;Luz do Dia;;;Meio de Quadra;;;0;1;0;1;0;0;0;0;0;1;0;0;-3,812510000000000;-38,572642000000000
335608;22;9;2018;17:03;0;RUA PEDRO C SALES D71;;;181;;Colis?â?úo;Anoitecer;;;Meio de Quadra;;;0;1;1;1;0;0;0;0;0;1;0;0;;
335609;22;9;2018;17:08;0;RUA CEL FABRICIANO;;;972;;Colis?â?úo;Anoitecer;;;Meio de Quadra;;;0;1;0;1;0;0;0;0;0;1;0;0;-3,784969000000000;-38,600005625000000
335610;22;9;2018;17:12;0;AV PONTES VIEIRA;;;669;;Colis?â?úo;Anoitecer;;;Meio de Quadra;;;0;1;0;0;0;0;0;0;0;0;0;0;-3,752904651000000;-38,515073884000000
335613;22;9;2018;20:55;0;AV VIS RIO BRANCO;;;2421;;Colis?â?úo;;;;Meio de Quadra;;;0;1;1;1;0;0;0;0;0;1;0;0;-3,742161681000000;-38,522834447000000
335614;22;9;2018;21:01;0;RUA CARLINDO CRUZ;;;1;;Queda;;;;Meio de Quadra;;;0;1;0;0;0;0;0;0;0;1;0;0;-3,727437000000000;-38,575080000000000
331630;22;9;2018;16:20;0;RUA FAUSTO CABRAL;;;1238;;Choque c/ Obst?â?ículo Fixo;Luz do Dia;Bom;Seca;Meio de Quadra;N?â?úo H?â?í Controle;Residencial;0;0;1;1;0;0;0;0;0;0;0;0;-3,735424383000000;-38,470142912000000
338475;22;9;2018;02:30;0;RD BR 116;;;100;KM-01;Capotamento;;;;Meio de Quadra;;;0;0;1;1;0;0;0;0;0;0;0;0;-3,762554000000000;-38,518702000000000
338477;22;9;2018;13:10;0;RD BR 116;;;15000;KM-15;Tombamento;Luz do Dia;;;Meio de Quadra;;;0;1;0;0;0;0;0;0;0;1;0;0;-3,882329000000000;-38,501113000000000
331635;23;9;2018;20:00;11236;RUA JOSE PEDRA;RUA ACAPULCO;;0;;Colis?â?úo Transversal;Via Iluminada;Bom;Seca;Cruz;Pare;Residencial;0;2;1;1;0;0;0;0;0;1;0;0;-3,791799000000000;-38,548557000000000
331636;23;9;2018;17:43;22926;RUA GOV JOAO CARLOS;RUA MAGNOLIA;;0;;Colis?â?úo Transversal;Anoitecer;Bom;Seca;Cruz;Pare;Comercial;0;0;2;0;0;0;0;0;0;1;0;0;-3,783145000000000;-38,553587000000000
335654;23;9;2018;20:43;0;RUA OSCAR ARARIPE;;;3837;;Colis?â?úo;;;;Meio de Quadra;;;0;1;0;1;0;0;0;0;0;1;0;0;-3,783269188000000;-38,625134875000000
335647;23;9;2018;16:51;0;RUA STA MADALENA;;;497;;;Luz do Dia;;;Meio de Quadra;;;0;1;0;1;0;1;0;0;0;0;0;0;-3,835929600000000;-38,589108800000000
335640;23;9;2018;15:55;3975;RUA PRO COSTA MENDES;RUA ALBERTO MAGNO;;0;;Colis?â?úo;Luz do Dia;;;Cruz;Sem?â?íforo;Comercial;0;1;0;1;0;0;0;0;0;1;0;0;-3,757528000000000;-38,543548000000000
335643;23;9;2018;16:33;0;RUA VIRGILIO NOGUEIRA PAES;;;1276;;Colis?â?úo;Luz do Dia;;;Meio de Quadra;;;0;1;1;1;0;0;0;0;0;1;0;0;-3,794639958000000;-38,610639447000000
335644;23;9;2018;16:49;0;RUA JAIME BENEVOLO;;;1276;;Colis?â?úo;Luz do Dia;;;Meio de Quadra;;;0;1;0;1;0;0;0;0;0;1;0;0;-3,743046000000000;-38,528994000000000
335649;23;9;2018;18:03;0;AV JOVITA FEITOSA;;;820;;Colis?â?úo;Anoitecer;;;Meio de Quadra;;;0;1;0;1;0;0;0;0;0;1;0;0;-3,738794445000000;-38,551238000000000
335651;23;9;2018;18:18;0;RUA PRO COSTA MENDES;;;811;;Queda;Anoitecer;;;Meio de Quadra;;;0;1;0;0;0;0;0;0;0;1;0;0;-3,754149667000000;-38,547522333000000
335652;23;9;2018;20:41;0;RUA ANA BILHAR;;;620;;Colis?â?úo;;;;Meio de Quadra;;;0;1;0;1;0;0;0;0;0;1;0;0;-3,729944000000000;-38,494191000000000
335657;23;9;2018;22:35;0;RUA OURO BRANCO;;;155;;Colis?â?úo;;;;Meio de Quadra;;;0;1;0;0;0;0;0;0;0;0;0;0;-3,733714000000000;-38,573539520000000
335658;23;9;2018;23:54;0;RUA ROSA CRUZ;;;0;;Queda;;;;Meio de Quadra;;;0;1;0;0;0;0;0;0;0;1;0;0;;
335635;23;9;2018;12:48;0;RUA RICARDO PONTES;;;536;;Colis?â?úo;Luz do Dia;;;Meio de Quadra;;;0;1;0;1;0;0;0;0;0;1;0;0;-3,832312400000000;-38,576089500000000
335638;23;9;2018;15:13;0;AV JOR THOMAZ COELHO;;;2550;;Queda;Luz do Dia;;;Meio de Quadra;;;0;1;0;0;0;1;0;0;0;0;0;0;-3,828152895000000;-38,517019746000000
335633;23;9;2018;11:27;22649;RUA EVILASIO A MIRANDA;AV COS GOMES DE FREITAS (SAPIRANGA/COITE);;0;;Colis?â?úo;Luz do Dia;;;;;;0;1;0;1;0;0;0;0;0;1;0;0;-3,794640000000000;-38,467271000000000
335619;23;9;2018;01:17;0;AV VIS RIO BRANCO;;;3287;;Colis?â?úo;;;;Meio de Quadra;;;0;1;0;1;0;0;0;0;0;1;0;0;-3,749905000000000;-38,521202447000000
335620;23;9;2018;03:30;0;AV PRS CASTELO BRANCO;;;2618;;Colis?â?úo;;;;Meio de Quadra;;;0;1;0;0;0;0;0;0;0;0;0;0;-3,712917529000000;-38,551263944000000
335621;23;9;2018;03:36;0;AV JOR THOMAZ COELHO;;;0;;Queda;;;;Meio de Quadra;;;0;1;0;0;0;0;0;0;0;1;0;0;;
335622;23;9;2018;05:44;0;AV MAJ ASSIS;;;4478;;Colis?â?úo;Amanhecer;;;Meio de Quadra;;;0;1;1;1;0;0;0;0;0;1;0;0;-3,720380000000000;-38,601060000000000
335623;23;9;2018;06:30;0;AV GAL OSORIO DE PAIVA;;;0;;Colis?â?úo;Luz do Dia;;;Meio de Quadra;;;0;1;0;1;0;0;0;0;0;1;0;0;;
335624;23;9;2018;06:41;0;RUA CHILE;;;695;;Colis?â?úo;Luz do Dia;;;Meio de Quadra;;;0;1;0;0;0;0;0;0;0;0;0;0;-3,748307450000000;-38,567575750000000
335627;23;9;2018;11:08;0;RUA TEODOMIRO DE CASTRO;;;0;;Colis?â?úo;Luz do Dia;;;Meio de Quadra;;;0;1;0;1;0;0;0;0;0;1;0;0;;
333037;23;9;2018;22:06;0;AV COS GOMES DE FREITAS (SAPIRANGA/COITE);;;3333;;Colis?â?úo Transversal;Via Iluminada;Bom;Seca;Meio de Quadra;N?â?úo H?â?í Controle;Comercial;0;1;1;1;0;0;0;0;0;1;0;0;-3,795584000000000;-38,478344000000000
333012;23;9;2018;01:22;0;AV VIS RIO BRANCO;;;2412;;Colis?â?úo Transversal;Via Iluminada;Bom;Seca;Meio de Quadra;N?â?úo H?â?í Controle;Residencial;0;1;1;1;0;0;0;0;0;1;0;0;-3,742143000000000;-38,522865000000000
333013;23;9;2018;01:30;0;AV PRS JUSCELINO KUBITSCHEK (PASSAR?âÔÇ?);;;0;;Colis?â?úo Traseira;Mal Iluminada;Bom;Seca;Meio de Quadra;Sem?â?íforo;Residencial;0;1;1;1;0;0;0;0;0;1;0;0;-3,809484200000000;-38,526554000000000
333014;23;9;2018;18:54;0;RUA PRO COSTA MENDES;;;812;;Atropelamento;Via Iluminada;Bom;Seca;Meio de Quadra;N?â?úo H?â?í Controle;Residencial;0;1;1;0;0;0;0;0;0;1;0;0;-3,754039000000000;-38,547670000000000
333015;23;9;2018;21:31;0;AV JOSE LEON;RUA DOS ARTESAOS;;0;;Colis?â?úo Lateral;Via Iluminada;Bom;Seca;Cruz;N?â?úo H?â?í Controle;Comercial;0;0;2;1;0;0;0;0;0;1;0;0;-3,786785600000000;-38,505753000000000
336744;23;9;2018;10:00;0;AV CONTORNO NORTE D71;;;1006;;Colis?â?úo;Luz do Dia;;;Meio de Quadra;;;1;0;2;1;0;0;0;0;0;1;0;0;-3,814621500000000;-38,586866500000000
331788;23;9;2018;18:40;0;RUA CANDIDO MAIA;;;0;;Queda;;;;Meio de Quadra;;;1;0;0;0;0;0;0;0;0;1;0;0;;
332666;24;9;2018;07:28;5462;RUA ANTONIO POMPEU;RUA SOLON PINHEIRO;;0;IJF;Colis?â?úo Transversal;Luz do Dia;Bom;Seca;Cruz;Sem?â?íforo;Comercial;0;0;2;1;0;0;0;0;0;0;0;0;-3,735609000000000;-38,528028000000000
336426;24;9;2018;20:10;0;LOGRADOURO SEM NOME;;;0;;Colis?â?úo;;;;Meio de Quadra;;;0;1;1;0;0;0;0;0;0;1;0;0;;
336427;24;9;2018;23:00;0;LOGRADOURO SEM NOME;;;0;;Colis?â?úo;;;;Meio de Quadra;;;0;0;3;1;0;0;0;0;0;0;0;0;;
336458;24;9;2018;10:30;0;LOGRADOURO SEM NOME;;;0;;Colis?â?úo;Luz do Dia;;;Meio de Quadra;;;0;0;2;1;0;0;0;0;0;0;0;0;;
333016;24;9;2018;02:59;19306;AV GAL OSORIO DE PAIVA;RUA EDUARDO PERDIGAO;;0;;Colis?â?úo Lateral;Via Iluminada;Bom;Seca;Cruz;Sem?â?íforo;Comercial;0;0;2;1;0;0;0;0;0;0;0;0;-3,774747000000000;-38,565454000000000
333017;24;9;2018;05:54;0;RUA ELVIRA PINHO;;;382;;Colis?â?úo Traseira;Luz do Dia;Bom;Seca;Outros;N?â?úo H?â?í Controle;Comercial;0;0;3;1;0;0;0;0;0;0;0;0;-3,767050700000000;-38,555900000000000
333018;24;9;2018;07:38;19611;AV GODOFREDO MACIEL;RUA NEREU RAMOS;;0;;Queda;Luz do Dia;Chuva;Molhada;Cruz;Sem?â?íforo;Comercial;0;2;0;0;0;0;0;0;0;1;0;0;-3,787250000000000;-38,566802000000000
333019;24;9;2018;06:59;0;AV LUCIANO CARNEIRO;;;869;;Colis?â?úo Traseira;Luz do Dia;Nublado;Seca;Meio de Quadra;N?â?úo H?â?í Controle;Escola;0;0;3;1;0;0;0;0;0;0;0;0;-3,755911600000000;-38,534027000000000
333020;24;9;2018;07:40;0;RUA OSVALDO CRUZ;RUA TOMAS ACIOLI;;0;;Colis?â?úo Transversal;Luz do Dia;Bom;Molhada;Meio de Quadra;Pare;Comercial;0;1;1;1;0;0;0;0;0;1;0;0;-3,746861500000000;-38,504013000000000
333021;24;9;2018;08:14;15843;RUA ANGELICA GURGEL;RUA STA ROSALIA;;0;;Colis?â?úo Lateral;Luz do Dia;Bom;Molhada;Cruz;N?â?úo H?â?í Controle;Comercial;0;1;1;1;0;0;0;0;0;1;0;0;-3,833305000000000;-38,499043000000000
333022;24;9;2018;10:45;1559;RUA MON CATAO;RUA PAULA NEI;;0;;Colis?â?úo Transversal;Luz do Dia;Bom;Seca;Cruz;Pare;Residencial;0;1;1;1;0;0;0;0;0;1;0;0;-3,741704000000000;-38,491510000000000
333023;24;9;2018;14:00;17412;RUA ALBERTO MAGNO;RUA BAR SOBRAL;;0;;Colis?â?úo Transversal;Luz do Dia;Bom;Seca;Cruz;Sem?â?íforo;Comercial;0;1;1;1;0;0;0;0;0;1;0;0;-3,767991000000000;-38,552417000000000
333024;24;9;2018;14:00;18804;RUA VALPARAISO;RUA CAMPINENSE;;0;;Colis?â?úo Lateral;Luz do Dia;Bom;Seca;T;Pare;Escola;0;1;1;1;0;0;0;0;0;1;0;0;-3,846155000000000;-38,522355000000000
333025;24;9;2018;20:36;0;RUA CEL FRANCISCO PEREIRA (MESSEJANA);;;415;;Colis?â?úo Frontal;Via Iluminada;Bom;Seca;Meio de Quadra;N?â?úo H?â?í Controle;Comercial;0;1;1;1;0;0;0;0;0;1;0;0;-3,832801000000000;-38,493088000000000
333026;24;9;2018;18:30;0;RUA COSTA BARROS;;;1300;;Colis?â?úo;Mal Iluminada;Bom;Material Derrapante;Meio de Quadra;N?â?úo H?â?í Controle;Comercial;0;1;1;0;0;0;0;0;0;1;0;0;-3,730161400000000;-38,512074000000000
333027;24;9;2018;21:20;5098;RUA CASTRO E SILVA;RUA SEN POMPEU;;0;;Colis?â?úo Transversal;Via Iluminada;Bom;Seca;Cruz;Sem?â?íforo;Comercial;0;1;2;1;1;0;0;0;0;0;0;0;-3,723468000000000;-38,528597000000000
335588;24;9;2018;18:18;5328;AV TRISTAO GONCALVES;AV DUQ CAXIAS;;0;;Colis?â?úo;Anoitecer;;;Cruz;Gesto;Comercial;0;1;0;1;0;0;0;0;0;1;0;0;-3,730400000000000;-38,534196000000000
335581;24;9;2018;18:02;8014;RUA PRO COSTA MENDES;RUA MACHADO DE ASSIS;;0;;Colis?â?úo;Anoitecer;;;Cruz;Sem?â?íforo;Residencial;0;1;0;0;0;0;0;0;0;1;0;0;-3,751652000000000;-38,550288000000000
335576;24;9;2018;17:00;0;AV PERIMETRAL;;;2854;;Colis?â?úo;Anoitecer;;;Meio de Quadra;;;0;1;0;0;0;0;0;0;0;0;0;0;;
335591;24;9;2018;19:22;0;RUA JOSE HIPOLITO;;;440;;Colis?â?úo;;;;Meio de Quadra;;;0;1;1;1;0;0;0;0;0;1;0;0;-3,833106143000000;-38,491489571000000
335592;24;9;2018;19:34;0;AV GOV PARSIFAL BARROSO;;;2520;;Colis?â?úo;;;;Meio de Quadra;;;0;1;0;0;0;0;0;0;0;1;0;0;-3,732210000000000;-38,568960000000000
335593;24;9;2018;19:55;0;RUA BARTOLOMEU DIAS;;;40;;Atropelamento;;;;Meio de Quadra;;;0;1;1;0;0;0;0;0;0;1;0;0;-3,822931667000000;-38,490101333000000
335594;24;9;2018;22:11;0;RUA TULIPA;;;703;;Queda;;;;Meio de Quadra;;;0;1;0;0;0;0;0;0;0;1;0;0;-3,716609750000000;-38,580346000000000
335563;24;9;2018;16:55;0;RUA PAULO FIRMEZA;;;0;;Colis?â?úo;Luz do Dia;;;Meio de Quadra;;;0;1;0;1;0;0;0;0;0;1;0;0;;
335519;24;9;2018;07:24;23710;AV GAL OSORIO DE PAIVA;RUA DOM HENRIQUE;;0;;Queda;Luz do Dia;;;Cruz;Pare;Comercial;0;1;0;0;0;0;0;0;0;1;0;0;-3,786100000000000;-38,583025000000000
335541;24;9;2018;13:33;0;AV WASHINGTON SOARES;;;0;;Colis?â?úo;Luz do Dia;;;Meio de Quadra;;;0;1;0;1;0;0;0;0;0;0;0;0;;
335554;24;9;2018;16:09;2404;RUA SEN ROBERT KENNEDY;AV 20 DE JANEIRO;;0;;Colis?â?úo;Luz do Dia;;;T;Pare;Residencial;0;1;0;1;0;0;0;0;0;1;0;0;-3,706153000000000;-38,580002000000000
335555;24;9;2018;16:25;0;AV MIN JOSE AMERICO;;;0;;Colis?â?úo;Luz do Dia;;;Meio de Quadra;;;0;2;0;0;0;0;0;0;0;1;0;0;;
335551;24;9;2018;14:34;0;RUA CHILE;;;750;;Colis?â?úo;Luz do Dia;;;Meio de Quadra;;;0;1;0;0;0;0;0;0;0;0;0;0;-3,748886889000000;-38,568056000000000
335523;24;9;2018;07:44;0;AV TRISTAO GONCALVES;;;0;;Colis?â?úo;Luz do Dia;;;Meio de Quadra;;;0;0;1;1;0;0;0;0;0;1;0;0;;
335521;24;9;2018;07:39;0;RUA GUSTAVO SAMPAIO;;;104;;Queda;Luz do Dia;;;Meio de Quadra;;;0;0;1;0;0;0;0;0;0;1;0;0;-3,733014419000000;-38,545695837000000
335516;24;9;2018;07:06;5876;AV C CJ CEARA;RUA 1139 A CJ CEARA;;0;;Colis?â?úo;Luz do Dia;;;Meio de Quadra;N?â?úo H?â?í Controle;Comercial;0;1;0;1;0;0;0;0;0;1;0;0;-3,759100000000000;-38,608484000000000
335531;24;9;2018;12:42;5228;RUA VIS SABOIA;RUA GOV SAMPAIO;;0;;Colis?â?úo;Luz do Dia;;;Cruz;Pare;Comercial;0;1;0;1;0;0;0;0;0;1;0;0;-3,727076000000000;-38,524382000000000
335532;24;9;2018;13:17;0;RUA SAO FRANCISCO D34;;;310;;Colis?â?úo;Luz do Dia;;;Meio de Quadra;;;0;1;0;0;0;0;0;0;0;0;0;0;-3,784134759000000;-38,589479000000000
335526;24;9;2018;07:51;0;AV FRANCISCO SA;;;7221;;Colis?â?úo;Luz do Dia;;;Meio de Quadra;;;0;1;0;1;0;0;0;0;0;1;0;0;-3,707070000000000;-38,584894000000000
335527;24;9;2018;11:10;0;RUA CAP ARAGAO;;;766;;Atropelamento;Luz do Dia;;;Meio de Quadra;;;0;1;0;1;0;0;0;0;0;0;0;0;-3,764529387000000;-38,511040645000000
335478;24;9;2018;01:01;0;RUA DES PRAXEDES;;;1441;;Queda;;;;Meio de Quadra;;;0;1;0;0;0;0;0;0;0;1;0;0;-3,763480000000000;-38,541516000000000
331637;24;9;2018;18:30;0;RUA COSTA BARROS;;;1300;;Queda;Via Iluminada;Bom;Material Derrapante;Meio de Quadra;Outros;Residencial;0;1;0;0;0;0;0;0;0;1;0;0;-3,730135000000000;-38,512227000000000
338481;24;9;2018;08:00;0;RD BR 116;;;9000;KM-09;Choque c/ Obst?â?ículo Fixo;Luz do Dia;;;Meio de Quadra;;;0;0;1;0;0;0;1;0;0;0;0;0;-3,830837000000000;-38,504865000000000
338524;24;9;2018;08:30;0;RD BR 116;;;3100;KM-03;Colis?â?úo Traseira;Luz do Dia;;;Meio de Quadra;;;0;0;4;1;0;0;0;0;0;0;0;0;-3,779838000000000;-38,514372000000000
331638;25;9;2018;10:00;0;RUA SOLON PINHEIRO;;;60;;Colis?â?úo Traseira;Luz do Dia;Bom;Seca;Meio de Quadra;Sem?â?íforo;Comercial;0;0;2;1;0;0;0;0;0;0;0;0;-3,731124500000000;-38,526527500000000
335618;25;9;2018;10:08;0;RUA MARIA GOMES DE SA;;;33;;Queda;Luz do Dia;;;Meio de Quadra;;;0;1;0;0;0;0;0;0;0;1;0;0;-3,828195400000000;-38,576844800000000
335596;25;9;2018;06:53;0;AV GAL OSORIO DE PAIVA;;;2115;;Colis?â?úo;Luz do Dia;;;Meio de Quadra;;;0;1;0;0;0;0;0;0;0;0;0;0;-3,784923000000000;-38,581174000000000
335597;25;9;2018;07:00;0;RUA CAP ARAGAO;;;870;;Colis?â?úo;Luz do Dia;;;Meio de Quadra;;;0;1;0;1;0;0;0;0;0;1;0;0;-3,764394667000000;-38,510443667000000
335598;25;9;2018;07:05;0;RUA REV BOLIVAR P BANDEIRA;;;500;;Atropelamento;Luz do Dia;;;Meio de Quadra;;;0;1;0;1;0;0;0;0;0;0;0;0;-3,774875000000000;-38,493796824000000
335599;25;9;2018;07:16;0;AV BENJAMIM BRASIL;;;0;;Colis?â?úo;Luz do Dia;;;Meio de Quadra;;;0;1;0;1;0;0;0;0;0;1;0;0;;
335600;25;9;2018;07:30;0;AV BEZERRA DE MENEZES;;;1450;;Colis?â?úo;Luz do Dia;;;Meio de Quadra;;;0;1;0;1;0;0;0;0;0;1;0;0;-3,734232000000000;-38,557568000000000
335601;25;9;2018;07:40;0;RUA CONDE D?é??EU;;;490;;Queda;Luz do Dia;;;Meio de Quadra;;;0;0;1;0;0;1;0;0;0;0;0;0;-3,725059000000000;-38,525264000000000
335615;25;9;2018;07:47;0;AV DOMINGOS OLIMPIO;;;238;;Colis?â?úo;Luz do Dia;;;Meio de Quadra;;;0;0;1;1;0;0;0;0;0;1;0;0;-3,738036035000000;-38,526474310000000
335628;25;9;2018;12:57;0;AV WASHINGTON SOARES;;;8564;;Colis?â?úo;Luz do Dia;;;Meio de Quadra;;;0;1;0;1;0;0;0;0;0;1;0;0;-3,826313500000000;-38,481766000000000
335629;25;9;2018;13:37;0;AV PRS CASTELO BRANCO;;;2345;;Atropelamento;Luz do Dia;;;Meio de Quadra;;;0;1;1;0;0;0;0;0;0;1;0;0;-3,713627000000000;-38,548879000000000
335625;25;9;2018;11:00;0;RUA VIDAL DE NEGREIROS;;;191;;Atropelamento;Luz do Dia;;;Meio de Quadra;;;0;1;0;0;0;0;0;0;0;1;0;0;-3,799037000000000;-38,563801882000000
335659;25;9;2018;15:24;0;RUA ANTONIO AUGUSTO;;;2040;;Colis?â?úo;Luz do Dia;;;Meio de Quadra;;;0;1;0;1;0;0;0;0;0;0;0;0;-3,737864000000000;-38,516061000000000
335648;25;9;2018;14:31;1513;RUA LIMOEIRO DO NORTE;RUA PDE VALDEVINO;;0;;Colis?â?úo;Luz do Dia;;;;;;0;0;1;1;0;0;0;0;0;1;0;0;-3,740106000000000;-38,513747000000000
335656;25;9;2018;14:50;0;AV EDILSON B SOARES;;;3333;;Colis?â?úo;Luz do Dia;;;Meio de Quadra;;;0;1;0;1;0;0;0;0;0;1;0;0;-3,788190000000000;-38,465650000000000
335675;25;9;2018;17:36;0;AV WASHINGTON SOARES;;;0;;Colis?â?úo;Anoitecer;;;Meio de Quadra;;;0;1;1;1;0;0;0;0;0;1;0;0;;
335680;25;9;2018;18:04;0;AV SEN CARLOS JEREISSATI (AEROPORTO);;;0;;Colis?â?úo;Anoitecer;;;Meio de Quadra;;;0;0;1;1;0;1;0;0;0;0;0;0;;
335682;25;9;2018;18:38;0;RUA EMILIO DE MENESES;;;474;;Colis?â?úo;;;;Meio de Quadra;;;0;1;0;1;0;0;0;0;0;1;0;0;-3,782010600000000;-38,586001800000000
335684;25;9;2018;18:40;3228;RUA VITAL BRASIL;RUA THOMPSON GONCALVES;;0;;Colis?â?úo;;;;Cruz;N?â?úo H?â?í Controle;Residencial;0;1;0;1;0;0;0;0;0;1;0;0;-3,782346000000000;-38,582692000000000
335687;25;9;2018;19:15;10793;RUA PORTO ALEGRE;RUA PRO HERIBALDO COSTA;;0;;Colis?â?úo;;;;Cruz;Pare;Residencial;0;0;1;0;0;0;0;0;0;1;0;0;-3,762997000000000;-38,585433000000000