COD_ACIDENTE;DIA;MES;ANO;HORA;INTERSECAO;LOG1;LOG2;LOG3;NUMERO;REFERENCIA;NATUREZA;ILUMINACAO;TEMPO;SUPERFICIEPISTA;TIPOCRUZAMENTO;CONTROLETRAFEGO;USOSOLO;MORTOS;FERIDOS;ILESOS;AUTOMOVEL;ONIBUS;BICICLETA;CAMINHAO;MICROONIBUS;CICLOMOTOR;MOTOCICLETA;TRACAOANIMAL;TREM;LATITUDE;LONGITUDE
335690;25;9;2018;19:40;0;AV CASTELO DE CASTRO;;;1330;;Colis?â?úo;;;;Meio de Quadra;;;0;1;0;1;0;0;0;0;0;1;0;0;-3,841313500000000;-38,521728000000000
335693;25;9;2018;19:45;0;RD BR 116;;;13000;KM-13;Queda;;;;Meio de Quadra;;;0;1;0;0;0;0;0;0;0;1;0;0;-3,864670000000000;-38,497727000000000
335695;25;9;2018;22:17;0;AV HERACLITO GRACA;;;895;;Colis?â?úo;;;;Meio de Quadra;;;0;3;0;1;0;0;0;0;0;1;0;0;-3,736027000000000;-38,516670000000000
333028;25;9;2018;08:20;11259;AV BENJAMIM BRASIL;RUA PAURILO BARROSO;;0;;Colis?â?úo Transversal;Luz do Dia;Nublado;Seca;Cruz;Pare;Comercial;0;1;1;1;0;0;0;0;0;1;0;0;-3,803725000000000;-38,570528000000000
333029;25;9;2018;06:10;0;AV SGT HERMINIO SAMPAIO;;;1846;;Colis?â?úo Lateral;Luz do Dia;Nublado;Molhada;Meio de Quadra;N?â?úo H?â?í Controle;Residencial;0;1;1;1;0;0;0;0;0;1;0;0;-3,725668700000000;-38,557290000000000
333030;25;9;2018;07:40;0;AV JOSE JATAHY;;;64;;Colis?â?úo Traseira;Luz do Dia;Bom;Seca;Meio de Quadra;N?â?úo H?â?í Controle;Residencial;0;0;3;1;0;0;0;0;0;1;0;0;-3,723761300000000;-38,546440000000000
333031;25;9;2018;08:10;0;AV 13 DE MAIO;;;660;;Colis?â?úo Traseira;Luz do Dia;Bom;Seca;Meio de Quadra;Sem?â?íforo;Comercial;0;1;1;1;0;0;0;0;0;1;0;0;-3,751538500000000;-38,526806000000000
333032;25;9;2018;09:35;0;RUA CON DE CASTRO;;;7250;;Colis?â?úo Lateral;Luz do Dia;Bom;Seca;Meio de Quadra;N?â?úo H?â?í Controle;Residencial;0;1;0;0;0;0;0;0;0;1;0;0;-3,817860000000000;-38,601196000000000
333033;25;9;2018;11:57;3420;AV JOAO PESSOA;RUA DES PRAXEDES;;0;;Colis?â?úo Transversal;Luz do Dia;Bom;Seca;Cruz;Sem?â?íforo;Comercial;0;0;3;1;1;0;0;0;0;0;0;0;-3,756946000000000;-38,553504000000000
333034;25;9;2018;15:50;0;RUA POMPILIO GOMES;;;1160;;Colis?â?úo Lateral;Luz do Dia;Bom;Seca;Meio de Quadra;N?â?úo H?â?í Controle;Comercial;0;1;1;0;0;0;0;0;0;1;0;0;-3,822245800000000;-38,521300000000000
333035;25;9;2018;16:36;0;AV GOV RAUL BARBOSA;;;7235;;Colis?â?úo Lateral;Luz do Dia;Bom;Seca;Meio de Quadra;Sem?â?íforo;Comercial;0;1;1;1;0;0;0;0;0;1;0;0;-3,775600200000000;-38,512943000000000
333036;25;9;2018;15:50;0;RUA ROCHA LIMA;;;2059;;Colis?â?úo Lateral;Luz do Dia;Bom;Seca;Cruz;Pare;Residencial;0;0;2;1;0;0;0;0;0;0;0;0;-3,738345400000000;-38,516155000000000
333038;25;9;2018;18:30;19437;AV DR SILAS MUNGUBA;RUA CASIMIRO DE ABREU;;0;;Colis?â?úo Traseira;Via Iluminada;Bom;Seca;T;Sem?â?íforo;Comercial;0;0;1;1;0;0;0;0;0;0;0;0;-3,779395000000000;-38,560637000000000
333039;25;9;2018;20:45;0;AV GOV RAUL BARBOSA;;;0;;Colis?â?úo Traseira;Via Iluminada;Bom;Seca;Outros;N?â?úo H?â?í Controle;Comercial;0;0;2;1;0;0;0;0;0;0;0;0;-3,771165000000000;-38,511044000000000
333040;25;9;2018;21:54;9222;RUA GAL SILVA JUNIOR;RUA GRACILIANO RAMOS;;0;;Colis?â?úo Lateral;Via Iluminada;Bom;Seca;Cruz;Sem?â?íforo;Residencial;0;1;1;1;0;0;0;0;0;1;0;0;-3,753567000000000;-38,530158000000000
333070;25;9;2018;10:45;1469;AV SEN VIRGILIO TAVORA;RUA DES LEITE ALBUQUERQUE;;0;;Colis?â?úo;Luz do Dia;Bom;Seca;Meio de Quadra;N?â?úo H?â?í Controle;Comercial;0;2;1;1;0;0;0;0;0;1;0;0;-3,738810000000000;-38,493796000000000
336483;25;9;2018;06:40;0;AV TEN LISBOA;;;600;;Atropelamento;Luz do Dia;;;Meio de Quadra;;;0;1;1;0;0;0;0;0;0;0;0;1;-3,726455898000000;-38,572682410000000
333048;26;9;2018;20:37;23395;RUA CAP TIBURCIO DA FROTA;RUA PRO CARVALHO;;476;;Colis?â?úo Frontal;Mal Iluminada;Bom;Seca;Cruz;Pare;Residencial;0;0;1;1;0;0;0;0;0;1;0;0;-3,754980000000000;-38,514532000000000
333049;26;9;2018;21:51;0;AV GAL OSORIO DE PAIVA;;;1762;;Colis?â?úo Traseira;Via Iluminada;Bom;Seca;Meio de Quadra;Sem?â?íforo;Comercial;0;0;3;1;0;0;0;0;0;0;0;0;-3,782581600000000;-38,577580000000000
333050;26;9;2018;21:54;0;AV DOS EXPEDICIONARIOS;;;4127;;Choque c/ Obst?â?ículo Fixo;Mal Iluminada;Bom;Seca;Meio de Quadra;N?â?úo H?â?í Controle;Residencial;0;0;1;1;0;0;0;0;0;0;0;0;-3,754605800000000;-38,538033000000000
333041;26;9;2018;07:54;0;RUA MAJ FACUNDO;;;1117;;Colis?â?úo Transversal;Luz do Dia;Bom;Seca;Meio de Quadra;Sem?â?íforo;Escola;0;1;1;1;0;0;0;0;0;1;0;0;-3,732591000000000;-38,529460000000000
333042;26;9;2018;08:30;0;RUA ADOLFO CAMINHA;;;101;;Colis?â?úo Lateral;Luz do Dia;Bom;Seca;Meio de Quadra;N?â?úo H?â?í Controle;Comercial;0;1;1;0;0;0;0;0;0;0;0;0;-3,721108700000000;-38,524223000000000
333043;26;9;2018;06:30;0;RUA DEP OSWALDO STUDART;;;0;RODOVI?â?üRIA;Colis?â?úo Lateral;Luz do Dia;Bom;Seca;Meio de Quadra;N?â?úo H?â?í Controle;Comercial;0;2;0;1;0;0;0;0;0;1;0;0;-3,756234200000000;-38,530510000000000
333044;26;9;2018;10:40;1559;RUA MON CATAO;RUA PAULA NEI;;0;;Colis?â?úo Transversal;Luz do Dia;Bom;Seca;Cruz;Pare;Comercial;0;1;1;1;0;0;0;0;0;1;0;0;-3,741704000000000;-38,491510000000000
333045;26;9;2018;16:22;0;AV DEP PAULINO ROCHA;;;50;;Colis?â?úo Traseira;Luz do Dia;Bom;Seca;Meio de Quadra;Sem?â?íforo;Comercial;0;0;2;1;0;0;0;0;0;0;0;0;-3,801710600000000;-38,507427000000000
333046;26;9;2018;18:01;20145;RUA PRO JOSE SILVEIRA;RUA POMPILIO GOMES;;0;;Colis?â?úo Transversal;Luz do Dia;Bom;Seca;Cruz;Pare;Residencial;0;1;1;0;0;0;0;0;0;1;0;0;-3,811008000000000;-38,519895000000000
331644;26;9;2018;07:05;18733;RUA VALPARAISO;RUA VERDE 2 CJ ST S.JOAO;;0;;Colis?â?úo Traseira;Luz do Dia;Bom;Seca;T;Pare;Residencial;0;1;1;1;0;0;0;0;0;1;0;0;-3,846425000000000;-38,518933000000000
331652;26;9;2018;22:30;0;AV FILOMENO GOMES;;;664;;Colis?â?úo Lateral;Via Iluminada;Bom;Seca;Meio de Quadra;N?â?úo H?â?í Controle;Comercial;0;0;2;1;0;0;0;0;0;1;0;0;-3,720550000000000;-38,541440000000000
335720;26;9;2018;13:18;0;AV GODOFREDO MACIEL;;;0;;Colis?â?úo;Luz do Dia;;;Meio de Quadra;;;0;1;0;1;0;0;0;0;0;1;0;0;;
335721;26;9;2018;13:46;0;AV H CJ CEARA;;;1096;;Colis?â?úo;Luz do Dia;;;Meio de Quadra;;;0;0;1;0;0;0;0;0;0;0;0;0;-3,775410000000000;-38,607354000000000
335722;26;9;2018;16:32;0;AV PLACIDO CASTELO;;;391;;Atropelamento;Luz do Dia;;;Meio de Quadra;;;0;2;0;0;0;0;0;0;0;1;0;0;-3,783735000000000;-38,508640000000000
335723;26;9;2018;16:32;1269;RUA ANTONIO AUGUSTO;RUA PINTO MADEIRA;;0;;Colis?â?úo;Luz do Dia;;;Cruz;N?â?úo H?â?í Controle;Comercial;0;0;1;1;0;0;0;0;0;1;0;0;-3,733285000000000;-38,514390000000000
335724;26;9;2018;17:23;0;AV CONTORNO SUL;;;30;;Colis?â?úo;Anoitecer;;;Meio de Quadra;;;0;2;1;1;0;0;0;0;0;1;0;0;-3,835417482000000;-38,515070704000000
335707;26;9;2018;08:18;0;RUA ADOLFO CAMINHA;;;97;;Colis?â?úo;Luz do Dia;;;Meio de Quadra;;;0;1;1;1;0;1;0;0;0;0;0;0;-3,721100081000000;-38,524266468000000
335700;26;9;2018;07:10;0;AV JOAO DE ARAUJO LIMA;;;2185;;Queda;Luz do Dia;;;Meio de Quadra;;;0;0;1;0;0;0;0;0;0;1;0;0;-3,841682332000000;-38,562497666000000
335701;26;9;2018;07:13;0;RUA JOAQUIM NABUCO;;;3295;;Colis?â?úo;Luz do Dia;;;Meio de Quadra;;;0;1;0;1;0;0;0;0;0;1;0;0;;
335703;26;9;2018;07:20;24969;AV PDE ANTONIO TOMAS;AV ALM HENRIQUE SABOIA;;0;;Colis?â?úo;Luz do Dia;;;T;Pare;Residencial;0;0;1;0;0;0;0;0;0;0;0;0;-3,743493000000000;-38,489455000000000
335716;26;9;2018;13:17;25095;AV MAE LISBOA;AV ENG LEAL LIMA VERDE (SAPIRANGA/COITE);;0;;Colis?â?úo;Luz do Dia;;;Cruz;Pare;Comercial;0;1;0;1;0;0;0;0;0;1;0;0;-3,807871000000000;-38,474657000000000
335726;26;9;2018;17:48;0;RUA HUGO VITOR;;;586;;Colis?â?úo;Anoitecer;;;Meio de Quadra;;;0;1;0;0;0;0;0;0;0;1;0;0;-3,744580000000000;-38,590917000000000
335709;26;9;2018;10:25;0;RUA ALVES BATISTA;;;883;;Colis?â?úo;Luz do Dia;;;Meio de Quadra;;;0;1;0;1;0;0;0;0;0;1;0;0;-3,757932000000000;-38,600986600000000
335711;26;9;2018;11:05;0;RUA BAR RIO BRANCO;;;1398;;Atropelamento;Luz do Dia;;;Meio de Quadra;;;0;1;0;1;0;0;0;0;0;0;0;0;-3,730564747000000;-38,529570690000000
335712;26;9;2018;11:24;0;AV PRO JOSE ARTHUR CARVALHO;;;1938;;Queda;Luz do Dia;;;Meio de Quadra;;;0;1;0;0;0;0;0;0;0;1;0;0;-3,825858500000000;-38,463807500000000
335736;26;9;2018;20:03;1258;RUA MON BRUNO;AV SANTOS DUMONT;;0;;Colis?â?úo;;;;Cruz;Pare;Comercial;0;1;1;1;0;1;0;0;0;0;0;0;-3,732595000000000;-38,509506000000000
335729;26;9;2018;18:03;0;AV PINTO BANDEIRA D56;;;1008;;Atropelamento;Anoitecer;;;Meio de Quadra;;;0;1;0;1;0;0;0;0;0;0;0;0;-3,773730000000000;-38,486920000000000
335714;26;9;2018;13:16;0;AV PRS COSTA E SILVA;;;0;;Colis?â?úo;Luz do Dia;;;Meio de Quadra;;;0;1;0;1;0;0;0;0;0;1;0;0;;
335732;26;9;2018;19:25;0;RUA STA ESMERALDA D56;;;0;;Colis?â?úo;;;;Meio de Quadra;;;0;1;1;1;0;0;0;0;0;1;0;0;;
335739;26;9;2018;21:36;0;AV DR SILAS MUNGUBA;;;4901;;Queda;;;;Meio de Quadra;;;0;1;0;0;0;0;0;0;0;1;0;0;-3,795966600000000;-38,531972800000000
335740;26;9;2018;22:02;23718;RUA ECA DE QUEIROZ;RUA GABRIEL FIUZA;;0;;Colis?â?úo;;;;;;;0;2;0;1;0;0;0;0;0;1;0;0;-3,785964000000000;-38,581070000000000
335743;26;9;2018;22:14;0;AV PRS CASTELO BRANCO;;;3100;;Atropelamento;;;;Meio de Quadra;;;0;1;1;0;0;0;0;0;0;1;0;0;-3,711624000000000;-38,557230000000000
338523;26;9;2018;10:15;0;RD BR 222;;;2000;KM-02;Colis?â?úo Traseira;Luz do Dia;;;Meio de Quadra;;;0;1;1;1;0;0;0;0;0;0;0;0;-3,740362400000000;-38,596996100000000
335749;27;9;2018;06:00;0;RUA VITORIA DA CONQUISTA;;;508;;Queda;Luz do Dia;;;Meio de Quadra;;;0;2;0;0;0;0;0;0;0;1;0;0;;
335755;27;9;2018;07:01;0;RUA CARLOS GONDIM;;;280;;Colis?â?úo;Luz do Dia;;;Meio de Quadra;;;0;3;0;0;0;0;0;0;0;1;0;0;-3,720623000000000;-38,591214400000000
335853;27;9;2018;07:57;0;RUA DES PRAXEDES;;;241;;Atropelamento;Luz do Dia;;;Meio de Quadra;;;0;1;0;0;0;0;0;0;0;1;0;0;-3,757778000000000;-38,552280000000000
335764;27;9;2018;07:19;0;AV PRS CASTELO BRANCO;;;3205;;Colis?â?úo;Luz do Dia;;;Meio de Quadra;;;0;2;0;0;0;0;0;0;0;1;0;0;-3,710946898000000;-38,559550410000000
335881;27;9;2018;17:56;0;AV PERIMETRAL;;;0;;Colis?â?úo;Anoitecer;;;Meio de Quadra;;;0;1;0;0;0;0;0;0;0;0;0;0;;
335870;27;9;2018;14:49;0;RUA AZEVEDO BOLAO;;;1228;;Colis?â?úo;Luz do Dia;;;Meio de Quadra;;;0;1;0;1;0;0;0;0;0;1;0;0;-3,736084429000000;-38,554949643000000
335864;27;9;2018;10:25;0;AV WASHINGTON SOARES;;;8278;;Colis?â?úo;Luz do Dia;;;Meio de Quadra;;;0;1;1;0;0;0;1;0;0;1;0;0;-3,823837520000000;-38,481353600000000
335866;27;9;2018;10:33;0;AV PRS COSTA E SILVA;;;0;;Colis?â?úo;Luz do Dia;;;Meio de Quadra;;;0;1;0;1;0;0;0;0;0;1;0;0;;
335867;27;9;2018;13:17;0;AV JOR THOMAZ COELHO;;;1578;;Queda;Luz do Dia;;;Meio de Quadra;;;0;1;0;0;0;0;0;0;0;1;0;0;-3,829904272000000;-38,509135614000000
335894;27;9;2018;18:07;9200;RUA JAIME BENEVOLO;RUA DEP JOAO PONTES;;0;;Colis?â?úo;Anoitecer;;;Cruz;Pare;Comercial;0;1;1;1;0;0;0;0;0;1;0;0;-3,746140000000000;-38,530076000000000
335910;27;9;2018;18:18;0;AV GOV RAUL BARBOSA;;;6680;;Atropelamento;Anoitecer;;;Meio de Quadra;;;0;2;0;0;0;0;0;0;0;1;0;0;-3,772619500000000;-38,512387000000000
335913;27;9;2018;18:39;0;RUA PRA HELOISA F LIMA;;;466;;Atropelamento;Anoitecer;;;Meio de Quadra;;;0;1;0;0;0;0;0;0;0;1;0;0;-3,749923500000000;-38,545152600000000
335914;27;9;2018;18:45;0;AV OLIVEIRA PAIVA;;;535;;Queda;;;;Meio de Quadra;;;0;1;0;0;0;0;0;0;0;1;0;0;;
335916;27;9;2018;18:49;0;AV I CJ CEARA;;;0;;Queda;;;;Meio de Quadra;;;0;1;0;0;0;0;0;0;0;1;0;0;;
335920;27;9;2018;19:44;0;RUA 860 CJ CEARA;;;0;;Atropelamento;;;;Meio de Quadra;;;0;1;1;0;0;0;0;0;0;1;0;0;;
335918;27;9;2018;19:25;0;RUA XAVIER DA SILVEIRA;;;4249;;Colis?â?úo;;;;Meio de Quadra;;;0;2;0;1;0;0;0;0;0;1;0;0;-3,788197894000000;-38,626130234000000
335922;27;9;2018;20:41;0;AV AGUANAMBI;;;0;;Queda;;;;Meio de Quadra;;;0;2;0;0;0;0;0;0;0;1;0;0;;
335924;27;9;2018;21:14;0;AV AUGUSTO DOS ANJOS;;;2171;;Colis?â?úo;;;;Meio de Quadra;;;0;1;0;1;0;0;0;0;0;1;0;0;-3,784861000000000;-38,583225000000000
335926;27;9;2018;21:42;0;RUA LUIS TORRES;;;133;;Colis?â?úo;;;;Meio de Quadra;;;0;1;0;1;0;0;0;0;0;0;0;0;-3,792420000000000;-38,564530000000000
335935;27;9;2018;21:47;5122;RUA SAO PAULO;AV IMPERADOR;;0;;Colis?â?úo;;;;Cruz;Sem?â?íforo;Comercial;0;1;1;1;0;0;0;0;0;1;0;0;-3,724049000000000;-38,533522000000000
335952;27;9;2018;21:53;0;AV PRS CASTELO BRANCO;;;0;;Atropelamento;;;;Meio de Quadra;;;0;1;0;1;0;0;0;0;0;0;0;0;;
335956;27;9;2018;23:18;0;RUA BERNARDO MANUEL;;;14155;;Colis?â?úo;;;;Meio de Quadra;;;0;0;1;1;0;0;0;0;0;1;0;0;-3,842199246000000;-38,565048530000000
331654;27;9;2018;14:30;15273;RUA OSVALDO CRUZ (ALDEOTA);RUA ANA BILHAR;;0;;Colis?â?úo Transversal;Luz do Dia;Bom;Seca;Cruz;Sem?â?íforo;Residencial;0;1;2;1;0;0;0;0;0;0;0;0;-3,728699000000000;-38,498091000000000
331661;27;9;2018;12:30;9019;RUA BAR ARATANHA;RUA SALDANHA MARINHO;;0;;Colis?â?úo Transversal;Luz do Dia;Bom;Seca;Cruz;Sem?â?íforo;Comercial;0;1;1;1;0;0;0;0;0;1;0;0;-3,742820000000000;-38,529697000000000
333052;27;9;2018;07:15;25606;RUA ENG EDMUNDO ALMEIDA FILHO;RUA FRANCISCO LORDA;;0;;Colis?â?úo Transversal;Luz do Dia;Bom;Seca;T;Pare;Residencial;0;0;2;1;0;0;0;0;0;0;0;0;-3,762531000000000;-38,529741000000000
333053;27;9;2018;07:35;0;AV ALM BARROSO;;;91;;Colis?â?úo Transversal;Luz do Dia;Bom;Seca;Meio de Quadra;N?â?úo H?â?í Controle;Comercial;0;1;1;1;0;0;0;0;0;1;0;0;-3,720234600000000;-38,514957000000000
333054;27;9;2018;08:50;5030;RUA ALM JACEGUAI;AV ALM BARROSO;;0;;Colis?â?úo Traseira;Luz do Dia;Bom;Seca;T;Sem?â?íforo;Comercial;0;1;1;1;0;0;0;0;0;1;0;0;-3,720749000000000;-38,519363000000000
333055;27;9;2018;08:50;17265;RUA ALBERTO MAGNO;RUA SATIRO DIAS;;0;;Colis?â?úo Transversal;Luz do Dia;Bom;Seca;Cruz;Pare;Comercial;0;3;1;0;0;0;0;0;0;1;0;0;-3,762063000000000;-38,547531000000000
333056;27;9;2018;11:05;0;RUA JOAO CORDEIRO;;;2180;;Colis?â?úo Lateral;Luz do Dia;Bom;Seca;Meio de Quadra;N?â?úo H?â?í Controle;Residencial;0;0;2;1;0;0;0;0;0;0;0;0;-3,739444300000000;-38,517788000000000
333057;27;9;2018;10:14;1380;RUA TORRES CAMARA;RUA NUNES VALENTE;;0;;Colis?â?úo Transversal;Luz do Dia;Bom;Seca;Cruz;Pare;Residencial;0;1;0;1;0;0;0;0;0;1;0;0;-3,736618000000000;-38,503856000000000
333058;27;9;2018;09:10;22093;AV JOSE BASTOS;RUA ALEXANDRE BARAUNA;;0;;Colis?â?úo Transversal;Luz do Dia;Bom;Seca;T;N?â?úo H?â?í Controle;Escola;0;1;3;1;0;0;0;0;0;1;0;0;-3,749516000000000;-38,549978000000000
333059;27;9;2018;14:05;303;RUA TIP SALES;RUA ROTARY;;0;;Colis?â?úo Transversal;Luz do Dia;Bom;Seca;Meio de Quadra;Pare;Residencial;0;0;1;1;0;0;0;0;0;1;0;0;-3,743553000000000;-38,563564000000000
333060;27;9;2018;14:12;24909;AV MOZART PINHEIRO DE LUCENA;RUA ROSINHA SAMPAIO;;0;;Colis?â?úo Traseira;Luz do Dia;Bom;Seca;Cruz;Pare;Comercial;0;1;1;1;0;0;0;0;0;1;0;0;-3,724211000000000;-38,597432000000000
333061;27;9;2018;13:10;0;RUA ESTEVAO DE CAMPOS;;;1683;;Choque c/ Obst?â?ículo Fixo;Luz do Dia;Bom;Seca;Meio de Quadra;N?â?úo H?â?í Controle;Residencial;0;0;1;0;0;0;0;0;0;0;0;0;-3,701083400000000;-38,588654000000000
333062;27;9;2018;14:59;7623;RUA RIO GRANDE DO SUL;RUA PERNAMBUCO;;0;;Colis?â?úo Transversal;Luz do Dia;Bom;Seca;Cruz;Pare;Comercial;0;1;2;1;0;0;0;0;0;0;0;0;-3,760011000000000;-38,568467000000000
333063;27;9;2018;09:25;0;AV DES FLORIANO BENEVIDES;;;220;;Colis?â?úo Lateral;Luz do Dia;Bom;Seca;Meio de Quadra;N?â?úo H?â?í Controle;Comercial;0;1;1;1;0;0;0;0;0;1;0;0;-3,772735400000000;-38,479248000000000
333064;27;9;2018;14:00;0;AV JOAO PESSOA;;;6380;;Colis?â?úo Traseira;Luz do Dia;Bom;Seca;Meio de Quadra;N?â?úo H?â?í Controle;Comercial;0;1;1;0;1;0;0;0;0;1;0;0;-3,766275200000000;-38,559370000000000
333065;27;9;2018;17:10;25111;RUA DEMETRIO MENEZES;RUA GAL GOIS MONTEIRO;;0;;Colis?â?úo Lateral;Luz do Dia;Bom;Seca;T;Pare;Comercial;0;1;1;0;1;0;0;0;0;1;0;0;-3,734527000000000;-38,584238000000000
333066;27;9;2018;22:04;0;AV ENG SANTANA JUNIOR;;;260;;Colis?â?úo Transversal;Via Iluminada;Bom;Seca;Meio de Quadra;N?â?úo H?â?í Controle;Residencial;0;1;1;1;0;0;0;0;0;1;0;0;-3,731768800000000;-38,479687000000000
333067;27;9;2018;21:40;246;AV JOVITA FEITOSA;RUA DOM LINO;;0;;Colis?â?úo Transversal;Via Iluminada;Bom;Seca;Cruz;Sem?â?íforo;Comercial;0;2;1;0;0;0;0;0;0;1;0;0;-3,739850000000000;-38,556413000000000
333076;27;9;2018;05:42;9033;RUA CEL SOLON;RUA DOM SEBASTIAO LEME;;0;;Colis?â?úo Transversal;Amanhecer;Bom;Seca;Cruz;Pare;Residencial;0;1;2;1;1;0;0;0;0;0;0;0;-3,742963000000000;-38,526799000000000
333106;28;9;2018;18:41;5460;AV HERACLITO GRACA;RUA NOGUEIRA ACIOLI;;0;;Atropelamento;Luz do Dia;Bom;Seca;Cruz;Sem?â?íforo;Comercial;0;2;2;0;1;0;0;0;0;1;0;0;-3,735364000000000;-38,518440000000000
333068;28;9;2018;01:14;14994;RUA ITALIA D43;RUA LUIS TORRES;;0;;Colis?â?úo Lateral;Via Iluminada;Bom;Seca;Cruz;Pare;Residencial;0;0;2;1;0;0;0;0;0;0;0;0;-3,792495000000000;-38,564615000000000
333069;28;9;2018;01:37;5135;AV TRISTAO GONCALVES;RUA SAO PAULO;;0;;Colis?â?úo Transversal;Via Iluminada;Bom;Seca;Cruz;Sem?â?íforo;Comercial;0;1;1;0;0;0;0;0;0;1;0;0;-3,724419000000000;-38,532395000000000
333071;28;9;2018;09:39;0;RUA SOLON PINHEIRO;;;267;;Colis?â?úo Traseira;Luz do Dia;Bom;Seca;Meio de Quadra;Sem?â?íforo;Comercial;0;0;2;1;0;0;0;0;0;0;0;0;-3,733005300000000;-38,527100000000000
333072;28;9;2018;15:10;0;RUA SAO PAULO;;;563;;Colis?â?úo Lateral;Luz do Dia;Bom;Seca;Outros;Sem?â?íforo;Comercial;0;0;2;1;0;0;0;0;0;1;0;0;-3,724616300000000;-38,530415000000000
333073;28;9;2018;15:56;0;AV ALBERTO CRAVEIRO;;;2341;;Colis?â?úo Lateral;Luz do Dia;Bom;Seca;Meio de Quadra;N?â?úo H?â?í Controle;Comercial;0;1;1;1;0;0;0;0;0;1;0;0;-3,801036400000000;-38,519800000000000
333074;28;9;2018;15:30;5328;AV DUQ CAXIAS;AV TRISTAO GONCALVES;;0;;Colis?â?úo Traseira;Luz do Dia;Bom;Seca;Cruz;Sem?â?íforo;Comercial;0;1;1;1;0;0;0;0;0;1;0;0;-3,730400000000000;-38,534196000000000
333075;28;9;2018;21:45;22194;RUA CAP NESTOR GOIS;AV SGT HERMINIO SAMPAIO;;0;;Colis?â?úo Lateral;Anoitecer;Bom;Seca;Cruz;Sem?â?íforo;Comercial;0;0;2;1;0;0;0;0;0;0;0;0;-3,726371000000000;-38,560489000000000
333080;28;9;2018;18:57;15980;RUA PAURILO BARROSO;RUA DR RODRIGO C SANDOVAL;;0;;Colis?â?úo Transversal;Via Iluminada;Bom;Seca;Cruz;Pare;Residencial;0;2;1;1;0;0;0;0;0;1;0;0;-3,805327000000000;-38,571017000000000
336487;28;9;2018;05:52;0;AV PRS JUSCELINO KUBITSCHEK (PASSAR?âÔÇ?);;;0;;Colis?â?úo;Amanhecer;;;Meio de Quadra;;;0;2;0;1;0;0;0;0;0;1;0;0;;
336514;28;9;2018;11:59;0;RUA CEL DIONISIO ALENCAR;;;350;;Colis?â?úo;Luz do Dia;;;Meio de Quadra;;;0;1;0;0;0;0;0;0;0;1;0;0;-3,828467200000000;-38,486344500000000
336505;28;9;2018;11:53;0;AV GAL OSORIO DE PAIVA;;;4183;;Colis?â?úo;Luz do Dia;;;Meio de Quadra;;;0;0;1;1;0;0;0;0;0;1;0;0;-3,795364333000000;-38,593020667000000
336536;28;9;2018;18:29;2551;AV FRANCISCO SA;RUA ALBERTO DE OLIVEIRA;;0;;Colis?â?úo;Anoitecer;;;Cruz;Pare;Comercial;0;1;0;1;0;0;0;0;0;1;0;0;-3,710829000000000;-38,576582000000000
336537;28;9;2018;18:38;0;RUA PRO JOSE HENRIQUE;;;1330;;Colis?â?úo;;;;Meio de Quadra;;;0;1;1;0;0;0;0;0;0;1;0;0;-3,830800000000000;-38,478090000000000
336538;28;9;2018;18:45;25108;RUA BRAZ DE FRANCESCO;AV BEZERRA DE MENEZES;;0;;Colis?â?úo;;;;Cruz;Sem?â?íforo;Comercial;0;1;0;0;0;0;0;0;0;0;0;0;-3,736282000000000;-38,567363000000000
336539;28;9;2018;18:53;0;RUA PERNAMBUCO;;;1891;;Colis?â?úo;;;;Meio de Quadra;;;0;0;1;0;0;0;0;0;0;0;0;0;-3,755397282000000;-38,574366846000000
336540;28;9;2018;19:58;0;AV JOAO PESSOA;;;0;;Atropelamento;;;;Meio de Quadra;;;0;1;1;0;1;0;0;0;0;0;0;0;;
336522;28;9;2018;14:00;0;RUA JOSE MENDONCA;;;527;;Colis?â?úo;Luz do Dia;;;Meio de Quadra;;;0;1;0;1;0;0;0;0;0;1;0;0;-3,757921000000000;-38,602332000000000
336523;28;9;2018;15:40;0;AV DEP PAULINO ROCHA;;;1001;;Colis?â?úo;Luz do Dia;;;Meio de Quadra;;;0;2;0;1;0;0;0;0;0;1;0;0;-3,807640000000000;-38,508270000000000
336524;28;9;2018;16:02;0;AV SEN FERNANDES TAVORA;;;3290;;Colis?â?úo;Luz do Dia;;;Meio de Quadra;;;0;0;1;1;0;0;0;0;0;1;0;0;-3,754492000000000;-38,601696000000000
336525;28;9;2018;17:18;0;AV JOR THOMAZ COELHO;;;0;;Queda;Anoitecer;;;Meio de Quadra;;;0;1;0;0;0;0;0;0;0;1;0;0;;
336526;28;9;2018;17:22;22087;RUA PRO COSTA MENDES;RUA CAP FRANCISCO PEDRO;;0;;Colis?â?úo;Anoitecer;;;Cruz;Sem?â?íforo;Escola;0;1;0;1;0;1;0;0;0;0;0;0;-3,750337000000000;-38,551734000000000