COD_ACIDENTE;DIA;MES;ANO;HORA;INTERSECAO;LOG1;LOG2;LOG3;NUMERO;REFERENCIA;NATUREZA;ILUMINACAO;TEMPO;SUPERFICIEPISTA;TIPOCRUZAMENTO;CONTROLETRAFEGO;USOSOLO;MORTOS;FERIDOS;ILESOS;AUTOMOVEL;ONIBUS;BICICLETA;CAMINHAO;MICROONIBUS;CICLOMOTOR;MOTOCICLETA;TRACAOANIMAL;TREM;LATITUDE;LONGITUDE
336527;28;9;2018;17:38;12457;AV AUGUSTO DOS ANJOS;RUA PRO GOMES BRASIL;;0;;Atropelamento;Anoitecer;;;Cruz;Sem?â?íforo;Comercial;0;1;0;0;1;0;0;0;0;0;0;0;-3,770153000000000;-38,570427000000000
336528;28;9;2018;18:05;5092;AV IMPERADOR;RUA SEN ALENCAR;;0;;Queda;Anoitecer;;;Cruz;Sem?â?íforo;Comercial;0;1;0;0;0;0;0;0;0;1;0;0;-3,723171000000000;-38,533258000000000
336531;28;9;2018;18:24;0;RUA BARRA NOVA;;;840;;Colis?â?úo;Anoitecer;;;Meio de Quadra;;;0;1;0;1;0;0;0;0;0;1;0;0;-3,783344000000000;-38,505315000000000
336491;28;9;2018;07:33;0;AV GODOFREDO MACIEL;;;4747;;Queda;Luz do Dia;;;Meio de Quadra;;;0;1;0;0;0;0;0;0;0;1;0;0;-3,817197000000000;-38,574641000000000
336493;28;9;2018;07:35;0;RD BR 116;;;3100;;Queda;Luz do Dia;;;Meio de Quadra;;;0;1;1;0;0;0;0;0;0;1;0;0;-3,779838000000000;-38,514372000000000
336494;28;9;2018;07:42;3993;RUA ALBERTO MAGNO;RUA DULCINEIA GONDIM;;0;;Colis?â?úo;Luz do Dia;;;Cruz;Pare;Comercial;0;1;0;1;0;0;0;0;0;1;0;0;-3,759321000000000;-38,545120000000000
336495;28;9;2018;10:13;25198;RUA BAR AQUIRAZ;RUA MIGUEL GURGEL;;0;;Colis?â?úo;Luz do Dia;;;T;N?â?úo H?â?í Controle;Comercial;0;2;0;1;0;0;0;0;0;1;0;0;-3,842357000000000;-38,483550000000000
336496;28;9;2018;10:21;0;RD QUARTO ANEL VIARIO;;;0;;Colis?â?úo;Luz do Dia;;;Meio de Quadra;;;0;1;0;1;0;0;0;0;0;1;0;0;;
336497;28;9;2018;10:24;0;RUA JOSE VILAR;;;502;;Colis?â?úo;Luz do Dia;;;Meio de Quadra;;;0;1;0;1;0;0;0;0;0;1;0;0;-3,729463100000000;-38,502623600000000
336498;28;9;2018;11:45;0;RUA 4 CJ JOSE WALTER;;;350;;Colis?â?úo;Luz do Dia;;;Meio de Quadra;;;0;1;1;0;0;0;0;0;0;1;0;0;;
336516;28;9;2018;12:00;0;AV DR SILAS MUNGUBA;;;1151;;Colis?â?úo;Luz do Dia;;;Meio de Quadra;;;0;0;1;0;0;0;0;0;0;0;0;0;-3,782175637000000;-38,555800818000000
336519;28;9;2018;12:10;0;AV GAL OSORIO DE PAIVA;;;5081;;Colis?â?úo;Luz do Dia;;;Meio de Quadra;;;0;1;0;1;0;0;0;0;0;1;0;0;-3,802827000000000;-38,600217000000000
336520;28;9;2018;13:08;0;RUA BETEL;;;0;;Queda;Luz do Dia;;;Meio de Quadra;;;0;1;0;0;0;0;0;0;0;1;0;0;;
336544;28;9;2018;20:46;5356;RUA GAL SAMPAIO;AV DUQ CAXIAS;;0;;Colis?â?úo;;;;Cruz;Sem?â?íforo;Comercial;0;1;0;0;0;0;0;0;0;1;0;0;-3,731096000000000;-38,532029000000000
336546;28;9;2018;21:45;0;RUA PDE PEDRO DE ALENCAR;;;1620;;Queda;;;;Meio de Quadra;;;0;1;0;0;0;0;0;0;0;1;0;0;-3,842251000000000;-38,494322000000000
336547;28;9;2018;22:14;0;RUA MON DANTAS;;;2204;;Colis?â?úo;;;;Meio de Quadra;;;0;1;0;1;0;0;0;0;0;1;0;0;-3,871161800000000;-38,518899800000000
336542;28;9;2018;20:13;0;AV PRS COSTA E SILVA;;;600;;Colis?â?úo;;;;Meio de Quadra;;;0;0;1;1;0;0;0;0;0;1;0;0;-3,811955000000000;-38,574221000000000
336581;28;9;2018;12:25;0;AV CEL CARVALHO;;;0;;Colis?â?úo;Luz do Dia;;;Meio de Quadra;;;0;0;2;0;0;0;0;0;0;0;0;0;;
336584;28;9;2018;22:15;0;RUA SAO DOMINGOS;;;280;;Choque c/ Obst?â?ículo Fixo;;;;Meio de Quadra;;;0;0;1;0;0;0;0;0;0;0;0;0;-3,736860000000000;-38,590800000000000
335957;28;9;2018;04:50;0;AV GAL OSORIO DE PAIVA;;;2955;;Atropelamento;;;;Meio de Quadra;;;0;1;0;1;0;0;0;0;0;0;0;0;-3,789256000000000;-38,587028000000000
336582;29;9;2018;15:05;0;RUA PRIMEIRO DE MAIO D34;;;2100;;Colis?â?úo;Luz do Dia;;;Meio de Quadra;;;0;0;1;1;0;0;0;0;0;1;0;0;-3,779524000000000;-38,600582000000000
336596;29;9;2018;17:51;0;RUA FRANCISCA CLOTILDE;;;8075;;Colis?â?úo;Anoitecer;;;Meio de Quadra;;;0;0;1;0;0;0;0;0;0;0;0;0;;
336597;29;9;2018;09:30;0;LOGRADOURO SEM NOME;;;0;;Colis?â?úo;Luz do Dia;;;Meio de Quadra;;;0;1;1;0;0;0;0;0;0;1;0;0;;
336599;29;9;2018;17:55;25443;RUA NOGUEIRA ACIOLI;RUA ROCHA LIMA;;0;;Colis?â?úo;Anoitecer;;;Cruz;Pare;Residencial;0;1;0;1;0;0;0;0;0;1;0;0;-3,737351000000000;-38,519293000000000
336600;29;9;2018;08:40;0;LOGRADOURO SEM NOME;;;0;;Colis?â?úo;Luz do Dia;;;Meio de Quadra;;;0;1;1;1;0;0;0;0;0;1;0;0;;
336586;29;9;2018;00:20;19677;RUA AZEVEDO BOLAO;RUA PRO NOGUEIRA;;0;;Colis?â?úo;;;;Cruz;Pare;Comercial;0;0;3;1;0;0;0;0;0;0;0;0;-3,734969000000000;-38,549518000000000
336587;29;9;2018;15:34;0;RUA PERGENTINO MAIA;;;210;;Colis?â?úo;Luz do Dia;;;Meio de Quadra;;;0;0;1;1;0;0;0;0;0;1;0;0;-3,830863032000000;-38,492838032000000
336588;29;9;2018;15:52;0;RUA RIO GRANDE DO SUL;;;187;;Atropelamento;Luz do Dia;;;Meio de Quadra;;;0;1;0;0;0;0;0;0;0;1;0;0;-3,751046200000000;-38,562253400000000
336589;29;9;2018;16:03;0;RUA BERNARDO MANUEL;;;0;;Colis?â?úo;Luz do Dia;;;Meio de Quadra;;;0;0;1;1;0;0;0;0;0;0;0;0;;
336590;29;9;2018;16:12;0;RUA VERBENA;;;330;;Colis?â?úo;Luz do Dia;;;Meio de Quadra;;;0;1;0;1;0;0;0;0;0;1;0;0;-3,778933500000000;-38,588164000000000
336591;29;9;2018;19:34;0;AV DR SILAS MUNGUBA;;;1700;UECE;Colis?â?úo;;;;Meio de Quadra;;;0;1;1;1;0;0;0;0;0;1;0;0;-3,784816032000000;-38,553023567000000
336592;29;9;2018;16:39;1287;RUA BAR ARACATI;RUA PINTO MADEIRA;;0;;Colis?â?úo;Luz do Dia;;;Cruz;Pare;Residencial;0;1;0;1;0;0;0;0;0;1;0;0;-3,733944000000000;-38,512278000000000
336593;29;9;2018;17:02;0;RUA MONTE PASCOAL;;;745;;Colis?â?úo;Anoitecer;;;Meio de Quadra;;;0;2;0;0;0;0;0;0;0;1;0;0;;
336620;29;9;2018;20:48;17412;RUA BAR SOBRAL;RUA ALBERTO MAGNO;;0;;Colis?â?úo;;;;Cruz;Sem?â?íforo;Comercial;0;1;0;1;0;0;0;0;0;1;0;0;-3,767991000000000;-38,552417000000000
336621;29;9;2018;20:54;0;RUA ARRUDA CAMARA;;;429;;Colis?â?úo;;;;Meio de Quadra;;;0;2;0;0;0;0;0;0;0;1;0;0;-3,789945000000000;-38,583151500000000
336623;29;9;2018;21:04;0;AV SANTOS DUMONT;;;0;;Colis?â?úo;;;;Meio de Quadra;;;0;1;0;1;0;0;0;0;0;1;0;0;;
336603;29;9;2018;18:04;0;AV COS GOMES DE FREITAS (SAPIRANGA/COITE);;;3188;;Colis?â?úo;Anoitecer;;;Meio de Quadra;;;0;1;0;1;0;1;0;0;0;0;0;0;-3,795528000000000;-38,477837500000000
336604;29;9;2018;18:17;0;RUA BRUNO VALENTE;;;732;;Colis?â?úo;Anoitecer;;;Meio de Quadra;;;0;2;0;1;0;0;0;0;0;1;0;0;-3,788245500000000;-38,539391000000000
336606;29;9;2018;19:05;0;AV SEN FERNANDES TAVORA;;;220;;Colis?â?úo;;;;Meio de Quadra;;;0;1;0;0;0;0;0;0;0;0;0;0;-3,767556000000000;-38,573163900000000
336608;29;9;2018;19:30;0;RUA CESAR ROSSAS;;;445;;Colis?â?úo;;;;Meio de Quadra;;;0;0;1;1;0;0;0;0;0;1;0;0;-3,769305036000000;-38,555242589000000
336609;29;9;2018;19:36;0;RUA PINTO MADEIRA;;;1445;;Colis?â?úo;;;;Meio de Quadra;;;0;1;0;1;0;0;0;0;0;1;0;0;;
336610;29;9;2018;19:46;0;AV PENETRACAO OESTE I;;;102;;Colis?â?úo;;;;Meio de Quadra;;;0;2;0;1;0;0;0;0;0;1;0;0;-3,815400813000000;-38,586842969000000
336611;29;9;2018;19:51;0;RUA VICENTE LEITE;;;2990;;Colis?â?úo;;;;Meio de Quadra;;;0;1;1;1;0;0;0;0;0;1;0;0;-3,751730200000000;-38,500133500000000
336553;29;9;2018;02:27;0;RUA CRUZEIRO D69;;;0;;Queda;;;;Meio de Quadra;;;0;0;1;0;0;0;0;0;0;1;0;0;;
336554;29;9;2018;06:28;0;RUA CARVALHO MOTA;;;164;;Atropelamento;Luz do Dia;;;Meio de Quadra;;;0;1;0;1;0;0;0;0;0;0;0;0;-3,735219807000000;-38,545122968000000
336549;29;9;2018;00:15;0;AV WASHINGTON SOARES;;;4370;;Colis?â?úo;;;;Meio de Quadra;;;0;1;0;1;0;0;0;0;0;1;0;0;-3,794935000000000;-38,479979000000000
336550;29;9;2018;00:42;0;AV CONTORNO SUL;;;906;;Queda;;;;Meio de Quadra;;;0;2;0;0;0;0;0;0;0;1;0;0;-3,856791000000000;-38,484345000000000
336578;29;9;2018;14:22;0;RUA POE MARIO LINHARES (J.WALTER);;;41;;Colis?â?úo;Luz do Dia;;;Meio de Quadra;;;0;1;0;0;0;0;0;0;0;1;0;0;-3,823770000000000;-38,550900000000000
336579;29;9;2018;14:46;11022;RUA BAR CANINDE;RUA MUNDICA PAULA;;0;;Colis?â?úo;Luz do Dia;;;Cruz;Pare;Residencial;0;1;0;1;0;0;0;0;0;1;0;0;-3,773214000000000;-38,558309000000000
336580;29;9;2018;14:57;0;RUA CEL JOAO OLIVEIRA;;;999;;Atropelamento;Luz do Dia;;;Meio de Quadra;;;0;1;1;0;0;0;0;0;0;1;0;0;-3,822988700000000;-38,485841500000000
336556;29;9;2018;06:47;0;RUA SABIAGUABA;;;0;;Queda;Luz do Dia;;;Meio de Quadra;;;0;1;0;0;0;1;0;0;0;0;0;0;;
336572;29;9;2018;11:46;9549;RUA SGT JOAO PINHEIRO;RUA MATEUS LEMOS;;0;;Colis?â?úo;Luz do Dia;;;Cruz;N?â?úo H?â?í Controle;Residencial;0;1;0;0;0;0;0;0;0;1;0;0;-3,779671000000000;-38,621919000000000
336573;29;9;2018;12:16;0;AV PRS JUSCELINO KUBITSCHEK (PASSAR?âÔÇ?);;;3256;;Colis?â?úo;Luz do Dia;;;Meio de Quadra;;;0;1;1;1;0;0;0;0;0;1;0;0;-3,809073546000000;-38,526428091000000
336574;29;9;2018;13:46;0;AV FRE CIRILO;;;4000;;Queda;Luz do Dia;;;Meio de Quadra;;;0;1;0;0;0;0;0;0;0;1;0;0;-3,819139420000000;-38,496622098000000
336558;29;9;2018;07:15;0;AV DR SILAS MUNGUBA;;;3341;;Atropelamento;Luz do Dia;;;Meio de Quadra;;;0;2;0;1;0;0;0;0;0;0;0;0;-3,789165000000000;-38,543861000000000
336559;29;9;2018;07:40;0;RUA SAO FRANCISCO D34;;;217;;Colis?â?úo;Luz do Dia;;;Meio de Quadra;;;0;1;0;1;0;0;0;0;0;1;0;0;-3,784320584000000;-38,588283400000000
336560;29;9;2018;09:20;0;RUA ENG LUIS MONTENEGRO;;;756;;Queda;Luz do Dia;;;Meio de Quadra;;;0;1;0;0;0;0;0;0;0;1;0;0;-3,814620000000000;-38,616630000000000
336565;29;9;2018;09:30;5406;RUA ANTONIO POMPEU;RUA PRC ISABEL;;0;;Colis?â?úo;Luz do Dia;;;Cruz;Pare;Comercial;0;1;0;1;0;0;0;0;0;1;0;0;-3,732693000000000;-38,537283000000000
336566;29;9;2018;09:46;0;AV TRISTAO GONCALVES;;;1203;;Atropelamento;Luz do Dia;;;Meio de Quadra;;;0;3;0;0;0;0;0;0;0;1;0;0;-3,732327000000000;-38,534777000000000
336567;29;9;2018;11:28;0;RUA CEL JOAQUIM FRANKLIN;;;425;;Colis?â?úo;Luz do Dia;;;Meio de Quadra;;;0;1;0;1;0;0;0;0;0;0;0;0;-3,742673394000000;-38,589447848000000
336568;29;9;2018;11:42;0;RUA GAL SAMPAIO;;;1354;;Atropelamento;Luz do Dia;;;Meio de Quadra;;;0;1;0;0;0;0;0;0;0;1;0;0;-3,730199245000000;-38,531763113000000
336627;29;9;2018;21:51;0;AV SGT HERMINIO SAMPAIO;;;5100;;Colis?â?úo;;;;Meio de Quadra;;;0;1;0;1;0;0;0;0;0;1;0;0;-3,733867000000000;-38,584316000000000
336613;29;9;2018;20:21;0;AV WASHINGTON SOARES;;;0;;Colis?â?úo;;;;Meio de Quadra;;;0;0;1;1;0;0;0;0;0;1;0;0;;
336632;29;9;2018;22:05;7496;RUA JOAO FONSECA;RUA PEDRO DANTAS;;0;;Atropelamento;;;;Cruz;Pare;Comercial;0;2;0;0;0;0;0;0;0;1;0;0;-3,785733000000000;-38,522903000000000
336636;29;9;2018;22:29;0;AV DR SILAS MUNGUBA;;;0;;Colis?â?úo;;;;Meio de Quadra;;;0;0;1;1;0;0;0;0;0;1;0;0;;
336643;29;9;2018;23:08;21591;RUA COSTA FREIRE;RUA DES FROTA D71;;0;;Colis?â?úo;;;;Cruz;Pare;Residencial;0;1;0;0;0;0;0;0;0;0;0;0;-3,796108000000000;-38,588182000000000
336641;29;9;2018;22:46;12892;AV DOMINGOS OLIMPIO;RUA BAR RIO BRANCO;;0;;Colis?â?úo;;;;Cruz;Sem?â?íforo;Comercial;0;0;1;1;0;0;0;0;0;1;0;0;-3,736579000000000;-38,531494000000000
336647;29;9;2018;23:54;0;RUA BETEL;;;0;;Queda;;;;Meio de Quadra;;;0;1;0;0;0;0;0;0;0;1;0;0;;
333081;29;9;2018;16:07;0;AV JOSE JATAHY;;;0;;Choque c/ Obst?â?ículo Fixo;Via Iluminada;Bom;Seca;T;Pare;Comercial;0;0;1;1;0;0;0;0;0;0;0;0;-3,732602400000000;-38,544730000000000
333082;29;9;2018;20:50;0;AV BEZERRA DE MENEZES;;;1498;;N?â?úo Informado;Via Iluminada;Bom;Seca;Meio de Quadra;N?â?úo H?â?í Controle;Comercial;0;0;1;1;0;0;0;0;0;0;0;0;-3,734253600000000;-38,558216000000000
333083;29;9;2018;19:16;0;AV COS GOMES DE FREITAS (SAPIRANGA/COITE);;;3339;;Atropelamento;Via Iluminada;Bom;Seca;Meio de Quadra;N?â?úo H?â?í Controle;Comercial;0;1;1;1;0;0;0;0;0;0;0;0;-3,782816200000000;-38,554600000000000
333084;29;9;2018;21:52;17412;RUA ALBERTO MAGNO;RUA BAR SOBRAL;;0;;Colis?â?úo Transversal;Via Iluminada;Bom;Seca;Cruz;Sem?â?íforo;Comercial;0;1;1;1;0;0;0;0;0;1;0;0;-3,767991000000000;-38,552417000000000
333085;29;9;2018;22:53;0;AL AMALIA MARIA;;;330;;Colis?â?úo Transversal;Via Iluminada;Bom;Seca;Meio de Quadra;N?â?úo H?â?í Controle;Comercial;0;0;2;1;0;0;0;0;0;0;0;0;-3,748732000000000;-38,471485000000000
333097;29;9;2018;09:41;1406;AV DES MOREIRA;RUA DES LEITE ALBUQUERQUE;;0;;Colis?â?úo Transversal;Luz do Dia;Bom;Seca;Cruz;Sem?â?íforo;Comercial;0;1;1;1;0;0;0;0;0;1;0;0;-3,737220000000000;-38,498678000000000
333077;29;9;2018;10:00;0;RUA PEDRO LAZAR;;;1289;;Colis?â?úo Lateral;Luz do Dia;Bom;Seca;Meio de Quadra;N?â?úo H?â?í Controle;Comercial;0;1;1;0;0;0;0;0;0;1;0;0;-3,804685800000000;-38,488327000000000
333078;29;9;2018;11:25;20043;AV PRUDENTE BRASIL;AV PALESTINA D68;;0;;Colis?â?úo;Luz do Dia;Bom;Seca;N?â?úo Informado;Pare;Residencial;0;0;2;1;0;0;0;0;0;1;0;0;-3,806944000000000;-38,533505000000000
333079;29;9;2018;13:30;1230;RUA COSTA BARROS;RUA BAR ARACATI;;0;;Colis?â?úo;Luz do Dia;Bom;Seca;Cruz;Pare;Comercial;0;1;1;1;0;0;0;0;0;1;0;0;-3,730488000000000;-38,511153000000000
333116;29;9;2018;13:15;2699;RUA OSCAR ARARIPE;RUA CEL VIRGILIO NOGUEIRA (BOM JARDIM);;0;;Colis?â?úo Transversal;Luz do Dia;Bom;Seca;Cruz;Sem?â?íforo;Comercial;0;1;2;1;0;0;0;0;0;1;0;0;-3,788145800000000;-38,608665000000000
331669;29;9;2018;11:21;0;AV FILOMENO GOMES;;;42;;Colis?â?úo;Luz do Dia;Bom;Seca;Meio de Quadra;Sem?â?íforo;Comercial;0;1;1;1;0;0;0;0;0;1;0;0;-3,723672000000000;-38,541426500000000
331666;29;9;2018;21:30;0;RUA PDE MORORO;;;2225;;Choque c/ Obst?â?ículo Fixo;Via Iluminada;Bom;Seca;Meio de Quadra;N?â?úo H?â?í Controle;Residencial;0;1;2;1;0;0;0;0;0;0;0;0;-3,736140000000000;-38,540656000000000
331672;29;9;2018;06:40;0;RUA PDE VALDEVINO;;;427;;Choque c/ Obst?â?ículo Fixo;Luz do Dia;Bom;Seca;Meio de Quadra;N?â?úo H?â?í Controle;Residencial;0;0;1;1;0;0;0;0;0;0;0;0;-3,738071800000000;-38,520183800000000
331690;29;9;2018;03:00;1441;RUA PRO DIAS DA ROCHA;AV SANTOS DUMONT;;0;;Colis?â?úo Frontal;Via Iluminada;Bom;Seca;Cruz;Pare;Comercial;0;1;1;0;0;0;0;0;0;0;0;0;-3,738113000000000;-38,492502000000000
331725;30;9;2018;03:30;5137;RUA CASTRO E SILVA;RUA GAL BEZERRIL;;0;;Colis?â?úo Lateral;Via Iluminada;Nublado;Seca;Cruz;Pare;Comercial;0;1;1;0;0;0;0;0;0;1;0;0;-3,724461000000000;-38,525536000000000
331700;30;9;2018;21:00;21369;AV JOVITA FEITOSA;RUA CARVALHO MOTA;;0;;Colis?â?úo Frontal;Via Iluminada;Bom;Seca;Cruz;Pare;Residencial;0;1;1;1;0;0;0;0;0;1;0;0;-3,737437000000000;-38,544748000000000
331692;30;9;2018;01:40;3820;AV CARAPINIMA;AV 13 DE MAIO;;0;;Capotamento;Via Iluminada;Bom;Seca;Cruz;Sem?â?íforo;Comercial;0;1;1;1;0;0;0;0;0;0;0;0;-3,740001000000000;-38,540239000000000
331790;30;9;2018;06:30;0;AV CEL CARVALHO;;;51;;Choque c/ Obst?â?ículo Fixo;Luz do Dia;Bom;Seca;Meio de Quadra;N?â?úo H?â?í Controle;Comercial;1;0;0;0;0;0;0;0;0;1;0;0;-3,702674900000000;-38,591747000000000
331793;30;9;2018;05:20;0;AV DR SILAS MUNGUBA;;;5900;;Choque c/ Obst?â?ículo Fixo;Amanhecer;Bom;Seca;Meio de Quadra;N?â?úo H?â?í Controle;Comercial;1;0;0;0;0;0;0;0;0;1;0;0;-3,804670800000000;-38,527046000000000
333086;30;9;2018;02:04;0;AV SGT HERMINIO SAMPAIO;;;5069;;Colis?â?úo Transversal;Via Iluminada;Bom;Seca;Meio de Quadra;N?â?úo H?â?í Controle;Residencial;0;0;1;1;0;0;0;0;0;1;0;0;-3,734149700000000;-38,584633000000000
333089;30;9;2018;14:10;12440;AV AUGUSTO DOS ANJOS;RUA ARARIPE PRATA;;0;;Colis?â?úo Transversal;Luz do Dia;Bom;Seca;Cruz;Sem?â?íforo;Residencial;0;3;1;1;1;0;0;0;0;0;0;0;-3,771936000000000;-38,571749000000000
333090;30;9;2018;07:40;0;AV PRS CASTELO BRANCO;;;1265;;Colis?â?úo Lateral;Luz do Dia;Bom;Seca;Meio de Quadra;N?â?úo H?â?í Controle;Comercial;0;0;2;1;0;0;0;0;0;0;0;0;-3,717110400000000;-38,540130000000000
333091;30;9;2018;15:20;9132;AV 13 DE MAIO;RUA JAIME BENEVOLO;;0;;Colis?â?úo Transversal;Luz do Dia;Bom;Seca;Cruz;Sem?â?íforo;Comercial;0;1;1;1;0;0;0;0;0;0;0;0;-3,748122000000000;-38,530741000000000
333092;30;9;2018;19:22;0;RUA ILDEFONSO ALBANO;AV HIS RAIMUNDO GIRAO;RUA TORQUATO AGUIAR;0;;Colis?â?úo Lateral;Via Iluminada;Bom;Seca;Meio de Quadra;N?â?úo H?â?í Controle;Residencial;0;0;2;1;0;0;0;0;0;0;0;0;-3,721983200000000;-38,509716000000000
333093;30;9;2018;17:30;0;AV CESAR CALS;;;615;;Colis?â?úo Frontal;Anoitecer;Bom;Seca;Meio de Quadra;;;0;2;2;1;0;0;0;0;0;1;0;0;-3,723553000000000;-38,463270000000000
333094;30;9;2018;20:26;64;RUA MARTINS NETO;RUA PDE PERDIGAO SAMPAIO;;0;;Colis?â?úo Lateral;Mal Iluminada;Bom;Seca;Cruz;Pare;Comercial;0;0;2;1;1;0;0;0;0;0;0;0;-3,741162000000000;-38,594477000000000
333095;30;9;2018;20:42;0;RUA CEL MATOS DOURADO;;;1100;CSU;Atropelamento;Via Iluminada;Bom;Seca;Meio de Quadra;Sem?â?íforo;Comercial;0;1;1;1;0;0;0;0;0;0;0;0;-3,753108000000000;-38,582660000000000
336650;30;9;2018;00:05;0;AV SEN CARLOS JEREISSATI (AEROPORTO);;;0;;Colis?â?úo;;;;Meio de Quadra;;;0;0;1;1;0;0;0;0;0;0;0;0;;
336652;30;9;2018;00:29;1230;RUA BAR ARACATI;RUA COSTA BARROS;;0;;Colis?â?úo;;;;Cruz;Pare;Comercial;0;2;0;1;0;0;0;0;0;1;0;0;-3,730488000000000;-38,511153000000000
336653;30;9;2018;01:53;0;RD BR 116;;;0;;Queda;;;;Meio de Quadra;;;0;2;0;0;0;0;0;0;0;1;0;0;;
336655;30;9;2018;04:59;0;RD BR 116;;;4000;KM-04;Queda;;;;Meio de Quadra;;;0;1;0;0;0;0;0;0;0;1;0;0;-3,802354000000000;-38,503869000000000
336656;30;9;2018;07:28;0;RUA VALPARAISO;;;1074;;Colis?â?úo;Luz do Dia;;;Meio de Quadra;;;0;2;0;1;0;0;0;0;0;1;0;0;-3,842011219000000;-38,528478702000000
336657;30;9;2018;08:20;0;RUA DIAMANTINA;;;56;;Queda;Luz do Dia;;;Meio de Quadra;;;0;2;0;0;0;0;0;0;0;1;0;0;-3,764851929000000;-38,567640214000000
336658;30;9;2018;10:39;14503;RUA INES BRASIL;RUA H ESPL CASTELAO;;0;;Colis?â?úo;Luz do Dia;;;Cruz;Pare;Residencial;0;1;0;1;0;0;0;0;0;1;0;0;-3,801688000000000;-38,517518000000000
336660;30;9;2018;10:50;0;RUA EUCLIDES PAULINO BARROSO;;;2140;;Colis?â?úo;Luz do Dia;;;Meio de Quadra;;;0;1;0;0;0;0;0;0;0;1;0;0;-3,820888300000000;-38,607751200000000
336661;30;9;2018;11:21;13177;AV D CJ JOSE WALTER;AV I CJ JOSE WALTER;;0;;Colis?â?úo;Luz do Dia;;;Cruz;Sem?â?íforo;Misto;0;2;0;0;0;0;0;0;0;1;0;0;-3,832440000000000;-38,552957000000000
336662;30;9;2018;11:27;0;AV BEZERRA DE MENEZES;;;0;;Colis?â?úo;Luz do Dia;;;Meio de Quadra;;;0;1;0;0;0;0;0;0;0;0;0;0;;
336663;30;9;2018;11:41;0;AV ABOLICAO;;;3090;;Queda;Luz do Dia;;;Meio de Quadra;;;0;1;0;0;0;0;0;0;0;1;0;0;-3,726679000000000;-38,491290000000000
336602;30;9;2018;02:45;4531;AV DEP PAULINO ROCHA;RUA ENF JOAQUIM PINTO;;0;;Colis?â?úo;;;;Cruz;N?â?úo H?â?í Controle;Comercial;0;0;2;1;0;0;0;0;0;0;0;0;-3,803203000000000;-38,507774000000000
336684;30;9;2018;18:39;0;RUA EMILIO DE MENESES;;;3055;;Atropelamento;;;;Meio de Quadra;;;0;1;0;1;0;0;0;0;0;0;0;0;-3,775846000000000;-38,608332000000000
336685;30;9;2018;18:51;0;RUA CEL MATOS DOURADO;;;1280;;Atropelamento;;;;Meio de Quadra;;;0;1;0;1;0;0;0;0;0;0;0;0;-3,749716000000000;-38,584391000000000
336686;30;9;2018;19:08;0;RUA PRO HERIBALDO COSTA;;;0;;Atropelamento;;;;Meio de Quadra;;;0;1;0;1;0;0;0;0;0;0;0;0;;
336687;30;9;2018;19:28;0;RUA NAPOLEAO LAUREANO;;;106;;Colis?â?úo;;;;Meio de Quadra;;;0;0;1;1;0;0;0;0;0;1;0;0;-3,748432500000000;-38,528314000000000
336688;30;9;2018;20:58;0;RUA MARTINS CARVALHO;;;3444;;Queda;;;;Meio de Quadra;;;0;1;0;0;0;1;0;0;0;0;0;0;-3,789013715000000;-38,625898490000000
336665;30;9;2018;11:53;0;RUA TEN JOSE NEWTON;;;562;;Colis?â?úo;Luz do Dia;;;Meio de Quadra;;;0;1;1;0;0;0;0;0;0;1;0;0;-3,827348000000000;-38,491971000000000
336676;30;9;2018;12:12;0;AV PRO JOSE ARTHUR CARVALHO;;;0;;Colis?â?úo;Luz do Dia;;;Meio de Quadra;;;0;1;0;1;0;0;0;0;0;1;0;0;;
336677;30;9;2018;12:48;0;AV PRS CASTELO BRANCO;;;0;;Colis?â?úo;Luz do Dia;;;Meio de Quadra;;;0;1;2;1;0;0;0;0;0;0;0;0;;
336678;30;9;2018;14:30;10074;RUA AIRES DA CUNHA;RUA 23 DE JUNHO;;0;;Colis?â?úo;Luz do Dia;;;;;;0;1;0;0;0;0;0;0;0;1;0;0;-3,782566000000000;-38,605803000000000
336679;30;9;2018;14:35;0;AV GAL OSORIO DE PAIVA;;;0;;Atropelamento;Luz do Dia;;;Meio de Quadra;;;0;1;1;1;0;0;0;0;0;0;0;0;;
336681;30;9;2018;17:01;0;RD BR 116;;;12000;KM-12;Tombamento;Anoitecer;;;Meio de Quadra;;;0;2;0;0;0;0;0;0;0;1;0;0;-3,855740000000000;-38,496066000000000
336682;30;9;2018;18:00;0;AV PRO GOMES DE MATOS;;;16;;Queda;Anoitecer;;;Meio de Quadra;;;0;1;0;0;0;0;0;0;0;1;0;0;-3,754615483000000;-38,540010069000000
336702;30;9;2018;21:00;0;RUA EDUARDO ARAUJO;;;0;;Colis?â?úo;;;;Meio de Quadra;;;0;1;1;1;0;1;0;0;0;0;0;0;;
336703;30;9;2018;21:30;0;RUA EQUADOR;;;818;;Atropelamento;;;;Meio de Quadra;;;0;1;1;0;0;0;0;0;0;1;0;0;-3,774434200000000;-38,552524371000000
336705;30;9;2018;21:50;3894;AV EDUARDO GIRAO;RUA JULIO CESAR D12;;0;;Colis?â?úo;;;;Cruz;Sem?â?íforo;Residencial;0;0;2;1;0;0;0;0;0;1;0;0;-3,747630000000000;-38,540636000000000