COD_ACIDENTE;DIA;MES;ANO;HORA;INTERSECAO;LOG1;LOG2;LOG3;NUMERO;REFERENCIA;NATUREZA;ILUMINACAO;TEMPO;SUPERFICIEPISTA;TIPOCRUZAMENTO;CONTROLETRAFEGO;USOSOLO;MORTOS;FERIDOS;ILESOS;AUTOMOVEL;ONIBUS;BICICLETA;CAMINHAO;MICROONIBUS;CICLOMOTOR;MOTOCICLETA;TRACAOANIMAL;TREM;LATITUDE;LONGITUDE
336707;30;9;2018;21:56;0;AV PRO GOMES DE MATOS;;;1050;;Queda;;;;Meio de Quadra;;;0;0;1;0;0;0;0;0;0;1;0;0;-3,761872000000000;-38,546229000000000
336711;30;9;2018;22:37;0;RUA TULIPA NEGRA;;;1647;;Colis?â?úo;;;;Meio de Quadra;;;0;1;0;1;0;0;0;0;0;1;0;0;-3,821660000000000;-38,594590000000000
336709;30;9;2018;22:25;0;RUA MATOS VASCONCELOS;;;1042;;Queda;;;;Meio de Quadra;;;0;1;0;0;0;1;0;0;0;0;0;0;-3,753629474000000;-38,552681210000000
336716;30;9;2018;23:31;0;RUA TEN ELIEZER COSTA;;;25;;Colis?â?úo;;;;Meio de Quadra;;;0;1;0;1;0;0;0;0;0;1;0;0;-3,710590000000000;-38,590090000000000
336607;30;9;2018;23:50;0;RUA DR FRANCISCO GADELHA;;;987;;Colis?â?úo;;;;Meio de Quadra;;;0;1;1;1;0;0;0;0;0;1;0;0;;
336726;1;10;2018;07:00;0;AV PONTES VIEIRA;;;0;;Colis?â?úo;Luz do Dia;;;Meio de Quadra;;;1;0;1;1;0;0;0;0;0;0;0;0;;
333096;1;10;2018;07:19;3767;AV DOMINGOS OLIMPIO;AV IMPERADOR;;0;;Colis?â?úo Traseira;Luz do Dia;Bom;Seca;Cruz;N?â?úo H?â?í Controle;Comercial;0;1;1;1;0;0;0;0;0;0;0;0;-3,734790000000000;-38,536697000000000
333130;1;10;2018;16:56;0;AV ANTONIO SALES;;;1357;;Colis?â?úo Lateral;Luz do Dia;Bom;Seca;Meio de Quadra;;;0;2;1;1;0;0;0;0;0;1;0;0;-3,742788300000000;-38,511665000000000
333098;1;10;2018;08:40;5343;RUA PDE IBIAPINA;AV BEZERRA DE MENEZES;;0;;Atropelamento;Luz do Dia;Bom;Seca;T;Sem?â?íforo;Comercial;0;1;1;0;1;0;0;0;0;0;0;0;-3,730548000000000;-38,539973000000000
333099;1;10;2018;09:41;0;RUA PDE PEDRO DE ALENCAR;RUA MIRACEMA;;0;;Colis?â?úo Lateral;Luz do Dia;Bom;Seca;T;Pare;Residencial;0;0;2;0;0;0;0;0;0;1;0;0;-3,837111700000000;-38,494255000000000
333100;1;10;2018;10:20;25519;AV GOV RAUL BARBOSA;AV ALM HENRIQUE SABOIA;;0;;Colis?â?úo Lateral;Luz do Dia;Bom;Seca;Y;N?â?úo H?â?í Controle;Residencial;0;1;1;1;0;0;0;0;0;1;0;0;-3,758466000000000;-38,504580000000000
333101;1;10;2018;10:49;15832;RUA TEN JURANDIR ALENCAR;RUA PDE PEDRO DE ALENCAR;;0;;N?â?úo Informado;Luz do Dia;Bom;Seca;Cruz;Sem?â?íforo;Comercial;0;1;1;0;1;0;0;0;0;1;0;0;-3,831674000000000;-38,493981000000000
333102;1;10;2018;15:41;0;AV 13 DE MAIO;;;0;;Colis?â?úo Traseira;Luz do Dia;Bom;Seca;Meio de Quadra;Sem?â?íforo;Comercial;0;0;3;1;0;0;0;0;0;0;0;0;-3,752013400000000;-38,526160000000000
333103;1;10;2018;18:26;0;AV PRS COSTA E SILVA;;;0;;Engavetamento;Via Iluminada;Bom;Seca;Meio de Quadra;N?â?úo H?â?í Controle;Comercial;0;1;2;1;0;0;0;0;0;1;0;0;-3,823844400000000;-38,548473000000000
333104;1;10;2018;18:57;0;AV DR SILAS MUNGUBA;;;0;;Queda;Amanhecer;Bom;Material Derrapante;Rotat?â??ria;D?â?¬ Prefer?â?¬ncia;Comercial;0;1;0;0;0;0;0;0;0;1;0;0;-3,806978200000000;-38,525265000000000
333105;1;10;2018;13:00;11675;RUA DIOGO CORREIA;RUA PRO HERIBALDO COSTA;;0;;Colis?â?úo Lateral;Luz do Dia;Bom;Seca;Cruz;Pare;Residencial;0;0;1;1;0;0;0;0;0;0;0;0;-3,770996000000000;-38,590102000000000
333107;1;10;2018;02:27;0;AV JOVITA FEITOSA;;;650;;Choque c/ Obst?â?ículo Fixo;Via Iluminada;Bom;Seca;Meio de Quadra;Sem?â?íforo;Residencial;0;1;0;0;0;0;0;0;0;0;0;0;-3,738435000000000;-38,549618000000000
333108;1;10;2018;20:44;21987;RUA TIRADENTES;RUA MON FURTADO;;0;;Colis?â?úo Transversal;Via Iluminada;Bom;Seca;Cruz;Pare;Residencial;0;0;2;0;1;0;0;0;0;0;0;0;-3,743816000000000;-38,547191000000000
333109;1;10;2018;20:35;0;AV 13 DE MAIO;;;497;;Colis?â?úo Traseira;Via Iluminada;Bom;Seca;Meio de Quadra;Sem?â?íforo;Comercial;0;0;3;1;0;0;0;0;0;0;0;0;-3,752375600000000;-38,525800000000000
333110;1;10;2018;16:25;0;AV CEL CARVALHO;;;2663;;Colis?â?úo Traseira;Luz do Dia;Bom;Seca;Meio de Quadra;N?â?úo H?â?í Controle;Comercial;0;1;1;0;1;0;0;0;0;1;0;0;-3,726244400000000;-38,585564000000000
333470;1;10;2018;20:30;25227;AV A CJ CEARA;AV I CJ CEARA;;0;;Atropelamento;;;;;;;0;2;0;0;0;0;0;0;0;1;0;0;-3,766922000000000;-38,601152000000000
333467;1;10;2018;01:30;3293;AV PERIMETRAL;RUA LUIS VIEIRA;;0;;Colis?â?úo;;;;;N?â?úo H?â?í Controle;Comercial;0;1;1;0;0;0;0;0;0;1;0;0;-3,786828000000000;-38,590193000000000
333356;1;10;2018;19:27;15291;AV ANTONIO JUSTA;RUA FREDERICO BORGES;;0;;Colis?â?úo Lateral;Via Iluminada;Bom;Seca;T;Pare;Residencial;0;0;2;1;0;0;0;0;0;1;0;0;-3,729283000000000;-38,489427000000000
333485;1;10;2018;09:40;17583;RUA PIAUI;RUA ESTADO DO RIO;;0;;Colis?â?úo;Luz do Dia;;;Cruz;Pare;Residencial;0;1;1;0;0;0;0;0;0;1;0;0;-3,755344000000000;-38,568847000000000
333472;1;10;2018;08:35;17589;RUA ESPIRITO SANTO;RUA CEARA;;0;;Colis?â?úo;Luz do Dia;;;Cruz;Pare;Residencial;0;1;1;0;0;0;0;0;0;1;0;0;-3,756095000000000;-38,570182000000000
331880;1;10;2018;10:40;0;RD CE-025;;;0;KM-06;Colis?â?úo;Luz do Dia;;Seca;Meio de Quadra;;;0;0;2;1;0;0;1;0;0;0;0;0;-3,810983084000000;-38,427081010000000
331728;1;10;2018;10:20;0;RUA RIO ARAGUAIA;;;668;;Atropelamento;Luz do Dia;Bom;Seca;Meio de Quadra;N?â?úo H?â?í Controle;Residencial;0;1;1;0;1;0;0;0;0;0;0;0;-3,722226982000000;-38,581811596000000
331736;1;10;2018;05:30;26176;AV ODILON GUIMARAES;RUA AFONSO HENRIQUE;;0;;Colis?â?úo Frontal;Luz do Dia;Bom;Seca;T;Pare;Comercial;0;1;1;0;1;1;0;0;0;0;0;0;-3,826720000000000;-38,480330000000000
335548;1;10;2018;23:51;0;AV DOS EXPEDICIONARIOS;;;0;;Colis?â?úo;;;;Meio de Quadra;;;0;1;0;0;0;0;0;0;0;0;0;0;;
335544;1;10;2018;20:52;0;AV LAURO VIEIRA CHAVES;;;0;;Queda;;;;Meio de Quadra;;;0;1;0;0;0;1;0;0;0;0;0;0;;
335496;1;10;2018;12:59;0;RUA BARTOLOMEU DIAS;;;376;;Colis?â?úo;Luz do Dia;;;Meio de Quadra;;;0;1;1;1;0;1;0;0;0;0;0;0;-3,825914576000000;-38,490451542000000
335497;1;10;2018;14:39;0;AV 13 DE MAIO;;;0;;Colis?â?úo;Luz do Dia;;;Meio de Quadra;;;0;1;1;1;0;0;0;0;0;1;0;0;;
335499;1;10;2018;14:52;9597;RUA JOSE TORRES;RUA LONDRINA;;0;;Colis?â?úo;Luz do Dia;;;Cruz;N?â?úo H?â?í Controle;Rural;0;1;1;1;0;0;0;0;0;1;0;0;-3,779916000000000;-38,607258000000000
335492;1;10;2018;10:50;0;AV JOSE JATAHY;;;746;;Colis?â?úo;Luz do Dia;;;Meio de Quadra;;;0;1;1;1;0;0;0;0;0;1;0;0;-3,727596400000000;-38,545501900000000
335493;1;10;2018;11:00;20527;RUA ANTERO QUENTAL;RUA JOAO CRISPIM D65;;0;;Colis?â?úo;Luz do Dia;;;;;;0;1;1;1;0;0;0;0;0;1;0;0;-3,857518000000000;-38,491822000000000
335488;1;10;2018;09:52;0;RUA PDE PEDRO DE ALENCAR;;;0;;Colis?â?úo;Luz do Dia;;;Meio de Quadra;;;0;1;0;0;0;0;0;0;0;0;0;0;;
335490;1;10;2018;10:35;0;AV SGT HERMINIO SAMPAIO;;;2148;;Colis?â?úo;Luz do Dia;;;Meio de Quadra;;;0;1;1;1;0;0;0;0;0;1;0;0;-3,726180500000000;-38,559423500000000
335450;1;10;2018;08:24;0;AV MR HULL;;;0;;Queda;Luz do Dia;;;Meio de Quadra;;;0;1;0;0;0;0;0;0;0;1;0;0;;
335485;1;10;2018;09:23;9757;RUA TRES CORACOES;RUA OSCAR FRANCA;;0;;Queda;Luz do Dia;;;;;;0;1;0;0;0;0;0;0;0;1;0;0;-3,788440000000000;-38,610300000000000
335486;1;10;2018;09:27;0;RUA CEL MATOS DOURADO;;;0;;Queda;Luz do Dia;;;Meio de Quadra;;;0;1;0;0;0;0;0;0;0;1;0;0;;
335483;1;10;2018;09:19;0;RUA ESV PINHEIRO;;;4493;;Atropelamento;Luz do Dia;;;Meio de Quadra;;;0;1;1;1;0;0;0;0;0;0;0;0;-3,761239000000000;-38,507775837000000
335529;1;10;2018;19:30;20042;AV ALBERTO CRAVEIRO;AV DEP PAULINO ROCHA;;0;;Queda;;;;;;;0;1;0;0;0;0;0;0;0;1;0;0;-3,807229000000000;-38,524782000000000
335518;1;10;2018;18:06;0;AV PERIMETRAL;;;0;;Colis?â?úo;Anoitecer;;;Meio de Quadra;;;0;1;0;0;0;1;0;0;0;0;0;0;;
335515;1;10;2018;18:05;0;RD BR 116;;;1000;;Colis?â?úo Traseira;Anoitecer;;;Meio de Quadra;;;0;1;1;1;0;0;0;0;0;1;0;0;-3,762554000000000;-38,518702000000000
335513;1;10;2018;17:13;0;RUA PORTO VELHO;;;0;;Colis?â?úo;Anoitecer;;;Meio de Quadra;;;0;1;1;1;0;0;0;0;0;1;0;0;;
335511;1;10;2018;17:01;0;AV DUQ CAXIAS;;;432;;Atropelamento;Anoitecer;;;Meio de Quadra;;;0;1;1;0;0;0;0;0;0;1;0;0;-3,732388800000000;-38,528003933000000
335509;1;10;2018;15:57;0;RUA ROSINHA SAMPAIO;;;930;;Colis?â?úo;Luz do Dia;;;Meio de Quadra;;;0;1;1;1;0;0;0;0;0;1;0;0;-3,726781792000000;-38,587066542000000
335507;1;10;2018;15:38;0;AV GOV PARSIFAL BARROSO;;;0;;Colis?â?úo;Luz do Dia;;;Meio de Quadra;;;0;1;1;0;0;0;0;0;0;1;0;0;;
335501;1;10;2018;15:25;0;AV FRANCISCO SA;;;0;;Colis?â?úo;Luz do Dia;;;Meio de Quadra;;;0;1;1;1;0;0;0;0;0;1;0;0;;
335505;1;10;2018;15:36;5710;AV OLIVEIRA PAIVA;RUA CON BRAVEZA;;0;;Colis?â?úo;Luz do Dia;;;Cruz;N?â?úo H?â?í Controle;Comercial;0;1;1;1;0;0;0;0;0;1;0;0;-3,796485000000000;-38,498448000000000
335442;1;10;2018;06:53;0;AV ALBERTO CRAVEIRO;;;3309;;Colis?â?úo;Luz do Dia;;;Meio de Quadra;;;0;1;1;1;0;0;0;0;0;1;0;0;-3,780820000000000;-38,515780000000000
335448;1;10;2018;08:12;0;AV BENJAMIM BRASIL;;;677;;Colis?â?úo;Luz do Dia;;;Meio de Quadra;;;0;1;1;1;0;0;0;0;0;1;0;0;-3,809534700000000;-38,534238800000000
335444;1;10;2018;07:43;0;AV MR HULL;;;0;;Queda;Luz do Dia;;;Meio de Quadra;;;0;1;0;0;0;0;0;0;0;1;0;0;;
335445;1;10;2018;07:46;0;AV ENG HUMBERTO MONTE;;;2825;;Queda;Luz do Dia;;;Meio de Quadra;;;0;1;0;0;0;0;0;0;0;1;0;0;-3,737830000000000;-38,569110000000000
339391;1;10;2018;14:50;0;AV WASHINGTON SOARES;;;0;;Colis?â?úo;Luz do Dia;;;Meio de Quadra;;;0;0;2;0;0;0;1;1;0;0;0;0;;
335553;2;10;2018;07:25;0;RUA CON DE CASTRO;;;2669;;Atropelamento;Luz do Dia;;;Meio de Quadra;;;0;1;1;0;0;0;0;0;0;1;0;0;-3,792542054000000;-38,580398500000000
335562;2;10;2018;07:51;24288;RUA CASTRO MONTE;RUA REPUBLICA DO LIBANO;;0;;Colis?â?úo;Luz do Dia;;;Cruz;Pare;Misto;0;1;1;1;0;0;0;0;0;1;0;0;-3,733649000000000;-38,486014000000000
335557;2;10;2018;07:26;0;RUA POMPILIO GOMES;;;1753;;Colis?â?úo;Luz do Dia;;;Meio de Quadra;;;0;1;1;1;0;1;0;0;0;0;0;0;-3,827145781000000;-38,521209220000000
335559;2;10;2018;07:33;12892;AV DOMINGOS OLIMPIO;RUA BAR RIO BRANCO;;0;;Colis?â?úo;Luz do Dia;;;Cruz;Sem?â?íforo;Comercial;0;1;1;1;0;0;0;0;0;1;0;0;-3,736579000000000;-38,531494000000000
335572;2;10;2018;10:14;0;RUA HONORIO VIEIRA;;;1095;;Queda;Luz do Dia;;;Meio de Quadra;;;0;1;0;0;0;0;0;0;0;1;0;0;-3,785980000000000;-38,486340000000000
335570;2;10;2018;09:52;0;AV SEN CARLOS JEREISSATI (AEROPORTO);;;0;;Colis?â?úo;Luz do Dia;;;Meio de Quadra;;;0;1;1;1;0;0;0;0;0;1;0;0;;
335566;2;10;2018;08:15;0;RUA PAULA RODRIGUES;;;441;;Colis?â?úo;Luz do Dia;;;Meio de Quadra;;;0;1;1;1;0;0;0;0;0;1;0;0;-3,755798604000000;-38,528930830000000
335567;2;10;2018;09:01;0;AV JULIO VENTURA;;;1691;;Colis?â?úo;Luz do Dia;;;Meio de Quadra;;;0;1;1;1;0;0;0;0;0;1;0;0;-3,739947000000000;-38,505734800000000
335568;2;10;2018;09:21;1705;RUA TEN ROMA;RUA CAP VASCONCELOS D46;;0;;Colis?â?úo;Luz do Dia;;;Cruz;Pare;Residencial;0;1;1;1;0;0;0;0;0;1;0;0;-3,768197000000000;-38,516588000000000
335574;2;10;2018;10:28;0;AV WASHINGTON SOARES;;;0;;Capotamento;Luz do Dia;;;Meio de Quadra;;;0;1;0;1;0;0;0;0;0;0;0;0;;
335683;2;10;2018;23:03;0;RUA MAISA;;;560;;Queda;;;;Meio de Quadra;;;0;1;0;0;0;0;0;0;0;1;0;0;-3,848895567000000;-38,526790646000000
335681;2;10;2018;22:13;0;AV DR SILAS MUNGUBA;;;1181;;Colis?â?úo;;;;Meio de Quadra;;;0;1;1;1;0;0;0;0;0;1;0;0;-3,782377000000000;-38,555434000000000
335676;2;10;2018;20:34;11009;RUA JULIO VERNE;RUA EQUADOR;;0;;Colis?â?úo;;;;Cruz;Pare;Residencial;0;1;0;0;0;0;0;0;0;0;0;0;-3,775427000000000;-38,552843000000000
335677;2;10;2018;21:01;19820;AV JOVITA FEITOSA;RUA GAL PIRAGIBE;;0;;Colis?â?úo;;;;Cruz;Sem?â?íforo;Residencial;0;1;1;1;0;0;0;0;0;1;0;0;-3,740049000000000;-38,557484000000000
335678;2;10;2018;21:14;0;AV JOVITA FEITOSA;;;0;;Colis?â?úo;;;;Meio de Quadra;;;0;1;1;1;0;0;0;0;0;1;0;0;;
335679;2;10;2018;21:22;0;RUA JOSE MENDONCA;;;709;;Atropelamento;;;;Meio de Quadra;;;0;1;1;0;0;0;0;0;0;1;0;0;-3,756655931000000;-38,602102379000000
335671;2;10;2018;19:09;0;RUA DR JOSE FURTADO;;;732;;Colis?â?úo;;;;Meio de Quadra;;;0;1;1;1;0;1;0;0;0;0;0;0;-3,800696000000000;-38,488777700000000
335664;2;10;2018;18:44;0;TR VIANA WEYNE;;;640;;Colis?â?úo;;;;Meio de Quadra;;;0;1;1;1;0;1;0;0;0;0;0;0;-3,801360000000000;-38,488360000000000
335674;2;10;2018;19:10;0;AV DOM LUIS;;;0;;Colis?â?úo;;;;Meio de Quadra;;;0;0;2;1;1;0;0;0;0;0;0;0;;
335667;2;10;2018;19:06;0;AV ROGACIANO LEITE;;;0;;Colis?â?úo;;;;Meio de Quadra;;;0;1;1;1;0;0;0;0;0;1;0;0;;
335641;2;10;2018;15:20;0;AV PERIMETRAL;;;3078;;Atropelamento;Luz do Dia;;;Meio de Quadra;;;0;1;1;1;0;0;0;0;0;0;0;0;;
335645;2;10;2018;15:30;0;AV PRS CASTELO BRANCO;;;0;;Colis?â?úo;Luz do Dia;;;Meio de Quadra;;;0;1;1;1;0;0;0;0;0;1;0;0;;
335660;2;10;2018;17:52;0;AV BEZERRA DE MENEZES;;;0;;Atropelamento;Anoitecer;;;Meio de Quadra;;;0;1;1;1;0;0;0;0;0;0;0;0;;
335661;2;10;2018;18:12;0;AV ROGACIANO LEITE;;;2120;;Colis?â?úo;Anoitecer;;;Meio de Quadra;;;0;1;1;1;0;0;0;0;0;1;0;0;-3,773229609000000;-38,498927739000000
335650;2;10;2018;16:19;0;RUA ANA FACO;;;93;;Colis?â?úo;Luz do Dia;;;Meio de Quadra;;;0;1;1;1;0;0;0;0;0;1;0;0;-3,715154000000000;-38,561634000000000
335630;2;10;2018;10:33;0;RUA TEN BENEVOLO;;;0;;Colis?â?úo;Luz do Dia;;;Meio de Quadra;;;0;1;1;1;0;0;0;0;0;0;0;0;;
335634;2;10;2018;14:18;19942;RUA FRANCISCO LORDA;RUA MOREIRA GOMES;;0;;Atropelamento;Luz do Dia;;;Cruz;N?â?úo H?â?í Controle;Residencial;0;1;1;1;0;0;0;0;0;0;0;0;-3,761260000000000;-38,534015000000000
335632;2;10;2018;13:18;0;RUA PORTO VELHO;;;1388;;Atropelamento;Luz do Dia;;;Meio de Quadra;;;0;1;1;1;0;0;0;0;0;0;0;0;-3,763768500000000;-38,591108000000000
335637;2;10;2018;14:40;18950;RUA ISMAEL SILVA;RUA MAISA;;0;;Colis?â?úo;Luz do Dia;;;;;;0;1;1;0;0;0;0;0;0;1;0;0;-3,850236000000000;-38,525207000000000
331742;2;10;2018;11:10;15280;RUA TEN BENEVOLO;RUA DR JOSE LOURENCO;;0;;Colis?â?úo Frontal;Luz do Dia;Bom;Seca;;Pare;Comercial;0;0;4;1;0;0;0;0;0;0;0;0;-3,729029000000000;-38,506010000000000
331772;2;10;2018;07:00;5189;RUA PDE IBIAPINA;RUA JULIO PINTO D04;;0;;Colis?â?úo;Luz do Dia;Bom;Seca;Cruz;Pare;Comercial;0;0;2;1;0;0;0;0;0;0;0;0;-3,725940000000000;-38,540601000000000
331882;2;10;2018;09:53;0;AV SEN CARLOS JEREISSATI (AEROPORTO);;;0;KM 01;Colis?â?úo;Luz do Dia;Bom;Seca;Meio de Quadra;;;0;0;3;1;0;0;0;0;0;1;0;0;-3,783753000000000;-38,526850000000000
331892;2;10;2018;15:40;0;RD CE-040;;;0;KM-12;Colis?â?úo;Luz do Dia;Bom;Seca;Meio de Quadra;;;0;0;2;0;1;0;0;0;0;0;0;0;-3,857690949000000;-38,472042540000000
331783;2;10;2018;08:05;17587;RUA ACRE;RUA PARA;;0;;Colis?â?úo Transversal;Luz do Dia;Bom;Seca;Cruz;Pare;Residencial;0;2;0;1;0;0;0;0;0;1;0;0;-3,756037000000000;-38,562527000000000
333487;2;10;2018;17:35;0;RUA CEL SOLON;;;0;;Colis?â?úo;Anoitecer;;;Meio de Quadra;;;0;1;1;1;0;0;0;0;0;1;0;0;;
333493;2;10;2018;14:00;0;AV ENG SANTANA JUNIOR;;;0;;Colis?â?úo;Luz do Dia;;;Meio de Quadra;;;0;0;2;1;0;0;0;0;0;0;0;0;;
333490;2;10;2018;18:31;0;AV BEZERRA DE MENEZES;;;2461;;Atropelamento;;;;Meio de Quadra;;;0;1;2;0;0;0;0;0;0;0;0;0;-3,736046000000000;-38,566246000000000
333513;2;10;2018;10:00;0;AV MOZART PINHEIRO DE LUCENA;;;0;;Colis?â?úo;Luz do Dia;;;Meio de Quadra;;;0;0;2;0;0;0;0;0;0;1;0;0;;
333510;2;10;2018;23:28;0;AV JOR THOMAZ COELHO;;;2581;;Choque c/ Obst?â?ículo Fixo;;;;Meio de Quadra;;;0;0;1;0;0;0;0;0;0;0;0;0;-3,828394809000000;-38,518885741000000
333111;2;10;2018;07:20;0;AV AGUANAMBI;;;1212;;Colis?â?úo Traseira;Luz do Dia;Bom;Seca;Meio de Quadra;N?â?úo H?â?í Controle;Comercial;0;0;3;1;1;0;0;1;0;0;0;0;-3,747421700000000;-38,524723000000000
333112;2;10;2018;06:50;0;AV 13 DE MAIO;;;441;;Colis?â?úo Traseira;Luz do Dia;Bom;Seca;Meio de Quadra;N?â?úo H?â?í Controle;Comercial;0;1;1;1;0;0;0;0;0;1;0;0;-3,752828800000000;-38,525436000000000
333113;2;10;2018;08:43;6944;AV CONTORNO NORTE D71;RUA DIONISIO SERQUEIRA;;0;;Colis?â?úo Lateral;Luz do Dia;Bom;Seca;T;Pare;Comercial;0;1;1;1;0;0;0;0;0;1;0;0;-3,811796000000000;-38,589473000000000
333114;2;10;2018;09:15;0;AV JULIO VENTURA;;;1691;;Colis?â?úo Transversal;Luz do Dia;Bom;Seca;Meio de Quadra;N?â?úo H?â?í Controle;Comercial;0;1;1;0;0;0;0;0;0;1;0;0;-3,738757100000000;-38,508774000000000
333115;2;10;2018;10:08;0;RUA PDE PEDRO DE ALENCAR;RUA JOSE ARAGAO;;0;;Choque c/ Obst?â?ículo Fixo;Luz do Dia;Bom;Seca;T;Sem?â?íforo;Residencial;0;0;1;0;0;0;0;0;0;0;0;0;-3,845547000000000;-38,494473000000000
333117;2;10;2018;13:08;0;RUA PDE PEDRO DE ALENCAR;ET DO ANCURI;;0;;N?â?úo Informado;Luz do Dia;Bom;Seca;T;Pare;Comercial;0;0;3;1;0;0;0;0;0;1;0;0;-3,839188600000000;-38,494373000000000
333118;2;10;2018;14:44;16057;AV WENEFRIDO MELO;AV GODOFREDO MACIEL;;0;;Engavetamento;Luz do Dia;Bom;Seca;Cruz;Sem?â?íforo;Comercial;0;0;2;1;0;0;0;0;0;0;0;0;-3,811743000000000;-38,574739000000000
333119;2;10;2018;16:30;5374;AV DUQ CAXIAS;RUA BAR RIO BRANCO;;0;;Colis?â?úo Traseira;Luz do Dia;Bom;Seca;Cruz;Sem?â?íforo;Comercial;0;0;3;1;0;0;0;0;0;0;0;0;-3,731774000000000;-38,529947000000000
333120;2;10;2018;18:32;0;AV PRS CASTELO BRANCO;;;6564;;Colis?â?úo Traseira;Via Iluminada;Bom;Seca;Meio de Quadra;N?â?úo H?â?í Controle;Comercial;0;0;1;1;1;0;0;0;0;0;0;0;-3,829230500000000;-38,527880000000000
333121;2;10;2018;15:45;0;AV MON TABOSA;;;1381;;Colis?â?úo Lateral;Via Iluminada;Bom;Seca;Meio de Quadra;N?â?úo H?â?í Controle;Comercial;0;0;2;1;0;0;0;0;0;0;0;0;-3,724427500000000;-38,505490000000000
333122;2;10;2018;19:45;0;AV ROGACIANO LEITE;;;295;;Colis?â?úo Transversal;Anoitecer;Bom;Seca;Cruz;Sem?â?íforo;Residencial;0;0;1;1;0;0;0;0;0;0;0;0;-3,759390600000000;-38,492107000000000
333123;2;10;2018;20:16;0;RUA SEN POMPEU;;;0;;N?â?úo Informado;Via Iluminada;Bom;Seca;Meio de Quadra;N?â?úo H?â?í Controle;Comercial;0;0;2;1;1;0;0;0;0;0;0;0;-3,730249000000000;-38,531544000000000
333124;2;10;2018;17:00;0;RUA ANTERO QUENTAL;;;1447;;Colis?â?úo Frontal;Luz do Dia;Bom;Seca;Meio de Quadra;N?â?úo H?â?í Controle;Residencial;0;2;1;1;0;0;0;0;0;1;0;0;-3,853427200000000;-38,492430000000000
333125;2;10;2018;17:50;19261;AV GAL OSORIO DE PAIVA;RUA MON LEOPOLDO FEITOSA;;0;;N?â?úo Informado;Anoitecer;Bom;Seca;Cruz;Pare;Comercial;0;1;1;0;0;0;0;0;0;1;0;0;-3,771715000000000;-38,562208000000000
333126;2;10;2018;21:30;10339;RUA JOSE MENDONCA;RUA PORTO DAS ROSAS;;0;;Atropelamento;Via Iluminada;Bom;Seca;Cruz;Pare;Comercial;0;1;1;0;0;0;0;0;0;1;0;0;-3,756772000000000;-38,602124000000000
333127;3;10;2018;01:22;19539;AV DR SILAS MUNGUBA;RUA EQUADOR;;0;;Colis?â?úo Lateral;Via Iluminada;Bom;Seca;Cruz;N?â?úo H?â?í Controle;Residencial;0;1;1;1;0;0;0;0;0;1;0;0;-3,782377000000000;-38,555434000000000
333128;3;10;2018;10:43;1432;AV SANTOS DUMONT;AV SEN VIRGILIO TAVORA;;0;;Colis?â?úo Lateral;Luz do Dia;Bom;Seca;Cruz;Sem?â?íforo;Comercial;0;0;2;1;1;0;0;0;0;0;0;0;-3,737828000000000;-38,493482000000000
333129;3;10;2018;11:20;23417;RUA FIS VIEIRA;RUA HUMBERTO DE CAMPOS;;0;;Colis?â?úo Transversal;Luz do Dia;Bom;Seca;T;N?â?úo H?â?í Controle;Residencial;0;2;0;0;0;0;0;0;0;1;0;0;-3,755568000000000;-38,515533000000000
333169;3;10;2018;07:02;19611;RUA NEREU RAMOS;AV GODOFREDO MACIEL;;0;;Colis?â?úo Traseira;Luz do Dia;Nublado;Seca;T;Sem?â?íforo;Comercial;0;0;2;1;0;0;0;0;0;0;0;0;-3,787250000000000;-38,566802000000000
333174;3;10;2018;18:43;3820;AV CARAPINIMA;AV 13 DE MAIO;;0;;Colis?â?úo Lateral;Via Iluminada;Bom;Seca;Cruz;Sem?â?íforo;Comercial;0;1;1;1;0;0;0;0;1;0;0;0;-3,740001000000000;-38,540239000000000
333131;3;10;2018;13:20;0;AV CARAPINIMA;;;2200;;Engavetamento;Luz do Dia;Bom;Seca;Meio de Quadra;N?â?úo H?â?í Controle;Comercial;0;0;4;1;0;0;0;0;0;0;0;0;-3,739105200000000;-38,539510000000000
333132;3;10;2018;15:30;3975;RUA ALBERTO MAGNO;RUA PRO COSTA MENDES;;0;;Colis?â?úo Transversal;Luz do Dia;Bom;Seca;Cruz;Sem?â?íforo;Comercial;0;0;2;1;0;0;0;0;0;0;0;0;-3,757528000000000;-38,543548000000000
333133;3;10;2018;15:39;0;AV DOM MANUEL;;;438;;Colis?â?úo Transversal;Luz do Dia;Bom;Seca;Meio de Quadra;Sem?â?íforo;Residencial;0;0;2;0;1;0;0;0;0;0;0;0;-3,728065300000000;-38,520996000000000
333134;3;10;2018;18:54;0;AV ENG SANTANA JUNIOR;RUA PASCOAL BARROSO;;0;;Colis?â?úo Lateral;Via Iluminada;Bom;Seca;;;;0;0;2;0;0;0;0;0;0;1;0;0;-3,731972200000000;-38,479828000000000
333135;3;10;2018;18:57;0;RUA JOSE MARTINIANO DE ALENCAR;;;0;;Colis?â?úo Transversal;Anoitecer;Bom;Seca;T;Pare;Comercial;0;0;2;1;0;0;0;0;0;0;0;0;-3,812386800000000;-38,480434000000000