COD_ACIDENTE;DIA;MES;ANO;HORA;INTERSECAO;LOG1;LOG2;LOG3;NUMERO;REFERENCIA;NATUREZA;ILUMINACAO;TEMPO;SUPERFICIEPISTA;TIPOCRUZAMENTO;CONTROLETRAFEGO;USOSOLO;MORTOS;FERIDOS;ILESOS;AUTOMOVEL;ONIBUS;BICICLETA;CAMINHAO;MICROONIBUS;CICLOMOTOR;MOTOCICLETA;TRACAOANIMAL;TREM;LATITUDE;LONGITUDE
333136;3;10;2018;20:25;5328;AV DUQ CAXIAS;AV TRISTAO GONCALVES;;0;;Engavetamento;Via Iluminada;Bom;Seca;Cruz;Gesto;Comercial;0;0;3;1;0;0;0;0;0;0;0;0;-3,730400000000000;-38,534196000000000
333137;3;10;2018;18:57;0;RUA CRISANTO M DA ROCHA;;;743;;Colis?â?úo Lateral;Luz do Dia;Bom;Seca;Meio de Quadra;N?â?úo H?â?í Controle;Comercial;0;0;2;1;0;0;0;0;0;0;0;0;-3,794739500000000;-38,479150000000000
333138;3;10;2018;19:06;0;AV PONTES VIEIRA;;;1120;;Engavetamento;Mal Iluminada;Bom;Seca;Meio de Quadra;N?â?úo H?â?í Controle;Comercial;0;0;2;1;0;0;0;0;0;0;0;0;-3,751986700000000;-38,507008000000000
333139;3;10;2018;21:25;271;AV JOVITA FEITOSA;RUA AMADEU FURTADO;;0;;Colis?â?úo Lateral;Via Iluminada;Bom;Seca;Cruz;Sem?â?íforo;Comercial;0;0;2;0;0;0;0;0;0;1;0;0;-3,741173000000000;-38,562915000000000
331804;3;10;2018;09:30;0;AV PRS COSTA E SILVA;;;0;;Colis?â?úo Traseira;Luz do Dia;Bom;Seca;Meio de Quadra;Sem?â?íforo;Residencial;0;0;2;1;0;0;0;0;0;1;0;0;;
331840;3;10;2018;10:00;10062;RUA CEL FABRICIANO;RUA ITU;;0;;Atropelamento;Luz do Dia;;;;;;1;0;1;0;0;0;0;0;0;1;0;0;-3,784780000000000;-38,600668000000000
331894;3;10;2018;15:30;0;RD CE-040;;;0;KM-08;Colis?â?úo;Luz do Dia;;;Meio de Quadra;;;0;0;2;1;0;0;0;0;0;0;0;0;-3,825515822000000;-38,481538320000000
331896;3;10;2018;16:30;0;RD CE-040;;;0;KM-08;Colis?â?úo;Luz do Dia;Bom;Seca;Meio de Quadra;;;0;0;2;1;0;0;0;0;0;0;0;0;-3,825515822000000;-38,481538320000000
335685;3;10;2018;00:27;0;AV MR HULL;;;200;;Colis?â?úo Traseira;;;;Meio de Quadra;;;0;2;1;1;0;0;1;0;0;0;0;0;-3,739860000000000;-38,592390000000000
335686;3;10;2018;06:29;0;AV VICENTE DE CASTRO;;;0;;Colis?â?úo;Luz do Dia;;;Meio de Quadra;;;0;1;0;0;0;0;0;0;0;0;0;0;;
335766;3;10;2018;11:48;0;AV GAL OSORIO DE PAIVA;;;1127;;Atropelamento;Luz do Dia;;;Meio de Quadra;;;0;1;0;0;0;0;0;0;0;0;0;0;-3,779145526000000;-38,572073186000000
335767;3;10;2018;12:47;0;AV AMERICO BARREIRA;;;0;;Colis?â?úo;Luz do Dia;;;Meio de Quadra;;;0;1;1;1;0;0;0;0;0;1;0;0;;
335768;3;10;2018;15:35;0;AV DR SILAS MUNGUBA;;;0;;Queda;Luz do Dia;;;Meio de Quadra;;;0;1;0;0;0;1;0;0;0;0;0;0;;
335769;3;10;2018;17:59;0;AV CARAPINIMA;;;0;;Colis?â?úo;Anoitecer;;;Meio de Quadra;;;0;1;1;1;0;0;0;0;0;1;0;0;;
335770;3;10;2018;18:13;0;RUA CON DE CASTRO;;;2324;;Colis?â?úo;Anoitecer;;;Meio de Quadra;;;0;1;1;1;0;0;0;0;0;1;0;0;-3,789983500000000;-38,578036000000000
335771;3;10;2018;18:24;0;AV OLIVEIRA PAIVA;;;0;;Colis?â?úo;Anoitecer;;;Meio de Quadra;;;0;1;1;1;0;0;0;0;0;1;0;0;;
335772;3;10;2018;18:46;0;AV GODOFREDO MACIEL;;;6395;;Colis?â?úo;;;;Meio de Quadra;;;0;1;1;0;0;0;0;0;0;1;0;0;-3,832155000000000;-38,581334000000000
335754;3;10;2018;08:53;0;RUA GUSTAVO BARROSO;;;0;;Atropelamento;Luz do Dia;;;Meio de Quadra;;;0;2;0;0;0;0;0;0;0;1;0;0;;
335761;3;10;2018;09:38;0;AV FRE CIRILO;;;61;;Queda;Luz do Dia;;;Meio de Quadra;;;0;1;0;0;0;1;0;0;0;0;0;0;-3,821820000000000;-38,495450000000000
335762;3;10;2018;11:12;0;AV PERIMETRAL;;;0;;Colis?â?úo;Luz do Dia;;;Meio de Quadra;;;0;1;1;1;0;0;0;0;0;1;0;0;;
335757;3;10;2018;09:04;0;AV GAL OSORIO DE PAIVA;;;3400;;Colis?â?úo;Luz do Dia;;;Meio de Quadra;;;0;1;1;1;0;0;0;0;0;0;0;0;-3,790917616000000;-38,588652564000000
335759;3;10;2018;09:33;1432;AV SANTOS DUMONT;AV SEN VIRGILIO TAVORA;;0;;Colis?â?úo;Luz do Dia;;;Cruz;Sem?â?íforo;Comercial;0;1;1;1;1;0;0;0;0;0;0;0;-3,737828000000000;-38,493482000000000
335854;3;10;2018;19:55;0;RUA OSCAR ARARIPE;;;0;;Colis?â?úo;;;;Meio de Quadra;;;0;1;1;1;0;0;0;0;0;1;0;0;;
335855;3;10;2018;20:31;12558;RUA ANTONIO ARRUDA;RUA CARLOS GONDIM;;0;;Atropelamento;;;;Cruz;;Residencial;0;1;1;0;0;0;0;0;0;1;0;0;-3,719958000000000;-38,593953000000000
335856;3;10;2018;20:30;0;RD BR 116;;;5600;;Colis?â?úo Traseira;;;;Meio de Quadra;;;0;1;1;1;0;1;0;0;0;0;0;0;-3,770525563000000;-38,517001125000000
335857;3;10;2018;21:08;0;AV ALM MAXIMIANO DA FONSECA;;;1395;;Colis?â?úo;;;;Meio de Quadra;;;0;1;1;1;0;0;0;0;0;1;0;0;-3,771580000000000;-38,484125000000000
335860;3;10;2018;21:43;0;AV DR THEBERGE;;;2814;;Atropelamento;;;;Meio de Quadra;;;0;1;1;0;0;0;0;0;0;1;0;0;-3,727002514000000;-38,568978748000000
335861;3;10;2018;22:16;0;AV FRANCISCO SA;;;5255;;Colis?â?úo;;;;Meio de Quadra;;;0;1;1;0;0;0;0;0;0;1;0;0;-3,712666000000000;-38,571238000000000
335752;3;10;2018;08:26;0;RUA DEMETRIO MENEZES;;;3750;;Colis?â?úo;Luz do Dia;;;Meio de Quadra;;;0;1;1;1;0;0;0;0;0;0;0;0;-3,736494000000000;-38,584038500000000
335750;3;10;2018;07:23;0;AV MR HULL;;;2500;;Colis?â?úo Traseira;Luz do Dia;;;Meio de Quadra;;;0;1;1;1;0;0;0;0;0;1;0;0;;
335747;3;10;2018;07:16;22353;AV BEZERRA DE MENEZES;AV OLAVO BILAC;;0;;Queda;Luz do Dia;;;Cruz;Sem?â?íforo;Comercial;0;1;0;0;0;1;0;0;0;0;0;0;-3,735601000000000;-38,564151000000000
335745;3;10;2018;06:51;0;AV ALM HENRIQUE SABOIA;;;0;;Atropelamento;Luz do Dia;;;Meio de Quadra;;;0;1;0;0;0;0;0;0;0;0;0;0;;
335862;4;10;2018;05:48;0;RUA OSCAR ARARIPE;;;2605;;Colis?â?úo;Amanhecer;;;Meio de Quadra;;;0;1;1;1;0;0;1;0;0;0;0;0;-3,786569000000000;-38,613667500000000
335923;4;10;2018;13:31;0;RUA CRISANTO M DA ROCHA;;;707;;Atropelamento;Luz do Dia;;;Meio de Quadra;;;0;2;0;0;0;0;0;0;0;0;0;0;-3,794864768000000;-38,479186186000000
335909;4;10;2018;13:13;0;RUA BERNARDO MANUEL;;;0;;Colis?â?úo;Luz do Dia;;;Meio de Quadra;;;0;1;1;1;0;0;0;0;0;1;0;0;;
335933;4;10;2018;17:02;0;AV AUGUSTO DOS ANJOS;;;0;;Colis?â?úo;Anoitecer;;;Meio de Quadra;;;0;1;1;1;0;0;0;0;0;1;0;0;;
335927;4;10;2018;14:56;0;RUA VALDEMAR HOLANDA;;;464;;Colis?â?úo;Luz do Dia;;;Meio de Quadra;;;0;1;0;0;0;0;0;0;0;0;0;0;-3,771377909000000;-38,592262182000000
335942;4;10;2018;17:51;23644;RUA BAR CRATO;RUA DR GILBERTO CAMARA;;0;;Atropelamento;Anoitecer;;;Cruz;Pare;Residencial;0;1;1;0;0;0;0;0;0;1;0;0;-3,722266000000000;-38,563395000000000
335943;4;10;2018;18:05;0;AV MR HULL;;;0;;Queda;Anoitecer;;;Meio de Quadra;;;0;1;0;0;0;0;0;0;0;1;0;0;;
335944;4;10;2018;18:21;0;RUA RECANTO VERDE;;;1350;;Colis?â?úo;Anoitecer;;;Meio de Quadra;;;0;1;0;0;0;0;0;0;0;0;0;0;-3,836199500000000;-38,511148500000000
335945;4;10;2018;18:22;0;RUA DEP OSWALDO STUDART;;;888;;Colis?â?úo;Anoitecer;;;Meio de Quadra;;;0;1;1;1;0;0;0;0;0;1;0;0;-3,757481500000000;-38,531581500000000
335947;4;10;2018;19:20;0;AV JOSE BASTOS;;;3110;;Colis?â?úo;;;;Meio de Quadra;;;0;1;1;1;0;0;0;0;0;1;0;0;-3,744361200000000;-38,545127600000000
335868;4;10;2018;07:44;0;RUA DA BARAUNA;;;59;;Colis?â?úo;Luz do Dia;;;Meio de Quadra;;;0;1;0;0;0;0;0;0;0;0;0;0;-3,801227237000000;-38,550866316000000
335865;4;10;2018;06:44;0;AV CARNEIRO DE MENDONCA;;;1256;;Colis?â?úo;Luz do Dia;;;Meio de Quadra;;;0;1;0;0;0;0;0;0;0;0;0;0;-3,762374000000000;-38,570011000000000
335874;4;10;2018;11:38;0;RUA BERNARDO MANUEL;;;11350;;Atropelamento;Luz do Dia;;;Meio de Quadra;;;0;1;1;0;0;0;0;0;0;1;0;0;-3,817055000000000;-38,556995000000000
335875;4;10;2018;12:01;9148;RUA DOM SEBASTIAO LEME;RUA GUILHERME MOREIRA;;0;;Atropelamento;Luz do Dia;;;Cruz;Pare;Residencial;0;1;1;1;0;0;0;0;0;0;0;0;-3,750073000000000;-38,525590000000000
335884;4;10;2018;13:10;0;RUA MOREIRA DA ROCHA;;;710;;Atropelamento;Luz do Dia;;;Meio de Quadra;;;0;1;1;1;0;0;0;0;0;0;0;0;-3,800872000000000;-38,481401500000000
335877;4;10;2018;12:28;9077;RUA BONFIM SOBRINHO;AV AGUANAMBI;;0;;Atropelamento;Luz do Dia;;;Cruz;N?â?úo H?â?í Controle;Comercial;0;1;1;1;0;0;0;0;0;0;0;0;-3,751039000000000;-38,523551000000000
335969;4;10;2018;19:48;0;AV L CJ CEARA;;;0;;Colis?â?úo;;;;;;;0;1;1;1;0;0;0;0;0;1;0;0;;
335970;4;10;2018;21:33;7623;RUA RIO GRANDE DO SUL;RUA PERNAMBUCO;;0;;Colis?â?úo;;;;Cruz;Pare;Residencial;0;1;1;1;0;0;0;0;0;1;0;0;-3,760011000000000;-38,568467000000000
335993;4;10;2018;23:57;2605;RUA ARQUIMEDES MEMORIA;AV HILDEBRANDO DE MELO;;0;;Colis?â?úo;;;;Cruz;;Comercial;0;1;1;1;0;0;0;0;0;1;0;0;-3,713160000000000;-38,588124000000000
335976;4;10;2018;22:50;25049;RUA CAP MELO;AV PONTES VIEIRA;;0;;Colis?â?úo;;;;Cruz;Sem?â?íforo;Comercial;0;1;1;1;0;0;0;0;0;1;0;0;-3,752762000000000;-38,513797000000000
335978;4;10;2018;23:03;0;AV SEN CARLOS JEREISSATI (AEROPORTO);;;0;;Colis?â?úo;;;;Meio de Quadra;;;0;1;0;0;0;0;0;0;0;0;0;0;;
335979;4;10;2018;23:23;0;AV JOSE LEON;;;1600;;Queda;;;;Meio de Quadra;;;0;1;0;0;0;0;0;0;0;1;0;0;-3,789045000000000;-38,496917000000000
335980;4;10;2018;23:48;0;RUA DR JOAQUIM BENTO;;;390;;Colis?â?úo;;;;Meio de Quadra;;;0;1;1;1;0;0;0;0;0;1;0;0;-3,828463000000000;-38,487875000000000
335972;4;10;2018;21:58;0;RUA TEN JAIME ANDRADE;;;426;;Colis?â?úo;;;;Meio de Quadra;;;0;1;1;0;0;0;0;0;0;1;0;0;-3,771081191000000;-38,512981476000000
335973;4;10;2018;22:34;0;AV PRS COSTA E SILVA;;;0;;Queda;;;;Meio de Quadra;;;0;1;0;0;0;0;0;0;0;1;0;0;;
335938;4;10;2018;17:28;0;RUA JUVENAL GALENO;;;0;;Colis?â?úo;Anoitecer;;;Meio de Quadra;;;0;1;1;1;0;0;0;0;0;1;0;0;;
335939;4;10;2018;17:50;0;RUA NAT FEIJO;;;1558;;Colis?â?úo Frontal;Anoitecer;;;Meio de Quadra;;;0;1;1;1;0;0;0;0;0;1;0;0;;
331911;4;10;2018;09:20;0;RD CE-040;;;13000;KM-13;Colis?â?úo;Luz do Dia;Bom;Seca;Meio de Quadra;;;0;0;2;1;0;0;1;0;0;0;0;0;-3,866093254000000;-38,468936820000000
331912;4;10;2018;19:50;0;ROD CE 010;;;1000;;Colis?â?úo;Via Iluminada;Bom;Seca;Meio de Quadra;;;0;0;2;1;0;0;0;0;0;0;0;0;;
331814;4;10;2018;10:00;1566;RUA SILVA PAULET;RUA PDE VALDEVINO;;0;;Colis?â?úo Transversal;Luz do Dia;Bom;Seca;Cruz;Pare;Comercial;0;2;0;1;0;0;0;0;0;0;0;0;-3,741957000000000;-38,507851000000000
331818;4;10;2018;09:50;0;RUA JOSE VILAR;;;943;;Queda;Luz do Dia;Bom;Seca;Meio de Quadra;N?â?úo H?â?í Controle;Residencial;0;1;0;0;0;0;0;0;0;1;0;0;-3,733644826000000;-38,503974870000000
333140;4;10;2018;07:45;708;AV DR THEBERGE;RUA CRUZ E SOUSA D21;;1;;Colis?â?úo Lateral;Luz do Dia;Bom;Seca;Cruz;Sem?â?íforo;Comercial;0;0;2;1;0;0;0;0;0;1;0;0;-3,719218000000000;-38,566456000000000
333141;4;10;2018;07:21;0;RUA DR GILBERTO STUDART;;;1717;;Colis?â?úo Traseira;Luz do Dia;Bom;Seca;Meio de Quadra;N?â?úo H?â?í Controle;Residencial;0;0;2;1;0;0;0;0;0;0;0;0;-3,746128800000000;-38,473167000000000
333142;4;10;2018;10:00;19743;RUA AZEVEDO BOLAO;RUA PRO LINO ENCARNACAO;;1;;Colis?â?úo Transversal;Luz do Dia;Bom;Seca;Cruz;Pare;Residencial;0;0;2;1;0;0;0;0;0;0;0;0;-3,737419000000000;-38,561430000000000
333143;4;10;2018;10:45;1287;RUA BAR ARACATI;RUA PINTO MADEIRA;;0;;Colis?â?úo Transversal;Luz do Dia;Bom;Seca;Cruz;Pare;Residencial;0;1;1;1;0;0;0;0;0;1;0;0;-3,733944000000000;-38,512278000000000
333144;4;10;2018;11:36;549;AV FRANCISCO SA;RUA DIANA ARARIPE CABRAL;;0;;Engavetamento;Luz do Dia;Bom;Seca;T;N?â?úo H?â?í Controle;Comercial;0;1;3;1;0;0;0;0;0;0;0;0;-3,713701000000000;-38,568244000000000
333145;4;10;2018;13:00;0;AV PRS COSTA E SILVA;;;5297;;Colis?â?úo Transversal;Luz do Dia;Bom;Seca;Meio de Quadra;N?â?úo H?â?í Controle;Comercial;0;1;0;0;0;0;0;0;0;1;0;0;-3,827869000000000;-38,533344000000000
333146;4;10;2018;10:47;0;AV CONTORNO OESTE D71;;;1033;;Colis?â?úo Traseira;Luz do Dia;Bom;Seca;Meio de Quadra;N?â?úo H?â?í Controle;Residencial;0;1;1;0;1;0;0;0;0;1;0;0;-3,808460500000000;-38,588463000000000
333147;4;10;2018;13:51;0;AV DEP PAULINO ROCHA;;;1343;;Colis?â?úo Transversal;Luz do Dia;Bom;Seca;Meio de Quadra;N?â?úo H?â?í Controle;Comercial;0;1;1;1;0;0;0;0;0;1;0;0;-3,809694000000000;-38,508760000000000
333148;4;10;2018;19:35;0;AV GODOFREDO MACIEL;;;4020;;Colis?â?úo Traseira;Anoitecer;Bom;Seca;Meio de Quadra;Sem?â?íforo;Comercial;0;0;3;1;0;0;0;0;0;0;0;0;-3,809905500000000;-38,574085000000000
333149;4;10;2018;19:55;0;AV SANTOS DUMONT;;;5080;;N?â?úo Informado;Via Iluminada;Bom;Seca;Meio de Quadra;N?â?úo H?â?í Controle;Comercial;0;0;2;1;1;0;0;0;0;0;0;0;-3,740177000000000;-38,485800000000000
333150;4;10;2018;19:15;0;AV GOV RAUL BARBOSA;;;7240;;Colis?â?úo Traseira;Via Iluminada;Bom;Seca;Meio de Quadra;N?â?úo H?â?í Controle;Comercial;0;0;3;1;0;0;0;0;0;0;0;0;-3,775709400000000;-38,513100000000000
333151;4;10;2018;20:56;12833;AV EDUARDO GIRAO;RUA DAMASCENO GIRAO;;0;;Colis?â?úo Transversal;Anoitecer;Bom;Seca;Cruz;Sem?â?íforo;Comercial;0;3;0;0;0;0;0;0;0;1;0;0;-3,749257000000000;-38,539292000000000
333152;4;10;2018;21:30;21599;RUA DOM XISTO ALBANO;RUA RAIMUNDO NERY;;0;;Colis?â?úo Traseira;Via Iluminada;Bom;Seca;Cruz;Sem?â?íforo;Comercial;0;0;2;1;0;0;0;0;0;0;0;0;-3,796768000000000;-38,585309000000000
333233;4;10;2018;19:22;0;RUA BAR CRATO;;;1547;;N?â?úo Informado;Mal Iluminada;Bom;Seca;Cruz;N?â?úo H?â?í Controle;Residencial;0;1;0;0;0;0;0;0;0;1;0;0;-3,722165800000000;-38,563026000000000
333327;4;10;2018;07:35;5394;RUA METON DE ALENCAR;AV TRISTAO GONCALVES;;0;;Atropelamento;Luz do Dia;Bom;Seca;Cruz;Sem?â?íforo;Comercial;0;1;1;0;1;0;0;0;0;0;0;0;-3,732327000000000;-38,534777000000000
333518;4;10;2018;22:15;5882;RUA 414 CJ CEARA;AV C CJ CEARA;;0;;Colis?â?úo;;;;;;;0;1;1;1;0;0;0;0;0;1;0;0;-3,759498000000000;-38,608277000000000
333519;4;10;2018;22:50;7401;AV SEN FERNANDES TAVORA;RUA AUDISIO PINHEIRO;;0;;Colis?â?úo;;;;Cruz;Sem?â?íforo;Comercial;0;1;1;1;0;0;0;0;0;1;0;0;-3,758593000000000;-38,588886000000000
333520;4;10;2018;22:00;15135;AV HIS RAIMUNDO GIRAO;RUA FRANCISCO DIAS RIBEIRO;;0;;Colis?â?úo;;;;Cruz;Pare;Comercial;0;1;1;1;0;0;0;0;0;1;0;0;-3,724024000000000;-38,504397000000000
333528;5;10;2018;23:15;0;RUA RAD JOAO RAMOS (DUNAS);;;2015;;Colis?â?úo;;;;Meio de Quadra;;;0;0;2;0;1;1;0;0;0;0;0;0;;
333255;5;10;2018;09:29;0;AV SGT HERMINIO SAMPAIO;;;3342;;Colis?â?úo Traseira;Luz do Dia;Bom;Seca;Meio de Quadra;Sem?â?íforo;Comercial;0;0;2;1;0;0;0;0;0;0;0;0;-3,728223300000000;-38,570488000000000
333153;5;10;2018;10:29;5250;RUA PEDRO I;RUA AGAPITO DOS SANTOS;;0;;Colis?â?úo Transversal;Luz do Dia;Bom;Seca;Cruz;Pare;Residencial;0;0;1;1;0;0;0;0;0;0;0;0;-3,727789000000000;-38,539337000000000
333154;5;10;2018;14:56;0;RUA JOSE HIPOLITO;;;1316;;N?â?úo Informado;Luz do Dia;Bom;Seca;Meio de Quadra;N?â?úo H?â?í Controle;Comercial;0;1;1;1;0;0;0;0;0;1;0;0;-3,836440300000000;-38,484745000000000
333155;5;10;2018;15:36;5406;RUA ANTONIO POMPEU;RUA PRC ISABEL;;0;;Colis?â?úo Transversal;Luz do Dia;Bom;Seca;Cruz;Pare;Comercial;0;1;1;0;0;0;0;0;0;1;0;0;-3,732693000000000;-38,537283000000000
333156;5;10;2018;08:45;6969;AV F CJ ESPERANCA;AV B CJ ESPERANCA;;0;;Colis?â?úo Transversal;Luz do Dia;Bom;Seca;Cruz;Pare;Residencial;0;1;1;0;0;0;0;0;0;1;0;0;-3,817486000000000;-38,588467000000000
333157;5;10;2018;16:55;14786;RUA STA LIDUINA D42;RUA JOAO AMORA;;0;;Colis?â?úo Lateral;Luz do Dia;Bom;Seca;Cruz;Pare;Comercial;0;1;1;1;0;0;0;0;0;1;0;0;-3,799663000000000;-38,585104000000000
333158;5;10;2018;17:03;16811;RUA JOAQUIM DOS ANJOS;RUA QUIXADA D06;;0;;Colis?â?úo Transversal;Luz do Dia;Bom;Seca;Duplo T;Pare;Comercial;0;1;1;1;0;0;0;0;0;1;0;0;-3,830196000000000;-38,571201000000000
333159;5;10;2018;17:50;245;RUA DOM LINO;RUA GAL BERNARDO FIGUEIREDO;;0;;Colis?â?úo Transversal;Via Iluminada;Bom;Seca;Cruz;Pare;Residencial;0;0;2;1;0;0;0;0;0;0;0;0;-3,740582000000000;-38,556267000000000
333160;5;10;2018;21:21;0;AV GAL OSORIO DE PAIVA;;;2962;;Atropelamento;Via Iluminada;Bom;Seca;Meio de Quadra;Sem?â?íforo;Comercial;0;1;1;0;1;0;0;0;0;0;0;0;-3,788852700000000;-38,586640000000000
333161;5;10;2018;01:39;7623;RUA PERNAMBUCO;RUA RIO GRANDE DO SUL;;0;;Colis?â?úo Transversal;Via Iluminada;Bom;Seca;Cruz;Pare;Residencial;0;0;1;0;0;0;0;0;0;1;0;0;-3,760011000000000;-38,568467000000000
331820;5;10;2018;10:00;0;AV FILOMENO GOMES;;;430;;Colis?â?úo;Luz do Dia;Bom;Seca;Meio de Quadra;N?â?úo H?â?í Controle;Residencial;0;1;1;1;0;0;0;0;0;1;0;0;-3,719082300000000;-38,541675900000000
331823;5;10;2018;21:40;0;AV ABOLICAO;;;3986;;Colis?â?úo Traseira;Via Iluminada;Bom;Seca;Meio de Quadra;N?â?úo H?â?í Controle;Comercial;0;0;3;1;0;0;0;1;0;0;0;0;-3,725135000000000;-38,483577000000000
331825;5;10;2018;14:40;25145;AV BORGES DE MELO;RUA TERTULIANO SALES;;0;;Colis?â?úo Lateral;Luz do Dia;Bom;Seca;T;Sem?â?íforo;Comercial;0;0;2;0;0;0;1;0;0;1;0;0;-3,759583000000000;-38,530465000000000
331827;5;10;2018;19:00;12837;AV DOMINGOS OLIMPIO;RUA JAIME BENEVOLO;;0;;Colis?â?úo Transversal;Via Iluminada;Bom;Seca;Cruz;Sem?â?íforo;Comercial;0;1;1;0;0;0;0;0;0;1;0;0;-3,737780000000000;-38,527245000000000
331828;5;10;2018;08:00;15881;RUA PDE PEDRO DE ALENCAR;RUA GUARUJA;;0;;Colis?â?úo Transversal;Luz do Dia;Bom;Seca;T;Pare;Comercial;0;1;1;0;0;0;0;0;0;1;0;0;-3,834885000000000;-38,494118000000000
331830;5;10;2018;08:00;24229;AV ENG SANTANA JUNIOR;AV ENG ALBERTO SA;;0;;Colis?â?úo;Luz do Dia;Bom;Seca;Cruz;Sem?â?íforo;Comercial;0;1;1;1;0;0;0;0;0;1;0;0;-3,733357000000000;-38,480624000000000
336027;5;10;2018;12:37;19743;RUA AZEVEDO BOLAO;RUA PRO LINO ENCARNACAO;;0;;Colis?â?úo;Luz do Dia;;;Cruz;Pare;Residencial;0;1;1;1;0;0;0;0;0;1;0;0;-3,737419000000000;-38,561430000000000
336014;5;10;2018;06:48;84;AV MR HULL;RUA PDE PERDIGAO SAMPAIO;;0;;Colis?â?úo;Luz do Dia;;;Cruz;Sem?â?íforo;Residencial;0;1;1;1;0;0;0;0;0;1;0;0;-3,740113000000000;-38,594635000000000
336015;5;10;2018;08:02;25700;RUA ROCHA LIMA;RUA J DA PENHA;;0;;Colis?â?úo;Luz do Dia;;;Cruz;Pare;Residencial;0;1;1;0;0;0;0;0;0;1;0;0;-3,737008000000000;-38,520356000000000
336017;5;10;2018;09:07;0;AV MAE LISBOA;;;0;;Colis?â?úo;Luz do Dia;;;Meio de Quadra;;;0;1;1;1;0;0;0;0;0;1;0;0;;
336018;5;10;2018;09:08;0;RUA 1131 CJ CEARA;;;17;;Atropelamento;Luz do Dia;;;Meio de Quadra;;;0;1;1;1;0;0;0;0;0;0;0;0;-3,759917475000000;-38,612622129000000
336019;5;10;2018;09:48;5250;RUA PEDRO I;RUA AGAPITO DOS SANTOS;;0;;Colis?â?úo;Luz do Dia;;;Cruz;Pare;Residencial;0;1;1;1;0;0;0;0;0;1;0;0;-3,727789000000000;-38,539337000000000
335994;5;10;2018;00:10;0;AV ALBERTO CRAVEIRO;;;507;MAKRO;Colis?â?úo;;;;Meio de Quadra;;;0;1;1;0;0;0;0;0;0;1;0;0;-3,782591000000000;-38,516476000000000
336072;5;10;2018;19:08;19328;RUA EDUARDO PERDIGAO;RUA CON DE CASTRO;;0;;Colis?â?úo;;;;Cruz;Pare;Comercial;0;1;1;1;0;0;0;0;0;1;0;0;-3,775579000000000;-38,564769000000000
336074;5;10;2018;19:09;2404;RUA SEN ROBERT KENNEDY;AV 20 DE JANEIRO;;0;;Colis?â?úo;;;;T;Pare;Residencial;0;1;1;1;0;1;0;0;0;0;0;0;-3,706153000000000;-38,580002000000000
336075;5;10;2018;19:10;0;AV EDILSON B SOARES;;;710;;Queda;;;;Meio de Quadra;;;0;1;0;0;0;1;0;0;0;0;0;0;-3,789540500000000;-38,480052600000000
336076;5;10;2018;20:11;0;RUA MONTEIRO LOBATO;;;420;;Queda;;;;Meio de Quadra;;;0;1;0;0;0;0;0;0;0;1;0;0;;
336077;5;10;2018;21:23;3975;RUA PRO COSTA MENDES;RUA ALBERTO MAGNO;;0;;Colis?â?úo;;;;Cruz;Sem?â?íforo;Comercial;0;1;0;0;0;0;0;0;0;0;0;0;-3,757528000000000;-38,543548000000000
336078;5;10;2018;22:09;0;RUA SGT JOAO PINHEIRO;;;0;;Queda;;;;Meio de Quadra;;;0;1;0;0;0;0;0;0;0;1;0;0;;
336079;5;10;2018;23:48;0;RUA GAMA;;;117;;Queda;;;;Meio de Quadra;;;0;1;0;0;0;0;0;0;0;1;0;0;-3,795014714000000;-38,572310839000000
336065;5;10;2018;18:41;0;RUA JOSE VILAR;;;950;;Atropelamento;;;;Meio de Quadra;;;0;1;1;0;0;0;0;0;0;1;0;0;-3,733801231000000;-38,504024385000000
336066;5;10;2018;18:51;0;AV VIS RIO BRANCO;;;0;;Queda;;;;Meio de Quadra;;;0;1;0;0;0;0;0;0;0;1;0;0;;
336067;5;10;2018;18:58;0;AV FRE CIRILO;;;0;;Colis?â?úo;;;;Meio de Quadra;;;0;1;1;1;0;0;0;0;0;1;0;0;;
336069;5;10;2018;19:00;9297;AV FRANCISCO SA;RUA CESAR CORREIA;;0;;Colis?â?úo;;;;Cruz;Pare;Residencial;0;1;1;1;0;0;0;0;0;1;0;0;-3,711949000000000;-38,573313000000000
336070;5;10;2018;19:01;0;RUA AFRANIO PEIXOTO;;;0;;Colis?â?úo;;;;Meio de Quadra;;;0;1;1;1;0;0;0;0;0;1;0;0;;
336037;5;10;2018;13:21;12674;AV CEL CARVALHO;RUA GUILHERME MENDES;;0;;Colis?â?úo;Luz do Dia;;;Cruz;Pare;Comercial;0;1;1;1;0;0;0;0;0;1;0;0;-3,720651000000000;-38,587094000000000
336038;5;10;2018;14:23;10912;RUA PORTO VELHO;RUA JULIO MACIEL D35;;0;;Colis?â?úo;Luz do Dia;;;Cruz;Pare;Residencial;0;1;1;1;0;0;0;0;0;1;0;0;-3,769453000000000;-38,580597000000000
336061;5;10;2018;16:30;0;RUA PDE PEDRO DE ALENCAR;;;0;;Colis?â?úo;Luz do Dia;;;Meio de Quadra;;;0;1;1;1;0;0;0;0;0;1;0;0;;