COD_ACIDENTE;DIA;MES;ANO;HORA;INTERSECAO;LOG1;LOG2;LOG3;NUMERO;REFERENCIA;NATUREZA;ILUMINACAO;TEMPO;SUPERFICIEPISTA;TIPOCRUZAMENTO;CONTROLETRAFEGO;USOSOLO;MORTOS;FERIDOS;ILESOS;AUTOMOVEL;ONIBUS;BICICLETA;CAMINHAO;MICROONIBUS;CICLOMOTOR;MOTOCICLETA;TRACAOANIMAL;TREM;LATITUDE;LONGITUDE
336041;5;10;2018;15:28;0;AV DEP PAULINO ROCHA;;;2701;;Colis?â?úo;Luz do Dia;;;Meio de Quadra;;;0;1;1;1;0;0;0;0;0;1;0;0;-3,810076000000000;-38,519652000000000
336042;5;10;2018;15:37;0;AV AUGUSTO DOS ANJOS;;;0;;Colis?â?úo;Luz do Dia;;;Meio de Quadra;;;0;1;1;1;0;0;0;0;0;1;0;0;;
336043;5;10;2018;16:22;0;AV JANGADEIROS (MUCURIPE);;;394;;Atropelamento;Luz do Dia;;;Meio de Quadra;;;0;1;1;0;1;0;0;0;0;0;0;0;-3,722309000000000;-38,476238000000000
336080;6;10;2018;00:16;18849;RUA 35 CJ HAB ST S JOAO;RUA 7 CJ HAB ST SAO JOAO;;0;;Colis?â?úo;;;;;;;0;1;1;0;0;0;0;0;0;1;0;0;-3,847906000000000;-38,515967000000000
336081;6;10;2018;00:56;0;AV ENG ALBERTO SA;;;410;;Colis?â?úo;;;;Meio de Quadra;;;0;1;0;0;0;0;0;0;0;0;0;0;-3,733693600000000;-38,479353900000000
336082;6;10;2018;05:05;0;AV C CJ CEARA;;;1859;;Colis?â?úo;Amanhecer;;;Meio de Quadra;;;0;1;1;1;0;0;0;0;0;0;0;0;-3,774840000000000;-38,615860000000000
336083;6;10;2018;05:10;0;AV DR SILAS MUNGUBA;;;3912;;Queda;Amanhecer;;;Meio de Quadra;;;0;1;0;0;0;0;0;0;0;1;0;0;-3,790943852000000;-38,538677667000000
336084;6;10;2018;06:33;0;AV PRS CASTELO BRANCO;;;2490;;Colis?â?úo;Luz do Dia;;;Meio de Quadra;;;0;1;0;0;0;0;0;0;0;0;0;0;-3,713237264000000;-38,550178627000000
336085;6;10;2018;07:49;0;RUA MARIA GOMES DE SA;;;1745;;Colis?â?úo;Luz do Dia;;;Meio de Quadra;;;0;1;1;0;0;0;0;0;0;1;0;0;-3,822839889000000;-38,584462963000000
336110;6;10;2018;08:49;23016;AV DR SILAS MUNGUBA;RUA PRA HELOISA F LIMA;;0;;Queda;Luz do Dia;;;Cruz;Sem?â?íforo;Comercial;0;1;0;0;0;0;0;0;0;1;0;0;-3,788406000000000;-38,545961000000000
336111;6;10;2018;10:22;0;RD BR 116;;;2000;;Choque c/ Obst?â?ículo Fixo;Luz do Dia;;;Meio de Quadra;;;0;1;0;1;0;0;0;0;0;0;0;0;-3,771391000000000;-38,516780000000000
336112;6;10;2018;11:07;0;AV DR SILAS MUNGUBA;;;4380;;Colis?â?úo;Luz do Dia;;;Meio de Quadra;;;0;1;1;1;0;0;0;0;0;1;0;0;-3,792167000000000;-38,536166750000000
336113;6;10;2018;11:40;6749;RUA DR GILBERTO STUDART;RUA BATISTA DE OLIVEIRA;;0;;Colis?â?úo;Luz do Dia;;;Cruz;Pare;Residencial;0;1;1;1;0;0;0;0;0;1;0;0;-3,743734000000000;-38,480581000000000
336114;6;10;2018;11:46;23606;RUA MAJ VERISSIMO;RUA BAR CRATO;;0;;Colis?â?úo;Luz do Dia;;;Cruz;N?â?úo H?â?í Controle;Comercial;0;1;1;1;0;0;0;0;0;1;0;0;-3,722084000000000;-38,562705000000000
336115;6;10;2018;11:58;0;AV GODOFREDO MACIEL;;;0;;Colis?â?úo;Luz do Dia;;;Meio de Quadra;;;0;1;1;1;0;0;0;0;0;1;0;0;;
336116;6;10;2018;12:15;0;AV CEL CARVALHO;;;0;;Colis?â?úo;Luz do Dia;;;Meio de Quadra;;;0;1;1;1;0;0;0;0;0;1;0;0;;
336117;6;10;2018;12:23;0;RUA JARDIM FLUMINENSE;;;1558;;Colis?â?úo;Luz do Dia;;;Meio de Quadra;;;0;1;0;0;0;0;0;0;0;0;0;0;-3,809821667000000;-38,602804889000000
336118;6;10;2018;12:43;0;RUA PEDRO PEREIRA;;;66;;Atropelamento;Luz do Dia;;;Meio de Quadra;;;0;1;1;0;0;1;0;0;0;0;0;0;-3,730441000000000;-38,526150000000000
336119;6;10;2018;13:20;0;AV DR THEBERGE;;;1338;;Colis?â?úo;Luz do Dia;;;Meio de Quadra;;;0;1;0;0;0;0;0;0;0;0;0;0;-3,713894500000000;-38,564712375000000
336120;6;10;2018;13:38;0;RUA SAO LAZARO;;;876;;Colis?â?úo;Luz do Dia;;;Meio de Quadra;;;0;1;1;1;0;0;0;0;0;1;0;0;-3,801505900000000;-38,582839600000000
336121;6;10;2018;13:56;0;RUA BARRA NOVA;;;10;;Atropelamento;Luz do Dia;;;Meio de Quadra;;;0;2;0;0;0;0;0;0;0;1;0;0;-3,784756000000000;-38,505665000000000
336122;6;10;2018;14:21;1386;RUA MARIA TOMASIA;AV SEN VIRGILIO TAVORA;;0;;Colis?â?úo;Luz do Dia;;;Cruz;Sem?â?íforo;Comercial;0;1;1;1;0;0;0;0;0;1;0;0;-3,736801000000000;-38,493150000000000
336123;6;10;2018;15:50;0;AV MAJ ASSIS;;;0;;Colis?â?úo;Luz do Dia;;;Meio de Quadra;;;0;0;2;0;0;0;0;0;0;1;0;0;;
336124;6;10;2018;15:58;0;RUA PEDRO LOPES D64;;;143;;Colis?â?úo;Luz do Dia;;;Meio de Quadra;;;0;1;1;0;0;0;0;0;0;1;0;0;-3,828020000000000;-38,479180000000000
336156;6;10;2018;22:17;26075;AV JOSE JATAHY;AV SGT HERMINIO SAMPAIO;;0;;Colis?â?úo;;;;Cruz;Sem?â?íforo;Comercial;0;1;1;1;0;0;0;0;0;1;0;0;-3,724727000000000;-38,545904000000000
336157;6;10;2018;22:22;15594;RUA CEL JOAO OLIVEIRA;RUA MEM DE SA;;0;;Colis?â?úo;;;;T;Pare;Residencial;0;1;1;1;0;0;0;0;0;1;0;0;-3,823246000000000;-38,484786000000000
336152;6;10;2018;21:18;12642;RUA ALBERTO FERREIRA;RUA MARIA CLARA;;0;;Atropelamento;;;;Cruz;Pare;Comercial;0;1;1;0;0;0;0;0;0;1;0;0;-3,725597000000000;-38,583535000000000
336153;6;10;2018;21:26;0;AV ZEZE DIOGO;;;1844;;Queda;;;;Meio de Quadra;;;0;1;0;0;0;1;0;0;0;0;0;0;-3,724038000000000;-38,461601501000000
336154;6;10;2018;21:59;0;RUA MON HIPOLITO BRASIL;;;1285;;Colis?â?úo;;;;Meio de Quadra;;;0;1;0;0;0;0;0;0;0;0;0;0;;
336148;6;10;2018;20:46;0;RD BR 116;;;15000;KM-15;Colis?â?úo;;;;Meio de Quadra;;;0;1;1;1;0;0;0;0;0;1;0;0;-3,882329000000000;-38,501113000000000
336143;6;10;2018;18:37;0;RD BR 116;;;0;;Colis?â?úo;;;;Meio de Quadra;;;0;1;1;1;0;0;0;0;0;1;0;0;;
336145;6;10;2018;19:46;0;RUA ESPIRITO SANTO;;;530;;Atropelamento;;;;Meio de Quadra;;;0;1;1;1;0;0;0;0;0;0;0;0;-3,752709275000000;-38,568027039000000
336140;6;10;2018;18:03;0;RUA ANTERO QUENTAL;;;500;;Colis?â?úo;Anoitecer;;;Meio de Quadra;;;0;1;1;1;0;0;0;0;0;1;0;0;-3,853146100000000;-38,492534900000000
336141;6;10;2018;18:17;0;RUA PERNAMBUCO;;;100;;Queda;Anoitecer;;;Meio de Quadra;;;0;1;0;0;0;0;0;0;0;1;0;0;-3,764929000000000;-38,561099500000000
336107;6;10;2018;08:43;0;AV BORGES DE MELO;;;124;;Colis?â?úo;Luz do Dia;;;Meio de Quadra;;;0;1;1;1;0;0;0;0;0;1;0;0;-3,761342000000000;-38,520039000000000
336108;6;10;2018;08:50;19611;AV GODOFREDO MACIEL;RUA NEREU RAMOS;;0;;Queda;Luz do Dia;;;T;Sem?â?íforo;Comercial;0;1;0;0;0;0;0;0;0;1;0;0;-3,787250000000000;-38,566802000000000
336135;6;10;2018;16:31;0;AV FRANCISCO SA;;;3455;;Colis?â?úo;Luz do Dia;;;Meio de Quadra;;;0;1;1;1;0;0;0;0;0;1;0;0;-3,717874000000000;-38,555953000000000
336136;6;10;2018;16:39;13398;RUA NOGUEIRA ACIOLI;RUA JOAQUIM TORRES;;0;;Colis?â?úo;Luz do Dia;;;Cruz;Pare;Residencial;0;1;1;1;0;0;0;0;0;1;0;0;-3,741069000000000;-38,520842000000000
336137;6;10;2018;16:54;10749;RUA PRO HERIBALDO COSTA;AV SEN FERNANDES TAVORA;;0;;Colis?â?úo;Luz do Dia;;;Cruz;Sem?â?íforo;Comercial;0;1;1;1;0;1;0;0;0;0;0;0;-3,761006000000000;-38,584384000000000
336138;6;10;2018;17:35;0;RD QUARTO ANEL VIARIO;;;0;;Colis?â?úo;Anoitecer;;;Meio de Quadra;;;0;1;1;1;0;0;0;0;0;1;0;0;;
331831;6;10;2018;00:50;24236;AV ENG ALBERTO SA;RUA DES WALDETARIO P MOTA;;0;;Colis?â?úo Transversal;Via Iluminada;Bom;Seca;Cruz;Sem?â?íforo;Comercial;0;2;1;0;1;0;0;0;0;1;0;0;-3,733736000000000;-38,478690000000000
331832;6;10;2018;08:45;9168;AV LUCIANO CARNEIRO;AV BORGES DE MELO;;0;;Colis?â?úo Traseira;Luz do Dia;Nublado;Seca;Cruz;Sem?â?íforo;Comercial;0;0;2;0;0;0;0;0;0;0;0;0;-3,756465000000000;-38,534097000000000
331916;6;10;2018;16:40;0;RD CE-040;;;6000;KM-06;Colis?â?úo;Luz do Dia;Bom;Seca;Meio de Quadra;;;0;0;2;1;0;0;0;0;0;0;0;0;-3,809596804000000;-38,478733480000000
331917;6;10;2018;16:40;0;RD CE-025;;;2000;KM-02;Colis?â?úo;Luz do Dia;Bom;Seca;Meio de Quadra;;;0;0;2;1;0;0;0;0;0;0;0;0;-3,807634505000000;-38,461084520000000
331920;6;10;2018;20:10;0;RD CE-040;;;5000;KM-05;Colis?â?úo;Via Iluminada;Bom;Seca;Meio de Quadra;;;0;0;3;1;1;0;0;0;0;0;0;0;-3,800595823000000;-38,479534630000000
333162;6;10;2018;01:08;5112;RUA CASTRO E SILVA;RUA BAR RIO BRANCO;;0;;Colis?â?úo Transversal;Via Iluminada;Bom;Seca;Cruz;Sem?â?íforo;Comercial;0;0;1;1;1;0;0;0;0;0;0;0;-3,723847000000000;-38,527429000000000
333163;6;10;2018;02:51;12347;RUA RIO GRANDE DO SUL;RUA DIAMANTINA;;0;;Colis?â?úo Transversal;Via Iluminada;Bom;Seca;Cruz;Sem?â?íforo;Residencial;0;2;0;0;0;0;0;0;0;1;0;0;-3,763342000000000;-38,570499000000000
333164;6;10;2018;08:45;19539;AV DR SILAS MUNGUBA;RUA EQUADOR;;0;;Colis?â?úo;Luz do Dia;Bom;Molhada;Cruz;Sem?â?íforo;Residencial;0;1;0;0;0;1;0;0;0;1;0;0;-3,782377000000000;-38,555434000000000
333165;6;10;2018;10:10;0;AV ABOLICAO;;;3437;;Engavetamento;Luz do Dia;Bom;Seca;Meio de Quadra;N?â?úo H?â?í Controle;Comercial;0;0;3;1;0;0;0;0;0;0;0;0;-3,726201800000000;-38,488743000000000
333166;6;10;2018;08:50;0;AV PRS COSTA E SILVA;;;4777;;Colis?â?úo Lateral;Luz do Dia;Bom;Seca;Meio de Quadra;N?â?úo H?â?í Controle;Residencial;0;0;2;1;0;0;0;0;0;1;0;0;-3,826809000000000;-38,537240000000000
333167;6;10;2018;18:35;1350;RUA TORRES CAMARA;RUA SILVA PAULET;;0;;Colis?â?úo Transversal;Via Iluminada;Bom;Seca;Cruz;Pare;Residencial;0;2;0;0;0;0;0;0;0;0;0;0;-3,735958000000000;-38,505905000000000
333175;6;10;2018;12:15;23606;RUA BAR CRATO;RUA MAJ VERISSIMO;;0;;Colis?â?úo Lateral;Luz do Dia;Bom;Seca;Cruz;N?â?úo H?â?í Controle;Comercial;0;1;1;1;0;0;0;0;0;1;0;0;-3,722084000000000;-38,562705000000000
333418;6;10;2018;12:11;12685;AV CEL CARVALHO;AV DA INDEPENDENCIA;;0;;Colis?â?úo Transversal;Luz do Dia;Bom;Seca;Cruz;Sem?â?íforo;Residencial;0;0;1;1;0;1;0;0;0;0;0;0;-3,728711000000000;-38,584952000000000
333176;7;10;2018;21:12;15360;AV DOM LUIS;AV DES MOREIRA;;0;;Colis?â?úo Lateral;Via Iluminada;Bom;Seca;Rotat?â??ria;Sem?â?íforo;Comercial;0;0;1;1;1;0;0;0;0;0;0;0;-3,733239000000000;-38,497383000000000
333269;7;10;2018;10:55;15317;RUA TEN BENEVOLO;RUA NUNES VALENTE;;0;;Colis?â?úo Lateral;Luz do Dia;Bom;Seca;Cruz;Pare;Residencial;0;0;1;0;1;0;0;0;0;0;0;0;-3,730365000000000;-38,501859000000000
333170;7;10;2018;09:04;23195;AV GAL OSORIO DE PAIVA;RUA FRE JOSE MAURICIO;;0;;Colis?â?úo Lateral;Luz do Dia;Nublado;Molhada;T;N?â?úo H?â?í Controle;Comercial;0;0;2;1;0;0;0;0;0;0;0;0;-3,810286000000000;-38,607415000000000
333171;7;10;2018;08:00;0;RUA 62 CJ JOSE WALTER;;;110;;Colis?â?úo Traseira;Luz do Dia;Bom;Seca;Meio de Quadra;N?â?úo H?â?í Controle;Residencial;0;1;2;0;1;0;0;0;0;1;0;0;-3,837185100000000;-38,558940000000000
333172;7;10;2018;13:15;0;RUA CEL FRANCISCO PEREIRA (MESSEJANA);;;289;;Colis?â?úo Lateral;Luz do Dia;Bom;Seca;Meio de Quadra;Sem?â?íforo;Comercial;0;0;2;1;0;0;0;0;0;0;0;0;-3,831577000000000;-38,492844000000000
333173;7;10;2018;12:48;0;RUA SAO VICENTE DE PAULA D29;;;31;;Colis?â?úo Frontal;Luz do Dia;Bom;Seca;Meio de Quadra;N?â?úo H?â?í Controle;Residencial;0;1;1;1;0;0;0;0;0;1;0;0;-3,725052800000000;-38,602493000000000
333168;7;10;2018;01:16;26075;AV SGT HERMINIO SAMPAIO;AV JOSE JATAHY;;0;;Colis?â?úo Lateral;Via Iluminada;Bom;Seca;Cruz;Sem?â?íforo;Comercial;0;1;1;1;0;0;0;0;0;1;0;0;-3,724794900000000;-38,546160000000000
333531;7;10;2018;18:30;0;AV DR SILAS MUNGUBA;;;0;;Colis?â?úo;Anoitecer;;;Meio de Quadra;;;0;0;3;1;0;0;0;0;0;0;0;0;;
333538;7;10;2018;21:44;0;AV CENTRAL;;;975;;Colis?â?úo;;;;Meio de Quadra;;;0;0;2;1;0;0;0;0;0;1;0;0;-3,808580700000000;-38,538758500000000
331841;7;10;2018;18:00;295;RUA GONCALVES DIAS;RUA COS ALVARO DE OLIVEIRA;;0;;Colis?â?úo Lateral;Via Iluminada;Bom;Seca;Cruz;N?â?úo H?â?í Controle;Residencial;0;1;1;1;0;0;0;0;0;1;0;0;-3,743177000000000;-38,554682000000000
331835;7;10;2018;20:00;9168;AV BORGES DE MELO;AV LUCIANO CARNEIRO;;0;;Colis?â?úo Traseira;Via Iluminada;Bom;Seca;Cruz;Sem?â?íforo;Comercial;0;1;1;1;0;0;0;0;0;0;0;0;-3,756465000000000;-38,534097000000000
331836;7;10;2018;02:20;1280;RUA PINTO MADEIRA;RUA ILDEFONSO ALBANO;;0;;Colis?â?úo Lateral;Via Iluminada;Bom;Seca;Cruz;Sem?â?íforo;Residencial;0;2;0;1;0;0;0;0;0;0;0;0;-3,733610000000000;-38,513317000000000
336158;7;10;2018;01:30;0;RD BR 116;;;10000;;Choque c/ Obst?â?ículo Fixo;;;;Meio de Quadra;;;0;1;0;0;0;0;1;0;0;0;0;0;-3,834435000000000;-38,503373000000000
336159;7;10;2018;01:43;1280;RUA ILDEFONSO ALBANO;RUA PINTO MADEIRA;;0;;Colis?â?úo;;;;Cruz;Sem?â?íforo;Residencial;0;1;1;1;0;0;0;0;0;1;0;0;-3,733610000000000;-38,513317000000000
336161;7;10;2018;01:57;0;RUA MIN ALBUQUERQUE LIMA;;;0;;Colis?â?úo;;;;Meio de Quadra;;;0;1;1;1;0;0;0;0;0;1;0;0;;
336162;7;10;2018;02:25;0;RUA CAP VASCONCELOS D46;;;77;;Queda;;;;Meio de Quadra;;;0;1;0;0;0;0;0;0;0;1;0;0;-3,762251243000000;-38,517595730000000
336163;7;10;2018;04:45;0;AV PRS COSTA E SILVA;;;1974;;Queda;;;;Meio de Quadra;;;0;1;0;0;0;0;0;0;0;1;0;0;-3,818393931000000;-38,564028227000000
336185;7;10;2018;13:31;0;AV ENG SANTANA JUNIOR;;;2690;;Colis?â?úo;Luz do Dia;;;Meio de Quadra;;;0;1;1;1;0;0;0;0;0;1;0;0;-3,744770000000000;-38,488863000000000
336191;7;10;2018;13:51;14560;RUA NUBIA BARROCAS;RUA ENG ANTONIO F ANTERO;;0;;Colis?â?úo;Luz do Dia;;;Cruz;N?â?úo H?â?í Controle;Residencial;0;1;1;1;0;0;0;0;0;1;0;0;-3,788306000000000;-38,482296000000000
336189;7;10;2018;13:50;2573;AV FRANCISCO SA;RUA GRACA ARANHA;;0;;Colis?â?úo;Luz do Dia;;;Cruz;Pare;Residencial;0;1;1;1;0;0;0;0;0;1;0;0;-3,711611000000000;-38,574359000000000
336202;7;10;2018;16:21;10767;RUA LUCIANO DE QUEIROS;RUA JOCKEY CLUBE;;0;;Colis?â?úo;Luz do Dia;;;Cruz;Pare;Residencial;0;1;1;1;0;0;0;0;0;1;0;0;-3,761782000000000;-38,580519000000000
336203;7;10;2018;16:41;0;AV MAE LISBOA;;;0;;Colis?â?úo;Luz do Dia;;;Meio de Quadra;;;0;1;1;1;0;0;0;0;0;1;0;0;;
336204;7;10;2018;17:07;0;RUA COS ARAUJO LIMA;;;1809;;Colis?â?úo;Anoitecer;;;Meio de Quadra;;;0;1;1;1;0;0;0;0;0;1;0;0;-3,743815600000000;-38,471582400000000
336205;7;10;2018;17:08;0;RUA CEL VIRGILIO NOGUEIRA (BOM JARDIM);;;1568;;Colis?â?úo;Anoitecer;;;Meio de Quadra;;;0;1;1;1;0;0;0;0;0;1;0;0;-3,796011400000000;-38,611242100000000
336206;7;10;2018;17:21;0;RUA RAIMUNDO MAGALHAES;;;0;;Colis?â?úo;Anoitecer;;;Meio de Quadra;;;0;1;1;0;0;0;0;0;0;1;0;0;;
336207;7;10;2018;17:25;0;AV DIOGUINHO;;;2305;;Colis?â?úo;Anoitecer;;;Meio de Quadra;;;0;1;1;1;0;0;0;0;0;1;0;0;-3,737071667000000;-38,455809167000000
336208;7;10;2018;17:25;0;RUA JOSE FACANHA;;;915;;Queda;Anoitecer;;;Meio de Quadra;;;0;1;0;0;0;0;0;0;0;1;0;0;-3,750490822000000;-38,559075000000000
336209;7;10;2018;17:35;0;AV ENG HUMBERTO MONTE;;;915;;Atropelamento de Animal;Anoitecer;;;Meio de Quadra;;;0;1;0;0;0;0;0;0;0;1;0;0;-3,750761900000000;-38,559203514000000
336210;7;10;2018;18:00;0;RUA GONCALVES DIAS;;;0;;Colis?â?úo;Anoitecer;;;Meio de Quadra;;;0;1;1;1;0;0;0;0;0;1;0;0;;
336172;7;10;2018;05:40;0;AV DR SILAS MUNGUBA;;;0;;Queda;Amanhecer;;;Meio de Quadra;;;0;1;0;0;0;0;0;0;0;1;0;0;;
336173;7;10;2018;07:02;0;RUA PRO GOMES BRASIL;;;0;;Queda;Luz do Dia;;;Meio de Quadra;;;0;1;0;0;0;0;0;0;0;1;0;0;;
336174;7;10;2018;07:26;0;RUA CAP CLOVIS MAIA;;;3835;;Colis?â?úo;Luz do Dia;;;Meio de Quadra;;;0;1;1;1;0;0;0;0;0;1;0;0;-3,738230000000000;-38,453920000000000
336176;7;10;2018;07:56;0;RUA 62 CJ JOSE WALTER;;;120;;Colis?â?úo;Luz do Dia;;;Meio de Quadra;;;0;1;0;0;0;0;0;0;0;0;0;0;-3,837304645000000;-38,558874000000000
336178;7;10;2018;08:09;0;RUA PRO MOZART SOLON;;;258;;Colis?â?úo;Luz do Dia;;;Meio de Quadra;;;0;1;1;1;0;0;0;0;0;1;0;0;-3,742748100000000;-38,526171200000000
336180;7;10;2018;09:22;2792;RUA RAIMUNDO PINHEIRO;RUA GERALDO BARBOSA;;0;;Colis?â?úo;Luz do Dia;;;;;;0;1;1;1;0;1;0;0;0;0;0;0;-3,793110000000000;-38,598311000000000
336182;7;10;2018;11:52;2573;AV FRANCISCO SA;RUA GRACA ARANHA;;0;;Colis?â?úo;Luz do Dia;;;Cruz;Pare;Residencial;0;1;1;1;0;0;0;0;0;1;0;0;-3,711611000000000;-38,574359000000000
336223;7;10;2018;19:10;0;AV AGUANAMBI;;;0;ROTAT?âÔÇ£RIA;Colis?â?úo;;;;Meio de Quadra;;;0;1;0;0;0;0;0;0;0;0;0;0;;
336224;7;10;2018;19:44;0;RUA CAP FRANCISCO PEDRO;;;1210;;Colis?â?úo;;;;Meio de Quadra;;;0;1;1;1;0;0;0;0;0;1;0;0;-3,748621500000000;-38,550178500000000
336228;7;10;2018;21:01;614;RUA ANA FACO;AV DR THEBERGE;;0;;Queda;;;;T;N?â?úo H?â?í Controle;Residencial;0;1;0;0;0;0;0;0;0;1;0;0;-3,712143000000000;-38,564134000000000
336221;7;10;2018;18:50;0;AV SGT HERMINIO SAMPAIO;;;0;;Colis?â?úo;;;;Meio de Quadra;;;0;1;1;1;0;0;0;0;0;1;0;0;;
336216;7;10;2018;18:04;0;AV FRANCISCO SA;;;6512;;Colis?â?úo;Anoitecer;;;Meio de Quadra;;;0;1;0;0;0;0;0;0;0;0;0;0;-3,708458747000000;-38,582551304000000
336214;7;10;2018;18:01;0;RUA JULIO SILVA;;;0;;Colis?â?úo;Anoitecer;;;Meio de Quadra;;;0;1;1;1;0;0;0;0;0;1;0;0;;
336212;7;10;2018;18:01;0;RUA GONCALVES DIAS;;;0;;Colis?â?úo;Anoitecer;;;Meio de Quadra;;;0;1;1;1;0;0;0;0;0;1;0;0;;
336199;7;10;2018;14:30;0;AV MAE LISBOA;;;0;;Queda;Luz do Dia;;;Meio de Quadra;;;0;1;0;0;0;0;0;0;0;1;0;0;;
336200;7;10;2018;15:02;0;AV DR SILAS MUNGUBA;;;3530;;Colis?â?úo;Luz do Dia;;;Meio de Quadra;;;0;1;1;1;0;0;0;0;0;0;0;0;-3,789802714000000;-38,542008000000000
336194;7;10;2018;13:53;0;RUA MARIO FILHO;;;319;;Colis?â?úo;Luz do Dia;;;Meio de Quadra;;;0;1;1;1;0;0;0;0;0;1;0;0;-3,807895298000000;-38,583892468000000
336196;7;10;2018;14:05;15211;AV ABOLICAO;RUA PAULA BARROS;;0;;Colis?â?úo;Luz do Dia;;;Cruz;Sem?â?íforo;Comercial;0;1;0;0;0;0;0;0;0;0;0;0;-3,726831000000000;-38,492313000000000
336197;7;10;2018;14:16;0;RUA PRO EDGAR DE ARRUDA;;;318;;Atropelamento;Luz do Dia;;;Meio de Quadra;;;0;1;1;1;0;0;0;0;0;0;0;0;-3,761880000000000;-38,577953000000000
338610;7;10;2018;07:00;0;RD BR 116;;;5000;KM-05;Choque c/ Obst?â?ículo Fixo;Luz do Dia;;;Meio de Quadra;;;0;0;1;1;0;0;0;0;0;0;0;0;-3,796502000000000;-38,506787000000000
338613;7;10;2018;16:00;0;RD BR 222;;;2200;KM-02;Colis?â?úo Transversal;Luz do Dia;;;Meio de Quadra;;;0;1;2;1;0;0;0;0;0;0;0;0;-3,740362400000000;-38,596996100000000
338622;8;10;2018;20:29;0;RD BR 222;;;1100;KM-01;Colis?â?úo Traseira;;;;Meio de Quadra;;;0;2;2;1;0;0;0;0;0;0;0;0;-3,737698444000000;-38,578146930000000
335704;8;10;2018;19:29;0;AV MON AMARILIO RODRIGUES;;;874;;Colis?â?úo;;;;Meio de Quadra;;;0;1;0;0;0;0;0;0;0;0;0;0;-3,835187179000000;-38,522303209000000
335702;8;10;2018;19:20;0;AV PERIMETRAL;;;330;;Colis?â?úo;;;;Meio de Quadra;;;0;2;0;1;0;0;0;0;0;1;0;0;;
335706;8;10;2018;23:16;18562;RUA FRANCISCO ALMEIDA;RUA UMARIZEIRA;;0;;Colis?â?úo;;;;;;;0;1;0;0;0;0;0;0;0;0;0;0;-3,823296000000000;-38,594980000000000
335688;8;10;2018;14:38;0;RUA IRINEU DE SOUZA;;;163;;Colis?â?úo;Luz do Dia;;;Meio de Quadra;;;0;1;0;1;0;0;0;0;0;1;0;0;-3,710444695000000;-38,569145915000000
335689;8;10;2018;15:40;0;AV PRS JUSCELINO KUBITSCHEK (PASSAR?âÔÇ?);;;5800;;Colis?â?úo;Luz do Dia;;;Meio de Quadra;;;0;1;0;1;0;0;0;0;0;1;0;0;;
335696;8;10;2018;14:53;0;RUA BILL CARTAXO;;;240;;Colis?â?úo;Luz do Dia;;;Meio de Quadra;;;0;1;0;1;0;0;0;0;0;1;0;0;-3,791326556000000;-38,474359111000000
335697;8;10;2018;18:17;0;RUA FRANCISCO MATOS;;;2023;;Atropelamento;Anoitecer;;;Meio de Quadra;;;0;1;0;0;0;0;0;0;0;0;0;0;-3,746940000000000;-38,470210000000000
335698;8;10;2018;18:18;0;RUA BELA VISTA;;;0;;Colis?â?úo;Anoitecer;;;Meio de Quadra;;;0;1;0;1;0;0;0;0;0;1;0;0;;
335699;8;10;2018;18:44;0;AV BORGES DE MELO;;;0;;Colis?â?úo;;;;Meio de Quadra;;;0;1;0;1;0;0;0;0;0;1;0;0;;
335694;8;10;2018;17:17;10954;RUA DOM CARLOTO TAVORA;RUA EUZEBIO DE QUEIROS;;0;;Colis?â?úo;Anoitecer;;;Cruz;Pare;Residencial;0;1;0;0;0;0;0;0;0;1;0;0;-3,770181000000000;-38,555338000000000
335691;8;10;2018;15:42;5399;AV VIS RIO BRANCO;RUA PEDRO I;;0;;Colis?â?úo;Luz do Dia;;;Cruz;Sem?â?íforo;Comercial;0;1;0;0;0;0;0;0;0;0;0;0;-3,732458000000000;-38,524814000000000
335692;8;10;2018;15:30;0;AV MR HULL;;;4909;;Colis?â?úo Transversal;Luz do Dia;;;Meio de Quadra;;;0;1;1;0;0;0;0;0;1;1;0;0;-3,739160000000000;-38,588278000000000
335668;8;10;2018;07:16;4016;RUA PRO COSTA MENDES;RUA JULIO CESAR D12;;0;;Colis?â?úo;Luz do Dia;;;Cruz;Pare;Residencial;0;1;0;0;0;0;0;0;0;0;0;0;-3,754698000000000;-38,546911000000000
335669;8;10;2018;08:41;0;AV GODOFREDO MACIEL;;;681;;Colis?â?úo;Luz do Dia;;;Meio de Quadra;;;0;1;0;0;0;0;0;0;0;1;0;0;-3,782029000000000;-38,565465000000000
335670;8;10;2018;10:08;24542;AV MOZART PINHEIRO DE LUCENA;RUA DR QUIXADA FELICIO;;0;;Atropelamento;Luz do Dia;;;T;Pare;Residencial;0;1;1;1;0;0;0;0;0;0;0;0;-3,710639000000000;-38,593478000000000
335666;8;10;2018;07:09;0;RUA TRAJANO ALVES DE AGUIAR;;;366;;Colis?â?úo;Luz do Dia;;;Meio de Quadra;;;0;1;0;1;0;0;0;0;0;1;0;0;-3,794230000000000;-38,492630000000000
335672;8;10;2018;11:58;0;RUA AUDISIO PINHEIRO;;;581;;Colis?â?úo;Luz do Dia;;;Meio de Quadra;;;0;1;0;1;0;0;0;0;0;1;0;0;-3,757588000000000;-38,588356000000000
335673;8;10;2018;11:59;0;RUA GAL AFONSO A LIMA;;;0;;Colis?â?úo;Luz do Dia;;;;;;0;1;0;1;0;0;0;0;0;1;0;0;;