COD_ACIDENTE;DIA;MES;ANO;HORA;INTERSECAO;LOG1;LOG2;LOG3;NUMERO;REFERENCIA;NATUREZA;ILUMINACAO;TEMPO;SUPERFICIEPISTA;TIPOCRUZAMENTO;CONTROLETRAFEGO;USOSOLO;MORTOS;FERIDOS;ILESOS;AUTOMOVEL;ONIBUS;BICICLETA;CAMINHAO;MICROONIBUS;CICLOMOTOR;MOTOCICLETA;TRACAOANIMAL;TREM;LATITUDE;LONGITUDE
335662;8;10;2018;06:45;0;RUA GERMANO FRANCK;;;0;;Atropelamento;Luz do Dia;;;Meio de Quadra;;;0;1;0;1;0;0;0;0;0;0;0;0;;
335663;8;10;2018;07:06;0;AV GODOFREDO MACIEL;;;5642;;Colis?â?úo;Luz do Dia;;;Meio de Quadra;;;0;1;0;1;0;0;0;0;0;1;0;0;-3,824379153000000;-38,578796119000000
331842;8;10;2018;19:00;23617;AV SGT HERMINIO SAMPAIO;RUA CHASTINET GUIMARAES;;0;;Colis?â?úo Lateral;Via Iluminada;Bom;Seca;T;Pare;Residencial;0;1;1;1;0;0;0;0;0;1;0;0;-3,727089000000000;-38,564546000000000
331844;8;10;2018;20:30;0;AV MR HULL;;;2950;;Choque c/ Obst?â?ículo Fixo;;;;Meio de Quadra;;;1;0;0;0;0;0;0;0;0;1;0;0;-3,736849500000000;-38,570908750000000
331924;8;10;2018;15:05;0;AV SEN CARLOS JEREISSATI (AEROPORTO);;;1000;KM 01;Colis?â?úo;Luz do Dia;Bom;Seca;Meio de Quadra;;;0;1;1;1;0;0;0;0;0;1;0;0;-3,783753000000000;-38,526850000000000
331928;8;10;2018;14:40;0;AV SEN CARLOS JEREISSATI (AEROPORTO);;;1000;KM 01;Colis?â?úo;Luz do Dia;Bom;Seca;Meio de Quadra;;;0;0;2;1;0;0;0;0;0;0;0;0;-3,783753000000000;-38,526850000000000
331926;8;10;2018;14:30;0;RD CE-040;;;6000;KM-06;Colis?â?úo;Luz do Dia;Bom;Seca;Meio de Quadra;;;0;0;2;1;0;0;0;0;0;0;0;0;-3,809596804000000;-38,478733480000000
333231;8;10;2018;14:40;5306;RUA MON LUIS ROCHA;RUA DO ROSARIO;;0;;Colis?â?úo Transversal;Luz do Dia;Bom;Seca;Cruz;Pare;Comercial;0;0;2;1;0;0;0;0;0;0;0;0;-3,729645000000000;-38,526198000000000
333177;8;10;2018;07:30;0;RUA FORTALEZA UI 505;AV ALBERTO NEPOMUCENO;;1;;Colis?â?úo Lateral;Luz do Dia;Bom;Seca;Cruz;Pare;Comercial;0;0;2;0;0;0;0;0;0;0;0;0;-3,722582600000000;-38,524025000000000
333178;8;10;2018;11:30;16069;RUA OLIMPIO NORONHA;RUA CRISTIANO OTONE;;0;;Colis?â?úo Transversal;Luz do Dia;Bom;Seca;Cruz;N?â?úo H?â?í Controle;Residencial;0;0;2;1;0;0;0;0;0;1;0;0;-3,813245000000000;-38,559539000000000
333179;8;10;2018;15:46;5399;AV VIS RIO BRANCO;RUA PEDRO I;;0;;Colis?â?úo Transversal;Luz do Dia;Bom;Seca;Cruz;Sem?â?íforo;Comercial;0;0;2;0;1;0;0;0;0;1;0;0;-3,732458000000000;-38,524814000000000
333180;8;10;2018;14:15;0;AV DOS EXPEDICIONARIOS;;;4806;;Colis?â?úo Transversal;Luz do Dia;Bom;Seca;Meio de Quadra;N?â?úo H?â?í Controle;Comercial;0;2;0;1;0;0;0;0;0;1;0;0;-3,761370200000000;-38,540180000000000
333181;8;10;2018;16:00;0;AV GODOFREDO MACIEL;;;767;;N?â?úo Informado;Luz do Dia;Bom;Seca;Meio de Quadra;N?â?úo H?â?í Controle;Comercial;0;0;2;1;0;0;0;0;0;0;0;0;-3,782949200000000;-38,565636000000000
333182;8;10;2018;15:19;0;AV CHANC EDSON QUEIROZ;;;0;;Colis?â?úo;Luz do Dia;Bom;Seca;Meio de Quadra;Sem?â?íforo;Comercial;0;0;2;1;0;0;0;0;0;0;0;0;-3,764419800000000;-38,494328000000000
333183;8;10;2018;19:06;0;AV EDILSON B SOARES;;;1725;;Engavetamento;Via Iluminada;Bom;Seca;Meio de Quadra;N?â?úo H?â?í Controle;Comercial;0;0;3;1;0;0;0;0;0;0;0;0;-3,788615000000000;-38,470535000000000
333184;8;10;2018;21:03;0;AV LUCIANO CARNEIRO;;;1333;;Colis?â?úo Traseira;Via Iluminada;Bom;Seca;Meio de Quadra;N?â?úo H?â?í Controle;Comercial;0;0;2;1;0;0;0;0;0;1;0;0;-3,760403900000000;-38,535305000000000
333185;9;10;2018;06:40;0;AV CARNEIRO DE MENDONCA;;;885;;Colis?â?úo Lateral;Luz do Dia;Bom;Seca;Meio de Quadra;N?â?úo H?â?í Controle;Comercial;0;0;1;1;0;0;0;0;0;1;0;0;-3,763939400000000;-38,567150000000000
333186;9;10;2018;11:10;5086;RUA PDE MORORO;RUA SAO PAULO;;0;;Colis?â?úo Lateral;Luz do Dia;Bom;Seca;Cruz;Sem?â?íforo;Comercial;0;0;2;1;0;0;0;0;0;0;0;0;-3,722996000000000;-38,536741000000000
333187;9;10;2018;15:06;0;RUA ANDRE CHAVES;;;650;;Queda;Luz do Dia;Bom;Seca;;;;0;0;1;1;0;0;0;0;0;1;0;0;-3,754005400000000;-38,546127000000000
333188;9;10;2018;15:30;16057;AV WENEFRIDO MELO;AV GODOFREDO MACIEL;;0;;Colis?â?úo Traseira;Luz do Dia;Bom;Seca;Meio de Quadra;N?â?úo H?â?í Controle;Residencial;0;0;2;1;0;0;0;0;0;0;0;0;-3,811743000000000;-38,574739000000000
333189;9;10;2018;18:30;1557;RUA BARBOSA DE FREITAS;RUA CAROLINA SUCUPIRA;;0;;Colis?â?úo Transversal;Via Iluminada;Bom;Seca;Cruz;Pare;Residencial;0;0;2;1;0;0;0;0;0;0;0;0;-3,741517000000000;-38,498942000000000
333190;9;10;2018;19:31;0;RUA JACINTO MATOS;;;0;;Colis?â?úo Lateral;Anoitecer;Bom;Seca;Cruz;Pare;Residencial;0;0;1;1;0;0;0;0;0;0;0;0;-3,719687500000000;-38,546783000000000
333191;9;10;2018;19:15;6749;RUA BATISTA DE OLIVEIRA;RUA DR GILBERTO STUDART;;0;;Colis?â?úo Transversal;Via Iluminada;Bom;Seca;Cruz;Pare;Residencial;0;1;1;1;0;0;0;0;0;1;0;0;-3,743734000000000;-38,480581000000000
333192;9;10;2018;17:40;5417;RUA PERO COELHO;AV DOM MANUEL;;224;;Colis?â?úo Transversal;Via Iluminada;Bom;Seca;T;Pare;Comercial;0;0;2;1;0;0;0;0;0;0;0;0;-3,733144000000000;-38,522666000000000
333193;9;10;2018;19:00;23804;AV GAL OSORIO DE PAIVA;RUA RAIMUNDO NERY;;0;;Colis?â?úo Lateral;Via Iluminada;Bom;Seca;Cruz;Sem?â?íforo;Comercial;0;1;1;0;0;0;0;0;0;1;0;0;-3,790306000000000;-38,588065000000000
333195;9;10;2018;21:45;0;AV ROGACIANO LEITE;;;1140;;Colis?â?úo Lateral;Via Iluminada;Bom;Seca;Cruz;Sem?â?íforo;Comercial;0;0;1;1;0;0;0;0;0;1;0;0;-3,768013000000000;-38,497147000000000
333541;9;10;2018;08:12;5107;RUA SEN ALMINO;AV MON TABOSA;;0;;Colis?â?úo;Luz do Dia;;;Cruz;Pare;Comercial;0;0;2;1;0;0;0;0;0;1;0;0;-3,723661000000000;-38,518035000000000
333544;9;10;2018;15:00;0;AV RAD JOSE LIMA VERDE;;;573;;Colis?â?úo;Luz do Dia;;;Meio de Quadra;;;0;0;2;1;0;0;0;0;0;0;0;0;-3,696055635000000;-38,586429028000000
333550;9;10;2018;19:30;0;AV JOR THOMAZ COELHO;;;0;;Colis?â?úo;;;;Meio de Quadra;;;0;0;1;0;0;0;0;0;0;0;0;0;;
337538;9;10;2018;21:09;0;RUA EMILIA GONCALVES;;;1240;;Colis?â?úo;;;;Meio de Quadra;;;0;1;1;1;0;0;0;0;0;1;0;0;-3,733308471000000;-38,592615824000000
331859;9;10;2018;20:40;3059;RUA JULIO BRAGA;RUA CACILDA BECKER;;0;;Atropelamento;;;;Cruz;Sem?â?íforo;Comercial;1;1;0;0;0;0;0;0;0;1;0;0;-3,773990000000000;-38,587823000000000
331845;9;10;2018;14:00;19353;RUA CAIO PRADO;RUA GERMANO FRANCK;;0;;Colis?â?úo Transversal;Luz do Dia;Bom;Seca;Cruz;N?â?úo H?â?í Controle;Residencial;0;1;1;1;0;0;0;0;0;1;0;0;-3,776373000000000;-38,560982000000000
331846;9;10;2018;06:40;18407;AV SGT HERMINIO SAMPAIO;RUA VIRGILIO BRIGIDO;;0;;Colis?â?úo Lateral Sentido Oposto;Luz do Dia;Bom;Seca;Duplo T;N?â?úo H?â?í Controle;Comercial;0;2;1;1;0;0;0;0;0;1;0;0;-3,728096000000000;-38,570340000000000
331847;9;10;2018;17:15;0;AV BEZERRA DE MENEZES;;;2450;;Atropelamento;Anoitecer;;;Meio de Quadra;;;1;0;1;0;1;0;0;0;0;0;0;0;-3,736046000000000;-38,566246000000000
331843;9;10;2018;14:30;15778;RUA TAQUATIARA;RUA STA CLARA DE ASSIS;;0;;Colis?â?úo Lateral;Luz do Dia;Bom;Seca;Cruz;Pare;Comercial;0;1;1;1;0;0;0;0;0;1;0;0;-3,830267000000000;-38,502459000000000
331937;9;10;2018;18:00;0;RD CE-025;;;3000;KM-03;Colis?â?úo;Via Iluminada;Bom;Seca;Meio de Quadra;;;0;1;1;1;0;0;0;0;0;1;0;0;-3,805889179000000;-38,452246560000000
331938;9;10;2018;18:30;0;RD CE-040;;;7000;KM-07;Colis?â?úo;Via Iluminada;Bom;Seca;Meio de Quadra;;;0;1;1;0;0;0;0;0;0;1;0;0;-3,817159445000000;-38,483032860000000
331931;9;10;2018;11:35;0;RD CE-040;;;4000;KM-04;Engavetamento;Luz do Dia;Bom;Seca;Meio de Quadra;;;0;0;4;1;0;0;0;0;0;0;0;0;-3,791613156000000;-38,480330840000000
331932;9;10;2018;16:42;0;AV SEN CARLOS JEREISSATI (AEROPORTO);;;2000;KM 02;Colis?â?úo;Luz do Dia;Bom;Seca;Meio de Quadra;;;0;0;2;1;0;0;0;0;0;0;0;0;-3,782194000000000;-38,535424000000000
335773;9;10;2018;22:01;0;AV GODOFREDO MACIEL;;;4724;;Queda;;;;Meio de Quadra;;;0;1;0;0;0;0;0;0;0;1;0;0;-3,811120800000000;-38,574746000000000
335774;9;10;2018;20:50;0;AV PERIMETRAL;;;217;;Queda;;;;Meio de Quadra;;;0;1;0;0;0;0;0;0;0;1;0;0;;
335708;9;10;2018;05:44;0;AV OLIVEIRA PAIVA;;;1130;;Colis?â?úo;Amanhecer;;;Meio de Quadra;;;0;1;0;1;0;0;0;0;0;1;0;0;-3,795663830000000;-38,496541732000000
335725;9;10;2018;07:51;0;AV ALBERTO CRAVEIRO;;;0;;Queda;Luz do Dia;;;Meio de Quadra;;;0;1;0;0;0;0;0;0;0;1;0;0;;
335730;9;10;2018;11:40;0;RUA ALFREDO MAMEDE;;;540;;Colis?â?úo;Luz do Dia;;;Meio de Quadra;;;0;1;0;1;0;0;0;0;0;1;0;0;-3,810050000000000;-38,581950000000000
335731;9;10;2018;13:02;0;RUA CARLOS GONDIM;;;198;;Colis?â?úo;Luz do Dia;;;Meio de Quadra;;;0;1;0;1;0;0;0;0;0;1;0;0;-3,720890000000000;-38,590600000000000
335737;9;10;2018;16:22;0;RUA MACAU;;;106;;Colis?â?úo;Luz do Dia;;;Meio de Quadra;;;0;1;0;0;0;0;0;0;0;0;0;0;-3,773704000000000;-38,595386000000000
335738;9;10;2018;16:40;0;RUA DUTRA;;;106;;Colis?â?úo;Luz do Dia;;;Meio de Quadra;;;0;1;0;1;0;0;0;0;0;1;0;0;-3,732438400000000;-38,486629733000000
335734;9;10;2018;15:15;0;AV GAL OSORIO DE PAIVA;;;600;;Colis?â?úo;Luz do Dia;;;Meio de Quadra;;;0;1;0;1;0;0;0;0;0;1;0;0;-3,776497727000000;-38,567875182000000
335735;9;10;2018;15:59;0;AV DEP PAULINO ROCHA;;;777;;Colis?â?úo;Luz do Dia;;;Meio de Quadra;;;0;1;0;1;0;0;0;0;0;1;0;0;;
335713;9;10;2018;07:07;0;AV CARNEIRO DE MENDONCA;;;895;;Colis?â?úo;Luz do Dia;;;Meio de Quadra;;;0;1;0;1;0;0;0;0;0;1;0;0;-3,763992421000000;-38,566971632000000
335710;9;10;2018;06:26;0;AV MON TABOSA;;;157;;Colis?â?úo;Luz do Dia;;;Meio de Quadra;;;0;1;0;1;0;0;0;0;0;1;0;0;-3,723661000000000;-38,518035000000000
335727;9;10;2018;08:12;0;RUA BAR CRATO;;;1435;;Colis?â?úo;Luz do Dia;;;Meio de Quadra;;;0;1;0;0;0;0;0;0;0;0;0;0;-3,721913029000000;-38,562075171000000
335728;9;10;2018;08:36;0;AV 13 DE MAIO;;;166;;Colis?â?úo;Luz do Dia;;;Meio de Quadra;;;0;1;0;0;0;0;0;0;0;1;0;0;-3,753709667000000;-38,522012667000000
335760;9;10;2018;20:03;13602;AV ROGACIANO LEITE;RUA DR THOMPSON BULCAO;;0;;Colis?â?úo;;;;;;;0;1;0;1;0;0;0;0;0;1;0;0;-3,767788000000000;-38,496968000000000
335758;9;10;2018;19:35;0;AV JOR THOMAZ COELHO;;;0;;Atropelamento;;;;Meio de Quadra;;;0;1;0;0;1;0;0;0;0;0;0;0;;
335763;9;10;2018;21:02;0;RUA POMPILIO GOMES;;;1602;;Queda;;;;Meio de Quadra;;;0;1;0;0;0;0;0;0;0;1;0;0;-3,825808576000000;-38,521158273000000
335765;9;10;2018;21:28;0;RUA SABARA;;;1158;;Atropelamento;;;;Meio de Quadra;;;0;1;0;0;0;0;0;0;0;0;0;0;-3,781565800000000;-38,506720100000000
335746;9;10;2018;18:04;0;AV WASHINGTON SOARES;;;85;;Queda;Anoitecer;;;Meio de Quadra;;;0;1;0;0;0;0;0;0;0;1;0;0;-3,757674000000000;-38,488585000000000
335744;9;10;2018;17:55;0;RUA BOM JESUS (BARRA DO CEARA);;;553;;Colis?â?úo;Anoitecer;;;Meio de Quadra;;;0;1;0;0;0;0;0;0;0;0;0;0;-3,696052500000000;-38,580301700000000
335741;9;10;2018;17:32;0;AV ABOLICAO;;;3201;;Colis?â?úo;Anoitecer;;;Meio de Quadra;;;0;1;0;1;0;0;0;0;0;1;0;0;-3,726679000000000;-38,491290000000000
335742;9;10;2018;14:33;0;RUA DEMETRIO MENEZES;;;3750;;Colis?â?úo;Luz do Dia;;;Meio de Quadra;;;0;1;0;1;0;0;0;0;0;1;0;0;-3,736494000000000;-38,584038500000000
335748;9;10;2018;10:05;0;AV CASTELO DE CASTRO;;;0;;Queda;Luz do Dia;;;Meio de Quadra;;;0;1;0;0;0;0;0;0;0;1;0;0;;
335751;9;10;2018;18:10;0;AV WASHINGTON LUIS;;;0;;Colis?â?úo;Anoitecer;;;Meio de Quadra;;;0;1;0;0;0;1;0;0;1;0;0;0;;
335753;9;10;2018;18:45;0;RUA PRO HERIBALDO COSTA;;;1125;;Queda;;;;Meio de Quadra;;;0;1;0;0;0;0;0;0;0;1;0;0;-3,762500000000000;-38,585080000000000
335756;9;10;2018;18:52;0;AV WASHINGTON SOARES;;;5170;;Colis?â?úo;;;;Meio de Quadra;;;0;1;0;0;0;0;0;0;0;0;0;0;-3,804279300000000;-38,479242100000000
338623;9;10;2018;09:30;0;RD BR 222;;;2200;KM-02;Colis?â?úo Traseira;Luz do Dia;;;Meio de Quadra;;;0;0;2;1;0;0;0;0;0;0;0;0;-3,740362400000000;-38,596996100000000
335775;10;10;2018;05:40;0;AV MR HULL;;;3100;;Atropelamento;Amanhecer;;;Meio de Quadra;;;0;2;0;0;0;0;0;0;0;1;0;0;-3,736555100000000;-38,571285300000000
335776;10;10;2018;06:30;0;TR CAP VASCONCELOS D46;;;475;;Colis?â?úo;Luz do Dia;;;Meio de Quadra;;;0;1;0;0;0;0;0;0;0;1;0;0;-3,766270000000000;-38,516860000000000
335777;10;10;2018;07:08;0;AV SGT HERMINIO SAMPAIO;;;1600;;Atropelamento;Luz do Dia;;;Meio de Quadra;;;0;1;0;0;0;0;0;0;0;1;0;0;-3,725364824000000;-38,555041941000000
335778;10;10;2018;07:13;10686;RUA FRANCO ROCHA;RUA NOEL ROSA;;0;;Colis?â?úo;Luz do Dia;;;;;;0;1;0;1;0;0;0;0;0;1;0;0;-3,755431000000000;-38,579551000000000
335779;10;10;2018;07:58;0;RD BR 116;;;0;;Colis?â?úo;Luz do Dia;;;Meio de Quadra;;;0;1;0;1;0;0;0;0;0;1;0;0;;
335780;10;10;2018;08:00;0;RUA MANUEL TEOFILO;;;995;;Colis?â?úo;Luz do Dia;;;Meio de Quadra;;;0;1;0;0;0;0;0;0;0;0;0;0;;
335782;10;10;2018;08:20;0;RUA PRO CARVALHO;;;2980;;Colis?â?úo;Luz do Dia;;;Meio de Quadra;;;0;1;0;0;0;0;0;0;0;0;0;0;-3,750398667000000;-38,515400333000000
335783;10;10;2018;11:05;0;AV HERACLITO GRACA;;;0;;Atropelamento;Luz do Dia;;;Meio de Quadra;;;0;1;0;0;0;0;0;0;0;1;0;0;;
335784;10;10;2018;11:43;5200;RUA TEN BENEVOLO;RUA GONCALVES LEDO;;0;;Colis?â?úo;Luz do Dia;;;Cruz;Pare;Residencial;0;1;0;0;0;0;0;0;0;1;0;0;-3,726183000000000;-38,514537000000000
335785;10;10;2018;12:38;17306;AV JOSE DO PATROCINIO;RUA SATIRO DIAS;;0;;Colis?â?úo;Luz do Dia;;;;;;0;1;0;1;0;0;0;0;0;1;0;0;-3,764152000000000;-38,545044000000000
335786;10;10;2018;13:18;13635;RUA JOSE ALVES DE MORAES;RUA ALBERTO FEITOSA LIMA;;0;;Colis?â?úo;Luz do Dia;;;Cruz;Pare;Comercial;0;1;0;1;0;0;0;0;0;1;0;0;-3,769500000000000;-38,484227000000000
335787;10;10;2018;13:29;0;RUA TAQUARI;;;1880;;Colis?â?úo;Luz do Dia;;;Meio de Quadra;;;0;1;0;0;0;0;0;0;0;1;0;0;-3,777270000000000;-38,597790000000000
335788;10;10;2018;15:45;0;RUA MARIA PINHEIRO;;;3515;;Queda;Luz do Dia;;;Meio de Quadra;;;0;1;0;0;0;1;0;0;0;0;0;0;;
335789;10;10;2018;17:08;0;AV BEIRA MAR;;;4040;;Colis?â?úo;Anoitecer;;;Meio de Quadra;;;0;2;0;0;0;0;0;0;0;0;0;0;-3,723281501000000;-38,485761000000000
335790;10;10;2018;20:46;0;RUA CESAR FONTENELE;;;18;;Colis?â?úo;;;;Meio de Quadra;;;0;1;0;0;0;0;0;0;0;0;0;0;-3,745914680000000;-38,556730960000000
335791;10;10;2018;22:46;0;AV LINEU MACHADO;;;246;;Colis?â?úo;;;;Meio de Quadra;;;0;1;0;1;0;0;0;0;0;1;0;0;-3,762706500000000;-38,575218500000000
335792;10;10;2018;03:55;0;AV JOAO DE ARAUJO LIMA;;;0;;Colis?â?úo;;;;Meio de Quadra;;;0;1;0;0;0;0;0;0;0;0;0;0;;
335793;10;10;2018;05:55;0;AV AMERICO BARREIRA;;;5647;;Colis?â?úo;Amanhecer;;;Meio de Quadra;;;0;1;0;0;0;0;0;0;0;0;0;0;-3,761302500000000;-38,564725900000000
335794;10;10;2018;06:21;0;AV PERIMETRAL;;;176;;Colis?â?úo;Luz do Dia;;;Meio de Quadra;;;0;1;0;0;0;0;0;0;0;1;0;0;;
335795;10;10;2018;07:21;8025;AV JOAO PESSOA;RUA PRO COSTA MENDES;;0;;Colis?â?úo;Luz do Dia;;;Cruz;Sem?â?íforo;Comercial;0;1;0;0;0;0;0;0;0;0;0;0;-3,752393000000000;-38,549441000000000
335796;10;10;2018;07:44;0;AV PERIMETRAL;;;591;;Queda;Luz do Dia;;;Meio de Quadra;;;0;1;0;0;0;0;0;0;0;1;0;0;;
331941;10;10;2018;08:55;0;RD CE-040;;;4000;KM-04;Colis?â?úo;Luz do Dia;Bom;Seca;Meio de Quadra;;;0;0;2;1;0;0;0;0;0;1;0;0;-3,791613156000000;-38,480330840000000
331942;10;10;2018;17:10;0;AV SEN CARLOS JEREISSATI (AEROPORTO);;;2000;KM 02;Colis?â?úo;Via Iluminada;Bom;Seca;Meio de Quadra;;;0;0;2;1;0;0;0;0;0;0;0;0;-3,782194000000000;-38,535424000000000
331943;10;10;2018;22:40;0;RD CE-040;;;5000;KM-05;Colis?â?úo;Via Iluminada;Bom;Seca;Meio de Quadra;;;0;0;2;1;0;0;0;0;0;0;0;0;-3,800595823000000;-38,479534630000000
331848;10;10;2018;16:00;24424;RUA RAUL CABRAL;RUA TIANGUA;;0;;Colis?â?úo Lateral;Luz do Dia;Bom;Seca;Cruz;N?â?úo H?â?í Controle;Residencial;0;1;1;1;0;0;0;0;0;1;0;0;-3,769821000000000;-38,541894000000000
331849;10;10;2018;07:20;0;RUA CEL MATOS DOURADO;;;0;;Colis?â?úo Transversal;Luz do Dia;Bom;Seca;Meio de Quadra;Pare;Comercial;0;1;1;1;0;0;0;0;0;1;0;0;;
331852;10;10;2018;10:30;11168;RUA SUECIA;RUA FAGUNDES VARELA;;0;;Colis?â?úo Lateral;Luz do Dia;Bom;Seca;Cruz;Pare;Residencial;0;1;1;1;0;0;0;0;0;1;0;0;-3,781294000000000;-38,560893000000000
331864;10;10;2018;19:25;0;AV MR HULL;;;5768;RODOVIARIA DOS POBRES;Atropelamento;;;;Meio de Quadra;;;1;1;1;1;0;0;0;0;0;1;0;0;-3,740228572000000;-38,595446071000000
333551;10;10;2018;17:35;0;RUA JUVENAL DE CARVALHO;;;999;;Colis?â?úo;Anoitecer;;;Meio de Quadra;;;0;0;1;0;0;0;0;0;0;0;0;0;-3,750454091000000;-38,524627046000000
333196;10;10;2018;08:23;1755;RUA CAP VASCONCELOS D46;RUA DJALMA PETIT;;0;;Colis?â?úo Transversal;Luz do Dia;Nublado;Seca;Cruz;Pare;Residencial;0;2;0;1;0;1;0;0;0;1;0;0;-3,766452000000000;-38,516886000000000
333197;10;10;2018;09:13;0;RUA PRO CARVALHO;;;2975;;Queda;Luz do Dia;Bom;Seca;Meio de Quadra;N?â?úo H?â?í Controle;Residencial;0;1;0;0;0;1;0;0;0;0;0;0;-3,750442000000000;-38,515373000000000
333199;10;10;2018;06:52;0;AV SGT HERMINIO SAMPAIO;;;1600;;Atropelamento;Luz do Dia;Bom;Seca;Meio de Quadra;N?â?úo H?â?í Controle;Comercial;0;1;1;0;0;0;0;0;0;1;0;0;-3,725393800000000;-38,554855000000000
333200;10;10;2018;07:45;0;RUA ALM RUBIM;;;1503;;Queda;Luz do Dia;Bom;Seca;Meio de Quadra;Sem?â?íforo;Escola;0;1;0;0;0;0;0;0;0;0;0;0;-3,770485000000000;-38,556454000000000
333201;10;10;2018;05:20;22709;RUA EUCLIDES O DE SOUSA;RUA EVILASIO A MIRANDA;;0;;Choque c/ Obst?â?ículo Fixo;Amanhecer;Bom;Seca;Cruz;Pare;Residencial;0;0;1;1;0;0;0;0;0;0;0;0;-3,797165000000000;-38,467055000000000
333202;10;10;2018;15:35;0;RUA BETEL;;;2211;;Colis?â?úo Frontal;Luz do Dia;Bom;Seca;Meio de Quadra;N?â?úo H?â?í Controle;Comercial;0;1;1;1;0;0;0;0;0;1;0;0;-3,797396700000000;-38,555412000000000
333203;10;10;2018;19:32;0;AV JOSE BASTOS;;;3506;;Colis?â?úo Lateral;Via Iluminada;Bom;Seca;Meio de Quadra;N?â?úo H?â?í Controle;Residencial;0;0;2;1;0;0;0;0;0;0;0;0;-3,750402500000000;-38,551014000000000
333204;10;10;2018;19:26;0;RUA BENTO ALBUQUERQUE;;;333;;Colis?â?úo Lateral;Via Iluminada;Bom;Seca;Meio de Quadra;N?â?úo H?â?í Controle;Comercial;0;0;2;0;1;0;0;0;0;1;0;0;-3,742872700000000;-38,486153000000000
333205;10;10;2018;19:58;0;AV JOSE BASTOS;;;2640;;Colis?â?úo Traseira;Via Iluminada;Bom;Seca;Meio de Quadra;N?â?úo H?â?í Controle;Comercial;0;0;2;1;0;0;0;0;0;0;0;0;-3,743811000000000;-38,544323000000000
333206;10;10;2018;20:30;13387;AV ANTONIO SALES;RUA PEDRA BRANCA;;0;;Colis?â?úo Lateral;Via Iluminada;Bom;Seca;Cruz;Pare;Comercial;0;0;2;1;0;0;0;0;0;0;0;0;-3,740416000000000;-38,518593000000000
333207;10;10;2018;20:12;8636;AV EDILSON B SOARES;RUA 30 DE JUNHO UI 301;;0;;Colis?â?úo Transversal;Mal Iluminada;Bom;Seca;Duplo T;N?â?úo H?â?í Controle;Residencial;0;2;1;1;0;0;0;0;1;1;0;0;-3,788835000000000;-38,473435000000000
333208;10;10;2018;21:40;15743;RUA MANUEL ARRUDA;RUA HERBENE;;0;;Colis?â?úo Transversal;Luz do Dia;Bom;Seca;Cruz;N?â?úo H?â?í Controle;Residencial;0;0;2;1;0;0;0;0;0;0;0;0;-3,828948000000000;-38,504019000000000
333209;10;10;2018;23:27;24969;AV ALM HENRIQUE SABOIA;AV PDE ANTONIO TOMAS;;0;;Colis?â?úo Lateral;Via Iluminada;Bom;Seca;T;Pare;Residencial;0;0;1;1;1;0;0;0;0;0;0;0;-3,743493000000000;-38,489455000000000
333210;11;10;2018;08:25;0;AV BEZERRA DE MENEZES;;;170;;Colis?â?úo Lateral;Luz do Dia;Bom;Seca;Meio de Quadra;Pare;Comercial;0;0;2;1;0;0;0;0;0;0;0;0;-3,731724700000000;-38,546260000000000
333211;11;10;2018;10:02;1243;RUA DR JOSE LOURENCO;RUA PEREIRA FILGUEIRAS;;0;;Colis?â?úo Transversal;Luz do Dia;Bom;Seca;Cruz;Pare;Comercial;0;0;2;1;0;0;0;0;0;0;0;0;-3,730449000000000;-38,506470000000000
333212;11;10;2018;13:19;1656;RUA PRO DIAS DA ROCHA;RUA BENI DE CARVALHO;;0;;Colis?â?úo Lateral;Luz do Dia;Bom;Seca;Cruz;Pare;Comercial;0;1;1;1;0;0;0;0;0;1;0;0;-3,745994000000000;-38,495024000000000
333213;11;10;2018;13:43;0;RUA SOLON PINHEIRO;;;136;;Atropelamento;Luz do Dia;Bom;Seca;Meio de Quadra;N?â?úo H?â?í Controle;Comercial;0;1;1;1;0;0;0;0;0;0;0;0;-3,731632700000000;-38,526720000000000
333214;11;10;2018;11:17;11035;RUA GERMANO FRANCK;RUA JULIO VERNE;;0;;Colis?â?úo Transversal;Luz do Dia;Bom;Seca;Cruz;Pare;Comercial;0;1;1;1;0;0;0;0;0;1;0;0;-3,774382000000000;-38,558900000000000
333215;11;10;2018;11:10;6433;AV A CJ CEARA;RUA 107 CJ CEARA;;0;;Colis?â?úo Transversal;Luz do Dia;Bom;Seca;Cruz;Pare;Residencial;0;0;3;1;0;0;0;0;0;1;0;0;-3,772659000000000;-38,605241000000000
333216;11;10;2018;14:10;0;AV DEP PAULINO ROCHA;;;2279;;Choque c/ Obst?â?ículo Fixo;Luz do Dia;Bom;Seca;Meio de Quadra;N?â?úo H?â?í Controle;Residencial;0;0;1;1;0;0;0;0;0;0;0;0;-3,809303800000000;-38,522620000000000