COD_ACIDENTE;DIA;MES;ANO;HORA;INTERSECAO;LOG1;LOG2;LOG3;NUMERO;REFERENCIA;NATUREZA;ILUMINACAO;TEMPO;SUPERFICIEPISTA;TIPOCRUZAMENTO;CONTROLETRAFEGO;USOSOLO;MORTOS;FERIDOS;ILESOS;AUTOMOVEL;ONIBUS;BICICLETA;CAMINHAO;MICROONIBUS;CICLOMOTOR;MOTOCICLETA;TRACAOANIMAL;TREM;LATITUDE;LONGITUDE
333217;11;10;2018;15:30;0;AV ENG ALBERTO SA;RUA SOLON ONOFRE;;0;;Colis?â?úo Transversal;Luz do Dia;Bom;Seca;;;;0;1;1;1;0;0;0;0;0;1;0;0;-3,735310000000000;-38,473316000000000
333218;11;10;2018;19:14;0;AV DOM LUIS;;;1139;;N?â?úo Informado;Via Iluminada;Bom;Seca;Meio de Quadra;Gesto;Comercial;0;0;2;1;0;0;0;0;0;0;0;0;-3,735578300000000;-38,490334000000000
333219;11;10;2018;19:37;0;AV BERNARDO MANUEL;;;9415;;Colis?â?úo Traseira;Via Iluminada;Bom;Seca;Meio de Quadra;N?â?úo H?â?í Controle;Comercial;0;3;0;1;0;0;0;0;0;1;0;0;-3,802443700000000;-38,552647000000000
333220;11;10;2018;14:00;0;AV JOVITA FEITOSA;;;181;;Colis?â?úo Traseira;Luz do Dia;Bom;Seca;Meio de Quadra;N?â?úo H?â?í Controle;Comercial;0;0;1;0;0;0;0;0;0;0;0;0;-3,737687300000000;-38,545506000000000
333221;11;10;2018;19:32;0;AV ALBERTO CRAVEIRO;;;1145;;Colis?â?úo Lateral;Via Iluminada;Bom;Seca;Meio de Quadra;N?â?úo H?â?í Controle;Residencial;0;0;2;1;0;0;0;0;0;0;0;0;-3,789711000000000;-38,517310000000000
333222;11;10;2018;16:30;21541;RUA SAO FIDELIS D71;RUA TULIPA NEGRA;;0;;Colis?â?úo Lateral;Luz do Dia;Bom;Seca;Cruz;Pare;Residencial;0;0;2;0;1;0;0;0;0;0;0;0;-3,822364000000000;-38,593467000000000
333223;11;10;2018;21:23;12685;AV CEL CARVALHO;AV DA INDEPENDENCIA;;0;;Colis?â?úo Lateral;Via Iluminada;Bom;Seca;Cruz;Gesto;Comercial;0;0;2;0;1;1;0;0;0;0;0;0;-3,728711000000000;-38,584952000000000
333224;11;10;2018;21:18;0;RUA GUILHERME MOREIRA;;;370;;Colis?â?úo Lateral;Via Iluminada;Bom;Seca;Meio de Quadra;N?â?úo H?â?í Controle;Residencial;0;0;2;1;0;0;0;0;0;0;0;0;-3,750189000000000;-38,526726000000000
333225;11;10;2018;20:59;15743;RUA MANUEL ARRUDA;RUA HERBENE;;0;;Colis?â?úo Transversal;Mal Iluminada;Bom;Seca;Cruz;Pare;Comercial;0;0;1;0;0;0;0;0;0;1;0;0;-3,828948000000000;-38,504019000000000
333226;11;10;2018;18:00;25421;RUA CON DE CASTRO;RUA SETEMBRINA;;0;;Colis?â?úo Transversal;Via Iluminada;Bom;Seca;T;Pare;Residencial;0;1;1;1;0;0;0;0;0;1;0;0;-3,813941000000000;-38,598449000000000
333227;11;10;2018;19:15;0;RUA ELISEU ORIA;;;4208;;Choque c/ Obst?â?ículo Fixo;Mal Iluminada;Bom;Seca;Meio de Quadra;N?â?úo H?â?í Controle;Residencial;0;0;3;1;0;0;0;0;0;0;0;0;-3,792417800000000;-38,478110000000000
333553;11;10;2018;22:00;0;RUA ANARIO BRAGA;;;100;;Choque c/ Obst?â?ículo Fixo;;;;Meio de Quadra;;;0;0;1;0;0;0;0;0;0;0;0;0;-3,738454000000000;-38,587191000000000
331879;11;10;2018;11:00;0;RUA SOLON PINHEIRO;;;136;;Atropelamento;Luz do Dia;;;Meio de Quadra;;;1;0;1;1;0;0;0;0;0;0;0;0;-3,731124500000000;-38,526527500000000
331748;11;10;2018;01:00;12347;RUA RIO GRANDE DO SUL;RUA DIAMANTINA;;0;;Colis?â?úo Lateral;;;;Cruz;Sem?â?íforo;Residencial;0;1;1;1;0;0;0;0;0;1;0;0;-3,763342000000000;-38,570499000000000
331735;11;10;2018;19:25;0;RUA JOSE VILAR;;;316;;Colis?â?úo Lateral;;;;Meio de Quadra;;;0;0;2;1;0;0;0;0;0;0;0;0;-3,793965100000000;-38,473052400000000
331944;11;10;2018;07:20;0;RD CE-040;;;10000;KM-10;Engavetamento;Luz do Dia;Bom;Seca;Meio de Quadra;;;0;4;2;1;0;0;0;0;0;0;0;0;-3,842576660000000;-38,480882840000000
335797;11;10;2018;08:03;0;RUA PERDIGAO DE OLIVEIRA;;;0;;Colis?â?úo;Luz do Dia;;;Meio de Quadra;;;0;1;0;1;0;0;0;0;0;1;0;0;;
335798;11;10;2018;08:14;0;RUA VALPARAISO;;;830;;Atropelamento;Luz do Dia;;;Meio de Quadra;;;0;1;0;0;0;0;0;0;0;1;0;0;-3,842923400000000;-38,527115200000000
335799;11;10;2018;08:23;0;AV FRANCISCO SA;;;0;;Queda;Luz do Dia;;;Meio de Quadra;;;0;1;0;0;0;0;0;0;0;1;0;0;;
335800;11;10;2018;09:03;0;AV FRANCISCO SA;;;3437;;Queda;Luz do Dia;;;Meio de Quadra;;;0;1;0;0;0;0;0;0;0;1;0;0;-3,717919000000000;-38,555822000000000
335801;11;10;2018;11:02;0;AV CARAPINIMA;;;0;;Colis?â?úo;Luz do Dia;;;Meio de Quadra;;;0;1;0;0;0;0;0;0;0;1;0;0;;
335802;11;10;2018;11:07;0;RUA FRANCISCO TEIXEIRA DE ALCANTARA;;;0;;Colis?â?úo;Luz do Dia;;;Meio de Quadra;;;0;1;0;1;0;0;0;0;0;1;0;0;;
335803;11;10;2018;12:05;1656;RUA PRO DIAS DA ROCHA;RUA BENI DE CARVALHO;;0;;Colis?â?úo;Luz do Dia;;;Cruz;Pare;Comercial;0;1;0;1;0;0;0;0;0;1;0;0;-3,745994000000000;-38,495024000000000
335804;11;10;2018;12:19;22103;RUA MAJ WEYNE;AV JOSE BASTOS;;0;;Colis?â?úo;Luz do Dia;;;Cruz;Pare;Comercial;0;1;0;1;0;0;0;0;0;1;0;0;-3,746466000000000;-38,546895000000000
335805;11;10;2018;13:36;0;AV GODOFREDO MACIEL;;;0;;Colis?â?úo;Luz do Dia;;;Meio de Quadra;;;0;1;0;0;0;0;0;0;0;0;0;0;;
335806;11;10;2018;13:51;0;AV JOSE BASTOS;;;6262;;Colis?â?úo;Luz do Dia;;;Meio de Quadra;;;0;1;0;1;0;0;0;0;0;1;0;0;-3,766362500000000;-38,568502000000000
335807;11;10;2018;13:53;0;AV AUGUSTO DOS ANJOS;;;6262;;Colis?â?úo;Luz do Dia;;;Meio de Quadra;;;0;1;0;1;0;0;0;0;0;1;0;0;;
335808;11;10;2018;14:06;0;AV ALANIS MARIA LAURINDO DE OLIVEIRA;;;1147;;Colis?â?úo;Luz do Dia;;;Meio de Quadra;;;0;1;0;1;0;0;0;0;0;1;0;0;;
335809;11;10;2018;16:14;19029;AV ENG ALBERTO SA;RUA SOLON ONOFRE;;0;;Colis?â?úo;Luz do Dia;;;Cruz;Pare;Residencial;0;1;0;1;0;0;0;0;0;1;0;0;-3,735314000000000;-38,473145000000000
335810;11;10;2018;16:28;359;RUA AMADEU FURTADO;RUA XAVIER DE OLIVEIRA;;0;;Colis?â?úo;Luz do Dia;;;;;;0;1;0;1;0;0;0;0;0;1;0;0;-3,747514000000000;-38,561623000000000
335811;11;10;2018;17:11;0;AV GAL OSORIO DE PAIVA;;;7017;;Colis?â?úo;Anoitecer;;;Meio de Quadra;;;0;1;0;1;0;0;0;0;0;1;0;0;-3,814868000000000;-38,611913000000000
335812;11;10;2018;17:14;4167;AV FRANCISCO SA;RUA PLACIDO CARVALHO;;0;;Colis?â?úo;Anoitecer;;;T;N?â?úo H?â?í Controle;Industrial;0;1;0;1;0;0;0;0;0;1;0;0;-3,718081000000000;-38,555342000000000
335813;11;10;2018;19:02;0;AV CONTORNO OESTE D71;;;1168;;Colis?â?úo;;;;Meio de Quadra;;;0;1;0;0;0;0;0;0;0;0;0;0;-3,811380000000000;-38,594910000000000
335815;11;10;2018;19:45;0;AV CARNEIRO DE MENDONCA;;;649;;Queda;;;;Meio de Quadra;;;0;1;0;0;0;1;0;0;0;0;0;0;-3,764662715000000;-38,565694679000000
335816;11;10;2018;19:46;0;AV ALBERTO CRAVEIRO;;;0;;Colis?â?úo;;;;Meio de Quadra;;;0;1;0;0;0;0;0;0;0;1;0;0;;
335817;11;10;2018;20:44;0;RUA LICURGO MONTENEGRO;;;564;;Atropelamento;;;;Meio de Quadra;;;0;1;0;0;0;0;0;0;0;1;0;0;-3,735841600000000;-38,580290600000000
335818;11;10;2018;20:56;0;AV GODOFREDO MACIEL;;;2160;;;;;;Meio de Quadra;;;0;1;0;0;0;0;0;0;0;1;0;0;-3,794617174000000;-38,569330565000000
335819;11;10;2018;20:58;0;RUA MANUEL ARRUDA;;;471;;Colis?â?úo;;;;Meio de Quadra;;;0;1;0;0;0;0;1;0;0;1;0;0;-3,827754200000000;-38,508912533000000
335820;11;10;2018;21:35;0;RUA GUARACI;;;770;;Atropelamento;;;;Meio de Quadra;;;0;1;1;0;0;0;0;0;0;1;0;0;-3,711620000000000;-38,470800000000000
335821;11;10;2018;23:56;0;RUA PDE RODOLFO;;;529;;Colis?â?úo;;;;Meio de Quadra;;;0;1;0;1;0;0;0;0;0;1;0;0;-3,805730600000000;-38,584622379000000
338624;11;10;2018;06:45;0;RD BR 116;;;3000;KM-03;Colis?â?úo Traseira;Luz do Dia;;;Meio de Quadra;;;0;1;1;1;0;0;0;0;0;1;0;0;-3,779838000000000;-38,514372000000000
335822;12;10;2018;01:51;0;RUA GETULIO VARGAS;;;1618;;Queda;;;;Meio de Quadra;;;0;1;0;0;0;0;0;0;0;1;0;0;-3,815702000000000;-38,596117000000000
335823;12;10;2018;04:09;0;AV JOR THOMAZ COELHO;;;3237;;Colis?â?úo;;;;Meio de Quadra;;;0;1;0;1;0;0;0;0;0;1;0;0;-3,829206639000000;-38,524621273000000
335825;12;10;2018;08:10;1658;RUA BENI DE CARVALHO;RUA MON CATAO;;0;;Colis?â?úo;Luz do Dia;;;Cruz;Pare;Escola;0;1;0;1;0;0;0;0;0;1;0;0;-3,746618000000000;-38,493113000000000
335826;12;10;2018;09:02;0;AV DR SILAS MUNGUBA;;;4380;;Queda;Luz do Dia;;;Meio de Quadra;;;0;1;0;0;0;0;0;0;0;1;0;0;-3,792167000000000;-38,536166750000000
335827;12;10;2018;09:51;0;AV FRANCISCO SA;;;3945;;Queda;Luz do Dia;;;Meio de Quadra;;;0;1;0;0;0;0;0;0;0;1;0;0;-3,716496000000000;-38,560047000000000
335828;12;10;2018;09:55;0;AV SANTOS DUMONT;;;2828;;Queda;Luz do Dia;;;Meio de Quadra;;;0;1;0;0;0;0;0;0;0;1;0;0;-3,735909000000000;-38,499371000000000
335829;12;10;2018;09:57;0;AV SGT HERMINIO SAMPAIO;;;800;;Colis?â?úo;Luz do Dia;;;Meio de Quadra;;;0;1;0;1;0;0;0;0;0;1;0;0;-3,724405100000000;-38,547830400000000
335830;12;10;2018;10:22;1312;RUA LEONARDO MOTA;AV DOM LUIS;;0;;Colis?â?úo;Luz do Dia;;;Cruz;Sem?â?íforo;Comercial;0;1;0;1;0;0;0;0;0;1;0;0;-3,733872000000000;-38,495445000000000
335831;12;10;2018;12:43;0;RUA DR JOAO MOREIRA;;;445;;Colis?â?úo;Luz do Dia;;;Meio de Quadra;;;0;1;0;1;0;0;0;0;0;1;0;0;-3,722349546000000;-38,528423500000000
335832;12;10;2018;15:07;3949;RUA AFRODISIO GONDIM;RUA FRE ORLANDO;;0;;Colis?â?úo;Luz do Dia;;;Cruz;Pare;Residencial;0;1;0;1;0;0;0;0;0;1;0;0;-3,756092000000000;-38,546985000000000
335833;12;10;2018;15:19;0;RUA SAO LAZARO;;;0;;Colis?â?úo;Luz do Dia;;;Meio de Quadra;;;0;1;0;0;0;0;0;0;0;1;0;0;;
335834;12;10;2018;16:05;0;RUA JOR ANTONIO P TAVARES;;;1007;;Colis?â?úo;Luz do Dia;;;Meio de Quadra;;;0;1;0;0;0;0;0;0;0;0;0;0;-3,814791404000000;-38,507598524000000
335835;12;10;2018;16:08;0;RUA PRIMEIRO DE JANEIRO;;;1211;;Queda;Luz do Dia;;;Meio de Quadra;;;0;1;0;0;0;0;0;0;0;1;0;0;-3,783330000000000;-38,571360000000000
335836;12;10;2018;16:11;0;RUA DAS FLORES;;;1085;;Colis?â?úo;Luz do Dia;;;Meio de Quadra;;;0;1;0;0;0;0;0;0;0;1;0;0;;
335837;12;10;2018;16:33;0;RUA POMPEU CAVALCANTE;;;20;;Colis?â?úo;Luz do Dia;;;Meio de Quadra;;;0;1;0;0;0;0;0;0;0;0;0;0;-3,720539500000000;-38,564808700000000
335838;12;10;2018;17:27;0;RUA FRANCISCA CLOTILDE;;;1554;;Queda;Anoitecer;;;Meio de Quadra;;;0;1;0;0;0;1;0;0;0;0;0;0;-3,749707837000000;-38,559168545000000
335839;12;10;2018;17:38;0;RUA PORTO VELHO;;;1231;;Queda;Anoitecer;;;Meio de Quadra;;;0;1;0;0;0;1;0;0;0;0;0;0;-3,763851900000000;-38,591302000000000
335840;12;10;2018;18:42;0;AV CEL CARVALHO;;;1276;;Queda;;;;Meio de Quadra;;;0;1;0;0;0;1;0;0;0;0;0;0;-3,713658222000000;-38,588877704000000
335841;12;10;2018;19:13;0;RUA GERALDO BARBOSA;;;1540;;Queda;;;;Meio de Quadra;;;0;1;0;0;0;0;0;0;0;1;0;0;-3,790712803000000;-38,605584654000000
335842;12;10;2018;20:34;0;AV BENJAMIM BRASIL;;;1080;;Colis?â?úo;;;;Meio de Quadra;;;0;2;0;1;0;0;0;0;0;1;0;0;-3,805414400000000;-38,565583300000000
335843;12;10;2018;21:32;7623;RUA RIO GRANDE DO SUL;RUA PERNAMBUCO;;0;;Colis?â?úo;;;;Cruz;Pare;Residencial;0;2;0;1;0;0;0;0;0;1;0;0;-3,760011000000000;-38,568467000000000
335844;12;10;2018;22:12;0;AV DR SILAS MUNGUBA;;;6070;;Colis?â?úo;;;;Meio de Quadra;;;0;1;0;1;0;0;0;0;0;1;0;0;-3,804268001000000;-38,527493501000000
331946;12;10;2018;17:20;0;RD CE-040;;;5000;KM-05;Colis?â?úo;Anoitecer;Bom;Seca;Meio de Quadra;;;0;0;4;1;0;0;0;0;0;0;0;0;-3,800595823000000;-38,479534630000000
331949;12;10;2018;21:00;0;RD CE-060;;;2000;KM-02;Colis?â?úo;Via Iluminada;Bom;Seca;Meio de Quadra;;;0;0;2;1;0;0;0;0;0;0;0;0;-3,834064000000000;-38,582111000000000
333557;12;10;2018;00:30;0;RUA CAIO PRADO;;;115;;Colis?â?úo;;;;Meio de Quadra;;;0;0;2;1;0;0;0;0;0;0;0;0;-3,774065334000000;-38,562768000000000
333228;12;10;2018;03:30;0;AV CEL CARVALHO;;;1146;;Choque c/ Obst?â?ículo Fixo;Mal Iluminada;Bom;Seca;T;N?â?úo H?â?í Controle;Comercial;0;1;0;0;0;0;0;0;0;1;0;0;-3,712362300000000;-38,589210000000000
333229;12;10;2018;07:23;0;AV BERNARDO MANUEL;;;7211;;Colis?â?úo Traseira;Luz do Dia;Bom;Seca;Meio de Quadra;Sem?â?íforo;Residencial;0;1;2;1;0;0;0;0;0;0;0;0;-3,781789800000000;-38,546124000000000
333230;12;10;2018;13:18;12523;RUA PIERRE LUZ;RUA MARIA CLARA;;0;;Colis?â?úo Transversal;Luz do Dia;Bom;Seca;Cruz;Pare;Residencial;0;1;0;0;0;0;0;0;0;1;0;0;-3,725120000000000;-38,588502000000000
333234;12;10;2018;15:48;26083;AV BEZERRA DE MENEZES;AV JOSE JATAHY;;0;;N?â?úo Informado;Luz do Dia;Bom;Seca;Cruz;Sem?â?íforo;Comercial;0;0;1;1;0;0;0;0;0;0;0;0;-3,731639100000000;-38,544980000000000
333235;12;10;2018;18:54;0;ET DO FIO (MESSEJANA);;;0;;N?â?úo Informado;Anoitecer;Bom;Seca;Outros;N?â?úo H?â?í Controle;Residencial;0;0;1;0;0;0;0;0;0;1;0;0;-3,843998700000000;-38,470830000000000
333236;12;10;2018;21:09;16023;AV BENJAMIM BRASIL;RUA JOAQUIM JERONIMO;;0;;Colis?â?úo Transversal;Via Iluminada;Bom;Seca;T;Pare;Residencial;0;2;1;1;0;0;0;0;0;1;0;0;-3,805487000000000;-38,565006000000000
333237;12;10;2018;21:05;0;AV BENJAMIM BRASIL;;;1285;;Colis?â?úo Traseira;Mal Iluminada;Bom;Seca;Meio de Quadra;N?â?úo H?â?í Controle;Comercial;0;1;1;1;1;0;0;0;0;0;0;0;-3,805873000000000;-38,563606000000000
333232;12;10;2018;14:34;5965;AV C CJ CEARA;AV F CJ CEARA;;0;;Colis?â?úo Transversal;Luz do Dia;Bom;Seca;Cruz;Pare;Residencial;0;1;1;0;0;0;0;0;0;1;0;0;-3,762735400000000;-38,609676000000000
333238;13;10;2018;08:20;0;RUA NEREU RAMOS;;;60;;Colis?â?úo Lateral;Luz do Dia;Bom;Molhada;Meio de Quadra;N?â?úo H?â?í Controle;Comercial;0;0;3;1;0;0;0;0;0;0;0;0;-3,787088400000000;-38,567430000000000
333239;13;10;2018;08:38;0;RUA NEREU RAMOS;;;60;;Colis?â?úo Traseira;Luz do Dia;Bom;Molhada;Meio de Quadra;N?â?úo H?â?í Controle;Comercial;0;0;2;1;0;0;0;0;0;0;0;0;-3,787088400000000;-38,567430000000000
333240;13;10;2018;07:15;0;AV FRANCISCO SA;;;4575;;Colis?â?úo Transversal;Luz do Dia;Bom;Seca;Meio de Quadra;Sem?â?íforo;Comercial;0;1;0;0;0;0;0;0;0;1;0;0;-3,714681000000000;-38,565640000000000
333241;13;10;2018;12:01;0;RUA PDE PEDRO DE ALENCAR;RUA CHICO FRANCA;;0;;Colis?â?úo Transversal;Luz do Dia;Bom;Seca;Meio de Quadra;Sem?â?íforo;Comercial;0;2;1;1;0;0;0;0;0;1;0;0;-3,835014600000000;-38,494220000000000
333242;13;10;2018;14:25;0;AV DUQ CAXIAS;;;560;;Colis?â?úo Traseira;Luz do Dia;Bom;Seca;Meio de Quadra;;;0;1;1;1;0;0;0;0;0;1;0;0;-3,731730700000000;-38,529697000000000
333243;13;10;2018;19:00;0;RUA RUI MONTE;;;181;;Colis?â?úo;Via Iluminada;Bom;Seca;Meio de Quadra;N?â?úo H?â?í Controle;Residencial;0;1;1;1;0;0;0;0;0;0;0;0;-3,740656100000000;-38,587486000000000
333564;13;10;2018;01:30;25573;RUA NELSON COELHO;RUA MORONI B TORGAN;;0;;Colis?â?úo;;;;;;;0;0;1;0;0;0;0;0;0;0;0;0;;
333565;13;10;2018;15:38;0;AV SGT HERMINIO SAMPAIO;;;3769;;Colis?â?úo;Luz do Dia;;;Meio de Quadra;;;0;0;3;1;0;1;0;0;0;0;0;0;-3,729584700000000;-38,574308000000000
337578;13;10;2018;20:50;0;RUA VICOSA;;;87;;Colis?â?úo;;;;Meio de Quadra;;;0;0;1;1;0;0;0;0;0;0;0;0;-3,753747258000000;-38,539079323000000
331951;13;10;2018;07:15;0;RD CE-060;;;3000;KM-03;Colis?â?úo;Luz do Dia;Bom;Seca;Meio de Quadra;;;0;1;2;1;0;0;0;0;0;1;0;0;-3,843038000000000;-38,585133000000000
331961;13;10;2018;19:50;0;RD CE-040;;;9000;KM-09;Colis?â?úo;Via Iluminada;Bom;Seca;Meio de Quadra;;;0;0;2;1;0;0;0;0;0;0;0;0;-3,834450897000000;-38,482465820000000
331749;13;10;2018;02:25;0;AV DOS EXPEDICIONARIOS;;;5370;;Choque c/ Obst?â?ículo Fixo;;;;Meio de Quadra;;;1;0;0;0;0;0;0;0;1;0;0;0;-3,766754136000000;-38,541728881000000
331773;13;10;2018;20:15;0;AV PERIMETRAL;;;1144;;Colis?â?úo Traseira;;;;;;;0;1;1;1;0;0;0;0;0;1;0;0;-3,786142475000000;-38,590169937000000
331865;13;10;2018;21:05;0;RUA JULIO BRAGA;;;1060;;Colis?â?úo;;;;Meio de Quadra;;;1;0;1;1;0;0;0;0;0;1;0;0;-3,775533000000000;-38,580781000000000
331867;13;10;2018;18:10;0;AV SEN CARLOS JEREISSATI (AEROPORTO);;;3000;;Atropelamento;Via Iluminada;Bom;Seca;Meio de Quadra;;;1;1;1;1;0;0;0;0;0;1;0;0;-3,779641000000000;-38,544038000000000
331782;13;10;2018;18:50;0;AV DIOGUINHO;;;0;;Choque c/ Obst?â?ículo Fixo;;;;;;;0;0;2;1;0;0;0;0;0;0;0;0;;
331775;13;10;2018;13:40;0;RUA EDUARDO GARCIA;;;814;;Colis?â?úo Lateral;Luz do Dia;;;Meio de Quadra;;;0;0;2;0;1;0;0;0;0;0;0;0;-3,740455548000000;-38,492050524000000
331776;13;10;2018;14:30;0;AV DR SILAS MUNGUBA;;;1409;;Colis?â?úo Traseira;Luz do Dia;;;Meio de Quadra;;;0;1;1;1;0;0;0;0;0;1;0;0;-3,783950000000000;-38,553910000000000
335845;13;10;2018;00:18;0;RUA MORONI B TORGAN;;;104;;Colis?â?úo;;;;Meio de Quadra;;;0;1;0;1;0;0;0;0;0;1;0;0;-3,828027500000000;-38,464169800000000
335846;13;10;2018;01:00;15247;RUA NUNES VALENTE;RUA DEP MOREIRA DA ROCHA;;0;;Colis?â?úo;;;;Cruz;Pare;Comercial;0;1;1;1;0;1;0;0;0;0;0;0;-3,727994000000000;-38,501120000000000
335847;13;10;2018;05:18;0;AV GAL OSORIO DE PAIVA;;;0;;Colis?â?úo;Amanhecer;;;Meio de Quadra;;;0;1;0;1;0;0;0;0;0;1;0;0;;
335848;13;10;2018;05:30;0;AV MR HULL;;;1400;;Colis?â?úo;Amanhecer;;;Meio de Quadra;;;0;1;1;0;1;0;0;0;0;1;0;0;;
335849;13;10;2018;06:10;0;RUA HOLANDA;;;2021;;Queda;Luz do Dia;;;Meio de Quadra;;;0;1;0;0;0;0;0;0;0;1;0;0;-3,748101500000000;-38,506880300000000
335850;13;10;2018;06:52;0;AV PRS CASTELO BRANCO;;;0;;Colis?â?úo;Luz do Dia;;;Meio de Quadra;;;0;1;0;1;0;0;0;0;0;1;0;0;;
335851;13;10;2018;10:39;0;RUA ESPIRITO SANTO;;;130;;Colis?â?úo;Luz do Dia;;;Meio de Quadra;;;0;1;0;1;0;0;0;0;0;1;0;0;-3,749798100000000;-38,566158900000000
335878;13;10;2018;11:44;0;RUA SEN POMPEU;;;1157;;Atropelamento;Luz do Dia;;;Meio de Quadra;;;0;1;0;0;0;0;0;0;0;1;0;0;-3,728628524000000;-38,530144226000000
335879;13;10;2018;11:51;0;AV PERIMETRAL;;;181;;Colis?â?úo;Luz do Dia;;;Meio de Quadra;;;0;1;0;1;0;0;0;0;0;1;0;0;;
335885;13;10;2018;14:38;0;RUA BAR CRATO;;;1270;;Colis?â?úo;Luz do Dia;;;Meio de Quadra;;;0;1;0;1;0;0;0;0;0;1;0;0;-3,721591833000000;-38,560885833000000
335883;13;10;2018;14:33;0;AV DUQ CAXIAS;;;0;;Colis?â?úo;Luz do Dia;;;Meio de Quadra;;;0;1;0;0;0;0;0;0;0;1;0;0;;
335895;13;10;2018;22:23;0;TR SAO FRANCISCO D21;;;633;;Queda;;;;Meio de Quadra;;;0;1;0;0;0;0;0;0;0;1;0;0;-3,808290000000000;-38,595420000000000
335896;13;10;2018;23:41;0;RUA ERICO MOTA;;;724;;Colis?â?úo;;;;Meio de Quadra;;;0;1;0;1;0;0;0;0;0;1;0;0;-3,743082000000000;-38,561405000000000
335887;13;10;2018;14:48;8125;RUA MANUEL DE QUEIROZ;RUA BENTO ALBUQUERQUE;;0;;Colis?â?úo;Luz do Dia;;;Cruz;Pare;Comercial;0;1;0;1;0;0;0;0;0;1;0;0;-3,748837000000000;-38,467393000000000
335888;13;10;2018;15:34;0;RUA PLACIDO DE CASTRO;;;275;;Atropelamento;Luz do Dia;;;Meio de Quadra;;;0;1;0;0;0;0;0;0;0;0;0;0;-3,792262761000000;-38,583456413000000
335891;13;10;2018;16:33;0;AV JOR THOMAZ COELHO;;;0;;Colis?â?úo;Luz do Dia;;;Meio de Quadra;;;0;1;0;0;0;0;0;0;0;1;0;0;;
335892;13;10;2018;18:02;25419;AV ALM HENRIQUE SABOIA;RUA JULIO ABREU;;0;;Colis?â?úo;Anoitecer;;;Cruz;Sem?â?íforo;Comercial;0;1;0;1;0;0;0;0;0;1;0;0;-3,736144000000000;-38,485245000000000
335900;14;10;2018;04:21;0;RUA ALBERTO MAGNO;;;18;;Atropelamento;;;;Meio de Quadra;;;0;1;0;0;0;0;0;0;0;0;0;0;-3,754311231000000;-38,540712308000000
335901;14;10;2018;08:40;1287;RUA BAR ARACATI;RUA PINTO MADEIRA;;0;;Colis?â?úo;Luz do Dia;;;Cruz;Pare;Residencial;0;1;0;1;0;0;0;0;0;1;0;0;-3,733944000000000;-38,512278000000000
335897;14;10;2018;02:18;0;RUA ITATIAIA;;;1601;;Queda;;;;Meio de Quadra;;;0;1;0;0;0;0;0;0;0;1;0;0;-3,810237900000000;-38,603277900000000
335898;14;10;2018;03:54;0;AV PDE ANTONIO TOMAS;;;2305;;Queda;;;;Meio de Quadra;;;0;1;0;0;0;0;0;0;0;1;0;0;-3,742813667000000;-38,491519000000000
335928;14;10;2018;18:32;0;AV CEL CARVALHO;;;1261;;Colis?â?úo;;;;Meio de Quadra;;;0;1;1;1;0;1;0;0;0;0;0;0;-3,713319235000000;-38,588959882000000
335929;14;10;2018;18:54;0;RUA CON DE CASTRO;;;5742;;Atropelamento;;;;Meio de Quadra;;;0;1;0;0;0;0;0;0;0;0;0;0;-3,813718000000000;-38,598343000000000
335930;14;10;2018;21:31;0;RUA PINTO MARTINS;;;31;;Queda;;;;Meio de Quadra;;;0;1;0;0;0;0;0;0;0;1;0;0;;
335931;14;10;2018;22:40;0;AV MR HULL;;;0;;Colis?â?úo;;;;Meio de Quadra;;;0;1;0;0;0;0;0;0;0;1;0;0;;
335911;14;10;2018;08:40;1287;RUA BAR ARACATI;RUA PINTO MADEIRA;;0;;Colis?â?úo;Luz do Dia;;;Cruz;Pare;Residencial;0;1;0;1;0;0;0;0;0;1;0;0;-3,733944000000000;-38,512278000000000
335912;14;10;2018;09:41;0;AV GAL OSORIO DE PAIVA;;;2165;;;Luz do Dia;;;Meio de Quadra;;;0;1;0;0;0;0;0;0;0;1;0;0;-3,785294000000000;-38,581746000000000
335917;14;10;2018;12:08;0;AV DR SILAS MUNGUBA;;;0;;Colis?â?úo;Luz do Dia;;;Meio de Quadra;;;0;2;0;0;0;0;0;0;0;0;0;0;;
335915;14;10;2018;09:59;0;AV PONTES VIEIRA;;;0;;Colis?â?úo;Luz do Dia;;;Meio de Quadra;;;0;1;0;0;0;0;0;0;0;0;0;0;;
335925;14;10;2018;15:50;0;RUA ALAN KARDEC;;;1192;;Queda;Luz do Dia;;;Meio de Quadra;;;0;1;0;0;0;0;0;0;0;1;0;0;-3,766730000000000;-38,547720000000000