COD_ACIDENTE;DIA;MES;ANO;HORA;INTERSECAO;LOG1;LOG2;LOG3;NUMERO;REFERENCIA;NATUREZA;ILUMINACAO;TEMPO;SUPERFICIEPISTA;TIPOCRUZAMENTO;CONTROLETRAFEGO;USOSOLO;MORTOS;FERIDOS;ILESOS;AUTOMOVEL;ONIBUS;BICICLETA;CAMINHAO;MICROONIBUS;CICLOMOTOR;MOTOCICLETA;TRACAOANIMAL;TREM;LATITUDE;LONGITUDE
335921;14;10;2018;14:03;0;AV JOSE JATAHY;;;1330;;Colis?â?úo;Luz do Dia;;;Meio de Quadra;;;0;1;0;1;0;0;0;0;0;1;0;0;-3,733113857000000;-38,544602184000000
331786;14;10;2018;14:30;0;AV ALBERTO CRAVEIRO;;;2648;;Colis?â?úo Traseira;Luz do Dia;;;Meio de Quadra;;;0;0;2;1;0;0;0;0;0;1;0;0;-3,803130119000000;-38,521485881000000
331966;14;10;2018;21:40;0;RD CE-040;;;4000;KM-04;Colis?â?úo;Via Iluminada;Bom;Molhada;Meio de Quadra;;;0;0;2;1;0;0;0;0;0;0;0;0;-3,791613156000000;-38,480330840000000
331967;14;10;2018;02:40;0;RD CE-040;;;6000;KM-06;Colis?â?úo;Via Iluminada;Bom;Molhada;Meio de Quadra;;;0;0;2;1;0;0;0;0;0;0;0;0;-3,809596804000000;-38,478733480000000
331963;14;10;2018;17:40;0;RD CE-060;;;3000;KM-03;Colis?â?úo;Anoitecer;Bom;Seca;Meio de Quadra;;;0;2;1;0;0;1;0;0;0;1;0;0;-3,843038000000000;-38,585133000000000
333607;14;10;2018;10:20;6564;AV H CJ CEARA;AV G CJ CEARA;;0;;Colis?â?úo;Luz do Dia;;;T;Pare;Misto;0;0;2;0;0;0;0;0;0;1;0;0;-3,775739000000000;-38,610167000000000
333605;14;10;2018;12:40;0;RD BR 222;;;400;KM-03;Colis?â?úo Traseira;Luz do Dia;;;Meio de Quadra;;;0;0;2;1;1;0;0;0;0;0;0;0;-3,740300848000000;-38,595940970000000
333581;14;10;2018;02:35;25937;RUA CARNEIRO DA CUNHA (JACARECANGA);RUA ANTONIO BANDEIRA D04;;0;;Choque c/ Obst?â?ículo Fixo;;;;Outros;N?â?úo H?â?í Controle;Residencial;0;0;2;1;0;0;0;0;0;0;0;0;-3,724417000000000;-38,544207000000000
333244;14;10;2018;10:37;14714;RUA FRANCISCO GLICERIO;RUA FRANCFORT;;0;;Colis?â?úo Transversal;Luz do Dia;Bom;Seca;Cruz;Pare;Comercial;0;0;2;1;0;0;0;0;0;0;0;0;-3,794567000000000;-38,581599000000000
333245;14;10;2018;14:26;12440;AV AUGUSTO DOS ANJOS;ET PICI;;354;;Colis?â?úo Transversal;Luz do Dia;Bom;Seca;Cruz;N?â?úo H?â?í Controle;Comercial;0;0;2;1;0;0;0;0;0;1;0;0;-3,771936000000000;-38,571749000000000
333246;14;10;2018;18:41;19389;AV GAL OSORIO DE PAIVA;RUA PERDIGAO DE OLIVEIRA;;0;;Colis?â?úo Transversal;Via Iluminada;Bom;Seca;T;Sem?â?íforo;Residencial;0;1;1;1;0;0;0;0;0;1;0;0;-3,777906000000000;-38,570115000000000
333247;14;10;2018;20:43;14945;RUA ALFREDO MAMEDE;RUA STA MONICA;;0;;Colis?â?úo Traseira;Via Iluminada;Bom;Seca;Cruz;N?â?úo H?â?í Controle;Comercial;0;1;1;1;0;0;0;0;0;1;0;0;-3,813167000000000;-38,584194000000000
333254;14;10;2018;09:57;14357;RUA BAR CRATO;RUA HENRIQUE ELERY;;0;;Colis?â?úo Transversal;Luz do Dia;Chuva;Seca;Cruz;Pare;Residencial;0;0;2;1;0;0;0;0;0;1;0;0;-3,721622000000000;-38,561002000000000
333248;15;10;2018;07:13;0;RUA BAR RIO BRANCO;;;1911;;Choque c/ Obst?â?ículo Fixo;Luz do Dia;Bom;Seca;Meio de Quadra;N?â?úo H?â?í Controle;Comercial;0;0;1;1;0;0;0;0;0;1;0;0;-3,734954600000000;-38,531025000000000
333249;15;10;2018;15:00;0;RUA JOAQUIM NABUCO;;;2187;;Colis?â?úo Lateral;Luz do Dia;Bom;Seca;Meio de Quadra;N?â?úo H?â?í Controle;Residencial;0;1;1;1;0;0;0;0;0;1;0;0;-3,744433400000000;-38,504288000000000
333250;15;10;2018;16:49;15225;RUA TEN BENEVOLO;RUA ILDEFONSO ALBANO;;0;;Colis?â?úo Transversal;Luz do Dia;Bom;Seca;Cruz;Sem?â?íforo;Comercial;0;0;4;0;0;0;0;0;0;1;0;0;-3,727294000000000;-38,511332000000000
333251;15;10;2018;16:40;0;AV PRS CASTELO BRANCO;;;400;MARINA PARK;Atropelamento;Luz do Dia;Bom;Seca;Meio de Quadra;N?â?úo H?â?í Controle;Comercial;1;0;1;1;0;0;0;0;0;0;0;0;-3,721056000000000;-38,528034000000000
333252;15;10;2018;16:20;1242;RUA COSTA BARROS;RUA DR JOSE LOURENCO;;0;;Colis?â?úo Transversal;Via Iluminada;Bom;Seca;Cruz;Pare;Comercial;0;0;2;1;0;0;0;0;0;0;0;0;-3,731870000000000;-38,506927000000000
333253;15;10;2018;19:44;15227;AV ABOLICAO;AV DES MOREIRA;;0;;Colis?â?úo Lateral;Via Iluminada;Bom;Seca;Cruz;Gesto;Comercial;0;0;2;0;1;0;0;0;0;0;0;0;-3,727331000000000;-38,495474000000000
333267;15;10;2018;20:43;0;RUA ITAPOA;RUA TEBAS;;0;;Colis?â?úo Lateral;Luz do Dia;Bom;Seca;Meio de Quadra;N?â?úo H?â?í Controle;Residencial;0;1;1;0;1;0;0;0;0;1;0;0;-3,815001500000000;-38,621190000000000
337617;15;10;2018;21:30;0;RUA TEBAS;;;0;;Colis?â?úo;;;;Meio de Quadra;;;0;0;1;0;0;0;0;0;0;1;0;0;;
331973;15;10;2018;21:30;0;RD CE-040;;;5000;KM-05;Colis?â?úo;Via Iluminada;Bom;Seca;Meio de Quadra;;;0;0;3;1;0;0;0;0;0;0;0;0;-3,800595823000000;-38,479534630000000
331968;15;10;2018;07:10;0;RD CE-040;;;8000;KM-08;Colis?â?úo;Luz do Dia;Bom;Seca;Meio de Quadra;;;0;0;3;1;0;0;0;0;0;0;0;0;-3,825515822000000;-38,481538320000000
335932;15;10;2018;07:25;0;RUA BAR RIO BRANCO;;;1899;;Colis?â?úo;Luz do Dia;;;Meio de Quadra;;;0;1;0;0;0;0;0;0;0;1;0;0;-3,734743350000000;-38,530902709000000
335934;15;10;2018;09:17;0;AV AGUANAMBI;;;332;;Colis?â?úo;Luz do Dia;;;Meio de Quadra;;;0;1;0;1;0;0;0;0;0;1;0;0;-3,740026000000000;-38,524929500000000
335936;15;10;2018;10:00;0;RUA MAL BITENCOURT;;;901;;Queda;Luz do Dia;;;Meio de Quadra;;;0;1;0;0;0;0;0;0;0;1;0;0;-3,790884000000000;-38,529702000000000
335937;15;10;2018;12:58;0;RUA CON DE CASTRO;;;900;;Colis?â?úo;Luz do Dia;;;Meio de Quadra;;;0;1;0;0;0;0;0;0;0;1;0;0;-3,781153091000000;-38,569888908000000
336051;15;10;2018;07:30;0;RUA PRO VIRGILIO DE MORAIS;;;366;;Colis?â?úo;Luz do Dia;;;Meio de Quadra;;;0;1;0;1;0;0;0;0;0;1;0;0;-3,751786445000000;-38,596756852000000
335941;15;10;2018;15:33;0;RUA ALAGOAS;;;1428;;Colis?â?úo;Luz do Dia;;;Meio de Quadra;;;0;1;0;0;0;0;0;0;0;1;0;0;-3,759572421000000;-38,570712105000000
338625;15;10;2018;18:42;0;RD BR 222;;;3500;KM-03;Colis?â?úo Traseira;;;;Meio de Quadra;;;0;0;2;1;0;0;0;0;0;0;0;0;-3,740300848000000;-38,595940970000000
335995;16;10;2018;17:47;0;TR AZEVEDO BOLAO;;;2055;;Colis?â?úo;Anoitecer;;;Meio de Quadra;;;0;1;0;1;0;1;0;0;0;0;0;0;;
335996;16;10;2018;19:09;0;AV RAD JOSE LIMA VERDE;;;829;;Atropelamento;;;;Meio de Quadra;;;0;1;0;0;0;0;0;0;0;1;0;0;;
335997;16;10;2018;19:24;0;RUA PERILIO TEIXEIRA;;;1080;;Colis?â?úo;;;;Meio de Quadra;;;0;1;0;0;0;0;0;0;0;1;0;0;-3,754817231000000;-38,601013231000000
335958;16;10;2018;13:38;0;AV PERIMETRAL;;;859;;Colis?â?úo;Luz do Dia;;;Meio de Quadra;;;0;1;0;1;0;0;0;0;0;1;0;0;;
335959;16;10;2018;19:45;12869;RUA ASSUNCAO;RUA JOAQUIM MAGALHAES;;0;;Colis?â?úo;;;;Cruz;Pare;Residencial;0;1;0;1;0;0;0;0;0;0;0;0;-3,739201000000000;-38,530214000000000
335960;16;10;2018;14:15;17985;AV MR HULL;RUA COSTA RICA;;0;;Atropelamento;Luz do Dia;;;T;N?â?úo H?â?í Controle;Comercial;0;1;0;0;0;0;0;0;0;1;0;0;-3,737980000000000;-38,580061000000000
335961;16;10;2018;14:48;0;AV HEROIS DO ACRE;;;100;;Colis?â?úo;Luz do Dia;;;Meio de Quadra;;;0;1;0;1;0;0;0;0;0;1;0;0;-3,803000000000000;-38,529350000000000
335962;16;10;2018;16:53;0;AV PRS JUSCELINO KUBITSCHEK (PASSAR?âÔÇ?);;;3999;;Queda;Luz do Dia;;;Meio de Quadra;;;0;1;0;0;0;0;0;0;0;1;0;0;-3,817141806000000;-38,532237845000000
335953;16;10;2018;10:40;0;AV BORGES DE MELO;;;0;;Queda;Luz do Dia;;;Meio de Quadra;;;0;1;0;0;0;0;0;0;0;1;0;0;;
335954;16;10;2018;11:06;0;RUA JULIO BRAGA;;;67;;Colis?â?úo;Luz do Dia;;;Meio de Quadra;;;0;1;0;1;0;0;0;0;0;1;0;0;-3,778604300000000;-38,572044400000000
335955;16;10;2018;11:06;0;RUA ANDRADE FURTADO;;;2350;;Colis?â?úo;Luz do Dia;;;Meio de Quadra;;;0;1;0;0;0;0;0;0;0;1;0;0;-3,743325900000000;-38,487681400000000
335948;16;10;2018;07:42;0;AV CONTORNO SUL;;;0;;Colis?â?úo;Luz do Dia;;;;;;0;1;0;1;0;0;0;0;0;1;0;0;;
335949;16;10;2018;07:49;0;AV ROGACIANO LEITE;;;400;;Colis?â?úo;Luz do Dia;;;Meio de Quadra;;;0;1;0;1;0;0;0;0;0;1;0;0;-3,761649250000000;-38,493399875000000
335950;16;10;2018;08:30;0;AV PRS CASTELO BRANCO;;;0;;Queda;Luz do Dia;;;Meio de Quadra;;;0;1;0;0;0;0;0;0;0;1;0;0;;
335951;16;10;2018;09:03;0;RUA MONTE LIBANO;;;0;;Colis?â?úo;Luz do Dia;;;Meio de Quadra;;;0;1;0;1;0;0;0;0;0;1;0;0;;
335946;16;10;2018;;0;RUA EMILIO DE MENESES;;;2309;;Colis?â?úo;;;;Meio de Quadra;;;0;1;0;1;0;0;0;0;0;1;0;0;-3,777751955000000;-38,601626478000000
331801;16;10;2018;13:50;16474;AV PRS COSTA E SILVA;RUA GASTAO JUSTA;;0;;Colis?â?úo Lateral;Luz do Dia;;;Duplo T;Pare;Comercial;0;1;1;1;0;0;0;0;0;1;0;0;-3,812844000000000;-38,571591000000000
331806;16;10;2018;19:00;0;RUA VICENTE LINHARES;;;0;;Colis?â?úo Traseira;;;;Meio de Quadra;;;0;0;2;1;0;0;0;0;0;1;0;0;;
331810;16;10;2018;19:55;0;RUA FONSECA LOBO;;;1185;;Colis?â?úo Lateral;;;;Meio de Quadra;;;0;1;1;1;0;0;0;0;0;1;0;0;-3,742430000000000;-38,490620000000000
331811;16;10;2018;14:30;19707;AV BEZERRA DE MENEZES;RUA ARMANDO OLIVEIRA;;0;;Colis?â?úo Lateral;Luz do Dia;;;T;Pare;Comercial;0;0;2;1;0;0;1;0;0;0;0;0;-3,736264000000000;-38,567270000000000
331826;16;10;2018;05:25;10863;RUA PORTO VELHO;RUA PRO HERIBALDO COSTA;;0;;Colis?â?úo Transversal;Amanhecer;;;Cruz;Sem?â?íforo;Residencial;1;0;1;1;0;0;0;0;0;1;0;0;-3,765974000000000;-38,587014000000000
331824;16;10;2018;11:00;3030;RUA DIOGO CORREIA;RUA ANDRE REBOUCAS;;0;;Colis?â?úo Transversal;Luz do Dia;;;Cruz;Sem?â?íforo;Comercial;0;1;1;1;0;0;0;0;0;1;0;0;-3,774008000000000;-38,588606000000000
331821;16;10;2018;07:45;0;AV SGT HERMINIO SAMPAIO;;;3240;;Colis?â?úo Lateral;Luz do Dia;;;Meio de Quadra;;;0;0;2;1;0;0;1;0;0;0;0;0;-3,727988000000000;-38,569701600000000
331822;16;10;2018;08:30;0;AV ENG HUMBERTO MONTE;;;2440;;Colis?â?úo Lateral;Luz do Dia;;;Meio de Quadra;;;0;0;2;1;0;0;1;0;0;0;0;0;-3,741777500000000;-38,566743000000000
331874;16;10;2018;13:17;0;RUA CON DE CASTRO;;;4232;;Atropelamento;Luz do Dia;;;Meio de Quadra;;;1;1;0;0;0;0;0;0;0;1;0;0;-3,802868810000000;-38,590044951000000
333256;16;10;2018;08:00;25752;RUA FIRMINO ROCHA AGUIAR;RUA ALBERTO FEITOSA LIMA;;0;;Colis?â?úo Lateral;Luz do Dia;Bom;Seca;T;N?â?úo H?â?í Controle;Residencial;0;1;1;1;0;0;0;0;0;1;0;0;-3,763387000000000;-38,484730000000000
333257;16;10;2018;08:00;0;AV ROGACIANO LEITE;;;333;;Colis?â?úo Traseira;Luz do Dia;Bom;Seca;Meio de Quadra;N?â?úo H?â?í Controle;Comercial;0;0;3;1;0;0;0;0;0;1;0;0;-3,761709200000000;-38,493360000000000
333258;16;10;2018;11:31;0;AV BEZERRA DE MENEZES;;;831;;Colis?â?úo Traseira;Luz do Dia;Bom;Seca;Meio de Quadra;Sem?â?íforo;Comercial;0;0;2;0;0;0;0;0;0;1;0;0;-3,733324800000000;-38,552370000000000
333259;16;10;2018;22:45;9213;AV 13 DE MAIO;RUA JAIME CALADO;;0;;Colis?â?úo Traseira;Via Iluminada;Bom;Seca;T;N?â?úo H?â?í Controle;Comercial;0;0;1;1;0;0;0;0;0;0;0;0;-3,751268000000000;-38,527058000000000
333261;16;10;2018;08:42;7999;RUA ANA NERY;RUA CARLOS CAMARA;;0;;Colis?â?úo Transversal;Luz do Dia;Bom;Seca;Cruz;Pare;Residencial;0;1;2;1;0;0;0;0;0;0;0;0;-3,750211000000000;-38,545958000000000
333642;16;10;2018;21:25;1287;RUA PINTO MADEIRA;RUA BAR ARACATI;;0;;Colis?â?úo;;;;Cruz;Pare;Residencial;0;0;2;1;0;0;0;0;0;0;0;0;-3,733944000000000;-38,512278000000000
333639;16;10;2018;05:59;0;AV GAL OSORIO DE PAIVA;;;2831;;Colis?â?úo;Amanhecer;;;Meio de Quadra;;;0;0;2;0;0;0;0;1;0;0;0;0;-3,787168000000000;-38,584317800000000
333640;16;10;2018;19:40;0;AV PRS CASTELO BRANCO;;;0;;Atropelamento;;;;Meio de Quadra;;;0;1;1;1;0;0;0;0;0;0;0;0;;
333644;16;10;2018;06:20;13928;RUA IEDA PEREIRA;RUA KASEL;;0;;Colis?â?úo;Luz do Dia;;;Cruz;Pare;Residencial;0;0;2;1;0;0;0;0;0;0;0;0;-3,786056000000000;-38,488020000000000
333645;17;10;2018;09:50;13483;RUA CARLOS VASCONCELOS;RUA PINHO PESSOA;;0;;Colis?â?úo;Luz do Dia;;;Cruz;Pare;Comercial;0;0;2;1;0;0;0;0;0;0;0;0;-3,745054000000000;-38,514738000000000
333646;17;10;2018;18:40;0;RD BR 116;;;8000;KM-08;Outros;;;;Meio de Quadra;;;0;0;1;0;0;0;0;0;0;0;0;0;-3,822018000000000;-38,503269000000000
333647;17;10;2018;17:00;10830;RUA PORTO ALEGRE;RUA PDE SA LEITAO;;0;;Colis?â?úo;Anoitecer;;;;;;0;0;2;0;0;0;0;0;0;1;0;0;-3,764452000000000;-38,582727000000000
333648;17;10;2018;19:30;23607;RUA BAR CRATO;RUA CAP NESTOR GOIS;;0;;Colis?â?úo;;;;Cruz;N?â?úo H?â?í Controle;Residencial;0;0;2;1;0;0;0;0;0;0;0;0;-3,721812000000000;-38,561703000000000
333649;17;10;2018;12:40;748;AV FRANCISCO SA;RUA FRANCISCO CALACA;;0;;Colis?â?úo;Luz do Dia;;;Y;Pare;Comercial;0;0;2;1;0;0;0;0;0;0;0;0;-3,712310000000000;-38,572275000000000
333650;17;10;2018;17:20;0;RUA PDE GUERRA;;;669;;Colis?â?úo;Anoitecer;;;Meio de Quadra;;;0;0;2;1;0;0;0;0;0;0;0;0;-3,737520000000000;-38,550200000000000
333262;17;10;2018;06:20;0;AV DEP PAULINO ROCHA;;;3003;;Choque c/ Obst?â?ículo Fixo;Luz do Dia;Bom;Seca;Meio de Quadra;N?â?úo H?â?í Controle;Comercial;0;1;0;0;1;0;0;0;0;0;0;0;-3,808988000000000;-38,523260000000000
333263;17;10;2018;12:00;10999;RUA 15 DE NOVEMBRO;RUA ALBERTO MAGNO;;0;;Colis?â?úo Transversal;Luz do Dia;Bom;Seca;Cruz;Pare;Comercial;0;1;3;1;0;0;0;0;0;1;0;0;-3,769909000000000;-38,553169000000000
333264;17;10;2018;12:50;0;AV ENG SANTANA JUNIOR;RUA OLIVEIRA FILHO;;816;;Colis?â?úo Lateral;Luz do Dia;Bom;Seca;T;Pare;Residencial;0;0;2;1;0;0;0;1;0;0;0;0;-3,735478900000000;-38,482113000000000
333265;17;10;2018;12:40;12699;AV CEL CARVALHO;AV MAJ ASSIS;;0;;Colis?â?úo Traseira;Luz do Dia;Bom;Seca;Cruz;Sem?â?íforo;Comercial;0;1;2;1;1;0;0;0;0;1;0;0;-3,723796000000000;-38,586255000000000
333266;17;10;2018;16:02;15149;AV MON TABOSA;RUA ANTONIO LIMA;;0;;Colis?â?úo Transversal;Luz do Dia;Bom;Seca;Cruz;Pare;Comercial;0;0;2;1;1;0;0;0;0;0;0;0;-3,724573000000000;-38,504149000000000
333260;17;10;2018;05:00;5283;AV DOM MANUEL;AV SANTOS DUMONT;;0;;Colis?â?úo Transversal;Amanhecer;Bom;Seca;Cruz;Sem?â?íforo;Comercial;0;1;1;1;0;0;0;0;0;0;0;0;-3,728774000000000;-38,521250000000000
333268;17;10;2018;19:39;0;RUA CEL MATOS DOURADO;;;261;;Engavetamento;Via Iluminada;Bom;Seca;Meio de Quadra;N?â?úo H?â?í Controle;Comercial;0;1;3;0;1;0;0;0;0;0;0;0;-3,755019000000000;-38,583180000000000
333290;17;10;2018;20:38;0;RUA FRE ORLANDO;;;146;;Colis?â?úo Lateral;Via Iluminada;Bom;Seca;Meio de Quadra;N?â?úo H?â?í Controle;Comercial;0;0;1;1;0;0;0;0;0;1;0;0;-3,755597000000000;-38,546630000000000
337463;17;10;2018;08:00;0;AV BEZERRA DE MENEZES;;;0;;Queda;Luz do Dia;;;Meio de Quadra;;;1;0;0;0;0;1;0;0;0;0;0;0;-3,735846000000000;-38,565821000000000
331829;17;10;2018;19:00;0;RUA PDE PEDRO DE ALENCAR;;;0;;Queda;;;;Meio de Quadra;;;0;1;0;0;0;0;0;0;0;1;0;0;;
331833;17;10;2018;13:00;0;AV PRO JOSE ARTHUR CARVALHO;;;50;;Colis?â?úo Traseira;Luz do Dia;;;Meio de Quadra;;;0;0;2;1;0;0;0;0;0;1;0;0;-3,825937000000000;-38,476963000000000
331834;17;10;2018;15:00;15820;AV JOR THOMAZ COELHO;RUA GRANJA CASTELO;;0;;Colis?â?úo Lateral;Luz do Dia;;;Cruz;N?â?úo H?â?í Controle;Comercial;0;1;1;0;1;0;0;0;0;1;0;0;-3,832383000000000;-38,500218000000000
331976;17;10;2018;08:10;0;RD CE-040;;;7000;KM-07;Colis?â?úo;Luz do Dia;Bom;Seca;Meio de Quadra;;;0;0;3;1;0;0;0;0;0;0;0;0;-3,817159445000000;-38,483032860000000
335998;17;10;2018;04:53;0;AV DOM MANUEL;;;511;;Colis?â?úo;;;;Meio de Quadra;;;0;1;0;1;0;0;0;0;0;0;0;0;-3,728774000000000;-38,521250000000000
335999;17;10;2018;05:47;0;AV SGT HERMINIO SAMPAIO;;;1733;;Atropelamento;Amanhecer;;;Meio de Quadra;;;0;1;0;0;0;0;0;0;0;1;0;0;-3,725599000000000;-38,556265000000000
336000;17;10;2018;07:02;12518;AV AUGUSTO DOS ANJOS;RUA CUIABA;;0;;Colis?â?úo;Luz do Dia;;;Meio de Quadra;N?â?úo H?â?í Controle;Comercial;0;1;0;1;0;0;0;0;0;1;0;0;-3,772615000000000;-38,572386000000000
336001;17;10;2018;07:53;15195;AV ABOLICAO;RUA JOSE NAPOLEAO;;0;;Colis?â?úo;Luz do Dia;;;Cruz;Pare;Comercial;0;1;0;1;0;0;0;0;0;1;0;0;-3,726523000000000;-38,490302000000000
336002;17;10;2018;09:33;0;RUA DR RODRIGO C SANDOVAL;;;455;;Colis?â?úo;Luz do Dia;;;Meio de Quadra;;;0;1;0;1;0;0;0;0;0;1;0;0;-3,805981600000000;-38,568498100000000
336003;17;10;2018;11:26;0;AV 20 DE JANEIRO;;;1115;;Colis?â?úo;Luz do Dia;;;Meio de Quadra;;;0;1;0;1;0;1;0;0;0;0;0;0;-3,706228654000000;-38,579816500000000
336004;17;10;2018;12:59;0;AV JOSE LEON;;;622;;Atropelamento;Luz do Dia;;;Meio de Quadra;;;0;1;0;0;0;0;0;0;0;1;0;0;-3,786650886000000;-38,506050975000000
336005;17;10;2018;13:31;0;AV CARAPINIMA;;;2200;;Colis?â?úo;Luz do Dia;;;Meio de Quadra;;;0;1;0;1;0;0;0;0;0;1;0;0;-3,739499500000000;-38,539707500000000
336006;17;10;2018;14:55;0;AV JOR THOMAZ COELHO;;;0;;Colis?â?úo;Luz do Dia;;;Meio de Quadra;;;0;1;0;0;0;0;0;0;0;0;0;0;;
336007;17;10;2018;15:14;0;RUA CAR ARCO VERDE;;;602;;Colis?â?úo;Luz do Dia;;;Meio de Quadra;;;0;2;0;0;0;0;0;0;0;0;0;0;-3,754750000000000;-38,593664000000000
336013;17;10;2018;15:54;0;RUA CAR ARCO VERDE;;;602;;Colis?â?úo;Luz do Dia;;;Meio de Quadra;;;0;2;0;0;0;0;0;0;0;1;0;0;-3,754750000000000;-38,593664000000000
336009;17;10;2018;15:40;0;RUA SEN ALENCAR;;;251;;Atropelamento;Luz do Dia;;;Meio de Quadra;;;0;1;0;1;0;0;0;0;0;0;0;0;-3,724790000000000;-38,528250000000000
336010;17;10;2018;15:45;5127;RUA SEN ALENCAR;RUA GAL SAMPAIO;;0;;Atropelamento;Luz do Dia;;;Cruz;Sem?â?íforo;Comercial;0;1;0;0;0;0;0;0;0;1;0;0;-3,724192000000000;-38,529984000000000
336011;17;10;2018;15:45;0;RD BR 116;;;3200;KM-12;Colis?â?úo Transversal;Luz do Dia;;;Meio de Quadra;;;0;1;1;0;0;0;0;0;0;1;0;0;-3,855740000000000;-38,496066000000000
336024;17;10;2018;17:30;0;RD BR 116;;;2000;KM-02;Engavetamento;Anoitecer;;;Meio de Quadra;;;0;1;5;1;0;0;0;0;0;1;0;0;-3,771391000000000;-38,516780000000000
336025;17;10;2018;17:49;0;RUA LUIS VIEIRA;;;284;;Colis?â?úo;Anoitecer;;;Meio de Quadra;;;0;1;0;1;0;0;0;0;0;1;0;0;-3,795791000000000;-38,586690000000000
336028;17;10;2018;18:04;0;RUA ESV PINHEIRO;;;4125;;Colis?â?úo;Anoitecer;;;Meio de Quadra;;;0;1;0;1;0;0;0;0;0;1;0;0;-3,757924500000000;-38,507829000000000
336029;17;10;2018;18:04;5295;AV IMPERADOR;RUA PEDRO I;;0;;Colis?â?úo;Anoitecer;;;Cruz;Sem?â?íforo;Comercial;0;1;0;0;0;0;0;0;0;1;0;0;-3,729161000000000;-38,535035000000000
336030;17;10;2018;18:22;0;RUA BARBOSA DE FREITAS;;;489;;Colis?â?úo;Anoitecer;;;Meio de Quadra;;;0;1;0;0;0;0;0;0;0;0;0;0;-3,738060000000000;-38,497820000000000
336031;17;10;2018;18:24;5361;RUA FLORIANO PEIXOTO;RUA PEDRO I;;0;;Colis?â?úo;Anoitecer;;;Cruz;Pare;Comercial;0;1;0;1;0;1;0;0;0;0;0;0;-3,731284000000000;-38,528436000000000
336032;17;10;2018;18:34;0;RUA ROCHA LIMA;;;705;;Colis?â?úo;;;;Meio de Quadra;;;0;1;0;1;0;0;0;0;0;1;0;0;-3,737666000000000;-38,518306000000000
336033;17;10;2018;19:18;0;RUA HOLANDA;;;146;;Colis?â?úo;;;;Meio de Quadra;;;0;1;0;1;0;0;0;0;0;1;0;0;-3,768542100000000;-38,595788100000000
336034;18;10;2018;02:13;0;AV FRANCISCO SA;;;4664;;Atropelamento;;;;Meio de Quadra;;;0;1;0;1;0;0;0;0;0;0;0;0;-3,714420353000000;-38,566148941000000
336035;18;10;2018;02:55;0;RUA NOGUEIRA ACIOLI;;;208;;Colis?â?úo;;;;Meio de Quadra;;;0;1;0;1;0;0;0;0;0;1;0;0;-3,725687400000000;-38,515635000000000
336131;18;10;2018;21:34;1343;RUA MARCOS MACEDO;AV SEN VIRGILIO TAVORA;;0;;Colis?â?úo;;;;Cruz;Sem?â?íforo;Comercial;0;1;0;1;0;0;0;0;0;1;0;0;-3,735843000000000;-38,492845000000000
336132;18;10;2018;02:17;0;RUA CEL FRANCISCO PEREIRA (MESSEJANA);;;630;;Colis?â?úo;;;;Meio de Quadra;;;0;1;0;1;0;0;0;0;0;1;0;0;-3,830870000000000;-38,492870000000000
336091;18;10;2018;16:14;0;AV MR HULL;;;4752;;Atropelamento;Luz do Dia;;;Meio de Quadra;;;0;1;0;0;0;0;0;0;0;1;0;0;-3,738989544000000;-38,587078565000000
336092;18;10;2018;17:07;0;RUA JOAO SORONGO;;;1902;;Atropelamento;Anoitecer;;;Meio de Quadra;;;0;1;0;0;0;0;0;0;0;1;0;0;-3,742230000000000;-38,553050000000000
336089;18;10;2018;16:14;2691;RUA CEL VIRGILIO NOGUEIRA (BOM JARDIM);RUA JOSE MARTINS;;0;;Colis?â?úo;Luz do Dia;;;;Pare;Residencial;0;1;0;1;0;0;0;0;0;1;0;0;-3,786887000000000;-38,608146000000000
336102;18;10;2018;18:37;0;AV PRS CASTELO BRANCO;;;0;;Colis?â?úo;;;;Meio de Quadra;;;0;1;0;0;0;0;0;0;0;0;0;0;;
336099;18;10;2018;18:08;0;RUA PEDRO LOPES D64;;;278;;Atropelamento;Anoitecer;;;Meio de Quadra;;;0;1;0;0;0;0;0;0;0;1;0;0;-3,828280000000000;-38,477940000000000
336100;18;10;2018;18:35;0;RUA COSTA BARROS;;;850;;Colis?â?úo;;;;Meio de Quadra;;;0;1;0;0;0;0;0;0;0;1;0;0;-3,728753000000000;-38,516481000000000
336094;18;10;2018;;0;RUA BERNARDO MANUEL;;;9211;;;;;;Meio de Quadra;;;0;1;0;1;0;0;0;0;0;1;0;0;-3,800347967000000;-38,551916623000000
336095;18;10;2018;18:03;0;RUA JULIO BRAGA;;;1959;;Colis?â?úo;Anoitecer;;;Meio de Quadra;;;0;1;0;1;0;0;0;0;0;1;0;0;-3,773944000000000;-38,587072000000000