COD_ACIDENTE;DIA;MES;ANO;HORA;INTERSECAO;LOG1;LOG2;LOG3;NUMERO;REFERENCIA;NATUREZA;ILUMINACAO;TEMPO;SUPERFICIEPISTA;TIPOCRUZAMENTO;CONTROLETRAFEGO;USOSOLO;MORTOS;FERIDOS;ILESOS;AUTOMOVEL;ONIBUS;BICICLETA;CAMINHAO;MICROONIBUS;CICLOMOTOR;MOTOCICLETA;TRACAOANIMAL;TREM;LATITUDE;LONGITUDE
336096;18;10;2018;18:03;0;AV SEN FERNANDES TAVORA;;;0;;Colis?â?úo;Anoitecer;;;Meio de Quadra;;;0;1;0;0;0;0;0;0;0;1;0;0;;
336097;18;10;2018;18:02;0;RUA PEDRO LOPES D64;;;278;;Atropelamento;Anoitecer;;;Meio de Quadra;;;0;1;0;0;0;0;0;0;0;1;0;0;-3,828280000000000;-38,477940000000000
336047;18;10;2018;06:42;0;RUA PDE FRANCISCO PINTO;;;905;;Queda;Luz do Dia;;;Meio de Quadra;;;0;1;0;0;0;1;0;0;0;0;0;0;-3,742084000000000;-38,541748100000000
336048;18;10;2018;06:43;0;RUA ARTUR DE CARVALHO;;;0;;Atropelamento;Luz do Dia;;;Meio de Quadra;;;0;2;0;0;0;0;0;0;0;1;0;0;;
336049;18;10;2018;07:01;0;AV GODOFREDO MACIEL;;;4279;;Colis?â?úo;Luz do Dia;;;Meio de Quadra;;;0;2;0;0;0;0;0;0;0;0;0;0;-3,812004750000000;-38,574825750000000
336050;18;10;2018;07:04;0;AV DR JOAO MACIEL FILHO;;;104;;Colis?â?úo;Luz do Dia;;;Meio de Quadra;;;0;1;0;0;0;0;0;0;0;0;0;0;-3,783904191000000;-38,495078667000000
336057;18;10;2018;13:21;19729;RUA AZEVEDO BOLAO;RUA DOM JOSE LOURENCO  D27;;0;;Colis?â?úo;Luz do Dia;;;Cruz;Pare;Residencial;0;1;0;0;0;0;0;0;0;1;0;0;-3,736965000000000;-38,559267000000000
336109;18;10;2018;21:13;1381;RUA ILDEFONSO ALBANO;AV HERACLITO GRACA;;0;;Colis?â?úo;;;;Duplo T;Sem?â?íforo;Comercial;0;1;0;1;0;1;0;0;0;0;0;0;-3,736811000000000;-38,514324000000000
336104;18;10;2018;19:14;0;AV WASHINGTON SOARES;;;2151;;Colis?â?úo;;;;Meio de Quadra;;;0;1;0;1;0;0;0;0;0;1;0;0;-3,778052154000000;-38,481455077000000
336105;18;10;2018;19:45;0;RUA FRANCISCO LORDA;;;167;;Colis?â?úo;;;;Meio de Quadra;;;0;2;0;0;0;0;0;0;0;1;0;0;-3,762264415000000;-38,530738171000000
336106;18;10;2018;20:39;0;RUA TAQUARI;;;2379;;Colis?â?úo;;;;Meio de Quadra;;;0;1;0;1;0;0;0;0;0;1;0;0;-3,776138697000000;-38,601857964000000
331980;18;10;2018;12:00;0;RD CE-040;;;8000;KM-08;Colis?â?úo;Luz do Dia;Bom;Seca;Meio de Quadra;;;0;1;1;1;0;0;0;0;0;1;0;0;-3,825515822000000;-38,481538320000000
331982;18;10;2018;19:30;0;RD CE-040;;;7000;KM-07;Colis?â?úo;Via Iluminada;Bom;Seca;Meio de Quadra;;;0;0;2;1;0;0;0;0;0;0;0;0;-3,817159445000000;-38,483032860000000
331850;18;10;2018;14:30;9243;AV EDUARDO GIRAO;AV DOS EXPEDICIONARIOS;;0;;Colis?â?úo Traseira;Luz do Dia;;;Cruz;Sem?â?íforo;Comercial;0;0;2;1;0;0;0;0;0;0;0;0;-3,750712000000000;-38,536849000000000
331837;18;10;2018;15:48;0;AV AUGUSTO DOS ANJOS;;;1915;;Colis?â?úo Traseira;Luz do Dia;;;Meio de Quadra;;;0;0;2;1;0;0;0;0;0;0;0;0;-3,782734000000000;-38,581387000000000
331838;18;10;2018;19:50;0;AV CASTANHOLEIRAS;;;303;;Colis?â?úo;;;;Meio de Quadra;;;0;1;1;0;1;0;0;0;0;1;0;0;-3,752230696000000;-38,468290356000000
331839;18;10;2018;04:50;12384;RUA RIO GRANDE DO SUL;RUA PLUTAO;;0;;Outros;;;;Cruz;Pare;Comercial;0;0;1;0;0;0;0;0;0;0;0;0;-3,764313000000000;-38,571071000000000
333285;18;10;2018;19:53;25962;RUA PRO MIRAMAR DA PONTE;RUA PRO HERIBALDO COSTA;;0;;Colis?â?úo Transversal;Mal Iluminada;Bom;Seca;Cruz;Pare;Comercial;0;0;2;0;0;0;0;0;0;1;0;0;-3,754784000000000;-38,582069000000000
333270;18;10;2018;03:39;5188;RUA TEN BENEVOLO;RUA NOGUEIRA ACIOLI;;0;;Colis?â?úo Lateral;Via Iluminada;Bom;Seca;Cruz;D?â?¬ Prefer?â?¬ncia;Comercial;0;0;1;1;0;0;0;0;0;1;0;0;-3,725858000000000;-38,515591000000000
333271;18;10;2018;08:09;21590;RUA RAIMUNDO NERY;RUA COM GARCIA;;0;;Colis?â?úo Transversal;Luz do Dia;Bom;Seca;Cruz;Pare;Residencial;0;2;1;1;0;0;0;0;0;1;0;0;-3,795908000000000;-38,585684000000000
333272;18;10;2018;08:42;0;AV BORGES DE MELO;;;2061;;Colis?â?úo Transversal;Luz do Dia;Bom;Seca;Meio de Quadra;N?â?úo H?â?í Controle;Comercial;0;1;1;1;0;0;0;0;0;1;0;0;-3,754353500000000;-38,536740000000000
333273;18;10;2018;08:38;19688;RUA PRO RAIMUNDO ARRUDA;RUA AZEVEDO BOLAO;;0;;Colis?â?úo Transversal;Luz do Dia;Bom;Seca;Cruz;Pare;Residencial;0;0;2;1;0;0;0;0;0;1;0;0;-3,735414000000000;-38,551701000000000
333274;18;10;2018;11:20;0;RUA PDE LUIS FIGUEIRA;;;355;;Queda;Luz do Dia;Bom;Seca;Meio de Quadra;N?â?úo H?â?í Controle;Residencial;0;0;3;1;0;0;0;0;0;0;0;0;-3,732760200000000;-38,513496000000000
333275;18;10;2018;16:36;0;AV ALM MAXIMIANO DA FONSECA;RUA AGERSON TABOSA;;0;;Colis?â?úo Lateral;Luz do Dia;Bom;Seca;;;;0;1;1;1;0;0;0;0;0;1;0;0;-3,771323400000000;-38,482925000000000
333276;18;10;2018;18:26;13938;RUA VER PEDRO PAULO MOREIRA;RUA JUNIOR ROCHA;;0;;Colis?â?úo Transversal;Via Iluminada;Bom;Seca;Cruz;Gesto;Comercial;0;1;1;1;0;0;0;0;0;1;0;0;-3,787178000000000;-38,487345000000000
333277;18;10;2018;19:28;0;AV CARAPINIMA;;;2115;;Colis?â?úo Traseira;Anoitecer;Bom;Seca;Meio de Quadra;N?â?úo H?â?í Controle;Comercial;0;0;2;1;0;0;0;0;0;1;0;0;-3,741265000000000;-38,541393000000000
333278;18;10;2018;19:23;0;AV ROGACIANO LEITE;;;2007;;Colis?â?úo Lateral;Via Iluminada;Bom;Seca;Meio de Quadra;N?â?úo H?â?í Controle;Residencial;0;0;3;1;0;0;0;0;0;1;0;0;-3,772720000000000;-38,498814000000000
333279;18;10;2018;18:00;0;RUA PEDRO LOPES D64;;;0;;Atropelamento;Mal Iluminada;Bom;Seca;Meio de Quadra;N?â?úo H?â?í Controle;Residencial;0;2;0;0;0;0;0;0;0;1;0;0;-3,828230100000000;-38,477894000000000
333280;18;10;2018;20:50;7926;AV ANTONIO SALES;RUA BARBOSA DE FREITAS;;0;;Colis?â?úo Transversal;Via Iluminada;Bom;Seca;Cruz;Sem?â?íforo;Comercial;0;2;0;0;0;0;0;0;0;1;0;0;-3,746051000000000;-38,500407000000000
333281;18;10;2018;21:46;10300;AV SEN FERNANDES TAVORA;RUA JOSE MENDONCA;;0;;Colis?â?úo Lateral;Via Iluminada;Bom;Seca;Cruz;Pare;Comercial;0;0;2;1;0;0;0;0;0;0;0;0;-3,754492000000000;-38,601696000000000
333651;18;10;2018;23:35;0;AV DUQ CAXIAS;;;2038;;Colis?â?úo;;;;Meio de Quadra;;;0;0;3;1;0;0;0;0;0;0;0;0;-3,727750826000000;-38,542363957000000
333652;18;10;2018;10:45;0;AV JOR JOAO RAMOS;;;0;;Colis?â?úo;Luz do Dia;;;Meio de Quadra;;;0;0;2;1;0;0;0;0;0;1;0;0;;
333653;18;10;2018;16:00;19683;RUA AZEVEDO BOLAO;RUA PRO JOSE DE BARCELOS;;0;;Colis?â?úo;Luz do Dia;;;Cruz;Pare;Residencial;0;0;2;1;0;0;0;0;0;0;0;0;-3,735196000000000;-38,550610000000000
333654;18;10;2018;17:30;0;AV HIS RAIMUNDO GIRAO;;;0;;Colis?â?úo;Anoitecer;;;Meio de Quadra;;;0;0;2;0;0;0;0;0;0;1;0;0;;
333282;19;10;2018;06:40;22127;RUA GUSTAVO BRAGA;RUA MAJ PEDRO SAMPAIO;;0;;Colis?â?úo Transversal;Luz do Dia;Bom;Seca;Cruz;Pare;Comercial;0;1;1;0;0;0;0;0;0;1;0;0;-3,748479000000000;-38,555389000000000
333283;19;10;2018;08:55;0;AV DR SILAS MUNGUBA;;;3032;;Colis?â?úo Lateral;Luz do Dia;Bom;Seca;Meio de Quadra;Sem?â?íforo;Comercial;0;0;2;0;1;0;0;0;0;0;0;0;-3,788407800000000;-38,546547000000000
333284;19;10;2018;09:40;0;AV DOMINGOS OLIMPIO;;;137;;Engavetamento;Luz do Dia;Bom;Seca;Meio de Quadra;Sem?â?íforo;Comercial;0;0;3;1;0;0;0;0;0;0;0;0;-3,738478000000000;-38,525310000000000
333286;19;10;2018;10:56;0;RUA AMELIA BENEBIEN;;;545;;Colis?â?úo Frontal;Luz do Dia;Bom;Seca;Meio de Quadra;Pare;Residencial;0;1;1;1;0;0;0;0;0;1;0;0;-3,737642800000000;-38,475655000000000
333287;19;10;2018;11:42;0;AV LUCIANO CARNEIRO;;;0;;Colis?â?úo Traseira;Luz do Dia;Bom;Seca;T;Sem?â?íforo;Comercial;0;0;2;1;0;0;0;0;0;0;0;0;-3,750180500000000;-38,532207000000000
333288;19;10;2018;12:35;5331;AV SANTOS DUMONT;RUA GONCALVES LEDO;;1;;Colis?â?úo Transversal;Luz do Dia;Bom;Seca;Cruz;Pare;Comercial;0;0;2;1;0;0;0;0;0;0;0;0;-3,730535000000000;-38,515848000000000
333289;19;10;2018;14:00;15392;RUA ARAUJO TORREAO;RUA INACIO VASCONCELOS;;0;;Colis?â?úo Transversal;Luz do Dia;Bom;Seca;Cruz;Pare;Comercial;0;0;2;1;0;0;0;0;0;1;0;0;-3,812994000000000;-38,496873000000000
333291;19;10;2018;19:50;0;RUA JOAO AREAS;;;836;;Choque c/ Obst?â?ículo Fixo;Via Iluminada;Bom;Seca;Meio de Quadra;N?â?úo H?â?í Controle;Residencial;0;0;1;0;0;0;0;1;0;0;0;0;-3,797225000000000;-38,576150000000000
333292;19;10;2018;20:05;1358;AV SANTOS DUMONT;AV DES MOREIRA;;0;;Colis?â?úo Lateral;Via Iluminada;Bom;Seca;Cruz;Sem?â?íforo;Comercial;0;0;2;0;1;0;0;0;0;0;0;0;-3,736226000000000;-38,498365000000000
333293;19;10;2018;21:40;0;AV DES MOREIRA;;;115;;Colis?â?úo Traseira;Via Iluminada;Bom;Seca;Meio de Quadra;Sem?â?íforo;Residencial;0;0;2;1;0;0;0;0;0;0;0;0;-3,726960700000000;-38,495426000000000
333294;19;10;2018;18:20;0;AV RUI BARBOSA;;;508;;Colis?â?úo Transversal;Via Iluminada;Bom;Seca;Meio de Quadra;N?â?úo H?â?í Controle;Residencial;0;0;2;1;0;0;0;0;0;0;0;0;-3,727505000000000;-38,506650000000000
333297;19;10;2018;13:00;9020;RUA SALDANHA MARINHO;RUA JAIME BENEVOLO;;0;;Colis?â?úo Transversal;Luz do Dia;Bom;Seca;Cruz;Sem?â?íforo;Comercial;0;0;2;1;0;0;0;0;0;0;0;0;-3,743046000000000;-38,528994000000000
333299;19;10;2018;15:10;5096;RUA GUILHERME ROCHA;RUA COS ESTELITA;;0;;Colis?â?úo Transversal;Luz do Dia;Bom;Seca;Cruz;Pare;Comercial;0;1;2;1;0;0;0;0;0;1;0;0;-3,723347000000000;-38,539177000000000
333311;19;10;2018;19:32;0;AV FRANCISCO SA;;;1801;;Colis?â?úo Lateral;Via Iluminada;Bom;Seca;Meio de Quadra;N?â?úo H?â?í Controle;Comercial;0;0;2;1;0;0;0;0;0;1;0;0;-3,722532700000000;-38,541930000000000
331767;19;10;2018;18:00;0;AV PRS COSTA E SILVA;;;0;;Colis?â?úo;Anoitecer;Bom;Seca;Meio de Quadra;Sem?â?íforo;Outros;0;0;3;1;0;0;0;0;0;0;0;0;;
331764;19;10;2018;10:40;0;RUA MINERVA;;;388;;Colis?â?úo Transversal;Luz do Dia;Bom;Outros;Meio de Quadra;;;1;0;1;0;0;0;1;0;0;1;0;0;-3,748280000000000;-38,600320000000000
336144;19;10;2018;08:25;0;AV CARNEIRO DE MENDONCA;;;2039;;Colis?â?úo;Luz do Dia;;;Meio de Quadra;;;0;1;0;1;0;0;0;0;0;1;0;0;-3,759202000000000;-38,576498000000000
336149;19;10;2018;10:39;0;RUA ESTEVAO DE CAMPOS;;;421;;Queda;Luz do Dia;;;Meio de Quadra;;;0;1;0;0;0;0;0;0;0;1;0;0;-3,705680000000000;-38,578430000000000
336150;19;10;2018;11:54;0;RUA PDE ANCHIETA;;;14;;Queda;Luz do Dia;;;Meio de Quadra;;;0;1;0;0;0;0;0;0;0;1;0;0;-3,720097300000000;-38,549743200000000
336151;19;10;2018;12:43;0;AV CARNEIRO DE MENDONCA;;;958;;;Luz do Dia;;;Meio de Quadra;;;0;1;0;0;0;0;0;0;0;1;0;0;-3,763653343000000;-38,567590629000000
336147;19;10;2018;08:54;5328;AV DUQ CAXIAS;AV TRISTAO GONCALVES;;0;;Colis?â?úo;Luz do Dia;;;Cruz;Gesto;Comercial;0;1;0;0;0;0;0;0;0;1;0;0;-3,730400000000000;-38,534196000000000
336183;19;10;2018;15:05;25102;AV FRANCISCO SA;AV FILOMENO GOMES;;0;;Colis?â?úo;Luz do Dia;;;Cruz;Sem?â?íforo;Residencial;0;1;0;1;0;0;0;0;0;1;0;0;-3,722743000000000;-38,541090000000000
336181;19;10;2018;14:22;0;AV PRS CASTELO BRANCO;;;3906;;Colis?â?úo;Luz do Dia;;;Meio de Quadra;;;0;1;0;1;0;0;0;0;0;1;0;0;-3,709002300000000;-38,567150200000000
336179;19;10;2018;14:08;0;AV CASTELO DE CASTRO;;;0;;Colis?â?úo;Luz do Dia;;;Meio de Quadra;;;0;1;0;1;0;0;0;0;0;1;0;0;;
336177;19;10;2018;13:40;0;AV ABOLICAO;;;2323;;Colis?â?úo;Luz do Dia;;;Meio de Quadra;;;0;1;0;0;0;0;0;0;0;0;0;0;-3,726373000000000;-38,498436000000000
336175;19;10;2018;13:34;0;AV GODOFREDO MACIEL;;;2900;;Colis?â?úo;Luz do Dia;;;Meio de Quadra;;;0;1;0;0;0;0;0;0;0;0;0;0;-3,799374000000000;-38,570810000000000
336190;19;10;2018;18:31;0;RD BR 116;;;5823;;Colis?â?úo;;;;Meio de Quadra;;;0;1;0;1;0;0;0;0;0;0;0;0;-3,796502000000000;-38,506787000000000
336188;19;10;2018;15:26;1510;RUA JOSE VILAR;AV JULIO VENTURA;;0;;Colis?â?úo;Luz do Dia;;;Cruz;Sem?â?íforo;Comercial;0;1;0;1;0;0;0;0;0;1;0;0;-3,739985000000000;-38,506014000000000
336193;19;10;2018;18:53;0;RUA BERNARDO MANUEL;;;8305;;Queda;;;;Meio de Quadra;;;0;1;0;0;0;1;0;0;0;0;0;0;-3,792478000000000;-38,549517000000000
336198;19;10;2018;19:50;0;RUA GOIAS;;;1020;;Atropelamento;;;;Meio de Quadra;;;0;1;0;0;0;0;0;0;0;1;0;0;-3,756116172000000;-38,564260404000000
336195;19;10;2018;19:07;0;RUA JABUTICABA;;;1561;;Queda;;;;Meio de Quadra;;;0;1;0;0;0;1;0;0;0;0;0;0;;
336201;19;10;2018;19:59;15290;RUA CANUTO DE AGUIAR;RUA JOAQUIM NABUCO;;0;;Colis?â?úo;;;;Cruz;Pare;Residencial;0;1;0;1;0;0;0;0;0;1;0;0;-3,729360000000000;-38,499390000000000
336217;19;10;2018;20:10;0;AV HEROIS DO ACRE;;;0;;Colis?â?úo;;;;Meio de Quadra;;;0;1;0;1;0;0;0;0;0;1;0;0;;
336222;19;10;2018;22:18;15383;RUA ALMEIDA REGO;RUA FARIAS LEMOS;;0;;Atropelamento;;;;Cruz;N?â?úo H?â?í Controle;Residencial;0;1;0;1;0;0;0;0;0;0;0;0;-3,813110000000000;-38,494338000000000
336219;19;10;2018;22:03;5374;RUA BAR RIO BRANCO;AV DUQ CAXIAS;;0;;Atropelamento;;;;Meio de Quadra;Sem?â?íforo;Comercial;0;1;0;1;0;0;0;0;0;0;0;0;-3,731774000000000;-38,529947000000000
336225;19;10;2018;22:20;0;AV ENG HUMBERTO MONTE;;;0;;Queda;;;;Meio de Quadra;;;0;1;0;0;0;1;0;0;0;0;0;0;;
336226;19;10;2018;22:22;0;AV JOSE JATAHY;;;0;;Colis?â?úo;;;;Meio de Quadra;;;0;1;0;1;0;0;0;0;0;1;0;0;;
336133;19;10;2018;09:31;0;AV DR SILAS MUNGUBA;;;2975;;Colis?â?úo;Luz do Dia;;;Meio de Quadra;;;0;1;0;0;0;0;0;0;0;0;0;0;-3,788065200000000;-38,546935800000000
336134;19;10;2018;07:01;0;RUA BRAGA TORRES;;;308;;Colis?â?úo;Luz do Dia;;;Meio de Quadra;;;0;1;0;1;0;0;0;0;0;1;0;0;-3,716910000000000;-38,541060000000000
338695;19;10;2018;06:20;0;RD BR 222;;;400;KM-01;Colis?â?úo Traseira;Luz do Dia;;;Meio de Quadra;;;0;0;3;1;0;0;0;0;0;0;0;0;-3,737698444000000;-38,578146930000000
338703;20;10;2018;22:30;0;RD BR 222;;;1700;KM-01;Atropelamento;;;;Meio de Quadra;;;0;3;0;0;0;0;0;0;0;1;0;0;-3,737698444000000;-38,578146930000000
336227;20;10;2018;00:14;0;RUA GAL SAMPAIO;;;0;;Queda;;;;Meio de Quadra;;;0;1;0;0;0;0;0;0;0;1;0;0;;
336229;20;10;2018;06:42;0;RUA GETULIO VARGAS;;;998;;Queda;Luz do Dia;;;Meio de Quadra;;;0;1;0;0;0;0;0;0;0;1;0;0;-3,818389737000000;-38,593254368000000
336230;20;10;2018;07:12;0;RUA TRES MARIAS;;;0;;Colis?â?úo;Luz do Dia;;;Meio de Quadra;;;0;1;0;1;0;0;0;0;0;1;0;0;;
336231;20;10;2018;07:35;15203;RUA MON BRUNO;RUA DEP MOREIRA DA ROCHA;;0;;Atropelamento;Luz do Dia;;;Cruz;Pare;Residencial;0;1;0;1;0;0;0;0;0;0;0;0;-3,726659000000000;-38,507591000000000
336236;20;10;2018;09:48;0;AV ENG SANTANA JUNIOR;;;3333;;Colis?â?úo;Luz do Dia;;;Meio de Quadra;;;0;1;0;1;0;0;0;0;0;1;0;0;-3,748298000000000;-38,489826000000000
336233;20;10;2018;07:38;0;RUA PRO EDGAR DE ARRUDA;;;927;;Colis?â?úo;Luz do Dia;;;Meio de Quadra;;;0;1;0;1;0;0;0;0;0;1;0;0;-3,759016000000000;-38,583335000000000
336249;20;10;2018;11:28;19667;RUA DOM LINO;AV BEZERRA DE MENEZES;;0;;Atropelamento;Luz do Dia;;;;;;0;1;0;0;0;0;0;0;0;1;0;0;-3,734232000000000;-38,557568000000000
336250;20;10;2018;12:03;0;AV PERIMETRAL;;;0;;Colis?â?úo;Luz do Dia;;;Meio de Quadra;;;0;1;0;0;0;0;0;0;0;0;0;0;;
336251;20;10;2018;12:15;0;AV PRS COSTA E SILVA;;;3000;;Colis?â?úo;Luz do Dia;;;Meio de Quadra;;;0;1;0;1;0;0;0;0;0;1;0;0;;
336252;20;10;2018;14:42;0;RUA JULIO VERNE;;;113;;Colis?â?úo;Luz do Dia;;;Meio de Quadra;;;0;1;0;0;0;0;0;0;0;0;0;0;-3,776260000000000;-38,550710000000000
336253;20;10;2018;14:45;0;AV 20 DE JANEIRO;;;2151;;Queda;Luz do Dia;;;Meio de Quadra;;;0;1;0;0;0;1;0;0;0;0;0;0;-3,703824000000000;-38,585131000000000
336266;20;10;2018;22:04;0;AV MAJ ASSIS;;;1208;;Colis?â?úo;;;;Meio de Quadra;;;0;1;0;1;0;0;0;0;0;1;0;0;-3,723319902000000;-38,590162765000000
336267;20;10;2018;22:25;0;AV MR HULL;;;0;;Atropelamento;;;;Meio de Quadra;;;0;1;0;0;0;0;0;0;0;1;0;0;;
336268;20;10;2018;23:32;0;AV IMPERADOR;;;827;;Atropelamento;;;;Meio de Quadra;;;0;1;0;0;0;0;0;0;0;0;0;0;-3,728574874000000;-38,534862443000000
336256;20;10;2018;15:48;5323;RUA PEDRO PEREIRA;RUA ASSUNCAO;;0;;Colis?â?úo;Luz do Dia;;;Cruz;Pare;Comercial;0;1;0;1;0;0;0;0;0;1;0;0;-3,730116000000000;-38,527197000000000
336258;20;10;2018;16:44;15789;RUA JOAQUIM FELICIO;RUA CEL DIONISIO ALENCAR;;0;;Colis?â?úo;Luz do Dia;;;Cruz;Pare;Residencial;0;1;0;1;0;0;0;0;0;1;0;0;-3,830711000000000;-38,487369000000000
336259;20;10;2018;17:35;0;RUA MAISA;;;671;;Colis?â?úo;Anoitecer;;;Meio de Quadra;;;0;1;0;0;0;0;0;0;0;1;0;0;-3,848247460000000;-38,527543512000000
336260;20;10;2018;17:46;20176;RUA AMANCIO PEREIRA;RUA MARIA AMALIA;;0;;Colis?â?úo;Anoitecer;;;Cruz;Pare;Residencial;0;1;0;0;0;0;0;0;0;0;0;0;-3,812276000000000;-38,522146000000000
336261;20;10;2018;20:41;0;RUA GABRIEL FIUZA;;;378;;Colis?â?úo;;;;Meio de Quadra;;;0;2;0;1;0;0;0;0;0;1;0;0;-3,787067000000000;-38,579907000000000
336270;20;10;2018;08:47;0;RUA EDUARDO PERDIGAO;;;124;;Colis?â?úo;Luz do Dia;;;Meio de Quadra;;;0;1;0;1;0;0;0;0;0;1;0;0;-3,775630733000000;-38,564723267000000
336282;20;10;2018;04:05;0;AV ANTONIO SALES;;;562;;Atropelamento;;;;Meio de Quadra;;;0;1;0;0;0;0;0;0;0;0;0;0;-3,741011113000000;-38,516685604000000
336283;20;10;2018;04:33;0;AV MAJ ASSIS;;;1788;;;;;;Meio de Quadra;;;0;1;0;1;0;0;0;0;0;1;0;0;-3,721840426000000;-38,595309660000000
336284;20;10;2018;04:55;0;RUA CHICO MENDES;;;850;;Queda;;;;Meio de Quadra;;;0;1;0;0;0;0;0;0;0;1;0;0;;
336263;20;10;2018;21:21;0;RUA BETEL;;;0;;Atropelamento;;;;Meio de Quadra;;;0;1;0;0;0;1;0;0;0;0;0;0;;
336264;20;10;2018;21:27;0;AV PERIMETRAL;;;865;;Colis?â?úo;;;;Meio de Quadra;;;0;1;0;1;0;0;0;0;0;0;0;0;;
331883;20;10;2018;17:00;0;AV GODOFREDO MACIEL;;;5642;;Queda;Anoitecer;;;Meio de Quadra;;;1;1;0;0;0;0;0;0;0;1;0;0;-3,824379153000000;-38,578796119000000
331984;20;10;2018;07:40;0;RD CE-040;;;11000;KM-11;Colis?â?úo;Luz do Dia;Bom;Seca;Meio de Quadra;;;0;1;3;1;0;0;0;0;0;1;0;0;-3,849626230000000;-38,476069890000000
331988;20;10;2018;09:15;0;RD CE-060;;;1000;KM-01;Colis?â?úo;Luz do Dia;Bom;Seca;Meio de Quadra;;;0;0;2;1;0;0;0;0;0;0;0;0;-3,826136000000000;-38,579500000000000
333300;20;10;2018;16:53;0;AV DES MOREIRA;;;2776;;Queda;Luz do Dia;Bom;Seca;Meio de Quadra;N?â?úo H?â?í Controle;Comercial;0;1;0;0;0;0;0;0;0;1;0;0;-3,749911300000000;-38,502810000000000
333298;20;10;2018;14:23;0;AV GODOFREDO MACIEL;;;2947;;Colis?â?úo Transversal;Luz do Dia;Bom;Seca;Meio de Quadra;N?â?úo H?â?í Controle;Comercial;0;0;1;1;1;0;0;0;0;0;0;0;-3,801431200000000;-38,571460000000000
333295;20;10;2018;08:10;0;RUA BENI DE CARVALHO;;;596;;Colis?â?úo Traseira;Luz do Dia;Bom;Seca;Meio de Quadra;;;0;1;1;0;0;0;0;0;0;1;0;0;-3,745956700000000;-38,495182000000000
333296;20;10;2018;09:00;21360;RUA JOSE SOMBRA;RUA PDE GUERRA;;0;;Colis?â?úo Transversal;Luz do Dia;Bom;Seca;Cruz;Pare;Residencial;0;1;1;1;0;0;0;0;0;1;0;0;-3,736632000000000;-38,546536000000000
333318;20;10;2018;10:30;13325;RUA 66 CJ JOSE WALTER;AV I CJ JOSE WALTER;;0;;Colis?â?úo Transversal;Luz do Dia;Bom;Seca;T;Pare;Residencial;0;0;2;0;0;0;0;0;0;1;0;0;-3,840228000000000;-38,555304000000000
333656;20;10;2018;16:10;0;RUA HERMINIO BARROSO;;;643;;Choque c/ Obst?â?ículo Fixo;Luz do Dia;;;Meio de Quadra;;;0;0;1;0;0;0;0;0;0;0;0;0;-3,761210000000000;-38,510150000000000
333657;20;10;2018;09:00;0;RD CE-060;;;0;;Colis?â?úo;Luz do Dia;;;Meio de Quadra;;;0;0;2;0;0;0;0;0;0;1;0;0;;
333560;21;10;2018;13:40;6564;AV H CJ CEARA;AV G CJ CEARA;;0;;Colis?â?úo;Luz do Dia;;;T;Pare;Misto;0;0;2;0;0;0;0;0;0;1;0;0;-3,775739000000000;-38,610167000000000
333355;21;10;2018;13:03;0;AV JOSE LEON;;;1115;;Colis?â?úo Lateral;Luz do Dia;Bom;Seca;;;;0;0;1;1;0;0;0;0;0;1;0;0;-3,787858200000000;-38,502060000000000
333335;21;10;2018;20:42;1581;AV PDE ANTONIO TOMAS;RUA MON CATAO;;0;;Colis?â?úo Transversal;Via Iluminada;Bom;Seca;Cruz;Sem?â?íforo;Comercial;0;0;2;0;0;0;0;0;0;1;0;0;-3,742708000000000;-38,491843000000000
333301;21;10;2018;01:51;0;AV PRS COSTA E SILVA;;;859;;Colis?â?úo Transversal;Via Iluminada;Bom;Seca;Meio de Quadra;N?â?úo H?â?í Controle;Comercial;0;0;2;1;0;0;0;0;0;0;0;0;-3,812829000000000;-38,571472000000000
333302;21;10;2018;04:51;0;RUA JOSE ALVES CAVALCANTE;;;1125;;Choque c/ Obst?â?ículo Fixo;Via Iluminada;Bom;Seca;Meio de Quadra;N?â?úo H?â?í Controle;Residencial;0;1;0;1;0;0;0;0;0;0;0;0;-3,790551400000000;-38,498543000000000
333303;21;10;2018;13:41;5135;AV TRISTAO GONCALVES;RUA SAO PAULO;;0;;Colis?â?úo Transversal;Luz do Dia;Bom;Seca;Cruz;Sem?â?íforo;Comercial;0;1;1;1;0;0;0;0;0;1;0;0;-3,724419000000000;-38,532395000000000
333304;21;10;2018;19:00;21591;RUA COSTA FREIRE;RUA DES FROTA D71;;0;;Colis?â?úo Lateral;Via Iluminada;Bom;Seca;Cruz;Pare;Residencial;0;1;2;1;0;0;0;0;0;1;0;0;-3,796108000000000;-38,588182000000000
333305;21;10;2018;20:30;0;AV PRS COSTA E SILVA;;;5295;;Colis?â?úo Lateral;Via Iluminada;Bom;Seca;Meio de Quadra;N?â?úo H?â?í Controle;Residencial;0;1;1;0;1;0;0;0;0;1;0;0;-3,828066300000000;-38,533165000000000