COD_ACIDENTE;DIA;MES;ANO;HORA;INTERSECAO;LOG1;LOG2;LOG3;NUMERO;REFERENCIA;NATUREZA;ILUMINACAO;TEMPO;SUPERFICIEPISTA;TIPOCRUZAMENTO;CONTROLETRAFEGO;USOSOLO;MORTOS;FERIDOS;ILESOS;AUTOMOVEL;ONIBUS;BICICLETA;CAMINHAO;MICROONIBUS;CICLOMOTOR;MOTOCICLETA;TRACAOANIMAL;TREM;LATITUDE;LONGITUDE
336278;24;10;2018;14:07;0;AV MAE LISBOA;;;1756;;Colis?â?úo;Luz do Dia;;;Meio de Quadra;;;0;1;1;0;0;0;1;0;0;1;0;0;-3,807936500000000;-38,463808000000000
336279;24;10;2018;14:18;24177;AV ENG SANTANA JUNIOR;RUA PRO HERACLITO;;0;;Colis?â?úo;Luz do Dia;;;Cruz;Pare;Residencial;0;1;1;1;0;0;0;0;0;1;0;0;-3,731393000000000;-38,479398000000000
336280;24;10;2018;14:33;0;RUA ANTONIO NERY;;;914;;Colis?â?úo;Luz do Dia;;;Meio de Quadra;;;0;1;1;1;0;0;0;0;0;1;0;0;-3,780260143000000;-38,600781214000000
336281;24;10;2018;15:06;0;AV JOAO PESSOA;;;4555;;Colis?â?úo;Luz do Dia;;;Meio de Quadra;;;0;1;1;1;0;0;0;0;0;1;0;0;-3,752432317000000;-38,549475634000000
336242;24;10;2018;02:31;0;RUA SEN POMPEU;;;2037;;Colis?â?úo;;;;Meio de Quadra;;;0;1;1;1;0;0;0;0;0;0;0;0;-3,736550000000000;-38,532490000000000
336243;24;10;2018;06:41;0;AV GAL OSORIO DE PAIVA;;;6399;;Colis?â?úo;Luz do Dia;;;Meio de Quadra;;;0;1;1;1;0;0;0;0;0;1;0;0;-3,808997000000000;-38,605878600000000
336244;24;10;2018;06:46;0;AV AGUANAMBI;;;1530;;Queda;Luz do Dia;;;Meio de Quadra;;;0;1;0;0;0;0;0;0;0;1;0;0;-3,750097333000000;-38,523701000000000
336245;24;10;2018;07:30;0;AV ALBERTO CRAVEIRO;;;0;;Colis?â?úo;Luz do Dia;;;Meio de Quadra;;;0;1;1;0;0;0;0;0;0;1;0;0;;
336246;24;10;2018;08:33;0;AV SGT HERMINIO SAMPAIO;;;1575;;Colis?â?úo;Luz do Dia;;;Meio de Quadra;;;0;1;1;0;0;0;0;0;0;1;0;0;-3,725309000000000;-38,554694000000000
336247;24;10;2018;08:36;0;AV ALM HENRIQUE SABOIA;;;0;;Colis?â?úo;Luz do Dia;;;Meio de Quadra;;;0;1;1;1;0;0;0;0;0;1;0;0;;
336248;24;10;2018;08:49;0;ROD CE 010;;;0;;Queda;Luz do Dia;;;Meio de Quadra;;;0;1;0;0;0;0;0;0;0;1;0;0;;
336313;24;10;2018;20:21;0;RUA EQUADOR;;;762;;Atropelamento;;;;Meio de Quadra;;;0;1;1;0;0;0;0;0;0;1;0;0;-3,774121000000000;-38,552424846000000
336311;24;10;2018;20:11;0;AV GOV LEONEL BRIZOLA;;;647;;Colis?â?úo;;;;Meio de Quadra;;;0;1;1;1;0;0;0;0;0;1;0;0;;
336315;24;10;2018;20:27;0;AV CASTELO DE CASTRO;;;0;;Atropelamento;;;;Meio de Quadra;;;0;1;1;1;0;0;0;0;0;0;0;0;;
336316;24;10;2018;23:24;0;AV ALBERTO CRAVEIRO;;;0;;Queda;;;;Meio de Quadra;;;0;1;0;0;0;0;0;0;0;1;0;0;;
336299;24;10;2018;18:29;0;AV ANTONIO SALES;;;3293;;Queda;Anoitecer;;;Meio de Quadra;;;0;1;0;0;0;1;0;0;0;0;0;0;-3,747786218000000;-38,494907609000000
336300;24;10;2018;19:09;0;TR CAP ARAGAO;;;691;;Atropelamento;;;;Meio de Quadra;;;0;1;0;0;0;0;0;0;0;0;0;0;-3,764110000000000;-38,511450000000000
336317;25;10;2018;00:22;0;RD BR 116;;;5000;KM-05;Queda;;;;Meio de Quadra;;;0;1;0;0;0;0;0;0;0;1;0;0;-3,796502000000000;-38,506787000000000
336318;25;10;2018;06:31;0;AV PRS CASTELO BRANCO;;;0;;Queda;Luz do Dia;;;Meio de Quadra;;;0;1;0;0;0;0;0;0;0;1;0;0;;
333340;25;10;2018;08:20;0;AV BERNARDO MANUEL;;;7142;;Colis?â?úo Lateral;Luz do Dia;Bom;Seca;Outros;Pare;Comercial;0;0;2;1;0;0;0;0;0;0;0;0;-3,779909600000000;-38,545780000000000
333341;25;10;2018;08:20;0;RUA FORTALEZA UI 505;RUA BAR RIO BRANCO;;1;;Colis?â?úo Lateral;Luz do Dia;Bom;Seca;T;Pare;Comercial;0;0;2;1;0;0;0;0;0;0;0;0;-3,721558300000000;-38,526966000000000
333342;25;10;2018;08:00;13460;RUA TOMAS ACIOLI;RUA MON BRUNO;;0;;Colis?â?úo;Luz do Dia;Bom;Seca;Cruz;Pare;Residencial;0;1;1;1;0;0;0;0;0;1;0;0;-3,743797000000000;-38,513124000000000
333343;25;10;2018;10:10;0;AV ALM HENRIQUE SABOIA;RUA JOAQUIM LIMA;;0;;Queda;Luz do Dia;Bom;Seca;T;Pare;Residencial;0;1;1;0;0;0;0;0;0;1;0;0;-3,739016300000000;-38,486650000000000
333344;25;10;2018;13:42;10051;RUA VITAL BRASIL;RUA TAUBATE;;0;;Colis?â?úo Transversal;Luz do Dia;Bom;Seca;Cruz;Pare;Comercial;0;2;1;0;0;0;0;0;0;1;0;0;-3,778012000000000;-38,597995000000000
333345;25;10;2018;17:10;0;AV GAL OSORIO DE PAIVA;RUA LINS DO REGO;;0;;Colis?â?úo Transversal;Luz do Dia;Bom;Seca;Meio de Quadra;Pare;Residencial;0;1;1;1;0;1;0;0;0;0;0;0;-3,782518100000000;-38,577538000000000
333346;25;10;2018;22:11;0;AV BEZERRA DE MENEZES;;;2275;;Choque c/ Obst?â?ículo Fixo;Via Iluminada;Bom;Seca;Meio de Quadra;N?â?úo H?â?í Controle;Comercial;0;0;1;1;0;0;0;0;0;0;0;0;-3,735886800000000;-38,565197000000000
333347;25;10;2018;23:34;1561;AV PDE ANTONIO TOMAS;AV SEN VIRGILIO TAVORA;;0;;Colis?â?úo Transversal;Via Iluminada;Bom;Seca;Cruz;Sem?â?íforo;Comercial;0;1;1;1;0;0;0;0;0;1;0;0;-3,741760000000000;-38,494749000000000
333349;25;10;2018;23:05;0;RUA FRE MANSUETO;;;671;;Choque c/ Obst?â?ículo Fixo;Mal Iluminada;Bom;Seca;Meio de Quadra;N?â?úo H?â?í Controle;Comercial;0;0;2;1;1;0;0;0;0;0;0;0;-3,729838400000000;-38,488820000000000
333666;25;10;2018;23:00;0;RUA RIO GRANDE DO SUL;;;1895;;Colis?â?úo;Luz do Dia;;;Meio de Quadra;;;0;0;2;0;0;0;0;0;0;0;0;0;-3,764249000000000;-38,571151000000000
336342;25;10;2018;15:33;25201;RUA TABAJARAS;RUA DOS PACAJUS;;0;;Colis?â?úo;Luz do Dia;;;Cruz;Pare;Misto;0;1;1;0;0;0;0;0;0;1;0;0;;
336343;25;10;2018;16:38;0;RUA MON DANTAS;;;100;;Colis?â?úo;Luz do Dia;;;Meio de Quadra;;;0;1;1;1;0;0;0;0;0;1;0;0;-3,786385000000000;-38,518448900000000
336344;25;10;2018;16:41;0;AV SEN FERNANDES TAVORA;;;0;;Atropelamento;Luz do Dia;;;Meio de Quadra;;;0;1;1;1;0;0;0;0;0;0;0;0;;
336345;25;10;2018;16:53;0;RUA METON DE ALENCAR;;;0;;Atropelamento;Luz do Dia;;;Meio de Quadra;;;0;1;1;1;0;0;0;0;0;0;0;0;;
336346;25;10;2018;17:06;19230;AV SANTOS DUMONT;RUA DR RIBAMAR LOBO;;0;;Queda;Anoitecer;;;Duplo T;N?â?úo H?â?í Controle;Misto;0;1;0;0;0;1;0;0;0;0;0;0;-3,746060000000000;-38,467858000000000
336347;25;10;2018;17:14;17513;AV ABOLICAO;RUA MANUEL JACARE;;0;;Colis?â?úo;Anoitecer;;;Cruz;Pare;Residencial;0;1;1;1;0;0;0;0;0;1;0;0;-3,726087000000000;-38,487572000000000
336348;25;10;2018;17:19;0;AV GAL OSORIO DE PAIVA;;;1762;;Atropelamento;Anoitecer;;;Meio de Quadra;;;0;2;0;0;0;1;0;0;0;0;0;0;-3,782551000000000;-38,577376000000000
336349;25;10;2018;17:38;0;RUA BAR SOBRAL;;;927;;Queda;Anoitecer;;;Meio de Quadra;;;0;1;0;0;0;0;0;0;0;1;0;0;-3,765280000000000;-38,557307000000000
336350;25;10;2018;17:53;0;AV DR SILAS MUNGUBA;;;3661;;Atropelamento;Anoitecer;;;Meio de Quadra;;;0;1;1;1;0;0;0;0;0;0;0;0;-3,790136412000000;-38,541032412000000
336351;25;10;2018;18:26;0;AV PRS JUSCELINO KUBITSCHEK (PASSAR?âÔÇ?);;;3221;;Queda;Anoitecer;;;Meio de Quadra;;;0;1;0;0;0;0;0;0;0;1;0;0;-3,809047300000000;-38,526066600000000
336352;25;10;2018;19:28;11845;RUA MON DANTAS;RUA SAO PAULO;;0;;Colis?â?úo;;;;;;;0;1;1;1;0;0;0;0;0;1;0;0;-3,720211000000000;-38,545125000000000
336353;25;10;2018;19:35;0;RUA JOAQUIM ALBANO;;;870;;Colis?â?úo;;;;Meio de Quadra;;;0;1;1;1;0;0;0;0;0;1;0;0;-3,735666000000000;-38,582651000000000
336354;25;10;2018;20:58;0;AV C CJ CEARA;;;0;;Colis?â?úo;;;;Meio de Quadra;;;0;1;1;0;0;0;0;0;0;1;0;0;;
336355;25;10;2018;21:53;0;RUA CAETANO SILVA (PASSAR?âÔÇ?);;;212;;Queda;;;;Meio de Quadra;;;0;1;0;0;0;0;0;0;0;1;0;0;-3,749614900000000;-38,599093500000000
336337;25;10;2018;14:51;0;RUA JULIO SILVA;;;440;;Colis?â?úo;Luz do Dia;;;Meio de Quadra;;;0;1;1;1;0;0;0;0;0;1;0;0;;
336338;25;10;2018;14:53;15366;RUA PEREIRA VALENTE;RUA PRO DIAS DA ROCHA;;0;;Colis?â?úo;Luz do Dia;;;Cruz;Pare;Residencial;0;1;1;1;0;0;0;0;0;1;0;0;-3,734132000000000;-38,491243000000000
336339;25;10;2018;15:13;0;AV JOSE BASTOS;;;0;;Colis?â?úo;Luz do Dia;;;Meio de Quadra;;;0;1;1;1;0;0;0;0;0;1;0;0;;
336325;25;10;2018;09:41;0;AV MR HULL;;;0;;Queda;Luz do Dia;;;Meio de Quadra;;;0;1;0;0;0;0;0;0;0;1;0;0;;
336326;25;10;2018;09:46;0;AV ALM HENRIQUE SABOIA;;;0;;Queda;Luz do Dia;;;Meio de Quadra;;;0;1;0;0;0;0;0;0;0;1;0;0;;
336327;25;10;2018;11:28;0;AV ROGACIANO LEITE;;;400;;Colis?â?úo;Luz do Dia;;;Meio de Quadra;;;0;1;1;1;0;0;0;0;0;1;0;0;-3,761649250000000;-38,493399875000000
336328;25;10;2018;12:53;0;AV GOV RAUL BARBOSA;;;0;;Colis?â?úo;Luz do Dia;;;Meio de Quadra;;;0;1;1;1;0;0;0;0;0;1;0;0;;
336329;25;10;2018;12:56;0;AV FRANCISCO SA;;;0;;Queda;Luz do Dia;;;Meio de Quadra;;;0;1;0;0;0;0;0;0;0;1;0;0;;
336330;25;10;2018;13:13;0;RUA DR RIBAMAR LOBO;;;430;;Colis?â?úo;Luz do Dia;;;Meio de Quadra;;;0;1;1;1;0;0;0;0;0;1;0;0;-3,746960000000000;-38,468200000000000
336331;25;10;2018;13:32;23513;RUA ANA GONCALVES;RUA SABINO MONTE;;0;;Colis?â?úo;Luz do Dia;;;Cruz;Pare;Residencial;0;1;1;0;0;0;0;0;0;1;0;0;-3,759428000000000;-38,511374000000000
336332;25;10;2018;13:41;0;AV PERIMETRAL;;;0;;Colis?â?úo;Luz do Dia;;;Meio de Quadra;;;0;1;1;0;0;0;0;0;0;1;0;0;;
336319;25;10;2018;06:49;10695;RUA PRO HERIBALDO COSTA;RUA MON HIPOLITO BRASIL;;0;;Colis?â?úo;Luz do Dia;;;Cruz;Sem?â?íforo;Comercial;0;1;1;0;0;0;0;0;0;1;0;0;-3,757069000000000;-38,582275000000000
336320;25;10;2018;07:22;0;AV SEN FERNANDES TAVORA;;;97;;Colis?â?úo;Luz do Dia;;;Meio de Quadra;;;0;1;1;0;0;0;0;0;0;1;0;0;-3,768020000000000;-38,572399000000000
336321;25;10;2018;07:43;0;AV DUQ CAXIAS;;;2240;;Colis?â?úo;Luz do Dia;;;Meio de Quadra;;;0;1;1;1;0;0;0;0;0;1;0;0;-3,727112000000000;-38,544236000000000
336322;25;10;2018;08:51;0;RUA CON DE CASTRO;;;1476;;Colis?â?úo;Luz do Dia;;;Meio de Quadra;;;0;1;1;1;0;0;0;0;0;1;0;0;;
336323;25;10;2018;09:33;0;RUA PDE PERDIGAO SAMPAIO;;;250;;Colis?â?úo;Luz do Dia;;;Meio de Quadra;;;0;1;1;1;0;0;0;0;0;1;0;0;-3,738430500000000;-38,594869000000000
331817;25;10;2018;09:10;83;RUA PDE PERDIGAO SAMPAIO;RUA SAO VICENTE DE PAULA D29;;0;;Colis?â?úo Lateral;Luz do Dia;Bom;Seca;Cruz;N?â?úo H?â?í Controle;Residencial;0;1;2;1;0;0;0;0;0;1;0;0;;
331819;26;10;2018;09:50;15125;RUA ILDEFONSO ALBANO;RUA DR ATUALPA BARBOSA LIMA (P. IRACEMA);;0;;Colis?â?úo Lateral;Luz do Dia;Bom;Seca;Cruz;Pare;Comercial;0;1;1;0;0;0;0;0;0;1;0;0;-3,723503000000000;-38,510128000000000
332012;26;10;2018;15:00;0;RD CE-040;;;6000;KM-06;Colis?â?úo;Luz do Dia;Bom;Seca;Meio de Quadra;;;0;1;1;1;0;0;0;0;0;1;0;0;-3,809596804000000;-38,478733480000000
332013;26;10;2018;19:20;0;AV SEN CARLOS JEREISSATI (AEROPORTO);;;1000;KM 01;Colis?â?úo;Via Iluminada;Bom;Seca;Meio de Quadra;;;0;1;1;0;0;0;0;0;0;1;0;0;-3,783753000000000;-38,526850000000000
336375;26;10;2018;10:42;20005;AV DR SILAS MUNGUBA;RUA DES OTACILIO PEIXOTO;;0;;Colis?â?úo;Luz do Dia;;;T;Sem?â?íforo;Comercial;0;1;1;1;0;0;0;0;0;1;0;0;-3,800419000000000;-38,530329000000000
336376;26;10;2018;11:01;0;AV GAL OSORIO DE PAIVA;;;7950;;Colis?â?úo;Luz do Dia;;;Meio de Quadra;;;0;1;1;0;0;0;0;0;0;1;0;0;-3,821027602000000;-38,617877640000000
336377;26;10;2018;11:31;2511;AV FRANCISCO SA;RUA CANARIO;;0;;Colis?â?úo;Luz do Dia;;;T;N?â?úo H?â?í Controle;Industrial;0;1;1;1;0;0;0;0;0;1;0;0;;
336378;26;10;2018;13:30;0;RUA CEL FRANCISCO PEREIRA (MESSEJANA);;;440;;Colis?â?úo;Luz do Dia;;;Meio de Quadra;;;0;1;0;0;0;0;0;0;0;0;0;0;-3,831022822000000;-38,492824429000000
336379;26;10;2018;13:34;15348;RUA CANUTO DE AGUIAR;RUA PRO DIAS DA ROCHA;;0;;Colis?â?úo;Luz do Dia;;;Cruz;Pare;Comercial;0;1;1;0;0;0;0;0;0;1;0;0;-3,732186000000000;-38,490611000000000
336380;26;10;2018;15:08;0;AV CEL CARVALHO;;;1261;;Colis?â?úo;Luz do Dia;;;Meio de Quadra;;;0;1;1;0;0;0;1;0;0;1;0;0;-3,713319235000000;-38,588959882000000
336381;26;10;2018;15:41;0;AV C CJ CEARA;;;194;;Atropelamento;Luz do Dia;;;Meio de Quadra;;;0;1;1;1;0;0;0;0;0;0;0;0;-3,760085100000000;-38,609019800000000
336382;26;10;2018;17:48;3175;RUA VITAL BRASIL;RUA LUZIA MOREIRA;;0;;Atropelamento;Anoitecer;;;Cruz;Gesto;Comercial;0;1;1;0;0;0;0;0;0;1;0;0;-3,779420000000000;-38,593017000000000
336383;26;10;2018;17:50;0;RUA CEL ALEXANDRINO;;;4788;;Queda;Anoitecer;;;Meio de Quadra;;;0;1;0;0;0;0;0;0;0;1;0;0;-3,765200000000000;-38,552560000000000
336384;26;10;2018;18:20;21590;RUA RAIMUNDO NERY;RUA COM GARCIA;;0;;Colis?â?úo;Anoitecer;;;Cruz;Pare;Residencial;0;1;1;1;0;0;0;0;0;1;0;0;-3,795908000000000;-38,585684000000000
336385;26;10;2018;19:00;0;AV WASHINGTON LUIS;;;502;;Colis?â?úo;;;;Meio de Quadra;;;0;1;0;0;0;0;0;0;0;0;0;0;-3,716512078000000;-38,592972989000000
336363;26;10;2018;06:33;0;RD BR 116;;;3000;KM-03;Colis?â?úo Traseira;Luz do Dia;;;Meio de Quadra;;;0;1;2;0;1;0;0;0;0;1;0;0;-3,779838000000000;-38,514372000000000
336364;26;10;2018;06:57;0;RUA FRANCISCO RAMOS;;;359;;Colis?â?úo;Luz do Dia;;;Meio de Quadra;;;0;1;1;0;0;0;0;0;0;1;0;0;-3,752859900000000;-38,603444300000000
336365;26;10;2018;07:23;0;RD BR 116;;;11000;KM-11;Colis?â?úo;Luz do Dia;;;Meio de Quadra;;;0;1;0;0;0;0;0;0;0;0;0;0;-3,847160000000000;-38,497176000000000
336366;26;10;2018;07:50;0;AV GAL OSORIO DE PAIVA;;;0;;Colis?â?úo;Luz do Dia;;;Meio de Quadra;;;0;1;1;0;0;0;0;0;0;1;0;0;;
336368;26;10;2018;07:51;0;RUA 1141 CJ CEARA;;;0;;Colis?â?úo;Luz do Dia;;;Meio de Quadra;;;0;1;1;1;0;0;0;0;0;1;0;0;;
336397;26;10;2018;22:46;0;AV JOAO PESSOA;;;0;;Colis?â?úo;;;;Meio de Quadra;;;0;1;1;1;0;0;0;0;0;1;0;0;;
336398;26;10;2018;23:56;0;RUA SHIRLEY;;;168;;Queda;;;;Meio de Quadra;;;0;1;0;0;0;0;0;0;0;1;0;0;-3,802380000000000;-38,532920000000000
336393;26;10;2018;20:16;0;RUA SALVADOR CORREIA SA;;;327;;Colis?â?úo;;;;Meio de Quadra;;;0;1;1;1;0;1;0;0;0;0;0;0;-3,791310000000000;-38,475150000000000
336394;26;10;2018;20:26;0;AV TEN LISBOA;;;1480;;Colis?â?úo;;;;Meio de Quadra;;;0;1;0;0;0;0;0;0;0;0;0;0;-3,717750000000000;-38,548970000000000
336395;26;10;2018;21:40;0;RUA JULIO GASPAR;;;481;;Colis?â?úo;;;;Meio de Quadra;;;0;1;1;1;0;0;0;0;0;1;0;0;-3,782426000000000;-38,563108000000000
336389;26;10;2018;19:02;9034;AV AGUANAMBI;RUA CEL SOLON;;0;;Colis?â?úo;;;;Cruz;N?â?úo H?â?í Controle;Comercial;0;1;1;1;0;0;0;0;0;1;0;0;-3,742854000000000;-38,525818000000000
336390;26;10;2018;19:08;0;AV DEP PAULINO ROCHA;;;1001;;Atropelamento;;;;Meio de Quadra;;;0;1;1;0;0;0;0;0;0;1;0;0;-3,807640000000000;-38,508270000000000
336391;26;10;2018;19:36;0;RUA SABIAGUABA;;;1000;;Colis?â?úo;;;;Meio de Quadra;;;0;1;0;0;0;0;0;0;0;0;0;0;-3,783990504000000;-38,438559489000000
336659;26;10;2018;20:00;0;RUA LAURO NOGUEIRA;;;152;;Colis?â?úo;;;;Meio de Quadra;;;1;0;0;1;0;0;0;0;0;1;0;0;-3,737667500000000;-38,485380300000000
333350;26;10;2018;09:15;0;RUA STA LIDUINA D42;;;34;;Colis?â?úo Lateral;Luz do Dia;Bom;Seca;Meio de Quadra;Sem?â?íforo;Comercial;0;0;2;1;0;0;0;0;0;0;0;0;-3,798043700000000;-38,585110000000000
333351;26;10;2018;10:30;1408;RUA JOAO CARVALHO;RUA DR JOSE LOURENCO;;0;;Colis?â?úo Lateral;Luz do Dia;Bom;Seca;Cruz;Pare;Comercial;0;1;1;1;0;0;0;0;0;1;0;0;-3,737289000000000;-38,508643000000000
333352;26;10;2018;15:12;0;RUA DES LEITE ALBUQUERQUE;;;350;;Colis?â?úo Transversal;Luz do Dia;Bom;Seca;Meio de Quadra;N?â?úo H?â?í Controle;Comercial;0;0;2;1;0;0;0;0;0;0;0;0;-3,736303800000000;-38,501420000000000
333353;26;10;2018;14:57;0;AV MOZART PINHEIRO DE LUCENA;;;2063;;Colis?â?úo Traseira;Luz do Dia;Bom;Seca;Meio de Quadra;Pare;Comercial;0;1;1;1;0;0;0;0;0;1;0;0;-3,720186700000000;-38,596214000000000
333354;26;10;2018;15:30;13089;AV C CJ JOSE WALTER;RUA 41 CJ JOSE WALTER;;0;;Colis?â?úo Lateral;Luz do Dia;Bom;Seca;Cruz;Pare;Residencial;0;0;2;1;1;0;0;0;0;0;0;0;-3,828279000000000;-38,557167000000000
333348;26;10;2018;07:49;5450;RUA MAJ FACUNDO;RUA ANTONIO POMPEU;;0;;Colis?â?úo Transversal;Luz do Dia;Bom;Seca;Cruz;Pare;Comercial;0;1;1;1;0;0;0;0;0;1;0;0;-3,734923000000000;-38,530216000000000
333401;26;10;2018;19:09;0;AV PRS JUSCELINO KUBITSCHEK (PASSAR?âÔÇ?);;;0;;Colis?â?úo Traseira;Via Iluminada;Bom;Seca;T;N?â?úo H?â?í Controle;Lazer;0;1;1;1;0;0;0;0;0;1;0;0;-3,808795200000000;-38,525993000000000
333357;26;10;2018;19:15;0;AV PRS CASTELO BRANCO;;;0;;N?â?úo Informado;Luz do Dia;Bom;Seca;Meio de Quadra;Sem?â?íforo;Residencial;0;0;2;1;0;0;0;0;0;0;0;0;-3,714845200000000;-38,544582000000000
333358;26;10;2018;20:03;5097;RUA SAO PAULO;RUA TEREZA CRISTINA;;0;;Colis?â?úo Transversal;Via Iluminada;Bom;Seca;Cruz;Pare;Comercial;0;1;1;0;1;0;0;0;0;1;0;0;-3,723354000000000;-38,535693000000000
333359;26;10;2018;20:35;11339;AV GODOFREDO MACIEL;AV BENJAMIM BRASIL;;0;;Colis?â?úo Transversal;Via Iluminada;Bom;Seca;Cruz;Sem?â?íforo;Residencial;0;0;1;1;0;0;0;0;0;0;0;0;-3,803264000000000;-38,572040000000000
333360;26;10;2018;21:25;1580;RUA PDE VALDEVINO;RUA NUNES VALENTE;;0;;Colis?â?úo Transversal;Via Iluminada;Bom;Seca;Cruz;Gesto;Comercial;0;1;1;1;0;0;0;0;0;0;0;0;-3,742608000000000;-38,505782000000000
333361;26;10;2018;22:10;16475;AV PRS COSTA E SILVA;RUA 26 BATALHAO;;0;;Colis?â?úo Transversal;Via Iluminada;Bom;Seca;T;Pare;Residencial;0;1;1;0;1;1;0;0;0;0;0;0;-3,813187000000000;-38,570555000000000
333362;27;10;2018;02:09;1574;RUA PDE VALDEVINO;RUA JOSE VILAR;;0;;Colis?â?úo Transversal;Via Iluminada;Bom;Seca;Cruz;Sem?â?íforo;Comercial;0;0;2;1;0;0;0;0;0;0;0;0;-3,742300000000000;-38,506779000000000
333363;27;10;2018;02:45;15327;AV SEN VIRGILIO TAVORA;RUA ANA BILHAR;;0;;Colis?â?úo Transversal;Via Iluminada;Bom;Seca;Cruz;Sem?â?íforo;Comercial;0;1;1;1;0;0;0;0;0;0;0;0;-3,730893000000000;-38,491262000000000
333364;27;10;2018;08:12;0;RUA ALM RUFINO;;;1200;;Colis?â?úo Traseira;Luz do Dia;Bom;Seca;Meio de Quadra;Sem?â?íforo;Comercial;0;0;2;1;0;0;0;0;0;0;0;0;-3,765375900000000;-38,541070000000000
333365;27;10;2018;12:33;9142;RUA GUILHERME MOREIRA;RUA MON OTAVIO CASTRO;;0;;Colis?â?úo Traseira;Luz do Dia;Bom;Seca;Cruz;Pare;Residencial;0;0;2;1;0;0;0;0;0;0;0;0;-3,750182000000000;-38,526504000000000
333366;27;10;2018;16:40;5468;RUA ANTONIO POMPEU;RUA BAR ARATANHA;;0;;Colis?â?úo Transversal;Luz do Dia;Bom;Seca;Cruz;Sem?â?íforo;Comercial;0;0;2;1;0;0;0;0;0;0;0;0;-3,735826000000000;-38,527351000000000
333367;27;10;2018;21:27;0;RUA CAP ARAGAO;;;772;;Colis?â?úo Traseira;Mal Iluminada;Bom;Seca;Meio de Quadra;N?â?úo H?â?í Controle;Residencial;0;0;2;1;0;0;0;0;0;0;0;0;-3,764148500000000;-38,509773000000000
333668;27;10;2018;15:45;0;RUA SAO BERNARDO DE CAMPOS;;;0;;Choque c/ Obst?â?ículo Fixo;Luz do Dia;;;Meio de Quadra;;;0;0;1;0;0;0;0;0;0;0;0;0;;
333669;27;10;2018;22:40;0;TR CAP ARAGAO;;;772;;Colis?â?úo;;;;Meio de Quadra;;;0;0;2;1;0;0;0;0;0;0;0;0;-3,764110000000000;-38,511450000000000
333670;27;10;2018;16:50;10383;RUA DAS PEDRINHAS;RUA NOSSA SRA APARECIDA;;0;;Colis?â?úo;Luz do Dia;;;;;;0;0;1;1;0;0;0;0;0;0;0;0;-3,758463000000000;-38,599448000000000
336399;27;10;2018;00:52;0;AV CARAPINIMA;;;0;;Queda;;;;Meio de Quadra;;;0;1;0;0;0;1;0;0;0;0;0;0;;
336406;27;10;2018;04:07;0;AV LINEU MACHADO;;;0;;Colis?â?úo;;;;Meio de Quadra;;;0;1;1;1;0;0;0;0;0;1;0;0;;
336410;27;10;2018;06:41;0;AV GOV RAUL BARBOSA;;;0;;Colis?â?úo;Luz do Dia;;;Meio de Quadra;;;0;1;0;0;0;0;0;0;0;0;0;0;;
336411;27;10;2018;06:56;0;RUA MANUEL MOURA;;;585;;Colis?â?úo;Luz do Dia;;;Meio de Quadra;;;0;1;1;1;0;0;0;0;0;1;0;0;;
336412;27;10;2018;07:08;0;RD BR 222;;;0;;Queda;Luz do Dia;;;Meio de Quadra;;;0;1;0;0;0;0;0;0;0;1;0;0;;
336413;27;10;2018;08:14;0;RUA MARIA GOMES DE SA;;;0;;Colis?â?úo;Luz do Dia;;;Meio de Quadra;;;0;1;1;1;0;0;0;0;0;1;0;0;;
336414;27;10;2018;08:48;0;AV DA INDEPENDENCIA;;;704;;Colis?â?úo;Luz do Dia;;;Meio de Quadra;;;0;1;1;0;0;0;0;0;0;1;0;0;-3,728132000000000;-38,586790000000000
336415;27;10;2018;09:12;0;RUA PDE PERDIGAO SAMPAIO;;;0;;Colis?â?úo;Luz do Dia;;;Meio de Quadra;;;0;1;0;0;0;0;0;0;0;0;0;0;;
336416;27;10;2018;09:30;0;RUA EQUADOR;;;269;;Queda;Luz do Dia;;;Meio de Quadra;;;0;1;0;0;0;0;0;0;0;1;0;0;-3,773920000000000;-38,552410000000000
336417;27;10;2018;09:38;0;AV ODILON GUIMARAES;;;4668;;Colis?â?úo;Luz do Dia;;;Meio de Quadra;;;0;1;1;1;0;0;0;0;0;1;0;0;-3,808540517000000;-38,462050043000000
336418;27;10;2018;09:46;2699;RUA OSCAR ARARIPE;RUA CEL VIRGILIO NOGUEIRA (BOM JARDIM);;0;;Colis?â?úo;Luz do Dia;;;Cruz;Sem?â?íforo;Comercial;0;1;1;1;0;0;0;0;0;1;0;0;-3,788220000000000;-38,608593000000000
336419;27;10;2018;11:50;5935;AV C CJ CEARA;RUA 404 CJ CEARA;;0;;Queda;Luz do Dia;;;;;;0;1;0;0;0;1;0;0;0;0;0;0;-3,761770000000000;-38,609193000000000
336420;27;10;2018;12:56;0;AV AUGUSTO DOS ANJOS;;;2209;;Colis?â?úo;Luz do Dia;;;Meio de Quadra;;;0;1;1;1;0;0;0;0;0;1;0;0;-3,785447000000000;-38,583695000000000
336421;27;10;2018;13:20;0;AV DR SILAS MUNGUBA;;;4500;;Colis?â?úo;Luz do Dia;;;Meio de Quadra;;;0;1;1;1;0;0;0;0;0;1;0;0;-3,793090000000000;-38,535043000000000