COD_ACIDENTE;DIA;MES;ANO;HORA;INTERSECAO;LOG1;LOG2;LOG3;NUMERO;REFERENCIA;NATUREZA;ILUMINACAO;TEMPO;SUPERFICIEPISTA;TIPOCRUZAMENTO;CONTROLETRAFEGO;USOSOLO;MORTOS;FERIDOS;ILESOS;AUTOMOVEL;ONIBUS;BICICLETA;CAMINHAO;MICROONIBUS;CICLOMOTOR;MOTOCICLETA;TRACAOANIMAL;TREM;LATITUDE;LONGITUDE
336422;27;10;2018;13:40;1571;RUA VICENTE LEITE;RUA CAROLINA SUCUPIRA;;0;;Colis?â?úo;Luz do Dia;;;Cruz;Pare;Residencial;0;0;2;1;0;0;0;0;0;0;0;0;-3,742124000000000;-38,497020000000000
336423;27;10;2018;15:02;2573;RUA GRACA ARANHA;AV FRANCISCO SA;;0;;Queda;Luz do Dia;;;Cruz;Pare;Residencial;0;1;0;0;0;0;0;0;0;1;0;0;-3,711611000000000;-38,574359000000000
336449;27;10;2018;23:59;0;RUA SAO RAIMUNDO D33;;;381;;Queda;;;;Meio de Quadra;;;0;1;0;0;0;0;0;0;0;1;0;0;-3,708770000000000;-38,554730000000000
336447;27;10;2018;22:23;0;AV GODOFREDO MACIEL;;;0;;Colis?â?úo;;;;Meio de Quadra;;;0;1;1;1;0;0;0;0;0;1;0;0;;
336443;27;10;2018;21:09;0;AV FILOMENO GOMES;;;0;;Colis?â?úo;;;;Meio de Quadra;;;0;1;1;1;0;0;0;0;0;1;0;0;;
336444;27;10;2018;22:06;15189;AV ABOLICAO;RUA FRE MANSUETO;;0;;Colis?â?úo;;;;Cruz;Sem?â?íforo;Comercial;0;1;1;0;0;0;0;0;0;1;0;0;-3,726368000000000;-38,489324000000000
336428;27;10;2018;15:19;0;RUA TULIPA NEGRA;;;1751;;Colis?â?úo;Luz do Dia;;;Meio de Quadra;;;0;2;0;1;1;0;0;0;0;0;0;0;-3,820969000000000;-38,595435818000000
336441;27;10;2018;19:34;0;AV PRS CASTELO BRANCO;;;549;;Atropelamento;;;;Meio de Quadra;;;0;1;1;0;0;0;0;0;0;1;0;0;;
336431;27;10;2018;16:03;0;RUA DOM LINO;;;804;;Colis?â?úo;Luz do Dia;;;Meio de Quadra;;;0;1;1;1;0;0;0;0;0;1;0;0;-3,741816500000000;-38,556010500000000
336432;27;10;2018;18:07;6737;AV ENG SANTANA JUNIOR;AV PDE ANTONIO TOMAS;;0;;Colis?â?úo;Anoitecer;;;Meio de Quadra;N?â?úo H?â?í Controle;Comercial;0;1;1;1;0;0;0;0;0;1;0;0;-3,743981000000000;-38,488012000000000
336433;27;10;2018;18:59;0;RD QUARTO ANEL VIARIO;;;0;;Colis?â?úo;;;;Meio de Quadra;;;0;1;0;0;0;0;0;0;0;0;0;0;;
332014;27;10;2018;15:10;0;RD CE-040;;;8000;KM-08;Colis?â?úo;Luz do Dia;Bom;Seca;Meio de Quadra;;;0;0;3;1;0;0;0;0;0;0;0;0;-3,825515822000000;-38,481538320000000
331851;27;10;2018;13:30;1394;RUA TORRES CAMARA;RUA TIBURCIO CAVALCANTE;;0;;Colis?â?úo Transversal;Luz do Dia;Bom;Seca;Cruz;Sem?â?íforo;Comercial;0;1;1;1;0;0;0;0;0;1;0;0;-3,736933000000000;-38,502906000000000
331861;27;10;2018;01:30;8018;AV JOAO PESSOA;RUA JOSE MONTEIRO DOS SANTOS;;0;;Colis?â?úo Frontal;Via Iluminada;Bom;Seca;T;Sem?â?íforo;Comercial;0;2;1;1;0;0;0;0;0;1;0;0;-3,751769000000000;-38,548869000000000
331855;27;10;2018;22:00;12674;AV CEL CARVALHO;RUA GUILHERME MENDES;;0;;Colis?â?úo;Via Iluminada;Bom;Seca;Cruz;Pare;Comercial;0;1;1;1;0;0;0;0;0;1;0;0;-3,720651000000000;-38,587094000000000
336452;28;10;2018;08:02;0;RUA DA PAZ;;;1620;;Colis?â?úo;Luz do Dia;;;Meio de Quadra;;;0;1;1;1;0;0;0;0;0;1;0;0;-3,808795000000000;-38,628399800000000
336453;28;10;2018;08:53;0;AV GOV RAUL BARBOSA;;;6666;;Queda;Luz do Dia;;;Meio de Quadra;;;0;1;0;0;0;0;0;0;0;1;0;0;-3,772619500000000;-38,512387000000000
336454;28;10;2018;09:45;0;RUA MONTE PASCOAL;;;1151;;Colis?â?úo;Luz do Dia;;;Meio de Quadra;;;0;1;0;0;0;0;0;0;0;0;0;0;;
336455;28;10;2018;12:04;14758;RUA PDE ARIMATEIA D42/71;RUA ALBANO AMARAL;;0;;Atropelamento;Luz do Dia;;;;;;0;1;1;0;0;0;0;0;0;1;0;0;-3,797951000000000;-38,582817000000000
336456;28;10;2018;12:17;0;RUA PRO HERIBALDO COSTA;;;2196;;Queda;Luz do Dia;;;Meio de Quadra;;;0;1;0;0;0;0;0;0;0;1;0;0;-3,762460000000000;-38,585180000000000
336457;28;10;2018;12:41;26246;RUA JOSE ABILIO;RUA ANTONIO NERY;;0;;Colis?â?úo;Luz do Dia;;;;;;0;1;1;1;0;0;0;0;0;1;0;0;-3,783022000000000;-38,601574000000000
336470;28;10;2018;13:55;0;RUA LINEU JUCA;;;664;;Queda;Luz do Dia;;;Meio de Quadra;;;0;1;0;0;0;0;0;0;0;1;0;0;-3,767323000000000;-38,537428000000000
336471;28;10;2018;14:22;0;AV WASHINGTON SOARES;;;5501;;Queda;Luz do Dia;;;Meio de Quadra;;;0;1;0;0;0;0;0;0;0;1;0;0;-3,808324000000000;-38,478915000000000
336472;28;10;2018;14:46;0;RUA CEL FRANCISCO PEREIRA (MESSEJANA);;;440;;Colis?â?úo;Luz do Dia;;;Meio de Quadra;;;0;1;1;1;0;0;0;0;0;1;0;0;-3,831022822000000;-38,492824429000000
336473;28;10;2018;15:37;0;RUA NOSSA SRA APARECIDA;;;150;;Colis?â?úo;Luz do Dia;;;Meio de Quadra;;;0;1;1;1;0;1;0;0;0;0;0;0;-3,758317400000000;-38,599585300000000
336474;28;10;2018;15:42;0;RUA APOCALIPSE (MONDUBIM);;;210;;Colis?â?úo;Luz do Dia;;;Meio de Quadra;;;0;1;1;1;0;1;0;0;0;0;0;0;-3,834357600000000;-38,569700100000000
336475;28;10;2018;16:12;0;RUA PDE VALDEVINO;;;810;;Colis?â?úo;Luz do Dia;;;Meio de Quadra;;;0;1;0;0;0;0;0;0;0;0;0;0;-3,739059000000000;-38,517015000000000
336476;28;10;2018;17:22;0;RUA LUCAS PINTO;;;540;;Colis?â?úo;Anoitecer;;;Meio de Quadra;;;0;1;1;0;0;0;0;0;0;1;0;0;-3,715895000000000;-38,558988000000000
336468;28;10;2018;13:45;0;AV SANTOS DUMONT;;;0;;Colis?â?úo;Luz do Dia;;;Meio de Quadra;;;0;1;0;0;0;0;0;0;0;0;0;0;;
336499;28;10;2018;18:01;0;RUA ALTANEIRA;;;645;;Colis?â?úo;Anoitecer;;;Meio de Quadra;;;0;1;1;1;0;0;0;0;0;1;0;0;-3,726720000000000;-38,587610000000000
336500;28;10;2018;18:51;0;AV B CJ CEARA;;;104;;Queda;;;;Meio de Quadra;;;0;1;0;0;0;0;0;0;0;1;0;0;-3,763543933000000;-38,603481467000000
336501;28;10;2018;15:51;0;RUA ROSA CRUZ;;;180;;Atropelamento;Luz do Dia;;;Meio de Quadra;;;0;1;1;1;0;0;0;0;0;0;0;0;-3,799140100000000;-38,566128200000000
336502;28;10;2018;19:12;0;RUA SETEMBRINA;;;567;;Queda;;;;Meio de Quadra;;;0;1;0;0;0;1;0;0;0;0;0;0;-3,811884782000000;-38,596910092000000
336503;28;10;2018;19:48;0;RUA DR WALTER PORTO;;;154;;Colis?â?úo;;;;Meio de Quadra;;;0;1;1;1;0;0;0;0;0;1;0;0;-3,802471540000000;-38,493672948000000
336504;28;10;2018;20:41;0;AV SGT HERMINIO SAMPAIO;;;4499;;Colis?â?úo;;;;Meio de Quadra;;;0;1;1;1;0;0;0;0;0;1;0;0;-3,731852230000000;-38,580088578000000
336506;28;10;2018;20:51;0;RUA SAO BERNARDO;;;217;;Colis?â?úo;;;;Meio de Quadra;;;0;1;0;0;0;0;0;0;0;0;0;0;-3,714800000000000;-38,572860000000000
336507;28;10;2018;21:04;0;RUA SAO JOSE D03;;;633;;Queda;;;;Meio de Quadra;;;0;1;0;0;0;0;0;0;0;1;0;0;-3,798958500000000;-38,515207700000000
336508;28;10;2018;21:27;0;AV PRS CASTELO BRANCO;;;1028;;Atropelamento;;;;Meio de Quadra;;;0;1;1;1;0;0;0;0;0;0;0;0;-3,709796000000000;-38,563148600000000
336509;28;10;2018;23:12;0;AV ANTONIO SALES;;;654;;Atropelamento;;;;Meio de Quadra;;;0;1;1;1;0;0;0;0;0;0;0;0;-3,741178900000000;-38,516584800000000
336510;28;10;2018;23:22;0;RD BR 116;;;3000;KM-03;Choque c/ Obst?â?ículo Fixo;;;;Meio de Quadra;;;0;2;0;1;0;0;0;0;0;0;0;0;-3,779838000000000;-38,514372000000000
336511;28;10;2018;23:27;0;AV ALBERTO CRAVEIRO;;;0;;Capotamento;;;;Meio de Quadra;;;0;1;1;1;0;0;0;0;0;0;0;0;;
336512;28;10;2018;23:56;0;AV ANTONIO SALES;;;0;;Atropelamento;;;;Meio de Quadra;;;0;1;1;1;0;0;0;0;0;0;0;0;;
333671;28;10;2018;17:10;25345;RUA PORTO VELHO;RUA VITORIA (AV. PERIMETRAL);;0;;Colis?â?úo;Anoitecer;;;Cruz;Sem?â?íforo;Comercial;0;1;1;0;0;0;0;0;0;1;0;0;-3,765170000000000;-38,588528000000000
333672;28;10;2018;18:06;0;RUA CAMELIA;;;417;;Colis?â?úo;Anoitecer;;;Meio de Quadra;;;0;0;2;1;0;0;0;0;0;1;0;0;-3,708461000000000;-38,565254000000000
333674;28;10;2018;22:40;0;AV JOSE LEON;;;1140;;Colis?â?úo;;;;Meio de Quadra;;;0;0;2;1;0;0;0;0;0;0;0;0;-3,788037000000000;-38,500926000000000
333368;28;10;2018;10:05;0;AV JOR THOMAZ COELHO;;;575;;N?â?úo Informado;Luz do Dia;Bom;Seca;Meio de Quadra;Pare;Comercial;0;2;0;0;0;0;0;0;0;1;0;0;-3,832385000000000;-38,499840000000000
333369;28;10;2018;10:41;4766;RUA MONTE PASCOAL;RUA SAO FELIPE D71;;0;;Colis?â?úo Transversal;Luz do Dia;Bom;Seca;Cruz;Pare;Residencial;0;0;2;0;0;0;0;0;0;1;0;0;-3,804646000000000;-38,599931000000000
333370;28;10;2018;09:30;0;RUA JOAO CRISPIM D65;RUA GUILHERME ALMEIDA;;1;;Colis?â?úo Transversal;Luz do Dia;Bom;Seca;;;;0;1;2;1;0;1;0;0;0;0;0;0;-3,856565700000000;-38,497820000000000
333371;28;10;2018;14:06;6800;AV SANTOS DUMONT;RUA BATISTA DE OLIVEIRA;;0;;Colis?â?úo Transversal;Luz do Dia;Bom;Seca;Cruz;Sem?â?íforo;Residencial;0;1;1;1;0;0;0;0;0;1;0;0;-3,742258000000000;-38,479668000000000
333372;28;10;2018;16:26;1484;AV PDE ANTONIO TOMAS;RUA JOAQUIM NABUCO;;0;;Colis?â?úo Transversal;Luz do Dia;Bom;Seca;Cruz;Sem?â?íforo;Comercial;0;1;1;1;0;0;0;0;0;1;0;0;-3,739222000000000;-38,502569000000000
333373;28;10;2018;15:55;1469;AV SEN VIRGILIO TAVORA;RUA DES LEITE ALBUQUERQUE;;0;;Colis?â?úo Transversal;Luz do Dia;Bom;Seca;Cruz;N?â?úo H?â?í Controle;Comercial;0;1;1;0;0;0;0;0;0;1;0;0;-3,738810000000000;-38,493796000000000
333374;28;10;2018;18:10;1333;RUA BARBOSA DE FREITAS;RUA MARIA TOMASIA;;0;;Colis?â?úo Transversal;Via Iluminada;Bom;Seca;Cruz;Pare;Comercial;0;1;1;1;0;0;0;0;0;1;0;0;-3,735546000000000;-38,497042000000000
333375;29;10;2018;00:54;3769;AV DOMINGOS OLIMPIO;RUA SEN POMPEU;;0;;Colis?â?úo Transversal;Via Iluminada;Bom;Seca;Cruz;Sem?â?íforo;Comercial;0;1;1;0;0;0;0;0;0;1;0;0;-3,736254000000000;-38,532455000000000
333376;29;10;2018;06:15;0;RUA ANSELMO NOGUEIRA;;;148;;Choque c/ Obst?â?ículo Fixo;Luz do Dia;Nublado;Seca;Meio de Quadra;N?â?úo H?â?í Controle;Comercial;0;1;0;1;0;0;0;0;0;0;0;0;-3,775366000000000;-38,587143000000000
333377;29;10;2018;06:41;3990;AV PRO GOMES DE MATOS;RUA PRO COSTA MENDES;;0;;Colis?â?úo Transversal;Luz do Dia;Bom;Seca;Cruz;Sem?â?íforo;Comercial;0;1;1;1;0;0;0;0;0;1;0;0;-3,758035000000000;-38,542936000000000
333378;29;10;2018;07:00;15134;AV BEIRA MAR;AV BAR STUDART;;1;;Colis?â?úo Traseira;Luz do Dia;Bom;Seca;T;Pare;Residencial;0;0;2;0;1;0;0;0;0;0;0;0;-3,723916000000000;-38,503156000000000
333379;29;10;2018;08:30;1258;RUA MON BRUNO;AV SANTOS DUMONT;;0;;Colis?â?úo;Luz do Dia;Bom;Seca;Cruz;Pare;Comercial;0;1;1;1;0;1;0;0;0;0;0;0;-3,732595000000000;-38,509506000000000
333380;29;10;2018;10:56;0;AV GAL OSORIO DE PAIVA;;;3379;;Engavetamento;Luz do Dia;Bom;Seca;Meio de Quadra;N?â?úo H?â?í Controle;Comercial;0;0;3;1;1;0;0;0;0;0;0;0;-3,790604600000000;-38,588230000000000
333381;29;10;2018;13:15;19454;RUA ABEL RIBEIRO;AV AUGUSTO DOS ANJOS;;0;;Colis?â?úo Lateral;Luz do Dia;Bom;Seca;T;Pare;Comercial;0;1;1;1;0;0;0;0;0;1;0;0;-3,780030000000000;-38,579030000000000
333382;29;10;2018;14:17;0;AV SEN CARLOS JEREISSATI (AEROPORTO);;;3000;AEROPORTO;Colis?â?úo Transversal;Luz do Dia;Bom;Seca;Meio de Quadra;N?â?úo H?â?í Controle;Comercial;0;0;2;1;0;0;0;0;0;0;0;0;-3,783146800000000;-38,532356100000000
333383;29;10;2018;15:29;3030;RUA DIOGO CORREIA;RUA ANDRE REBOUCAS;;0;;Colis?â?úo Transversal;Luz do Dia;Bom;Seca;Outros;Sem?â?íforo;Comercial;0;1;1;1;0;0;0;0;0;1;0;0;-3,774008000000000;-38,588606000000000
333384;29;10;2018;13:30;14755;RUA ALBANO AMARAL;RUA STA LIDUINA D42;;0;;Colis?â?úo;Luz do Dia;Bom;Seca;Cruz;Pare;Residencial;0;1;2;1;0;0;0;0;1;0;0;0;-3,797816000000000;-38,584983000000000
333385;29;10;2018;16:18;0;AV JOAO PESSOA;;;4680;;Colis?â?úo Traseira;Luz do Dia;Bom;Seca;Meio de Quadra;N?â?úo H?â?í Controle;Comercial;0;1;1;1;0;0;0;0;0;1;0;0;-3,753458000000000;-38,550430000000000
333386;29;10;2018;17:11;0;RUA CARLOS AMORA;;;110;;Colis?â?úo Lateral;Luz do Dia;Bom;Seca;Meio de Quadra;N?â?úo H?â?í Controle;Residencial;0;0;2;1;0;0;0;0;0;1;0;0;-3,774984000000000;-38,563805000000000
333387;29;10;2018;17:31;25769;AV DR SILAS MUNGUBA;RUA CORUMBA;;0;;Colis?â?úo Transversal;Luz do Dia;Bom;Seca;T;Pare;Comercial;0;1;1;1;0;0;0;0;0;1;0;0;-3,801188000000000;-38,530014000000000
333388;29;10;2018;16:50;0;RUA CARLOS AMORA;;;100;;Atropelamento;Luz do Dia;Bom;Seca;Meio de Quadra;Sem?â?íforo;Comercial;0;1;1;0;1;0;0;0;0;0;0;0;-3,774991300000000;-38,563800000000000
333389;29;10;2018;18:10;0;AV ENG AGRONOMO JOSE GUIMARAES DUQUE;RUA DEP FIGUEIREDO CORREIA;;0;;Colis?â?úo Traseira;Via Iluminada;Bom;Seca;Cruz;Pare;Residencial;0;0;2;1;0;0;0;0;0;0;0;0;-3,802972000000000;-38,494377000000000
333390;29;10;2018;20:03;0;AV PONTES VIEIRA;;;1485;;Colis?â?úo Lateral;Via Iluminada;Bom;Seca;Meio de Quadra;N?â?úo H?â?í Controle;Comercial;0;0;2;1;1;0;0;0;0;0;0;0;-3,752122400000000;-38,508144000000000
333391;29;10;2018;20:50;0;AV BAR STUDART;;;1182;;Colis?â?úo Transversal;Via Iluminada;Chuva;Molhada;Meio de Quadra;Sem?â?íforo;Comercial;0;0;2;1;0;0;0;0;0;0;0;0;-3,735398000000000;-38,506996000000000
333392;29;10;2018;21:05;1333;RUA BARBOSA DE FREITAS;RUA MARIA TOMASIA;;0;;Colis?â?úo Transversal;Via Iluminada;Bom;Seca;Cruz;Pare;Comercial;0;0;2;1;0;0;0;0;0;0;0;0;-3,735546000000000;-38,497042000000000
333681;29;10;2018;09:00;0;RD CE-065;;;0;KM-03;Colis?â?úo;Luz do Dia;;;Meio de Quadra;;;0;0;1;1;0;0;0;0;0;0;0;0;;
333679;29;10;2018;02:20;0;RUA ANSELMO NOGUEIRA;;;258;;Choque c/ Obst?â?ículo Fixo;;;;Meio de Quadra;;;0;0;1;1;0;0;0;0;0;0;0;0;-3,785783300000000;-38,588620200000000
333692;29;10;2018;09:50;0;AV L CJ CEARA;;;0;;Colis?â?úo;Luz do Dia;;;Meio de Quadra;;;0;0;2;0;0;0;0;0;0;1;0;0;;
333683;29;10;2018;15:05;0;RUA SILVA JATAHY;;;305;;Colis?â?úo;Luz do Dia;;;Meio de Quadra;;;0;0;3;0;0;0;0;0;0;1;0;0;-3,727949200000000;-38,496608600000000
336513;29;10;2018;00:39;0;RUA MANUEL CASTELO BRANCO;;;69;;Queda;;;;Meio de Quadra;;;0;1;0;0;0;0;0;0;0;1;0;0;-3,831734200000000;-38,492109100000000
336515;29;10;2018;06:35;0;RUA CAP OLAVO;;;198;;Colis?â?úo;Luz do Dia;;;Meio de Quadra;;;0;1;1;1;0;0;0;0;0;1;0;0;-3,764063500000000;-38,516133850000000
336541;29;10;2018;08:29;0;AV AMERICO BARREIRA;;;0;;Colis?â?úo;Luz do Dia;;;Meio de Quadra;;;0;1;0;0;0;0;0;0;0;0;0;0;;
336624;29;10;2018;19:15;0;AV DOMINGOS OLIMPIO;;;0;;Queda;;;;Meio de Quadra;;;0;1;0;0;0;1;0;0;0;0;0;0;;
336625;29;10;2018;19:27;0;RUA PDE IBIAPINA;;;1640;;Colis?â?úo;;;;Meio de Quadra;;;0;1;0;0;0;0;0;0;0;0;0;0;-3,730033000000000;-38,540028500000000
336569;29;10;2018;17:50;0;AV BAR STUDART;;;251;;Queda;Anoitecer;;;Meio de Quadra;;;0;1;0;0;0;1;0;0;0;0;0;0;-3,726100500000000;-38,503866000000000
336570;29;10;2018;18:11;0;RUA VIA LACTEA;;;175;;Colis?â?úo;Anoitecer;;;Meio de Quadra;;;0;1;0;0;0;0;0;0;0;0;0;0;;
336571;29;10;2018;19:04;0;RUA PRO VIRGILIO DE MORAIS;;;0;;Colis?â?úo;;;;Meio de Quadra;;;0;1;1;1;0;0;0;0;0;1;0;0;;
336561;29;10;2018;16:25;0;RUA COS TRISTAO;;;1636;;Colis?â?úo;Luz do Dia;;;Meio de Quadra;;;0;1;1;1;0;0;0;0;0;1;0;0;-3,748345968000000;-38,529838323000000
336562;29;10;2018;16:25;0;RUA ALCIDES SANTOS;;;20;;Atropelamento;Luz do Dia;;;Meio de Quadra;;;0;1;1;1;0;0;0;0;0;0;0;0;-3,778915818000000;-38,556288091000000
336563;29;10;2018;16:51;0;RUA EMILIO DE MENESES;;;1017;;Queda;Luz do Dia;;;Meio de Quadra;;;0;1;0;0;0;0;0;0;0;1;0;0;-3,780841357000000;-38,590624397000000
336564;29;10;2018;17:20;0;AV FRANCISCO SA;;;4241;;Queda;Anoitecer;;;Meio de Quadra;;;0;1;0;0;0;1;0;0;0;0;0;0;-3,715610917000000;-38,562695063000000
336557;29;10;2018;14:58;0;AV JOAO PESSOA;;;4633;;Colis?â?úo;Luz do Dia;;;Meio de Quadra;;;0;1;1;1;0;0;0;0;0;1;0;0;-3,753199000000000;-38,550151000000000
336551;29;10;2018;12:37;0;AV ALBERTO CRAVEIRO;;;0;;Colis?â?úo;Luz do Dia;;;Meio de Quadra;;;0;1;1;1;0;0;0;0;0;1;0;0;;
336552;29;10;2018;14:01;0;AV SGT HERMINIO SAMPAIO;;;1823;;Colis?â?úo;Luz do Dia;;;Meio de Quadra;;;0;1;1;1;0;0;0;0;0;1;0;0;-3,725727000000000;-38,557016000000000
336555;29;10;2018;14:19;12758;RUA JULIO CESAR D12;RUA DELMIRO FARIAS;;0;;Colis?â?úo;Luz do Dia;;;Cruz;Pare;Residencial;0;1;1;0;0;0;0;0;0;1;0;0;-3,752508000000000;-38,545070000000000
336543;29;10;2018;08:37;10740;RUA AUDISIO PINHEIRO;RUA PORTO ALEGRE;;0;;Colis?â?úo;Luz do Dia;;;Cruz;Pare;Residencial;0;1;0;0;0;0;0;0;0;0;0;0;-3,760602000000000;-38,589942000000000
336548;29;10;2018;12:05;0;RUA CARLOS AMORA;;;0;;Atropelamento;Luz do Dia;;;Meio de Quadra;;;0;1;1;0;1;0;0;0;0;0;0;0;;
336521;29;10;2018;07:16;5150;RUA BAR RIO BRANCO;RUA SEN ALENCAR;;0;;Colis?â?úo;Luz do Dia;;;Cruz;Pare;Comercial;0;1;1;1;0;0;0;0;0;1;0;0;-3,724879000000000;-38,527752000000000
336517;29;10;2018;07:04;0;RD DR MENDEL STEINBRUCH;;;0;;Colis?â?úo;Luz do Dia;;;Meio de Quadra;;;0;1;1;1;0;0;0;0;0;1;0;0;;
336518;29;10;2018;07:15;0;AV DEP PAULINO ROCHA;;;0;;Atropelamento;Luz do Dia;;;Meio de Quadra;;;0;1;1;0;0;0;0;0;0;1;0;0;;
336628;29;10;2018;19:30;0;AV DOMINGOS OLIMPIO;;;142;;Queda;;;;Meio de Quadra;;;0;1;0;0;0;1;0;0;0;0;0;0;-3,738402000000000;-38,525362000000000
336630;29;10;2018;22:20;0;AV GAL MURILO BORGES;;;0;;Queda;;;;Meio de Quadra;;;0;1;0;0;0;0;0;0;0;1;0;0;;
336631;29;10;2018;23:33;0;AV GOV RAUL BARBOSA;;;0;;Colis?â?úo;;;;Meio de Quadra;;;0;1;1;0;0;0;0;0;0;1;0;0;;
337407;29;10;2018;14:55;0;AV JOAO PESSOA;;;4633;;Colis?â?úo Lateral;Luz do Dia;;;Meio de Quadra;;;1;0;1;1;0;0;0;0;0;1;0;0;-3,753199000000000;-38,550151000000000
332015;29;10;2018;07:20;0;RD CE-060;;;3000;KM-03;Colis?â?úo;Luz do Dia;Bom;Seca;Meio de Quadra;;;0;1;1;1;0;1;0;0;0;0;0;0;-3,843038000000000;-38,585133000000000
332018;29;10;2018;11:10;0;AV ENG SANTANA JUNIOR;;;1000;PONTE DO RIO COCO;Colis?â?úo;Luz do Dia;Bom;Seca;Meio de Quadra;;;0;0;2;1;0;0;0;0;0;0;0;0;-3,736968000000000;-38,482901000000000
332019;29;10;2018;07:30;0;RD CE-060;;;2000;KM-02;Colis?â?úo;Luz do Dia;Bom;Seca;Meio de Quadra;;;0;0;2;1;0;0;0;0;0;0;0;0;-3,834064000000000;-38,582111000000000
332020;29;10;2018;17:00;0;RD CE-040;;;10000;KM-10;Atropelamento;Via Iluminada;Bom;Seca;Meio de Quadra;;;0;2;0;0;0;0;0;0;0;1;0;0;-3,842576660000000;-38,480882840000000
332024;30;10;2018;07:25;0;AV SEN CARLOS JEREISSATI (AEROPORTO);;;2000;KM 02;Colis?â?úo;Luz do Dia;Bom;Seca;Meio de Quadra;;;0;0;2;1;0;0;0;0;0;1;0;0;-3,782194000000000;-38,535424000000000
332022;30;10;2018;08:40;0;RD CE-040;;;10000;KM-10;Colis?â?úo;Luz do Dia;Bom;Seca;Meio de Quadra;;;0;2;0;1;0;0;0;0;0;1;0;0;-3,842576660000000;-38,480882840000000
332026;30;10;2018;11:40;0;RD CE-060;;;1000;KM-01;Colis?â?úo;Luz do Dia;Bom;Seca;Meio de Quadra;;;0;0;2;1;0;0;0;0;0;0;0;0;-3,826136000000000;-38,579500000000000
332027;30;10;2018;07:40;0;RD CE-040;;;14000;KM-14;Colis?â?úo;Luz do Dia;Bom;;Meio de Quadra;;;0;0;2;1;0;0;1;0;0;0;0;0;-3,752392518000000;-38,490747350000000
331866;30;10;2018;11:40;0;AV H CJ CEARA;;;1926;;Atropelamento;Luz do Dia;;;Meio de Quadra;;;1;0;1;1;0;0;0;0;0;0;0;0;-3,775675900000000;-38,595632000000000
336634;30;10;2018;06:29;14600;AV JOSE LEON;RUA GAL CASTELO BRANCO (CID. FUNCIONARIOS);;0;;Colis?â?úo;Luz do Dia;;;T;N?â?úo H?â?í Controle;Residencial;0;1;1;1;0;0;0;0;0;1;0;0;-3,790284000000000;-38,491390000000000
336635;30;10;2018;06:48;0;RUA GEORGE ROCHA;;;0;;Queda;Luz do Dia;;;Meio de Quadra;;;0;1;0;0;0;0;0;0;0;1;0;0;;
336644;30;10;2018;10:24;0;RUA VALPARAISO;;;250;;Colis?â?úo;Luz do Dia;;;Meio de Quadra;;;0;1;1;1;0;0;0;0;0;1;0;0;-3,845970000000000;-38,523145500000000
336637;30;10;2018;06:56;0;AV PRO JOSE ARTHUR CARVALHO;;;0;;Atropelamento;Luz do Dia;;;Meio de Quadra;;;0;1;1;1;0;0;0;0;0;0;0;0;;
336639;30;10;2018;07:44;0;RUA 15 DE NOVEMBRO;;;0;;Colis?â?úo;Luz do Dia;;;Meio de Quadra;;;0;1;1;1;0;0;0;0;0;1;0;0;;
336640;30;10;2018;08:10;0;AV WASHINGTON SOARES;;;6610;;Colis?â?úo;Luz do Dia;;;Meio de Quadra;;;0;1;1;1;0;0;0;0;0;1;0;0;-3,815798300000000;-38,482054100000000
336664;30;10;2018;12:02;12445;AV SEN FERNANDES TAVORA;TR HELENA DE MARIA;;0;;Colis?â?úo;Luz do Dia;;;T;Pare;Comercial;0;1;1;1;0;0;0;0;0;1;0;0;-3,766094000000000;-38,574916000000000
336651;30;10;2018;10:50;0;RD BR 116;;;6100;;Colis?â?úo Traseira;Luz do Dia;;;Meio de Quadra;;;0;1;3;0;1;0;0;0;0;0;0;0;-3,774529000000000;-38,515865000000000
336648;30;10;2018;10:43;0;AV PRS CASTELO BRANCO;;;0;;Queda;Luz do Dia;;;Meio de Quadra;;;0;1;0;0;0;1;0;0;0;0;0;0;;
336649;30;10;2018;11:07;0;RUA 13 DE ABRIL;;;183;;Queda;Luz do Dia;;;Meio de Quadra;;;0;1;0;0;0;0;0;0;0;1;0;0;-3,764840842000000;-38,530208877000000
336642;30;10;2018;08:56;10681;AV MIGUEL DIAS;RUA FIRMINO ROCHA AGUIAR;;0;;Colis?â?úo;Luz do Dia;;;Rotat?â??ria;D?â?¬ Prefer?â?¬ncia;Escola;0;1;1;1;0;0;0;0;0;1;0;0;-3,763517000000000;-38,487708000000000
336683;30;10;2018;19:28;0;RUA PORTO VELHO;;;709;;Colis?â?úo;;;;Meio de Quadra;;;0;1;1;0;0;0;0;0;0;1;0;0;-3,765970000000000;-38,587220000000000
336680;30;10;2018;18:37;0;RUA RIO BRANCO;;;2750;;Colis?â?úo;;;;Meio de Quadra;;;0;1;0;0;0;0;0;0;0;0;0;0;;