COD_ACIDENTE;DIA;MES;ANO;HORA;INTERSECAO;LOG1;LOG2;LOG3;NUMERO;REFERENCIA;NATUREZA;ILUMINACAO;TEMPO;SUPERFICIEPISTA;TIPOCRUZAMENTO;CONTROLETRAFEGO;USOSOLO;MORTOS;FERIDOS;ILESOS;AUTOMOVEL;ONIBUS;BICICLETA;CAMINHAO;MICROONIBUS;CICLOMOTOR;MOTOCICLETA;TRACAOANIMAL;TREM;LATITUDE;LONGITUDE
336666;30;10;2018;12:13;0;RUA JORGE FIGUEIREDO (ANCURI);;;3007;;Colis?â?úo;Luz do Dia;;;Meio de Quadra;;;0;1;1;0;0;0;0;0;0;1;0;0;-3,742400000000000;-38,564690000000000
336667;30;10;2018;13:54;0;AV GODOFREDO MACIEL;;;2445;;Colis?â?úo;Luz do Dia;;;Meio de Quadra;;;0;1;1;1;0;0;0;0;0;1;0;0;-3,794914500000000;-38,569199200000000
336668;30;10;2018;14:52;5180;RUA TEN BENEVOLO;RUA DOM JOAQUIM;;0;;Colis?â?úo;Luz do Dia;;;Cruz;Pare;Comercial;0;1;1;1;0;0;0;0;0;1;0;0;-3,725524000000000;-38,516670000000000
336669;30;10;2018;14:53;5434;AV HERACLITO GRACA;AV DOM MANUEL;;0;;Colis?â?úo;Luz do Dia;;;Meio de Quadra;Sem?â?íforo;Comercial;0;1;1;1;0;0;0;0;0;1;0;0;-3,734013000000000;-38,522952000000000
336670;30;10;2018;15:36;0;AV DA INDEPENDENCIA;;;2028;;Colis?â?úo;Luz do Dia;;;Meio de Quadra;;;0;1;1;1;0;0;0;0;0;1;0;0;-3,724831719000000;-38,598025875000000
336671;30;10;2018;15:53;9723;RUA GERALDO BARBOSA;RUA GUARAREMA;;0;;Colis?â?úo;Luz do Dia;;;;;;0;1;1;1;0;0;0;0;0;1;0;0;-3,786464000000000;-38,619056000000000
336672;30;10;2018;16:17;13775;RUA LUIZA MIRANDA COELHO;RUA JOSE B PARENTE D59;;0;;Capotamento;Luz do Dia;;;Cruz;Pare;Residencial;0;1;0;1;0;0;0;0;0;0;0;0;-3,775236000000000;-38,486236000000000
336673;30;10;2018;17:16;19507;AV GAL OSORIO DE PAIVA;RUA SEIXAS CORREIA;;0;;Atropelamento;Anoitecer;;;T;Pare;Residencial;0;1;1;0;0;0;0;0;0;1;0;0;;
336674;30;10;2018;17:26;0;AV PRS CASTELO BRANCO;;;3127;;Atropelamento;Anoitecer;;;Meio de Quadra;;;0;1;1;0;0;1;0;0;0;0;0;0;-3,711416000000000;-38,558025000000000
336675;30;10;2018;17:49;22297;AV BEZERRA DE MENEZES;RUA PDE ANCHIETA;;0;;Colis?â?úo;Anoitecer;;;Cruz;Sem?â?íforo;Comercial;0;1;1;1;0;1;0;0;0;0;0;0;-3,733155000000000;-38,552298000000000
336689;30;10;2018;21:16;2718;RUA OSCAR ARARIPE;RUA VALVERDE;;0;;Colis?â?úo;;;;Cruz;Pare;Comercial;0;0;2;1;0;0;0;0;0;1;0;0;-3,789748000000000;-38,603864000000000
333717;30;10;2018;17:10;0;RUA HOLANDA;;;0;;Colis?â?úo;Anoitecer;;;Meio de Quadra;;;0;0;2;1;0;0;0;0;0;0;0;0;;
333393;30;10;2018;07:00;3928;AV IMPERADOR;RUA ANTONIO POMPEU;;0;;Colis?â?úo Traseira;Luz do Dia;Bom;Seca;Cruz;Sem?â?íforo;Escola;0;0;2;1;1;0;0;0;0;0;0;0;-3,733045000000000;-38,536179000000000
333394;30;10;2018;07:43;0;AV ALANIS MARIA LAURINDO DE OLIVEIRA;AV F CJ CEARA;;312;;Colis?â?úo Lateral;Luz do Dia;Bom;Molhada;Rotat?â??ria;Pare;Comercial;0;1;2;1;0;0;0;0;0;1;0;0;-3,764679400000000;-38,604893000000000
333395;30;10;2018;08:28;12682;AV CEL CARVALHO;RUA DEP MATOSO FILHO;;0;;Colis?â?úo Traseira;Luz do Dia;Bom;Seca;T;Pare;Comercial;0;0;2;1;1;0;0;0;0;0;0;0;-3,729932000000000;-38,584780000000000
333396;30;10;2018;09:17;11868;RUA PDE ANCHIETA;RUA AMETISTA;;0;;Colis?â?úo Transversal;Luz do Dia;Bom;Seca;T;Pare;Residencial;0;0;2;1;0;0;0;0;0;0;0;0;-3,722186000000000;-38,550255000000000
333397;30;10;2018;09:21;25734;RUA BELA FLOR;AV PRO GOMES DE MATOS;;0;;Colis?â?úo Lateral;Luz do Dia;Bom;Seca;T;Pare;Comercial;0;0;1;1;0;0;0;0;0;0;0;0;-3,759084000000000;-38,543838000000000
333398;30;10;2018;16:00;13775;RUA LUIZA MIRANDA COELHO;RUA JOSE B PARENTE D59;;0;;Colis?â?úo Transversal;Via Iluminada;Bom;Seca;Cruz;Pare;Residencial;0;0;2;1;0;0;0;0;0;0;0;0;-3,775236000000000;-38,486236000000000
333399;30;10;2018;19:16;10726;RUA PRO HERIBALDO COSTA;RUA JOCKEY CLUBE;;0;;Colis?â?úo Transversal;Via Iluminada;Bom;Seca;Cruz;Pare;Residencial;0;1;2;1;0;0;0;0;0;1;0;0;-3,759992000000000;-38,583853000000000
333400;30;10;2018;20:32;0;AV SEN FERNANDES TAVORA;;;387;;Colis?â?úo Lateral;Via Iluminada;Bom;Seca;Outros;Sem?â?íforo;Comercial;0;0;2;1;1;0;0;0;0;0;0;0;-3,765315500000000;-38,576225000000000
333402;30;10;2018;14:30;0;AV ENG HUMBERTO MONTE;;;1089;;Colis?â?úo Lateral;Luz do Dia;Bom;Seca;Meio de Quadra;N?â?úo H?â?í Controle;Comercial;0;2;1;1;0;0;0;0;0;1;0;0;-3,749560600000000;-38,560127000000000
333403;30;10;2018;18:45;9039;RUA BAR RIO BRANCO;RUA PDE MIGUELINHO;;0;;Colis?â?úo Transversal;Via Iluminada;Bom;Seca;Cruz;Pare;Residencial;0;1;1;1;0;0;0;0;0;1;0;0;-3,742749000000000;-38,533460000000000
333404;30;10;2018;19:24;0;RUA JOSE VILAR;;;1801;;Colis?â?úo Traseira;Luz do Dia;Bom;Seca;Meio de Quadra;N?â?úo H?â?í Controle;Comercial;0;1;1;0;0;0;0;1;0;0;0;0;-3,740360300000000;-38,506200000000000
333405;30;10;2018;21:07;15903;RUA BAR AQUIRAZ;RUA OSCAR LEITAO;;0;;Colis?â?úo Transversal;Via Iluminada;Bom;Seca;T;Pare;Residencial;0;1;1;1;0;0;0;0;0;1;0;0;-3,836248000000000;-38,488792000000000
333406;30;10;2018;21:30;1408;RUA DR JOSE LOURENCO;RUA JOAO CARVALHO;;0;;Colis?â?úo;Via Iluminada;Bom;Seca;Cruz;Pare;Comercial;0;2;0;0;0;0;0;0;0;1;0;0;-3,737289000000000;-38,508643000000000
333407;30;10;2018;19:30;0;AV JOSE BASTOS;;;3736;;Colis?â?úo Traseira;Via Iluminada;Bom;Seca;Meio de Quadra;Pare;Comercial;0;0;3;1;0;0;0;0;0;0;0;0;-3,751611200000000;-38,552128000000000
333416;30;10;2018;20:40;12818;RUA ANDRE CHAVES;RUA ALBERTO MAGNO;;0;;Colis?â?úo;Via Iluminada;Bom;Seca;Cruz;Pare;Residencial;0;0;2;1;0;0;0;0;0;0;0;0;-3,756035000000000;-38,542230000000000
333408;31;10;2018;08:03;26091;AV JOSE JATAHY;AV JOVITA FEITOSA;;0;;Colis?â?úo Lateral;Luz do Dia;Bom;Seca;Cruz;Sem?â?íforo;Residencial;0;0;2;1;0;0;0;0;0;0;0;0;-3,737273000000000;-38,543936000000000
333409;31;10;2018;08:32;5097;RUA SAO PAULO;RUA TEREZA CRISTINA;;0;;Tombamento;Luz do Dia;Bom;Seca;Cruz;Pare;Residencial;0;1;1;1;0;0;0;0;0;0;0;0;-3,723354000000000;-38,535693000000000
333410;31;10;2018;13:55;0;AV PRS COSTA E SILVA;AV BERNARDO MANUEL;;0;;Colis?â?úo Traseira;Luz do Dia;Bom;Seca;Cruz;Sem?â?íforo;Comercial;0;1;1;0;0;0;0;0;0;1;0;0;-3,820893800000000;-38,557983000000000
333411;31;10;2018;15:12;0;RUA MALMEQUER;;;537;;Colis?â?úo Frontal;Luz do Dia;Bom;Seca;Meio de Quadra;Sem?â?íforo;Comercial;0;1;1;1;0;0;0;0;0;1;0;0;-3,791303600000000;-38,538734000000000
333412;31;10;2018;15:00;15763;RUA TAQUATIARA;RUA HERBENE;;0;;Queda;Luz do Dia;Bom;Seca;Cruz;Pare;Comercial;0;1;1;0;0;0;0;0;0;0;0;0;-3,829826000000000;-38,504232000000000
333413;31;10;2018;18:07;0;AV ROGACIANO LEITE;;;2474;;Engavetamento;Via Iluminada;Bom;Seca;Meio de Quadra;N?â?úo H?â?í Controle;Residencial;0;0;4;1;0;0;0;0;0;0;0;0;-3,777709500000000;-38,500935000000000
333414;31;10;2018;20:06;0;RUA PEDRO DANTAS;;;587;;Colis?â?úo Transversal;Anoitecer;Bom;Seca;Meio de Quadra;Pare;Comercial;0;1;1;1;0;0;0;0;0;1;0;0;-3,785747300000000;-38,523000000000000
333415;31;10;2018;21:43;0;BC CON CASTRO (VL. PERY);;;0;;N?â?úo Informado;Anoitecer;Bom;Seca;Cruz;Pare;Comercial;0;0;2;1;0;0;0;0;0;1;0;0;-3,775469500000000;-38,564713000000000
336690;31;10;2018;06:21;0;RUA PDE PEDRO DE ALENCAR;;;0;;Colis?â?úo;Luz do Dia;;;Meio de Quadra;;;0;1;1;0;0;0;0;0;0;1;0;0;;
336691;31;10;2018;06:50;0;RUA VALPARAISO;;;1362;;Atropelamento;Luz do Dia;;;Meio de Quadra;;;0;1;0;0;0;0;0;0;0;0;0;0;-3,840347113000000;-38,530486119000000
336692;31;10;2018;06:54;0;AV ROGACIANO LEITE;;;0;;Queda;Luz do Dia;;;Meio de Quadra;;;0;1;0;0;0;1;0;0;0;0;0;0;;
336693;31;10;2018;08:18;61;RUA HUGO VITOR;AV MR HULL;;0;;Colis?â?úo;Luz do Dia;;;T;Pare;Residencial;0;1;1;1;0;0;0;0;0;1;0;0;-3,739677000000000;-38,591639000000000
336694;31;10;2018;06:05;0;RD BR 116;;;6021;;Colis?â?úo Frontal;Luz do Dia;;;Meio de Quadra;;;0;3;0;0;0;0;0;0;0;1;0;0;-3,774296400000000;-38,515930200000000
336695;31;10;2018;09:19;0;AV GODOFREDO MACIEL;;;0;;Colis?â?úo;Luz do Dia;;;Meio de Quadra;;;0;1;1;1;0;0;0;0;0;1;0;0;;
336696;31;10;2018;10:34;7635;AV CARNEIRO DE MENDONCA;RUA GOIAS;;0;;Colis?â?úo;Luz do Dia;;;Cruz;Pare;Comercial;0;1;1;1;0;0;0;0;0;1;0;0;-3,763223000000000;-38,568394000000000
336697;31;10;2018;10:37;1658;RUA MON CATAO;RUA BENI DE CARVALHO;;0;;Colis?â?úo;Luz do Dia;;;Cruz;Pare;Escola;0;1;1;1;0;0;0;0;0;1;0;0;-3,746618000000000;-38,493113000000000
336698;31;10;2018;11:10;0;AV CONTORNO NORTE (SAO CRSITOVAO);;;960;;Colis?â?úo;Luz do Dia;;;Meio de Quadra;;;0;1;1;1;0;0;0;0;0;0;0;0;-3,832303738000000;-38,526176094000000
336699;31;10;2018;11:48;0;RUA VENEZA;;;161;;Queda;Luz do Dia;;;Meio de Quadra;;;0;1;0;0;0;0;0;0;0;1;0;0;-3,836344572000000;-38,492739302000000
336700;31;10;2018;12:30;0;RD BR 116;;;11000;KM-11;Colis?â?úo;Luz do Dia;;;Meio de Quadra;;;0;1;1;1;0;1;0;0;0;0;0;0;-3,847160000000000;-38,497176000000000
336701;31;10;2018;12:59;0;AV WASHINGTON SOARES;;;8494;;Colis?â?úo;Luz do Dia;;;Meio de Quadra;;;0;1;1;1;0;0;0;0;0;1;0;0;-3,826313500000000;-38,481766000000000
336704;31;10;2018;15:19;0;AV GAL OSORIO DE PAIVA;;;0;;Colis?â?úo;Luz do Dia;;;Meio de Quadra;;;0;1;1;1;0;0;0;0;0;1;0;0;;
336710;31;10;2018;20:54;0;RUA EDUARDO PERDIGAO;;;131;;Colis?â?úo;;;;Meio de Quadra;;;0;1;1;1;0;0;0;0;0;1;0;0;-3,775579000000000;-38,564769000000000
336712;31;10;2018;21:10;25089;RUA SILVINO;RUA JOAQUIM ALFREDO;;0;;Atropelamento;;;;;;;0;1;1;1;0;0;0;0;0;0;0;0;;
336713;31;10;2018;21:18;0;AV GODOFREDO MACIEL;;;5083;;Colis?â?úo;;;;Meio de Quadra;;;0;1;1;1;0;0;0;0;0;1;0;0;-3,818808000000000;-38,576204000000000
336714;31;10;2018;22:27;0;AV A CJ CEARA;;;0;;Colis?â?úo;;;;Meio de Quadra;;;0;1;1;1;0;0;0;0;0;1;0;0;;
336715;31;10;2018;22:28;0;RUA PDE PEDRO DE ALENCAR;;;0;;Colis?â?úo;;;;Meio de Quadra;;;0;1;1;1;0;0;0;0;0;1;0;0;;
336708;31;10;2018;20:35;0;RUA FERNANDO FARIAS DE MELO (MANUEL S?â?üTIRO);;;1135;;Queda;;;;Meio de Quadra;;;0;1;0;0;0;0;0;0;0;1;0;0;-3,800568852000000;-38,578507481000000
336706;31;10;2018;16:30;0;AV G CJ CEARA;;;60;;Queda;Luz do Dia;;;Meio de Quadra;;;0;1;0;0;0;0;0;0;0;1;0;0;-3,770913500000000;-38,613329000000000
331868;31;10;2018;10:29;7982;RUA MAJ WEYNE;RUA CARLOS CAMARA;;0;;Colis?â?úo Transversal;Luz do Dia;Bom;Seca;Cruz;Pare;Residencial;0;1;2;1;0;0;0;0;0;1;0;0;-3,748600000000000;-38,544497000000000
331876;31;10;2018;08:20;0;AV SANTOS DUMONT;;;2790;;Colis?â?úo Lateral;Luz do Dia;Bom;Seca;Meio de Quadra;;;0;0;2;1;1;0;0;0;0;0;0;0;-3,735759436000000;-38,499831872000000
331871;31;10;2018;;26086;AV JOSE JATAHY;RUA AZEVEDO BOLAO;;0;;Colis?â?úo Transversal;;Bom;Seca;Cruz;Sem?â?íforo;Residencial;0;1;1;0;0;0;1;0;0;1;0;0;-3,733663000000000;-38,544494000000000
332028;31;10;2018;07:30;0;RD CE-040;;;7000;KM-07;Outros;Luz do Dia;Bom;Seca;Meio de Quadra;;;0;0;3;1;0;0;0;0;0;0;0;0;-3,817159445000000;-38,483032860000000
332030;31;10;2018;15:30;0;AV SEN CARLOS JEREISSATI (AEROPORTO);;;3000;KM 03;Colis?â?úo;Luz do Dia;Bom;Seca;Meio de Quadra;;;0;0;2;1;0;0;0;0;0;0;0;0;-3,779641000000000;-38,544038000000000
332036;31;10;2018;17:20;0;AV ENG SANTANA JUNIOR;;;5000;IGUATEMI;Colis?â?úo;Via Iluminada;Bom;Seca;Meio de Quadra;;;0;0;2;1;0;0;0;0;0;0;0;0;;
338727;31;10;2018;09:00;0;RD BR 116;;;2300;KM-02;Colis?â?úo Traseira;Luz do Dia;;;Meio de Quadra;;;0;1;3;1;0;0;0;0;1;1;0;0;-3,771391000000000;-38,516780000000000
339374;1;11;2018;07:05;0;RD CE-040;;;0;KM-06;Colis?â?úo;Luz do Dia;;;Meio de Quadra;;;0;0;2;1;0;0;1;0;0;0;0;0;-3,809596804000000;-38,478733480000000
339389;1;11;2018;15:00;0;AV SEN CARLOS JEREISSATI (AEROPORTO);;;0;KM 03;Colis?â?úo;Luz do Dia;;;Meio de Quadra;;;0;0;2;1;0;0;0;0;0;0;0;0;-3,779641000000000;-38,544038000000000
338981;1;11;2018;19:25;0;AV MR HULL;;;0;;Engavetamento;;;;Meio de Quadra;;;0;2;1;1;0;0;0;0;0;0;0;0;;
336728;1;11;2018;18:00;0;AV SEN FERNANDES TAVORA;;;1578;FARM.PAGUE MENOS;Colis?â?úo;Anoitecer;;;Meio de Quadra;;;1;2;0;0;0;1;0;0;0;1;0;0;-3,766620000000000;-38,574040000000000
336755;1;11;2018;03:56;7899;AV ANTONIO SALES;RUA MON CATAO;;0;;Choque c/ Obst?â?ículo Fixo;Via Iluminada;Bom;Seca;Cruz;D?â?¬ Prefer?â?¬ncia;Comercial;0;1;0;1;0;0;0;0;0;0;0;0;-3,748174000000000;-38,493642000000000
336756;1;11;2018;06:33;0;RUA ESTADO DO RIO;;;690;;Colis?â?úo Transversal;Luz do Dia;Bom;Seca;Meio de Quadra;;;0;1;1;1;0;0;0;0;0;1;0;0;-3,756916000000000;-38,569980000000000
336757;1;11;2018;09:37;9028;RUA DEP JOAO PONTES;RUA SOLON PINHEIRO;;0;;Colis?â?úo Lateral;Luz do Dia;Bom;Seca;Cruz;Pare;Residencial;0;0;2;1;0;0;0;0;0;0;0;0;-3,745689000000000;-38,531463000000000
336758;1;11;2018;08:00;0;AV DR THEBERGE;;;2492;;Colis?â?úo Transversal;Luz do Dia;Bom;Seca;Meio de Quadra;N?â?úo H?â?í Controle;Residencial;0;1;1;0;0;0;0;0;0;1;0;0;-3,724688500000000;-38,568236500000000
336759;1;11;2018;10:14;0;AV GAL OSORIO DE PAIVA;;;6554;;Colis?â?úo Transversal;Luz do Dia;Bom;Seca;Meio de Quadra;N?â?úo H?â?í Controle;Comercial;0;1;1;1;0;0;0;0;0;1;0;0;-3,811257000000000;-38,608510000000000
336760;1;11;2018;09:00;0;RUA JOSE CANDIDO D08;;;394;;Atropelamento;Luz do Dia;Bom;Seca;Meio de Quadra;;;0;1;1;0;0;0;0;0;0;1;0;0;-3,728200000000000;-38,550950000000000
336762;1;11;2018;12:40;0;AV BEIRA MAR;;;3130;;Colis?â?úo Lateral;Luz do Dia;Bom;Seca;Meio de Quadra;N?â?úo H?â?í Controle;Comercial;0;0;2;1;0;0;0;0;0;0;0;0;-3,725887000000000;-38,492620000000000
336763;1;11;2018;11:30;0;RUA HENRIQUE ELERY;TR VIS ICO D26;;0;;Colis?â?úo Transversal;Luz do Dia;Bom;Seca;Meio de Quadra;Pare;Comercial;0;2;0;0;0;0;0;0;0;1;0;0;-3,720684800000000;-38,561237000000000
336764;1;11;2018;10:41;1380;RUA TORRES CAMARA;RUA NUNES VALENTE;;0;;Colis?â?úo Transversal;Luz do Dia;Bom;Seca;Cruz;Pare;Residencial;0;1;2;1;0;0;0;0;0;1;0;0;-3,736618000000000;-38,503856000000000
337299;1;11;2018;11:03;0;AV ALBERTO CRAVEIRO;;;414;;Queda;Luz do Dia;;;Meio de Quadra;;;0;1;0;0;0;0;0;0;0;1;0;0;-3,782018500000000;-38,516328700000000
337300;1;11;2018;12:07;11618;RUA BOA VISTA;RUA VITORIA (AV. PERIMETRAL);;0;;Colis?â?úo;Luz do Dia;;;;N?â?úo H?â?í Controle;Comercial;0;1;1;1;0;0;0;0;0;1;0;0;-3,767142000000000;-38,589601000000000
337301;1;11;2018;15:53;0;RUA MON VICENTE MARTINS;;;1445;;Colis?â?úo;Luz do Dia;;;Meio de Quadra;;;0;1;1;1;0;0;0;0;0;1;0;0;-3,771644300000000;-38,580974825000000
337302;1;11;2018;15:53;0;RUA FLORIANO PEIXOTO;;;932;;Colis?â?úo;Luz do Dia;;;Meio de Quadra;;;0;1;1;1;0;0;0;0;0;1;0;0;-3,730666688000000;-38,528228625000000
337309;1;11;2018;16:26;0;AV SGT HERMINIO SAMPAIO;;;8081;;Colis?â?úo;Luz do Dia;;;Meio de Quadra;;;0;1;1;0;0;0;0;0;0;0;0;0;-3,725280000000000;-38,554460000000000
337310;1;11;2018;16:48;0;AV SEN CARLOS JEREISSATI (AEROPORTO);;;310;;Colis?â?úo;Luz do Dia;;;Meio de Quadra;;;0;2;0;0;0;0;0;0;0;1;0;0;-3,784360000000000;-38,518098000000000
337311;1;11;2018;17:53;0;RUA PORTO VELHO;;;78;;Colis?â?úo;Anoitecer;;;Meio de Quadra;;;0;1;1;0;0;0;0;0;0;0;0;0;;
337312;1;11;2018;17:59;0;RUA VIA LACTEA;;;0;;Atropelamento;Anoitecer;;;Meio de Quadra;;;0;1;1;0;0;0;0;0;0;1;0;0;;
337313;1;11;2018;18:10;0;AV CONTORNO NORTE D71;;;1574;;Colis?â?úo;Anoitecer;;;Meio de Quadra;;;0;1;1;1;0;0;0;0;0;1;0;0;-3,810993667000000;-38,590111667000000
337314;1;11;2018;18:21;0;AV BORGES DE MELO;;;500;;Atropelamento;Anoitecer;;;Meio de Quadra;;;0;1;1;0;0;0;0;0;0;1;0;0;-3,760676900000000;-38,524018200000000
337315;1;11;2018;19:26;0;AV TEN LISBOA;;;2818;;Atropelamento;;;;Meio de Quadra;;;0;1;1;0;0;0;0;0;0;0;0;1;-3,719090000000000;-38,560860000000000
337316;1;11;2018;19:32;17405;RUA EQUADOR;RUA ISAIE BORIS;;0;;Colis?â?úo;;;;;;;0;1;1;1;0;0;0;0;0;1;0;0;-3,767845000000000;-38,550538000000000
337317;1;11;2018;20:20;0;RUA TEODOMIRO DE CASTRO;;;4441;;Colis?â?úo;;;;Meio de Quadra;;;0;1;1;1;0;0;0;0;0;1;0;0;-3,718591692000000;-38,572637154000000
337319;1;11;2018;21:59;0;RUA CHILE;;;309;;Colis?â?úo;;;;Meio de Quadra;;;0;1;1;1;0;0;0;0;0;1;0;0;-3,746649000000000;-38,565813000000000
337266;1;11;2018;07:47;10409;RUA DAS PEDRINHAS;AV GENIBAU;;0;;Colis?â?úo;Luz do Dia;;;Cruz;Pare;Residencial;0;1;1;1;0;0;0;0;0;1;0;0;-3,760779000000000;-38,599888000000000
337269;1;11;2018;10:18;0;LOGRADOURO SEM NOME;;;0;;Queda;Luz do Dia;;;Meio de Quadra;;;0;1;0;0;0;0;0;0;0;1;0;0;;
337321;1;11;2018;23:06;0;RUA JOSE HIPOLITO;;;1238;;Colis?â?úo;;;;Meio de Quadra;;;0;1;1;1;0;0;0;0;0;1;0;0;-3,836209000000000;-38,485110000000000
337307;1;11;2018;15:56;0;AV DR SILAS MUNGUBA;;;0;;Colis?â?úo;Luz do Dia;;;Meio de Quadra;;;0;2;1;0;0;0;0;0;0;0;0;0;;
333709;1;11;2018;04:00;10634;AV MIGUEL DIAS;AV WASHINGTON SOARES;;0;;Colis?â?úo;;;;T;Sem?â?íforo;Comercial;0;0;1;1;0;0;0;0;0;0;0;0;-3,757742000000000;-38,488341000000000
333714;1;11;2018;09:35;5462;RUA ANTONIO POMPEU;RUA SOLON PINHEIRO;;0;;Atropelamento;Luz do Dia;;;Cruz;Sem?â?íforo;Comercial;1;0;1;0;1;0;0;0;0;0;0;0;-3,735609000000000;-38,528028000000000
333715;1;11;2018;18:45;0;AV WASHINGTON SOARES;;;0;;Colis?â?úo;;;;Meio de Quadra;;;0;0;2;0;0;0;1;1;0;0;0;0;;
333716;1;11;2018;16:00;0;RUA CARLOS AMORA;;;0;;Colis?â?úo;Luz do Dia;;;Meio de Quadra;;;0;0;2;1;0;0;0;0;0;0;0;0;;
337322;2;11;2018;02:15;0;RUA CEL DIONISIO ALENCAR;;;1596;;Queda;;;;Meio de Quadra;;;0;1;0;0;0;0;0;0;0;1;0;0;;
337327;2;11;2018;10:59;25131;AV AUGUSTO DOS ANJOS;RUA PLANALTINA (BONSUCESSO);;0;;Colis?â?úo;Luz do Dia;;;T;Pare;Comercial;0;1;1;1;0;0;0;0;0;1;0;0;-3,786544000000000;-38,584454000000000
337328;2;11;2018;11:40;0;RUA L CJ VILA VELHA;;;990;;Queda;Luz do Dia;;;Meio de Quadra;;;0;1;0;0;0;0;0;0;0;1;0;0;;
337329;2;11;2018;13:06;0;AV JOSE BASTOS;;;0;;Colis?â?úo;Luz do Dia;;;Meio de Quadra;;;0;1;1;1;0;0;0;0;0;1;0;0;;
337330;2;11;2018;13:17;0;RUA PRISCO BEZERRA;;;2180;;Colis?â?úo;Luz do Dia;;;Meio de Quadra;;;0;2;0;1;0;0;0;0;0;1;0;0;-3,737730000000000;-38,470390000000000
337331;2;11;2018;13:26;0;RUA MARTINS DE LIMA;;;880;;Colis?â?úo;Luz do Dia;;;Meio de Quadra;;;0;1;1;1;0;0;0;0;0;1;0;0;-3,828273400000000;-38,601555600000000
337332;2;11;2018;14:14;14792;RUA JOAO AMORA;RUA MAJ MONTENEGRO;;0;;Colis?â?úo;Luz do Dia;;;;;;0;1;1;1;0;0;0;0;0;1;0;0;-3,799886000000000;-38,580677000000000
337333;2;11;2018;15:40;0;RUA PRO EDGAR DE ARRUDA;;;134;;Colis?â?úo;Luz do Dia;;;Meio de Quadra;;;0;2;0;1;0;0;0;0;0;1;0;0;-3,762421077000000;-38,576964769000000
337334;2;11;2018;16:04;0;RUA CON LIMA SUCUPIRA;;;1869;;Colis?â?úo;Luz do Dia;;;Meio de Quadra;;;0;1;1;1;0;0;0;0;0;1;0;0;-3,780045100000000;-38,544726200000000
337335;2;11;2018;16:17;12550;AV MAJ ASSIS;AV HILDEBRANDO DE MELO;;0;;Colis?â?úo;Luz do Dia;;;Cruz;Pare;Escola;0;2;0;1;0;0;0;0;0;1;0;0;-3,723609000000000;-38,589101000000000
337336;2;11;2018;17:37;0;RUA DO CANAL (TAUAPE);;;120;;Queda;Anoitecer;;;Meio de Quadra;;;0;1;0;0;0;0;0;0;0;1;0;0;-3,762145800000000;-38,511696600000000
337337;2;11;2018;19:43;19037;AV ENG LUIS VIEIRA;RUA CEL JOSE AURELIO CAMARA;;0;;Colis?â?úo;;;;;;;0;2;0;1;0;0;0;0;0;1;0;0;-3,735530000000000;-38,469684000000000
337339;2;11;2018;20:44;0;AV ISABEL BEZERRA;;;558;;Colis?â?úo;;;;Meio de Quadra;;;0;1;1;1;0;0;0;0;0;1;0;0;-3,804915500000000;-38,629531900000000
337340;2;11;2018;22:17;0;AV GAL OSORIO DE PAIVA;;;0;;Colis?â?úo;;;;Meio de Quadra;;;0;1;1;1;0;0;0;0;0;1;0;0;;
337341;2;11;2018;22:43;0;RUA MARTINS NETO;;;816;;Queda;;;;Meio de Quadra;;;0;2;0;0;0;0;0;0;0;1;0;0;-3,740892746000000;-38,592590048000000
337324;2;11;2018;06:13;0;LOGRADOURO SEM NOME;;;0;;Colis?â?úo;Luz do Dia;;;Meio de Quadra;;;0;1;1;1;0;0;0;0;0;1;0;0;;
337325;2;11;2018;06:15;0;AV C CJ CEARA;;;441;;Colis?â?úo;Luz do Dia;;;Meio de Quadra;;;0;2;0;0;0;0;0;0;0;0;0;0;-3,762605200000000;-38,609521600000000
337356;2;11;2018;23:40;0;RUA EUCLIDES O DE SOUSA;;;1645;;Queda;;;;Meio de Quadra;;;0;1;0;0;0;0;0;0;0;1;0;0;-3,796957385000000;-38,464964615000000
337357;2;11;2018;23:51;0;AV PRO JOSE ARTHUR CARVALHO;;;1220;;Colis?â?úo;;;;Meio de Quadra;;;0;1;1;1;0;0;0;0;0;1;0;0;-3,826978503000000;-38,470341000000000
336765;2;11;2018;06:54;19732;RUA GUSTAVO SAMPAIO;RUA TIP SALES;;0;;Colis?â?úo;Luz do Dia;Bom;Seca;Cruz;Pare;Residencial;0;2;0;0;0;0;0;0;0;1;0;0;-3,737013000000000;-38,564917000000000
336766;2;11;2018;10:29;19669;RUA PRO RAIMUNDO ARRUDA;RUA GUSTAVO SAMPAIO;;0;;Colis?â?úo Transversal;Luz do Dia;Bom;Seca;Cruz;Pare;Residencial;0;2;1;1;0;0;0;0;0;1;0;0;-3,734328000000000;-38,551915000000000
336767;2;11;2018;10:50;0;AV I CJ JOSE WALTER;;;1250;;Colis?â?úo Lateral;Luz do Dia;Bom;Seca;Meio de Quadra;N?â?úo H?â?í Controle;Residencial;0;1;1;1;0;0;0;0;0;1;0;0;-3,835139000000000;-38,553757000000000