COD_ACIDENTE;DIA;MES;ANO;HORA;INTERSECAO;LOG1;LOG2;LOG3;NUMERO;REFERENCIA;NATUREZA;ILUMINACAO;TEMPO;SUPERFICIEPISTA;TIPOCRUZAMENTO;CONTROLETRAFEGO;USOSOLO;MORTOS;FERIDOS;ILESOS;AUTOMOVEL;ONIBUS;BICICLETA;CAMINHAO;MICROONIBUS;CICLOMOTOR;MOTOCICLETA;TRACAOANIMAL;TREM;LATITUDE;LONGITUDE
332025;2;11;2018;15:25;9168;AV BORGES DE MELO;AV LUCIANO CARNEIRO;;0;;Colis?â?úo Transversal;Luz do Dia;Bom;Seca;Cruz;Sem?â?íforo;Comercial;0;0;2;1;1;0;0;0;0;0;0;0;-3,756465000000000;-38,534097000000000
332016;2;11;2018;19:00;5250;RUA PEDRO I;RUA AGAPITO DOS SANTOS;;0;;Colis?â?úo Transversal;Via Iluminada;Bom;Seca;Cruz;Pare;Residencial;0;1;1;0;0;0;1;0;0;1;0;0;-3,727789000000000;-38,539337000000000
332031;3;11;2018;20:15;0;RUA CON DE CASTRO;;;5202;;Engavetamento;Anoitecer;Bom;Seca;Meio de Quadra;N?â?úo H?â?í Controle;Residencial;0;0;3;1;0;0;0;0;0;0;0;0;-3,808795000000000;-38,595300000000000
332029;3;11;2018;07:23;0;AV JOR THOMAZ COELHO;;;609;;Colis?â?úo Transversal;Luz do Dia;Bom;Seca;Meio de Quadra;Pare;Comercial;0;1;1;0;1;0;0;0;0;1;0;0;-3,832182156000000;-38,501398799000000
336768;3;11;2018;01:41;13772;RUA MON CARNEIRO DA CUNHA;RUA REV BOLIVAR P BANDEIRA;;0;;Colis?â?úo Transversal;Via Iluminada;Bom;Seca;Cruz;Pare;Residencial;0;0;2;1;0;0;0;0;0;0;0;0;-3,774960000000000;-38,493828000000000
336769;3;11;2018;09:53;0;RUA ALBERTO MAGNO;;;738;;Choque c/ Obst?â?ículo Fixo;Amanhecer;Bom;Seca;Meio de Quadra;N?â?úo H?â?í Controle;Comercial;0;1;0;1;0;0;0;0;0;0;0;0;-3,761975500000000;-38,547520000000000
336770;3;11;2018;04:10;5108;RUA SAO PAULO;RUA PRC ISABEL;;0;;Colis?â?úo Transversal;Via Iluminada;Bom;Seca;Cruz;Pare;Comercial;0;2;0;1;0;0;0;0;0;0;0;0;-3,723679000000000;-38,534619000000000
336771;3;11;2018;12:27;0;AV DIOGUINHO;;;5530;;Colis?â?úo Transversal;Luz do Dia;Bom;Seca;Meio de Quadra;Pare;Comercial;0;1;1;1;0;0;0;0;0;1;0;0;-3,760694000000000;-38,443670000000000
336772;3;11;2018;12:20;0;AV GAL OSORIO DE PAIVA;RUA FRANCISCANO;;5070;;Colis?â?úo Lateral;Luz do Dia;Bom;Seca;Meio de Quadra;N?â?úo H?â?í Controle;Residencial;0;3;0;0;0;0;0;0;0;1;0;0;-3,802620400000000;-38,600216000000000
336773;3;11;2018;16:00;0;AV JULIO VENTURA;RUA JOSE VILAR;;0;;Colis?â?úo Lateral;Luz do Dia;Bom;Seca;Meio de Quadra;;;0;1;1;1;0;0;0;0;0;1;0;0;-3,739918200000000;-38,506010000000000
336774;3;11;2018;16:30;0;RUA ROMEU MARTINS;RUA BAR SOBRAL;;0;;Colis?â?úo Lateral;Luz do Dia;Bom;Seca;Meio de Quadra;Pare;Escola;0;3;1;0;0;0;0;0;0;1;0;0;-3,764958100000000;-38,554710000000000
336785;3;11;2018;21:13;0;AV BERNARDO MANUEL;;;8004;;Tombamento;Via Iluminada;Bom;Seca;Meio de Quadra;N?â?úo H?â?í Controle;Residencial;0;0;1;1;0;0;0;0;0;0;0;0;-3,789348400000000;-38,548588000000000
336792;3;11;2018;06:30;0;AV ALBERTO CRAVEIRO;RUA ADEMAR PAULA;;1;;Colis?â?úo Transversal;Luz do Dia;Chuva;Molhada;Cruz;Pare;Comercial;0;0;2;1;0;0;0;0;0;1;0;0;-3,737669000000000;-38,527466000000000
337369;3;11;2018;06:19;0;AV SEN CARLOS JEREISSATI (AEROPORTO);;;0;;Queda;Luz do Dia;;;Meio de Quadra;;;0;1;0;0;0;0;0;0;0;1;0;0;;
337371;3;11;2018;07:12;0;RUA POMPILIO GOMES;;;1577;;Colis?â?úo;Luz do Dia;;;Meio de Quadra;;;0;3;0;0;0;0;0;0;0;0;0;0;-3,825591121000000;-38,521150636000000
337374;3;11;2018;07:30;5356;RUA GAL SAMPAIO;AV DUQ CAXIAS;;0;;Colis?â?úo;Luz do Dia;;;Cruz;Sem?â?íforo;Comercial;0;1;1;1;0;0;0;0;0;1;0;0;-3,731096000000000;-38,532029000000000
337375;3;11;2018;08:09;0;AV PRO JOSE ARTHUR CARVALHO;;;520;;Atropelamento;Luz do Dia;;;Meio de Quadra;;;0;1;1;0;0;0;0;0;0;1;0;0;-3,826308000000000;-38,474421000000000
337377;3;11;2018;10:23;0;RUA 11 DE JULHO;;;369;;Colis?â?úo;Luz do Dia;;;Meio de Quadra;;;0;1;1;1;0;0;0;0;0;1;0;0;-3,715698553000000;-38,559582383000000
337367;3;11;2018;06:04;12496;AV CARNEIRO DE MENDONCA;AV LINEU MACHADO;;0;;Queda;Luz do Dia;;;Meio de Quadra;Sem?â?íforo;Comercial;0;2;0;0;0;0;0;0;0;1;0;0;-3,760403000000000;-38,574021000000000
337359;3;11;2018;01:11;0;AV MR HULL;;;0;;Atropelamento;;;;Meio de Quadra;;;0;1;1;1;0;0;0;0;0;0;0;0;;
337360;3;11;2018;01:16;11722;RUA JULIO BRAGA;RUA GUARANI D35 (JOAO XXIII);;0;;Queda;;;;Outros;Pare;Comercial;0;2;0;0;0;0;0;0;0;1;0;0;-3,773151000000000;-38,585105000000000
337361;3;11;2018;03:01;0;AV WASHINGTON SOARES;;;0;;Choque c/ Obst?â?ículo Fixo;;;;Meio de Quadra;;;0;3;0;1;0;0;0;0;0;0;0;0;;
337380;3;11;2018;11:31;0;RUA DIOGO CORREIA;;;0;;Colis?â?úo;Luz do Dia;;;Meio de Quadra;;;0;1;1;1;0;0;0;0;0;1;0;0;;
337384;3;11;2018;11:58;0;RUA COSTA MATOS;;;6;;Colis?â?úo;Luz do Dia;;;Meio de Quadra;;;0;1;1;1;0;0;0;0;0;1;0;0;;
337387;3;11;2018;12:40;0;AV CEL CARVALHO;;;1969;;Colis?â?úo;Luz do Dia;;;Meio de Quadra;;;0;1;1;0;0;0;0;0;0;1;0;0;-3,719870000000000;-38,587306474000000
337393;3;11;2018;14:31;0;RUA BERNARDO MANUEL;;;13510;;Colis?â?úo;Luz do Dia;;;Meio de Quadra;;;0;1;1;1;0;1;0;0;0;0;0;0;-3,836217000000000;-38,562880000000000
337394;3;11;2018;14:51;0;RUA CEL FABRICIANO;;;3590;;Colis?â?úo;Luz do Dia;;;Meio de Quadra;;;0;3;0;0;0;0;0;0;0;1;0;0;-3,779362000000000;-38,620267000000000
337395;3;11;2018;14:54;0;AV JOR THOMAZ COELHO;;;0;;Colis?â?úo;Luz do Dia;;;Meio de Quadra;;;0;1;1;1;0;0;0;0;0;1;0;0;;
337396;3;11;2018;15:45;0;AV ENG SANTANA JUNIOR;;;2900;;Colis?â?úo;Luz do Dia;;;Meio de Quadra;;;0;1;1;1;0;0;0;0;0;1;0;0;-3,747162500000000;-38,489573000000000
337397;3;11;2018;16:06;0;AV FRE CIRILO;;;4000;;Colis?â?úo;Luz do Dia;;;Meio de Quadra;;;0;1;1;1;0;0;0;0;0;1;0;0;-3,819139420000000;-38,496622098000000
337398;3;11;2018;16:13;0;RUA URUCUTUBA;;;1541;;Colis?â?úo;Luz do Dia;;;Meio de Quadra;;;0;3;1;1;0;0;0;0;0;1;0;0;-3,797693000000000;-38,608994000000000
337399;3;11;2018;16:29;0;AV F CJ CEARA;;;723;;Colis?â?úo;Luz do Dia;;;Meio de Quadra;;;0;1;1;0;0;0;0;0;0;0;0;0;-3,765750263000000;-38,604147316000000
337401;3;11;2018;18:26;0;RUA BENEDITO MACEDO;;;0;;Colis?â?úo;Anoitecer;;;Meio de Quadra;;;0;1;1;0;0;0;0;0;0;0;0;0;;
337402;3;11;2018;20:05;0;AV AUGUSTO DOS ANJOS;;;0;;Atropelamento;;;;Meio de Quadra;;;0;1;1;0;1;0;0;0;0;0;0;0;;
337403;3;11;2018;20:25;21838;RUA DEP MATOSO FILHO;RUA CARLOS ARAUJO;;0;;Colis?â?úo;;;;Cruz;Pare;Residencial;0;2;0;0;0;0;0;0;0;1;0;0;-3,731616000000000;-38,588560000000000
337404;3;11;2018;20:36;0;LOGRADOURO SEM NOME;;;0;;Queda;;;;Meio de Quadra;;;0;1;0;0;0;0;0;0;0;1;0;0;;
337405;3;11;2018;21:12;0;AV GAL OSORIO DE PAIVA;;;8299;;Queda;;;;Meio de Quadra;;;0;1;0;0;0;0;0;0;0;1;0;0;-3,823656247000000;-38,620448841000000
337408;3;11;2018;21:18;0;RUA BERNARDO MANUEL;;;7993;;Capotamento;;;;Meio de Quadra;;;0;1;0;0;0;0;0;0;0;0;0;0;-3,789329710000000;-38,548554839000000
337409;3;11;2018;22:06;1595;RUA BARBOSA DE FREITAS;RUA GAL TERTULIANO POTYGUARA;;0;;Colis?â?úo;;;;Cruz;Pare;Residencial;0;1;1;1;0;0;0;0;0;1;0;0;-3,743454000000000;-38,499576000000000
337410;3;11;2018;23:12;0;AV AGUANAMBI;;;1000;;Choque c/ Obst?â?ículo Fixo;;;;Meio de Quadra;;;0;1;0;1;0;0;0;0;0;0;0;0;-3,745224000000000;-38,525445000000000
337389;3;11;2018;13:13;0;RUA MARIA GOMES DE SA;;;1230;;Colis?â?úo;Luz do Dia;;;Meio de Quadra;;;0;1;1;0;0;0;0;0;0;0;0;0;-3,825819750000000;-38,581775313000000
337391;3;11;2018;13:20;0;RUA STA ELISA D21;;;307;;Atropelamento;Luz do Dia;;;Meio de Quadra;;;0;1;1;0;0;0;0;0;0;1;0;0;-3,707960500000000;-38,555814167000000
333731;3;11;2018;01:40;9612;RUA SGT JOAO PINHEIRO;RUA OSCAR ARARIPE;;0;;Colis?â?úo;;;;Cruz;Pare;Comercial;0;0;2;0;0;0;0;0;0;0;0;0;-3,783833000000000;-38,623073000000000
333751;3;11;2018;19:50;9379;RUA RIO TOCANTINS;RUA ABELARDO FERREIRA;;0;;Colis?â?úo;;;;Cruz;Pare;Residencial;0;1;1;0;0;0;0;0;0;1;0;0;-3,719724000000000;-38,580856000000000
333752;3;11;2018;22:39;0;AV GAL OSORIO DE PAIVA;;;4617;;Colis?â?úo;;;;Meio de Quadra;;;0;1;1;1;0;0;0;0;0;1;0;0;-3,799251000000000;-38,596762000000000
333753;3;11;2018;11:27;0;AV WASHINGTON SOARES;;;8564;;Colis?â?úo;Luz do Dia;;;Meio de Quadra;;;0;1;1;1;0;1;0;0;0;0;0;0;-3,826313500000000;-38,481766000000000
333735;3;11;2018;09:30;0;AV OLIVEIRA PAIVA;;;0;;Colis?â?úo;Luz do Dia;;;Meio de Quadra;;;0;0;2;1;0;0;0;0;0;0;0;0;;
333738;3;11;2018;16:46;1926;RUA HONORINA MAIA;AV ISABEL BEZERRA;;0;;Colis?â?úo;Luz do Dia;;;Cruz;Pare;Comercial;0;1;1;0;0;0;0;0;0;1;0;0;-3,854802000000000;-38,502185000000000
333983;3;11;2018;23:50;0;RUA DR JOAO DE DEUS D11;;;0;;Colis?â?úo;;;;Meio de Quadra;;;1;0;0;0;0;0;0;0;0;0;0;0;;
339194;3;11;2018;18:30;0;RD BR 116;;;3000;KM-03;Colis?â?úo Transversal;Anoitecer;;;Meio de Quadra;;;0;1;1;1;0;0;0;0;0;1;0;0;-3,779838000000000;-38,514372000000000
339477;4;11;2018;11:35;0;RD CE-040;;;0;KM-02;Colis?â?úo;Luz do Dia;;;Meio de Quadra;;;0;0;2;1;0;0;0;0;0;0;0;0;-3,773616148000000;-38,481799400000000
339478;4;11;2018;06:40;0;AV SEN CARLOS JEREISSATI (AEROPORTO);;;0;;Colis?â?úo;Luz do Dia;;;Meio de Quadra;;;0;0;2;1;0;0;1;0;0;0;0;0;;
333754;4;11;2018;09:40;0;RUA MOREIRA DA ROCHA;;;0;;Colis?â?úo;Luz do Dia;;;Meio de Quadra;;;0;0;2;0;0;0;0;0;0;1;0;0;;
333755;4;11;2018;10:45;0;AV ALBERTO CRAVEIRO;;;507;;Colis?â?úo;Luz do Dia;;;Meio de Quadra;;;0;0;1;1;0;0;0;0;0;0;0;0;-3,782591000000000;-38,516476000000000
337415;4;11;2018;06:57;1083;AV MAE LISBOA;RUA ELISEU ORIA;;0;;Queda;Luz do Dia;;;;;;0;2;0;0;0;0;0;0;0;1;0;0;-3,808070000000000;-38,476348000000000
337416;4;11;2018;08:36;0;RUA PDE PAULINO;;;330;;Colis?â?úo;Luz do Dia;;;Meio de Quadra;;;0;1;1;0;0;0;0;0;0;0;0;0;-3,797891025000000;-38,508501062000000
337419;4;11;2018;08:45;0;RUA JOAQUIM NABUCO;;;71;;Atropelamento;Luz do Dia;;;Meio de Quadra;;;0;1;1;1;0;0;0;0;0;0;0;0;-3,725818375000000;-38,498258250000000
337420;4;11;2018;10:47;0;RUA BERNARDO MANUEL;;;8023;;Queda;Luz do Dia;;;Meio de Quadra;;;0;1;0;0;0;1;0;0;0;0;0;0;-3,789668903000000;-38,548659113000000
337421;4;11;2018;11:24;11043;RUA CAMBARA;RUA PRIMEIRO DE JANEIRO;;0;;Colis?â?úo;Luz do Dia;;;;;;0;1;1;0;0;0;0;0;0;0;0;0;-3,785294000000000;-38,564552000000000
337422;4;11;2018;11:54;0;RUA MINAS GERAIS;;;142;;Colis?â?úo;Luz do Dia;;;Meio de Quadra;;;0;1;1;0;0;0;0;0;0;1;0;0;-3,751402667000000;-38,561477200000000
337428;4;11;2018;15:47;0;RD BR 116;;;7000;KM-07;Queda;Luz do Dia;;;Meio de Quadra;;;0;1;0;0;0;0;0;0;0;1;0;0;-3,786276359000000;-38,511561398000000
337429;4;11;2018;16:22;0;AV SIQUEIRA CAMPOS;;;836;;Colis?â?úo;Luz do Dia;;;Meio de Quadra;;;0;1;1;1;0;0;0;0;0;1;0;0;-3,817615642000000;-38,622889183000000
337430;4;11;2018;17:04;5188;RUA NOGUEIRA ACIOLI;RUA TEN BENEVOLO;;0;;Colis?â?úo;Anoitecer;;;Cruz;Pare;Comercial;0;1;1;1;0;0;0;0;0;1;0;0;-3,725858000000000;-38,515591000000000
337431;4;11;2018;17:30;0;RUA RIO GRANDE DO SUL;;;11;;Colis?â?úo;Anoitecer;;;Meio de Quadra;;;0;1;1;0;0;0;0;0;0;0;0;0;-3,749460900000000;-38,560459900000000
337432;4;11;2018;17:42;0;RUA BAR AQUIRAZ;;;171;;Colis?â?úo;Anoitecer;;;Meio de Quadra;;;0;1;1;1;0;0;0;0;0;1;0;0;-3,850190000000000;-38,475660200000000
337433;4;11;2018;18:13;0;RUA CEL FRANCISCO ALVES RIBEIRO;;;233;;Colis?â?úo;Anoitecer;;;Meio de Quadra;;;0;1;1;1;0;0;0;0;0;1;0;0;-3,831837760000000;-38,509611360000000
337434;4;11;2018;18:27;0;RUA TULIPA;;;350;;Choque c/ Obst?â?ículo Fixo;Anoitecer;;;Meio de Quadra;;;0;1;0;1;0;0;0;0;0;0;0;0;-3,713192600000000;-38,579208700000000
337436;4;11;2018;18:27;0;AV GAL OSORIO DE PAIVA;;;2982;;Queda;Anoitecer;;;Meio de Quadra;;;0;1;0;0;0;0;0;0;0;1;0;0;-3,789256000000000;-38,587028000000000
337464;4;11;2018;20:28;0;AV SEN FERNANDES TAVORA;;;601;;Colis?â?úo;;;;Meio de Quadra;;;0;1;1;1;0;0;0;0;0;1;0;0;-3,766251000000000;-38,574890600000000
337465;4;11;2018;20:49;0;AV ISABEL BEZERRA;;;558;;Colis?â?úo;;;;Meio de Quadra;;;0;2;0;0;0;0;0;0;0;1;0;0;-3,804915500000000;-38,629531900000000
337466;4;11;2018;21:26;5356;AV DUQ CAXIAS;RUA GAL SAMPAIO;;0;;Atropelamento;;;;Cruz;Sem?â?íforo;Comercial;0;1;1;0;0;0;0;0;0;1;0;0;-3,731096000000000;-38,532029000000000
337467;4;11;2018;23:13;0;AV GOV RAUL BARBOSA;;;0;;Colis?â?úo;;;;Meio de Quadra;;;0;1;1;1;0;0;0;0;0;1;0;0;;
337424;4;11;2018;13:02;0;RUA JULIO SILVA;;;440;;Atropelamento;Luz do Dia;;;Meio de Quadra;;;0;2;0;0;0;0;0;0;0;1;0;0;;
337425;4;11;2018;15:03;0;RUA NELSON COELHO;;;300;;Queda;Luz do Dia;;;Meio de Quadra;;;0;1;0;0;0;0;0;0;0;1;0;0;-3,828353000000000;-38,463666750000000
337458;4;11;2018;18:37;0;RUA MIN ALBUQUERQUE LIMA;;;894;;Colis?â?úo;;;;Meio de Quadra;;;0;1;1;1;0;0;0;0;0;1;0;0;-3,770615000000000;-38,604872000000000
337459;4;11;2018;20:05;0;RUA MARTINS CARVALHO;;;4434;;Colis?â?úo;;;;Meio de Quadra;;;0;1;1;1;0;0;0;0;0;1;0;0;-3,788298950000000;-38,628424000000000
336780;4;11;2018;15:05;19367;RUA JULIO BRAGA;RUA STA LIGIA;;0;;Colis?â?úo Transversal;Luz do Dia;Bom;Seca;Cruz;Pare;Comercial;0;1;1;1;0;0;0;0;0;1;0;0;-3,777294000000000;-38,574892000000000
336775;4;11;2018;00:14;0;AV DR THEBERGE;;;1068;;Colis?â?úo Traseira;Via Iluminada;Bom;Seca;Meio de Quadra;N?â?úo H?â?í Controle;Residencial;0;1;1;1;0;0;0;0;0;1;0;0;-3,712218800000000;-38,564148000000000
336776;4;11;2018;10:04;0;AV CESAR CALS;;;0;;Choque c/ Obst?â?ículo Fixo;Luz do Dia;Bom;Seca;Meio de Quadra;N?â?úo H?â?í Controle;Comercial;0;0;1;0;0;0;1;0;0;0;0;0;-3,719028200000000;-38,465363000000000
336777;4;11;2018;09:53;0;RUA ARARIPE MACEDO;;;381;;Colis?â?úo Transversal;Luz do Dia;Bom;Seca;Meio de Quadra;N?â?úo H?â?í Controle;Residencial;0;1;2;1;0;0;0;0;0;1;0;0;-3,772246000000000;-38,577750000000000
336778;4;11;2018;19:30;0;AV PRO GOMES DE MATOS;RUA DES PRAXEDES;;0;;Colis?â?úo Transversal;Via Iluminada;Bom;Seca;Meio de Quadra;Sem?â?íforo;Comercial;0;1;1;1;0;0;0;0;0;1;0;0;-3,761954000000000;-38,546207000000000
336790;4;11;2018;20:03;0;AV GAL OSORIO DE PAIVA;;;2955;;Atropelamento;Via Iluminada;Bom;Seca;Meio de Quadra;Sem?â?íforo;Comercial;0;2;0;0;1;0;0;0;0;0;0;0;-3,789073700000000;-38,586910000000000
332032;4;11;2018;17:45;0;AV GAL MURILO BORGES;;;0;;Engavetamento;Mal Iluminada;Bom;Seca;Meio de Quadra;Outros;Outros;0;0;4;1;0;0;0;0;0;0;0;0;;
332033;4;11;2018;17:23;0;AV PRS CASTELO BRANCO;;;600;;Colis?â?úo Lateral;Anoitecer;Bom;Seca;Meio de Quadra;N?â?úo H?â?í Controle;Residencial;0;1;2;1;0;0;0;0;0;1;0;0;-3,709787500000000;-38,563204300000000
332041;4;11;2018;11:00;21599;RUA RAIMUNDO NERY;RUA DOM XISTO ALBANO;;0;;Colis?â?úo Traseira;Luz do Dia;Bom;Seca;Cruz;Pare;Residencial;0;0;2;1;0;0;1;0;0;0;0;0;-3,796768000000000;-38,585309000000000
336791;5;11;2018;20:18;0;RUA DEMETRIO MENEZES;;;0;;Colis?â?úo Traseira;Via Iluminada;Bom;Seca;Meio de Quadra;N?â?úo H?â?í Controle;Residencial;0;0;1;0;0;0;0;0;0;0;0;0;-3,740332800000000;-38,585228000000000
336794;5;11;2018;19:45;11190;RUA JOSE MENELEU D41;RUA ALEMANHA;;0;;Colis?â?úo Lateral;Luz do Dia;Bom;Seca;Cruz;Pare;Residencial;0;0;2;0;1;0;0;0;0;1;0;0;-3,781735000000000;-38,558642000000000
336779;5;11;2018;08:43;0;RUA HOLANDA;;;0;;Colis?â?úo Lateral;Luz do Dia;Nublado;Seca;T;Pare;Residencial;0;2;0;0;0;0;0;0;0;1;0;0;-3,796589900000000;-38,562748000000000
336781;5;11;2018;06:52;6724;AV SANTOS DUMONT;AV ENG SANTANA JUNIOR;;0;;Colis?â?úo Lateral;Luz do Dia;Bom;Seca;T;D?â?¬ Prefer?â?¬ncia;Comercial;0;0;2;1;1;0;0;0;0;0;0;0;-3,740506000000000;-38,485132000000000
336782;5;11;2018;07:33;1375;AV SANTOS DUMONT;RUA BARBOSA DE FREITAS;;0;;Colis?â?úo Transversal;Luz do Dia;Bom;Seca;Cruz;Sem?â?íforo;Comercial;0;1;2;1;0;0;0;0;0;0;0;0;-3,736551000000000;-38,497363000000000
336783;5;11;2018;10:17;5474;RUA BARBARA DE ALENCAR;RUA J DA PENHA;;0;;Colis?â?úo Transversal;Luz do Dia;Bom;Seca;Cruz;Pare;Comercial;0;1;1;0;0;0;0;0;0;1;0;0;-3,736038000000000;-38,520055000000000
336784;5;11;2018;14:08;0;AV PRS JUSCELINO KUBITSCHEK (PASSAR?âÔÇ?);;;4707;;Capotamento;Luz do Dia;Bom;Seca;Meio de Quadra;Pare;Residencial;0;1;0;1;0;0;0;0;0;0;0;0;-3,822342200000000;-38,536015000000000
336786;5;11;2018;07:13;0;RUA N UI 309;RUA E UI 512;;0;;Colis?â?úo Transversal;Luz do Dia;Bom;Seca;Meio de Quadra;Pare;Residencial;0;2;1;1;0;0;0;0;0;1;0;0;-3,833284900000000;-38,550304000000000
336787;5;11;2018;17:25;9099;AV EDUARDO GIRAO;RUA MIN JOAQUIM BASTOS D14;;0;;Colis?â?úo Lateral;Luz do Dia;Bom;Seca;Cruz;N?â?úo H?â?í Controle;Residencial;0;0;2;0;1;0;0;0;0;0;0;0;-3,755700000000000;-38,525973000000000
336788;5;11;2018;18:34;14589;AV EDILSON B SOARES;RUA MARVIN;;0;;Colis?â?úo Traseira;Via Iluminada;Bom;Seca;Cruz;Pare;Comercial;0;1;1;1;0;0;0;0;0;1;0;0;-3,789736000000000;-38,483855000000000
336789;5;11;2018;20:10;0;AV PRS COSTA E SILVA;;;0;;Colis?â?úo Traseira;Via Iluminada;Bom;Seca;Meio de Quadra;Sem?â?íforo;Lazer;0;0;2;1;0;0;0;0;0;0;0;0;-3,823934600000000;-38,547714000000000
337468;5;11;2018;05:43;0;AV RAD JOSE LIMA VERDE;;;1210;;Queda;Amanhecer;;;Meio de Quadra;;;0;2;0;0;0;0;0;0;0;1;0;0;-3,703033500000000;-38,591418500000000
337469;5;11;2018;06:19;0;RUA GERMANO FRANCK;;;1793;;Colis?â?úo;Luz do Dia;;;Meio de Quadra;;;0;1;1;1;0;0;0;0;0;1;0;0;-3,777340000000000;-38,562160000000000
337470;5;11;2018;06:59;0;AV MR HULL;;;4510;VIADUTO;Colis?â?úo;Luz do Dia;;;Meio de Quadra;;;0;1;1;1;0;0;0;0;0;1;0;0;;
337472;5;11;2018;07:37;0;AV JOAO PESSOA;;;4595;;Queda;Luz do Dia;;;Meio de Quadra;;;0;0;1;0;0;0;0;0;0;1;0;0;-3,752825488000000;-38,549821975000000
337473;5;11;2018;07:59;3779;RUA VINTE E QUATRO DE MAIO;RUA ANTONIO POMPEU;;0;;Atropelamento;Luz do Dia;;;Cruz;Pare;Residencial;0;1;1;0;0;0;0;0;0;0;0;0;-3,733667000000000;-38,534186000000000
337478;5;11;2018;08:16;12404;AV SEN FERNANDES TAVORA;AV LINEU MACHADO;;0;;Colis?â?úo;Luz do Dia;;;Cruz;Sem?â?íforo;Comercial;0;1;1;1;0;0;0;0;0;1;0;0;-3,765199000000000;-38,576540000000000
337481;5;11;2018;08:29;0;LOGRADOURO SEM NOME;;;0;;Colis?â?úo;Luz do Dia;;;Meio de Quadra;;;0;1;0;0;0;0;0;0;0;1;0;0;;
337483;5;11;2018;10:29;0;RUA DO MERCADO;;;0;;Atropelamento;Luz do Dia;;;Meio de Quadra;;;0;1;1;1;0;0;0;0;0;0;0;0;;
337486;5;11;2018;12:32;0;AV ENG SANTANA JUNIOR;;;666;;Colis?â?úo;Luz do Dia;;;Meio de Quadra;;;0;1;1;1;0;0;0;0;0;1;0;0;-3,734081000000000;-38,481088000000000
337588;5;11;2018;20:51;0;RUA HUMBERTO LOMEU;;;3189;;Colis?â?úo;;;;Meio de Quadra;;;0;2;1;1;0;0;0;0;0;1;0;0;-3,777930000000000;-38,617480000000000
337585;5;11;2018;19:21;0;RUA JUVENCIO PORFIRIO SALES;;;92;;Atropelamento;;;;Meio de Quadra;;;0;1;1;0;0;0;0;0;0;1;0;0;-3,826217400000000;-38,588514200000000
337598;5;11;2018;20:58;26271;AV PRO JOSE ARTHUR CARVALHO;RUA LOURDES VIDAL ALVES;;0;;Colis?â?úo;;;;Cruz;Pare;Comercial;0;1;1;1;0;0;0;0;0;1;0;0;-3,826479000000000;-38,473498000000000
337599;5;11;2018;22:30;1303;RUA BARBOSA DE FREITAS;AV DOM LUIS;;0;;Atropelamento;;;;Cruz;Sem?â?íforo;Comercial;0;1;1;0;0;0;0;0;0;0;0;0;-3,733564000000000;-38,496396000000000
337600;5;11;2018;23:12;0;AV H CJ CEARA;;;1959;;Colis?â?úo;;;;Meio de Quadra;;;0;1;1;0;0;0;0;0;0;1;0;0;-3,776383000000000;-38,615228000000000
337576;5;11;2018;19:17;0;RUA ANTONIO NERY;;;939;;Atropelamento;;;;Meio de Quadra;;;0;1;1;0;0;0;0;0;0;0;0;0;-3,780899000000000;-38,600953000000000
337577;5;11;2018;19:20;0;AV OLIVEIRA PAIVA;;;1715;;Colis?â?úo;;;;Meio de Quadra;;;0;1;1;0;0;0;0;0;0;0;0;0;-3,795846000000000;-38,491147000000000
337573;5;11;2018;18:45;0;RUA COS LAFAYETE;;;202;;Colis?â?úo;;;;Meio de Quadra;;;0;1;1;0;0;0;0;0;0;0;0;0;-3,718253500000000;-38,580034000000000
337563;5;11;2018;17:30;0;AV JOSE BASTOS;;;0;;Queda;Anoitecer;;;Meio de Quadra;;;0;1;0;0;0;0;0;0;0;1;0;0;;
337564;5;11;2018;17:47;12659;RUA RIO ARAGUAIA;RUA ROSINHA SAMPAIO;;0;;Atropelamento;Anoitecer;;;;;;0;2;0;0;0;0;0;0;0;1;0;0;-3,727216000000000;-38,582258000000000
337488;5;11;2018;13:58;0;AV ODILON GUIMARAES;;;1868;;Colis?â?úo;Luz do Dia;;;Meio de Quadra;;;0;1;1;1;0;0;0;0;0;1;0;0;-3,821836093000000;-38,476784372000000
337495;5;11;2018;17:20;5084;RUA SEN ALENCAR;RUA PRC ISABEL;;0;;Colis?â?úo;Anoitecer;;;Cruz;Pare;Comercial;0;2;0;0;0;0;0;0;0;1;0;0;-3,722828000000000;-38,534356000000000
337496;5;11;2018;17:30;5174;AV TRISTAO GONCALVES;RUA GUILHERME ROCHA;;0;;Atropelamento;Anoitecer;;;Cruz;Sem?â?íforo;Comercial;0;1;1;1;0;0;0;0;0;0;0;0;-3,725452000000000;-38,532707000000000
333767;5;11;2018;03:10;0;AV WASHINGTON SOARES;;;2340;;Choque c/ Obst?â?ículo Fixo;;;;Meio de Quadra;;;0;0;1;0;0;0;0;0;0;0;0;0;-3,777966572000000;-38,481462857000000