COD_ACIDENTE;DIA;MES;ANO;HORA;INTERSECAO;LOG1;LOG2;LOG3;NUMERO;REFERENCIA;NATUREZA;ILUMINACAO;TEMPO;SUPERFICIEPISTA;TIPOCRUZAMENTO;CONTROLETRAFEGO;USOSOLO;MORTOS;FERIDOS;ILESOS;AUTOMOVEL;ONIBUS;BICICLETA;CAMINHAO;MICROONIBUS;CICLOMOTOR;MOTOCICLETA;TRACAOANIMAL;TREM;LATITUDE;LONGITUDE
333768;5;11;2018;09:40;0;AV SEN CARLOS JEREISSATI (AEROPORTO);;;469;KM 01;Atropelamento;Luz do Dia;;;Meio de Quadra;;;1;0;1;1;0;0;0;0;0;0;0;0;-3,783753000000000;-38,526850000000000
339481;5;11;2018;15:00;0;RD CE-040;;;0;KM-11;Outros;Luz do Dia;;;Meio de Quadra;;;0;0;1;1;0;0;0;0;0;0;0;0;-3,849626230000000;-38,476069890000000
339483;5;11;2018;14:40;0;RD CE-040;;;0;KM-04;Colis?â?úo;Luz do Dia;;;Meio de Quadra;;;0;0;2;1;0;0;0;0;0;0;0;0;-3,791613156000000;-38,480330840000000
339487;5;11;2018;16:40;0;RD CE-060;;;0;KM-01;Colis?â?úo;Luz do Dia;;;Meio de Quadra;;;0;0;2;1;0;0;0;0;0;0;0;0;-3,826136000000000;-38,579500000000000
339212;6;11;2018;06:45;0;RD BR 116;;;5000;KM-05;Colis?â?úo Transversal;Luz do Dia;;;Meio de Quadra;;;0;1;1;1;0;0;0;0;0;1;0;0;-3,796502000000000;-38,506787000000000
339013;6;11;2018;23:50;0;RD BR 116;;;0;;Colis?â?úo Transversal;;;;Meio de Quadra;;;0;0;3;1;0;0;0;1;0;0;0;0;;
333773;6;11;2018;14:20;0;AV DUQ CAXIAS;;;403;;Colis?â?úo;Luz do Dia;;;Meio de Quadra;;;0;0;1;0;1;0;0;0;0;0;0;0;-3,732405000000000;-38,527952000000000
333774;6;11;2018;06:38;0;AV TRISTAO GONCALVES;;;1350;;Colis?â?úo;Luz do Dia;;;Meio de Quadra;;;0;2;0;1;0;0;0;0;0;1;0;0;-3,726960000000000;-38,533160000000000
333776;6;11;2018;17:40;11796;RUA JACINTO MATOS;AV TEN LISBOA;;0;;Colis?â?úo;Anoitecer;;;Com Via F?â?®rrea;Cancela;Residencial;0;0;2;1;0;0;0;0;0;1;0;0;;
337618;6;11;2018;06:39;22157;RUA MON FURTADO;RUA DELMIRO FARIAS;;0;;Colis?â?úo;Luz do Dia;;;Cruz;Pare;Residencial;0;1;1;1;0;0;0;0;0;1;0;0;-3,747544000000000;-38,550550000000000
337619;6;11;2018;06:47;7752;AV CARNEIRO DE MENDONCA;AV JOAO PESSOA;;0;;Colis?â?úo;Luz do Dia;;;T;Sem?â?íforo;Comercial;0;1;1;0;0;0;0;0;0;1;0;0;-3,767222000000000;-38,559808000000000
337621;6;11;2018;07:03;5234;RUA PEREIRA FILGUEIRAS;RUA NOGUEIRA ACIOLI;;0;;Colis?â?úo;Luz do Dia;;;Cruz;Pare;Comercial;0;1;1;1;0;0;0;0;0;1;0;0;-3,727333000000000;-38,516029000000000
337625;6;11;2018;07:05;0;AV ALBERTO CRAVEIRO;;;2505;;Colis?â?úo;Luz do Dia;;;Meio de Quadra;;;0;1;1;1;0;0;0;0;0;1;0;0;-3,802170000000000;-38,520707000000000
337611;6;11;2018;00:14;23448;RUA PAULO FIRMEZA;RUA ALVARO BOMILCAR;;0;;Queda;;;;Cruz;Pare;Residencial;0;1;0;0;0;1;0;0;0;0;0;0;-3,756867000000000;-38,509917000000000
337612;6;11;2018;05:15;1716;AV GOV RAUL BARBOSA;RUA CAP ARAGAO;;0;;Queda;Amanhecer;;;;;;0;2;0;0;0;0;0;0;0;1;0;0;-3,763977000000000;-38,508802000000000
337613;6;11;2018;06:37;0;AV MON TABOSA;;;1165;;Queda;Luz do Dia;;;Meio de Quadra;;;0;1;0;0;0;0;0;0;0;1;0;0;-3,724253000000000;-38,508683250000000
337633;6;11;2018;08:27;0;AV GAL MURILO BORGES;;;0;;Colis?â?úo;Luz do Dia;;;Meio de Quadra;;;0;1;1;1;0;0;0;0;0;1;0;0;;
337637;6;11;2018;09:35;0;AV GODOFREDO MACIEL;;;4279;;Colis?â?úo;Luz do Dia;;;Meio de Quadra;;;0;1;1;0;0;0;1;0;0;1;0;0;-3,812004750000000;-38,574825750000000
337646;6;11;2018;10:37;10995;RUA ALM RUBIM;RUA 15 DE NOVEMBRO;;0;;Colis?â?úo;Luz do Dia;;;Cruz;Pare;Comercial;0;1;1;1;0;0;0;0;0;1;0;0;-3,768907000000000;-38,555939000000000
337648;6;11;2018;11:24;0;RUA ALAN KARDEC;RUA ALBERTO MAGNO;;1172;;Colis?â?úo;Luz do Dia;;;Meio de Quadra;;;0;1;1;1;0;0;0;0;0;1;0;0;-3,766831000000000;-38,547462000000000
337651;6;11;2018;11:31;0;RUA GERMANO FRANCK;;;375;;Atropelamento;Luz do Dia;;;Meio de Quadra;;;0;1;1;0;0;0;0;0;0;1;0;0;-3,775196000000000;-38,559584000000000
337653;6;11;2018;11:45;0;AV JUSCELINO KUBITSCHEK (CANINDEZINHO);;;2031;;Atropelamento;Luz do Dia;;;Meio de Quadra;;;0;1;1;1;0;0;0;0;0;0;0;0;-3,820680500000000;-38,534507500000000
337840;6;11;2018;11:45;11160;RUA JOSE MENELEU D41;RUA SUECIA;;0;;Colis?â?úo;Luz do Dia;;;Cruz;Pare;Residencial;0;1;1;1;0;1;0;0;0;0;0;0;-3,782586000000000;-38,559334000000000
337842;6;11;2018;13:21;0;RUA JOR CESAR MAGALHAES;;;953;;Colis?â?úo;Luz do Dia;;;Meio de Quadra;;;0;1;1;1;0;0;0;0;0;1;0;0;-3,767825641000000;-38,488815297000000
337845;6;11;2018;15:54;1236;AV RUI BARBOSA;RUA COSTA BARROS;;0;;Colis?â?úo;Luz do Dia;;;Cruz;Sem?â?íforo;Comercial;0;1;1;0;0;0;0;0;0;1;0;0;-3,731526000000000;-38,507984000000000
337855;6;11;2018;16:42;0;AV SGT HERMINIO SAMPAIO;;;2006;POLO DE LAZER;Colis?â?úo;Luz do Dia;;;Meio de Quadra;;;0;2;0;1;0;0;0;0;0;1;0;0;-3,726048500000000;-38,558713000000000
337859;6;11;2018;17:52;25519;AV GOV RAUL BARBOSA;AV ALM HENRIQUE SABOIA;;0;;Atropelamento;Anoitecer;;;Y;N?â?úo H?â?í Controle;Residencial;0;3;0;0;0;0;0;0;0;1;0;0;-3,758466000000000;-38,504580000000000
337893;6;11;2018;18:32;0;RUA DO CONTORNO UI 302;;;0;;Queda;;;;Meio de Quadra;;;0;1;0;0;0;1;0;0;0;0;0;0;;
337894;6;11;2018;18:40;0;RUA OSCAR FRANCA;;;3804;;Colis?â?úo;;;;Meio de Quadra;;;0;1;1;1;0;0;0;0;0;1;0;0;-3,783962164000000;-38,625366623000000
337896;6;11;2018;19:04;0;AV DES FAUSTINO ALBUQUERQUE;;;330;;Colis?â?úo;;;;Meio de Quadra;;;0;1;1;1;0;0;0;0;0;1;0;0;-3,782541790000000;-38,498508158000000
337897;6;11;2018;19:19;0;RUA PEREIRA DE MIRANDA;;;30;TERMINAL PAPICU;Atropelamento;;;;Meio de Quadra;;;0;1;1;0;1;0;0;0;0;0;0;0;;
337898;6;11;2018;19:25;0;LOGRADOURO SEM NOME;;;0;;Atropelamento;;;;Meio de Quadra;;;0;1;1;0;0;0;0;0;0;1;0;0;;
337902;6;11;2018;20:28;0;AV SGT HERMINIO SAMPAIO;;;2327;;Colis?â?úo;;;;Meio de Quadra;;;0;3;0;0;0;0;0;0;0;1;0;0;-3,726516000000000;-38,561327000000000
337903;6;11;2018;22:49;0;AV CASTELO DE CASTRO;;;230;;Colis?â?úo;;;;Meio de Quadra;;;0;1;1;1;0;0;0;0;0;1;0;0;-3,831083500000000;-38,521498500000000
337900;6;11;2018;19:52;0;RUA GRACA ARANHA;;;964;;Atropelamento;;;;Meio de Quadra;;;0;1;1;0;0;0;0;0;0;0;0;0;-3,713424000000000;-38,575029000000000
336795;6;11;2018;20:43;13526;RUA BAR ARACATI;RUA PDE CHEVALIER;;0;;Colis?â?úo Frontal;Via Iluminada;Bom;Seca;Cruz;Pare;Residencial;0;0;2;1;0;0;0;0;0;1;0;0;-3,747444000000000;-38,516698000000000
336796;6;11;2018;19:50;0;AV JOR THOMAZ COELHO;;;1900;;Colis?â?úo Traseira;Via Iluminada;Bom;Seca;Meio de Quadra;Sem?â?íforo;Residencial;0;0;2;1;0;0;0;0;0;0;0;0;-3,828751300000000;-38,512440000000000
336797;6;11;2018;21:00;0;AV JOR THOMAZ COELHO;;;1900;;Colis?â?úo Traseira;Via Iluminada;Bom;Seca;Meio de Quadra;Sem?â?íforo;Residencial;0;0;2;1;0;0;0;0;0;1;0;0;-3,828706300000000;-38,512432000000000
336798;6;11;2018;23:12;0;RUA MANUEL CASTELO BRANCO;;;1385;;Colis?â?úo Traseira;Mal Iluminada;Bom;Seca;Meio de Quadra;Sem?â?íforo;Residencial;0;0;2;1;0;0;0;0;0;0;0;0;-3,833917100000000;-38,482224000000000
336799;6;11;2018;22:05;0;RUA RAUL CABRAL;;;897;;Colis?â?úo Traseira;Mal Iluminada;Bom;Seca;Meio de Quadra;N?â?úo H?â?í Controle;Comercial;0;1;1;1;0;0;0;0;0;1;0;0;-3,767537600000000;-38,546688000000000
336793;6;11;2018;13:10;0;AV BORGES DE MELO;;;416;;Colis?â?úo Transversal;Luz do Dia;Bom;Seca;Meio de Quadra;Sem?â?íforo;Residencial;0;0;2;1;0;0;0;0;0;1;0;0;-3,760966800000000;-38,522934000000000
332062;6;11;2018;06:50;23655;RUA BAR CRATO;RUA PRO JOAQUIM ANTONIO;;0;;Colis?â?úo Transversal;Luz do Dia;Nublado;Seca;Cruz;N?â?úo H?â?í Controle;Residencial;0;1;1;1;0;0;0;0;0;1;0;0;-3,722755000000000;-38,565243000000000
332064;7;11;2018;15:15;3176;RUA THOMPSON GONCALVES;RUA SOBREIRA FILHO;;0;;Colis?â?úo Transversal;Luz do Dia;Bom;Seca;Cruz;N?â?úo H?â?í Controle;Residencial;0;1;1;1;0;0;0;0;0;1;0;0;-3,779487000000000;-38,581922000000000
336800;7;11;2018;07:40;0;RUA EDUARDO PERDIGAO;;;300;HOSPITAL MENINO JESUS;Colis?â?úo Traseira;Luz do Dia;Bom;Seca;Meio de Quadra;N?â?úo H?â?í Controle;Comercial;0;0;3;1;0;0;0;0;0;0;0;0;-3,777474400000000;-38,562794000000000
336801;7;11;2018;07:45;0;AV GOV RAUL BARBOSA;;;6140;;Colis?â?úo Traseira;Luz do Dia;Bom;Seca;Meio de Quadra;N?â?úo H?â?í Controle;Comercial;0;1;0;0;0;0;0;0;0;1;0;0;-3,770560000000000;-38,510643000000000
336802;7;11;2018;07:40;0;AV GOV RAUL BARBOSA;;;6140;;Engavetamento;Luz do Dia;Bom;Seca;Meio de Quadra;N?â?úo H?â?í Controle;Comercial;0;0;3;1;0;0;0;0;0;0;0;0;-3,770464700000000;-38,510610000000000
336803;7;11;2018;08:10;0;RUA JOSE ALVES CAVALCANTE;RUA CHICO LEMOS;;0;;Colis?â?úo Transversal;Luz do Dia;Bom;Seca;Cruz;Pare;Residencial;0;2;0;1;0;0;0;0;0;0;0;0;-3,790983700000000;-38,499270000000000
336804;7;11;2018;08:59;0;RUA DELMIRO FARIAS;;;1741;;Colis?â?úo Lateral;Luz do Dia;Bom;Seca;Meio de Quadra;N?â?úo H?â?í Controle;Residencial;0;1;1;1;0;0;0;0;0;1;0;0;-3,745648100000000;-38,552624000000000
336805;7;11;2018;09:04;0;AV LAURO VIEIRA CHAVES;;;0;;Colis?â?úo Lateral;Luz do Dia;Bom;Seca;Meio de Quadra;N?â?úo H?â?í Controle;Comercial;0;1;1;1;0;0;0;0;0;1;0;0;-3,772566000000000;-38,537740000000000
336806;7;11;2018;09:36;0;AV SEN VIRGILIO TAVORA;RUA BRI CORREIA DE MELO;;2684;;Colis?â?úo Traseira;Luz do Dia;Bom;Seca;Meio de Quadra;Pare;Comercial;0;1;1;1;0;0;0;0;0;1;0;0;-3,750378400000000;-38,497590000000000
336807;7;11;2018;11:35;0;RUA DES LEITE ALBUQUERQUE;;;350;;Colis?â?úo Lateral;Luz do Dia;Bom;Seca;Meio de Quadra;N?â?úo H?â?í Controle;Comercial;0;0;2;1;0;0;0;0;0;0;0;0;-3,736405400000000;-38,501183000000000
336808;7;11;2018;10:42;9040;RUA JAIME BENEVOLO;RUA PDE MIGUELINHO;;0;;Colis?â?úo Transversal;Luz do Dia;Bom;Seca;Cruz;Pare;Comercial;0;1;1;1;0;0;0;0;0;1;0;0;-3,744086000000000;-38,529347000000000
336809;7;11;2018;13:40;0;AV MAJ ASSIS;;;1594;;Colis?â?úo Transversal;Luz do Dia;Bom;Seca;Meio de Quadra;N?â?úo H?â?í Controle;Residencial;0;1;1;1;0;0;0;0;0;0;0;0;-3,722257900000000;-38,593660000000000
336810;7;11;2018;16:24;0;AV PRS COSTA E SILVA;;;1822;;Colis?â?úo Traseira;Luz do Dia;Bom;Seca;Meio de Quadra;Sem?â?íforo;Comercial;0;0;2;1;0;0;0;0;0;0;0;0;-3,817719200000000;-38,565388000000000
336811;7;11;2018;19:48;0;AV GAL OSORIO DE PAIVA;;;1127;;Colis?â?úo Traseira;Via Iluminada;Bom;Seca;Meio de Quadra;Sem?â?íforo;Comercial;0;1;1;1;0;0;0;0;0;1;0;0;-3,778927000000000;-38,571747000000000
336812;7;11;2018;19:35;10737;RUA PDE SA LEITAO;RUA PRO EDGAR DE ARRUDA;;0;;Colis?â?úo Transversal;Via Iluminada;Bom;Seca;T;Pare;Residencial;0;2;1;0;1;0;0;0;1;0;0;0;-3,760489000000000;-38,580652000000000
336813;7;11;2018;23:37;0;AV JOR THOMAZ COELHO;;;3140;;Colis?â?úo Transversal;Via Iluminada;Bom;Seca;Meio de Quadra;N?â?úo H?â?í Controle;Comercial;0;2;0;0;0;0;0;0;0;1;0;0;-3,829112000000000;-38,523724000000000
337953;7;11;2018;17:06;15136;AV MON TABOSA;RUA ANTONIO AUGUSTO;;0;;Queda;Anoitecer;;;Cruz;Pare;Comercial;0;1;0;0;0;0;0;0;0;1;0;0;-3,724092000000000;-38,511469000000000
337957;7;11;2018;17:14;0;AV TRISTAO GONCALVES;;;0;;Queda;Anoitecer;;;Meio de Quadra;;;0;1;0;0;0;0;0;0;0;1;0;0;;
337958;7;11;2018;17:20;0;AV ENG HUMBERTO MONTE;;;2450;;Atropelamento;Anoitecer;;;Meio de Quadra;;;0;1;1;0;0;0;0;0;0;1;0;0;-3,741777500000000;-38,566743000000000
337955;7;11;2018;17:08;0;AV GAL OSORIO DE PAIVA;;;0;;Colis?â?úo;Anoitecer;;;Meio de Quadra;;;0;1;1;0;0;0;1;0;0;1;0;0;;
337939;7;11;2018;07:59;0;AV DR ALDY MENTOR;;;4551;;Colis?â?úo;Luz do Dia;;;Meio de Quadra;;;0;1;1;0;0;0;0;0;0;1;0;0;-3,755990000000000;-38,445960000000000
337944;7;11;2018;10:03;0;AV JOAO PESSOA;;;6933;;Colis?â?úo;Luz do Dia;;;Meio de Quadra;;;0;1;1;1;0;0;0;0;0;1;0;0;-3,770403167000000;-38,561114833000000
337945;7;11;2018;12:23;0;AV JOSE BASTOS;;;5817;;Colis?â?úo;Luz do Dia;;;Meio de Quadra;;;0;1;1;0;0;0;0;0;0;1;0;0;;
337946;7;11;2018;12:46;0;AV MR HULL;;;0;;Colis?â?úo;Luz do Dia;;;Meio de Quadra;;;0;1;1;1;0;0;0;0;0;1;0;0;;
337947;7;11;2018;13:59;0;AV LUCIANO CARNEIRO;;;2560;;Colis?â?úo;Luz do Dia;;;Meio de Quadra;;;0;1;1;0;0;0;0;0;0;0;0;0;-3,770842000000000;-38,538495000000000
337948;7;11;2018;14:08;0;RUA BAR AQUIRAZ;;;0;;Colis?â?úo;Luz do Dia;;;;;;0;2;1;1;0;1;0;0;0;0;0;0;;
337949;7;11;2018;14:09;0;AV GOV RAUL BARBOSA;;;7510;;Queda;Luz do Dia;;;Meio de Quadra;;;0;1;0;0;0;0;0;0;0;1;0;0;-3,777785500000000;-38,513655500000000
337950;7;11;2018;14:20;0;AV PRS JUSCELINO KUBITSCHEK (PASSAR?âÔÇ?);;;0;;Queda;Luz do Dia;;;Meio de Quadra;;;0;1;0;0;0;0;0;0;0;1;0;0;;
337951;7;11;2018;16:00;0;AV ALM BARROSO;;;0;;Colis?â?úo;Luz do Dia;;;Meio de Quadra;;;0;1;1;0;0;0;0;0;0;0;0;0;;
333780;7;11;2018;06:10;0;RUA ALVES BEZERRA;;;187;;Choque c/ Obst?â?ículo Fixo;Luz do Dia;;;Meio de Quadra;;;0;0;1;0;0;0;0;0;0;0;0;0;-3,808754400000000;-38,608006200000000
333793;7;11;2018;13:10;3809;AV CARAPINIMA;RUA PDE FRANCISCO PINTO;;0;;Colis?â?úo;Luz do Dia;;;Duplo T;N?â?úo H?â?í Controle;Comercial;0;0;2;1;0;0;0;0;0;0;0;0;-3,741723000000000;-38,541958000000000
333794;7;11;2018;18:00;0;AV WASHINGTON SOARES;;;2469;;Colis?â?úo;Anoitecer;;;Meio de Quadra;;;0;0;2;1;0;1;0;0;0;0;0;0;-3,827007000000000;-38,482133900000000
333795;7;11;2018;20:15;0;RUA CEL JUCA;;;1936;;Colis?â?úo;;;;Meio de Quadra;;;0;0;2;1;0;0;0;0;0;0;0;0;-3,748725900000000;-38,494974900000000
333799;7;11;2018;11:50;0;RD BR 116;;;8000;KM-08;Atropelamento;Luz do Dia;;;Meio de Quadra;;;1;0;1;1;0;0;0;0;0;0;0;0;-3,822018000000000;-38,503269000000000
339008;7;11;2018;06:10;0;RD BR 116;;;0;;Colis?â?úo Transversal;Luz do Dia;;;Meio de Quadra;;;0;1;1;1;0;0;0;0;0;1;0;0;;
339489;7;11;2018;00:10;0;RD CE-040;;;0;KM-10;Colis?â?úo;;;;Meio de Quadra;;;0;0;2;1;0;0;0;0;0;0;0;0;-3,842576660000000;-38,480882840000000
339526;7;11;2018;11:00;0;RUA 404 CJ CEARA;;;0;;Colis?â?úo;Luz do Dia;;;Meio de Quadra;;;0;0;2;1;0;0;0;0;0;0;0;0;;
339506;7;11;2018;07:45;0;RD CE-040;;;0;KM-09;Colis?â?úo;Luz do Dia;;;Meio de Quadra;;;0;0;3;1;0;0;0;0;0;0;0;0;-3,834450897000000;-38,482465820000000
338031;7;11;2018;17:40;0;RUA EINSTEIN;;;355;;Colis?â?úo;Anoitecer;;;Meio de Quadra;;;0;1;1;0;0;0;0;0;0;0;0;0;;
338039;7;11;2018;19:28;0;AV C CJ CEARA;;;686;;Colis?â?úo;;;;Meio de Quadra;;;0;1;1;1;0;0;0;0;0;1;0;0;-3,765335500000000;-38,611004000000000
338043;7;11;2018;19:32;0;AV DES MOREIRA;;;0;;Colis?â?úo;;;;Meio de Quadra;Sem?â?íforo;Comercial;0;1;1;0;0;0;0;0;0;1;0;0;;
338047;7;11;2018;19:32;5322;AV IMPERADOR;AV DUQ CAXIAS;;0;;Colis?â?úo;;;;Cruz;Sem?â?íforo;Comercial;0;1;1;0;0;0;0;0;0;1;0;0;-3,730048000000000;-38,535297000000000
338057;7;11;2018;22:13;0;RUA CEL ZACARIAS J FRANCA;;;526;;Queda;;;;Meio de Quadra;;;0;2;0;0;0;1;0;0;0;0;0;0;-3,806924319000000;-38,505633307000000
338059;8;11;2018;06:22;0;RUA PEDRO A SILVA;;;5;;Colis?â?úo;Luz do Dia;;;Meio de Quadra;;;0;1;1;0;0;0;0;0;0;1;0;0;;
338060;8;11;2018;06:34;0;RUA CON DE CASTRO;;;9822;;Queda;Luz do Dia;;;Meio de Quadra;;;0;1;0;0;0;0;0;0;0;1;0;0;-3,828433323000000;-38,607583535000000
338061;8;11;2018;06:56;0;AV SGT HERMINIO SAMPAIO;;;1028;;Queda;Luz do Dia;;;Meio de Quadra;;;0;1;0;0;0;0;0;0;0;1;0;0;-3,724596588000000;-38,549914000000000
338063;8;11;2018;07:26;0;RUA RISO DO PRADO;;;177;;Colis?â?úo;Luz do Dia;;;Meio de Quadra;;;0;1;1;1;0;0;0;0;0;1;0;0;-3,779722000000000;-38,578766000000000
338067;8;11;2018;07:32;0;RUA J CJ JARDIM FLUMINENSE;;;42;;Colis?â?úo;Luz do Dia;;;Meio de Quadra;;;0;1;1;1;0;0;0;0;0;1;0;0;;
338068;8;11;2018;07:42;0;RUA THEOGENES GONDIM;;;165;;Colis?â?úo;Luz do Dia;;;Meio de Quadra;;;0;1;1;1;0;0;0;0;0;1;0;0;;
338072;8;11;2018;07:56;0;RUA RAIMUNDO CABRAL;;;98;;Atropelamento;Luz do Dia;;;Meio de Quadra;;;0;1;1;0;0;0;1;0;0;0;0;0;-3,775652903000000;-38,592325902000000
338077;8;11;2018;08:07;0;AV DEP PAULINO ROCHA;;;0;ROTAT?âÔÇ£RIA;Colis?â?úo;Luz do Dia;;;Meio de Quadra;;;0;1;1;0;0;0;0;0;0;1;0;0;;
338078;8;11;2018;09:49;0;AV WASHINGTON SOARES;;;3191;;Colis?â?úo;Luz do Dia;;;Meio de Quadra;;;0;1;1;1;0;0;0;0;0;1;0;0;-3,827072800000000;-38,482153500000000
338079;8;11;2018;10:03;0;LOGRADOURO SEM NOME;;;0;;Queda;Luz do Dia;;;Meio de Quadra;;;0;1;0;0;0;1;0;0;0;0;0;0;;
338087;8;11;2018;13:17;0;AV FRANCISCO SA;;;5545;;Colis?â?úo;Luz do Dia;;;Meio de Quadra;;;0;2;0;1;0;0;0;0;0;1;0;0;-3,708340000000000;-38,582750000000000
338088;8;11;2018;14:15;0;RUA DEP MATOSO FILHO;;;699;;Colis?â?úo;Luz do Dia;;;Meio de Quadra;;;0;2;1;1;0;0;0;0;0;1;0;0;-3,732503000000000;-38,590581000000000
338089;8;11;2018;14:44;0;RUA CEL NUNES DE MELO;;;1493;;Atropelamento;Luz do Dia;;;Meio de Quadra;;;0;1;1;0;0;0;0;0;0;1;0;0;-3,752295161000000;-38,555945732000000
338090;8;11;2018;15:55;0;RUA MARANHAO;;;176;;Atropelamento;Luz do Dia;;;Meio de Quadra;;;0;1;1;0;0;0;0;0;0;0;0;0;-3,757216688000000;-38,563329438000000
338091;8;11;2018;17:15;0;AV C CJ CEARA;;;1455;;Colis?â?úo;Anoitecer;;;Meio de Quadra;;;0;1;1;1;0;0;0;0;0;1;0;0;-3,771380000000000;-38,614288000000000
338092;8;11;2018;17:26;2494;RUA GRACA ARANHA;AV 20 DE JANEIRO;;0;;Colis?â?úo;Anoitecer;;;Cruz;Pare;Residencial;0;1;1;1;0;0;0;0;0;1;0;0;-3,709479000000000;-38,573603000000000
338093;8;11;2018;17:55;1706;RUA CAP CLOVIS MAIA;RUA CAP VASCONCELOS D46;;0;;Colis?â?úo;Anoitecer;;;Cruz;Pare;Residencial;0;1;1;1;0;0;0;0;0;1;0;0;-3,769075000000000;-38,516432000000000
338094;8;11;2018;18:06;22200;AV SGT HERMINIO SAMPAIO;RUA CEL MOZART GONDIM;;0;;Colis?â?úo;Anoitecer;;;;;;0;1;1;1;0;0;0;0;0;1;0;0;-3,726516000000000;-38,561327000000000
338095;8;11;2018;18:17;10768;RUA PORTO ALEGRE;RUA EURICO MEDINA;;0;;Colis?â?úo;Anoitecer;;;Cruz;Pare;Residencial;0;1;1;0;0;0;0;0;0;0;0;0;-3,761795000000000;-38,587686000000000
338082;8;11;2018;11:21;0;RUA CARLOS GOMES;;;419;;Colis?â?úo;Luz do Dia;;;Meio de Quadra;;;0;1;1;0;0;0;0;0;0;1;0;0;-3,740726342000000;-38,529159512000000
338084;8;11;2018;12:24;0;RUA PORTO VELHO;;;1451;;Colis?â?úo;Luz do Dia;;;Meio de Quadra;;;0;1;1;0;0;0;0;0;0;1;0;0;-3,763371438000000;-38,591869688000000
338085;8;11;2018;13:09;0;RUA CARLOS WALRAVEN;;;431;;Capotamento;Luz do Dia;;;Meio de Quadra;;;0;2;0;0;0;0;0;0;0;0;0;0;-3,719614262000000;-38,592619131000000
338178;8;11;2018;18:30;0;AV EDILSON B SOARES;;;360;;Colis?â?úo;Anoitecer;;;Meio de Quadra;;;0;1;1;1;0;0;0;0;0;1;0;0;-3,789590000000000;-38,482203000000000
338179;8;11;2018;18:51;0;AV PERIMETRAL;;;0;;Colis?â?úo;;;;Meio de Quadra;;;0;1;1;1;0;0;0;0;0;1;0;0;;
338180;8;11;2018;19:48;0;RUA GUILHERME PERDIGAO;;;0;;Colis?â?úo;;;;Meio de Quadra;;;0;1;1;1;0;0;0;0;0;1;0;0;;
338182;8;11;2018;23:14;0;AV WASHINGTON LUIS;;;0;;Capotamento;;;;Meio de Quadra;;;0;1;0;0;0;0;0;0;0;0;0;0;;
339527;8;11;2018;20:00;0;AV SEN CARLOS JEREISSATI (AEROPORTO);;;0;KM 01;Colis?â?úo;;;;Meio de Quadra;;;0;0;2;1;0;0;0;0;0;0;0;0;-3,783753000000000;-38,526850000000000
339528;8;11;2018;22:50;0;RUA 404 CJ CEARA;;;0;;Capotamento;;;;Meio de Quadra;;;0;0;1;1;0;0;0;0;0;0;0;0;;
333800;8;11;2018;02:15;0;AV PRS CASTELO BRANCO;;;0;;Colis?â?úo;;;;Meio de Quadra;;;0;0;2;1;0;0;0;0;0;1;0;0;;
333801;8;11;2018;12:55;7608;AV DR SILAS MUNGUBA;RUA MAL BITENCOURT;;0;;Colis?â?úo;Luz do Dia;;;T;Sem?â?íforo;Comercial;0;0;3;1;0;0;0;0;0;0;0;0;-3,796992000000000;-38,531678000000000
336814;8;11;2018;10:00;21364;RUA PDE GUERRA;RUA PRO CASTELO BRANCO D08;;0;;Colis?â?úo Transversal;Luz do Dia;Bom;Seca;Cruz;Pare;Residencial;0;0;2;1;0;0;0;0;0;0;0;0;-3,736986000000000;-38,548270000000000
336815;8;11;2018;19:49;0;RUA SEN POMPEU;;;2719;;Colis?â?úo Lateral;Via Iluminada;Bom;Seca;Meio de Quadra;N?â?úo H?â?í Controle;Comercial;0;0;2;1;0;0;0;0;0;0;0;0;-3,742241000000000;-38,534245000000000
336816;8;11;2018;18:00;0;RUA VERBENA;;;475;;Colis?â?úo Lateral;Via Iluminada;Bom;Seca;Meio de Quadra;Pare;Residencial;0;0;2;1;0;0;0;0;0;0;0;0;-3,775944000000000;-38,587925000000000
336817;8;11;2018;21:03;15158;AV BEIRA MAR;RUA JOSE NAPOLEAO;;0;;Colis?â?úo Traseira;Via Iluminada;Bom;Seca;T;Pare;Residencial;0;0;2;1;0;0;0;0;0;0;0;0;-3,724949000000000;-38,490598000000000
336818;8;11;2018;19:00;0;RUA STA JULIA;;;179;;Colis?â?úo Lateral;Mal Iluminada;Bom;Seca;Meio de Quadra;Pare;Residencial;0;0;2;1;0;0;0;0;0;0;0;0;-3,775283000000000;-38,569374000000000
336819;8;11;2018;23:05;10993;RUA 15 DE NOVEMBRO;RUA BAR CANINDE;;0;;Colis?â?úo Transversal;Via Iluminada;Bom;Seca;Cruz;Sem?â?íforo;Residencial;0;1;2;1;1;0;0;0;0;1;0;0;-3,768608000000000;-38,556768000000000
332068;8;11;2018;00:36;5100;AV MON TABOSA;AV DOM MANUEL;;0;;Colis?â?úo Transversal;Via Iluminada;Bom;Seca;Cruz;Sem?â?íforo;Residencial;0;1;1;1;0;0;0;0;0;1;0;0;-3,723552000000000;-38,519533000000000