COD_ACIDENTE;DIA;MES;ANO;HORA;INTERSECAO;LOG1;LOG2;LOG3;NUMERO;REFERENCIA;NATUREZA;ILUMINACAO;TEMPO;SUPERFICIEPISTA;TIPOCRUZAMENTO;CONTROLETRAFEGO;USOSOLO;MORTOS;FERIDOS;ILESOS;AUTOMOVEL;ONIBUS;BICICLETA;CAMINHAO;MICROONIBUS;CICLOMOTOR;MOTOCICLETA;TRACAOANIMAL;TREM;LATITUDE;LONGITUDE
332081;9;11;2018;10:30;0;AV JOAO PESSOA;;;626;;Colis?â?úo;Luz do Dia;Bom;Seca;Meio de Quadra;Pare;Comercial;0;2;0;1;0;0;0;0;0;1;0;0;;
332054;9;11;2018;16:09;0;AV GOV RAUL BARBOSA;;;5350;;Colis?â?úo Traseira;Luz do Dia;Bom;Seca;Meio de Quadra;Outros;;0;2;0;0;0;0;1;0;0;1;0;0;-3,765805000000000;-38,509002500000000
332017;9;11;2018;03:45;0;RUA DEP OSWALDO STUDART;;;0;;Colis?â?úo;Mal Iluminada;Bom;Seca;Meio de Quadra;Pare;Comercial;0;2;0;1;0;0;0;0;1;0;0;0;;
332101;9;11;2018;19:00;0;VL TAVARES;;;0;;Colis?â?úo Traseira;Via Iluminada;;Seca;Meio de Quadra;Pare;;0;1;1;0;1;0;0;0;0;1;0;0;;
336820;9;11;2018;07:40;0;AV JOR THOMAZ COELHO;RUA MUCAMBINHO (MESSEJANA);;0;;Colis?â?úo Transversal;Luz do Dia;Bom;Seca;Cruz;Sem?â?íforo;Comercial;0;2;0;0;0;0;0;0;0;1;0;0;-3,830249300000000;-38,507313000000000
336821;9;11;2018;09:00;5188;RUA NOGUEIRA ACIOLI;RUA TEN BENEVOLO;;0;;N?â?úo Informado;Luz do Dia;Bom;Seca;Cruz;Pare;Comercial;0;2;1;1;0;0;0;0;0;1;0;0;-3,725858000000000;-38,515591000000000
336822;9;11;2018;09:29;1573;RUA JOAQUIM NABUCO;RUA GAL TERTULIANO POTYGUARA;;0;;Colis?â?úo Transversal;Luz do Dia;Bom;Seca;Cruz;Pare;Residencial;0;1;1;0;0;1;0;0;0;0;0;0;-3,742164000000000;-38,503511000000000
336823;9;11;2018;11:03;0;AV LUCIANO CARNEIRO;;;2096;;N?â?úo Informado;Luz do Dia;Bom;Seca;Meio de Quadra;Sem?â?íforo;Comercial;0;0;2;1;0;0;0;0;0;0;0;0;-3,766422700000000;-38,537210000000000
336824;9;11;2018;10:38;2436;AV PRS CASTELO BRANCO;RUA GRACA ARANHA;;0;;Colis?â?úo Traseira;Luz do Dia;Bom;Seca;Cruz;Sem?â?íforo;Residencial;0;1;1;1;0;0;0;0;0;1;0;0;-3,706856000000000;-38,572655000000000
336825;9;11;2018;16:48;7623;RUA RIO GRANDE DO SUL;RUA PERNAMBUCO;;0;;Colis?â?úo Lateral;Luz do Dia;Bom;Seca;Cruz;Pare;Residencial;0;0;1;1;0;0;0;0;0;0;0;0;-3,760011000000000;-38,568467000000000
336826;9;11;2018;19:12;0;AV HERACLITO GRACA;;;210;;Colis?â?úo Traseira;Anoitecer;Bom;Seca;Cruz;Sem?â?íforo;Comercial;0;0;3;1;0;0;0;0;0;0;0;0;-3,734048600000000;-38,522827000000000
336827;9;11;2018;20:11;0;RUA ASSUNCAO;;;1545;;Colis?â?úo Transversal;Anoitecer;Bom;Seca;Meio de Quadra;Pare;Residencial;0;1;1;1;0;0;0;0;0;1;0;0;-3,743374300000000;-38,531612000000000
336845;9;11;2018;14:10;26209;AV ROGACIANO LEITE;AV CHANC EDSON QUEIROZ;;0;;Colis?â?úo Lateral;Luz do Dia;Bom;Seca;T;Sem?â?íforo;Residencial;0;1;1;1;0;0;0;0;0;1;0;0;-3,764340000000000;-38,494987000000000
337295;9;11;2018;11:47;0;AV EDUARDO BRIGIDO MONTEIRO;;;0;;Colis?â?úo;Luz do Dia;;;Meio de Quadra;;;0;1;1;1;0;0;0;0;0;1;0;0;;
337296;9;11;2018;12:06;0;RUA CAJAZEIRAS;;;144;;Colis?â?úo;Luz do Dia;;;Meio de Quadra;;;0;1;1;0;0;0;0;0;0;1;0;0;-3,816490000000000;-38,469080000000000
337297;9;11;2018;12:32;0;AV BEZERRA DE MENEZES;;;170;;Colis?â?úo;Luz do Dia;;;Meio de Quadra;;;0;1;1;0;0;0;0;0;0;1;0;0;-3,731856000000000;-38,546109000000000
337286;9;11;2018;06:50;0;RD BR 116;;;0;;Colis?â?úo;Luz do Dia;;;Meio de Quadra;;;0;1;0;0;0;0;0;0;0;0;0;0;;
337287;9;11;2018;07:45;0;AV JOR THOMAZ COELHO;;;0;;Colis?â?úo;Luz do Dia;;;Meio de Quadra;;;0;1;1;0;0;0;0;0;0;1;0;0;;
337289;9;11;2018;07:56;0;AV GODOFREDO MACIEL;;;5628;;Atropelamento;Luz do Dia;;;Meio de Quadra;;;0;1;1;1;0;0;0;0;0;0;0;0;-3,824319000000000;-38,578775000000000
337290;9;11;2018;08:12;0;AV CASTELO DE CASTRO;;;459;;Queda;Luz do Dia;;;Meio de Quadra;;;0;1;0;0;0;0;0;0;0;1;0;0;-3,815150000000000;-38,520750000000000
337291;9;11;2018;08:18;0;RUA TEODOMIRO DE CASTRO;;;6165;;Colis?â?úo;Luz do Dia;;;Meio de Quadra;;;0;1;1;0;0;0;1;0;0;1;0;0;-3,717333492000000;-38,575493889000000
337292;9;11;2018;10:16;12847;RUA SALDANHA MARINHO;RUA MAJ FACUNDO;;0;;Colis?â?úo;Luz do Dia;;;Cruz;;Residencial;0;1;1;1;0;0;0;0;0;1;0;0;-3,741916000000000;-38,532454000000000
337293;9;11;2018;10:17;1489;AV SANTOS DUMONT;RUA FRE MANSUETO;;0;;Colis?â?úo;Luz do Dia;;;T;Sem?â?íforo;Comercial;0;1;1;1;0;0;0;0;0;1;0;0;-3,739432000000000;-38,488460000000000
337277;9;11;2018;06:05;12537;AV MAJ ASSIS;RUA PIERRE LUZ;;0;;Colis?â?úo;Luz do Dia;;;;;;0;1;1;1;0;0;0;0;0;1;0;0;-3,723618000000000;-38,588359000000000
337278;9;11;2018;06:29;0;AV ALBERTO CRAVEIRO;;;2683;;Colis?â?úo;Luz do Dia;;;Meio de Quadra;;;0;1;0;0;0;0;0;0;0;0;0;0;-3,803701000000000;-38,521949000000000
337275;9;11;2018;03:22;0;AV 13 DE MAIO;;;733;;Colis?â?úo;;;;Meio de Quadra;;;0;1;1;1;0;0;0;0;0;1;0;0;-3,751738000000000;-38,526507000000000
337518;9;11;2018;12:54;0;RUA NOVA FORTALEZA (MONDUBIM);;;0;;Colis?â?úo;Luz do Dia;;;Meio de Quadra;;;0;1;1;1;0;0;0;0;0;1;0;0;;
337519;9;11;2018;14:20;0;RUA JAIME BENEVOLO;;;1888;;Queda;Luz do Dia;;;Meio de Quadra;;;0;1;0;0;0;0;0;0;0;1;0;0;-3,748483333000000;-38,531029000000000
337520;9;11;2018;14:41;0;AV PERIMETRAL;;;3536;;Colis?â?úo;Luz do Dia;;;Meio de Quadra;;;0;1;0;0;0;0;0;0;0;0;0;0;;
337521;9;11;2018;15:23;0;AV MR HULL;;;0;;Colis?â?úo;Luz do Dia;;;Meio de Quadra;;;0;1;1;1;0;0;0;0;0;1;0;0;;
337524;9;11;2018;15:47;0;RUA BARBOSA DE FREITAS;;;2979;;Outros;Luz do Dia;;;Meio de Quadra;;;0;1;1;0;0;0;0;0;0;0;0;1;-3,753344000000000;-38,502692000000000
337525;9;11;2018;16:26;0;AV DUQ CAXIAS;;;1400;;Colis?â?úo;Luz do Dia;;;Meio de Quadra;;;0;1;1;0;0;0;0;0;0;1;0;0;-3,729687000000000;-38,536407000000000
337526;9;11;2018;16:28;3779;RUA ANTONIO POMPEU;RUA VINTE E QUATRO DE MAIO;;0;;Colis?â?úo;Luz do Dia;;;Cruz;Pare;Residencial;0;1;1;1;0;0;0;0;0;1;0;0;-3,733667000000000;-38,534186000000000
337527;9;11;2018;16:44;5307;RUA PRC ISABEL;AV DUQ CAXIAS;;0;;Colis?â?úo;Luz do Dia;;;Cruz;Sem?â?íforo;Comercial;0;1;1;0;0;0;0;0;0;1;0;0;-3,729687000000000;-38,536407000000000
337528;9;11;2018;18:13;0;RUA ACAPULCO;;;23;;Colis?â?úo;Anoitecer;;;Meio de Quadra;;;0;1;1;1;0;0;0;0;0;1;0;0;-3,792130000000000;-38,547530000000000
337529;9;11;2018;18:32;0;RUA RUA SABINO LORETO (BARROSO);;;809;;Colis?â?úo;;;;Meio de Quadra;;;0;1;1;1;0;0;0;0;0;1;0;0;-3,811971000000000;-38,623838200000000
337530;9;11;2018;19:00;0;RUA JARDIM FLUMINENSE;;;0;;Atropelamento;;;;Meio de Quadra;;;0;1;1;0;0;0;0;0;0;1;0;0;;
337531;9;11;2018;19:46;0;AV GAL MURILO BORGES;;;0;;Colis?â?úo;;;;Meio de Quadra;;;0;1;1;0;0;0;0;0;0;1;0;0;;
337532;9;11;2018;20:12;0;RUA ESTEVAO DE MELO;;;630;;Colis?â?úo;;;;Meio de Quadra;;;0;1;1;0;0;0;0;0;0;1;0;0;-3,843562300000000;-38,581309600000000
337533;9;11;2018;20:13;0;AV DR ALDY MENTOR;;;0;;Queda;;;;Meio de Quadra;;;0;1;0;0;0;0;0;0;0;1;0;0;;
337534;9;11;2018;20:14;0;RUA SGT JOAO PINHEIRO;;;1772;;Queda;;;;Meio de Quadra;;;0;1;0;0;0;0;0;0;0;1;0;0;-3,787647000000000;-38,624137000000000
337539;9;11;2018;21:12;0;AV F CJ CEARA;;;103;;Colis?â?úo;;;;Meio de Quadra;;;0;1;1;1;0;0;0;0;0;1;0;0;-3,763043194000000;-38,608705161000000
337540;9;11;2018;22:16;0;AV ABOLICAO;;;412;;Colis?â?úo;;;;Meio de Quadra;;;0;1;0;0;0;0;0;0;0;0;0;0;-3,726280000000000;-38,498810000000000
337541;9;11;2018;22:28;0;RUA MARANHAO;;;436;;Colis?â?úo;;;;Meio de Quadra;;;0;1;1;1;0;0;0;0;0;1;0;0;;
337542;9;11;2018;22:34;0;AV MIN JOSE AMERICO;;;0;;Colis?â?úo;;;;Meio de Quadra;;;0;1;1;0;0;0;0;0;0;1;0;0;;
337543;9;11;2018;22:58;0;AV PRS CASTELO BRANCO;;;3086;;Colis?â?úo;;;;Meio de Quadra;;;0;1;0;0;0;0;0;0;0;0;0;0;-3,711624000000000;-38,557230000000000
337544;9;11;2018;23:33;0;AV MR HULL;;;0;;Colis?â?úo;;;;Meio de Quadra;;;0;1;1;0;0;0;0;0;0;1;0;0;;
333804;9;11;2018;05:13;0;AV 13 DE MAIO;;;0;;Colis?â?úo;Amanhecer;;;Meio de Quadra;;;0;0;2;1;0;0;0;0;0;0;0;0;;
333807;9;11;2018;20:00;0;RUA JOSE TORRES;;;0;;Colis?â?úo;;;;Meio de Quadra;;;0;0;2;1;0;0;0;0;0;0;0;0;;
333809;9;11;2018;20:40;3537;RUA JOR ANTONIO P TAVARES;AV CAP WALDEMAR PAULA LIMA;;0;;Colis?â?úo;;;;Cruz;Outros;Residencial;0;0;2;1;0;0;0;0;0;1;0;0;-3,813001000000000;-38,508659000000000
333811;9;11;2018;00:20;2861;RUA MARIA JULIA;RUA NOVA CONQUISTA (BONSUCESSO);;0;;Colis?â?úo;;;;;;;0;0;2;0;0;0;0;0;0;1;0;0;-3,795662000000000;-38,600759000000000
339529;9;11;2018;03:00;0;AV MIN JOSE AMERICO;;;0;;Colis?â?úo;;;;Meio de Quadra;;;0;0;2;1;0;0;0;0;0;1;0;0;;
339579;10;11;2018;11:20;0;RD CE-065;;;0;KM-03;Colis?â?úo;Luz do Dia;;;Meio de Quadra;;;0;0;2;0;0;0;0;0;0;0;0;0;;
339580;10;11;2018;15:50;0;RD CE-040;;;0;KM-07;Colis?â?úo;Luz do Dia;;;Meio de Quadra;;;0;0;2;1;0;0;0;0;0;0;0;0;-3,817159445000000;-38,483032860000000
339232;10;11;2018;08:00;0;RD BR 116;;;1000;KM-01;Colis?â?úo Traseira;Luz do Dia;;;Meio de Quadra;;;0;1;1;1;0;0;0;0;0;0;0;0;-3,762554000000000;-38,518702000000000
333813;10;11;2018;08:20;0;AV NORTE SUL;;;0;;Colis?â?úo;Luz do Dia;;;Meio de Quadra;;;0;0;2;0;0;0;0;0;0;0;0;0;;
337548;10;11;2018;02:12;12404;AV LINEU MACHADO;AV SEN FERNANDES TAVORA;;0;;Queda;;;;Cruz;Sem?â?íforo;Comercial;0;1;0;0;0;0;0;0;0;1;0;0;-3,765199000000000;-38,576540000000000
337549;10;11;2018;04:23;0;AV HERACLITO GRACA;;;599;;Atropelamento;;;;Meio de Quadra;;;0;1;1;1;0;0;0;0;0;0;0;0;-3,735183154000000;-38,519308077000000
337550;10;11;2018;08:01;0;AV PRS CASTELO BRANCO;;;1055;;Colis?â?úo;Luz do Dia;;;Meio de Quadra;;;0;1;1;0;0;0;0;0;0;1;0;0;-3,719004352000000;-38,533226327000000
337551;10;11;2018;08:48;0;ROD CE 010;;;800;;Queda;Luz do Dia;;;Meio de Quadra;;;0;1;0;0;0;0;0;0;0;1;0;0;-3,779737500000000;-38,433775300000000
337552;10;11;2018;09:41;0;AV PRS CASTELO BRANCO;;;2965;;Colis?â?úo;Luz do Dia;;;Meio de Quadra;;;0;1;1;1;0;0;0;0;0;1;0;0;-3,711910001000000;-38,555315750000000
337553;10;11;2018;10:04;0;AV GODOFREDO MACIEL;;;2575;;Colis?â?úo;Luz do Dia;;;Meio de Quadra;;;0;1;1;1;0;0;0;0;0;1;0;0;-3,798295200000000;-38,570475600000000
337554;10;11;2018;10:17;0;AV PERIMETRAL;;;2894;;Atropelamento;Luz do Dia;;;Meio de Quadra;;;0;1;1;0;0;0;0;0;0;1;0;0;;
337546;10;11;2018;00:06;0;AV OLIVEIRA PAIVA;;;0;;Queda;;;;Meio de Quadra;;;0;1;0;0;0;0;0;0;0;1;0;0;;
337557;10;11;2018;11:05;0;RUA MARIA JULIA;;;126;;Colis?â?úo;Luz do Dia;;;Meio de Quadra;;;0;1;0;0;0;0;0;0;0;0;0;0;-3,786464600000000;-38,598221200000000
337559;10;11;2018;11:15;0;AV H CJ CEARA;;;1782;;Colis?â?úo;Luz do Dia;;;Meio de Quadra;;;0;1;1;1;0;0;0;0;0;1;0;0;-3,776305016000000;-38,614454119000000
337560;10;11;2018;11:21;0;RUA SOUSA CARVALHO;;;3619;;Colis?â?úo;Luz do Dia;;;Meio de Quadra;;;0;1;1;1;0;0;0;0;0;1;0;0;-3,776369760000000;-38,614553840000000
337561;10;11;2018;12:30;0;AV N CJ CEARA;;;294;;Colis?â?úo;Luz do Dia;;;Meio de Quadra;;;0;1;1;1;0;0;0;0;0;1;0;0;;
337511;10;11;2018;15:30;18057;AV CESAR CALS;RUA FRANCISCO TEIXEIRA DE ALCANTARA;;0;;Colis?â?úo;Luz do Dia;;;;;;0;0;2;1;0;0;0;0;0;0;0;0;-3,737559000000000;-38,456377000000000
337500;10;11;2018;23:00;0;RUA SILVA PAULET;;;205;;Colis?â?úo;;;;Meio de Quadra;;;0;0;1;0;0;0;0;0;0;0;0;0;-3,725881800000000;-38,502659533000000
337624;10;11;2018;23:44;19688;RUA AZEVEDO BOLAO;RUA PRO RAIMUNDO ARRUDA;;0;;Colis?â?úo;;;;Cruz;Pare;Residencial;0;1;1;1;0;0;0;0;0;0;0;0;-3,735414000000000;-38,551701000000000
337605;10;11;2018;22:36;0;AV PRS CASTELO BRANCO;;;1289;;Atropelamento;;;;Meio de Quadra;;;0;1;0;0;0;0;0;0;0;1;0;0;-3,718374300000000;-38,535454600000000
337606;10;11;2018;23:11;0;AV CEL CARVALHO;;;2036;;Colis?â?úo;;;;Meio de Quadra;;;0;1;1;1;0;0;0;0;0;1;0;0;-3,715590100000000;-38,588552400000000
337607;10;11;2018;23:28;0;AV HILDEBRANDO DE MELO;;;1453;;Colis?â?úo;;;;;;;0;0;1;1;0;0;0;0;0;1;0;0;-3,721210000000000;-38,588800000000000
337601;10;11;2018;20:41;25073;AV DOS EXPEDICIONARIOS;RUA STA LUZIA;;0;;Colis?â?úo;;;;Cruz;N?â?úo H?â?í Controle;Comercial;0;1;1;1;0;0;0;0;0;1;0;0;-3,760177000000000;-38,539744000000000
337602;10;11;2018;20:54;0;RUA JOAO CORDEIRO;;;1994;;Colis?â?úo;;;;Meio de Quadra;;;0;1;1;1;0;0;0;0;0;1;0;0;-3,737695927000000;-38,517183683000000
337603;10;11;2018;22:01;0;RUA LUIS VIEIRA;;;0;;Colis?â?úo;;;;Meio de Quadra;;;0;1;0;0;0;0;0;0;0;0;0;0;;
337586;10;11;2018;14:37;0;AV BORGES DE MELO;;;0;;Colis?â?úo;Luz do Dia;;;Meio de Quadra;;;0;1;0;0;0;0;0;0;0;0;0;0;;
337587;10;11;2018;15:29;0;AV AREIA BRANCA;;;201;;Colis?â?úo;Luz do Dia;;;Meio de Quadra;;;0;1;0;0;0;0;0;0;0;0;0;0;-3,728188000000000;-38,474786000000000
337583;10;11;2018;13:25;0;RUA VINTE E CINCO DE MARCO;;;0;;Atropelamento;Luz do Dia;;;Meio de Quadra;;;0;1;0;0;0;0;0;0;0;1;0;0;;
337584;10;11;2018;13:27;0;RUA CAP TIBURCIO DA FROTA;;;0;;Colis?â?úo;Luz do Dia;;;Meio de Quadra;;;0;1;1;1;0;0;0;0;0;1;0;0;;
337589;10;11;2018;15:46;0;AV HEROIS DO ACRE;;;150;;Colis?â?úo;Luz do Dia;;;Meio de Quadra;;;0;1;1;1;0;0;0;0;0;1;0;0;-3,803107002000000;-38,530368000000000
337590;10;11;2018;17:01;0;RUA FLORIANO PEIXOTO;;;189;;Atropelamento;Anoitecer;;;Meio de Quadra;;;0;1;1;1;0;0;0;0;0;0;0;0;-3,727360000000000;-38,527150000000000
337591;10;11;2018;17:04;0;AV GAL OSORIO DE PAIVA;;;5841;;Colis?â?úo;Anoitecer;;;Meio de Quadra;;;0;1;1;0;0;0;0;0;0;1;0;0;-3,807534000000000;-38,604804000000000
337592;10;11;2018;18:46;0;AV OLIVEIRA PAIVA;;;0;;Colis?â?úo;;;;Meio de Quadra;;;0;1;1;1;0;0;0;0;0;1;0;0;;
337593;10;11;2018;19:11;0;RUA EMILIA GONCALVES;;;1364;;Colis?â?úo;;;;Meio de Quadra;;;0;1;1;0;0;0;0;0;0;1;0;0;-3,734268000000000;-38,592180000000000
337594;10;11;2018;19:21;0;RUA NATAL;;;0;;Colis?â?úo;;;;Meio de Quadra;;;0;1;1;1;0;0;0;0;0;1;0;0;;
337595;10;11;2018;19:23;0;AV LAURO VIEIRA CHAVES;;;427;;Colis?â?úo;;;;Meio de Quadra;;;0;1;1;0;0;0;0;0;0;1;0;0;-3,773790000000000;-38,530074741000000
337596;10;11;2018;19:51;0;AV SEN FERNANDES TAVORA;;;0;;Atropelamento;;;;Meio de Quadra;;;0;1;1;0;0;0;0;0;0;1;0;0;;
337597;10;11;2018;20:35;0;AV JOAO PESSOA;;;0;;Atropelamento;;;;Meio de Quadra;;;0;1;1;1;0;0;0;0;0;0;0;0;;
336828;10;11;2018;01:12;0;RUA PEDRO RODRIGUES;;;39;;Choque c/ Obst?â?ículo Fixo;Mal Iluminada;Bom;Seca;Meio de Quadra;N?â?úo H?â?í Controle;Residencial;0;0;1;1;0;0;0;0;0;0;0;0;-3,706910000000000;-38,584780000000000
336830;10;11;2018;12:32;0;RUA 8 PLANALTO ITAPERI;;;510;;Colis?â?úo Transversal;Luz do Dia;Bom;Seca;Meio de Quadra;N?â?úo H?â?í Controle;Residencial;0;1;1;1;0;0;0;0;0;1;0;0;-3,809097300000000;-38,549454000000000
336831;10;11;2018;13:33;0;AV PRS CASTELO BRANCO;;;112;;Atropelamento;Luz do Dia;Bom;Seca;Meio de Quadra;N?â?úo H?â?í Controle;Comercial;0;1;2;1;0;0;0;0;0;1;0;0;-3,723151400000000;-38,521908000000000
336832;10;11;2018;13:25;0;RUA 05 UI 705;AV BERNARDO MANUEL;;0;;Colis?â?úo Transversal;Luz do Dia;Bom;Seca;Meio de Quadra;Pare;Comercial;0;2;1;1;0;0;0;0;0;1;0;0;-3,825251300000000;-38,558983000000000
336833;10;11;2018;14:56;0;AV DA UNIVERSIDADE;;;2133;;Colis?â?úo;Luz do Dia;Bom;Seca;Meio de Quadra;N?â?úo H?â?í Controle;Comercial;0;2;0;0;0;0;0;0;0;1;0;0;-3,736517400000000;-38,535040000000000
336834;10;11;2018;17:25;15364;RUA FRE MANSUETO;RUA REPUBLICA DO LIBANO;;0;;Colis?â?úo Lateral;Via Iluminada;Bom;Seca;Cruz;Pare;Comercial;0;1;1;0;0;0;0;0;0;1;0;0;-3,733732000000000;-38,488729000000000
336835;11;11;2018;13:47;0;RUA ANA BILHAR;;;500;;Engavetamento;Luz do Dia;Bom;Seca;Meio de Quadra;Sem?â?íforo;Residencial;0;0;4;1;0;0;0;0;0;0;0;0;-3,729606400000000;-38,495650000000000
336836;11;11;2018;22:10;15292;RUA FRE MANSUETO;AV ANTONIO JUSTA;;0;;Colis?â?úo Lateral;Via Iluminada;Bom;Seca;Cruz;Pare;Comercial;0;0;2;1;1;0;0;0;0;0;0;0;-3,729381000000000;-38,488950000000000
336837;11;11;2018;21:39;0;AV OLIVEIRA PAIVA;;;1890;;Colis?â?úo Lateral;Via Iluminada;Bom;Seca;Meio de Quadra;Sem?â?íforo;Comercial;0;1;1;1;0;0;0;0;0;1;0;0;-3,796110200000000;-38,489574000000000
337036;11;11;2018;01:28;0;RUA JOAQUIM MAGALHAES;;;339;;Capotamento;Mal Iluminada;Bom;Seca;Meio de Quadra;N?â?úo H?â?í Controle;Residencial;0;1;0;1;0;0;0;0;0;0;0;0;-3,738484400000000;-38,532580000000000
337626;11;11;2018;00:41;0;AV DES GONZAGA;;;535;;Colis?â?úo;;;;Meio de Quadra;;;0;1;1;1;0;0;0;0;0;1;0;0;-3,791363111000000;-38,502584333000000
337627;11;11;2018;00:45;0;AV PRS CASTELO BRANCO;;;0;;Colis?â?úo;;;;Meio de Quadra;;;0;1;1;1;0;0;0;0;0;1;0;0;;
337629;11;11;2018;03:51;0;AV OLIVEIRA PAIVA;;;1463;;Colis?â?úo;;;;Meio de Quadra;;;0;1;1;1;0;0;0;0;0;1;0;0;-3,795417700000000;-38,493608700000000
337634;11;11;2018;08:25;0;AV DO VAQUEIRO;;;1377;;Colis?â?úo;Luz do Dia;;;Meio de Quadra;;;0;1;1;1;0;0;0;0;0;1;0;0;-3,859571000000000;-38,504704000000000
337631;11;11;2018;05:40;0;RUA CAP HUGO BEZERRA;;;798;;Queda;Amanhecer;;;Meio de Quadra;;;0;1;0;0;0;0;0;0;0;1;0;0;-3,820674000000000;-38,510266000000000
337632;11;11;2018;07:55;1574;RUA PDE VALDEVINO;RUA JOSE VILAR;;0;;Colis?â?úo;Luz do Dia;;;Cruz;Sem?â?íforo;Comercial;0;1;1;1;0;0;0;0;0;1;0;0;-3,742300000000000;-38,506779000000000
337640;11;11;2018;09:35;0;AV PDE ANTONIO TOMAS;;;0;;Queda;Luz do Dia;;;Meio de Quadra;;;0;1;0;0;0;1;0;0;0;0;0;0;;
337641;11;11;2018;10:44;0;AV PRS JUSCELINO KUBITSCHEK (PASSAR?âÔÇ?);;;2053;;Colis?â?úo;Luz do Dia;;;Meio de Quadra;;;0;1;1;0;0;0;0;0;0;1;0;0;-3,820670300000000;-38,534500300000000
337642;11;11;2018;11:25;0;AV PERIMETRAL;;;0;;Colis?â?úo;Luz do Dia;;;Meio de Quadra;;;0;0;2;1;0;0;0;0;0;1;0;0;;
337643;11;11;2018;15:03;10075;RUA LUMINOSA;RUA CEL VIRGILIO NOGUEIRA (BOM JARDIM);;0;;Colis?â?úo;Luz do Dia;;;;;;0;1;1;1;0;0;0;0;0;1;0;0;;
337644;11;11;2018;15:14;0;RUA ESV AZEVEDO;;;211;;Atropelamento;Luz do Dia;;;Meio de Quadra;;;0;1;1;1;0;0;0;0;0;0;0;0;-3,797383781000000;-38,509540597000000
337645;11;11;2018;16:25;0;AV PDE ANTONIO TOMAS;;;3223;;Queda;Luz do Dia;;;Meio de Quadra;;;0;1;0;0;0;0;0;0;0;1;0;0;-3,745622000000000;-38,482817000000000
337652;11;11;2018;18:12;0;RUA SILVINHA TELES D69;;;450;;Atropelamento;Anoitecer;;;Meio de Quadra;;;0;1;0;0;0;0;0;0;0;0;0;0;-3,848475727000000;-38,526540636000000
337660;11;11;2018;19:07;0;RUA VALPARAISO;;;0;;Colis?â?úo;Anoitecer;;;Meio de Quadra;;;0;1;0;0;0;0;0;0;0;0;0;0;;
337661;11;11;2018;19:24;0;RUA PEDRA BRANCA;;;401;;Colis?â?úo;;;;Meio de Quadra;;;0;1;1;1;0;1;0;0;0;0;0;0;;
337662;11;11;2018;19:27;0;AV AREIA BRANCA;;;591;;Queda;;;;Meio de Quadra;;;0;1;0;0;0;1;0;0;0;0;0;0;-3,727028221000000;-38,476642372000000
337663;11;11;2018;19:50;0;RUA DR VALE COSTA;;;251;;Queda;;;;Meio de Quadra;;;0;1;0;0;0;0;0;0;0;1;0;0;-3,740740000000000;-38,588490000000000
337664;11;11;2018;20:02;0;RUA ROSINHA SAMPAIO;;;892;;Atropelamento;;;;Meio de Quadra;;;0;1;1;0;0;0;0;0;0;1;0;0;-3,726838000000000;-38,586491000000000
337665;11;11;2018;20:05;0;AV AREIA BRANCA;;;591;;Colis?â?úo;;;;Meio de Quadra;;;0;1;0;0;0;0;0;0;0;0;0;0;-3,727028221000000;-38,476642372000000
337658;11;11;2018;18:18;9513;RUA ALTANEIRA;RUA RAIMUNDO BIZARRIA;;0;;Colis?â?úo;Anoitecer;;;;;;0;1;0;0;0;0;0;0;0;0;0;0;-3,728247000000000;-38,580197000000000
337667;11;11;2018;21:09;0;AV F CJ CEARA;;;101;;Colis?â?úo;;;;Meio de Quadra;;;0;1;1;1;0;0;0;0;0;1;0;0;-3,763036484000000;-38,608721903000000
337670;11;11;2018;21:23;0;AV PONTES VIEIRA;;;0;;Colis?â?úo;;;;Meio de Quadra;;;0;1;1;1;0;0;0;0;0;1;0;0;;
337671;11;11;2018;21:32;0;AV CONTORNO NORTE (SAO CRSITOVAO);;;101;;Colis?â?úo;;;;Meio de Quadra;;;0;1;1;1;0;0;0;0;0;1;0;0;;
337673;11;11;2018;23:10;0;RUA NEREU RAMOS;;;431;;Colis?â?úo;;;;Meio de Quadra;;;0;1;1;1;0;0;0;0;0;1;0;0;-3,785913000000000;-38,570458000000000
337636;11;11;2018;09:34;17342;AV PRO GOMES DE MATOS;RUA ALAN KARDEC;;0;;Colis?â?úo;Luz do Dia;;;Cruz;Sem?â?íforo;Comercial;0;1;1;1;0;1;0;0;0;0;0;0;-3,765321000000000;-38,549213000000000
333821;11;11;2018;05:00;26091;AV JOSE JATAHY;AV JOVITA FEITOSA;;0;;Colis?â?úo;Amanhecer;;;Cruz;Sem?â?íforo;Residencial;0;0;2;0;0;0;0;0;0;0;0;0;-3,737273000000000;-38,543936000000000
333817;11;11;2018;01:35;0;AV PASTEUR;;;0;;Colis?â?úo;;;;Meio de Quadra;;;0;0;2;1;0;0;0;0;0;0;0;0;;
333818;11;11;2018;03:00;0;AV PRS CASTELO BRANCO;;;0;;Colis?â?úo;;;;Meio de Quadra;;;0;0;1;0;0;0;0;0;0;0;0;0;;
333819;11;11;2018;07:10;0;RD BR 020;;;0;;Choque c/ Obst?â?ículo Fixo;Luz do Dia;;;Meio de Quadra;;;0;1;0;0;0;0;0;0;0;1;0;0;;
332102;11;11;2018;15:00;4167;AV FRANCISCO SA;RUA PLACIDO CARVALHO;;0;;Colis?â?úo Traseira;Luz do Dia;Bom;Seca;T;N?â?úo H?â?í Controle;Industrial;1;1;1;1;0;0;0;0;0;1;0;0;-3,718081000000000;-38,555342000000000