COD_ACIDENTE;DIA;MES;ANO;HORA;INTERSECAO;LOG1;LOG2;LOG3;NUMERO;REFERENCIA;NATUREZA;ILUMINACAO;TEMPO;SUPERFICIEPISTA;TIPOCRUZAMENTO;CONTROLETRAFEGO;USOSOLO;MORTOS;FERIDOS;ILESOS;AUTOMOVEL;ONIBUS;BICICLETA;CAMINHAO;MICROONIBUS;CICLOMOTOR;MOTOCICLETA;TRACAOANIMAL;TREM;LATITUDE;LONGITUDE
332046;12;11;2018;20:15;0;AV SANTOS DUMONT;;;4000;;Colis?â?úo Lateral;Via Iluminada;Bom;Seca;Meio de Quadra;;Comercial;0;0;2;1;0;0;0;0;0;0;0;0;-3,739368000000000;-38,488638000000000
333822;12;11;2018;17:25;23772;RUA COSTA FREIRE;RUA ARAPONGA;;0;;Colis?â?úo;Anoitecer;;;Cruz;Pare;Residencial;0;0;2;1;0;0;0;0;0;1;0;0;-3,784514000000000;-38,577606000000000
337701;12;11;2018;08:44;0;RUA TULIPA NEGRA;;;2282;;Colis?â?úo;Luz do Dia;;;Meio de Quadra;;;0;1;0;0;0;0;0;0;0;0;0;0;-3,820860000000000;-38,595680000000000
337702;12;11;2018;09:22;9024;RUA DOM SEBASTIAO LEME;RUA DR JOAO DE DEUS D11;;0;;Colis?â?úo;Luz do Dia;;;Cruz;Pare;Misto;0;1;1;1;0;0;0;0;0;1;0;0;-3,745333000000000;-38,526391000000000
337703;12;11;2018;09:23;0;AV SEN FERNANDES TAVORA;;;0;;Queda;Luz do Dia;;;Meio de Quadra;;;0;1;0;0;0;1;0;0;0;0;0;0;;
337704;12;11;2018;09:47;0;AV SGT HERMINIO SAMPAIO;;;0;;Colis?â?úo;Luz do Dia;;;Meio de Quadra;;;0;1;0;0;0;0;0;0;0;0;0;0;;
337706;12;11;2018;11:59;0;AV EDUARDO BRIGIDO MONTEIRO;;;0;;Colis?â?úo;Luz do Dia;;;Meio de Quadra;;;0;1;1;1;0;0;0;0;0;0;0;0;;
337709;12;11;2018;12:07;10863;RUA PRO HERIBALDO COSTA;RUA PORTO VELHO;;0;;Colis?â?úo;Luz do Dia;;;Cruz;Sem?â?íforo;Residencial;0;1;0;0;0;0;0;0;0;0;0;0;-3,765974000000000;-38,587014000000000
337674;12;11;2018;00:16;0;AV PERIMETRAL;;;0;;Atropelamento;;;;Meio de Quadra;;;0;1;1;1;0;0;0;0;0;0;0;0;;
337675;12;11;2018;02:01;24229;AV ENG SANTANA JUNIOR;AV ENG ALBERTO SA;;0;;Choque c/ Obst?â?ículo Fixo;;;;Cruz;Sem?â?íforo;Comercial;0;1;0;1;0;0;0;0;0;0;0;0;-3,733357000000000;-38,480624000000000
337676;12;11;2018;02:42;0;AV HIS RAIMUNDO GIRAO;;;36;;Colis?â?úo;;;;Meio de Quadra;;;0;1;1;1;0;1;0;0;0;0;0;0;-3,720326500000000;-38,515418500000000
337677;12;11;2018;03:54;0;AV GAL OSORIO DE PAIVA;;;363;;Atropelamento;;;;Meio de Quadra;;;0;1;1;1;0;0;0;0;0;0;0;0;-3,775339280000000;-38,566131960000000
337678;12;11;2018;06:54;0;RUA CARLOS GONDIM;;;323;;Colis?â?úo;Luz do Dia;;;Meio de Quadra;;;0;1;1;1;0;0;0;0;0;1;0;0;-3,720690000000000;-38,591660000000000
337680;12;11;2018;07:27;0;RUA VIA LACTEA;;;0;;Queda;Luz do Dia;;;Meio de Quadra;;;0;1;0;0;0;0;0;0;0;1;0;0;;
337681;12;11;2018;07:29;0;RUA TRES MARIAS;;;32;;Colis?â?úo;Luz do Dia;;;Meio de Quadra;;;0;1;1;1;0;0;0;0;0;1;0;0;-3,768979900000000;-38,550605000000000
337682;12;11;2018;07:47;0;RUA ESPIRITO SANTO;;;503;;Atropelamento;Luz do Dia;;;Meio de Quadra;;;0;1;1;0;0;0;0;0;0;1;0;0;-3,752704188000000;-38,568023844000000
337683;12;11;2018;07:54;0;VL PDE MAXIMILIANO;;;1163;;Colis?â?úo;Luz do Dia;;;Meio de Quadra;;;0;1;1;1;0;0;0;0;0;1;0;0;-3,763470000000000;-38,611010000000000
337684;12;11;2018;08:35;0;AV A CJ CEARA;;;888;;Atropelamento;Luz do Dia;;;Meio de Quadra;;;0;1;1;0;0;0;0;0;0;1;0;0;-3,768258929000000;-38,603748714000000
337711;12;11;2018;14:30;0;AV JOSE BASTOS;;;0;;Colis?â?úo;Luz do Dia;;;Meio de Quadra;;;0;1;0;0;0;0;0;0;0;0;0;0;;
337713;12;11;2018;14:54;0;AV GAL MURILO BORGES;;;0;;Colis?â?úo;Luz do Dia;;;Meio de Quadra;;;0;1;1;1;0;0;0;0;0;1;0;0;;
337723;12;11;2018;14:57;0;RUA BOLIVIA;;;211;;Colis?â?úo;Luz do Dia;;;Meio de Quadra;;;0;1;1;1;0;0;0;0;0;1;0;0;-3,745341077000000;-38,566059282000000
337724;12;11;2018;15:48;0;RD BR 116;;;7000;KM-07;Colis?â?úo;Luz do Dia;;;Meio de Quadra;;;0;2;0;0;0;0;0;0;0;1;0;0;-3,786276359000000;-38,511561398000000
337725;12;11;2018;15:53;0;AV AUGUSTO DOS ANJOS;;;1711;;Colis?â?úo;Luz do Dia;;;Meio de Quadra;;;0;1;1;1;0;0;0;0;0;1;0;0;-3,780923000000000;-38,579816000000000
337728;12;11;2018;16:00;0;RD BR 116;;;0;;Colis?â?úo;Luz do Dia;;;Meio de Quadra;;;0;1;1;1;0;0;0;0;0;1;0;0;;
337730;12;11;2018;16:34;0;RUA VER PEDRO PAULO MOREIRA;;;1691;;Colis?â?úo;Luz do Dia;;;Meio de Quadra;;;0;1;0;0;0;0;0;0;0;0;0;0;-3,787099800000000;-38,484497100000000
337731;12;11;2018;17:51;0;AV OLIVEIRA PAIVA;;;1170;;Colis?â?úo;Anoitecer;;;Meio de Quadra;;;0;1;0;0;0;0;0;0;0;0;0;0;-3,795470659000000;-38,495992463000000
337732;12;11;2018;17:52;17563;RUA ESPIRITO SANTO;RUA AMAZONAS;;0;;Colis?â?úo;Anoitecer;;;Cruz;Pare;Residencial;0;1;1;1;0;0;0;0;0;1;0;0;-3,751391000000000;-38,567217000000000
337733;12;11;2018;18:40;0;RUA JOSE MENDONCA;;;534;;Colis?â?úo;;;;Meio de Quadra;;;0;1;1;1;0;0;0;0;0;1;0;0;-3,757851783000000;-38,602319470000000
337734;12;11;2018;18:46;0;RUA BELEM;;;752;;Colis?â?úo;;;;Meio de Quadra;;;0;1;1;1;0;0;0;0;0;1;0;0;-3,760211000000000;-38,593834333000000
337735;12;11;2018;19:49;0;RUA MARIA JULIA;;;1022;;Colis?â?úo;;;;Meio de Quadra;;;0;1;1;0;0;0;0;0;0;1;0;0;-3,797431100000000;-38,601430700000000
337737;12;11;2018;20:08;0;RUA VINTE E QUATRO DE MAIO;;;0;;Queda;;;;Meio de Quadra;;;0;1;0;0;0;0;0;0;0;1;0;0;;
337738;12;11;2018;20:15;0;AV I CJ CEARA;;;645;;Colis?â?úo;;;;Meio de Quadra;;;0;1;1;1;0;0;0;0;0;1;0;0;-3,769912059000000;-38,597475118000000
337740;12;11;2018;20:37;0;RUA TEODOMIRO DE CASTRO;;;0;;Colis?â?úo;;;;Meio de Quadra;;;0;1;1;1;0;0;0;0;0;1;0;0;;
337741;12;11;2018;21:11;0;RUA SGT JOAO PINHEIRO;;;0;;Colis?â?úo;;;;Meio de Quadra;;;0;1;0;0;0;0;0;0;0;0;0;0;;
337743;12;11;2018;21:34;0;AV GAL OSORIO DE PAIVA;;;0;;Atropelamento;;;;Meio de Quadra;;;0;1;1;0;0;0;0;0;0;1;0;0;;
337744;12;11;2018;22:06;0;AV BEZERRA DE MENEZES;;;0;;Colis?â?úo;;;;Meio de Quadra;;;0;1;1;1;0;0;0;0;0;1;0;0;;
336838;12;11;2018;07:30;0;RUA CEL MATOS DOURADO;;;1349;;Engavetamento;Luz do Dia;Bom;Seca;Cruz;Sem?â?íforo;Comercial;0;0;3;1;0;0;0;0;0;0;0;0;-3,748264000000000;-38,584710000000000
336839;12;11;2018;07:49;26118;AV ALM MAXIMIANO DA FONSECA;RUA JOSE B PARENTE D59;;0;;Colis?â?úo Lateral;Luz do Dia;Bom;Seca;T;Pare;Residencial;0;1;1;1;0;0;0;0;0;1;0;0;-3,771301000000000;-38,485100000000000
336840;12;11;2018;06:00;0;AV PRS CASTELO BRANCO;;;5471;;Colis?â?úo Traseira;Luz do Dia;Bom;Seca;Meio de Quadra;N?â?úo H?â?í Controle;Comercial;0;1;2;1;0;0;0;0;0;1;0;0;-3,703811000000000;-38,579990000000000
336841;12;11;2018;09:00;6817;RUA BENTO ALBUQUERQUE;RUA FRANCISCO MATOS;;0;;Colis?â?úo Transversal;Luz do Dia;Bom;Seca;Cruz;Pare;Residencial;0;1;1;0;0;0;0;0;0;1;0;0;-3,747862000000000;-38,470436000000000
336842;12;11;2018;13:17;0;RUA DR JOSE LOURENCO;;;2422;;Colis?â?úo Lateral;Luz do Dia;Bom;Seca;Meio de Quadra;Pare;Residencial;0;1;1;1;0;0;0;0;0;1;0;0;-3,744501000000000;-38,511013000000000
336843;12;11;2018;11:58;0;RUA PRO HERIBALDO COSTA;;;1785;;Colis?â?úo Traseira;Luz do Dia;Bom;Seca;Meio de Quadra;N?â?úo H?â?í Controle;Comercial;0;1;1;0;1;0;0;0;0;0;0;0;-3,767425500000000;-38,587710000000000
336844;12;11;2018;14:01;0;RUA JACINTO MATOS;RUA SAO FRANCISCO DE ASSIS;;0;;Colis?â?úo Transversal;Luz do Dia;Bom;Seca;Meio de Quadra;N?â?úo H?â?í Controle;Residencial;0;1;1;0;0;1;0;0;0;1;0;0;-3,715850000000000;-38,546486000000000
336846;12;11;2018;14:00;0;AV EDUARDO BRIGIDO MONTEIRO;RUA VICENTE DE CASTRO FILHO;;0;;Choque c/ Obst?â?ículo Fixo;Luz do Dia;Bom;Seca;Meio de Quadra;N?â?úo H?â?í Controle;Comercial;0;1;0;1;0;0;0;0;0;0;0;0;-3,784253100000000;-38,483414000000000
336847;12;11;2018;16:07;0;AV SEN FERNANDES TAVORA;;;0;;Colis?â?úo Traseira;Luz do Dia;Bom;Seca;Meio de Quadra;N?â?úo H?â?í Controle;Comercial;0;1;1;1;0;0;0;0;0;1;0;0;-3,766156000000000;-38,574764000000000
336848;12;11;2018;14:45;0;RUA PROF. MANOEL LOURENCO;;;50;;Colis?â?úo Lateral;Luz do Dia;Bom;Seca;Meio de Quadra;N?â?úo H?â?í Controle;Residencial;0;1;2;1;0;0;0;0;0;1;0;0;-3,761888300000000;-38,572296000000000
336855;12;11;2018;19:35;0;AV JOVITA FEITOSA;;;2883;;Engavetamento;Via Iluminada;Bom;Seca;Meio de Quadra;Sem?â?íforo;Comercial;0;0;2;1;0;0;0;0;0;0;0;0;-3,741291500000000;-38,563618000000000
336916;12;11;2018;07:59;0;AV PRS JUSCELINO KUBITSCHEK (PASSAR?âÔÇ?);;;4555;;Colis?â?úo Traseira;Luz do Dia;Nublado;Molhada;Meio de Quadra;Sem?â?íforo;Residencial;0;1;1;1;0;0;0;0;0;1;0;0;-3,826233600000000;-38,465000000000000
339582;12;11;2018;08:00;0;AV SEN CARLOS JEREISSATI (AEROPORTO);;;0;;Colis?â?úo;Luz do Dia;;;Meio de Quadra;;;0;0;2;1;1;0;0;0;0;0;0;0;;
339583;12;11;2018;19:00;0;AV SEN CARLOS JEREISSATI (AEROPORTO);;;0;KM 04;Colis?â?úo;;;;Meio de Quadra;;;0;0;2;1;0;0;0;0;0;0;0;0;-3,774020000000000;-38,550907000000000
339587;13;11;2018;08:00;0;RD CE-040;;;0;KM-05;Colis?â?úo;Luz do Dia;;;Meio de Quadra;;;0;0;2;1;1;0;0;0;0;0;0;0;-3,800595823000000;-38,479534630000000
339588;13;11;2018;11:00;0;RD CE-040;;;0;KM-10;Colis?â?úo;Luz do Dia;;;Meio de Quadra;;;0;0;2;1;0;0;0;0;0;0;0;0;-3,842576660000000;-38,480882840000000
339599;13;11;2018;19:00;0;AV WASHINGTON SOARES;;;0;;Colis?â?úo;;;;Meio de Quadra;;;0;1;1;0;0;0;0;0;0;0;0;0;;
336849;13;11;2018;04:38;0;RUA ANDRADE FURTADO;;;1541;;Choque c/ Obst?â?ículo Fixo;Via Iluminada;Bom;Seca;Meio de Quadra;N?â?úo H?â?í Controle;Residencial;0;1;0;1;0;0;0;0;0;0;0;0;-3,746990400000000;-38,475820000000000
336850;13;11;2018;06:52;0;RUA PDE PEDRO DE ALENCAR;;;1750;;Colis?â?úo Lateral;Luz do Dia;Bom;Seca;Meio de Quadra;N?â?úo H?â?í Controle;Comercial;0;1;1;1;0;0;0;0;0;1;0;0;-3,843374700000000;-38,494366000000000
336851;13;11;2018;10:30;0;AV PRS CASTELO BRANCO;;;3577;;Colis?â?úo Lateral;Luz do Dia;Bom;Seca;Meio de Quadra;Sem?â?íforo;Residencial;0;1;1;0;0;0;0;0;0;1;0;0;-3,709905100000000;-38,563860000000000
336852;13;11;2018;15:03;3323;RUA ARGENTINA;RUA MARIO DE ANDRADE;;0;;Colis?â?úo Lateral;Luz do Dia;Bom;Seca;Cruz;Pare;Residencial;0;1;1;1;0;0;0;0;0;1;0;0;-3,747688000000000;-38,564812000000000
336853;13;11;2018;17:47;7862;AV ANTONIO SALES;RUA PRO DIAS DA ROCHA;;0;;Colis?â?úo Transversal;Anoitecer;Bom;Seca;Cruz;Pare;Comercial;0;1;1;1;0;0;0;0;0;1;0;0;-3,747586000000000;-38,495535000000000
336854;13;11;2018;17:30;0;RUA ALBERTO FEITOSA LIMA;RUA ROMEU ALDIGUERI;;0;;Colis?â?úo Transversal;Anoitecer;Bom;Seca;Meio de Quadra;Pare;Residencial;0;1;1;1;0;0;0;0;0;1;0;0;-3,765170600000000;-38,484560000000000
337253;13;11;2018;09:01;7760;AV ANTONIO SALES;RUA SILVA PAULET;;0;;Colis?â?úo Lateral;Luz do Dia;Bom;Seca;Cruz;Sem?â?íforo;Comercial;0;0;2;1;0;0;0;0;0;1;0;0;-3,743595000000000;-38,508383000000000
337747;13;11;2018;06:15;2536;RUA CESAR CORREIA;AV 20 DE JANEIRO;;0;;Choque c/ Obst?â?ículo Fixo;Luz do Dia;;;;;;0;1;0;1;0;0;0;0;0;0;0;0;-3,710546000000000;-38,572820000000000
337773;13;11;2018;15:11;0;AV JOR THOMAZ COELHO;;;575;;Colis?â?úo;Luz do Dia;;;Meio de Quadra;;;0;1;1;1;0;0;0;0;0;1;0;0;-3,832383000000000;-38,500218000000000
337755;13;11;2018;06:19;7479;AV ALBERTO CRAVEIRO;RUA PEDRO DANTAS;;0;;Colis?â?úo;Luz do Dia;;;Cruz;Sem?â?íforo;Comercial;0;1;1;0;0;0;0;0;0;1;0;0;-3,786753000000000;-38,517220000000000
337757;13;11;2018;06:58;0;RUA DOM XISTO ALBANO;;;962;;Colis?â?úo;Luz do Dia;;;Meio de Quadra;;;0;1;1;1;0;0;0;0;0;1;0;0;-3,793391000000000;-38,582264000000000
337758;13;11;2018;07:41;0;RUA ALVARES CABRAL;;;1087;;Colis?â?úo;Luz do Dia;;;Meio de Quadra;;;0;1;1;1;0;0;0;0;0;1;0;0;-3,776236600000000;-38,550128200000000
337759;13;11;2018;08:15;7760;AV ANTONIO SALES;RUA SILVA PAULET;;0;;Colis?â?úo;Luz do Dia;;;Cruz;Sem?â?íforo;Comercial;0;1;1;1;0;0;0;0;0;1;0;0;-3,743595000000000;-38,508383000000000
337760;13;11;2018;10:05;0;AV JOR THOMAZ COELHO;;;1578;;Atropelamento;Luz do Dia;;;Meio de Quadra;;;0;1;1;1;0;0;0;0;0;0;0;0;-3,829904272000000;-38,509135614000000
337765;13;11;2018;11:16;0;RUA ALVES DE SOUZA;;;0;;Queda;Luz do Dia;;;Meio de Quadra;;;0;1;0;0;0;0;0;0;0;1;0;0;;
337767;13;11;2018;12:17;0;AV JOSE LEON;;;0;;Colis?â?úo;Luz do Dia;;;Meio de Quadra;;;0;1;1;1;0;0;0;0;0;1;0;0;;
337769;13;11;2018;13:21;0;AV SANTOS DUMONT;;;6500;;Colis?â?úo;Luz do Dia;;;Meio de Quadra;;;0;1;1;1;0;0;0;0;0;1;0;0;-3,743712000000000;-38,475153000000000
337771;13;11;2018;14:52;5249;RUA COSTA BARROS;RUA RODRIGUES JUNIOR;;0;;Colis?â?úo;Luz do Dia;;;Cruz;Pare;Residencial;0;1;1;1;0;0;0;0;0;1;0;0;-3,727742000000000;-38,519688000000000
337802;13;11;2018;16:12;0;AV PRO GOMES DE MATOS;;;1936;;Atropelamento;Luz do Dia;;;Meio de Quadra;;;0;1;1;0;1;0;0;0;0;0;0;0;-3,768099000000000;-38,551587500000000
337803;13;11;2018;16:19;0;AV PRS JUSCELINO KUBITSCHEK (PASSAR?âÔÇ?);;;0;;Colis?â?úo;Luz do Dia;;;Meio de Quadra;;;0;0;2;1;0;0;0;0;0;1;0;0;;
337804;13;11;2018;16:28;0;AV RUI BARBOSA;;;1423;;Atropelamento;Luz do Dia;;;Meio de Quadra;;;0;1;1;1;0;0;0;0;0;0;0;0;-3,734947000000000;-38,509076000000000
337805;13;11;2018;17:17;18701;RUA OSVALDO CRUZ;RUA SANTOS DIAS UI 413;;0;;Atropelamento;Anoitecer;;;;;;0;1;1;0;0;0;0;0;0;1;0;0;-3,837745000000000;-38,527754000000000
337806;13;11;2018;17:26;0;AV GAL OSORIO DE PAIVA;;;1515;;Queda;Anoitecer;;;Meio de Quadra;;;0;1;0;0;0;0;0;0;0;1;0;0;-3,781020766000000;-38,575017277000000
337807;13;11;2018;17:34;0;RD BR 116;;;12000;KM-12;Tombamento;Anoitecer;;;Meio de Quadra;;;0;1;1;1;0;1;0;0;0;0;0;0;-3,855740000000000;-38,496066000000000
337808;13;11;2018;18:37;0;RUA MIGUEL ARAGAO;;;805;;Colis?â?úo;;;;Meio de Quadra;;;0;1;1;1;0;0;0;0;0;1;0;0;-3,832776600000000;-38,588280500000000
337809;13;11;2018;18:56;0;AV JOAO PESSOA;;;5411;;Queda;;;;Meio de Quadra;;;0;1;0;0;0;0;0;0;0;1;0;0;-3,758507574000000;-38,554899147000000
337810;13;11;2018;19:18;0;AV OLAVO BILAC;;;1168;;Colis?â?úo;;;;Meio de Quadra;;;0;1;1;1;0;0;0;0;0;1;0;0;-3,731033000000000;-38,564670000000000
337811;13;11;2018;19:26;4612;AV WASHINGTON SOARES;AV OLIVEIRA PAIVA;;0;;Atropelamento;;;;;;;0;1;1;0;0;0;0;0;0;1;0;0;-3,795695000000000;-38,479908000000000
337812;13;11;2018;19:44;0;RUA VALPARAISO;;;870;;Colis?â?úo;;;;Meio de Quadra;;;0;1;1;1;0;0;0;0;0;1;0;0;-3,843129817000000;-38,527118184000000
337813;13;11;2018;20:26;0;AV 13 DE MAIO;;;2835;;Colis?â?úo;;;;Meio de Quadra;;;0;1;1;1;0;0;0;0;0;1;0;0;-3,739767550000000;-38,540511300000000
337814;13;11;2018;20:47;0;AV SEN FERNANDES TAVORA;;;0;;Queda;;;;Meio de Quadra;;;0;1;0;0;0;1;0;0;0;0;0;0;;
337815;13;11;2018;21:37;0;AV B CJ CEARA;;;301;;Colis?â?úo;;;;Meio de Quadra;;;0;1;1;1;0;0;0;0;0;1;0;0;-3,766156600000000;-38,605662800000000
337816;13;11;2018;21:56;19611;AV GODOFREDO MACIEL;RUA NEREU RAMOS;;0;;Colis?â?úo;;;;T;Sem?â?íforo;Comercial;0;1;1;1;0;0;0;0;0;1;0;0;-3,787250000000000;-38,566802000000000
337784;13;11;2018;15:35;5092;RUA SEN ALENCAR;AV IMPERADOR;;0;;Atropelamento;Luz do Dia;;;Cruz;Sem?â?íforo;Comercial;0;1;1;1;0;0;0;0;0;0;0;0;-3,723171000000000;-38,533258000000000
337781;13;11;2018;15:12;7628;RUA RIO GRANDE DO SUL;RUA ALAGOAS;;0;;Colis?â?úo;Luz do Dia;;;Cruz;N?â?úo H?â?í Controle;Residencial;0;0;2;1;0;0;0;0;0;1;0;0;-3,760762000000000;-38,568934000000000
337782;13;11;2018;15:16;22908;RUA INACIO PARENTE;RUA FRE ALEMAO;;0;;Queda;Luz do Dia;;;Cruz;N?â?úo H?â?í Controle;Residencial;0;1;0;0;0;0;0;0;0;1;0;0;-3,782388000000000;-38,543036000000000
333825;13;11;2018;10:25;0;RUA ROBERTO SILVA;;;0;;Outros;Luz do Dia;;;Meio de Quadra;;;0;0;1;1;0;0;0;0;0;0;0;0;;
333972;13;11;2018;11:30;0;RUA 503 CJ SAO CRISTOVAO;;;0;;Atropelamento;Luz do Dia;;;Meio de Quadra;;;1;0;1;1;0;0;0;0;0;0;0;0;;
332052;13;11;2018;15:35;1316;RUA TIBURCIO CAVALCANTE;AV SANTOS DUMONT;;0;;Colis?â?úo Traseira;Luz do Dia;Bom;Seca;Cruz;Sem?â?íforo;Comercial;0;0;3;1;0;0;0;0;0;0;0;0;-3,734979000000000;-38,502259000000000
332086;14;11;2018;12:50;24939;AV BEZERRA DE MENEZES;RUA CEL MOZART GONDIM;;0;;Colis?â?úo;Luz do Dia;Bom;Seca;Cruz;Sem?â?íforo;Comercial;1;0;1;0;1;1;0;0;0;0;0;0;-3,734449000000000;-38,558651000000000
333849;14;11;2018;12:30;0;AV BEIRA MAR;;;0;;Outros;Luz do Dia;;;Meio de Quadra;;;0;0;2;0;1;0;0;0;0;0;0;0;;
337825;14;11;2018;07:02;0;AV SGT HERMINIO SAMPAIO;;;1823;;Colis?â?úo;Luz do Dia;;;Meio de Quadra;;;0;1;1;1;0;0;0;0;0;1;0;0;-3,725727000000000;-38,557016000000000
337827;14;11;2018;09:57;0;RUA JOR ANTONIO P TAVARES;;;0;;Colis?â?úo;Luz do Dia;;;Meio de Quadra;;;0;1;1;1;0;0;0;0;0;1;0;0;;
337837;14;11;2018;11:47;0;AV AUGUSTO DOS ANJOS;;;2171;;Colis?â?úo;Luz do Dia;;;Meio de Quadra;;;0;1;1;1;0;0;0;0;0;1;0;0;-3,784861000000000;-38,583225000000000
337838;14;11;2018;12:14;0;AV JOSE BASTOS;;;3194;;Colis?â?úo;Luz do Dia;;;Meio de Quadra;;;0;1;1;1;0;0;0;0;0;1;0;0;-3,747615500000000;-38,548073500000000
337839;14;11;2018;13:08;0;RUA CEL OLEGARIO MEMORIA;;;396;;Atropelamento;Luz do Dia;;;Meio de Quadra;;;0;1;1;1;0;0;0;0;0;0;0;0;;
337846;14;11;2018;15:26;0;AV BENJAMIM BRASIL;;;2250;;Colis?â?úo;Luz do Dia;;;Meio de Quadra;;;0;1;1;1;0;0;0;0;0;1;0;0;-3,808735746000000;-38,556958340000000
337847;14;11;2018;15:29;0;AV GAL OSORIO DE PAIVA;;;5585;;Colis?â?úo;Luz do Dia;;;Meio de Quadra;;;0;1;1;1;0;0;0;0;0;1;0;0;-3,805710632000000;-38,603053157000000
337848;14;11;2018;16:24;0;RUA TARCISIO PEIXOTO;;;310;;Colis?â?úo;Luz do Dia;;;Meio de Quadra;;;0;1;1;1;0;0;0;0;0;1;0;0;-3,749490500000000;-38,585979000000000
337843;14;11;2018;13:54;7619;RUA RIO GRANDE DO SUL;RUA SERGIPE;;0;;Colis?â?úo;Luz do Dia;;;Duplo T;Pare;Residencial;0;1;1;1;0;0;0;0;0;1;0;0;-3,761450000000000;-38,569452000000000
337844;14;11;2018;15:15;0;AV EDUARDO BRIGIDO MONTEIRO;;;0;;Colis?â?úo;Luz do Dia;;;Meio de Quadra;;;0;1;1;1;0;0;0;0;0;1;0;0;;
337841;14;11;2018;13:11;0;AV ENG LEAL LIMA VERDE (SAPIRANGA/COITE);;;0;;Colis?â?úo;Luz do Dia;;;Meio de Quadra;;;0;1;1;1;0;0;0;0;0;1;0;0;;
337861;14;11;2018;22:23;0;AV GAL OSORIO DE PAIVA;;;0;;Atropelamento;;;;Meio de Quadra;;;0;1;1;0;0;0;0;0;0;1;0;0;;
337856;14;11;2018;19:00;0;AV PERIMETRAL;;;3134;;Colis?â?úo;;;;Meio de Quadra;;;0;1;1;0;0;0;0;0;0;1;0;0;;
337857;14;11;2018;19:34;0;RUA EQUADOR;;;674;;Colis?â?úo;;;;Meio de Quadra;;;0;1;1;1;0;0;0;0;0;1;0;0;-3,773307200000000;-38,552288200000000
337858;14;11;2018;19:44;25614;RUA DNA LUCIA PINHEIRO (QUINTINO CUNHA);AV MOZART PINHEIRO DE LUCENA;;0;;Colis?â?úo;;;;Cruz;Sem?â?íforo;Comercial;0;1;1;1;0;0;0;0;0;1;0;0;-3,731603000000000;-38,599423000000000
337850;14;11;2018;16:41;0;AV SEN FERNANDES TAVORA;;;0;;Queda;Luz do Dia;;;Meio de Quadra;;;0;1;0;0;0;0;0;0;0;1;0;0;;
337851;14;11;2018;17:15;0;RD BR 116;;;6000;KM-06;Colis?â?úo;Anoitecer;;;Meio de Quadra;;;0;1;1;1;0;0;0;0;0;1;0;0;-3,804691000000000;-38,503053000000000
337853;14;11;2018;18:02;0;AV PONTES VIEIRA;;;0;;Queda;Anoitecer;;;Meio de Quadra;;;0;1;0;0;0;0;0;0;0;1;0;0;;
337854;14;11;2018;18:04;0;RUA CEL MATOS DOURADO;;;0;;Queda;Anoitecer;;;Meio de Quadra;;;0;1;0;0;0;0;0;0;0;1;0;0;;
337821;14;11;2018;07:01;0;RUA PRO JOSE DE BARCELOS;;;594;;Atropelamento;Luz do Dia;;;Meio de Quadra;;;0;1;1;1;0;0;0;0;0;0;0;0;;
337829;14;11;2018;08:22;0;AV FRANCISCO SA;;;2776;;Colis?â?úo;Luz do Dia;;;Meio de Quadra;;;0;1;1;1;0;0;0;0;0;1;0;0;-3,719988000000000;-38,549538000000000
337830;14;11;2018;08:23;0;AV WASHINGTON SOARES;;;0;;Colis?â?úo;Luz do Dia;;;Meio de Quadra;;;0;1;1;1;0;0;0;0;0;1;0;0;;
337831;14;11;2018;09:02;1253;AV SANTOS DUMONT;RUA CARLOS VASCONCELOS;;0;;Atropelamento;Luz do Dia;;;Cruz;Sem?â?íforo;Comercial;0;1;1;1;0;0;0;0;0;0;0;0;-3,732252000000000;-38,510558000000000
337832;14;11;2018;11:17;25460;AV JOSE BASTOS;RUA TABULEIRO DO NORTE;;0;;Colis?â?úo;Luz do Dia;;;T;Sem?â?íforo;Comercial;0;1;1;1;0;0;0;0;0;1;0;0;;
337817;14;11;2018;06:07;0;AV ALM HENRIQUE SABOIA;;;0;;Queda;Luz do Dia;;;Meio de Quadra;;;0;1;0;0;0;0;0;0;0;1;0;0;;
337818;14;11;2018;06:27;0;RUA SAO PAULO;;;1010;;Colis?â?úo;Luz do Dia;;;Meio de Quadra;;;0;1;1;0;0;0;0;0;0;1;0;0;-3,724242700000000;-38,532523000000000
337819;14;11;2018;06:59;0;RUA LUIS VIEIRA;;;800;;Colis?â?úo;Luz do Dia;;;Meio de Quadra;;;0;1;0;0;0;0;0;0;0;0;0;0;-3,791168758000000;-38,588506546000000
336856;14;11;2018;07:26;0;AV ENG HUMBERTO MONTE;;;2440;;Colis?â?úo Traseira;Luz do Dia;Bom;Seca;Meio de Quadra;Sem?â?íforo;Residencial;0;1;1;1;0;0;0;0;0;1;0;0;-3,741101700000000;-38,567380000000000
336857;14;11;2018;08:40;9146;RUA DOM SEBASTIAO LEME;RUA BONFIM SOBRINHO;;0;;Colis?â?úo Lateral;Luz do Dia;Bom;Seca;Cruz;Pare;Comercial;0;0;2;1;0;0;0;0;0;0;0;0;-3,751258000000000;-38,525404000000000
336858;14;11;2018;08:05;17616;RUA MATO GROSSO;RUA CEARA;;0;;Colis?â?úo Transversal;Luz do Dia;Bom;Seca;T;Pare;Residencial;0;2;1;1;0;0;0;0;0;1;0;0;-3,759183000000000;-38,565376000000000