COD_ACIDENTE;DIA;MES;ANO;HORA;INTERSECAO;LOG1;LOG2;LOG3;NUMERO;REFERENCIA;NATUREZA;ILUMINACAO;TEMPO;SUPERFICIEPISTA;TIPOCRUZAMENTO;CONTROLETRAFEGO;USOSOLO;MORTOS;FERIDOS;ILESOS;AUTOMOVEL;ONIBUS;BICICLETA;CAMINHAO;MICROONIBUS;CICLOMOTOR;MOTOCICLETA;TRACAOANIMAL;TREM;LATITUDE;LONGITUDE
336859;14;11;2018;14:13;13375;AV ANTONIO SALES;RUA HENRIQUE RABELO;;0;;Colis?â?úo;Luz do Dia;Bom;Seca;Cruz;Pare;Comercial;0;1;1;1;0;0;0;0;0;1;0;0;-3,739540000000000;-38,521352000000000
336860;14;11;2018;13:35;0;RUA JOSE HIPOLITO;RUA JOSE CAVALCANTE SOBR;;0;;Colis?â?úo Transversal;Luz do Dia;Bom;Seca;Meio de Quadra;Pare;Comercial;0;1;2;1;0;0;0;0;0;1;0;0;-3,835556000000000;-38,486603000000000
336861;14;11;2018;17:20;25119;RUA MIGUEL COUTO;RUA BAR AQUIRAZ;;0;;Colis?â?úo Transversal;Anoitecer;Bom;Seca;Cruz;Pare;Comercial;0;1;1;1;0;0;0;0;0;1;0;0;-3,837441000000000;-38,487996000000000
336885;14;11;2018;16:06;12535;AV MAJ ASSIS;RUA ROSA LEITE OLIVEIRA;;0;;Colis?â?úo Frontal;Luz do Dia;Bom;Seca;N?â?úo Informado;Sem?â?íforo;Residencial;0;0;2;0;0;0;1;0;0;1;0;0;-3,723727000000000;-38,586944000000000
339600;14;11;2018;10:50;0;AV SEN CARLOS JEREISSATI (AEROPORTO);;;0;;Colis?â?úo;Luz do Dia;;;Meio de Quadra;;;0;0;2;1;0;0;0;0;0;0;0;0;;
339601;14;11;2018;14:00;0;AV SEN CARLOS JEREISSATI (AEROPORTO);;;0;KM 01;Colis?â?úo;Luz do Dia;;;Meio de Quadra;;;0;0;1;1;0;0;0;0;0;0;0;0;-3,783753000000000;-38,526850000000000
339604;14;11;2018;16:00;0;RD CE-040;;;0;KM-03;Colis?â?úo;Luz do Dia;;;Meio de Quadra;;;0;0;3;1;0;0;0;0;0;0;0;0;-3,782614325000000;-38,481083900000000
339331;14;11;2018;15:00;0;AV MR HULL;;;0;;Colis?â?úo Transversal;Luz do Dia;;;Meio de Quadra;;;0;0;2;1;0;0;0;0;0;1;0;0;;
339606;15;11;2018;01:20;0;RUA 24 DE NOVEMBRO UI 403;;;0;;Capotamento;;;;Meio de Quadra;;;0;0;1;1;0;0;0;0;0;0;0;0;;
339607;15;11;2018;08:00;0;RD CE-040;;;0;KM-10;Colis?â?úo;Luz do Dia;;;Meio de Quadra;;;0;0;1;1;0;0;0;0;0;0;0;0;-3,842576660000000;-38,480882840000000
339608;15;11;2018;09:40;0;AV SEN CARLOS JEREISSATI (AEROPORTO);;;0;KM 03;Colis?â?úo;Luz do Dia;;;Meio de Quadra;;;0;0;2;1;0;0;0;0;0;0;0;0;-3,779641000000000;-38,544038000000000
339609;15;11;2018;16:00;0;RD CE-040;;;0;KM-07;Colis?â?úo;Luz do Dia;;;Meio de Quadra;;;0;0;2;1;0;0;0;0;0;0;0;0;-3,817159445000000;-38,483032860000000
339215;15;11;2018;00:10;0;AV MR HULL;;;0;;Colis?â?úo Transversal;;;;Meio de Quadra;;;0;0;2;1;0;0;0;0;0;0;0;0;;
336862;15;11;2018;04:48;0;RUA MARANGUAPE D50;RUA ADOLFO CAMINHA;;0;;Colis?â?úo Transversal;Via Iluminada;Bom;Seca;Cruz;Pare;Comercial;0;0;1;1;0;0;0;0;0;0;0;0;-3,721132000000000;-38,524620000000000
336863;15;11;2018;21:30;0;RUA DEP MOREIRA DA ROCHA;RUA JOSE VILAR;;0;;Colis?â?úo Transversal;Via Iluminada;Bom;Seca;Cruz;N?â?úo H?â?í Controle;Residencial;0;0;2;1;0;0;0;0;0;0;0;0;-3,727929000000000;-38,502150000000000
336734;15;11;2018;19:25;0;RUA PORTO VELHO;;;1832;;Queda;;;;Meio de Quadra;;;1;0;0;0;0;0;0;0;0;1;0;0;-3,761949000000000;-38,594715000000000
337862;15;11;2018;00:27;0;RUA JOCENO MONTEIRO;;;460;;Queda;;;;Meio de Quadra;;;0;1;0;0;0;0;0;0;0;1;0;0;-3,857030000000000;-38,500280000000000
337863;15;11;2018;01:26;0;AV ENG SANTANA JUNIOR;;;0;;Choque c/ Obst?â?ículo Fixo;;;;Meio de Quadra;;;0;1;0;1;0;0;0;0;0;0;0;0;;
337865;15;11;2018;03:26;0;RUA LUIS COSTA FILHO;;;33;;Queda;;;;Meio de Quadra;;;0;1;0;0;0;0;0;0;0;1;0;0;-3,729771680000000;-38,603273076000000
337866;15;11;2018;04:20;0;RUA NEREU RAMOS;;;0;;Queda;;;;Meio de Quadra;;;0;1;0;0;0;0;0;0;0;1;0;0;;
337881;15;11;2018;14:26;0;AV MR HULL;;;0;;Colis?â?úo;Luz do Dia;;;Meio de Quadra;;;0;1;0;0;0;0;0;0;0;0;0;0;;
337887;15;11;2018;16:07;25861;RUA OLIVEIRA FILHO;RUA VIS CAIRU;;0;;Colis?â?úo;Luz do Dia;;;Cruz;Pare;Residencial;0;1;1;1;0;0;0;0;0;1;0;0;-3,726554000000000;-38,464122000000000
337888;15;11;2018;17:12;0;AV ALBERTO CRAVEIRO;;;0;;Queda;Anoitecer;;;Meio de Quadra;;;0;1;0;0;0;1;0;0;0;0;0;0;;
337889;15;11;2018;17:58;0;AV PRS JUSCELINO KUBITSCHEK (PASSAR?âÔÇ?);;;3758;;Atropelamento;Anoitecer;;;Meio de Quadra;;;0;1;1;1;0;0;0;0;0;0;0;0;;
337890;15;11;2018;18:23;10114;RUA RAIMUNDO PINHEIRO;RUA GUSTAVO BARROSO;;0;;Colis?â?úo;Anoitecer;;;Cruz;N?â?úo H?â?í Controle;Industrial;0;1;1;0;0;0;0;0;0;1;0;0;-3,786785000000000;-38,596403000000000
337868;15;11;2018;05:12;0;RUA EDUARDO PERDIGAO;;;0;;Colis?â?úo;Amanhecer;;;Meio de Quadra;;;0;1;1;1;1;0;0;0;0;0;0;0;;
337872;15;11;2018;05:40;0;AV ABOLICAO;;;2687;;Queda;Amanhecer;;;Meio de Quadra;;;0;1;0;0;0;0;0;0;0;1;0;0;-3,727311303000000;-38,495534788000000
337873;15;11;2018;06:00;0;RUA CEL MATOS DOURADO;;;1291;;Colis?â?úo;Luz do Dia;;;Meio de Quadra;;;0;1;1;0;0;0;0;0;0;1;0;0;-3,751127000000000;-38,583666000000000
337874;15;11;2018;06:39;0;AV GAL OSORIO DE PAIVA;;;2395;;Colis?â?úo;Luz do Dia;;;Meio de Quadra;;;0;1;1;1;1;0;0;0;0;0;0;0;-3,786468113000000;-38,583604532000000
337876;15;11;2018;11:41;0;RUA FLORIANO PEIXOTO;;;187;;Colis?â?úo;Luz do Dia;;;Meio de Quadra;;;0;1;1;1;0;0;0;0;0;1;0;0;-3,724272000000000;-38,526110000000000
337883;15;11;2018;14:50;0;RUA EMILIO DE MENESES;;;200;;Colis?â?úo;Luz do Dia;;;Meio de Quadra;;;0;1;1;0;0;0;0;0;0;1;0;0;-3,782708000000000;-38,584038000000000
337884;15;11;2018;15:45;0;AV SEN CARLOS JEREISSATI (AEROPORTO);;;0;;Queda;Luz do Dia;;;Meio de Quadra;;;0;1;0;0;0;1;0;0;0;0;0;0;;
337912;15;11;2018;20:37;0;AV H CJ CEARA;;;1096;;Queda;;;;Meio de Quadra;;;0;1;0;0;0;0;0;0;0;1;0;0;-3,775410000000000;-38,607354000000000
337913;15;11;2018;20:45;0;RUA PEDRO MARTINS;;;4800;;Colis?â?úo;;;;Meio de Quadra;;;0;1;1;1;0;0;0;0;0;1;0;0;-3,799221000000000;-38,601966000000000
337914;15;11;2018;20:58;0;RUA ANGELICA GURGEL;;;14;;Colis?â?úo;;;;Meio de Quadra;;;0;1;1;0;0;0;0;0;0;1;0;0;-3,832513000000000;-38,499054000000000
337915;15;11;2018;21:07;0;AV JOR THOMAZ COELHO;;;0;;Queda;;;;Meio de Quadra;;;0;1;0;0;0;0;0;0;0;1;0;0;;
337916;15;11;2018;22:17;0;RUA PORTO VELHO;;;0;;Colis?â?úo;;;;Meio de Quadra;;;0;1;1;1;0;1;0;0;0;0;0;0;;
337917;15;11;2018;22:33;0;RUA JOAO SORONGO;;;121;;Colis?â?úo;;;;Meio de Quadra;;;0;1;1;1;0;0;0;0;0;1;0;0;-3,753112000000000;-38,541131000000000
337918;15;11;2018;23:57;0;RUA COSTA MATOS;;;161;;Colis?â?úo;;;;Meio de Quadra;;;0;1;1;0;0;0;0;0;0;1;0;0;;
333877;15;11;2018;17:30;0;RUA AMELIA BENEBIEN;;;0;;Colis?â?úo;Anoitecer;;;Meio de Quadra;;;0;1;1;1;0;0;0;0;0;0;0;0;;
333875;15;11;2018;02:30;0;AV WASHINGTON SOARES;;;0;;Choque c/ Obst?â?ículo Fixo;;;;Meio de Quadra;;;0;0;1;1;0;0;0;0;0;0;0;0;;
333422;15;11;2018;01:21;12768;RUA JOAO SORONGO;RUA EDITE BRAGA;;0;;Colis?â?úo;;;;Cruz;Pare;Residencial;0;1;1;1;0;0;0;0;0;1;0;0;-3,753112000000000;-38,541131000000000
333443;15;11;2018;21:40;0;AV DIOGUINHO;;;2500;;Atropelamento;;;;Meio de Quadra;;;1;1;0;1;0;0;0;0;0;0;0;0;-3,734021000000000;-38,457627100000000
332082;15;11;2018;06:50;15227;AV ABOLICAO;AV DES MOREIRA;;0;;Choque c/ Obst?â?ículo Fixo;Luz do Dia;;;Cruz;Gesto;Comercial;1;0;0;0;0;0;0;0;0;1;0;0;-3,727331000000000;-38,495474000000000
332090;15;11;2018;05:15;19377;RUA EDUARDO PERDIGAO;RUA GERMANO FRANCK;;0;;Colis?â?úo;Amanhecer;;;Cruz;Sem?â?íforo;Comercial;0;1;1;0;1;0;0;0;0;0;0;0;-3,777704000000000;-38,562542000000000
332088;16;11;2018;17:20;5451;AV DOM MANUEL;RUA BARBARA DE ALENCAR;;0;;Colis?â?úo Transversal;Anoitecer;Bom;Seca;Cruz;Sem?â?íforo;Comercial;0;0;2;1;0;0;0;0;0;1;0;0;-3,734972000000000;-38,523262000000000
332089;16;11;2018;16:15;13563;RUA DR JOSE LOURENCO;AV SORIANO ALBUQUERQUE;;0;;Colis?â?úo Transversal;Via Iluminada;Bom;Seca;Cruz;Pare;Residencial;0;1;1;1;0;0;0;0;0;0;0;0;-3,749830000000000;-38,512631000000000
333879;16;11;2018;15:40;10002;RUA AIRES DA CUNHA;AV H CJ CEARA;;0;;Colis?â?úo;Luz do Dia;;;T;Pare;Residencial;0;0;2;0;0;0;0;0;0;0;0;0;-3,774885000000000;-38,603653000000000
333880;16;11;2018;16:40;0;RUA SAO FRANCISCO XAVIER;;;0;;Colis?â?úo;Luz do Dia;;;Meio de Quadra;;;0;0;1;0;0;0;0;0;0;0;0;0;;
333882;16;11;2018;19:35;0;AV WASHINGTON SOARES;;;8494;;Colis?â?úo;;;;Meio de Quadra;;;0;0;2;0;0;0;1;0;0;0;0;0;-3,826313500000000;-38,481766000000000
333959;16;11;2018;13:35;0;RUA BERNARDO MANUEL;;;1361;;Colis?â?úo Lateral;Luz do Dia;;;Meio de Quadra;;;1;0;1;1;0;0;0;0;0;1;0;0;-3,826282000000000;-38,559305000000000
337427;16;11;2018;22:11;26083;AV BEZERRA DE MENEZES;AV JOSE JATAHY;;0;;Colis?â?úo;;;;Cruz;Sem?â?íforo;Comercial;0;1;0;1;0;0;0;0;0;1;0;0;-3,731573000000000;-38,544928000000000
337414;16;11;2018;18:34;0;RUA PDE PEDRO DE ALENCAR;;;157;;Queda;;;;Meio de Quadra;;;0;1;0;0;0;0;0;0;0;1;0;0;-3,829031367000000;-38,493650800000000
337437;16;11;2018;23:17;0;AV JOSE BASTOS;;;5572;;Colis?â?úo;;;;Meio de Quadra;;;0;0;1;1;0;0;0;0;0;1;0;0;-3,760562000000000;-38,564477000000000
337438;16;11;2018;23:47;0;ET PICI;;;533;;Colis?â?úo;;;;Meio de Quadra;;;0;0;1;1;0;0;0;0;0;1;0;0;-3,763192174000000;-38,578505739000000
337435;16;11;2018;22:57;0;AV CEL CARVALHO;;;935;;Colis?â?úo;;;;Meio de Quadra;;;0;0;1;0;0;0;0;0;0;0;0;0;-3,710718000000000;-38,589633000000000
337423;16;11;2018;20:23;0;AV PRO JOSE ARTHUR CARVALHO;;;0;;Colis?â?úo;;;;Meio de Quadra;;;0;1;0;0;0;0;0;0;0;1;0;0;;
337417;16;11;2018;19:06;0;RUA OSCAR FRANCA;;;3389;;Colis?â?úo;;;;Meio de Quadra;;;0;1;0;1;0;0;0;0;0;1;0;0;-3,785040000000000;-38,621710000000000
337418;16;11;2018;20:04;0;RUA POMPILIO GOMES;;;1229;;Queda;;;;Meio de Quadra;;;0;0;1;0;0;0;0;0;0;1;0;0;;
337392;16;11;2018;16:53;0;RUA BRAGANCA;;;1094;;Colis?â?úo;Luz do Dia;;;Meio de Quadra;;;0;0;1;0;0;0;0;0;0;0;0;0;-3,784181000000000;-38,597461000000000
337412;16;11;2018;17:58;0;RUA PORTO VELHO;;;87;;Colis?â?úo;Anoitecer;;;Meio de Quadra;;;0;1;0;1;0;0;0;0;0;1;0;0;;
337406;16;11;2018;17:28;0;AV PALMEIRAS DOS INDIOS;;;0;;Colis?â?úo;Anoitecer;;;Meio de Quadra;;;0;1;0;0;0;0;0;0;0;1;0;0;;
337388;16;11;2018;16:33;0;AV BORGES DE MELO;;;416;;Colis?â?úo;Luz do Dia;;;Meio de Quadra;;;0;1;0;1;0;0;0;0;0;1;0;0;-3,761040500000000;-38,522871000000000
337386;16;11;2018;16:31;0;AV ENG LUIS VIEIRA;;;320;;Queda;Luz do Dia;;;Meio de Quadra;;;0;1;0;0;0;1;0;0;0;0;0;0;-3,753325700000000;-38,517566300000000
337381;16;11;2018;15:28;17464;AV BEIRA MAR;RUA BAUXITA;;0;;Atropelamento;Luz do Dia;;;T;N?â?úo H?â?í Controle;Comercial;0;1;0;0;0;0;0;0;0;1;0;0;-3,722583000000000;-38,481648000000000
337382;16;11;2018;15:37;0;AV CASTELO DE CASTRO;;;0;;Queda;Luz do Dia;;;Meio de Quadra;;;0;1;0;0;0;1;0;0;0;0;0;0;;
337383;16;11;2018;16:00;0;AV PRO JOSE ARTHUR CARVALHO;;;545;;Colis?â?úo;Luz do Dia;;;Meio de Quadra;;;0;0;1;1;0;0;0;0;0;1;0;0;-3,826308000000000;-38,474421000000000
337362;16;11;2018;12:21;0;RUA 860 CJ CEARA;;;0;;Atropelamento;Luz do Dia;;;Meio de Quadra;;;0;1;0;0;0;0;0;0;0;0;0;0;;
337378;16;11;2018;14:42;4510;AV CESAR CALS;RUA PRO HENRIQUE FIRMEZA;;0;;Colis?â?úo;Luz do Dia;;;Cruz;;Residencial;0;1;0;1;0;0;0;0;0;1;0;0;-3,718659000000000;-38,465564000000000
337376;16;11;2018;14:36;0;RUA ALFREDO SEVERO;;;110;;Atropelamento;Luz do Dia;;;Meio de Quadra;;;0;1;0;0;0;0;0;0;0;0;0;0;-3,734239109000000;-38,508100764000000
337373;16;11;2018;14:19;0;RUA JOAO GENTIL;;;0;;Colis?â?úo;Luz do Dia;;;Meio de Quadra;;;0;1;0;0;0;0;0;0;0;0;0;0;;
337370;16;11;2018;12:55;0;RUA CARLOS CHAGAS;;;403;;Atropelamento;Luz do Dia;;;Meio de Quadra;;;0;1;0;0;0;0;0;0;0;1;0;0;-3,780498375000000;-38,583971646000000
337344;16;11;2018;07:50;0;AV OLIVEIRA PAIVA;;;0;;Queda;Luz do Dia;;;Meio de Quadra;;;0;1;0;0;0;0;0;0;0;1;0;0;;
337345;16;11;2018;08:04;1923;RUA GUILHERME ALMEIDA;RUA JOCENO MONTEIRO;;0;;Colis?â?úo;Luz do Dia;;;;;;0;2;0;0;0;0;0;0;0;1;0;0;-3,857395000000000;-38,498024000000000
337346;16;11;2018;08:50;0;AV JOSE JATAHY;;;612;;Queda;Luz do Dia;;;Meio de Quadra;;;0;1;0;0;0;0;0;0;0;1;0;0;-3,735420000000000;-38,544040000000000
337347;16;11;2018;09:08;0;RUA PACATUBA;;;133;;Atropelamento;Luz do Dia;;;Meio de Quadra;;;0;1;0;1;0;0;0;0;0;0;0;0;-3,761046464000000;-38,544868087000000
337348;16;11;2018;09:34;25345;RUA PORTO VELHO;RUA VITORIA (AV. PERIMETRAL);;0;;Colis?â?úo;Luz do Dia;;;Cruz;Sem?â?íforo;Comercial;0;1;1;1;0;0;0;0;0;1;0;0;-3,765170000000000;-38,588528000000000
337349;16;11;2018;09:47;0;RUA ROSINHA SAMPAIO;;;1392;;Colis?â?úo;Luz do Dia;;;Meio de Quadra;;;0;1;0;1;0;0;0;0;0;1;0;0;-3,725989000000000;-38,591336000000000
337350;16;11;2018;10:26;0;RUA STO ANTONIO D12;;;821;;Colis?â?úo;Luz do Dia;;;Meio de Quadra;;;0;0;1;1;0;0;0;0;0;1;0;0;-3,850048200000000;-38,481798300000000
337351;16;11;2018;11:04;0;RUA TULIPA;;;0;;Colis?â?úo;Luz do Dia;;;Meio de Quadra;;;0;1;0;1;0;1;0;0;0;0;0;0;;
337352;16;11;2018;11:27;22315;RUA PDE ANCHIETA;RUA CASIMIRO MONTENEGRO;;0;;Colis?â?úo;Luz do Dia;;;Cruz;Pare;Residencial;0;1;0;1;0;0;0;0;0;1;0;0;-3,730402000000000;-38,551950000000000
337353;16;11;2018;11:35;0;AV TRISTAO GONCALVES;;;0;;Atropelamento;Luz do Dia;;;Meio de Quadra;;;0;1;0;1;0;0;0;0;0;0;0;0;;
337354;16;11;2018;11:40;0;AV FRANCISCO SA;;;7540;;Colis?â?úo;Luz do Dia;;;Meio de Quadra;;;0;1;0;0;0;0;0;0;0;1;0;0;-3,706356000000000;-38,586099000000000
337355;16;11;2018;12:04;0;RUA OSCAR FRANCA;;;2487;;Colis?â?úo;Luz do Dia;;;Meio de Quadra;;;0;1;0;0;0;0;0;0;0;0;0;0;-3,787825472000000;-38,612128434000000
336864;16;11;2018;09:05;5324;RUA GAL SAMPAIO;RUA PEDRO I;;0;;Colis?â?úo Transversal;Luz do Dia;Bom;Seca;Cruz;Sem?â?íforo;Comercial;0;1;1;0;1;1;0;0;0;0;0;0;-3,730182000000000;-38,531758000000000
336865;16;11;2018;07:48;0;AV OLAVO BILAC;RUA CEL RAIMUNDO GUANABARA;;0;;Colis?â?úo Traseira;Luz do Dia;Bom;Seca;Meio de Quadra;Pare;Comercial;0;1;1;1;0;0;0;0;0;1;0;0;-3,734160400000000;-38,564450000000000
336866;16;11;2018;15:50;15701;RUA BRAS VIDAL;RUA GUILHERME PESSOA;;0;;Colis?â?úo Transversal;Luz do Dia;Bom;Seca;Cruz;Pare;Residencial;0;1;1;0;1;0;0;0;0;1;0;0;-3,827579000000000;-38,484005000000000
336867;16;11;2018;15:00;0;AV 13 DE MAIO;;;0;REITORIA;Engavetamento;Luz do Dia;Bom;Seca;Meio de Quadra;N?â?úo H?â?í Controle;Comercial;0;0;1;1;0;0;0;0;0;0;0;0;-3,741416500000000;-38,538610000000000
336868;16;11;2018;19:09;19704;AV BEZERRA DE MENEZES;RUA MOREIRA DE SOUSA;;0;;Colis?â?úo Traseira;Via Iluminada;Bom;Seca;T;Sem?â?íforo;Comercial;0;0;2;1;0;0;0;0;0;0;0;0;-3,736109000000000;-38,566546000000000
336869;16;11;2018;18:00;17291;RUA ALAN KARDEC;RUA ALM RUBIM;;0;;Colis?â?úo;Via Iluminada;Bom;Seca;Cruz;Pare;Comercial;0;2;0;0;1;0;0;0;0;1;0;0;-3,763241000000000;-38,552031000000000
336870;16;11;2018;20:00;25796;AV H CJ CEARA;RUA SGT JOAO PINHEIRO;;0;;Colis?â?úo Transversal;Luz do Dia;Bom;Seca;T;Sem?â?íforo;Residencial;0;1;1;0;0;0;0;0;0;1;0;0;-3,777083400000000;-38,621338000000000
336880;16;11;2018;01:41;15373;AV DOM LUIS;RUA FRE MANSUETO;;0;;Colis?â?úo Transversal;Via Iluminada;Bom;Seca;Cruz;Sem?â?íforo;Comercial;0;2;0;1;0;0;0;0;0;0;0;0;-3,735861000000000;-38,488626000000000
339610;16;11;2018;18:20;0;AV WASHINGTON SOARES;;;8000;KM-08;Colis?â?úo;Anoitecer;;;Meio de Quadra;;;0;0;2;1;0;0;1;0;0;0;0;0;-3,823337343000000;-38,481318693000000
336871;17;11;2018;03:25;0;AV PRS CASTELO BRANCO;;;0;;Choque c/ Obst?â?ículo Fixo;Via Iluminada;Bom;Seca;Meio de Quadra;N?â?úo H?â?í Controle;Escola;0;0;1;1;0;0;0;0;0;0;0;0;-3,714779000000000;-38,544090000000000
336872;17;11;2018;06:52;5504;RUA PDE VALDEVINO;RUA JOAO CORDEIRO;;0;;Colis?â?úo Transversal;Luz do Dia;Bom;Seca;Cruz;Sem?â?íforo;Comercial;0;1;1;1;0;0;0;0;0;0;0;0;-3,738896000000000;-38,517550000000000
336873;17;11;2018;09:34;0;AV VICENTE DE CASTRO;;;4777;;Colis?â?úo Lateral;Luz do Dia;Bom;Seca;Meio de Quadra;N?â?úo H?â?í Controle;Lazer;0;1;1;1;0;0;0;0;0;1;0;0;-3,721295800000000;-38,478430000000000
336874;17;11;2018;07:10;0;RUA JOSE CANDIDO D08;;;426;;Engavetamento;Amanhecer;Bom;Seca;Meio de Quadra;N?â?úo H?â?í Controle;Residencial;0;0;1;1;0;0;0;0;0;0;0;0;-3,728531800000000;-38,550995000000000
336875;17;11;2018;14:16;0;AV MON HELIO CAMPOS D22;AV FRANCISCO SA;;0;;Colis?â?úo Transversal;Luz do Dia;Bom;Seca;Meio de Quadra;Sem?â?íforo;Residencial;0;1;1;1;0;0;0;0;0;1;0;0;-3,717811800000000;-38,556316000000000
336876;17;11;2018;17:38;5442;RUA GAL CLARINDO DE QUEIROZ;AV VIS RIO BRANCO;;0;;Colis?â?úo Lateral;Luz do Dia;Bom;Seca;Cruz;Sem?â?íforo;Comercial;0;1;1;1;0;0;0;0;0;1;0;0;-3,734584000000000;-38,524385000000000
336893;17;11;2018;01:10;25065;AV DOS EXPEDICIONARIOS;RUA JULIO DA SILVEIRA;;0;;Choque c/ Obst?â?ículo Fixo;Via Iluminada;Bom;Seca;Meio de Quadra;Pare;Comercial;0;0;1;1;0;0;0;0;0;0;0;0;-3,758331000000000;-38,539181000000000
336939;17;11;2018;11:29;0;AV BERNARDO MANUEL;;;0;;Colis?â?úo;Luz do Dia;Bom;Seca;Meio de Quadra;N?â?úo H?â?í Controle;Comercial;0;1;1;1;0;0;0;0;0;1;0;0;-3,820571700000000;-38,557907000000000
337439;17;11;2018;00:12;0;AV PRS COSTA E SILVA;;;0;;Queda;;;;Meio de Quadra;;;0;0;1;0;0;0;0;0;0;1;0;0;;
337440;17;11;2018;01:16;0;AV COS GOMES DE FREITAS (SAPIRANGA/COITE);;;3339;;Queda;;;;Meio de Quadra;;;0;1;0;0;0;0;0;0;0;1;0;0;;
337441;17;11;2018;01:29;0;AV GODOFREDO MACIEL;;;0;;Queda;;;;Meio de Quadra;;;0;1;0;0;0;0;0;0;0;1;0;0;;
337442;17;11;2018;02:43;0;AV PRS CASTELO BRANCO;;;0;;Colis?â?úo;;;;Meio de Quadra;;;0;3;0;1;0;0;0;0;0;0;0;0;;
337443;17;11;2018;05:05;0;AV SGT HERMINIO SAMPAIO;;;3793;;Colis?â?úo;Amanhecer;;;Meio de Quadra;;;0;1;0;1;0;0;0;0;0;1;0;0;-3,729827000000000;-38,574930000000000
337444;17;11;2018;06:41;0;RUA VALPARAISO;;;0;;Colis?â?úo;Luz do Dia;;;Meio de Quadra;;;0;2;0;0;0;0;1;0;0;1;0;0;;
337445;17;11;2018;07:15;0;AV PERIMETRAL;;;0;;Colis?â?úo;Luz do Dia;;;Meio de Quadra;;;0;0;2;0;0;0;0;0;0;0;0;0;;
337460;17;11;2018;09:43;0;RUA BERNARDO MANUEL;;;0;;Colis?â?úo;Luz do Dia;;;Meio de Quadra;;;0;1;0;1;0;0;0;0;0;1;0;0;;
337461;17;11;2018;11:10;25227;AV A CJ CEARA;AV D CJ CEARA;;0;;Colis?â?úo;Luz do Dia;;;Cruz;Pare;Comercial;0;2;0;0;0;0;0;0;0;0;0;0;-3,766922000000000;-38,601152000000000
337462;17;11;2018;11:19;0;AV GAL OSORIO DE PAIVA;;;4832;;Colis?â?úo;Luz do Dia;;;Meio de Quadra;;;0;1;0;1;0;0;0;0;0;1;0;0;-3,801405111000000;-38,598849111000000
337453;17;11;2018;08:22;0;RUA ISRAEL BEZERRA;;;11000;;Colis?â?úo;Luz do Dia;;;Meio de Quadra;;;0;1;0;1;0;0;0;0;0;1;0;0;;
337454;17;11;2018;08:42;0;AV BEIRA MAR;;;4777;;Colis?â?úo;Luz do Dia;;;Meio de Quadra;;;0;1;0;1;0;0;0;0;0;1;0;0;;
337455;17;11;2018;08:56;0;AV JOAO DE ARAUJO LIMA;;;2190;;Colis?â?úo;Luz do Dia;;;Meio de Quadra;;;0;1;0;0;0;0;0;0;0;0;0;0;-3,841215247000000;-38,562386416000000
337456;17;11;2018;09:13;0;AV ANTONIO JUSTA;;;3517;;Colis?â?úo;Luz do Dia;;;Meio de Quadra;;;0;0;1;1;0;0;0;0;0;1;0;0;-3,728430000000000;-38,492180000000000
337457;17;11;2018;09:29;0;AV BEIRA MAR;;;0;;Colis?â?úo;Luz do Dia;;;Meio de Quadra;;;0;0;1;1;0;0;0;0;0;1;0;0;;
337487;17;11;2018;19:44;0;AV ODILON GUIMARAES;;;3653;;Colis?â?úo;;;;Meio de Quadra;;;0;1;0;1;0;0;0;0;0;1;0;0;-3,815639091000000;-38,469289091000000
337484;17;11;2018;18:30;0;AV GAL OSORIO DE PAIVA;;;0;;Atropelamento;Anoitecer;;;Meio de Quadra;;;0;3;0;0;0;0;0;0;0;0;0;0;;
337485;17;11;2018;18:54;5359;RUA METON DE ALENCAR;RUA TEREZA CRISTINA;;0;;Colis?â?úo;;;;Cruz;Sem?â?íforo;Comercial;0;2;0;0;0;0;0;0;0;0;0;0;-3,731262000000000;-38,538031000000000
337482;17;11;2018;15:44;0;AV FRE CIRILO;;;0;;Colis?â?úo;Luz do Dia;;;Meio de Quadra;;;0;2;0;1;0;0;0;0;0;1;0;0;;
337479;17;11;2018;13:54;11630;RUA BOA VISTA;RUA PRO HERIBALDO COSTA;;0;;Colis?â?úo;Luz do Dia;;;Cruz;Pare;Comercial;0;2;0;0;0;0;0;0;0;1;0;0;-3,767974000000000;-38,588035000000000
337480;17;11;2018;15:07;1246;AV SANTOS DUMONT;RUA BAR ARACATI;;0;;Colis?â?úo;Luz do Dia;;;Cruz;Pare;Comercial;0;1;0;1;0;0;0;0;0;1;0;0;-3,731909000000000;-38,511618000000000
337474;17;11;2018;11:29;1324;RUA DR JOSE LOURENCO;RUA TORRES CAMARA;;0;;Colis?â?úo;Luz do Dia;;;Cruz;Pare;Comercial;0;0;1;1;0;0;0;0;0;1;0;0;-3,735281000000000;-38,508053000000000
337475;17;11;2018;11:33;7630;RUA SERGIPE;RUA PARANA;;0;;Colis?â?úo;Luz do Dia;;;;;;0;1;0;1;0;0;0;0;0;1;0;0;-3,760745000000000;-38,570646000000000
337476;17;11;2018;11:40;26075;AV SGT HERMINIO SAMPAIO;AV JOSE JATAHY;;0;;Colis?â?úo;Luz do Dia;;;Cruz;Sem?â?íforo;Comercial;0;1;0;1;0;0;0;0;0;1;0;0;-3,724727000000000;-38,545904000000000