COD_ACIDENTE;DIA;MES;ANO;HORA;INTERSECAO;LOG1;LOG2;LOG3;NUMERO;REFERENCIA;NATUREZA;ILUMINACAO;TEMPO;SUPERFICIEPISTA;TIPOCRUZAMENTO;CONTROLETRAFEGO;USOSOLO;MORTOS;FERIDOS;ILESOS;AUTOMOVEL;ONIBUS;BICICLETA;CAMINHAO;MICROONIBUS;CICLOMOTOR;MOTOCICLETA;TRACAOANIMAL;TREM;LATITUDE;LONGITUDE
337477;17;11;2018;13:00;0;AV JOSE BASTOS;;;5855;;Queda;Luz do Dia;;;Meio de Quadra;;;0;1;0;0;0;0;0;0;0;1;0;0;-3,763012964000000;-38,566060482000000
337498;17;11;2018;23:20;20195;AV PRUDENTE BRASIL;AV PAROARAS;;0;;Queda;;;;T;Pare;Residencial;0;1;0;0;0;0;0;0;0;1;0;0;-3,812952000000000;-38,535557000000000
337489;17;11;2018;19:57;0;RUA EDUARDO PERDIGAO;;;120;;Colis?â?úo;;;;Meio de Quadra;;;0;1;0;1;0;0;0;0;0;1;0;0;-3,775579000000000;-38,564769000000000
337490;17;11;2018;20:17;0;RD BR 116;;;0;;Colis?â?úo;;;;Meio de Quadra;;;0;1;0;0;0;0;0;0;0;1;0;0;;
337491;17;11;2018;20:44;0;RUA CARLOS JUACABA;;;527;;Queda;;;;Meio de Quadra;;;0;0;1;0;0;0;0;0;0;1;0;0;-3,792645200000000;-38,562142600000000
337492;17;11;2018;21:00;0;AV ABOLICAO;;;3038;;Atropelamento;;;;Meio de Quadra;;;0;1;0;1;0;0;0;0;0;0;0;0;-3,726831000000000;-38,492313000000000
337493;17;11;2018;21:50;0;AV DA INDEPENDENCIA;;;1734;;Colis?â?úo;;;;Meio de Quadra;;;0;1;0;1;0;0;0;0;0;1;0;0;-3,725436222000000;-38,595958556000000
337494;17;11;2018;22:21;7674;RUA BAR SOBRAL;AV JOSE BASTOS;;0;;Colis?â?úo;;;;;;;0;2;0;1;0;0;0;0;0;1;0;0;;
333886;17;11;2018;21:31;0;AV ODILON GUIMARAES;;;3653;;Colis?â?úo;;;;Meio de Quadra;;;0;0;2;1;0;0;0;0;1;0;0;0;-3,815639091000000;-38,469289091000000
333891;17;11;2018;11:10;0;RUA HENRIQUETA GALENO;;;370;;Colis?â?úo;Luz do Dia;;;Meio de Quadra;;;0;1;1;0;0;0;0;0;0;1;0;0;-3,746108421000000;-38,496984684000000
333893;18;11;2018;22:10;0;AV HIS RAIMUNDO GIRAO;;;0;;Colis?â?úo;;;;Meio de Quadra;;;0;0;2;0;1;0;0;0;0;1;0;0;;
333894;18;11;2018;03:40;2830;RUA OSCAR FRANCA;AV GAL OSORIO DE PAIVA;;0;;Colis?â?úo;;;;T;Sem?â?íforo;Comercial;0;0;3;1;0;0;0;0;0;1;0;0;-3,794473000000000;-38,592113000000000
333895;18;11;2018;16:35;0;RUA ODILON SOARES;;;0;;Choque c/ Obst?â?ículo Fixo;Luz do Dia;;;Meio de Quadra;;;0;0;1;0;0;0;0;0;0;0;0;0;;
333897;18;11;2018;17:05;12496;AV LINEU MACHADO;AV CARNEIRO DE MENDONCA;;0;;Choque c/ Obst?â?ículo Fixo;Anoitecer;;;Meio de Quadra;Sem?â?íforo;Comercial;0;0;1;0;0;0;0;0;0;0;0;0;-3,760403000000000;-38,574021000000000
333956;18;11;2018;18:40;0;RUA TAVARES COUTINHO;;;1442;;Atropelamento;;;;Meio de Quadra;;;1;0;1;0;0;0;0;0;0;0;0;0;-3,732654000000000;-38,489060000000000
337499;18;11;2018;00:06;0;AV DIOGUINHO;;;1995;;Atropelamento;;;;Meio de Quadra;;;0;1;0;0;0;0;0;0;0;0;0;0;-3,733381000000000;-38,457822000000000
337501;18;11;2018;01:14;0;RUA VIS CAIRU;;;459;;Colis?â?úo;;;;Meio de Quadra;;;0;1;0;0;0;0;0;0;0;1;0;0;-3,726790000000000;-38,464420000000000
337502;18;11;2018;01:43;0;AV SIQUEIRA CAMPOS;;;1425;;Colis?â?úo;;;;Meio de Quadra;;;0;1;0;0;0;0;0;0;0;1;0;0;-3,813457015000000;-38,628379209000000
337504;18;11;2018;03:27;0;RUA ALVES BATISTA;;;0;;Colis?â?úo;;;;Meio de Quadra;;;0;1;0;1;0;0;0;0;0;1;0;0;;
337505;18;11;2018;03:39;0;AV D CJ CEARA;;;25;;Colis?â?úo;;;;Meio de Quadra;;;0;1;1;1;0;0;0;0;0;1;0;0;;
337506;18;11;2018;03:53;0;AV DR SILAS MUNGUBA;;;0;;Colis?â?úo;;;;Meio de Quadra;;;0;1;0;1;0;0;0;0;0;0;0;0;;
337508;18;11;2018;05:18;0;RUA UM (MONDUBIM);;;124;;Colis?â?úo;Amanhecer;;;Meio de Quadra;;;0;1;0;0;0;0;0;0;0;0;0;0;-3,823830000000000;-38,559370000000000
337509;18;11;2018;05:31;0;AV SEN FERNANDES TAVORA;;;0;;Atropelamento;Amanhecer;;;Meio de Quadra;;;0;1;0;0;0;0;0;0;0;1;0;0;;
337510;18;11;2018;06:40;0;RD QUARTO ANEL VIARIO;;;0;;Colis?â?úo;Luz do Dia;;;Meio de Quadra;;;0;1;0;1;0;0;0;0;0;1;0;0;;
337512;18;11;2018;08:30;0;AV COS GOMES DE FREITAS (SAPIRANGA/COITE);;;2991;;Colis?â?úo;Luz do Dia;;;Meio de Quadra;;;0;1;0;1;0;0;0;0;0;1;0;0;-3,795641000000000;-38,479090000000000
337513;18;11;2018;09:06;0;AV RAD JOSE LIMA VERDE;;;677;;Colis?â?úo;Luz do Dia;;;Meio de Quadra;;;0;1;0;1;0;0;0;0;0;1;0;0;-3,696879750000000;-38,586568250000000
337514;18;11;2018;17:49;0;AV ODILON GUIMARAES;;;1835;;Atropelamento;Anoitecer;;;Meio de Quadra;;;0;1;0;1;0;0;0;0;0;0;0;0;-3,822184000000000;-38,477032000000000
337515;18;11;2018;17:52;0;RUA PRO HERIBALDO COSTA;;;2030;;Colis?â?úo;Anoitecer;;;Meio de Quadra;;;0;0;1;1;0;0;0;0;0;0;0;0;-3,768978000000000;-38,588544000000000
337516;18;11;2018;18:17;0;RUA CARLOS AMORA;;;0;;Colis?â?úo;Anoitecer;;;Meio de Quadra;;;0;1;0;0;0;0;0;0;0;0;0;0;;
337517;18;11;2018;18:23;0;AV SEN FERNANDES TAVORA;;;0;;Atropelamento;Anoitecer;;;Meio de Quadra;;;0;1;0;1;0;0;0;0;0;0;0;0;;
337522;18;11;2018;18:46;0;AV JOSE TAVARES;;;1464;;Atropelamento;;;;Meio de Quadra;;;0;1;0;1;0;0;0;0;0;0;0;0;;
337523;18;11;2018;18:49;0;RUA GOV JOAO CARLOS;;;0;;Colis?â?úo;;;;Meio de Quadra;;;0;1;0;0;0;0;0;0;0;1;0;0;;
337535;18;11;2018;20:05;0;RUA ANSELMO NOGUEIRA;;;169;;Colis?â?úo;;;;Meio de Quadra;;;0;1;0;1;0;0;0;0;0;1;0;0;-3,784270000000000;-38,588090000000000
337536;18;11;2018;20:57;0;RUA OITO CJ MIRASSOL;;;42;;Colis?â?úo;;;;Meio de Quadra;;;0;1;0;1;0;0;0;0;0;1;0;0;;
337537;18;11;2018;21:04;0;RUA DO POENTE;;;173;;Queda;;;;Meio de Quadra;;;0;0;1;0;0;0;0;0;0;1;0;0;-3,699873700000000;-38,581509100000000
337547;18;11;2018;21:46;0;AV C CJ CEARA;;;1035;;Colis?â?úo;;;;Meio de Quadra;;;0;1;0;1;0;0;0;0;0;1;0;0;-3,767896000000000;-38,612353000000000
337555;18;11;2018;22:39;25217;RUA MARIA JULIA ROCHA;RUA NOVA CONQUISTA (BONSUCESSO);;0;;Colis?â?úo;;;;;;;0;2;0;0;0;0;0;0;0;1;0;0;;
337556;18;11;2018;23:12;0;AV PASTEUR;;;805;;Atropelamento;;;;Meio de Quadra;;;0;1;0;1;0;0;0;0;0;0;0;0;-3,712927000000000;-38,559415000000000
337545;18;11;2018;21:30;10992;RUA BAR CANINDE;RUA DOM CARLOTO TAVORA;;0;;Colis?â?úo;;;;Cruz;Pare;Residencial;0;1;1;1;0;0;0;0;0;1;0;0;-3,769531000000000;-38,557103000000000
336877;18;11;2018;13:01;1716;AV GOV RAUL BARBOSA;AV GAL MURILO BORGES;;0;;Engavetamento;Luz do Dia;Bom;Seca;Outros;N?â?úo H?â?í Controle;Residencial;0;0;5;1;0;0;0;0;0;0;0;0;-3,763977000000000;-38,508802000000000
336878;18;11;2018;20:19;5810;RUA ANTONIO DE CASTRO;RUA MELO CESAR;;0;;Colis?â?úo;Via Iluminada;Bom;Seca;Cruz;Pare;Residencial;0;1;1;1;0;0;0;0;0;1;0;0;-3,796244100000000;-38,503548000000000
336879;18;11;2018;19:20;0;AV GODOFREDO MACIEL;;;527;;Colis?â?úo Lateral;Via Iluminada;Bom;Seca;Outros;N?â?úo H?â?í Controle;Comercial;0;2;1;1;0;0;0;0;0;0;0;0;-3,780974100000000;-38,565178000000000
339332;18;11;2018;15:00;0;AV MR HULL;;;0;;Colis?â?úo Traseira;Luz do Dia;;;Meio de Quadra;;;0;1;1;0;0;0;0;0;0;1;0;0;;
339615;19;11;2018;07:40;0;AV SEN CARLOS JEREISSATI (AEROPORTO);;;0;KM 01;Colis?â?úo;Luz do Dia;;;Meio de Quadra;;;0;0;3;1;0;0;0;0;0;1;0;0;-3,783753000000000;-38,526850000000000
339618;19;11;2018;10:40;0;AV WASHINGTON SOARES;;;0;;Colis?â?úo;Luz do Dia;;;Meio de Quadra;;;0;0;5;1;0;0;0;0;0;0;0;0;;
336881;19;11;2018;07:59;0;AV JOAO PESSOA;;;7040;;Atropelamento;Luz do Dia;Bom;Seca;Meio de Quadra;N?â?úo H?â?í Controle;Comercial;0;1;1;0;0;0;0;0;0;0;0;0;-3,771572400000000;-38,561623000000000
336882;19;11;2018;08:53;0;AV PRS CASTELO BRANCO;;;3476;;Colis?â?úo Traseira;Luz do Dia;Bom;Seca;Meio de Quadra;Pare;Comercial;0;0;4;1;0;0;0;0;0;1;0;0;-3,710311700000000;-38,562332000000000
336883;19;11;2018;06:30;0;AV JOR THOMAZ COELHO;;;3000;;Colis?â?úo Lateral;Luz do Dia;Bom;Seca;Meio de Quadra;Sem?â?íforo;Comercial;0;1;1;0;0;0;1;0;0;1;0;0;-3,828962000000000;-38,521930000000000
336884;19;11;2018;13:07;0;RUA BAR SOBRAL;;;968;;Colis?â?úo Traseira;Luz do Dia;Bom;Seca;Meio de Quadra;N?â?úo H?â?í Controle;Residencial;0;1;1;1;0;0;0;0;0;1;0;0;-3,765148200000000;-38,557500000000000
336886;19;11;2018;16:42;0;AV ALM HENRIQUE SABOIA;;;0;;Colis?â?úo Traseira;Luz do Dia;Bom;Seca;Meio de Quadra;N?â?úo H?â?í Controle;Residencial;0;1;1;1;0;0;0;0;0;1;0;0;-3,748993900000000;-38,493380000000000
336887;19;11;2018;16:59;0;RUA CARLOS JUACABA;RUA SUECIA;;0;;Colis?â?úo Transversal;Luz do Dia;Bom;Seca;Meio de Quadra;Pare;Residencial;0;1;1;1;0;0;0;0;0;1;0;0;-3,784592400000000;-38,556980000000000
336888;19;11;2018;20:13;15290;RUA JOAQUIM NABUCO;RUA CANUTO DE AGUIAR;;0;;Colis?â?úo Lateral;Via Iluminada;Bom;Molhada;Cruz;Pare;Residencial;0;0;2;1;0;0;0;0;0;0;0;0;-3,729360000000000;-38,499390000000000
336889;19;11;2018;18:57;19515;RUA EQUADOR;RUA CARACAS;;0;;Colis?â?úo Transversal;Via Iluminada;Bom;Seca;Cruz;Pare;Residencial;0;1;1;1;0;0;0;0;0;1;0;0;-3,781535000000000;-38,554984000000000
337072;19;11;2018;21:35;0;RUA JOSE VILAR;AV SANTOS DUMONT;;0;;Colis?â?úo Traseira;Via Iluminada;Bom;Seca;Cruz;Sem?â?íforo;Comercial;0;0;3;1;0;0;0;0;0;0;0;0;-3,734555000000000;-38,504276000000000
337558;19;11;2018;06:10;0;RUA EMILIO DE MENESES;;;0;;Atropelamento;Luz do Dia;;;Meio de Quadra;;;0;1;0;0;0;0;0;0;0;1;0;0;;
337569;19;11;2018;06:22;0;AV GODOFREDO MACIEL;;;6729;;Queda;Luz do Dia;;;Meio de Quadra;;;0;1;0;0;0;0;0;0;0;1;0;0;-3,835838000000000;-38,582528000000000
337570;19;11;2018;06:58;0;AV PERIMETRAL;;;1860;;Queda;Luz do Dia;;;Meio de Quadra;;;0;1;0;0;0;0;0;0;0;1;0;0;;
337572;19;11;2018;07:11;0;RUA DR ESTENIO GOMES;;;2380;;Colis?â?úo;Luz do Dia;;;Meio de Quadra;;;0;0;1;0;0;0;0;0;0;0;0;0;-3,800929800000000;-38,591334400000000
337575;19;11;2018;07:15;0;AV DR SILAS MUNGUBA;;;728;;Colis?â?úo;Luz do Dia;;;Meio de Quadra;;;0;0;1;1;0;0;0;0;0;1;0;0;-3,780244500000000;-38,559388500000000
337579;19;11;2018;07:28;0;AV ALBERTO CRAVEIRO;;;2111;;Queda;Luz do Dia;;;Meio de Quadra;;;0;1;0;0;0;0;0;0;0;1;0;0;-3,798762000000000;-38,518798000000000
337638;19;11;2018;21:55;0;RUA CHILE;;;320;;Queda;;;;Meio de Quadra;;;0;1;0;0;0;0;0;0;0;1;0;0;-3,746649000000000;-38,565813000000000
337639;19;11;2018;22:27;25719;RUA HOLANDA;RUA BELGICA;;0;;Colis?â?úo;;;;Outros;Pare;Residencial;0;1;0;0;0;0;0;0;0;1;0;0;-3,791938000000000;-38,566597000000000
337635;19;11;2018;21:08;0;RUA MELO DE OLIVEIRA;;;847;;Colis?â?úo;;;;Meio de Quadra;;;0;1;0;1;0;0;0;0;0;1;0;0;-3,773057871000000;-38,578497278000000
337630;19;11;2018;20:35;0;RUA BAR RIO BRANCO;;;327;;Atropelamento;;;;Meio de Quadra;;;0;1;0;0;1;0;0;0;0;0;0;0;;
337628;19;11;2018;17:59;0;RUA VINTE E TRES DE OUTUBRO;;;280;;Colis?â?úo;Anoitecer;;;Meio de Quadra;;;0;1;0;1;0;1;0;0;0;0;0;0;-3,721476600000000;-38,515319000000000
337623;19;11;2018;16:34;0;AV ANTONIO SALES;;;0;;Colis?â?úo;Luz do Dia;;;Meio de Quadra;;;0;1;0;1;0;0;0;0;0;1;0;0;;
337609;19;11;2018;11:03;5255;AV TRISTAO GONCALVES;RUA PEDRO PEREIRA;;0;;Atropelamento;Luz do Dia;;;Cruz;Sem?â?íforo;Comercial;0;1;0;0;0;0;0;0;0;1;0;0;-3,728075000000000;-38,533489000000000
337610;19;11;2018;12:12;0;AV MR HULL;;;0;;Colis?â?úo;Luz do Dia;;;Meio de Quadra;;;0;1;0;1;0;0;0;0;0;1;0;0;;
337614;19;11;2018;13:09;0;RUA TEODORICO BARROSO;;;134;;Colis?â?úo;Luz do Dia;;;Meio de Quadra;;;0;1;0;1;0;0;0;0;0;1;0;0;-3,767574625000000;-38,538730325000000
337615;19;11;2018;13:45;0;RUA FRANCISCO GLICERIO;;;1000;;Colis?â?úo;Luz do Dia;;;Meio de Quadra;;;0;1;0;1;0;0;0;0;0;1;0;0;;
337604;19;11;2018;09:47;5347;RUA BAR RIO BRANCO;RUA PEDRO I;;0;;Atropelamento;Luz do Dia;;;Meio de Quadra;Sem?â?íforo;Comercial;0;1;0;0;0;0;0;0;0;1;0;0;-3,730887000000000;-38,529673000000000
333913;19;11;2018;15:00;25724;RUA NIGERIA;RUA SEBASTIAO DE ABREU (MONDUBIM);;0;;Colis?â?úo;Luz do Dia;;;;;;0;0;2;0;0;0;0;0;0;0;0;0;-3,792931000000000;-38,566905000000000
333915;19;11;2018;18:25;11004;RUA PERU;RUA ELCIAS LOPES;;0;;Colis?â?úo;Anoitecer;;;;;;0;0;2;1;0;0;0;0;0;0;0;0;-3,772785000000000;-38,551024000000000
332034;19;11;2018;02:15;0;AV JOR THOMAZ COELHO;;;2585;;Atropelamento de Animal;Via Iluminada;Bom;Seca;Meio de Quadra;N?â?úo H?â?í Controle;Residencial;1;0;0;0;0;0;0;0;0;1;0;0;-3,828398435000000;-38,518913709000000
332035;20;11;2018;11:30;11556;AV ROGACIANO LEITE;RUA VALE FORMOSO;;0;;Colis?â?úo Transversal;Luz do Dia;Bom;Seca;T;Pare;Misto;0;1;1;1;0;0;0;0;0;1;0;0;-3,785466000000000;-38,502970000000000
332037;20;11;2018;04:22;5359;RUA TEREZA CRISTINA;RUA METON DE ALENCAR;;0;;Colis?â?úo Lateral;Via Iluminada;Bom;Seca;Cruz;Sem?â?íforo Intermitente;Comercial;0;1;1;0;0;0;0;0;0;1;0;0;-3,731262000000000;-38,538031000000000
332038;20;11;2018;16:30;0;RUA CANUTO DE AGUIAR;;;666;;Colis?â?úo Lateral;Luz do Dia;Bom;Seca;Meio de Quadra;;Residencial;0;1;1;1;0;0;0;0;0;1;0;0;-3,730145000000000;-38,496933500000000
333917;20;11;2018;13:25;21063;RUA URUGUAIANA;TR PARA;;0;;Colis?â?úo;Luz do Dia;;;;;;0;0;2;0;0;0;0;0;0;0;0;0;-3,752485000000000;-38,568672000000000
333928;20;11;2018;11:10;0;RUA MARTINHO RODRIGUES;;;0;;Colis?â?úo;Luz do Dia;;;Meio de Quadra;;;0;0;3;1;0;0;0;0;0;0;0;0;;
333929;20;11;2018;13:00;0;RUA PDE PEDRO DE ALENCAR;;;0;;Choque c/ Obst?â?ículo Fixo;Luz do Dia;;;Meio de Quadra;;;0;0;1;0;0;0;0;0;0;0;0;0;;
337647;20;11;2018;08:00;0;AV MIN JOSE AMERICO;;;0;;Colis?â?úo;Luz do Dia;;;Meio de Quadra;;;0;1;1;1;0;0;0;0;0;1;0;0;;
337668;20;11;2018;18:31;0;AV WASHINGTON SOARES;;;9398;;Queda;;;;Meio de Quadra;;;0;0;1;0;0;0;0;0;0;1;0;0;-3,833196379000000;-38,482553703000000
337669;20;11;2018;19:06;0;RUA GUERRA JUNQUEIRO;;;421;;Colis?â?úo;;;;Meio de Quadra;;;0;0;1;0;0;0;0;0;0;1;0;0;-3,781742150000000;-38,546896463000000
337659;20;11;2018;15:49;24657;RUA RAIMUNDO GOMES;RUA ANTONIO ARRUDA;;0;;Atropelamento;Luz do Dia;;;;;;0;1;0;0;0;0;1;0;0;0;0;0;-3,713723000000000;-38,592133000000000
337666;20;11;2018;16:29;0;AV A CJ CEARA;;;0;;Atropelamento;Luz do Dia;;;Meio de Quadra;;;0;1;0;1;0;0;0;0;0;0;0;0;;
337649;20;11;2018;10:44;19540;RUA CASIMIRO DE ABREU;RUA JULIO GASPAR;;0;;Colis?â?úo;Luz do Dia;;;Cruz;Pare;Residencial;0;0;1;1;0;0;0;0;0;0;0;0;-3,782426000000000;-38,563108000000000
337650;20;11;2018;11:37;0;RUA TEODORO DE CASTRO;;;1024;;Colis?â?úo;Luz do Dia;;;Meio de Quadra;;;0;1;0;0;0;0;0;0;0;1;0;0;-3,781071619000000;-38,600343225000000
337654;20;11;2018;12:34;0;AV ALBERTO CRAVEIRO;;;1995;;Atropelamento;Luz do Dia;;;Meio de Quadra;;;0;1;0;1;0;0;0;0;0;0;0;0;-3,798052000000000;-38,518638000000000
337655;20;11;2018;14:53;0;AV MR HULL;;;0;;Atropelamento;Luz do Dia;;;Meio de Quadra;;;0;1;0;0;0;0;0;0;0;1;0;0;;
337656;20;11;2018;14:53;0;AV CASTELO DE CASTRO;;;0;;Queda;Luz do Dia;;;Meio de Quadra;;;0;1;0;0;0;0;0;0;0;1;0;0;;
337657;20;11;2018;15:14;0;RD QUARTO ANEL VIARIO;;;14;;Queda;Luz do Dia;;;Meio de Quadra;;;0;1;0;0;0;0;0;0;0;1;0;0;-3,864017842000000;-38,521481632000000
337685;20;11;2018;20:49;12523;RUA PIERRE LUZ;RUA MARIA CLARA;;0;;Colis?â?úo;;;;Cruz;Pare;Residencial;0;1;0;1;0;0;0;0;0;1;0;0;-3,725120000000000;-38,588502000000000
337679;20;11;2018;19:27;0;AV ANTONIO SALES;;;3176;;Colis?â?úo;;;;Meio de Quadra;;;0;0;1;1;1;0;0;0;0;0;0;0;-3,747586000000000;-38,495535000000000
337690;20;11;2018;22:08;0;AV GOV RAUL BARBOSA;;;0;;Queda;;;;Meio de Quadra;;;0;1;0;0;0;0;0;0;0;1;0;0;;
336890;20;11;2018;08:39;2494;RUA GRACA ARANHA;AV 20 DE JANEIRO;;0;;Colis?â?úo Lateral;Luz do Dia;Bom;Seca;Cruz;Pare;Residencial;0;2;1;1;0;0;0;0;0;1;0;0;-3,709479000000000;-38,573603000000000
336891;20;11;2018;10:30;0;AV PRS CASTELO BRANCO;;;1223;;Colis?â?úo Transversal;Luz do Dia;Bom;Seca;Meio de Quadra;N?â?úo H?â?í Controle;Residencial;0;0;2;1;0;0;0;0;0;0;0;0;-3,718264600000000;-38,535046000000000
336892;20;11;2018;12:50;5346;RUA JOAO CORDEIRO;AV SANTOS DUMONT;;0;;Colis?â?úo Traseira;Via Iluminada;Bom;Seca;Cruz;Sem?â?íforo;Comercial;0;1;1;0;0;0;0;0;0;1;0;0;-3,730878000000000;-38,514781000000000
336894;20;11;2018;13:44;19540;RUA CASIMIRO DE ABREU;RUA JULIO GASPAR;;0;;Colis?â?úo Lateral;Luz do Dia;Bom;Seca;Cruz;Pare;Residencial;0;0;2;1;0;0;0;0;0;0;0;0;-3,782426000000000;-38,563108000000000
336895;20;11;2018;14:19;0;AV PRS COSTA E SILVA;;;1900;;Colis?â?úo Traseira;Luz do Dia;Bom;Seca;Meio de Quadra;N?â?úo H?â?í Controle;Comercial;0;1;1;1;0;0;0;0;0;1;0;0;-3,818226300000000;-38,564457000000000
336896;20;11;2018;17:01;7775;AV ANTONIO SALES;AV BAR STUDART;;0;;Colis?â?úo Lateral;Luz do Dia;Bom;Seca;Cruz;Sem?â?íforo;Comercial;0;2;1;1;0;0;0;0;0;1;0;0;-3,743288000000000;-38,509378000000000
336897;20;11;2018;15:00;839;AV GOV RAUL BARBOSA;RUA MAJ JOSE ARAUJO AGUIAR;;0;;Colis?â?úo Traseira;Luz do Dia;Bom;Seca;Cruz;Sem?â?íforo;Comercial;0;0;2;1;0;0;0;0;0;0;0;0;-3,775451000000000;-38,513020000000000
336898;20;11;2018;20:00;0;AV ANTONIO SALES;;;0;;Colis?â?úo Lateral;Anoitecer;Bom;Seca;Meio de Quadra;Pare;Comercial;0;0;2;1;1;0;0;0;0;0;0;0;-3,747612200000000;-38,495570000000000
336899;20;11;2018;21:37;0;RUA ILDEFONSO ALBANO;;;262;;Colis?â?úo Lateral;Via Iluminada;Bom;Seca;Meio de Quadra;N?â?úo H?â?í Controle;Residencial;0;0;1;1;0;0;0;0;0;0;0;0;-3,723182700000000;-38,510094000000000
336900;20;11;2018;20:45;12455;AV SEN FERNANDES TAVORA;RUA RIO GRANDE DO SUL;;0;;Colis?â?úo Transversal;Via Iluminada;Bom;Seca;T;Sem?â?íforo;Comercial;0;1;2;1;0;0;0;0;0;1;0;0;-3,768083000000000;-38,572159000000000
339624;20;11;2018;18:50;0;AV WASHINGTON SOARES;;;0;;Colis?â?úo;;;;Meio de Quadra;;;0;0;2;1;0;0;0;0;0;0;0;0;;
339625;21;11;2018;11:40;0;AV WASHINGTON SOARES;;;0;;Colis?â?úo;Luz do Dia;;;Meio de Quadra;;;0;0;2;1;0;0;0;0;0;0;0;0;;
336901;21;11;2018;07:43;0;AV PRS CASTELO BRANCO;;;3529;;Colis?â?úo Transversal;Luz do Dia;Bom;Seca;Meio de Quadra;Sem?â?íforo;Comercial;0;2;1;0;0;0;0;0;0;1;0;0;-3,710086800000000;-38,563347000000000
336902;21;11;2018;13:10;15334;RUA CANUTO DE AGUIAR;RUA VICENTE LEITE;;0;;Colis?â?úo Transversal;Luz do Dia;Bom;Seca;Cruz;Pare;Residencial;0;1;2;1;0;0;0;0;0;0;0;0;-3,731247000000000;-38,493529000000000
336903;21;11;2018;14:03;0;AV ENG ALBERTO SA;RUA SOLON ONOFRE;;1314;;Colis?â?úo Transversal;Luz do Dia;Bom;Seca;Meio de Quadra;Pare;Comercial;0;0;3;1;0;0;0;0;0;0;0;0;-3,735315000000000;-38,473248000000000
336904;21;11;2018;16:19;13561;RUA FIS VIEIRA;RUA CASTRO ALVES;;0;;Colis?â?úo Transversal;Luz do Dia;Bom;Seca;Cruz;Pare;Residencial;0;0;2;1;0;0;0;0;0;1;0;0;-3,749788000000000;-38,516637000000000
336905;21;11;2018;19:02;0;RUA RIO GRANDE DO SUL;;;1155;;Colis?â?úo Lateral;Via Iluminada;Bom;Seca;Cruz;Sem?â?íforo;Comercial;0;0;2;1;0;0;0;0;0;0;0;0;-3,758785200000000;-38,567690000000000
336906;21;11;2018;19:24;0;RUA JOCKEY CLUBE;;;380;;Atropelamento;Via Iluminada;Bom;Seca;Meio de Quadra;N?â?úo H?â?í Controle;Comercial;0;2;0;0;0;0;0;0;0;1;0;0;-3,762793300000000;-38,578587000000000
336907;21;11;2018;18:00;25394;RUA CASIMIRO DE ABREU;RUA ALEMANHA;;0;;Colis?â?úo Transversal;Via Iluminada;Bom;Seca;Cruz;Pare;Residencial;0;0;2;1;0;0;0;0;0;0;0;0;-3,779810000000000;-38,560984000000000
336908;21;11;2018;13:19;5269;AV DUQ CAXIAS;RUA PDE IBIAPINA;;0;;Colis?â?úo Lateral;Luz do Dia;Bom;Seca;Cruz;Sem?â?íforo;Comercial;0;0;2;1;1;0;0;0;0;0;0;0;-3,728446000000000;-38,540226000000000
336909;21;11;2018;17:30;15984;RUA GASTAO JUSTA;RUA DR RODRIGO C SANDOVAL;;0;;Colis?â?úo Transversal;Via Iluminada;Bom;Seca;Cruz;Pare;Residencial;0;1;1;1;0;0;0;0;0;1;0;0;-3,805778000000000;-38,569575000000000
336910;21;11;2018;21:28;0;AV SEN FERNANDES TAVORA;;;2870;;Atropelamento;Via Iluminada;Bom;Seca;Meio de Quadra;Sem?â?íforo;Comercial;0;1;1;0;0;1;0;0;0;1;0;0;-3,755214500000000;-38,597640000000000
336911;21;11;2018;21:35;0;RUA CARLOS VASCONCELOS;;;2956;;Colis?â?úo Traseira;Anoitecer;Bom;Seca;Cruz;Pare;Comercial;0;0;2;1;0;0;0;0;0;0;0;0;-3,747602200000000;-38,515594000000000
337700;21;11;2018;06:24;26075;AV SGT HERMINIO SAMPAIO;AV JOSE JATAHY;;0;;Atropelamento;Luz do Dia;;;Cruz;Sem?â?íforo;Comercial;0;1;0;0;0;0;0;0;0;1;0;0;-3,724727000000000;-38,545904000000000
337697;21;11;2018;06:02;0;RUA CON DE CASTRO;;;209;;Colis?â?úo;Luz do Dia;;;Meio de Quadra;;;0;2;0;0;0;0;0;0;0;0;0;0;-3,775961196000000;-38,565129812000000
337748;21;11;2018;13:21;0;RUA VITAL BRASIL;;;1914;;Colis?â?úo;Luz do Dia;;;Meio de Quadra;;;0;1;0;1;0;0;0;0;0;1;0;0;-3,778017309000000;-38,597976308000000
337749;21;11;2018;15:17;0;AV ALBERTO CRAVEIRO;;;822;;Queda;Luz do Dia;;;Meio de Quadra;;;0;1;0;0;0;0;0;0;0;1;0;0;-3,784785000000000;-38,517010000000000
337745;21;11;2018;12:30;1927;RUA MARIA QUINTINO;AV ISABEL BEZERRA;;0;;Colis?â?úo;Luz do Dia;;;Cruz;Pare;Residencial;0;1;0;0;0;0;0;0;0;0;0;0;-3,855018000000000;-38,500730000000000