COD_ACIDENTE;DIA;MES;ANO;HORA;INTERSECAO;LOG1;LOG2;LOG3;NUMERO;REFERENCIA;NATUREZA;ILUMINACAO;TEMPO;SUPERFICIEPISTA;TIPOCRUZAMENTO;CONTROLETRAFEGO;USOSOLO;MORTOS;FERIDOS;ILESOS;AUTOMOVEL;ONIBUS;BICICLETA;CAMINHAO;MICROONIBUS;CICLOMOTOR;MOTOCICLETA;TRACAOANIMAL;TREM;LATITUDE;LONGITUDE
337746;21;11;2018;12:38;0;RUA QUINZE (CANINDEZINHO);;;0;;Queda;Luz do Dia;;;Meio de Quadra;;;0;1;0;0;0;0;0;0;0;1;0;0;;
337742;21;11;2018;11:46;0;AV ROGACIANO LEITE;;;0;;Colis?â?úo;Luz do Dia;;;Meio de Quadra;;;0;1;0;1;0;0;0;0;0;1;0;0;;
337739;21;11;2018;11:30;0;RUA SAO JOSE D03;;;447;;Atropelamento;Luz do Dia;;;Meio de Quadra;;;0;1;0;0;0;0;0;0;0;1;0;0;-3,702480000000000;-38,569290000000000
337736;21;11;2018;11:16;0;RUA L CJ VILA VELHA;;;0;;Colis?â?úo;Luz do Dia;;;Meio de Quadra;;;0;1;0;0;0;1;0;0;0;0;0;0;;
337729;21;11;2018;09:27;0;AV PRO GOMES DE MATOS;;;1585;;Colis?â?úo;Luz do Dia;;;Meio de Quadra;;;0;2;0;0;0;0;0;0;0;0;0;0;-3,765436840000000;-38,549308520000000
337720;21;11;2018;06:45;0;RUA GERMANO FRANCK;;;0;;Atropelamento;Luz do Dia;;;Meio de Quadra;;;0;1;0;0;0;0;0;0;0;1;0;0;;
337721;21;11;2018;06:56;0;AV JOR THOMAZ COELHO;;;0;;Queda;Luz do Dia;;;Meio de Quadra;;;0;0;2;0;0;0;0;0;0;1;0;0;;
337722;21;11;2018;07:05;0;RUA WALDIR DIOGO;;;905;;Colis?â?úo;Luz do Dia;;;Meio de Quadra;;;0;1;0;0;0;0;0;0;0;0;0;0;-3,803776650000000;-38,586275286000000
337727;21;11;2018;09:09;0;AV MR HULL;;;0;;Colis?â?úo;Luz do Dia;;;Meio de Quadra;;;0;1;0;1;0;0;0;0;0;1;0;0;;
337715;21;11;2018;06:28;3769;AV DOMINGOS OLIMPIO;RUA SEN POMPEU;;0;;Colis?â?úo;Luz do Dia;;;Cruz;Sem?â?íforo;Comercial;0;1;0;0;0;0;0;0;0;1;0;0;-3,736254000000000;-38,532455000000000
337716;21;11;2018;06:43;0;RD BR 116;;;1000;KM-01;Colis?â?úo;Luz do Dia;;;Meio de Quadra;;;0;1;0;1;0;0;0;0;0;1;0;0;-3,762554000000000;-38,518702000000000
337785;21;11;2018;20:10;0;TR AMANCIO VALENTE;;;1555;;Queda;;;;Meio de Quadra;;;0;1;0;0;0;0;0;0;0;1;0;0;;
337786;21;11;2018;21:05;13357;AV H CJ JOSE WALTER;AV I CJ JOSE WALTER;;0;;Queda;;;;T;N?â?úo H?â?í Controle;Residencial;0;0;1;0;0;0;0;0;0;1;0;0;-3,842029000000000;-38,555861000000000
337753;21;11;2018;16:04;251;RUA DOM JOSE LOURENCO  D27;RUA GAL BERNARDO FIGUEIREDO;;0;;Colis?â?úo;Luz do Dia;;;Cruz;Pare;Residencial;0;1;0;1;0;0;0;0;0;1;0;0;-3,740999000000000;-38,558444000000000
337754;21;11;2018;16:37;0;AV AMERICO BARREIRA;;;0;;Queda;Luz do Dia;;;Meio de Quadra;;;0;1;0;0;0;0;0;0;0;1;0;0;;
337777;21;11;2018;17:22;0;AV PERIMETRAL;;;0;;Colis?â?úo;Anoitecer;;;Meio de Quadra;;;0;1;0;0;0;0;0;0;0;0;0;0;;
337778;21;11;2018;17:29;0;RUA LUIZ LOURENCO DE SOUSA;;;1304;;Colis?â?úo;Anoitecer;;;Meio de Quadra;;;0;0;1;0;0;0;0;0;0;0;0;0;;
337779;21;11;2018;18:34;0;AV JOR THOMAZ COELHO;;;1276;;Colis?â?úo;;;;Meio de Quadra;;;0;2;0;0;0;0;0;0;0;1;0;0;-3,830849000000000;-38,505594500000000
337780;21;11;2018;18:37;0;RUA DES PRAXEDES;;;0;;Atropelamento;;;;Meio de Quadra;;;0;1;0;1;0;0;0;0;0;0;0;0;;
337764;21;11;2018;17:12;0;AV PERIMETRAL;;;0;;Colis?â?úo;Anoitecer;;;Meio de Quadra;;;0;1;0;1;0;1;0;0;0;0;0;0;;
337783;21;11;2018;19:34;0;RUA COSTA BARROS;;;855;;Colis?â?úo;;;;Meio de Quadra;;;0;1;0;1;0;0;0;0;0;1;0;0;-3,732290000000000;-38,505480000000000
332042;21;11;2018;03:00;0;AV I CJ CEARA;;;1126;;Outros;Luz do Dia;Bom;Seca;Meio de Quadra;N?â?úo H?â?í Controle;Residencial;0;2;0;1;0;0;0;0;0;0;0;0;-3,771986000000000;-38,597875000000000
332043;22;11;2018;03:30;0;RUA VITORIA (AV. PERIMETRAL);;;1281;;Choque c/ Obst?â?ículo Fixo;Amanhecer;Bom;Seca;Meio de Quadra;Outros;Comercial;0;0;1;1;0;0;0;0;0;0;0;0;-3,763965161000000;-38,587879355000000
337826;22;11;2018;19:13;0;RUA POMPILIO GOMES;;;312;;Colis?â?úo;;;;Meio de Quadra;;;0;1;0;1;0;0;0;0;0;1;0;0;-3,813452600000000;-38,520701900000000
337828;22;11;2018;19:31;0;AV DA INDEPENDENCIA;;;570;;Queda;;;;Meio de Quadra;;;0;1;1;0;0;0;0;0;0;1;0;0;-3,728466500000000;-38,585732000000000
337790;22;11;2018;09:35;0;AV WASHINGTON SOARES;;;0;;Colis?â?úo;Luz do Dia;;;Meio de Quadra;;;0;1;0;1;0;0;0;0;0;1;0;0;;
337791;22;11;2018;11:04;0;AV MOZART PINHEIRO DE LUCENA;;;2472;;Queda;Luz do Dia;;;Meio de Quadra;;;0;1;0;0;0;0;0;0;0;1;0;0;-3,725606611000000;-38,597796433000000
337792;22;11;2018;11:50;0;RUA JOAQUIM NABUCO;;;2829;;Colis?â?úo;Luz do Dia;;;Meio de Quadra;;;0;1;0;1;0;0;0;0;0;1;0;0;-3,749739714000000;-38,505928286000000
337793;22;11;2018;11:55;0;RUA RIO GRANDE DO NORTE;;;1050;;Colis?â?úo;Luz do Dia;;;Meio de Quadra;;;0;1;0;0;0;0;0;0;0;0;0;0;-3,756545353000000;-38,570784176000000
337794;22;11;2018;12:00;0;AV DR THEBERGE;;;1288;;Colis?â?úo;Luz do Dia;;;Meio de Quadra;;;0;1;0;1;0;0;0;0;0;1;0;0;-3,713663000000000;-38,564637000000000
337795;22;11;2018;12:10;0;RUA GURGEL DO AMARAL;;;0;;Queda;Luz do Dia;;;Meio de Quadra;;;0;1;0;0;0;0;0;0;0;1;0;0;;
337796;22;11;2018;12:20;0;RUA PRO COSTA MENDES;;;2000;;Queda;Luz do Dia;;;Meio de Quadra;;;0;1;0;0;0;0;0;0;0;1;0;0;-3,747005000000000;-38,555399000000000
337797;22;11;2018;14:50;0;AV BORGES DE MELO;;;0;;Colis?â?úo;Luz do Dia;;;Meio de Quadra;;;0;1;1;1;0;0;0;0;0;1;0;0;;
337798;22;11;2018;15:55;17400;RUA EDITE BRAGA;RUA BAR SOBRAL;;0;;Queda;Luz do Dia;;;Cruz;Pare;Residencial;0;0;1;0;0;1;0;0;0;0;0;0;-3,767521000000000;-38,553278000000000
337799;22;11;2018;17:31;19683;RUA PRO JOSE DE BARCELOS;RUA AZEVEDO BOLAO;;0;;Colis?â?úo;Anoitecer;;;Cruz;Pare;Residencial;0;1;0;0;0;0;0;0;0;0;0;0;-3,735196000000000;-38,550610000000000
337800;22;11;2018;17:47;0;AV DR THEBERGE;;;1019;;Colis?â?úo;Anoitecer;;;Meio de Quadra;;;0;1;0;0;0;0;0;0;0;0;0;0;-3,711862000000000;-38,564043000000000
337801;22;11;2018;18:22;0;RUA ITALIA D43;;;0;;Colis?â?úo;Anoitecer;;;;;;0;2;0;0;0;0;0;0;0;1;0;0;;
337787;22;11;2018;05:50;0;AV IMPERADOR;;;0;;Queda;Amanhecer;;;Meio de Quadra;;;0;1;0;0;0;0;0;0;0;1;0;0;;
337788;22;11;2018;06:08;0;RUA TEREZA CRISTINA;;;1684;;Queda;Luz do Dia;;;Meio de Quadra;;;0;0;1;0;0;0;0;0;0;1;0;0;-3,735162000000000;-38,539201000000000
337822;22;11;2018;18:29;0;RUA JULIO PINTO D04;;;2083;;Atropelamento;Anoitecer;;;Meio de Quadra;;;0;1;0;0;0;0;0;0;0;0;0;0;-3,726086349000000;-38,543174217000000
337823;22;11;2018;18:36;0;RUA HUGO VITOR;;;352;;Colis?â?úo;;;;Meio de Quadra;;;0;1;0;1;0;0;0;0;0;1;0;0;-3,742884148000000;-38,591158667000000
337824;22;11;2018;18:46;0;AV WASHINGTON SOARES;;;0;;Colis?â?úo;;;;Meio de Quadra;;;0;1;1;1;0;1;0;0;0;0;0;0;;
337833;22;11;2018;20:42;0;RUA PALMACIA;;;333;;Atropelamento;;;;Meio de Quadra;;;0;1;0;0;0;0;0;0;0;1;0;0;-3,718002000000000;-38,590945500000000
337834;22;11;2018;20:53;0;RD BR 116;;;9000;KM-09;Colis?â?úo;;;;Meio de Quadra;;;0;1;0;0;0;0;0;0;0;0;0;0;-3,830837000000000;-38,504865000000000
337835;22;11;2018;22:45;0;RUA EQUADOR;;;1853;;Colis?â?úo;;;;Meio de Quadra;;;0;1;0;1;0;0;0;0;0;0;0;0;-3,783589000000000;-38,556406000000000
337820;22;11;2018;18:26;4250;AV FRANCISCO SA;RUA PEDRO C FERNANDES;;0;;Colis?â?úo;Anoitecer;;;;;;0;1;0;1;0;0;0;0;0;1;0;0;-3,719988000000000;-38,549538000000000
336912;22;11;2018;09:57;0;AV GOV RAUL BARBOSA;;;5542;;Colis?â?úo Traseira;Luz do Dia;Bom;Seca;Meio de Quadra;N?â?úo H?â?í Controle;Residencial;0;1;1;1;0;0;0;0;0;1;0;0;-3,769644700000000;-38,510406000000000
336913;22;11;2018;14:38;0;AV ABOLICAO;;;2667;;Colis?â?úo;Luz do Dia;Bom;Seca;Meio de Quadra;N?â?úo H?â?í Controle;Comercial;0;0;2;0;0;0;0;0;0;1;0;0;-3,727114000000000;-38,496490000000000
336914;22;11;2018;15:07;13563;AV SORIANO ALBUQUERQUE;RUA DR JOSE LOURENCO;;0;;Colis?â?úo Transversal;Luz do Dia;Bom;Seca;Cruz;Pare;Residencial;0;1;1;1;0;0;0;0;0;0;0;0;-3,749830000000000;-38,512631000000000
336927;22;11;2018;20:26;0;RUA HERBENE;;;471;;Colis?â?úo;Via Iluminada;Bom;Seca;Meio de Quadra;N?â?úo H?â?í Controle;Residencial;0;1;0;1;0;0;0;0;0;1;0;0;-3,828808300000000;-38,503967000000000
333939;22;11;2018;07:00;0;RUA METON DE ALENCAR;;;0;;Colis?â?úo;Luz do Dia;;;Meio de Quadra;;;0;0;2;1;0;0;0;0;0;0;0;0;;
333940;22;11;2018;22:33;0;RUA HOLANDA;;;0;;Colis?â?úo;;;;Meio de Quadra;;;0;0;2;0;0;0;0;0;0;0;0;0;;
333941;22;11;2018;23:15;0;AV GAL OSORIO DE PAIVA;;;2955;;Colis?â?úo;;;;Meio de Quadra;;;0;1;1;0;0;0;1;0;0;1;0;0;-3,789256000000000;-38,587028000000000
333953;22;11;2018;16:00;0;AV VIS RIO BRANCO;;;0;;Colis?â?úo;Luz do Dia;;;Meio de Quadra;;;0;0;1;0;0;0;0;0;0;1;0;0;;
333954;22;11;2018;12:50;9449;AV MAJ ASSIS;RUA RAIMUNDO BIZARRIA;;0;;Colis?â?úo;Luz do Dia;;;;N?â?úo H?â?í Controle;Residencial;0;0;2;1;0;0;0;0;0;0;0;0;-3,724419000000000;-38,579261000000000
333964;22;11;2018;22:40;0;RD CE-040;;;0;KM-09;Colis?â?úo;;;;Meio de Quadra;;;0;0;2;1;0;1;0;0;0;0;0;0;-3,834450897000000;-38,482465820000000
333965;23;11;2018;11:00;0;RD BR 116;;;4000;KM-04;Colis?â?úo;Luz do Dia;;;Meio de Quadra;;;0;0;2;1;0;0;0;0;0;0;0;0;-3,802354000000000;-38,503869000000000
333951;23;11;2018;18:30;0;AV AUGUSTO DOS ANJOS;;;0;;Atropelamento;Anoitecer;;;Meio de Quadra;;;1;1;0;0;0;0;0;0;0;1;0;0;;
333676;23;11;2018;09:30;0;AV AGUANAMBI;;;1729;;Atropelamento;Luz do Dia;Bom;Seca;Meio de Quadra;N?â?úo H?â?í Controle;Residencial;0;2;1;0;0;0;0;0;0;0;0;0;-3,752233000000000;-38,523383000000000
333673;23;11;2018;08:00;8125;RUA BENTO ALBUQUERQUE;RUA MANUEL DE QUEIROZ;;0;;Colis?â?úo;Luz do Dia;Bom;Seca;Cruz;Pare;Comercial;0;1;1;1;0;0;0;0;0;1;0;0;-3,748837000000000;-38,467393000000000
334377;23;11;2018;05:40;12826;RUA ANDRE CHAVES;AV DOS EXPEDICIONARIOS;;0;;Choque c/ Obst?â?ículo Fixo;Amanhecer;;;Cruz;Sem?â?íforo;Comercial;1;4;0;1;0;0;0;0;0;0;0;0;-3,757345000000000;-38,538903000000000
336917;23;11;2018;10:27;0;RUA PDE CLIMERIO;;;319;;Choque c/ Obst?â?ículo Fixo;Luz do Dia;Bom;Seca;Meio de Quadra;N?â?úo H?â?í Controle;Residencial;0;0;4;1;0;0;0;0;0;0;0;0;-3,725499600000000;-38,511280000000000
336918;23;11;2018;14:47;0;RUA PAULINO NOGUEIRA;;;77;;Colis?â?úo Traseira;Luz do Dia;Bom;Seca;Meio de Quadra;N?â?úo H?â?í Controle;Comercial;0;2;1;1;1;0;0;0;0;0;0;0;-3,745844400000000;-38,535540000000000
336919;23;11;2018;14:17;12871;RUA BAR ARATANHA;RUA JOAQUIM MAGALHAES;;0;;Colis?â?úo Transversal;Luz do Dia;Bom;Seca;Cruz;Pare;Comercial;0;0;2;1;0;0;0;0;0;0;0;0;-3,739716000000000;-38,528666000000000
336920;23;11;2018;13:25;0;RUA ANTONIO GADELHA;;;638;;Colis?â?úo Lateral;Luz do Dia;Bom;Seca;Meio de Quadra;N?â?úo H?â?í Controle;Residencial;0;1;1;1;0;0;0;0;0;1;0;0;-3,832544600000000;-38,503815000000000
336921;23;11;2018;12:06;11768;AV PRS CASTELO BRANCO;AV FILOMENO GOMES;;0;;Colis?â?úo;Luz do Dia;Bom;Seca;T;Sem?â?íforo;Comercial;0;2;2;1;0;0;0;0;0;0;0;0;-3,715542000000000;-38,541982000000000
336922;23;11;2018;20:45;0;AV PRS COSTA E SILVA;;;78;;N?â?úo Informado;Via Iluminada;Bom;Seca;Meio de Quadra;N?â?úo H?â?í Controle;Comercial;0;1;1;1;0;0;0;0;0;1;0;0;-3,723079700000000;-38,522210000000000
336735;23;11;2018;18:40;0;RUA CON DE CASTRO;;;780;;Atropelamento;;;;Meio de Quadra;;;1;1;0;0;0;0;0;0;0;1;0;0;-3,780240000000000;-38,569050000000000
337836;23;11;2018;03:20;0;RUA IRAPUA;;;1486;;Queda;;;;Meio de Quadra;;;0;1;0;0;0;0;0;0;0;1;0;0;;
337849;23;11;2018;03:56;0;RUA BERNARDO MANUEL;;;9942;;Queda;;;;Meio de Quadra;;;0;1;0;0;0;0;0;0;0;1;0;0;-3,804148480000000;-38,553041360000000
337867;23;11;2018;06:49;0;RUA CARLOS JUACABA;;;1554;;Queda;Luz do Dia;;;Meio de Quadra;;;0;1;0;0;0;0;0;0;0;1;0;0;-3,790440000000000;-38,561420000000000
337860;23;11;2018;06:40;0;AV ENG HUMBERTO MONTE;;;2285;;Queda;Luz do Dia;;;Meio de Quadra;;;0;1;0;0;0;0;0;0;0;1;0;0;-3,741998756000000;-38,566506093000000
337864;23;11;2018;06:43;0;AV CEL CARVALHO;;;2726;;Colis?â?úo;Luz do Dia;;;Meio de Quadra;;;0;1;0;1;0;0;0;0;0;1;0;0;-3,726938000000000;-38,585413000000000
337852;23;11;2018;05:22;0;AV CONTORNO SUL D71;;;1045;;Queda;Amanhecer;;;Meio de Quadra;;;0;1;0;0;0;0;0;0;0;1;0;0;-3,814936000000000;-38,592320000000000
337885;23;11;2018;07:41;0;AV PRS JUSCELINO KUBITSCHEK (PASSAR?âÔÇ?);;;0;;Colis?â?úo;Luz do Dia;;;Meio de Quadra;;;0;2;0;1;0;0;0;0;0;1;0;0;;
337886;23;11;2018;07:42;15205;AV ABOLICAO;RUA OSVALDO CRUZ (ALDEOTA);;0;;Colis?â?úo;Luz do Dia;;;Cruz;Sem?â?íforo;Comercial;0;2;0;1;0;0;0;0;0;1;0;0;-3,726690000000000;-38,497445000000000
337877;23;11;2018;07:25;0;AV WASHINGTON SOARES;;;7250;;Colis?â?úo;Luz do Dia;;;Meio de Quadra;;;0;1;0;1;0;0;0;0;0;1;0;0;-3,819319000000000;-38,482461000000000
337878;23;11;2018;07:30;13375;AV ANTONIO SALES;RUA HENRIQUE RABELO;;0;;Colis?â?úo;Luz do Dia;;;;;;0;2;0;0;0;0;0;0;0;1;0;0;-3,739540000000000;-38,521352000000000
337879;23;11;2018;07:37;0;ET DO JATOBA;;;3460;;Queda;Luz do Dia;;;Meio de Quadra;;;0;1;0;0;0;0;0;0;0;1;0;0;-3,802819500000000;-38,627809000000000
337880;23;11;2018;07:40;0;RUA MIGUEL GURGEL;;;0;;Colis?â?úo;Luz do Dia;;;Meio de Quadra;;;0;1;0;0;0;0;0;0;0;0;0;0;;
337875;23;11;2018;07:23;0;AV CEL CARVALHO;;;6;;Colis?â?úo;Luz do Dia;;;Meio de Quadra;;;0;0;1;0;0;0;0;0;0;1;0;0;;
337869;23;11;2018;06:58;0;AV SEN FERNANDES TAVORA;;;2999;;Queda;Luz do Dia;;;Meio de Quadra;;;0;1;0;0;0;0;0;0;0;1;0;0;-3,754825067000000;-38,599921467000000
337870;23;11;2018;06:59;0;AV BENJAMIM BRASIL;;;2200;;Colis?â?úo;Luz do Dia;;;Meio de Quadra;;;0;1;0;1;0;0;0;0;0;1;0;0;-3,808548383000000;-38,557394084000000
337871;23;11;2018;07:18;0;AV N CJ JOSE WALTER;;;571;;Colis?â?úo;Luz do Dia;;;Meio de Quadra;;;0;1;0;1;0;0;0;0;0;1;0;0;;
337891;23;11;2018;07:47;0;RUA PEREIRA DE MIRANDA;;;56;;Queda;Luz do Dia;;;Meio de Quadra;;;0;0;1;0;0;0;0;0;0;1;0;0;-3,738760001000000;-38,485014500000000
337892;23;11;2018;07:51;7923;AV GOV RAUL BARBOSA;AV DES MOREIRA;;0;;Colis?â?úo;Luz do Dia;;;;;;0;0;1;1;0;0;0;0;0;1;0;0;-3,753019000000000;-38,503726000000000
337882;23;11;2018;07:41;0;AV DR SILAS MUNGUBA;;;557;;Queda;Luz do Dia;;;Meio de Quadra;;;0;0;1;0;0;0;0;0;0;1;0;0;-3,778617800000000;-38,561069100000000
337895;23;11;2018;08:22;0;RD QUARTO ANEL VIARIO;;;2700;;Colis?â?úo;Luz do Dia;;;Meio de Quadra;;;0;1;0;1;0;0;0;0;0;1;0;0;-3,864623900000000;-38,518195100000000
337899;23;11;2018;08:29;0;RUA ALBERTO MAGNO;;;382;;Colis?â?úo;Luz do Dia;;;Meio de Quadra;;;0;0;1;1;0;0;0;0;0;1;0;0;-3,759321000000000;-38,545120000000000
337901;23;11;2018;08:57;0;AV SEN CARLOS JEREISSATI (AEROPORTO);;;0;;Colis?â?úo;Luz do Dia;;;Meio de Quadra;;;0;1;0;1;0;0;0;0;0;1;0;0;;
337919;23;11;2018;10:39;26083;AV BEZERRA DE MENEZES;AV JOSE JATAHY;;0;;Colis?â?úo;Luz do Dia;;;Cruz;Sem?â?íforo;Comercial;0;0;1;1;0;0;0;0;0;1;0;0;-3,731573000000000;-38,544928000000000
337920;23;11;2018;12:31;0;RUA CON DE CASTRO;;;308;;Atropelamento;Luz do Dia;;;Meio de Quadra;;;0;1;0;1;0;0;0;0;0;0;0;0;-3,776935348000000;-38,566049463000000
337921;23;11;2018;13:54;0;RUA BAR RIO BRANCO;;;1816;;Colis?â?úo;Luz do Dia;;;Meio de Quadra;;;0;1;0;0;0;0;0;0;0;0;0;0;-3,734707000000000;-38,530891000000000
337922;23;11;2018;13:55;0;RUA JOAO REGINO;;;90;;Colis?â?úo;Luz do Dia;;;Meio de Quadra;;;0;0;1;1;0;0;0;0;0;0;0;0;-3,788379000000000;-38,483131000000000
337923;23;11;2018;14:39;0;RUA SALGADO FILHO;;;286;;Colis?â?úo;Luz do Dia;;;Meio de Quadra;;;0;1;0;1;0;0;0;0;0;1;0;0;-3,741090000000000;-38,595270000000000
337926;23;11;2018;16:15;0;RUA MANUEL DE QUEIROZ;;;511;;Colis?â?úo;Luz do Dia;;;Meio de Quadra;;;0;1;0;1;0;0;0;0;0;1;0;0;-3,749053800000000;-38,467343900000000
337927;23;11;2018;16:46;1475;RUA FONSECA LOBO;AV SANTOS DUMONT;;0;;Colis?â?úo;Luz do Dia;;;Cruz;Pare;Comercial;0;1;0;1;0;0;0;0;0;1;0;0;-3,739062000000000;-38,489602000000000
337928;23;11;2018;17:20;0;RUA LUIZ FCO XAVIER;;;520;;Queda;Anoitecer;;;Meio de Quadra;;;0;1;0;0;0;0;0;0;0;1;0;0;-3,843598200000000;-38,486874400000000
337929;23;11;2018;17:42;0;AV PRS CASTELO BRANCO;;;78;;Colis?â?úo;Anoitecer;;;Meio de Quadra;;;0;1;0;1;0;0;0;0;0;1;0;0;-3,722918500000000;-38,522493000000000
337930;23;11;2018;17:59;20128;RUA PRO JOSE SILVEIRA;RUA TRAJANO DE MORAES;;0;;Atropelamento;Anoitecer;;;Cruz;Pare;Residencial;0;1;0;0;0;0;1;0;0;0;0;0;-3,810014000000000;-38,523414000000000
337931;23;11;2018;18:20;0;RUA TAUBATE;;;0;;Colis?â?úo;Anoitecer;;;;;;0;1;0;0;0;0;0;0;0;1;0;0;;
337933;23;11;2018;18:57;0;AV MR HULL;;;0;;Colis?â?úo;;;;Meio de Quadra;;;0;0;1;1;0;0;0;0;0;1;0;0;;
337934;23;11;2018;20:40;0;AV JOSE BASTOS;;;4855;;Colis?â?úo;;;;Meio de Quadra;;;0;1;0;1;0;0;0;0;0;1;0;0;;
337906;23;11;2018;09:05;0;RUA IRAPUA;;;296;;Colis?â?úo;Luz do Dia;;;Meio de Quadra;;;0;1;0;1;0;0;0;0;0;1;0;0;-3,704245200000000;-38,585001600000000
337908;23;11;2018;09:22;0;AV DOM MANUEL;;;1803;;Colis?â?úo;Luz do Dia;;;Meio de Quadra;;;0;1;1;1;0;1;0;0;0;0;0;0;-3,736873000000000;-38,523967000000000
337909;23;11;2018;09:26;25009;RUA TULIPA;RUA TEODOMIRO DE CASTRO;;0;;Queda;Luz do Dia;;;;;;0;0;1;0;0;0;0;0;0;1;0;0;-3,715652000000000;-38,579975000000000
337910;23;11;2018;09:29;0;AV GAL OSORIO DE PAIVA;;;2821;;Queda;Luz do Dia;;;Meio de Quadra;;;0;0;1;0;0;0;0;0;0;1;0;0;-3,788246000000000;-38,585999000000000
337911;23;11;2018;09:31;0;RUA ALMEIDA PRADO;;;252;;Queda;Luz do Dia;;;Meio de Quadra;;;0;1;0;0;0;0;0;0;0;1;0;0;-3,739570000000000;-38,473900000000000
337952;24;11;2018;00:47;0;AV OLIVEIRA PAIVA;;;0;;Queda;;;;Meio de Quadra;;;0;1;0;0;0;0;0;0;0;1;0;0;;
337935;24;11;2018;00:25;0;RUA ANA GONCALVES;;;855;;Colis?â?úo;;;;Meio de Quadra;;;0;3;0;0;0;0;0;0;0;1;0;0;-3,759173000000000;-38,508492000000000
337959;24;11;2018;05:23;1701;RUA CAP VASCONCELOS D46;RUA CAP ARAGAO;;0;;Queda;Amanhecer;;;Cruz;Sem?â?íforo;Comercial;0;1;0;0;0;0;0;0;0;1;0;0;-3,765538000000000;-38,517041000000000
337963;24;11;2018;05:51;0;AV DR SILAS MUNGUBA;;;0;;Queda;Amanhecer;;;Meio de Quadra;;;0;1;0;0;0;0;0;0;0;1;0;0;;
337964;24;11;2018;06:11;0;AV DR THEBERGE;;;0;;Queda;Luz do Dia;;;Meio de Quadra;;;0;2;0;0;0;0;0;0;0;1;0;0;;
337965;24;11;2018;07:40;19611;AV GODOFREDO MACIEL;RUA NEREU RAMOS;;0;;Colis?â?úo;Luz do Dia;;;T;Sem?â?íforo;Comercial;0;1;0;1;0;0;0;0;0;1;0;0;-3,787250000000000;-38,566802000000000
337966;24;11;2018;09:37;0;AV GOV RAUL BARBOSA;;;5880;;Colis?â?úo;Luz do Dia;;;Meio de Quadra;;;0;2;0;1;0;0;0;0;0;1;0;0;-3,769151000000000;-38,510245500000000
337967;24;11;2018;09:46;0;RUA ELDORADO;;;360;;Colis?â?úo;Luz do Dia;;;Meio de Quadra;;;0;0;1;1;0;0;0;0;0;1;0;0;-3,816820000000000;-38,531000000000000
337968;24;11;2018;10:46;0;AV ENG HUMBERTO MONTE;;;221;;Queda;Luz do Dia;;;Meio de Quadra;;;0;2;0;0;0;0;0;0;0;1;0;0;-3,746100100000000;-38,563281700000000
337971;24;11;2018;11:58;3211;RUA VERBENA;RUA EMILIO DE MENESES;;0;;Colis?â?úo;Luz do Dia;;;Cruz;Sem?â?íforo;Comercial;0;0;1;1;0;0;0;0;0;1;0;0;-3,781344000000000;-38,588838000000000
337972;24;11;2018;12:18;0;AV CEL CARVALHO;;;2003;;Colis?â?úo;Luz do Dia;;;Meio de Quadra;;;0;1;0;0;0;0;1;0;0;1;0;0;-3,720171750000000;-38,587224382000000
337980;24;11;2018;14:11;0;AV AUGUSTO DOS ANJOS;;;0;;Colis?â?úo;Luz do Dia;;;Meio de Quadra;;;0;1;0;0;0;0;0;0;0;0;0;0;;
337987;24;11;2018;14:46;9595;RUA LONDRINA;RUA SAO LUIZ DO OESTE;;0;;Colis?â?úo;Luz do Dia;;;Cruz;N?â?úo H?â?í Controle;Residencial;0;2;0;0;0;0;0;0;0;1;0;0;-3,779347000000000;-38,609308000000000
337990;24;11;2018;14:58;0;AV GOV RAUL BARBOSA;;;6972;;Colis?â?úo;Luz do Dia;;;Meio de Quadra;;;0;1;0;1;0;0;0;0;0;1;0;0;-3,774076000000000;-38,512808000000000
337991;24;11;2018;16:01;0;RUA STA LUZIA D50;;;4731;;Colis?â?úo;Luz do Dia;;;Meio de Quadra;;;0;1;0;1;0;0;0;0;0;1;0;0;;
337993;24;11;2018;16:41;0;RUA 1018 CJ CEARA;;;148;;Queda;Luz do Dia;;;Meio de Quadra;;;0;1;0;0;0;0;0;0;0;1;0;0;-3,770211333000000;-38,616443667000000
337997;24;11;2018;16:49;1238;AV SANTOS DUMONT;RUA ILDEFONSO ALBANO;;0;;Queda;Luz do Dia;;;Cruz;Sem?â?íforo;Comercial;0;1;0;0;0;0;0;0;0;1;0;0;-3,731565000000000;-38,512669000000000
337999;24;11;2018;17:21;0;AV PRS CASTELO BRANCO;;;3458;;Atropelamento;Anoitecer;;;Meio de Quadra;;;0;1;0;1;0;0;0;0;0;0;0;0;-3,710197000000000;-38,562249000000000
338001;24;11;2018;17:59;0;RUA STA INES D20;;;660;;Atropelamento;Anoitecer;;;Meio de Quadra;;;0;1;0;1;0;0;0;0;0;0;0;0;-3,710230000000000;-38,551540000000000
338003;24;11;2018;18:04;23749;RUA CON DE CASTRO;RUA LINS DO REGO;;0;;Colis?â?úo;Anoitecer;;;T;N?â?úo H?â?í Controle;Residencial;0;2;0;1;0;0;0;0;0;1;0;0;-3,785389000000000;-38,573794000000000