COD_ACIDENTE;DIA;MES;ANO;HORA;INTERSECAO;LOG1;LOG2;LOG3;NUMERO;REFERENCIA;NATUREZA;ILUMINACAO;TEMPO;SUPERFICIEPISTA;TIPOCRUZAMENTO;CONTROLETRAFEGO;USOSOLO;MORTOS;FERIDOS;ILESOS;AUTOMOVEL;ONIBUS;BICICLETA;CAMINHAO;MICROONIBUS;CICLOMOTOR;MOTOCICLETA;TRACAOANIMAL;TREM;LATITUDE;LONGITUDE
338004;24;11;2018;18:55;0;RUA VER ZELIA C DE SOUZA;;;159;;Colis?â?úo;;;;Meio de Quadra;;;0;3;0;0;0;0;0;0;0;1;0;0;;
338005;24;11;2018;19:10;0;ET SIQUEIRA;;;995;;Colis?â?úo;;;;Meio de Quadra;;;0;0;1;1;0;0;0;0;0;1;0;0;-3,809543670000000;-38,591305783000000
338006;24;11;2018;19:41;20043;AV PALESTINA D68;AV PRUDENTE BRASIL;;0;;Colis?â?úo;;;;N?â?úo Informado;Pare;Residencial;0;2;0;0;0;0;0;0;0;1;0;0;-3,806944000000000;-38,533505000000000
338009;24;11;2018;19:50;0;RUA 19 DE MARCO;;;220;;Queda;;;;Meio de Quadra;;;0;0;1;0;0;0;0;0;0;1;0;0;-3,829289300000000;-38,563237600000000
338012;24;11;2018;20:30;0;RUA GAL TERTULIANO POTYGUARA;;;555;;Colis?â?úo;;;;Meio de Quadra;;;0;1;0;0;0;0;0;0;0;1;0;0;-3,743454000000000;-38,499576000000000
338015;24;11;2018;20:44;10116;RUA 23 DE JUNHO;RUA VALDEMAR PAES;;0;;Colis?â?úo;;;;;;;0;0;1;0;0;0;0;0;0;1;0;0;-3,784472000000000;-38,599043000000000
338016;24;11;2018;21:01;5718;RUA CON BRAVEZA;RUA JOAO LEONEL;;0;;Colis?â?úo;;;;Cruz;Pare;Residencial;0;0;1;1;0;0;0;0;0;1;0;0;-3,800039000000000;-38,496834000000000
336923;24;11;2018;01:45;0;RUA PIAUI;;;1390;;Colis?â?úo Traseira;Via Iluminada;Bom;Seca;T;Pare;Residencial;0;0;2;1;0;0;0;0;0;0;0;0;-3,753420600000000;-38,571110000000000
336924;24;11;2018;08:30;0;RUA JOSE EUCLIDES F GOMES;RUA ENG DIOGO VITAL CRUZ;;0;;Colis?â?úo Transversal;Luz do Dia;Bom;Seca;Meio de Quadra;Pare;Comercial;0;1;1;1;0;0;0;0;0;1;0;0;-3,829449000000000;-38,465180000000000
336925;24;11;2018;08:22;0;AV GOV RAUL BARBOSA;;;5850;;Colis?â?úo Lateral;Luz do Dia;Bom;Seca;Meio de Quadra;N?â?úo H?â?í Controle;Residencial;0;1;1;1;0;0;0;0;0;1;0;0;-3,769411000000000;-38,510210000000000
336926;24;11;2018;15:01;0;RUA BARBOSA DE FREITAS;;;123;;Colis?â?úo;Luz do Dia;Bom;Seca;Meio de Quadra;N?â?úo H?â?í Controle;Residencial;0;2;1;0;0;0;0;0;0;1;0;0;-3,728294400000000;-38,494705000000000
336945;24;11;2018;10:55;0;AV DOS EXPEDICIONARIOS;;;3442;;Colis?â?úo Traseira;Luz do Dia;Bom;Seca;Meio de Quadra;N?â?úo H?â?í Controle;Residencial;0;1;2;0;0;0;0;0;0;1;0;0;-3,749127000000000;-38,536440000000000
336928;24;11;2018;19:54;0;AV GAL OSORIO DE PAIVA;;;5899;;Colis?â?úo Lateral;Luz do Dia;Bom;Seca;Meio de Quadra;N?â?úo H?â?í Controle;Residencial;0;1;1;0;0;0;0;0;0;1;0;0;-3,808079700000000;-38,605114000000000
336941;24;11;2018;00:56;0;AV JOVITA FEITOSA;;;125;;Colis?â?úo Transversal;Via Iluminada;Bom;Seca;Meio de Quadra;Pare;Comercial;0;1;1;1;0;0;0;0;0;1;0;0;-3,737419400000000;-38,544773000000000
333685;24;11;2018;13:45;0;RUA JOSE MENELEU D41;;;797;;Queda;Luz do Dia;Bom;Seca;Outros;Outros;Residencial;0;0;1;1;0;0;0;0;0;0;0;0;-3,783440000000000;-38,560080000000000
333984;24;11;2018;17:50;3156;RUA LUZIA MOREIRA;RUA TAQUARI;;0;;Colis?â?úo;Anoitecer;;;;;;0;0;2;1;0;0;0;0;0;0;0;0;-3,778733000000000;-38,592824000000000
338021;24;11;2018;21:17;0;ROD CE 010;;;0;;Atropelamento;;;;Meio de Quadra;;;0;1;0;0;0;0;0;0;0;0;0;0;;
338023;24;11;2018;21:36;0;AV OLIVEIRA PAIVA;;;0;;Colis?â?úo;;;;Meio de Quadra;;;0;0;1;1;0;1;0;0;0;0;0;0;;
338026;24;11;2018;21:53;0;AV PRUDENTE BRASIL;;;536;;Atropelamento;;;;Meio de Quadra;;;0;1;0;0;0;0;0;0;0;1;0;0;-3,808961000000000;-38,534398700000000
338027;24;11;2018;23:03;0;AV SEN FERNANDES TAVORA;;;594;;Colis?â?úo;;;;Meio de Quadra;;;0;1;0;1;0;0;0;0;0;1;0;0;-3,764304000000000;-38,578199000000000
338028;24;11;2018;23:29;0;RUA ZENILO ALMADA;;;102;;Colis?â?úo;;;;Meio de Quadra;;;0;1;0;1;0;0;0;0;0;1;0;0;;
338096;25;11;2018;19:06;0;AV GODOFREDO MACIEL;;;0;;Queda;;;;Meio de Quadra;;;0;0;1;0;0;1;0;0;0;0;0;0;;
338097;25;11;2018;19:16;0;RUA 10 CJ HAB ST S JOAO;;;0;;Colis?â?úo;;;;Meio de Quadra;;;0;1;0;1;0;0;0;0;0;1;0;0;;
338098;25;11;2018;20:58;0;RUA ULLISSES GUIMARAES;;;0;;Queda;;;;Meio de Quadra;;;0;1;0;0;0;1;0;0;0;0;0;0;;
338075;25;11;2018;18:15;0;AV JOAO PESSOA;;;3618;;Atropelamento;Anoitecer;;;Meio de Quadra;;;0;1;0;1;0;0;0;0;0;0;0;0;-3,746692200000000;-38,544300400000000
338069;25;11;2018;17:33;0;RUA DR JOSE FURTADO;;;1760;;Queda;Anoitecer;;;Meio de Quadra;;;0;0;1;0;0;1;0;0;0;0;0;0;-3,800247000000000;-38,488573000000000
338064;25;11;2018;15:53;0;RUA ANITA GARIBALDI;;;220;;Queda;Luz do Dia;;;Meio de Quadra;;;0;0;1;0;0;1;0;0;0;0;0;0;-3,787940300000000;-38,540381100000000
338065;25;11;2018;16:47;0;RUA LEITAO CERQUEIRA;;;256;;Atropelamento;Luz do Dia;;;Meio de Quadra;;;0;1;0;0;0;0;0;0;0;0;0;0;-3,829576600000000;-38,562956900000000
338066;25;11;2018;16:49;0;AV PRS JUSCELINO KUBITSCHEK (PASSAR?âÔÇ?);;;0;;Colis?â?úo;Luz do Dia;;;Meio de Quadra;;;0;1;0;1;0;0;0;0;0;1;0;0;;
338062;25;11;2018;15:49;0;RUA SILVEIRA FILHO;;;1320;;Colis?â?úo;Luz do Dia;;;Meio de Quadra;;;0;1;0;1;0;0;0;0;0;1;0;0;-3,776454625000000;-38,579229250000000
338046;25;11;2018;13:47;0;RUA DO GUAJIRU D56;;;181;;Colis?â?úo;Luz do Dia;;;Meio de Quadra;;;0;1;0;1;0;0;0;0;0;1;0;0;-3,781215594000000;-38,508366681000000
338056;25;11;2018;15:33;0;RUA RUI MONTE;;;11242;;Colis?â?úo;Luz do Dia;;;Meio de Quadra;;;0;1;0;1;0;0;0;0;0;1;0;0;-3,743620000000000;-38,587240000000000
338044;25;11;2018;12:39;0;RUA RAIMUNDO BIZARRIA;;;617;;Colis?â?úo;Luz do Dia;;;Meio de Quadra;;;0;1;0;0;0;0;0;0;0;0;0;0;-3,725084351000000;-38,579238143000000
338030;25;11;2018;01:40;0;AV PRS CASTELO BRANCO;;;0;;Colis?â?úo;;;;Meio de Quadra;;;0;1;0;1;0;0;0;0;0;1;0;0;;
338038;25;11;2018;03:36;0;RUA MARTINS NETO;;;0;;Colis?â?úo;;;;Meio de Quadra;;;0;1;0;1;0;0;0;0;0;1;0;0;;
338050;25;11;2018;14:17;0;AV JOAO PESSOA;;;5383;;Colis?â?úo;Luz do Dia;;;Meio de Quadra;;;0;0;1;1;0;0;0;0;0;1;0;0;-3,758305148000000;-38,554718295000000
338051;25;11;2018;14:29;0;RUA CEL DIONISIO ALENCAR;;;4090;;Colis?â?úo;Luz do Dia;;;Meio de Quadra;;;0;1;0;1;0;0;0;0;0;0;0;0;;
338040;25;11;2018;07:44;0;AV MR HULL;;;5770;;Queda;Luz do Dia;;;Meio de Quadra;;;0;1;0;0;0;0;0;0;0;1;0;0;-3,740236357000000;-38,595499107000000
338103;25;11;2018;21:42;5965;AV F CJ CEARA;AV C CJ CEARA;;0;;Colis?â?úo;;;;Rotat?â??ria;D?â?¬ Prefer?â?¬ncia;Residencial;0;0;2;1;0;0;0;0;0;0;0;0;-3,762727000000000;-38,609538000000000
338100;25;11;2018;21:17;0;RUA MIN ALBUQUERQUE LIMA;;;283;;Atropelamento;;;;Meio de Quadra;;;0;1;0;0;0;0;0;0;0;1;0;0;-3,767990481000000;-38,608668773000000
338101;25;11;2018;21:18;0;RUA 1018 CJ CEARA;;;148;;Colis?â?úo;;;;Meio de Quadra;;;0;1;0;0;0;0;0;0;0;0;0;0;-3,770211333000000;-38,616443667000000
339626;25;11;2018;10:50;0;AV SEN CARLOS JEREISSATI (AEROPORTO);;;3000;AEROPORTO;Colis?â?úo;Luz do Dia;;;Meio de Quadra;;;0;0;2;1;0;0;0;0;0;0;0;0;-3,780382000000000;-38,541414000000000
339627;25;11;2018;16:30;0;AV WASHINGTON SOARES;;;0;;Colis?â?úo;Luz do Dia;;;Meio de Quadra;;;0;0;2;1;0;0;0;0;0;0;0;0;;
333985;25;11;2018;14:45;0;AV WASHINGTON SOARES;;;0;;Engavetamento;Luz do Dia;;;Meio de Quadra;;;0;1;4;1;0;0;0;0;0;0;0;0;;
333993;25;11;2018;23:20;0;RUA CON DE CASTRO;;;4599;;Colis?â?úo;;;;Meio de Quadra;;;0;2;0;1;0;0;0;0;0;1;0;0;-3,805359739000000;-38,592235261000000
333994;25;11;2018;22:21;0;RUA CON DE CASTRO;;;0;;Colis?â?úo;;;;Meio de Quadra;;;0;0;2;1;0;0;0;0;0;1;0;0;;
333689;25;11;2018;20:24;12445;AV SEN FERNANDES TAVORA;TR HELENA DE MARIA;;0;;Colis?â?úo Lateral;Via Iluminada;Bom;Seca;T;Pare;Comercial;0;2;0;0;0;1;0;0;0;1;0;0;-3,766094000000000;-38,574916000000000
336942;25;11;2018;09:00;0;AV PRO JOSE ARTHUR CARVALHO;;;2625;;Colis?â?úo Transversal;Luz do Dia;Bom;Seca;Meio de Quadra;N?â?úo H?â?í Controle;Residencial;0;1;1;1;0;0;0;0;0;1;0;0;-3,823988700000000;-38,456160000000000
336943;25;11;2018;11:00;0;AV PRO JOSE ARTHUR CARVALHO;;;1250;;Choque c/ Obst?â?ículo Fixo;Luz do Dia;Bom;Seca;Meio de Quadra;N?â?úo H?â?í Controle;Residencial;0;0;1;1;0;0;0;0;0;0;0;0;-3,737915800000000;-38,555790000000000
336929;25;11;2018;03:00;1654;AV SEN VIRGILIO TAVORA;RUA BENI DE CARVALHO;;0;;Colis?â?úo Transversal;Via Iluminada;Bom;Seca;Cruz;Sem?â?íforo;Comercial;0;1;1;1;0;0;0;0;0;1;0;0;-3,745678000000000;-38,495995000000000
336930;25;11;2018;07:35;0;AV DES MOREIRA;;;1700;;Choque c/ Obst?â?ículo Fixo;Amanhecer;Bom;Seca;Meio de Quadra;N?â?úo H?â?í Controle;Comercial;0;1;0;1;0;0;0;0;0;0;0;0;-3,741119400000000;-38,499813000000000
336931;25;11;2018;11:00;10819;RUA PRO HERIBALDO COSTA;RUA GOIANIA;;0;;Colis?â?úo Transversal;Luz do Dia;Bom;Seca;Cruz;N?â?úo H?â?í Controle;Residencial;0;0;2;1;0;0;0;0;0;0;0;0;-3,763983000000000;-38,585962000000000
336932;25;11;2018;20:23;6164;RUA MIN ALBUQUERQUE LIMA;AV A CJ CEARA;;0;;Colis?â?úo Traseira;Via Iluminada;Bom;Seca;Cruz;Sem?â?íforo;Comercial;0;1;1;1;0;0;0;0;0;0;0;0;-3,770669000000000;-38,604700000000000
336933;25;11;2018;22:01;13261;AV JOAO DE ARAUJO LIMA;AV G CJ JOSE WALTER;;0;;Colis?â?úo Transversal;Via Iluminada;Bom;Seca;Cruz;Sem?â?íforo;Comercial;0;1;1;1;0;0;0;0;0;1;0;0;-3,837034000000000;-38,561487000000000
336934;25;11;2018;21:10;5965;AV C CJ CEARA;AV F CJ CEARA;;0;;Colis?â?úo Lateral;Via Iluminada;Bom;Seca;Rotat?â??ria;D?â?¬ Prefer?â?¬ncia;Residencial;0;1;1;1;0;0;0;0;0;0;0;0;-3,762606900000000;-38,609470000000000
336935;26;11;2018;11:38;0;AV AMERICO BARREIRA;RUA TABULEIRO DO NORTE;;0;;Colis?â?úo Transversal;Luz do Dia;Bom;Seca;Duplo T;Sem?â?íforo;Comercial;0;1;1;1;0;0;0;0;0;1;0;0;-3,757342300000000;-38,559658000000000
336936;26;11;2018;08:35;0;AV ALM HENRIQUE SABOIA;RUA ALTO DA SAUDE;;1;;Colis?â?úo Transversal;Luz do Dia;Bom;Seca;Meio de Quadra;Pare;Residencial;0;1;1;0;0;0;0;0;0;0;0;0;-3,724157800000000;-38,480390000000000
336938;26;11;2018;12:31;12826;AV DOS EXPEDICIONARIOS;RUA ANDRE CHAVES;;0;;Colis?â?úo Transversal;Luz do Dia;Bom;Seca;Cruz;Sem?â?íforo;Comercial;0;1;1;1;0;0;0;0;0;1;0;0;-3,757345000000000;-38,538903000000000
336944;26;11;2018;15:04;0;RUA 6;RUA 03 JD DE MESSEJANA;;0;;Colis?â?úo Lateral;Luz do Dia;Bom;Seca;T;Pare;Residencial;0;1;1;1;0;0;0;0;0;1;0;0;-3,734148500000000;-38,596897000000000
336940;26;11;2018;13:33;35;RUA PEDRO MELO;RUA JOAQUIM LEITAO;;0;;Colis?â?úo Transversal;Luz do Dia;Bom;Seca;Cruz;Pare;Comercial;0;1;1;1;0;0;0;0;0;1;0;0;-3,744174000000000;-38,592100000000000
337026;26;11;2018;01:25;0;AV CARAPINIMA;;;2306;;Colis?â?úo Lateral;Via Iluminada;Bom;Seca;Meio de Quadra;N?â?úo H?â?í Controle;Residencial;0;0;1;1;0;0;0;0;0;1;0;0;-3,740572700000000;-38,540813000000000
337027;26;11;2018;02:48;9094;AV VIS RIO BRANCO;AV SORIANO ALBUQUERQUE;;0;;Colis?â?úo Traseira;Via Iluminada;Bom;Seca;Cruz;Sem?â?íforo;Residencial;0;1;1;1;0;0;0;0;0;0;0;0;-3,747601000000000;-38,521682000000000
336946;26;11;2018;16:20;0;AV FILOMENO GOMES;;;670;;Colis?â?úo Transversal;Luz do Dia;Bom;Seca;T;Pare;Comercial;0;0;2;1;0;0;0;0;0;1;0;0;-3,720776300000000;-38,541290000000000
336947;26;11;2018;13:00;0;RUA CAP CLOVIS MAIA;;;699;;Colis?â?úo Transversal;Luz do Dia;Bom;Seca;Meio de Quadra;N?â?úo H?â?í Controle;Residencial;0;1;1;1;0;0;0;0;0;1;0;0;-3,767899500000000;-38,511120000000000
336948;26;11;2018;19:16;21987;RUA TIRADENTES;RUA MON FURTADO;;0;;N?â?úo Informado;Via Iluminada;Bom;Seca;Cruz;Pare;Residencial;0;0;2;1;0;0;0;0;0;1;0;0;-3,743816000000000;-38,547191000000000
336949;26;11;2018;20:50;19115;AV ENG SANTANA JUNIOR;RUA LAURO NOGUEIRA;;0;;Colis?â?úo Transversal;Via Iluminada;Bom;Seca;Cruz;Gesto;Comercial;0;0;1;1;0;1;0;0;0;0;0;0;-3,738325000000000;-38,483756000000000
336729;26;11;2018;19:35;0;RUA LAURO NOGUEIRA;;;266;;Colis?â?úo;;;;Meio de Quadra;;;1;0;1;1;0;1;0;0;0;0;0;0;-3,738745300000000;-38,482889000000000
333693;26;11;2018;06:15;0;AV LINEU MACHADO;;;1391;;Choque c/ Obst?â?ículo Fixo;Amanhecer;Bom;Seca;Meio de Quadra;Outros;Residencial;0;3;0;1;0;0;0;0;0;0;0;0;-3,771583787000000;-38,579853170000000
333695;26;11;2018;08:50;19252;AV JOAO PESSOA;RUA LIVINO DE CARVALHO;;0;;Colis?â?úo Transversal;Luz do Dia;Bom;Seca;T;D?â?¬ Prefer?â?¬ncia;Comercial;0;0;2;1;0;0;0;0;0;1;0;0;-3,770275000000000;-38,561062000000000
333691;26;11;2018;01:00;16039;RUA CEL TIBURCIO;AV PRS COSTA E SILVA;;0;;Colis?â?úo Lateral;Via Iluminada;Bom;Seca;Cruz;Sem?â?íforo;Comercial;0;1;1;1;0;0;0;0;0;1;0;0;-3,812167000000000;-38,573703000000000
334011;26;11;2018;12:50;0;AV GODOFREDO MACIEL;;;5200;;Colis?â?úo;Luz do Dia;;;Meio de Quadra;;;0;0;4;1;0;0;1;0;0;0;0;0;-3,819605000000000;-38,577065000000000
334015;26;11;2018;17:10;0;AV WASHINGTON SOARES;;;7600;;Colis?â?úo;Anoitecer;;;Meio de Quadra;;;0;0;1;1;0;0;0;0;0;0;0;0;-3,820456000000000;-38,481398000000000
334017;26;11;2018;08:40;0;AV SEN CARLOS JEREISSATI (AEROPORTO);;;0;;Colis?â?úo;Luz do Dia;;;Meio de Quadra;;;0;0;2;1;0;0;0;0;0;0;0;0;;
334387;26;11;2018;10:50;5194;RUA MAJ FACUNDO;RUA SAO PAULO;;0;;Atropelamento;Luz do Dia;;;Cruz;Sem?â?íforo;Comercial;1;1;0;0;0;0;0;0;0;1;0;0;-3,726091000000000;-38,527355000000000
339646;26;11;2018;06:20;0;AV GODOFREDO MACIEL;;;0;;Colis?â?úo;Luz do Dia;;;Meio de Quadra;;;0;1;1;0;0;0;0;0;0;0;0;0;;
338129;26;11;2018;07:13;21316;RUA GUSTAVO SAMPAIO;RUA PDE GRACA;;0;;Queda;Luz do Dia;;;Cruz;Pare;Residencial;0;1;0;0;0;0;0;0;0;1;0;0;-3,733050000000000;-38,545863000000000
338130;26;11;2018;07:34;0;AV 13 DE MAIO;;;1400;;Queda;Luz do Dia;;;Meio de Quadra;;;0;1;0;0;0;0;0;0;0;1;0;0;-3,747784000000000;-38,531134333000000
338131;26;11;2018;07:36;0;RUA TRAJANO ALVES DE AGUIAR;;;173;;Colis?â?úo;Luz do Dia;;;Meio de Quadra;;;0;0;1;1;0;0;0;0;0;0;0;0;-3,794174156000000;-38,492554493000000
338132;26;11;2018;08:19;0;RUA SABIAGUABA;;;3078;;Colis?â?úo;Luz do Dia;;;Meio de Quadra;;;0;1;0;1;0;0;0;0;0;1;0;0;-3,794132000000000;-38,447701000000000
338139;26;11;2018;08:38;0;RUA PRO HERIBALDO COSTA;;;1178;;Colis?â?úo;Luz do Dia;;;Meio de Quadra;;;0;1;0;0;0;0;0;0;0;1;0;0;-3,762997000000000;-38,585433000000000
338147;26;11;2018;09:32;0;AV ENG LUIS VIEIRA;;;800;;Colis?â?úo;Luz do Dia;;;Meio de Quadra;;;0;0;1;0;0;0;0;0;0;0;0;0;-3,752929400000000;-38,514241900000000
338148;26;11;2018;11:12;1256;RUA PDE LUIS FIGUEIRA;RUA JOAO CORDEIRO;;0;;Colis?â?úo;Luz do Dia;;;Cruz;Pare;Comercial;0;0;1;0;0;0;0;0;0;1;0;0;-3,732118000000000;-38,515178000000000
338149;26;11;2018;11:36;0;AV WASHINGTON SOARES;;;0;;Capotamento;Luz do Dia;;;Meio de Quadra;;;0;1;1;1;0;0;0;0;0;0;0;0;;
338137;26;11;2018;08:38;0;AV SEN FERNANDES TAVORA;;;1670;;Colis?â?úo;Luz do Dia;;;Meio de Quadra;;;0;1;0;1;0;0;0;0;0;1;0;0;-3,759398000000000;-38,587377000000000
338151;26;11;2018;12:31;3769;AV DOMINGOS OLIMPIO;RUA SEN POMPEU;;0;;Colis?â?úo;Luz do Dia;;;Cruz;Sem?â?íforo;Comercial;0;1;0;1;0;0;0;0;0;1;0;0;-3,736254000000000;-38,532455000000000
338188;26;11;2018;22:46;0;RUA VITAL BRASIL;;;2821;;Colis?â?úo;;;;Meio de Quadra;;;0;2;0;0;0;0;0;0;0;0;0;0;-3,775950000000000;-38,606050000000000
338174;26;11;2018;17:55;0;RUA VICENTE PINHEIRO;;;740;;Colis?â?úo;Anoitecer;;;Meio de Quadra;;;0;1;0;1;0;0;0;0;0;1;0;0;-3,793430000000000;-38,594860000000000
338175;26;11;2018;19:21;0;AV CEL CARVALHO;;;126;;Queda;;;;Meio de Quadra;;;0;0;1;0;0;0;0;0;0;1;0;0;-3,703885099000000;-38,591442543000000
338177;26;11;2018;20:22;0;RUA ZELITO DE OLIVEIRA;;;0;;Queda;;;;Meio de Quadra;;;0;1;0;0;0;1;0;0;0;0;0;0;;
338153;26;11;2018;13:09;0;RUA NEREIDE;;;981;;Colis?â?úo;Luz do Dia;;;Meio de Quadra;;;0;1;0;1;0;0;0;0;0;0;0;0;;
338154;26;11;2018;13:16;0;AV BORGES DE MELO;;;0;;Colis?â?úo;Luz do Dia;;;Meio de Quadra;;;0;0;1;0;0;0;0;0;0;0;0;0;;
338156;26;11;2018;13:18;0;RUA 10 JD CASTELAO;;;40;;Queda;Luz do Dia;;;Meio de Quadra;;;0;1;0;0;0;0;0;0;0;1;0;0;;
338158;26;11;2018;14:30;0;RUA CEL GUILHERME ALENCAR;;;767;;Colis?â?úo;Luz do Dia;;;Meio de Quadra;;;0;1;0;1;0;0;0;0;0;1;0;0;-3,835495517000000;-38,492703103000000
338159;26;11;2018;14:57;0;AV WASHINGTON SOARES;;;7600;;Atropelamento;Luz do Dia;;;Meio de Quadra;;;0;1;0;1;0;0;0;0;0;0;0;0;-3,820456000000000;-38,481398000000000
338161;26;11;2018;15:59;0;AV SEN CARLOS JEREISSATI (AEROPORTO);;;0;;Queda;Luz do Dia;;;Meio de Quadra;;;0;1;0;0;0;0;0;0;0;1;0;0;;
338162;26;11;2018;16:15;0;AV AGUANAMBI;;;0;;Colis?â?úo;Luz do Dia;;;Meio de Quadra;;;0;2;0;1;0;0;0;0;0;1;0;0;;
338165;26;11;2018;16:32;0;AV F CJ ESPERANCA;;;0;;Queda;Luz do Dia;;;Meio de Quadra;;;0;0;1;0;0;1;0;0;0;0;0;0;;
338167;26;11;2018;16:34;0;AV WASHINGTON SOARES;;;4332;;Atropelamento;Luz do Dia;;;Meio de Quadra;;;0;1;0;0;0;0;0;0;0;1;0;0;-3,794935000000000;-38,479979000000000
338169;26;11;2018;17:19;0;AV DO VAQUEIRO;;;0;;Colis?â?úo;Anoitecer;;;Meio de Quadra;;;0;0;1;1;0;0;0;0;0;1;0;0;;
338170;26;11;2018;17:30;12842;RUA JAIME BENEVOLO;RUA CARLOS GOMES;;0;;Atropelamento;Anoitecer;;;Cruz;Pare;Residencial;0;1;0;1;0;0;0;0;0;0;0;0;-3,740955000000000;-38,528298000000000
338110;26;11;2018;06:51;0;AV DOMINGOS OLIMPIO;;;0;;Queda;Luz do Dia;;;Meio de Quadra;;;0;1;0;0;0;0;0;0;0;1;0;0;;
338111;26;11;2018;07:07;0;RUA 22 CJ BEIRA RIO;;;126;;Colis?â?úo;Luz do Dia;;;Meio de Quadra;;;0;0;1;1;0;1;0;0;0;0;0;0;-3,826015200000000;-38,516036200000000
338189;27;11;2018;00:49;14315;RUA DOS NAVEGANTES;RUA APRENDIZE MARINHEIRO;;0;;Queda;;;;;;;0;1;0;0;0;1;0;0;0;0;0;0;-3,718398000000000;-38,539761000000000
338190;27;11;2018;08:19;0;RD BR 116;;;9000;KM-09;Atropelamento;Luz do Dia;;;Meio de Quadra;;;0;1;0;1;0;0;0;0;0;0;0;0;-3,830837000000000;-38,504865000000000
338232;27;11;2018;21:35;0;AV WASHINGTON SOARES;;;8223;;Atropelamento;;;;Meio de Quadra;;;0;1;0;0;0;0;0;0;0;1;0;0;-3,823674000000000;-38,481340000000000
338220;27;11;2018;18:30;0;RUA 26 BATALHAO;;;520;;Colis?â?úo;Anoitecer;;;Meio de Quadra;;;0;1;0;1;0;0;0;0;0;1;0;0;-3,812490000000000;-38,570370000000000
338230;27;11;2018;19:15;12985;AV A CJ JOSE WALTER;AV L CJ JOSE WALTER;;0;;Atropelamento;;;;Cruz;Pare;Residencial;0;1;0;0;0;0;0;0;0;1;0;0;-3,824443000000000;-38,555532000000000
338226;27;11;2018;19:11;0;RUA DR CONDES SANDOVAL;;;455;;Colis?â?úo;;;;Meio de Quadra;;;0;1;0;1;0;0;0;0;0;1;0;0;-3,841027596000000;-38,525933894000000
338206;27;11;2018;13:15;0;AV OLAVO BILAC;;;1717;;Atropelamento;Luz do Dia;;;Meio de Quadra;;;0;1;0;0;0;0;0;0;0;1;0;0;;
338207;27;11;2018;14:03;0;AV PRS COSTA E SILVA;;;4355;;Colis?â?úo;Luz do Dia;;;Meio de Quadra;;;0;0;1;0;0;0;0;0;0;0;0;0;-3,825273471000000;-38,541106592000000
338217;27;11;2018;18:22;0;AV PRS CASTELO BRANCO;;;0;;Atropelamento;Anoitecer;;;Meio de Quadra;;;0;1;0;1;0;0;0;0;0;0;0;0;;
338192;27;11;2018;09:35;0;RUA PERNAMBUCO;;;0;;Colis?â?úo;Luz do Dia;;;Meio de Quadra;;;0;0;1;1;0;0;0;0;0;1;0;0;;
338195;27;11;2018;10:48;17563;RUA ESPIRITO SANTO;RUA AMAZONAS;;0;;Colis?â?úo;Luz do Dia;;;Cruz;Pare;Residencial;0;1;0;1;0;0;0;0;0;1;0;0;-3,751391000000000;-38,567217000000000
338198;27;11;2018;10:53;12520;AV AUGUSTO DOS ANJOS;RUA ALUISIO AZEVEDO;;0;;Colis?â?úo;Luz do Dia;;;Duplo T;Sem?â?íforo;Comercial;0;1;0;0;0;0;0;0;0;1;0;0;-3,773389000000000;-38,573165000000000
338202;27;11;2018;11:06;1707;RUA CAP OLAVO;RUA JOSE BUSON;;0;;Colis?â?úo;Luz do Dia;;;Cruz;Pare;Residencial;0;2;0;1;0;0;0;0;0;1;0;0;-3,764361000000000;-38,516081000000000
338204;27;11;2018;12:54;0;AV DA UNIVERSIDADE;;;3106;;Colis?â?úo;Luz do Dia;;;Meio de Quadra;;;0;1;0;1;0;0;0;0;0;1;0;0;-3,742799000000000;-38,540777000000000
338209;27;11;2018;14:04;12306;RUA RECANTO VERDE;RUA DOM LUSTOSA;;0;;Queda;Luz do Dia;;;Cruz;Pare;Comercial;0;0;1;0;0;0;0;0;0;1;0;0;-3,846159000000000;-38,514672000000000
338211;27;11;2018;16:03;0;RUA BETA;;;188;;Colis?â?úo;Luz do Dia;;;Meio de Quadra;;;0;1;0;1;0;0;0;0;0;1;0;0;-3,793304385000000;-38,571027872000000
338212;27;11;2018;17:19;0;RUA MANOEL AGUIAR PONTES;;;1490;;Colis?â?úo;Anoitecer;;;Meio de Quadra;;;0;0;1;1;0;0;0;0;0;1;0;0;;
338213;27;11;2018;17:26;5258;RUA PEDRO I;RUA PDE MORORO;;0;;Colis?â?úo;Anoitecer;;;Cruz;Pare;Comercial;0;1;0;1;0;1;0;0;0;0;0;0;-3,728123000000000;-38,538290000000000
338215;27;11;2018;18:08;0;AV CASTELO DE CASTRO;;;0;;Queda;Anoitecer;;;Meio de Quadra;;;0;1;0;0;0;0;0;0;0;1;0;0;;
334035;27;11;2018;16:40;0;AV MOZART PINHEIRO DE LUCENA;;;2627;;Colis?â?úo;Luz do Dia;;;Meio de Quadra;;;0;2;0;1;0;0;0;0;0;1;0;0;-3,727116000000000;-38,598218000000000