COD_ACIDENTE;DIA;MES;ANO;HORA;INTERSECAO;LOG1;LOG2;LOG3;NUMERO;REFERENCIA;NATUREZA;ILUMINACAO;TEMPO;SUPERFICIEPISTA;TIPOCRUZAMENTO;CONTROLETRAFEGO;USOSOLO;MORTOS;FERIDOS;ILESOS;AUTOMOVEL;ONIBUS;BICICLETA;CAMINHAO;MICROONIBUS;CICLOMOTOR;MOTOCICLETA;TRACAOANIMAL;TREM;LATITUDE;LONGITUDE
334036;27;11;2018;23:25;0;AV WASHINGTON SOARES;;;8240;;Colis?â?úo;;;;Meio de Quadra;;;0;1;1;1;0;1;0;0;0;0;0;0;-3,823638827000000;-38,481337774000000
334037;27;11;2018;20:19;0;AV PASTEUR;;;835;;Atropelamento;;;;Meio de Quadra;;;0;1;1;1;0;0;0;0;0;0;0;0;-3,713432862000000;-38,559584138000000
333699;27;11;2018;15:30;25311;RUA ANTENOR ROCHA ALEXANDRE;RUA JOAO REGINO;;0;;Colis?â?úo Transversal;Mal Iluminada;Bom;Seca;Cruz;Pare;Residencial;0;1;1;0;0;0;0;0;0;1;0;0;-3,792178000000000;-38,482810000000000
333696;27;11;2018;18:00;0;AV GAL OSORIO DE PAIVA;;;5297;;Colis?â?úo Traseira;Mal Iluminada;Bom;Seca;Meio de Quadra;N?â?úo H?â?í Controle;Comercial;0;0;3;1;0;0;1;0;0;0;0;0;-3,803923000000000;-38,601304000000000
333697;27;11;2018;18:35;0;AV DUQ CAXIAS;;;2121;;Colis?â?úo Lateral;Via Iluminada;Bom;Seca;Meio de Quadra;;;0;1;1;1;0;0;0;0;0;1;0;0;-3,727637000000000;-38,542701000000000
336722;27;11;2018;10:30;5340;RUA VINTE E QUATRO DE MAIO;AV DUQ CAXIAS;;0;;Colis?â?úo Traseira;Luz do Dia;;;Cruz;Sem?â?íforo;Comercial;0;2;2;1;1;0;0;0;0;0;0;0;-3,730708000000000;-38,533230000000000
336950;27;11;2018;03:09;0;RUA VITAL BRASIL;AV A CJ CEARA;;0;;Colis?â?úo Transversal;Via Iluminada;Bom;Seca;Meio de Quadra;Pare;Comercial;0;1;1;0;1;0;0;0;0;1;0;0;-3,775816000000000;-38,606052000000000
336951;27;11;2018;08:17;24221;RUA JOSE CARLOS GURGEL NOGUEIRA;RUA PRO HERACLITO;;0;;Colis?â?úo Lateral;Luz do Dia;Bom;Seca;Cruz;N?â?úo H?â?í Controle;Residencial;0;1;1;1;0;0;0;0;0;1;0;0;-3,732973000000000;-38,473860000000000
336952;27;11;2018;06:00;0;RUA DR ABDENAGO;AV MR HULL;;0;;Choque c/ Obst?â?ículo Fixo;Luz do Dia;Bom;Seca;Meio de Quadra;N?â?úo H?â?í Controle;Comercial;1;0;0;0;0;0;0;0;0;0;0;0;-3,737198600000000;-38,569973000000000
336953;27;11;2018;06:00;0;RUA SEIS COMPANHEIROS;RUA DANIEL BRUNO;;0;;Colis?â?úo Transversal;Luz do Dia;Bom;Seca;Meio de Quadra;N?â?úo H?â?í Controle;Comercial;0;1;1;1;0;0;0;0;0;1;0;0;-3,702953300000000;-38,576107000000000
336954;27;11;2018;09:45;0;RUA MARIO A ARARIPE;RUA TAB JOAQUIM COELHO;;1;;Colis?â?úo Transversal;Luz do Dia;Bom;Seca;Cruz;Pare;Residencial;0;2;0;1;0;0;0;0;0;0;0;0;-3,796756000000000;-38,478096000000000
336955;27;11;2018;10:30;0;RUA GAL GOIS MONTEIRO;RUA CEL ALEXANDRINO;;0;;Colis?â?úo Transversal;Luz do Dia;Bom;Seca;Meio de Quadra;Pare;Comercial;0;1;1;1;0;0;0;0;0;1;0;0;-3,734450800000000;-38,583344000000000
336956;27;11;2018;13:58;2326;AV PRS CASTELO BRANCO;RUA SEN ROBERT KENNEDY;;0;;N?â?úo Informado;Luz do Dia;Bom;Seca;Cruz;Sem?â?íforo;Comercial;0;1;2;0;0;0;0;0;0;1;0;0;-3,704117000000000;-38,579042000000000
336957;27;11;2018;14:13;3856;AV DA UNIVERSIDADE;RUA PDE FRANCISCO PINTO;;0;;Colis?â?úo Transversal;Luz do Dia;Bom;Seca;Cruz;Sem?â?íforo;Comercial;0;1;1;1;0;0;0;0;0;1;0;0;-3,742799000000000;-38,540777000000000
336958;27;11;2018;14:20;7633;AV CARNEIRO DE MENDONCA;RUA RIO GRANDE DO SUL;;0;;Colis?â?úo;Luz do Dia;Bom;Seca;Cruz;Sem?â?íforo;Comercial;0;2;2;1;0;1;0;0;0;0;0;0;-3,762374000000000;-38,570011000000000
336959;27;11;2018;21:26;0;AV DEP PAULINO ROCHA;;;1001;;Colis?â?úo Traseira;Via Iluminada;Bom;Seca;Meio de Quadra;N?â?úo H?â?í Controle;Residencial;0;1;1;1;0;0;0;0;0;1;0;0;-3,806290900000000;-38,508263000000000
336612;27;11;2018;13:00;0;AV CONTORNO NORTE D71;;;275;;Colis?â?úo;Luz do Dia;;;Meio de Quadra;;;1;0;1;1;0;1;0;0;0;0;0;0;-3,838961600000000;-38,586520000000000
336960;28;11;2018;07:00;15531;AV FRE CIRILO;RUA PAULO SETUBAL;;0;;Colis?â?úo Transversal;Luz do Dia;Bom;Seca;T;Sem?â?íforo;Comercial;0;0;2;1;0;0;0;0;0;1;0;0;-3,820502000000000;-38,496028000000000
336961;28;11;2018;07:30;16287;RUA LEITAO CERQUEIRA;RUA 19 DE MARCO;;0;;Colis?â?úo Transversal;Luz do Dia;Bom;Seca;Cruz;N?â?úo H?â?í Controle;Residencial;0;2;1;1;0;0;0;0;0;1;0;0;-3,829612000000000;-38,563196000000000
336962;28;11;2018;09:06;9072;AV PONTES VIEIRA;AV VIS RIO BRANCO;;0;;Colis?â?úo Traseira;Luz do Dia;Bom;Seca;Outros;Sem?â?íforo;Comercial;0;1;1;0;0;0;0;0;0;1;0;0;-3,753544000000000;-38,520486000000000
336963;28;11;2018;14:32;0;RUA GONCALVES LEDO;;;387;;Colis?â?úo Transversal;Luz do Dia;Bom;Seca;Meio de Quadra;N?â?úo H?â?í Controle;Residencial;0;0;2;0;0;0;0;0;1;0;0;0;-3,727228200000000;-38,514860000000000
336964;28;11;2018;07:30;14883;RUA 105 CJ NOVO MONDUBIM;AV CONTORNO OESTE D71;;0;;Colis?â?úo Transversal;Luz do Dia;Bom;Seca;T;Pare;Residencial;0;1;1;0;0;0;0;0;0;1;0;0;-3,807878000000000;-38,588062000000000
336965;28;11;2018;16:23;3875;RUA SEN POMPEU;RUA PDE MIGUELINHO;;0;;Colis?â?úo Transversal;Luz do Dia;Bom;Seca;Cruz;Pare;Comercial;0;1;1;0;0;0;0;0;0;1;0;0;-3,742469000000000;-38,534332000000000
336966;28;11;2018;20:13;0;AV BERNARDO MANUEL;;;1;;Colis?â?úo Traseira;Via Iluminada;Bom;Seca;Meio de Quadra;N?â?úo H?â?í Controle;Comercial;0;1;1;0;0;0;0;0;0;1;0;0;-3,778289600000000;-38,545155000000000
336978;28;11;2018;19:31;0;AV ALANIS MARIA LAURINDO DE OLIVEIRA;AV F CJ CEARA;;0;;Colis?â?úo;Luz do Dia;Bom;Seca;Meio de Quadra;D?â?¬ Prefer?â?¬ncia;Residencial;0;0;2;1;0;0;0;0;0;0;0;0;-3,764678000000000;-38,604890000000000
338235;28;11;2018;06:16;0;RUA PRO HERIBALDO COSTA;;;0;;Colis?â?úo;Luz do Dia;;;Meio de Quadra;;;0;1;0;0;0;0;0;0;0;0;0;0;;
338236;28;11;2018;06:41;0;RD BR 116;;;4000;KM-04;Colis?â?úo;Luz do Dia;;;Meio de Quadra;;;0;1;0;1;0;0;0;0;0;1;0;0;-3,802354000000000;-38,503869000000000
338233;28;11;2018;05:34;0;AV PERIMETRAL;;;105;;Queda;Amanhecer;;;Meio de Quadra;;;0;1;0;0;0;0;0;0;0;1;0;0;;
338250;28;11;2018;11:40;0;RUA BARTOLOMEU DE GUSMAO;;;200;;Queda;Luz do Dia;;;Meio de Quadra;;;0;1;0;0;0;1;0;0;0;0;0;0;-3,760330000000000;-38,528890000000000
338246;28;11;2018;10:45;0;AV FRANCISCO SA;;;0;;Colis?â?úo;Luz do Dia;;;Meio de Quadra;;;0;0;1;0;0;0;0;0;0;1;0;0;;
338247;28;11;2018;11:01;21980;RUA PDE CICERO;RUA GAL BERNARDO FIGUEIREDO;;0;;Colis?â?úo;Luz do Dia;;;T;Pare;Residencial;0;1;0;1;0;0;0;0;0;1;0;0;-3,739385000000000;-38,550405000000000
338238;28;11;2018;06:52;0;RUA EMILIO DE MENESES;;;0;;Colis?â?úo;Luz do Dia;;;Meio de Quadra;;;0;1;0;1;0;0;0;0;0;1;0;0;;
338242;28;11;2018;07:32;0;RUA PERO COELHO;;;442;;Atropelamento;Luz do Dia;;;Meio de Quadra;;;0;1;0;0;0;0;0;0;0;1;0;0;-3,733674849000000;-38,521032091000000
338243;28;11;2018;07:45;0;AV ALBERTO CRAVEIRO;;;1000;;Queda;Luz do Dia;;;Meio de Quadra;;;0;0;1;0;0;0;0;0;0;1;0;0;-3,787404000000000;-38,517191000000000
338244;28;11;2018;07:55;0;RUA BAR RIO BRANCO;;;0;;Colis?â?úo;Luz do Dia;;;Meio de Quadra;;;0;0;1;1;0;1;0;0;0;0;0;0;;
338265;28;11;2018;14:57;14672;RUA JOAO REGINO;RUA PRO CARLOS LOBO;;0;;Colis?â?úo;Luz do Dia;;;Cruz;Pare;Residencial;0;1;0;1;0;0;0;0;0;1;0;0;-3,795127000000000;-38,482554000000000
338257;28;11;2018;13:48;0;AV OLIVEIRA PAIVA;;;0;;Colis?â?úo;Luz do Dia;;;Meio de Quadra;;;0;2;0;0;0;0;0;0;0;0;0;0;;
338263;28;11;2018;14:43;0;AV DR SILAS MUNGUBA;;;5258;;Colis?â?úo;Luz do Dia;;;Meio de Quadra;;;0;1;0;0;0;0;0;0;0;0;0;0;-3,799334000000000;-38,530752000000000
338254;28;11;2018;12:42;0;RUA PEDRO I;;;897;;Colis?â?úo;Luz do Dia;;;Meio de Quadra;;;0;1;0;0;0;0;0;0;0;0;0;0;-3,729878000000000;-38,532789182000000
339652;28;11;2018;08:30;0;AV SEN CARLOS JEREISSATI (AEROPORTO);;;0;;Colis?â?úo;Luz do Dia;;;Meio de Quadra;;;0;0;2;1;0;0;0;0;0;0;0;0;;
338306;28;11;2018;20:05;0;RUA MANUEL GADELHA;;;463;;Queda;;;;Meio de Quadra;;;0;0;1;0;0;0;0;0;0;1;0;0;-3,695354500000000;-38,585612700000000
338312;28;11;2018;20:55;0;AV PERIMETRAL;;;325;;Colis?â?úo;;;;Meio de Quadra;;;0;1;0;0;0;0;0;0;0;0;0;0;;
338315;28;11;2018;21:12;0;RUA MIRTES CORDEIRO;;;323;;Colis?â?úo;;;;Meio de Quadra;;;0;1;0;0;0;0;0;0;0;0;0;0;-3,790481900000000;-38,594746600000000
338316;28;11;2018;21:40;10863;RUA PORTO VELHO;RUA PRO HERIBALDO COSTA;;0;;Colis?â?úo;;;;Cruz;Sem?â?íforo;Residencial;0;1;0;1;0;0;0;0;0;1;0;0;-3,765974000000000;-38,587014000000000
338317;28;11;2018;21:56;0;RUA SOUSA GIRAO;;;210;;Atropelamento;;;;Meio de Quadra;;;0;1;0;1;0;0;0;0;0;0;0;0;-3,741871209000000;-38,525131731000000
338290;28;11;2018;16:55;0;AV ALBERTO CRAVEIRO;;;0;;Queda;Luz do Dia;;;Meio de Quadra;;;0;1;0;0;0;0;0;0;0;1;0;0;;
338291;28;11;2018;17:26;0;AV SEN FERNANDES TAVORA;;;2433;;Colis?â?úo;Anoitecer;;;Meio de Quadra;;;0;1;0;1;0;0;0;0;0;1;0;0;-3,755953000000000;-38,593889000000000
338292;28;11;2018;18:10;0;AV GODOFREDO MACIEL;;;6400;;Colis?â?úo;Anoitecer;;;Meio de Quadra;;;0;1;0;0;0;0;0;0;0;0;0;0;-3,832722680000000;-38,581517040000000
338293;28;11;2018;18:11;0;RUA MAL DEODORO;;;602;;Colis?â?úo;Anoitecer;;;Meio de Quadra;;;0;1;0;0;0;0;0;0;0;0;0;0;-3,740793811000000;-38,535551378000000
338299;28;11;2018;18:15;0;AV SEN CARLOS JEREISSATI (AEROPORTO);;;0;;Colis?â?úo;Anoitecer;;;Meio de Quadra;;;0;1;0;0;0;0;0;0;0;0;0;0;;
338308;28;11;2018;20:11;0;RUA AUGUSTA BENEVIDES;;;1212;;Atropelamento;;;;Meio de Quadra;;;0;1;0;0;1;0;0;0;0;0;0;0;-3,793262400000000;-38,464811100000000
338270;28;11;2018;15:03;0;AV DEP PAULINO ROCHA;;;1001;;Colis?â?úo;Luz do Dia;;;Meio de Quadra;;;0;1;0;1;0;0;0;0;0;1;0;0;-3,807640000000000;-38,508270000000000
338284;28;11;2018;15:41;19673;RUA GUSTAVO SAMPAIO;RUA PRO ANACLETO;;0;;Colis?â?úo;Luz do Dia;;;Cruz;Pare;Comercial;0;1;0;1;0;0;0;0;0;1;0;0;-3,734546000000000;-38,552990000000000
338285;28;11;2018;15:54;0;RUA TEN JAIME ANDRADE;;;176;;Queda;Luz do Dia;;;Meio de Quadra;;;0;0;1;0;0;0;0;0;0;1;0;0;-3,771514250000000;-38,515128250000000
338286;28;11;2018;16:21;0;RUA DEMETRIO MENEZES;;;3303;;Colis?â?úo;Luz do Dia;;;Meio de Quadra;;;0;2;0;0;0;0;0;0;0;1;0;0;-3,737330000000000;-38,583610000000000
338287;28;11;2018;16:45;0;RUA PERNAMBUCO;;;2713;;Colis?â?úo;Luz do Dia;;;Meio de Quadra;;;0;2;0;1;0;0;0;0;0;1;0;0;-3,751323200000000;-38,578215200000000
338318;29;11;2018;01:50;0;AV AGUANAMBI;;;546;;Queda;;;;Meio de Quadra;;;0;1;0;0;0;0;0;0;0;1;0;0;-3,741297500000000;-38,525615000000000
338321;29;11;2018;06:35;0;AV SEN CARLOS JEREISSATI (AEROPORTO);;;0;;Colis?â?úo;Luz do Dia;;;Meio de Quadra;;;0;1;0;1;0;0;0;0;0;1;0;0;;
338323;29;11;2018;06:52;9896;RUA SGT JOAO PINHEIRO;RUA OSCAR FRANCA;;0;;Colis?â?úo;Luz do Dia;;;Cruz;Pare;Misto;0;1;0;0;0;0;0;0;0;1;0;0;-3,784538000000000;-38,623274000000000
338324;29;11;2018;07:03;0;RUA IPIRANGA D29;;;581;;Colis?â?úo;Luz do Dia;;;Meio de Quadra;;;0;1;0;0;0;0;0;0;0;0;0;0;-3,733260000000000;-38,598470000000000
338325;29;11;2018;07:04;0;AV JOSE TAVARES;;;912;;Colis?â?úo;Luz do Dia;;;Meio de Quadra;;;0;2;0;0;0;0;0;0;0;0;0;0;;
338326;29;11;2018;07:42;0;RUA PERGENTINO MAIA;;;1500;;Colis?â?úo;Luz do Dia;;;Meio de Quadra;;;0;0;1;1;0;0;0;0;0;1;0;0;-3,832544000000000;-38,480881000000000
338328;29;11;2018;07:50;0;AV JOSE JATAHY;;;0;;Colis?â?úo;Luz do Dia;;;Meio de Quadra;;;0;1;0;0;0;0;0;0;0;0;0;0;;
338329;29;11;2018;07:58;0;AV GODOFREDO MACIEL;;;5078;;Colis?â?úo;Luz do Dia;;;Meio de Quadra;;;0;0;1;1;0;0;0;0;0;1;0;0;-3,818757400000000;-38,576143200000000
338330;29;11;2018;09:37;7211;AV PRS CASTELO BRANCO;AV DR THEBERGE;;0;;Colis?â?úo;Luz do Dia;;;Cruz;Sem?â?íforo;Comercial;0;1;0;0;0;0;1;0;0;1;0;0;-3,710079000000000;-38,563456000000000
338331;29;11;2018;09:56;10981;RUA EQUADOR;RUA BOGARI;;0;;Colis?â?úo;Luz do Dia;;;Cruz;Pare;Residencial;0;1;0;1;0;0;0;0;0;1;0;0;-3,774405000000000;-38,552515000000000
338332;29;11;2018;10:38;0;RUA MOURA MATOS;;;1676;;Colis?â?úo;Luz do Dia;;;Meio de Quadra;;;0;2;0;1;0;0;0;0;0;1;0;0;-3,810991824000000;-38,544608353000000
338333;29;11;2018;10:42;0;RUA MIGUEL GURGEL;;;0;;Colis?â?úo;Luz do Dia;;;Meio de Quadra;;;0;1;0;1;0;0;0;0;0;1;0;0;;
338335;29;11;2018;11:27;0;RUA PEDRO DANTAS;;;202;;Colis?â?úo;Luz do Dia;;;Meio de Quadra;;;0;1;0;1;0;0;0;0;0;1;0;0;-3,786430769000000;-38,518983346000000
338337;29;11;2018;11:41;0;AV HIS RAIMUNDO GIRAO;;;91;;Colis?â?úo;Luz do Dia;;;Meio de Quadra;;;0;1;0;0;0;0;1;0;0;1;0;0;-3,720300000000000;-38,515100000000000
338341;29;11;2018;11:45;7846;RUA JOSE VILAR;RUA JULIO SIQUEIRA;;0;;Colis?â?úo;Luz do Dia;;;Cruz;Pare;Comercial;0;0;1;1;0;0;0;0;0;1;0;0;-3,749493000000000;-38,509103000000000
338346;29;11;2018;14:03;9825;RUA TRES CORACOES;RUA DESCARTES BRAGA;;0;;Colis?â?úo;Luz do Dia;;;;;;0;1;0;0;0;0;0;0;0;1;0;0;-3,794647000000000;-38,612274000000000
338357;29;11;2018;21:14;0;AV DR SILAS MUNGUBA;;;0;;Queda;;;;Meio de Quadra;;;0;1;0;0;0;0;0;0;0;1;0;0;;
338358;29;11;2018;23:57;0;AV SANTOS DUMONT;;;0;;Colis?â?úo;;;;Meio de Quadra;;;0;1;0;1;0;0;0;0;0;1;0;0;;
338349;29;11;2018;14:56;0;AV FRANCISCO SA;;;2368;;Queda;Luz do Dia;;;Meio de Quadra;;;0;0;1;0;0;0;0;0;0;1;0;0;-3,720528800000000;-38,547376300000000
338350;29;11;2018;15:24;0;AV PRS JUSCELINO KUBITSCHEK (PASSAR?âÔÇ?);;;4707;;Colis?â?úo;Luz do Dia;;;Meio de Quadra;;;0;2;0;1;0;0;0;0;0;1;0;0;-3,819625178000000;-38,534037140000000
338351;29;11;2018;15:38;0;RUA SGT JOAO PINHEIRO;;;0;;Queda;Luz do Dia;;;Meio de Quadra;;;0;1;0;0;0;0;0;0;0;1;0;0;;
338352;29;11;2018;18:43;0;AV SANTOS DUMONT;;;7580;;Colis?â?úo;;;;Meio de Quadra;;;0;1;0;1;0;0;0;0;0;1;0;0;-3,746628500000000;-38,466157000000000
338353;29;11;2018;18:56;0;RUA VALDEMAR PAES;;;1520;;Queda;;;;Meio de Quadra;;;0;2;0;0;0;0;0;0;0;1;0;0;-3,798236100000000;-38,603287300000000
338354;29;11;2018;20:10;0;RUA NAT FEIJO;;;236;;Colis?â?úo;;;;Meio de Quadra;;;0;1;0;0;0;0;0;0;0;1;0;0;-3,722814474000000;-38,550875421000000
338355;29;11;2018;20:26;0;RUA EDUARDO ANGELIM;;;962;;Atropelamento;;;;Meio de Quadra;;;0;1;0;0;0;0;0;0;0;1;0;0;-3,767012698000000;-38,545399930000000
336979;29;11;2018;01:30;5180;RUA TEN BENEVOLO;RUA DOM JOAQUIM;;0;;Colis?â?úo Transversal;Mal Iluminada;Bom;Seca;Cruz;Pare;Comercial;0;1;1;1;0;0;0;0;0;1;0;0;-3,725524000000000;-38,516670000000000
336985;29;11;2018;13:50;7816;RUA TIBURCIO CAVALCANTE;RUA MARCONDES PEREIRA;;0;;Colis?â?úo Transversal;Luz do Dia;Bom;Seca;Cruz;Pare;Comercial;0;1;1;1;0;0;0;0;0;1;0;0;-3,749447000000000;-38,506903000000000
336967;29;11;2018;00:56;15977;RUA GAL ONOFRE;RUA CEL TIBURCIO;;0;;Colis?â?úo Lateral;Via Iluminada;Bom;Seca;T;Pare;Residencial;0;1;1;1;0;0;0;0;0;1;0;0;-3,807535000000000;-38,572181000000000
336968;29;11;2018;01:09;0;RUA PROF GLAUCO LOBO;;;329;;Colis?â?úo Traseira;Via Iluminada;Bom;Seca;Meio de Quadra;N?â?úo H?â?í Controle;Residencial;0;0;1;0;1;0;0;0;0;1;0;0;-3,805387700000000;-38,582390000000000
336969;29;11;2018;09:57;0;AV PRS CASTELO BRANCO;;;134;;Colis?â?úo Traseira;Luz do Dia;Bom;Seca;Meio de Quadra;N?â?úo H?â?í Controle;Comercial;0;1;1;1;0;0;0;0;0;1;0;0;-3,723124500000000;-38,521740000000000
336970;29;11;2018;09:57;7871;RUA LEONARDO MOTA;RUA PRO FRANCISCO GONCALVES;;1;;Colis?â?úo Transversal;Luz do Dia;Bom;Seca;Cruz;Pare;Comercial;0;1;2;1;0;0;0;0;0;0;0;0;-3,747308000000000;-38,499748000000000
336971;29;11;2018;10:41;0;AV IMPERADOR;;;1239;;Colis?â?úo Transversal;Luz do Dia;Bom;Seca;Cruz;Sem?â?íforo;Comercial;0;0;2;1;0;0;0;0;0;0;0;0;-3,732078800000000;-38,535805000000000
336972;29;11;2018;12:49;7765;RUA DOM EXPEDITO LOPES;RUA TIBURCIO CAVALCANTE;;0;;Colis?â?úo Transversal;Luz do Dia;Bom;Seca;Cruz;Sem?â?íforo;Residencial;0;1;1;1;0;0;0;0;0;1;0;0;-3,743802000000000;-38,505097000000000
336973;29;11;2018;13:36;6817;RUA FRANCISCO MATOS;RUA BENTO ALBUQUERQUE;;0;;Colis?â?úo Transversal;Luz do Dia;Bom;Seca;Cruz;Pare;Residencial;0;1;1;1;0;0;0;0;0;1;0;0;-3,747862000000000;-38,470436000000000
336974;29;11;2018;13:45;25227;AV A CJ CEARA;AV D CJ CEARA;;0;;Colis?â?úo Transversal;Luz do Dia;Nublado;Seca;Cruz;Pare;Comercial;0;1;1;0;0;0;0;0;0;1;0;0;-3,766922000000000;-38,601152000000000
336975;29;11;2018;16:05;23807;AV GAL OSORIO DE PAIVA;RUA LEBOM MAIA;;0;;Colis?â?úo Transversal;Luz do Dia;Bom;Seca;Cruz;Sem?â?íforo;Comercial;0;1;1;0;1;0;0;0;0;1;0;0;-3,784480000000000;-38,580471000000000
336976;29;11;2018;17:55;1768;AV GOV RAUL BARBOSA;RUA CAP CLOVIS MAIA;;0;;Colis?â?úo Transversal;Via Iluminada;Bom;Seca;T;Pare;Residencial;0;1;1;1;0;0;0;0;0;1;0;0;-3,767633000000000;-38,509478000000000
336977;29;11;2018;19:50;0;AV ANTONIO SALES;RUA SAO GABRIEL;;0;;Colis?â?úo Traseira;Via Iluminada;Bom;Seca;Meio de Quadra;Pare;Residencial;0;1;1;1;0;0;0;0;0;1;0;0;-3,748581000000000;-38,492676000000000
336718;29;11;2018;12:26;0;AV JOSE BASTOS;;;3390;;Atropelamento;Luz do Dia;;;Meio de Quadra;;;0;2;1;1;0;0;0;0;0;1;0;0;-3,748135800000000;-38,548876900000000
336645;29;11;2018;19:00;7643;RUA GUANABARA;RUA RIO GRANDE DO NORTE;;0;;Atropelamento;;;;Cruz;Pare;Residencial;1;1;0;0;0;0;0;0;0;1;0;0;-3,757469000000000;-38,569353000000000
334042;29;11;2018;09:50;0;AV PRS CASTELO BRANCO;;;274;;Colis?â?úo;Luz do Dia;;;Meio de Quadra;;;0;0;2;1;0;0;0;0;0;0;0;0;;
334044;29;11;2018;09:10;0;RD DR MENDEL STEINBRUCH;;;5078;;Colis?â?úo;Luz do Dia;;;Meio de Quadra;;;0;1;1;0;0;0;0;0;0;1;0;0;;
334046;29;11;2018;21:00;0;AV MR HULL;;;2945;UFC;Colis?â?úo;;;;Meio de Quadra;;;1;0;1;0;0;0;1;0;0;1;0;0;-3,736842625000000;-38,570854187000000
334047;29;11;2018;16:30;7809;RUA FRANCISCO HOLANDA;RUA VIS MAUA;;0;;Colis?â?úo;Luz do Dia;;;Cruz;Pare;Comercial;0;0;2;1;0;0;1;0;0;0;0;0;-3,749029000000000;-38,503561000000000
334049;30;11;2018;02:20;0;RUA VISAO DAS DUNAS;;;61;;Colis?â?úo;;;;Meio de Quadra;;;0;0;1;0;0;0;0;0;0;0;0;0;-3,723746700000000;-38,479328600000000
334407;30;11;2018;11:23;0;RUA FRANCISCO MATIAS;;;350;;Colis?â?úo;Luz do Dia;;;Meio de Quadra;;;1;0;1;1;0;0;0;0;0;1;0;0;-3,804220000000000;-38,451580000000000
336646;30;11;2018;20:32;6108;RUA 828 CJ CEARA;AV A CJ CEARA;;0;;Atropelamento;;;;;;;0;1;1;0;0;0;0;0;0;1;0;0;-3,767783000000000;-38,603031000000000
336654;30;11;2018;15:20;0;AV PRO GOMES DE MATOS;;;900;;Colis?â?úo;Luz do Dia;;;Meio de Quadra;;;0;0;4;1;0;0;0;0;0;0;0;0;-3,760800000000000;-38,545321101000000
336986;30;11;2018;16:00;23749;RUA CON DE CASTRO;RUA LINS DO REGO;;0;;Colis?â?úo;Luz do Dia;Nublado;Seca;T;N?â?úo H?â?í Controle;Residencial;0;1;1;1;0;0;0;0;0;1;0;0;-3,785389000000000;-38,573794000000000
336987;30;11;2018;17:55;17951;RUA JOAQUIM ALBANO;RUA DRACON BARRETO;;0;;Colis?â?úo Lateral;Anoitecer;Bom;Seca;Cruz;Pare;Residencial;0;0;1;1;0;0;0;0;0;0;0;0;-3,735122000000000;-38,578990000000000
336988;30;11;2018;21:39;10695;RUA PRO HERIBALDO COSTA;RUA MON HIPOLITO BRASIL;;0;;Colis?â?úo;Via Iluminada;Nublado;Seca;Cruz;Sem?â?íforo;Residencial;0;2;0;1;0;0;0;0;0;0;0;0;-3,757069000000000;-38,582275000000000
336980;30;11;2018;08:33;15136;AV MON TABOSA;RUA ANTONIO AUGUSTO;;861;;Colis?â?úo Transversal;Luz do Dia;Bom;Seca;Cruz;Pare;Comercial;0;0;2;1;0;0;0;0;0;1;0;0;-3,724092000000000;-38,511469000000000
336981;30;11;2018;08:20;22158;AV JOSE BASTOS;RUA GUSTAVO BRAGA;;0;;Queda;Luz do Dia;Chuva;Molhada;T;Sem?â?íforo;Comercial;0;0;2;0;0;0;0;0;0;1;0;0;-3,751535000000000;-38,551989000000000
336982;30;11;2018;10:21;19790;RUA AZEVEDO BOLAO;RUA JOSE PONTES;;0;;Colis?â?úo Transversal;Luz do Dia;Chuva;Molhada;Cruz;Pare;Comercial;0;0;2;1;0;0;0;0;0;0;0;0;-3,738833000000000;-38,568505000000000
336983;30;11;2018;12:24;0;RUA MANUEL SATIRO;;;0;;Colis?â?úo Frontal;Luz do Dia;Nublado;Molhada;Meio de Quadra;N?â?úo H?â?í Controle;Lazer;0;1;0;0;0;0;0;0;0;1;0;0;-3,804754700000000;-38,575720000000000
336984;30;11;2018;15:06;0;AV PRS CASTELO BRANCO;;;5986;;Colis?â?úo Traseira;Luz do Dia;Nublado;Molhada;Meio de Quadra;Sem?â?íforo;Comercial;0;1;1;1;0;0;0;0;0;1;0;0;-3,701585500000000;-38,583904000000000
336585;30;11;2018;20:00;0;AV DOMINGOS OLIMPIO;;;2028;;Atropelamento;;;;Meio de Quadra;;;1;0;1;0;0;0;0;0;0;1;0;0;-3,733334955000000;-38,541256773000000
338362;30;11;2018;07:32;0;RUA VITORIA;;;1126;;Atropelamento;Luz do Dia;;;Meio de Quadra;;;0;2;0;0;0;0;0;0;0;1;0;0;-3,762540000000000;-38,587210000000000
338363;30;11;2018;07:44;0;RD BR 116;;;3000;KM-03;Colis?â?úo;Luz do Dia;;;Meio de Quadra;;;0;2;0;0;0;0;0;0;0;1;0;0;-3,779838000000000;-38,514372000000000