COD_ACIDENTE;DIA;MES;ANO;HORA;INTERSECAO;LOG1;LOG2;LOG3;NUMERO;REFERENCIA;NATUREZA;ILUMINACAO;TEMPO;SUPERFICIEPISTA;TIPOCRUZAMENTO;CONTROLETRAFEGO;USOSOLO;MORTOS;FERIDOS;ILESOS;AUTOMOVEL;ONIBUS;BICICLETA;CAMINHAO;MICROONIBUS;CICLOMOTOR;MOTOCICLETA;TRACAOANIMAL;TREM;LATITUDE;LONGITUDE
338360;30;11;2018;03:39;0;AV AUGUSTO DOS ANJOS;;;678;;Queda;;;;Meio de Quadra;;;0;1;0;0;0;0;0;0;0;1;0;0;-3,774272111000000;-38,573934778000000
338366;30;11;2018;08:13;0;RUA DOM MANUEL DE MEDEIROS;;;0;;Colis?â?úo;Luz do Dia;;;Meio de Quadra;;;0;1;0;1;0;0;0;0;0;1;0;0;;
338367;30;11;2018;08:15;0;AV JOVITA FEITOSA;;;2441;;Queda;Luz do Dia;;;Meio de Quadra;;;0;1;0;0;0;0;0;0;0;1;0;0;-3,740402061000000;-38,559241273000000
338368;30;11;2018;08:33;0;AV CEL CARVALHO;;;51;;Queda;Luz do Dia;;;Meio de Quadra;;;0;1;0;0;0;0;0;0;0;1;0;0;;
338375;30;11;2018;09:52;0;AV CARNEIRO DE MENDONCA;;;456;;Colis?â?úo;Luz do Dia;;;Meio de Quadra;;;0;1;0;1;0;0;0;0;0;1;0;0;-3,765627000000000;-38,563646000000000
338376;30;11;2018;11:00;0;RUA VERDE 2 CJ ST S.JOAO;;;90;;Queda;Luz do Dia;;;Meio de Quadra;;;0;1;0;0;0;0;0;0;0;1;0;0;-3,845691488000000;-38,518638414000000
338370;30;11;2018;09:13;12837;RUA JAIME BENEVOLO;AV DOMINGOS OLIMPIO;;0;;Queda;Luz do Dia;;;Cruz;Sem?â?íforo;Comercial;0;1;0;0;0;0;0;0;0;1;0;0;-3,737780000000000;-38,527245000000000
338371;30;11;2018;09:13;0;AV JOVITA FEITOSA;;;2918;;Colis?â?úo;Luz do Dia;;;Meio de Quadra;;;0;1;0;0;0;0;0;0;0;0;0;0;-3,741370308000000;-38,563866923000000
338372;30;11;2018;09:41;0;AV DR THEBERGE;;;1297;;Colis?â?úo;Luz do Dia;;;Meio de Quadra;;;0;0;1;1;0;0;0;0;0;1;0;0;-3,713762000000000;-38,564669000000000
338373;30;11;2018;09:45;0;RUA GAL BERNARDO FIGUEIREDO;;;156;;Colis?â?úo;Luz do Dia;;;Meio de Quadra;;;0;0;1;0;0;0;0;0;0;1;0;0;-3,739225500000000;-38,549664000000000
338395;30;11;2018;16:17;0;AV FILOMENO GOMES;;;0;;Colis?â?úo;Luz do Dia;;;Meio de Quadra;;;0;0;1;1;0;0;0;0;0;1;0;0;;
338385;30;11;2018;12:05;0;RUA ALBERTO MAGNO;;;854;;Colis?â?úo;Luz do Dia;;;Meio de Quadra;;;0;1;0;1;0;0;0;0;0;1;0;0;-3,763790800000000;-38,549212700000000
338386;30;11;2018;12:50;7899;RUA MON CATAO;AV ANTONIO SALES;;0;;Colis?â?úo;Luz do Dia;;;Cruz;D?â?¬ Prefer?â?¬ncia;Comercial;0;1;0;0;0;0;0;0;0;0;0;0;-3,748174000000000;-38,493642000000000
338387;30;11;2018;13:08;0;AV GODOFREDO MACIEL;;;4442;;Colis?â?úo;Luz do Dia;;;Meio de Quadra;;;0;0;1;0;0;0;0;0;0;0;0;0;-3,813311500000000;-38,575179500000000
338388;30;11;2018;13:55;0;RUA VIA FERREA;;;0;;Colis?â?úo;Luz do Dia;;;Meio de Quadra;;;0;1;0;0;0;0;0;0;0;1;0;0;;
338389;30;11;2018;14:17;0;AV ALM HENRIQUE SABOIA;;;0;;Queda;Luz do Dia;;;Meio de Quadra;;;0;1;0;0;0;0;0;0;0;1;0;0;;
338390;30;11;2018;14:41;0;AV IMPERADOR;;;545;;Colis?â?úo;Luz do Dia;;;Meio de Quadra;;;0;1;0;0;0;0;0;0;0;0;0;0;-3,725578000000000;-38,533977000000000
338391;30;11;2018;15:45;0;AV ROGACIANO LEITE;;;400;;Colis?â?úo;Luz do Dia;;;Meio de Quadra;;;0;1;0;1;0;0;0;0;0;1;0;0;-3,761649250000000;-38,493399875000000
338400;30;11;2018;16:18;5219;RUA LIBERATO BARROSO;AV TRISTAO GONCALVES;;0;;Colis?â?úo;Luz do Dia;;;Cruz;Sem?â?íforo;Comercial;0;0;1;0;0;0;0;0;0;0;0;0;-3,726826000000000;-38,533116000000000
338401;30;11;2018;17:10;0;RUA VICENTE NOBRE MACEDO;;;501;;Colis?â?úo;Anoitecer;;;Meio de Quadra;;;0;0;1;1;0;0;0;0;0;1;0;0;-3,827480230000000;-38,484651628000000
338402;30;11;2018;17:36;0;RUA PETRONILHA BEZERRA;;;21;;Colis?â?úo;Anoitecer;;;Meio de Quadra;;;0;1;0;0;0;0;0;0;0;1;0;0;-3,799421750000000;-38,586287250000000
338406;30;11;2018;17:47;0;RUA CEL JUCA;;;0;;Colis?â?úo;Anoitecer;;;Meio de Quadra;;;0;1;0;1;0;0;0;0;0;1;0;0;;
338407;30;11;2018;17:49;0;AV JOR JOAO RAMOS;;;1701;;Colis?â?úo;Anoitecer;;;Meio de Quadra;;;0;0;1;0;0;0;0;0;0;0;0;0;-3,842129000000000;-38,572518000000000
338410;30;11;2018;17:58;2830;AV GAL OSORIO DE PAIVA;RUA OSCAR FRANCA;;0;;Colis?â?úo;Anoitecer;;;T;Sem?â?íforo;Comercial;0;2;0;1;0;0;0;0;0;1;0;0;-3,794473000000000;-38,592113000000000
338414;30;11;2018;18:18;23246;RUA URUCUTUBA;ET DO JATOBA;;0;;Colis?â?úo;Anoitecer;;;Cruz;N?â?úo H?â?í Controle;Rural;0;0;1;0;0;0;0;0;0;0;0;0;-3,798271000000000;-38,626914000000000
338415;30;11;2018;18:58;0;RUA PDE PERDIGAO SAMPAIO;;;200;;Colis?â?úo;;;;Meio de Quadra;;;0;0;1;1;0;0;0;0;0;1;0;0;-3,726585000000000;-38,571331900000000
338416;30;11;2018;19:10;0;AV 13 DE MAIO;;;2164;;Colis?â?úo;;;;Meio de Quadra;;;0;0;1;1;0;0;0;0;0;1;0;0;-3,743501647000000;-38,536140000000000
338417;30;11;2018;19:20;0;AV CASTELO DE CASTRO;;;1195;;Colis?â?úo;;;;Meio de Quadra;;;0;1;0;1;0;0;0;0;0;1;0;0;-3,835447900000000;-38,521425100000000
338418;30;11;2018;19:42;6112;AV A CJ CEARA;AV F CJ CEARA;;0;;Atropelamento;;;;Cruz;N?â?úo H?â?í Controle;Misto;0;1;0;0;0;0;0;0;0;1;0;0;-3,767855000000000;-38,603189000000000
338420;30;11;2018;19:42;0;AV JOSE JATAHY;;;179;;Colis?â?úo;;;;Meio de Quadra;;;0;1;0;1;0;0;0;0;0;1;0;0;-3,739893975000000;-38,543210455000000
338424;30;11;2018;19:51;0;AV LAURO VIEIRA CHAVES;;;1620;;Colis?â?úo;;;;Meio de Quadra;;;0;0;1;0;0;0;0;0;0;0;0;0;-3,771531652000000;-38,541927696000000
338428;30;11;2018;21:35;0;AV CASTELO DE CASTRO;;;0;;Queda;;;;Meio de Quadra;;;0;1;0;0;0;1;0;0;0;0;0;0;;
338429;30;11;2018;21:40;0;RUA ESTEVAO DE CAMPOS;;;0;;Atropelamento;;;;Meio de Quadra;;;0;1;0;1;0;0;0;0;0;0;0;0;;
338430;30;11;2018;21:54;0;RUA GUILHERME PESSOA;;;384;;Queda;;;;Meio de Quadra;;;0;1;0;0;0;1;0;0;0;0;0;0;-3,826606000000000;-38,491883000000000
338393;30;11;2018;15:53;0;RUA CON DE CASTRO;;;9822;;Queda;Luz do Dia;;;Meio de Quadra;;;0;1;0;0;0;0;0;0;0;1;0;0;-3,828433323000000;-38,607583535000000
338432;30;11;2018;22:47;0;AV B CJ HAB ST SAO JOAO;;;532;;Atropelamento;;;;Meio de Quadra;;;0;1;0;1;0;0;0;0;0;0;0;0;-3,849220726000000;-38,518783868000000
338433;30;11;2018;23:09;0;RUA LOURIVAL C PINHO;;;149;;Colis?â?úo;;;;Meio de Quadra;;;0;1;1;1;0;0;0;0;0;1;0;0;-3,793312681000000;-38,481471000000000
338942;30;11;2018;01:49;0;RUA MARIA GOMES DE SA;;;1677;;Colis?â?úo;;;;Meio de Quadra;;;0;1;1;0;0;0;0;0;0;1;0;0;-3,823217700000000;-38,584370600000000
338960;30;11;2018;18:57;11717;RUA ELISEU VIANA;RUA JOSE GASPAR;;0;;Colis?â?úo;;;;Cruz;N?â?úo H?â?í Controle;Rural;0;1;0;0;0;0;0;0;0;0;0;0;-3,772913000000000;-38,587569000000000
339062;1;12;2018;22:30;0;AV SEN CARLOS JEREISSATI (AEROPORTO);;;0;KM 04;Colis?â?úo;;Bom;Seca;Meio de Quadra;;;0;0;2;1;0;0;0;0;0;0;0;0;-3,774020000000000;-38,550907000000000
339050;1;12;2018;20:23;0;RD DR MENDEL STEINBRUCH;;;6335;;Colis?â?úo;;;;Meio de Quadra;;;0;0;2;0;0;0;0;0;0;1;0;0;;
338751;1;12;2018;17:20;0;RD BR 222;;;1600;KM-01;Colis?â?úo Frontal;Anoitecer;;;Meio de Quadra;;;0;2;2;1;0;0;0;0;0;1;0;0;-3,737698444000000;-38,578146930000000
336989;1;12;2018;03:50;8020;RUA ALEXANDRE BARAUNA;RUA CARLOS CAMARA;;0;;Colis?â?úo Transversal;Via Iluminada;Bom;Seca;Cruz;Pare;Residencial;0;2;0;1;0;0;0;0;0;0;0;0;-3,751840000000000;-38,547441000000000
336990;1;12;2018;08:49;9246;AV 13 DE MAIO;RUA BAR RIO BRANCO;;0;;Engavetamento;Luz do Dia;Bom;Seca;Cruz;Sem?â?íforo;Comercial;0;0;3;1;0;0;0;0;0;0;0;0;-3,745129000000000;-38,534255000000000
336991;1;12;2018;08:20;9197;RUA JAIME BENEVOLO;RUA COSTA ARAUJO;;0;;Colis?â?úo Transversal;Luz do Dia;Bom;Seca;Cruz;Pare;Residencial;0;1;1;1;0;0;0;0;0;1;0;0;-3,747162000000000;-38,530420000000000
336992;1;12;2018;09:12;0;RUA CASTRO E SILVA;;;1065;;Colis?â?úo Lateral;Luz do Dia;Bom;Seca;Meio de Quadra;N?â?úo H?â?í Controle;Comercial;0;1;2;1;0;0;0;0;0;1;0;0;-3,721346000000000;-38,534866000000000
336993;1;12;2018;10:00;0;AV PRS JUSCELINO KUBITSCHEK (PASSAR?âÔÇ?);RUA PRO MOREIRA DE SOUSA (PASSARE);;3470;;Colis?â?úo Transversal;Luz do Dia;Bom;Seca;Meio de Quadra;N?â?úo H?â?í Controle;Comercial;0;1;1;1;0;0;0;0;0;1;0;0;-3,811455700000000;-38,528008000000000
336994;1;12;2018;14:25;19152;RUA LAURO NOGUEIRA;RUA BATISTA DE OLIVEIRA;;0;;Colis?â?úo Transversal;Luz do Dia;Bom;Seca;Cruz;Pare;Comercial;0;1;1;1;0;0;0;0;0;1;0;0;-3,740086000000000;-38,478301000000000
336995;1;12;2018;14:53;0;RUA PDE PEDRO DE ALENCAR;;;2310;;Colis?â?úo Lateral;Luz do Dia;Bom;Seca;Meio de Quadra;N?â?úo H?â?í Controle;Comercial;0;1;1;1;0;0;0;0;0;1;0;0;-3,848519800000000;-38,494778000000000
336996;1;12;2018;16:39;4080;RUA CEARA;AV JOSE BASTOS;;0;;Colis?â?úo Lateral;Luz do Dia;Bom;Seca;Cruz;Sem?â?íforo;Comercial;0;1;2;1;0;0;0;0;0;1;0;0;-3,760008000000000;-38,564112000000000
336997;1;12;2018;20:21;19330;RUA STA LIGIA;RUA PERDIGAO DE OLIVEIRA;;0;;Colis?â?úo Transversal;Via Iluminada;Bom;Seca;Cruz;N?â?úo H?â?í Controle;Comercial;0;0;2;1;0;0;0;0;0;1;0;0;-3,775620000000000;-38,573950000000000
337756;1;12;2018;23:58;0;RUA GERALDO BARBOSA;;;2267;;Atropelamento;;;;Meio de Quadra;;;0;1;0;1;0;0;0;0;0;0;0;0;-3,786030000000000;-38,620660000000000
337717;1;12;2018;17:43;0;RUA BARRA MANSA;;;1565;;Colis?â?úo;Anoitecer;;;Meio de Quadra;;;0;1;0;0;0;0;0;0;0;1;0;0;-3,794370000000000;-38,615490000000000
337718;1;12;2018;18:02;0;AV JOSE JATAHY;;;475;;Colis?â?úo;Anoitecer;;;Meio de Quadra;;;0;1;0;1;0;0;0;0;0;1;0;0;-3,725420000000000;-38,545730000000000
337719;1;12;2018;19:02;0;AV FRANCISCO SA;;;3437;;Colis?â?úo;;;;Meio de Quadra;;;0;1;0;0;0;0;0;0;0;1;0;0;-3,717919000000000;-38,555822000000000
337714;1;12;2018;17:43;0;RUA CEL VIRGILIO NOGUEIRA (BOM JARDIM);;;1351;;Colis?â?úo;Anoitecer;;;Meio de Quadra;;;0;1;0;0;0;0;0;0;0;0;0;0;-3,795260000000000;-38,610610000000000
337712;1;12;2018;17:34;0;AV RAD JOSE LIMA VERDE;;;0;;Colis?â?úo;Anoitecer;;;Meio de Quadra;;;0;1;0;0;0;0;0;0;0;0;0;0;;
337750;1;12;2018;20:41;0;RUA NELSON COELHO;;;30;;Colis?â?úo;;;;Meio de Quadra;;;0;1;0;1;0;0;0;0;0;1;0;0;-3,831740000000000;-38,461980000000000
337751;1;12;2018;21:22;0;AV GODOFREDO MACIEL;;;0;;Queda;;;;Meio de Quadra;;;0;1;0;0;0;0;0;0;0;1;0;0;;
337752;1;12;2018;23:07;0;RUA DEMOCRITO ROCHA;;;124;;Colis?â?úo;;;;Meio de Quadra;;;0;1;0;1;0;0;0;0;0;1;0;0;-3,726346600000000;-38,547916000000000
337698;1;12;2018;13:40;0;RUA ANTONIO POMPEU;;;90;;Colis?â?úo;Luz do Dia;;;Meio de Quadra;;;0;1;0;1;0;0;0;0;0;1;0;0;-3,736617000000000;-38,524821222000000
337699;1;12;2018;13:58;9994;RUA AIRES DA CUNHA;RUA OLIVEIRA SOBRINHO;;0;;Colis?â?úo;Luz do Dia;;;Cruz;N?â?úo H?â?í Controle;Comercial;0;1;0;0;0;0;0;0;0;1;0;0;-3,777699000000000;-38,604435000000000
337691;1;12;2018;08:09;0;RUA SEIS COMPANHEIROS;;;682;;Atropelamento;Luz do Dia;;;Meio de Quadra;;;0;1;0;1;0;0;0;0;0;0;0;0;-3,706351083000000;-38,577695042000000
337692;1;12;2018;09:32;0;AV CESAR CALS;;;350;;Colis?â?úo;Luz do Dia;;;Meio de Quadra;;;0;1;0;0;0;0;0;0;0;1;0;0;-3,721054000000000;-38,464383000000000
337693;1;12;2018;10:20;17307;RUA CEL ALEXANDRINO;RUA BAR CANINDE;;0;;Colis?â?úo;Luz do Dia;;;Cruz;Pare;Rural;0;1;0;1;0;0;0;0;0;1;0;0;-3,764183000000000;-38,554052000000000
337694;1;12;2018;10:23;0;RUA PRA HELOISA F LIMA;;;0;;Colis?â?úo;Luz do Dia;;;Meio de Quadra;;;0;1;0;1;0;0;0;0;0;1;0;0;;
337695;1;12;2018;11:06;0;AV GAL OSORIO DE PAIVA;;;4555;;Colis?â?úo;Luz do Dia;;;Meio de Quadra;;;0;1;0;1;0;0;0;0;0;1;0;0;-3,798459667000000;-38,595976000000000
337696;1;12;2018;11:18;0;RUA PROF. MANOEL LOURENCO;;;0;;Colis?â?úo;Luz do Dia;;;Meio de Quadra;;;0;1;0;1;0;0;0;0;0;1;0;0;;
337710;1;12;2018;17:22;0;RUA COSTA FREIRE;;;1090;;Colis?â?úo;Anoitecer;;;Meio de Quadra;;;0;1;0;0;0;0;0;0;0;1;0;0;-3,789370714000000;-38,582046750000000
337707;1;12;2018;16:22;0;AV MOZART PINHEIRO DE LUCENA;;;686;;Capotamento;Luz do Dia;;;Meio de Quadra;;;0;1;0;0;0;0;0;0;0;0;0;0;-3,708937000000000;-38,592968000000000
337708;1;12;2018;16:31;0;RUA BETEL;;;100;;Colis?â?úo;Luz do Dia;;;Meio de Quadra;;;0;1;0;0;0;1;0;0;0;0;0;0;-3,795540000000000;-38,554240000000000
337705;1;12;2018;15:13;0;AV ALM HENRIQUE SABOIA;;;4022;;Colis?â?úo;Luz do Dia;;;Meio de Quadra;;;0;1;0;0;0;0;0;0;0;1;0;0;-3,745237500000000;-38,490599499000000
337686;1;12;2018;08:43;0;TR GENOVA;;;745;;Colis?â?úo;Luz do Dia;;;Meio de Quadra;;;0;1;0;1;0;0;0;0;0;0;0;0;-3,767350000000000;-38,595350000000000
337687;1;12;2018;05:26;8020;RUA CARLOS CAMARA;RUA ALEXANDRE BARAUNA;;0;;Colis?â?úo;Amanhecer;;;Cruz;Pare;Residencial;0;1;0;1;0;0;0;0;0;0;0;0;-3,751840000000000;-38,547441000000000
337688;1;12;2018;03:11;0;AV ALBERTO CRAVEIRO;;;128;;Queda;;;;Meio de Quadra;;;0;1;0;0;0;0;0;0;0;1;0;0;-3,780820000000000;-38,515780000000000
337689;1;12;2018;07:37;0;AV JOSE BASTOS;;;5592;;Atropelamento;Luz do Dia;;;Meio de Quadra;;;0;1;0;0;0;0;0;0;0;1;0;0;-3,760562000000000;-38,564477000000000
337761;2;12;2018;00:00;17342;AV PRO GOMES DE MATOS;RUA ALAN KARDEC;;0;;Colis?â?úo;;;;Cruz;Sem?â?íforo;Comercial;0;1;0;1;0;1;0;0;0;0;0;0;-3,765321000000000;-38,549213000000000
337762;2;12;2018;01:59;0;AV ABOLICAO;;;4653;;Atropelamento;;;;Meio de Quadra;;;0;1;0;1;0;0;0;0;0;0;0;0;-3,722615000000000;-38,479798000000000
337772;2;12;2018;06:10;0;RUA BOA ESPERANCA D43;;;1215;;Colis?â?úo;Luz do Dia;;;Meio de Quadra;;;0;1;0;1;0;0;0;0;0;1;0;0;-3,752990000000000;-38,604300000000000
337770;2;12;2018;06:01;0;RUA EMILIA GONCALVES;;;183;;;Luz do Dia;;;Meio de Quadra;;;0;1;0;1;0;0;0;0;0;1;0;0;-3,724518000000000;-38,596399000000000
337768;2;12;2018;03:54;0;AV DES MOREIRA;;;0;;Colis?â?úo;;;;Meio de Quadra;;;0;1;0;0;0;0;0;0;0;0;0;0;;
337766;2;12;2018;02:15;0;AV GODOFREDO MACIEL;;;1184;;Atropelamento;;;;Meio de Quadra;;;0;1;0;0;0;0;0;0;0;1;0;0;-3,785886000000000;-38,566618857000000
337774;2;12;2018;06:18;15200;RUA CARLOS VASCONCELOS;RUA DEP MOREIRA DA ROCHA;;0;;Colis?â?úo;Luz do Dia;;;Cruz;Sem?â?íforo;Residencial;0;1;0;1;0;0;0;0;0;1;0;0;-3,726560000000000;-38,508724000000000
337775;2;12;2018;06:39;0;AV JOAO PESSOA;;;5508;;Colis?â?úo;Luz do Dia;;;Meio de Quadra;;;0;1;0;1;0;0;0;0;0;1;0;0;-3,759134900000000;-38,555477600000000
337776;2;12;2018;07:35;0;AV ODILON GUIMARAES;;;0;;Colis?â?úo;Luz do Dia;;;Meio de Quadra;;;0;1;0;0;0;0;0;0;0;1;0;0;;
337988;2;12;2018;21:32;0;RUA PORTO VELHO;;;260;;Colis?â?úo;;;;Meio de Quadra;;;0;2;0;1;0;0;0;0;0;1;0;0;;
337983;2;12;2018;20:14;0;RUA CAP HUGO BEZERRA;;;1133;;Colis?â?úo;;;;Meio de Quadra;;;0;1;0;1;0;1;0;0;0;0;0;0;-3,820325154000000;-38,513171513000000
337979;2;12;2018;19:59;0;RUA PRO HERIBALDO COSTA;;;2045;;Queda;;;;Meio de Quadra;;;0;1;0;0;0;0;0;0;0;1;0;0;-3,769402200000000;-38,588784100000000
337956;2;12;2018;17:20;0;RUA MARIA GOMES DE SA;;;1184;;Queda;Anoitecer;;;Meio de Quadra;;;0;1;0;0;0;0;0;0;0;1;0;0;-3,826067000000000;-38,581403000000000
337969;2;12;2018;17:59;0;AV DR ALDY MENTOR;;;0;;Colis?â?úo;Anoitecer;;;Meio de Quadra;;;0;1;0;0;0;0;0;0;0;1;0;0;;
337970;2;12;2018;18:27;0;RUA SEN POMPEU;;;1520;;Colis?â?úo;Anoitecer;;;Meio de Quadra;;;0;1;0;0;0;0;0;0;0;0;0;0;-3,731984500000000;-38,531164600000000
337960;2;12;2018;17:27;1360;RUA JOAQUIM NABUCO;RUA DES LEITE ALBUQUERQUE;;0;;Colis?â?úo;Anoitecer;;;Cruz;Pare;Comercial;0;1;0;1;0;1;0;0;0;0;0;0;-3,736273000000000;-38,501621000000000
337961;2;12;2018;17:31;0;RUA JULIO BRAGA;;;440;;Atropelamento;Anoitecer;;;Meio de Quadra;;;0;1;0;0;0;0;0;0;0;1;0;0;-3,777038118000000;-38,575511412000000
337962;2;12;2018;17:44;0;AV SEN FERNANDES TAVORA;;;2433;;Queda;Anoitecer;;;Meio de Quadra;;;0;1;0;0;0;1;0;0;0;0;0;0;-3,755953000000000;-38,593889000000000
337954;2;12;2018;16:12;0;AV HIS RAIMUNDO GIRAO;;;1338;;Colis?â?úo;Luz do Dia;;;Meio de Quadra;;;0;1;0;1;0;0;0;0;0;1;0;0;-3,724196000000000;-38,504023000000000
337936;2;12;2018;11:40;0;RUA ARTUR DE CARVALHO;;;3621;;Colis?â?úo;Luz do Dia;;;Meio de Quadra;;;0;1;0;1;0;0;0;0;0;1;0;0;-3,761860000000000;-38,534960000000000
337937;2;12;2018;13:42;17378;RUA ROMEU MARTINS;RUA ALBERTO MAGNO;;0;;Queda;Luz do Dia;;;Cruz;Pare;Comercial;0;1;0;0;0;0;0;0;0;1;0;0;-3,766914000000000;-38,551758000000000
337938;2;12;2018;14:00;0;TR SAO JOAO BATISTA;;;825;;Queda;Luz do Dia;;;Meio de Quadra;;;0;1;0;0;0;1;0;0;0;0;0;0;-3,770763900000000;-38,597100400000000
337924;2;12;2018;11:19;0;AV PRS CASTELO BRANCO;;;2178;;Colis?â?úo;Luz do Dia;;;Meio de Quadra;;;0;1;0;1;0;0;0;0;0;1;0;0;-3,714120563000000;-38,547507938000000
337925;2;12;2018;11:35;0;AV RAD JOSE LIMA VERDE;;;540;;Colis?â?úo;Luz do Dia;;;Meio de Quadra;;;0;1;0;0;0;1;0;0;0;1;0;0;-3,696423000000000;-38,586423000000000
337941;2;12;2018;14:49;0;VL PONTES;;;1543;;Colis?â?úo;Luz do Dia;;;Meio de Quadra;;;0;1;0;0;0;0;0;0;0;0;0;0;-3,727260000000000;-38,573380000000000
337942;2;12;2018;15:32;0;RUA COSTA BARROS;;;833;;Atropelamento;Luz do Dia;;;Meio de Quadra;;;0;1;0;0;0;0;0;0;0;1;0;0;-3,728880000000000;-38,515944000000000
337943;2;12;2018;15:54;0;AV EDUARDO GIRAO;;;1331;;Colis?â?úo;Luz do Dia;;;Meio de Quadra;;;0;1;0;0;0;0;0;0;0;0;0;0;-3,747163600000000;-38,542197400000000
337904;2;12;2018;09:14;0;AV JOR THOMAZ COELHO;;;1578;;Queda;Luz do Dia;;;Meio de Quadra;;;0;1;0;0;0;0;0;0;0;1;0;0;-3,829904272000000;-38,509135614000000
337905;2;12;2018;09:47;0;RUA BENU MARCONDES;;;520;;Colis?â?úo;Luz do Dia;;;Meio de Quadra;;;0;1;0;1;0;0;0;0;0;1;0;0;;
337986;2;12;2018;20:23;16758;RUA PARANAI;RUA JOAQUIM DOS ANJOS;;0;;Colis?â?úo;;;;;;;0;1;0;0;0;0;0;0;0;0;0;0;;
338007;2;12;2018;23:07;0;RUA ESTEVAO DE CAMPOS;;;92;;Colis?â?úo;;;;Meio de Quadra;;;0;1;0;1;0;0;0;0;0;1;0;0;-3,706961500000000;-38,575780500000000
338008;2;12;2018;23:15;0;RUA JOSE MOREIRA;;;200;;Queda;;;;Meio de Quadra;;;0;1;0;0;0;0;0;0;0;1;0;0;-3,858164400000000;-38,498394800000000
337995;2;12;2018;22:36;0;RUA FARIAS LEMOS;;;835;;Colis?â?úo;;;;Meio de Quadra;;;0;1;0;1;0;0;0;0;0;1;0;0;-3,814570000000000;-38,493590000000000
336998;2;12;2018;01:23;0;AV PONTES VIEIRA;RUA JOSE VILAR;;0;;Choque c/ Obst?â?ículo Fixo;Mal Iluminada;Chuva;Molhada;Meio de Quadra;Sem?â?íforo;Comercial;0;1;0;1;0;0;0;0;0;0;0;0;-3,752369000000000;-38,509933000000000
336999;2;12;2018;03:30;577;AV DR THEBERGE;AV FRANCISCO SA;;0;;Colis?â?úo Transversal;Via Iluminada;Bom;Seca;Cruz;Sem?â?íforo;Residencial;0;0;1;1;1;0;0;0;0;0;0;0;-3,714822000000000;-38,565016000000000
337000;2;12;2018;10:56;19501;AV DR SILAS MUNGUBA;RUA PDE CARLOS QUIXADA;;0;;Colis?â?úo Transversal;Luz do Dia;Bom;Seca;T;Sem?â?íforo;Residencial;0;0;2;0;0;0;0;0;0;1;0;0;-3,781111000000000;-38,557763000000000
337001;2;12;2018;11:35;5021;AV FILOMENO GOMES;RUA TIJUBANA;;0;;Colis?â?úo Lateral;Luz do Dia;Bom;Seca;T;N?â?úo H?â?í Controle;Comercial;0;1;1;1;0;0;0;0;0;1;0;0;-3,720037000000000;-38,541406000000000
337002;2;12;2018;13:57;11164;RUA JULIO GASPAR;RUA FAGUNDES VARELA;;0;;Colis?â?úo Transversal;Luz do Dia;Bom;Seca;Cruz;Pare;Residencial;0;0;3;1;0;0;0;0;0;1;0;0;-3,783086000000000;-38,562332000000000
337003;2;12;2018;14:45;5442;RUA GAL CLARINDO DE QUEIROZ;AV VIS RIO BRANCO;;0;;Colis?â?úo Transversal;Luz do Dia;Bom;Seca;Cruz;Sem?â?íforo;Comercial;0;1;1;1;0;0;0;0;0;0;0;0;-3,734584000000000;-38,524385000000000
337004;2;12;2018;14:00;1656;RUA BENI DE CARVALHO;RUA PRO DIAS DA ROCHA;;0;;Colis?â?úo Transversal;Luz do Dia;Bom;Seca;Cruz;Pare;Residencial;0;1;1;1;0;0;0;0;0;1;0;0;-3,745994000000000;-38,495024000000000
337005;2;12;2018;18:39;1550;RUA DR JOSE LOURENCO;RUA PDE VALDEVINO;;0;;Colis?â?úo Transversal;Via Iluminada;Bom;Seca;Cruz;Sem?â?íforo;Residencial;0;0;2;1;0;0;0;0;0;0;0;0;-3,741307000000000;-38,509928000000000
336720;2;12;2018;04:00;0;AV DES MOREIRA;;;790;PRA?âÔÇíA PORTUGAL;Choque c/ Obst?â?ículo Fixo;Via Iluminada;Bom;Seca;Meio de Quadra;Pare;Comercial;1;1;0;0;0;0;0;0;0;1;0;0;-3,732930000000000;-38,497263000000000
338754;2;12;2018;13:30;0;RD BR 116;;;3000;KM-03;Colis?â?úo Traseira;Luz do Dia;;;Meio de Quadra;;;0;0;3;1;0;0;0;0;0;1;0;0;-3,779838000000000;-38,514372000000000
338796;2;12;2018;20:00;0;RD BR 116;;;9000;KM-09;Atropelamento;;;;Meio de Quadra;;;0;1;1;1;0;0;0;0;0;0;0;0;-3,830837000000000;-38,504865000000000
338757;2;12;2018;17:30;0;RD BR 116;;;4500;KM-04;Colis?â?úo;Anoitecer;;;Meio de Quadra;;;0;1;1;1;0;0;0;0;0;1;0;0;-3,802354000000000;-38,503869000000000
339063;2;12;2018;23:37;0;RD CE-040;;;0;KM-03;Colis?â?úo;;Bom;Seca;Meio de Quadra;;;0;0;2;1;0;0;0;0;0;0;0;0;-3,782614325000000;-38,481083900000000
339053;2;12;2018;20:00;0;RUA SINGELA;;;0;;Colis?â?úo;;;;Meio de Quadra;;;0;0;2;1;0;0;0;0;0;0;0;0;;
339054;2;12;2018;22:50;12727;RUA JOAO SORONGO;RUA JULIO CESAR D12;;0;;Colis?â?úo;;;;Cruz;Pare;Residencial;0;0;2;1;0;0;0;0;0;1;0;0;-3,750879000000000;-38,543596000000000