COD_ACIDENTE;DIA;MES;ANO;HORA;INTERSECAO;LOG1;LOG2;LOG3;NUMERO;REFERENCIA;NATUREZA;ILUMINACAO;TEMPO;SUPERFICIEPISTA;TIPOCRUZAMENTO;CONTROLETRAFEGO;USOSOLO;MORTOS;FERIDOS;ILESOS;AUTOMOVEL;ONIBUS;BICICLETA;CAMINHAO;MICROONIBUS;CICLOMOTOR;MOTOCICLETA;TRACAOANIMAL;TREM;LATITUDE;LONGITUDE
339055;3;12;2018;13:40;0;AV DOS EXPEDICIONARIOS;;;5262;;Colis?â?úo;Luz do Dia;;;Meio de Quadra;;;0;0;2;1;0;0;0;0;0;0;0;0;-3,766646000000000;-38,541696000000000
339057;3;12;2018;18:00;0;RUA MORADA NOVA;;;100;;Colis?â?úo;Anoitecer;;;Meio de Quadra;;;0;0;2;0;0;0;0;0;0;1;0;0;-3,841700297000000;-38,509770173000000
339064;3;12;2018;18:30;0;RD CE-040;;;0;KM-07;Colis?â?úo;Anoitecer;Bom;Seca;Meio de Quadra;;;0;0;1;0;0;0;0;0;0;0;0;0;-3,817159445000000;-38,483032860000000
338799;3;12;2018;17:30;0;RD BR 116;;;14700;KM-14;Atropelamento;Anoitecer;;;Meio de Quadra;;;0;1;1;0;0;0;0;0;0;1;0;0;-3,873523000000000;-38,499242000000000
338136;3;12;2018;19:51;0;AV MR HULL;;;0;;Atropelamento;;;;Meio de Quadra;;;0;1;0;1;0;0;0;0;0;0;0;0;;
338102;3;12;2018;12:39;0;AV WASHINGTON SOARES;;;0;;Atropelamento;Luz do Dia;;;Meio de Quadra;;;0;1;0;0;0;0;0;0;0;1;0;0;;
338134;3;12;2018;19:46;0;AV JOSE BASTOS;;;2860;;Colis?â?úo;;;;Meio de Quadra;;;0;1;0;1;0;0;0;0;0;0;0;0;-3,743089300000000;-38,544040300000000
338104;3;12;2018;13:26;0;RUA PERGENTINO MAIA;;;555;;Queda;Luz do Dia;;;Meio de Quadra;;;0;1;0;0;0;0;0;0;0;1;0;0;-3,831236904000000;-38,490070247000000
338105;3;12;2018;14:31;0;RUA BERNARDO MANUEL;;;10474;;Colis?â?úo;Luz do Dia;;;Meio de Quadra;;;0;1;0;1;0;0;0;1;0;0;0;0;-3,810304186000000;-38,554944000000000
338106;3;12;2018;14:46;0;RUA URUCUTUBA;;;1278;;Atropelamento;Luz do Dia;;;Meio de Quadra;;;0;1;0;1;0;0;0;0;0;0;0;0;-3,797321000000000;-38,606120000000000
338107;3;12;2018;16:37;0;RUA PDE SA LEITAO;;;1035;;Colis?â?úo;Luz do Dia;;;Meio de Quadra;;;0;1;0;1;0;0;0;0;0;1;0;0;-3,766097102000000;-38,583547521000000
338108;3;12;2018;17:19;0;RUA VIS SABOIA;;;1423;;Queda;Anoitecer;;;Meio de Quadra;;;0;1;0;0;0;1;0;0;0;0;0;0;;
338109;3;12;2018;17:23;0;AV SGT HERMINIO SAMPAIO;;;1628;;Colis?â?úo;Anoitecer;;;Meio de Quadra;;;0;1;0;1;0;0;0;0;0;1;0;0;-3,725382000000000;-38,555149000000000
338086;3;12;2018;12:25;0;AV PRS CASTELO BRANCO;;;3556;;Queda;Luz do Dia;;;Meio de Quadra;;;0;1;0;0;0;1;0;0;0;0;0;0;-3,710065600000000;-38,563497900000000
338083;3;12;2018;13:13;0;AV JOSE BASTOS;;;3132;;Colis?â?úo;Luz do Dia;;;Meio de Quadra;;;0;1;0;1;0;0;0;0;0;1;0;0;-3,747615500000000;-38,548073500000000
338112;3;12;2018;19:05;0;RUA OSCAR FRANCA;;;1416;;Colis?â?úo;;;;Meio de Quadra;;;0;1;0;0;0;0;0;0;0;0;0;0;-3,790270800000000;-38,604191300000000
338113;3;12;2018;19:14;15370;AV DOM LUIS;AV SEN VIRGILIO TAVORA;;0;;Colis?â?úo;;;;Cruz;Sem?â?íforo;Comercial;0;1;0;1;1;0;0;0;0;0;0;0;-3,734829000000000;-38,492507000000000
338076;3;12;2018;11:11;0;VL RIBEIRO;;;1665;;Colis?â?úo;Luz do Dia;;;Meio de Quadra;;;0;1;0;1;0;0;0;0;0;1;0;0;-3,762610000000000;-38,552330000000000
338073;3;12;2018;08:00;10998;RUA ALBERTO MAGNO;RUA DOM CARLOTO TAVORA;;0;;Colis?â?úo;Luz do Dia;;;Cruz;Pare;Residencial;0;1;0;1;0;0;0;0;0;1;0;0;-3,770832000000000;-38,553495000000000
338074;3;12;2018;08:13;0;RUA VALPARAISO;;;603;;Colis?â?úo;Luz do Dia;;;Meio de Quadra;;;0;1;0;0;0;0;1;0;0;1;0;0;-3,844256490000000;-38,525722598000000
338080;3;12;2018;11:15;0;AV RUI BARBOSA;;;2111;;Colis?â?úo;Luz do Dia;;;Meio de Quadra;;;0;1;0;1;0;0;0;0;0;0;0;0;-3,740964000000000;-38,511029000000000
338081;3;12;2018;15:55;0;AV JOSE BASTOS;;;2792;;Colis?â?úo;Luz do Dia;;;Meio de Quadra;;;0;1;0;1;0;0;0;0;0;1;0;0;-3,745156500000000;-38,545578999000000
338099;3;12;2018;12:26;0;RUA NOVA FORTALEZA (MONDUBIM);;;0;;Colis?â?úo;Luz do Dia;;;Meio de Quadra;;;0;1;0;1;0;0;0;0;0;1;0;0;;
338070;3;12;2018;07:23;0;AV 13 DE MAIO;;;1336;;Queda;Luz do Dia;;;Meio de Quadra;;;0;1;0;0;0;0;0;0;0;1;0;0;-3,748122000000000;-38,530741000000000
338071;3;12;2018;07:34;0;RUA ANA FACO;;;99;;Colis?â?úo;Luz do Dia;;;Meio de Quadra;;;0;1;0;1;0;0;0;0;0;1;0;0;-3,715088500000000;-38,561690667000000
336721;3;12;2018;16:40;0;AV CONTORNO NORTE D71;;;1640;;Engavetamento;Via Iluminada;Bom;Seca;Meio de Quadra;N?â?úo H?â?í Controle;Residencial;0;0;4;1;0;0;0;0;0;0;0;0;-3,810120000000000;-38,590570000000000
336724;3;12;2018;14:00;9200;RUA JAIME BENEVOLO;RUA DEP JOAO PONTES;;0;;Colis?â?úo Lateral;Via Iluminada;Bom;Seca;Cruz;N?â?úo H?â?í Controle;Residencial;0;1;1;0;0;0;0;0;0;1;0;0;-3,746140000000000;-38,530076000000000
336730;3;12;2018;21:10;3779;RUA VINTE E QUATRO DE MAIO;RUA ANTONIO POMPEU;;0;;Colis?â?úo Lateral;Via Iluminada;Bom;Seca;Cruz;Pare;Residencial;0;0;2;0;1;0;0;0;0;1;0;0;-3,733667000000000;-38,534186000000000
337007;3;12;2018;06:50;0;AV PRS CASTELO BRANCO;AV DOM MANUEL;;1;;Colis?â?úo Traseira;Luz do Dia;Bom;Seca;;;;0;1;3;1;0;0;0;0;0;1;0;0;-3,723511200000000;-38,519806000000000
337008;3;12;2018;08:42;0;AV LUCIANO CARNEIRO;RUA ALFREDO WEYNE (A. WEYNE);;0;;Colis?â?úo Transversal;Luz do Dia;Bom;Seca;;;;0;0;2;1;0;0;0;0;0;1;0;0;-3,754723000000000;-38,533627000000000
337009;3;12;2018;08:46;13432;AV ANTONIO SALES;AV RUI BARBOSA;;0;;Colis?â?úo Traseira;Luz do Dia;Bom;Seca;Cruz;Sem?â?íforo;Comercial;0;0;2;1;1;0;0;0;0;0;0;0;-3,742611000000000;-38,511569000000000
337010;3;12;2018;09:11;0;AV ALM HENRIQUE SABOIA;RUA STA ESMERALDA D56;;0;;Queda;Luz do Dia;Nublado;Seca;T;Pare;Lazer;0;1;0;0;0;0;0;0;0;1;0;0;-3,751907300000000;-38,498670000000000
337011;3;12;2018;11:46;0;AV PRS COSTA E SILVA;;;151;;N?â?úo Informado;Luz do Dia;Bom;Seca;Meio de Quadra;N?â?úo H?â?í Controle;Residencial;0;1;1;0;0;0;0;0;0;1;0;0;-3,823105800000000;-38,551790000000000
337012;3;12;2018;14:50;0;AV BERNARDO MANUEL;;;10462;;Colis?â?úo Transversal;Luz do Dia;Bom;Seca;Meio de Quadra;N?â?úo H?â?í Controle;Comercial;0;0;2;0;0;0;0;0;0;0;0;0;-3,810773600000000;-38,555256000000000
337013;3;12;2018;16:04;0;AV SEN VIRGILIO TAVORA;RUA GAL POTIGUARA;;0;;Colis?â?úo Traseira;Luz do Dia;Bom;Seca;Cruz;Sem?â?íforo;Residencial;0;1;1;1;0;0;0;0;0;1;0;0;;
337014;3;12;2018;11:20;0;AV JOSE BASTOS;;;3231;;Colis?â?úo Lateral;Luz do Dia;Nublado;Seca;Meio de Quadra;N?â?úo H?â?í Controle;Comercial;0;0;2;0;0;0;0;0;0;1;0;0;-3,747866900000000;-38,548210000000000
337015;3;12;2018;15:00;24331;AV LUCIANO CARNEIRO;RUA ARMANDO MONTEIRO;;0;;Colis?â?úo Transversal;Luz do Dia;Bom;Seca;Cruz;N?â?úo H?â?í Controle;Comercial;0;0;2;1;0;0;0;0;0;0;0;0;-3,763454000000000;-38,536219000000000
337016;3;12;2018;21:00;0;AV AGUANAMBI;;;0;COLEGIO PIAMARTA;Colis?â?úo Traseira;Mal Iluminada;Bom;Seca;Meio de Quadra;Sem?â?íforo;Comercial;0;0;2;1;0;0;0;0;0;0;0;0;-3,760417700000000;-38,523860000000000
337017;3;12;2018;19:05;22345;AV SGT HERMINIO SAMPAIO;RUA ODETE PACHECO;;0;;Colis?â?úo Transversal;Mal Iluminada;Bom;Seca;T;N?â?úo H?â?í Controle;Comercial;0;1;1;1;0;0;0;0;0;1;0;0;-3,725382000000000;-38,555149000000000
337255;3;12;2018;21:46;1580;RUA PDE VALDEVINO;RUA NUNES VALENTE;;0;;N?â?úo Informado;Via Iluminada;Bom;Seca;N?â?úo Informado;Pare;Comercial;0;0;2;1;0;0;0;0;0;0;0;0;-3,742608000000000;-38,505782000000000
338010;3;12;2018;05:28;0;RUA SGT JOAO PINHEIRO;;;1680;;Colis?â?úo;Amanhecer;;;Meio de Quadra;;;0;0;1;1;0;0;0;0;0;1;0;0;-3,786955500000000;-38,623942500000000
337358;3;12;2018;00:11;0;AV PASTEUR;;;1004;;Queda;;;;Meio de Quadra;;;0;1;0;0;0;0;0;0;0;1;0;0;-3,714890000000000;-38,560089000000000
337018;4;12;2018;08:30;9403;RUA FRE ODILON;RUA LUIS GUIMARAES;;0;;Colis?â?úo Transversal;Luz do Dia;Bom;Seca;Cruz;Pare;Residencial;0;0;3;1;0;0;0;0;0;1;0;0;-3,722098000000000;-38,570956000000000
337019;4;12;2018;07:50;0;AV DR SILAS MUNGUBA;;;2333;;Colis?â?úo Lateral;Luz do Dia;Bom;Seca;Outros;N?â?úo H?â?í Controle;Escola;0;1;2;1;0;0;0;0;0;1;0;0;-3,786012600000000;-38,550922000000000
337020;4;12;2018;11:10;0;AV SGT HERMINIO SAMPAIO;;;3470;;Colis?â?úo Transversal;Luz do Dia;Bom;Seca;Meio de Quadra;Sem?â?íforo;Comercial;0;1;1;1;0;0;0;0;0;1;0;0;-3,728613900000000;-38,571686000000000
337021;4;12;2018;13:25;0;RUA MARIO DE ANDRADE;;;867;;N?â?úo Informado;Luz do Dia;Bom;Seca;Meio de Quadra;N?â?úo H?â?í Controle;Residencial;0;2;1;1;0;0;0;0;0;1;0;0;-3,749580000000000;-38,561695000000000
337022;4;12;2018;15:20;0;AV 13 DE MAIO;;;0;;Colis?â?úo Lateral;Luz do Dia;Bom;Seca;Meio de Quadra;Sem?â?íforo;Comercial;0;1;1;1;0;0;0;0;0;1;0;0;-3,752404500000000;-38,525913000000000
337023;4;12;2018;11:00;3883;AV DOS EXPEDICIONARIOS;RUA COSTA SOUZA;;0;;Colis?â?úo Lateral;Luz do Dia;Bom;Seca;T;Pare;Residencial;0;0;2;1;0;0;0;1;0;0;0;0;-3,747745000000000;-38,535932000000000
337024;4;12;2018;18:30;0;AV CARAPINIMA;;;1707;;Queda;Via Iluminada;Bom;Seca;Meio de Quadra;N?â?úo H?â?í Controle;Residencial;0;1;0;0;0;0;0;0;0;1;0;0;-3,736531000000000;-38,536568000000000
337025;4;12;2018;19:30;0;AV BENJAMIM BRASIL;;;0;;Colis?â?úo Transversal;Via Iluminada;Bom;Seca;T;Pare;Residencial;0;0;2;1;0;1;0;0;0;0;0;0;-3,807415200000000;-38,558720000000000
336736;4;12;2018;19:30;10759;RUA ARACAJU;RUA PORTO ALEGRE;;0;;Colis?â?úo Lateral;Via Iluminada;Bom;Seca;Cruz;Pare;Residencial;0;1;1;1;0;0;0;0;0;1;0;0;-3,761398000000000;-38,588435000000000
336732;4;12;2018;21:00;15357;RUA LEONARDO MOTA;RUA PEREIRA VALENTE;;0;;Colis?â?úo Lateral;Via Iluminada;Bom;Seca;Cruz;Pare;Comercial;0;1;1;1;0;0;0;0;0;1;0;0;-3,732885000000000;-38,495134000000000
336741;4;12;2018;18:30;7846;RUA JULIO SIQUEIRA;RUA JOSE VILAR;;0;;Colis?â?úo Transversal;Anoitecer;Bom;Seca;Cruz;Pare;Comercial;0;0;2;1;0;0;0;0;0;1;0;0;-3,749493000000000;-38,509103000000000
336747;4;12;2018;20:30;0;AV PRS COSTA E SILVA;;;0;;Colis?â?úo Lateral;Via Iluminada;Bom;Seca;Meio de Quadra;N?â?úo H?â?í Controle;Residencial;0;0;2;1;0;0;0;0;0;1;0;0;;
338181;4;12;2018;03:03;0;AV WENEFRIDO MELO;;;381;;Queda;;;;Meio de Quadra;;;0;1;0;0;0;0;0;0;0;1;0;0;-3,811155000000000;-38,575417000000000
338191;4;12;2018;13:43;1154;RUA FUGENCIO CRUZ;RUA DR OSVALDO AGUIAR D60;;0;;Atropelamento;Luz do Dia;;;;;;0;1;0;0;0;0;0;0;0;0;0;0;-3,816368000000000;-38,481275000000000
338183;4;12;2018;05:32;0;RUA VITAL BRASIL;;;255;;Colis?â?úo;Amanhecer;;;Meio de Quadra;;;0;1;0;0;0;0;1;0;0;1;0;0;-3,782029000000000;-38,583825000000000
338184;4;12;2018;11:13;0;AV DOMINGOS OLIMPIO;;;180;;Colis?â?úo;Luz do Dia;;;Meio de Quadra;;;0;1;0;0;0;0;0;0;0;1;0;0;-3,738173297000000;-38,526057963000000
338185;4;12;2018;11:57;0;RUA MARTINS DE CASTRO;;;3928;;Colis?â?úo;Luz do Dia;;;Meio de Quadra;;;0;1;0;1;0;0;0;0;0;1;0;0;;
338186;4;12;2018;12:43;0;AV FRANCISCO SA;;;5150;;Colis?â?úo;Luz do Dia;;;Meio de Quadra;;;0;1;0;1;0;0;0;0;0;1;0;0;-3,712996000000000;-38,570278938000000
338187;4;12;2018;13:18;0;RUA PRO JOSE DE BARCELOS;;;190;;Colis?â?úo;Luz do Dia;;;Meio de Quadra;;;0;1;0;0;0;0;0;0;0;1;0;0;-3,735013500000000;-38,550646500000000
338253;4;12;2018;23:00;0;RUA ERICO MOTA;;;464;;Colis?â?úo;;;;Meio de Quadra;;;0;1;0;1;0;0;0;0;0;1;0;0;-3,739956250000000;-38,562052000000000
338248;4;12;2018;20:47;12577;AV MAJ ASSIS;RUA PDE TEODORO (QUNTINO CUNHA);;0;;Colis?â?úo;;;;Cruz;Pare;;0;1;0;0;0;0;0;0;0;0;0;0;-3,723221000000000;-38,590526000000000
338251;4;12;2018;21:31;0;AV ENG HUMBERTO MONTE;;;1285;;Colis?â?úo;;;;Meio de Quadra;;;0;1;0;1;0;0;0;0;0;1;0;0;-3,748175000000000;-38,561237000000000
338197;4;12;2018;15:25;0;AV 13 DE MAIO;;;497;;Colis?â?úo;Luz do Dia;;;Meio de Quadra;;;0;1;0;1;0;0;0;0;0;1;0;0;-3,752271000000000;-38,525876000000000
338208;4;12;2018;18:13;0;AV BORGES DE MELO;;;0;;Colis?â?úo;Anoitecer;;;Meio de Quadra;;;0;1;0;0;0;0;0;0;0;1;0;0;;
338227;4;12;2018;18:40;0;RUA VALPARAISO;;;2020;;Colis?â?úo;;;;Meio de Quadra;;;0;1;0;1;0;1;0;0;0;0;0;0;-3,846398000000000;-38,519856500000000
338228;4;12;2018;19:07;0;AV SEN VIRGILIO TAVORA;;;0;;Colis?â?úo;;;;Meio de Quadra;;;0;1;0;0;0;0;0;0;0;0;0;0;;
338229;4;12;2018;19:29;0;RUA BERNARDO MANUEL;;;7200;;Colis?â?úo;;;;Meio de Quadra;;;0;1;0;1;0;0;0;0;0;1;0;0;-3,781268000000000;-38,546074000000000
338205;4;12;2018;15:58;0;RUA JORGE DUMAR;;;0;;Colis?â?úo;Luz do Dia;;;Meio de Quadra;;;0;1;0;1;0;0;0;0;0;1;0;0;;
338199;4;12;2018;15:21;0;AV ALBERTO CRAVEIRO;;;940;;Colis?â?úo;Luz do Dia;;;Meio de Quadra;;;0;1;0;1;0;0;0;0;0;1;0;0;-3,786445000000000;-38,517203000000000
338800;4;12;2018;08:30;0;RD BR 116;;;5000;KM-05;Colis?â?úo Traseira;Luz do Dia;;;Meio de Quadra;;;0;0;3;0;0;0;0;0;0;0;0;0;-3,796502000000000;-38,506787000000000
338802;4;12;2018;11:00;0;RD BR 222;;;1900;KM-01;Colis?â?úo Traseira;Luz do Dia;;;Meio de Quadra;;;0;0;2;1;0;0;0;0;0;0;0;0;-3,737698444000000;-38,578146930000000
339070;4;12;2018;15:20;0;AV MIN JOSE AMERICO;;;0;;Colis?â?úo;Luz do Dia;Bom;Seca;Meio de Quadra;;;0;0;3;1;0;0;0;0;0;0;0;0;;
339058;4;12;2018;16:15;0;RUA CAP OLAVO;;;0;;Colis?â?úo;Luz do Dia;;;Meio de Quadra;;;0;0;2;1;0;0;0;0;0;0;0;0;;
339060;4;12;2018;18:10;0;AV ENG SERRAINE;;;0;;Colis?â?úo;Anoitecer;;;Meio de Quadra;;;0;0;1;1;0;0;0;0;0;0;0;0;;
338823;5;12;2018;11:22;0;RUA CON DE CASTRO;;;5052;;Colis?â?úo;Luz do Dia;;;Meio de Quadra;;;0;1;0;1;0;0;0;0;0;1;0;0;-3,807276200000000;-38,594219100000000
338824;5;12;2018;11:36;0;RUA ELISARIO MENDES;;;1147;;Atropelamento;Luz do Dia;;;Meio de Quadra;;;0;1;0;1;0;0;0;0;0;0;0;0;-3,817573805000000;-38,493640805000000
338825;5;12;2018;12:27;0;RUA DOM QUINTINO;;;1176;;Queda;Luz do Dia;;;Meio de Quadra;;;0;1;0;0;0;0;0;0;0;1;0;0;-3,710087412000000;-38,559027677000000
338826;5;12;2018;12:30;0;RUA AGAMENON;;;346;;Colis?â?úo;Luz do Dia;;;Meio de Quadra;;;0;1;0;1;0;0;0;0;0;1;0;0;-3,793496612000000;-38,584952796000000
338827;5;12;2018;13:24;0;RUA PORTO VELHO;;;0;;Colis?â?úo;Luz do Dia;;;Meio de Quadra;;;0;1;0;0;0;0;0;0;0;0;0;0;;
339453;5;12;2018;08:40;0;RD CE-040;;;0;KM-10;Colis?â?úo;Luz do Dia;Bom;Seca;Meio de Quadra;;;0;0;2;1;0;0;0;0;0;0;0;0;-3,842576660000000;-38,480882840000000
338801;5;12;2018;10:16;25307;AV DES GONZAGA;AV JOSE LEON;;0;;Colis?â?úo;Luz do Dia;;;T;Pare;Comercial;0;1;0;0;0;0;0;0;0;1;0;0;-3,787080000000000;-38,504513000000000
338829;5;12;2018;13:50;0;RUA MARIA GOMES DE SA;;;1641;;Colis?â?úo;Luz do Dia;;;Meio de Quadra;;;0;1;0;0;0;0;0;0;0;0;0;0;-3,823382500000000;-38,584019179000000
338830;5;12;2018;16:30;0;RUA AMADEU FURTADO;;;692;;Atropelamento;Luz do Dia;;;Meio de Quadra;;;0;1;0;0;0;0;0;0;0;1;0;0;-3,741416333000000;-38,562857333000000
338683;5;12;2018;09:23;0;AV ALBERTO CRAVEIRO;;;2111;;Colis?â?úo;Luz do Dia;;;Meio de Quadra;;;0;1;0;1;0;0;0;0;0;1;0;0;-3,798762000000000;-38,518798000000000
338684;5;12;2018;09:23;11155;RUA ANTONIO BANDEIRA D41;RUA CAMBARA;;0;;Colis?â?úo;Luz do Dia;;;Cruz;Pare;Residencial;0;1;0;1;0;0;0;0;0;1;0;0;-3,783828000000000;-38,564114000000000
338339;5;12;2018;08:14;1380;RUA TORRES CAMARA;RUA NUNES VALENTE;;0;;Colis?â?úo;Luz do Dia;;;Cruz;Pare;Residencial;0;1;0;1;0;0;0;0;0;1;0;0;-3,736618000000000;-38,503856000000000
338342;5;12;2018;09:17;0;RUA JULIO SILVA;;;440;;Queda;Luz do Dia;;;Meio de Quadra;;;0;1;0;0;0;0;0;0;0;1;0;0;;
338322;5;12;2018;08:14;0;RUA SULAMITA PORTELA;;;280;;Queda;Luz do Dia;;;Meio de Quadra;;;0;1;0;0;0;0;0;0;0;1;0;0;-3,730413400000000;-38,601631700000000
338294;5;12;2018;07:50;0;RUA PAULINO ROCHA D32;;;0;;Colis?â?úo;Luz do Dia;;;Meio de Quadra;;;0;1;0;1;0;0;0;0;0;1;0;0;;
338256;5;12;2018;05:37;0;AV DR THEBERGE;;;2021;;Colis?â?úo;Amanhecer;;;Meio de Quadra;;;0;1;0;1;0;0;0;0;0;1;0;0;-3,718213429000000;-38,566128429000000
338260;5;12;2018;06:27;0;AV GAL OSORIO DE PAIVA;;;6652;;Colis?â?úo;Luz do Dia;;;Meio de Quadra;;;0;1;0;1;0;0;0;0;0;1;0;0;-3,811718000000000;-38,608824000000000
338267;5;12;2018;07:00;0;AV JOSE LEON;;;0;;Colis?â?úo;Luz do Dia;;;Meio de Quadra;;;0;1;0;1;0;0;0;0;0;1;0;0;;
338268;5;12;2018;07:07;0;AV JOSE BASTOS;;;0;;Colis?â?úo;Luz do Dia;;;Meio de Quadra;;;0;1;0;0;0;0;0;0;0;0;0;0;;
336749;5;12;2018;09:48;7940;RUA VIS MAUA;RUA CEL ALVES TEIXEIRA;;0;;Outros;Luz do Dia;Bom;Seca;Cruz;Pare;Residencial;0;0;2;1;0;0;1;0;0;0;0;0;-3,747970000000000;-38,503223000000000
337028;5;12;2018;07:26;14419;AV SGT HERMINIO SAMPAIO;RUA JOSE CANDIDO D08;;0;;Colis?â?úo Lateral;Luz do Dia;Nublado;Molhada;T;Sem?â?íforo;Comercial;0;0;2;1;0;0;0;0;0;1;0;0;-3,724638000000000;-38,550431000000000
337029;5;12;2018;08:30;0;AV DEP PAULINO ROCHA;;;46;;Colis?â?úo Lateral;Luz do Dia;Nublado;Molhada;Meio de Quadra;N?â?úo H?â?í Controle;Comercial;0;0;3;1;0;0;0;0;0;1;0;0;-3,800996300000000;-38,507404000000000
337030;5;12;2018;09:59;0;NULL;AV ANTONIO SALES;;0;;Colis?â?úo Lateral;Luz do Dia;Bom;Seca;Cruz;Pare;Comercial;0;0;2;1;0;0;0;0;0;1;0;0;-3,745366600000000;-38,495224000000000
337031;5;12;2018;10:57;20145;RUA POMPILIO GOMES;RUA PRO JOSE SILVEIRA;;0;;Colis?â?úo Transversal;Luz do Dia;Bom;Seca;Cruz;Pare;Residencial;0;0;1;1;0;0;0;0;0;1;0;0;-3,811008000000000;-38,519895000000000
337032;5;12;2018;06:30;0;RUA LUZIA MOREIRA;;;535;;Colis?â?úo Transversal;Luz do Dia;Bom;Seca;;;;0;1;1;1;0;0;0;0;0;1;0;0;-3,780652000000000;-38,593370000000000
337033;5;12;2018;13:35;9658;RUA MARTINS CARVALHO;RUA SGT BARBOSA;;0;;Colis?â?úo Transversal;Luz do Dia;Bom;Seca;Cruz;N?â?úo H?â?í Controle;Residencial;0;1;1;1;0;0;0;0;0;1;0;0;-3,790192000000000;-38,621663000000000
337034;5;12;2018;20:10;0;RUA BRI TORRES;;;0;;Colis?â?úo Transversal;Via Iluminada;Bom;Seca;Meio de Quadra;N?â?úo H?â?í Controle;Residencial;0;1;2;1;0;0;0;0;0;1;0;0;-3,769820200000000;-38,582077000000000
337055;5;12;2018;01:02;0;AV SEN VIRGILIO TAVORA;;;2580;;Colis?â?úo Traseira;Via Iluminada;Bom;Seca;Meio de Quadra;N?â?úo H?â?í Controle;Comercial;0;1;1;1;0;0;0;0;0;0;0;0;-3,748788600000000;-38,497044000000000
337035;6;12;2018;07:37;380;RUA FRANCISCA CLOTILDE;RUA DELMIRO FARIAS;;0;;Colis?â?úo Lateral;Luz do Dia;Bom;Seca;Cruz;Pare;Residencial;0;0;2;1;0;0;0;0;0;0;0;0;-3,744217000000000;-38,554231000000000
337037;6;12;2018;09:54;7708;AV CARNEIRO DE MENDONCA;RUA RODRIGUES ANDRADE;;0;;Colis?â?úo Transversal;Luz do Dia;Bom;Seca;T;Pare;Comercial;0;0;2;0;0;0;0;0;0;1;0;0;-3,765021000000000;-38,565006000000000
337038;6;12;2018;10:00;0;AV GODOFREDO MACIEL;;;927;;N?â?úo Informado;Luz do Dia;Bom;Seca;Meio de Quadra;N?â?úo H?â?í Controle;Comercial;0;2;1;1;0;0;0;0;0;1;0;0;-3,784611700000000;-38,566265000000000
337039;6;12;2018;14:40;0;RUA ISRAEL BEZERRA;RUA PRO FRANCISCO GONCALVES;;0;;Colis?â?úo Transversal;Luz do Dia;Bom;Seca;;;;0;0;2;1;0;0;0;0;0;0;0;0;-3,750917000000000;-38,491880000000000
337040;6;12;2018;21:29;0;RUA DOM XISTO ALBANO;;;1097;;Colis?â?úo Frontal;Via Iluminada;Bom;Seca;Meio de Quadra;N?â?úo H?â?í Controle;Residencial;0;0;2;1;0;0;0;0;0;0;0;0;-3,794259300000000;-38,583030000000000
337041;6;12;2018;20:00;0;AV 13 DE MAIO;;;1523;;Colis?â?úo Lateral;Via Iluminada;Bom;Seca;Meio de Quadra;Sem?â?íforo;Residencial;0;1;2;1;0;0;0;0;0;1;0;0;-3,747231000000000;-38,531910000000000
337068;6;12;2018;11:07;0;AV ALM HENRIQUE SABOIA;;;536;;Colis?â?úo Lateral;Luz do Dia;Nublado;Seca;Meio de Quadra;Sem?â?íforo;Comercial;0;1;1;1;0;0;0;0;0;1;0;0;-3,736877000000000;-38,485140000000000
336745;6;12;2018;00:30;0;AV FRE CIRILO;;;0;;Colis?â?úo;;;;Meio de Quadra;;;1;0;0;0;0;0;0;0;0;1;0;0;;
336752;6;12;2018;16:25;10772;RUA PRO HERIBALDO COSTA;RUA FLORIANOPOLIS;;0;;Colis?â?úo Transversal;Luz do Dia;Bom;Seca;Cruz;N?â?úo H?â?í Controle;Residencial;0;1;1;1;0;0;0;0;0;1;0;0;-3,762010000000000;-38,584913000000000
333484;6;12;2018;16:25;0;RUA PLANALTO DO PICI;;;1899;;Colis?â?úo;Luz do Dia;;;Meio de Quadra;;;0;1;0;0;0;0;0;0;1;0;0;0;-3,752190000000000;-38,580350000000000
338803;6;12;2018;16:45;0;RD BR 116;;;14000;KM-14;Colis?â?úo;Luz do Dia;;;Meio de Quadra;;;0;0;2;1;0;0;1;0;0;0;0;0;-3,873523000000000;-38,499242000000000
339454;7;12;2018;14:30;0;AV SEN CARLOS JEREISSATI (AEROPORTO);;;0;KM 04;Colis?â?úo;Luz do Dia;Bom;Seca;Meio de Quadra;;;0;0;2;1;0;0;0;0;0;0;0;0;-3,774020000000000;-38,550907000000000
339455;7;12;2018;16:05;0;AV SEN CARLOS JEREISSATI (AEROPORTO);;;0;KM 04;Colis?â?úo;Luz do Dia;Bom;Seca;Meio de Quadra;;;0;0;2;1;0;0;0;0;0;0;0;0;-3,774020000000000;-38,550907000000000