COD_ACIDENTE;DIA;MES;ANO;HORA;INTERSECAO;LOG1;LOG2;LOG3;NUMERO;REFERENCIA;NATUREZA;ILUMINACAO;TEMPO;SUPERFICIEPISTA;TIPOCRUZAMENTO;CONTROLETRAFEGO;USOSOLO;MORTOS;FERIDOS;ILESOS;AUTOMOVEL;ONIBUS;BICICLETA;CAMINHAO;MICROONIBUS;CICLOMOTOR;MOTOCICLETA;TRACAOANIMAL;TREM;LATITUDE;LONGITUDE
339061;7;12;2018;09:20;170;AV SGT HERMINIO SAMPAIO;AV ENG SERRAINE;;0;;Colis?â?úo;Luz do Dia;;;;;;0;0;2;0;0;0;0;0;0;1;0;0;-3,734139000000000;-38,585621000000000
339072;7;12;2018;22:40;0;AV DR SILAS MUNGUBA;;;4800;;Colis?â?úo;;;;Meio de Quadra;;;0;0;2;0;1;0;0;0;0;0;0;0;-3,795353770000000;-38,532779869000000
336753;7;12;2018;17:50;0;AV PRS COSTA E SILVA;;;0;;Colis?â?úo;Via Iluminada;Bom;Seca;Meio de Quadra;N?â?úo H?â?í Controle;Comercial;0;1;1;0;0;0;1;0;0;1;0;0;;
336754;7;12;2018;17:30;0;RUA DR JOAQUIM BENTO;;;744;;Colis?â?úo Lateral;Mal Iluminada;Bom;Seca;Meio de Quadra;Outros;Comercial;0;1;2;1;0;0;0;0;0;1;0;0;;
337100;7;12;2018;04:00;3211;RUA EMILIO DE MENESES;RUA VERBENA;;0;;N?â?úo Informado;Via Iluminada;Bom;Seca;Cruz;Sem?â?íforo;Comercial;0;0;1;1;0;0;0;0;0;0;0;0;-3,781344000000000;-38,588838000000000
337265;7;12;2018;18:00;0;RUA MARIO MAMEDE;;;1209;;Colis?â?úo Traseira;Via Iluminada;Bom;Seca;Meio de Quadra;Outros;Residencial;0;1;2;1;0;0;0;0;0;1;0;0;-3,749970632000000;-38,530633842000000
337260;7;12;2018;19:40;18192;AV DIOGUINHO;RUA ALBERTO MONTEIRO;;0;;Colis?â?úo Frontal;Via Iluminada;Bom;Seca;Cruz;Pare;Comercial;0;0;2;1;0;0;0;0;0;0;0;0;-3,767983000000000;-38,440075000000000
337042;7;12;2018;06:50;0;AV HERACLITO GRACA;;;1245;;Atropelamento;Luz do Dia;Bom;Seca;Meio de Quadra;N?â?úo H?â?í Controle;Comercial;0;2;0;0;0;0;0;0;0;1;0;0;-3,736963700000000;-38,513638000000000
337043;7;12;2018;09:27;0;AV JOAO DE ARAUJO LIMA;;;1470;;Colis?â?úo Lateral;Luz do Dia;Bom;Seca;Meio de Quadra;N?â?úo H?â?í Controle;Comercial;0;1;1;1;0;0;0;0;0;1;0;0;-3,834040900000000;-38,561030000000000
337044;7;12;2018;12:34;19152;RUA BATISTA DE OLIVEIRA;RUA LAURO NOGUEIRA;;0;;Colis?â?úo Transversal;Luz do Dia;Bom;Seca;Cruz;Pare;Residencial;0;1;1;1;0;0;0;0;0;0;0;0;-3,740086000000000;-38,478301000000000
337045;7;12;2018;14:42;0;AV ABOLICAO;;;4777;;Engavetamento;Luz do Dia;Bom;Seca;Meio de Quadra;N?â?úo H?â?í Controle;Comercial;0;0;4;1;0;0;0;0;0;0;0;0;-3,721529700000000;-38,478570000000000
337046;7;12;2018;16:15;24135;AV ENG SANTANA JUNIOR;RUA ARGEMIRO CARVALHO;;0;;Colis?â?úo Lateral;Luz do Dia;Bom;Seca;Cruz;N?â?úo H?â?í Controle;Residencial;0;0;2;1;0;0;0;0;0;1;0;0;-3,730162000000000;-38,478631000000000
337047;7;12;2018;15:35;1175;AV ODILON GUIMARAES;AV IZABEL M ALENCAR;;0;;Colis?â?úo Transversal;Luz do Dia;Bom;Seca;Cruz;Pare;Residencial;0;0;2;1;0;0;0;0;0;0;0;0;-3,817893000000000;-38,473680000000000
337048;7;12;2018;17:00;0;AV BEZERRA DE MENEZES;;;113;;Colis?â?úo Traseira;Via Iluminada;Bom;Seca;Meio de Quadra;Sem?â?íforo;Comercial;0;0;2;1;1;0;0;0;0;0;0;0;-3,731642000000000;-38,545647000000000
336577;7;12;2018;20:00;14466;RUA CEL RIBEIRO DA SILVA;RUA HENRIQUE AUTRAN;;0;;Colis?â?úo Transversal;Via Iluminada;Bom;Seca;Cruz;Pare;Residencial;1;0;1;1;0;0;0;0;0;1;0;0;-3,727612000000000;-38,547857000000000
336605;8;12;2018;21:30;0;AV 9 CJ PEQ MONDUBIM;;;423;;Queda;;;;Meio de Quadra;;;1;0;0;0;0;0;0;0;0;1;0;0;-3,818461000000000;-38,581095000000000
337050;8;12;2018;00:20;0;AV BAR STUDART;;;401;PAL?â?üCIO DA ABOLI?âÔÇí?âãÆO;Choque c/ Obst?â?ículo Fixo;Via Iluminada;Bom;Seca;Meio de Quadra;Sem?â?íforo;Comercial;0;1;0;1;0;0;0;0;0;0;0;0;-3,727849200000000;-38,504417000000000
337051;8;12;2018;07:24;7873;AV PONTES VIEIRA;RUA BARBOSA DE FREITAS;;0;;Colis?â?úo Traseira;Luz do Dia;Bom;Seca;Cruz;Sem?â?íforo;Comercial;0;0;4;1;0;0;0;0;0;0;0;0;-3,751381000000000;-38,502094000000000
337052;8;12;2018;14:44;0;AV FRE CIRILO;;;3840;;Colis?â?úo Lateral;Luz do Dia;Bom;Seca;Meio de Quadra;N?â?úo H?â?í Controle;Comercial;0;2;1;1;0;0;0;0;0;1;0;0;-3,821489000000000;-38,498060000000000
337053;8;12;2018;16:36;0;AV DES MOREIRA;;;1199;;Colis?â?úo Traseira;Luz do Dia;Bom;Seca;Meio de Quadra;N?â?úo H?â?í Controle;Comercial;0;1;1;1;0;0;0;0;0;1;0;0;-3,735847700000000;-38,498320000000000
337054;8;12;2018;20:33;0;AV PRS JUSCELINO KUBITSCHEK (PASSAR?âÔÇ?);;;4500;;Colis?â?úo Traseira;Via Iluminada;Bom;Seca;;;;0;0;3;1;0;0;0;0;0;1;0;0;-3,819928600000000;-38,534218000000000
337272;8;12;2018;15:00;0;RUA PINDORAMA;;;188;;Queda;Luz do Dia;Bom;Seca;Meio de Quadra;Outros;Residencial;0;1;1;1;0;0;0;0;0;1;0;0;-3,774897500000000;-38,492772700000000
337281;8;12;2018;06:40;15976;AV GODOFREDO MACIEL;RUA DR RODRIGO C SANDOVAL;;0;;Colis?â?úo Transversal;Luz do Dia;Nublado;Seca;T;Pare;Comercial;0;0;2;0;0;0;1;1;0;0;0;0;-3,804857000000000;-38,572536000000000
336719;8;12;2018;18:30;0;AV BEZERRA DE MENEZES;;;2450;NORTH SHOPPING;Atropelamento;Via Iluminada;Bom;Seca;Meio de Quadra;Sem?â?íforo;Comercial;1;0;1;0;1;0;0;0;0;0;0;0;-3,737259200000000;-38,549857000000000
339080;8;12;2018;22:45;0;AV CEL CARVALHO;;;1557;;Choque c/ Obst?â?ículo Fixo;;;;Meio de Quadra;;;0;0;1;0;0;0;0;0;0;0;0;0;-3,715980200000000;-38,588453000000000
339076;8;12;2018;12:10;10952;RUA 15 DE NOVEMBRO;RUA EQUADOR;;0;;Colis?â?úo;Luz do Dia;;;Cruz;Sem?â?íforo;Residencial;0;0;2;0;0;0;0;0;0;1;0;0;-3,770577000000000;-38,551314000000000
339457;8;12;2018;14:30;0;RD CE-040;;;0;KM-04;Colis?â?úo;Luz do Dia;Bom;Seca;Meio de Quadra;;;0;0;2;1;0;0;0;0;0;0;0;0;-3,791613156000000;-38,480330840000000
339459;8;12;2018;09:30;0;RD CE-040;;;0;KM-07;Colis?â?úo;Luz do Dia;Bom;Seca;Meio de Quadra;;;0;1;4;1;0;0;0;0;0;1;0;0;-3,817159445000000;-38,483032860000000
339460;8;12;2018;15:00;0;RD CE-040;;;0;KM-05;Colis?â?úo;Luz do Dia;Bom;Seca;Meio de Quadra;;;0;0;2;1;0;0;0;0;0;0;0;0;-3,800595823000000;-38,479534630000000
338804;8;12;2018;17:30;0;RD BR 116;;;8000;KM-08;Colis?â?úo Lateral;Anoitecer;;;Meio de Quadra;;;0;1;2;1;0;0;0;0;0;0;0;0;-3,822018000000000;-38,503269000000000
339461;9;12;2018;08:30;0;RD CE-060;;;0;KM-02;Colis?â?úo;Luz do Dia;Bom;Seca;Meio de Quadra;;;0;0;1;1;0;0;0;0;0;0;0;0;-3,834064000000000;-38,582111000000000
339462;9;12;2018;12:20;0;RD CE-040;;;0;KM-04;Colis?â?úo;Luz do Dia;Bom;Seca;Meio de Quadra;;;0;1;2;1;0;0;0;0;0;1;0;0;-3,791613156000000;-38,480330840000000
338041;9;12;2018;22:45;0;RUA JOAO GENTIL;;;0;;Queda;;;;Meio de Quadra;;;0;1;0;0;0;0;0;0;0;1;0;0;;
338032;9;12;2018;19:37;0;AV GODOFREDO MACIEL;;;0;;Colis?â?úo;;;;Meio de Quadra;;;0;1;0;0;0;0;0;0;0;0;0;0;;
338033;9;12;2018;19:42;0;AV PRS CASTELO BRANCO;;;0;;Atropelamento;;;;Meio de Quadra;;;0;1;0;0;0;0;0;0;0;0;0;0;;
338034;9;12;2018;19:56;25009;RUA TEODOMIRO DE CASTRO;RUA TULIPA;;0;;Atropelamento;;;;;;;0;1;1;0;0;0;0;0;0;1;0;0;-3,715652000000000;-38,579975000000000
338035;9;12;2018;20:15;0;AV GAL OSORIO DE PAIVA;;;5870;;Queda;;;;Meio de Quadra;;;0;1;0;0;0;0;0;0;0;1;0;0;-3,807867000000000;-38,605113600000000
338036;9;12;2018;20:27;0;RUA PERNAMBUCO;;;2351;;Colis?â?úo;;;;Meio de Quadra;;;0;1;0;0;0;0;0;0;0;0;0;0;-3,753403000000000;-38,576269000000000
338037;9;12;2018;21:26;10053;RUA TAUBATE;RUA OLIVEIRA SOBRINHO;;0;;Colis?â?úo;;;;Cruz;N?â?úo H?â?í Controle;Residencial;0;1;1;1;0;0;0;0;0;1;0;0;-3,779404000000000;-38,598381000000000
338029;9;12;2018;19:13;0;AV DR THEBERGE;;;300;;Atropelamento;;;;Meio de Quadra;;;0;1;1;0;0;0;0;0;0;1;0;0;-3,707029647000000;-38,562446118000000
338024;9;12;2018;18:31;2283;RUA DOMINGOS DA VEIGA;RUA SEN ROBERT KENNEDY;;0;;Colis?â?úo;;;;Cruz;Pare;Misto;0;1;0;0;0;0;0;0;0;0;0;0;-3,703095000000000;-38,578553000000000
338025;9;12;2018;19:03;1381;AV HERACLITO GRACA;RUA ILDEFONSO ALBANO;;0;;Queda;;;;Duplo T;Sem?â?íforo;Comercial;0;1;0;0;0;1;0;0;0;0;0;0;-3,736811000000000;-38,514324000000000
338022;9;12;2018;17:58;0;RUA CAP CLOVIS MAIA;;;0;;Atropelamento;Anoitecer;;;Meio de Quadra;;;0;1;1;1;0;0;0;0;0;0;0;0;;
337283;9;12;2018;21:00;0;AV JOR THOMAZ COELHO;;;3140;;Colis?â?úo Lateral;Via Iluminada;Bom;Seca;Meio de Quadra;Outros;Comercial;0;2;0;1;0;0;0;0;0;1;0;0;-3,829165240000000;-38,524288020000000
337288;9;12;2018;13:35;246;AV JOVITA FEITOSA;RUA DOM LINO;;0;;Colis?â?úo Transversal;Luz do Dia;Bom;Seca;Cruz;Sem?â?íforo;Comercial;0;1;1;1;0;0;0;0;0;1;0;0;-3,739850000000000;-38,556413000000000
337285;9;12;2018;20:00;0;AV ENG HUMBERTO MONTE;;;809;;Colis?â?úo Lateral;Via Iluminada;Bom;Seca;Meio de Quadra;N?â?úo H?â?í Controle;Residencial;0;0;2;1;0;0;0;0;0;0;0;0;-3,751494731000000;-38,558597308000000
337069;9;12;2018;06:05;15326;AV BAR STUDART;RUA PEREIRA FILGUEIRAS;;0;;Capotamento;Amanhecer;Nublado;Seca;Cruz;Sem?â?íforo;Comercial;0;1;1;1;0;0;0;0;0;0;0;0;-3,730810000000000;-38,505361000000000
337056;9;12;2018;00:45;0;AV ALBERTO CRAVEIRO;;;0;IGREJA DO DIAS MACEDO;Colis?â?úo Traseira;Via Iluminada;Bom;Seca;Meio de Quadra;Sem?â?íforo;Residencial;0;1;0;1;0;0;0;0;0;1;0;0;-3,787306800000000;-38,517124000000000
337057;9;12;2018;04:51;0;RUA DR JOAO MOREIRA;;;0;;Colis?â?úo Lateral;Via Iluminada;Bom;Seca;Meio de Quadra;N?â?úo H?â?í Controle;Comercial;0;0;1;1;0;0;0;0;0;0;0;0;-3,723355800000000;-38,525326000000000
337058;9;12;2018;07:20;8937;RUA CARLOS SEVERO;RUA ANTONIO POMPEU;;0;;Colis?â?úo Transversal;Luz do Dia;Bom;Seca;Cruz;N?â?úo H?â?í Controle;Residencial;0;1;1;1;0;0;0;0;0;1;0;0;-3,731863000000000;-38,541865000000000
337059;9;12;2018;13:58;6224;AV J CJ CEARA;RUA 1030 CJ CEARA;;0;;Colis?â?úo Lateral;Luz do Dia;Bom;Seca;T;Pare;Residencial;0;1;1;1;0;0;0;0;0;1;0;0;-3,767781000000000;-38,616251000000000
337060;9;12;2018;13:55;1519;RUA PDE VALDEVINO;RUA CARLOS VASCONCELOS;;0;;Colis?â?úo Transversal;Luz do Dia;Bom;Seca;Cruz;Sem?â?íforo;Residencial;0;1;1;1;0;0;0;0;0;1;0;0;-3,740277000000000;-38,513190000000000
337061;9;12;2018;16:27;0;AV UM (ARVOREDO);;;1005;;Colis?â?úo Lateral;Luz do Dia;Nublado;Seca;Meio de Quadra;N?â?úo H?â?í Controle;Residencial;0;1;1;0;1;0;0;0;0;1;0;0;-3,824861500000000;-38,568270000000000
337062;9;12;2018;16:50;5359;RUA TEREZA CRISTINA;RUA METON DE ALENCAR;;0;;Colis?â?úo Transversal;Anoitecer;Bom;Seca;Cruz;Sem?â?íforo;Comercial;0;1;2;1;0;0;0;0;0;1;0;0;-3,731262000000000;-38,538031000000000
337108;9;12;2018;19:05;5499;RUA J DA PENHA;RUA PDE VALDEVINO;;0;;Colis?â?úo Transversal;Via Iluminada;Bom;Seca;Cruz;Pare;Comercial;0;1;0;0;0;0;0;0;0;1;0;0;-3,737911000000000;-38,520695000000000
337974;9;12;2018;00:04;20212;RUA SAO TOMAZ DE AQUINO;AV PRS JUSCELINO KUBITSCHEK (PASSAR?âÔÇ?);;0;;Colis?â?úo;;;;Cruz;Pare;Residencial;0;1;0;0;0;0;0;0;0;0;0;0;-3,813772000000000;-38,529791000000000
337975;9;12;2018;00:28;0;RUA CEL DIONISIO ALENCAR;;;1744;;Colis?â?úo;;;;Meio de Quadra;;;0;1;1;1;0;0;0;0;0;1;0;0;;
337976;9;12;2018;03:48;20131;RUA CRISANTO ARRUDA;RUA PRO JOSE SILVEIRA;;0;;Colis?â?úo;;;;Cruz;Pare;Residencial;0;1;1;1;0;0;0;0;0;1;0;0;-3,810268000000000;-38,522564000000000
337977;9;12;2018;03:51;0;RUA PRO COSTA MENDES;;;1560;;Queda;;;;Meio de Quadra;;;0;1;0;0;0;0;0;0;0;1;0;0;-3,749793000000000;-38,552130600000000
337978;9;12;2018;04:19;0;RUA VALPARAISO;;;1054;;Colis?â?úo;;;;Meio de Quadra;;;0;1;1;1;0;0;0;0;0;1;0;0;-3,842069000000000;-38,528409000000000
337984;9;12;2018;06:13;0;AV BAR STUDART;;;0;;Capotamento;Luz do Dia;;;Meio de Quadra;;;0;1;0;0;0;0;0;0;0;0;0;0;;
337985;9;12;2018;06:24;0;RD BR 116;;;2500;KM-04;Colis?â?úo;Luz do Dia;;;Meio de Quadra;;;0;1;1;1;0;0;0;0;0;1;0;0;-3,806109000000000;-38,502401000000000
337981;9;12;2018;04:27;0;AV GODOFREDO MACIEL;;;593;;Colis?â?úo;;;;Meio de Quadra;;;0;1;0;0;0;0;0;0;0;0;0;0;-3,781341000000000;-38,565258000000000
337982;9;12;2018;06:11;20129;RUA POMPILIO GOMES;AV DEP PAULINO ROCHA;;0;;Colis?â?úo;Luz do Dia;;;T;Sem?â?íforo;Comercial;0;1;1;1;0;0;0;0;0;1;0;0;-3,810076000000000;-38,519652000000000
337989;9;12;2018;06:52;0;RUA RAD JOAO RAMOS (DUNAS);;;3000;;Colis?â?úo;Luz do Dia;;;Meio de Quadra;;;0;1;1;1;0;0;0;0;0;1;0;0;;
337992;9;12;2018;09:23;0;RUA PASSEIO DOS CAJUEIROS;;;986;;Queda;Luz do Dia;;;Meio de Quadra;;;0;1;0;0;0;0;0;0;0;1;0;0;-3,778420000000000;-38,453880000000000
338011;9;12;2018;12:48;10011;RUA CARLOS CHAGAS;RUA DUAS NACOES;;0;;Colis?â?úo;Luz do Dia;;;Cruz;Pare;Residencial;0;1;1;1;0;0;0;0;0;1;0;0;-3,775462000000000;-38,601634000000000
338013;9;12;2018;14:46;0;AV MOZART PINHEIRO DE LUCENA;;;1075;;Colis?â?úo;Luz do Dia;;;Meio de Quadra;;;0;1;1;1;0;0;0;0;0;1;0;0;-3,712213906000000;-38,593940000000000
338014;9;12;2018;15:00;25844;RUA TEODOMIRO DE CASTRO;RUA ALFREDO WEYNE (A. WEYNE);;0;;Queda;Luz do Dia;;;;;;0;1;0;0;0;0;0;0;0;1;0;0;-3,718462000000000;-38,572879000000000
337996;9;12;2018;09:53;0;AV DA UNIVERSIDADE;;;1932;;Queda;Luz do Dia;;;Meio de Quadra;;;0;1;0;0;0;1;0;0;0;0;0;0;-3,735230509000000;-38,533890473000000
337998;9;12;2018;10:46;16983;RUA MARIA GOMES DE SA;RUA AURELIANO LEAL;;0;;Colis?â?úo;Luz do Dia;;;Cruz;Pare;Residencial;0;1;1;0;0;0;1;0;0;1;0;0;-3,823255000000000;-38,584124000000000
338002;9;12;2018;12:13;0;RUA TEODORO DE PAIVA;;;142;;Atropelamento;Luz do Dia;;;Meio de Quadra;;;0;1;1;1;0;0;0;0;0;0;0;0;-3,777050000000000;-38,496720000000000
338000;9;12;2018;12:11;4733;AV WASHINGTON SOARES;AV MIN JOSE AMERICO;;0;;Colis?â?úo;Luz do Dia;;;;D?â?¬ Prefer?â?¬ncia;Outros;0;1;1;1;0;0;0;0;0;1;0;0;-3,812650000000000;-38,479419000000000
338017;9;12;2018;15:29;0;AV ALBERTO CRAVEIRO;;;0;;Colis?â?úo;Luz do Dia;;;Meio de Quadra;;;0;1;1;1;0;0;0;0;0;1;0;0;;
338018;9;12;2018;15:53;0;RUA 8 DE SETEMBRO;;;1444;;Colis?â?úo;Luz do Dia;;;Meio de Quadra;;;0;1;1;1;0;0;0;0;0;0;0;0;;
338019;9;12;2018;16:57;0;AV BEZERRA DE MENEZES;;;25;;Colis?â?úo;Luz do Dia;;;Meio de Quadra;;;0;1;1;1;0;0;0;0;0;1;0;0;-3,730548000000000;-38,539973000000000
338020;9;12;2018;17:13;0;AV SEN FERNANDES TAVORA;;;0;;Colis?â?úo;Anoitecer;;;Meio de Quadra;;;0;1;1;0;0;0;0;0;0;1;0;0;;
337063;10;12;2018;08:36;0;RUA CARDEAL;;;310;;Colis?â?úo Transversal;Luz do Dia;Nublado;Inundada;Meio de Quadra;Pare;Residencial;0;1;1;0;1;1;0;0;0;0;0;0;-3,752697500000000;-38,593227000000000
337065;10;12;2018;08:30;0;RUA SAO PAULO;RUA SAO FRANCISCO DE ASSIS;;0;;Colis?â?úo Lateral;Luz do Dia;Bom;Molhada;Meio de Quadra;Pare;Comercial;0;1;1;0;0;0;0;0;0;1;0;0;-3,720247000000000;-38,545185000000000
337066;10;12;2018;09:49;3861;AV DA UNIVERSIDADE;RUA SEN CATUNDA;;0;;Colis?â?úo Transversal;Luz do Dia;Nublado;Seca;Cruz;Pare;Comercial;0;1;1;1;0;0;0;0;0;1;0;0;-3,738943000000000;-38,537278000000000
337067;10;12;2018;10:59;0;AV JOSE JATAHY;;;305;;Colis?â?úo Traseira;Luz do Dia;Bom;Seca;Meio de Quadra;Pare;Comercial;0;0;2;0;0;0;0;0;0;0;0;0;-3,722830800000000;-38,546580000000000
337070;10;12;2018;15:55;275;RUA ABILIO MARTINS;RUA PRO LINO ENCARNACAO;;0;;Colis?â?úo Lateral;Luz do Dia;Bom;Seca;Cruz;Pare;Comercial;0;0;2;1;0;0;0;0;0;0;0;0;-3,742159000000000;-38,560467000000000
337071;10;12;2018;17:00;0;AV BERNARDO MANUEL;;;10735;;Colis?â?úo;Luz do Dia;Bom;Seca;Meio de Quadra;N?â?úo H?â?í Controle;Comercial;0;1;1;0;1;1;0;0;0;0;0;0;-3,813028000000000;-38,555668000000000
337294;10;12;2018;09:40;25486;AV SEN CARLOS JEREISSATI (AEROPORTO);AV ALBERTO CRAVEIRO;;0;;Colis?â?úo Lateral;Luz do Dia;Bom;Seca;Y;Sem?â?íforo Intermitente;Outros;0;1;1;0;0;0;0;0;0;1;0;0;-3,783767000000000;-38,516874000000000
338042;10;12;2018;06:48;0;RUA CAR ARCO VERDE;;;285;;Colis?â?úo;Luz do Dia;;;Meio de Quadra;;;0;1;0;0;0;0;0;0;0;0;0;0;;
338052;10;12;2018;07:55;26091;AV JOSE JATAHY;AV JOVITA FEITOSA;;0;;Queda;Luz do Dia;;;Cruz;Sem?â?íforo;Residencial;0;1;0;0;0;0;0;0;0;1;0;0;-3,737273000000000;-38,543936000000000
338053;10;12;2018;07:56;7851;RUA JOSE VILAR;AV PONTES VIEIRA;;0;;Queda;Luz do Dia;;;Cruz;Sem?â?íforo;Comercial;0;1;0;0;0;0;0;0;0;1;0;0;-3,752317000000000;-38,510030000000000
338054;10;12;2018;08:01;0;RD BR 020;;;0;;Colis?â?úo;Luz do Dia;;;Meio de Quadra;;;0;1;1;1;0;0;0;0;0;1;0;0;;
338055;10;12;2018;08:05;0;AV DOMINGOS OLIMPIO;;;161;;Queda;Luz do Dia;;;Meio de Quadra;;;0;1;0;0;0;0;0;0;0;1;0;0;-3,738367790000000;-38,525466105000000
338045;10;12;2018;06:52;0;RUA GRACO CARDOSO;;;73;;Colis?â?úo;Luz do Dia;;;Meio de Quadra;;;0;1;0;0;0;0;0;0;0;0;0;0;-3,752436400000000;-38,593373233000000
338048;10;12;2018;07:18;0;RUA GRACA ARANHA;;;429;;Queda;Luz do Dia;;;Meio de Quadra;;;0;1;0;0;0;0;0;0;0;1;0;0;-3,714290000000000;-38,575360000000000
338049;10;12;2018;07:42;0;AV MIN JOSE AMERICO;;;275;;Queda;Luz do Dia;;;Meio de Quadra;;;0;1;0;0;0;0;0;0;0;1;0;0;-3,811474000000000;-38,496335000000000
338114;10;12;2018;09:07;17414;RUA 15 DE NOVEMBRO;RUA ZACARIAS GONDIM;;0;;Colis?â?úo;Luz do Dia;;;Cruz;Pare;Comercial;0;1;1;1;0;0;0;0;0;1;0;0;-3,768021000000000;-38,558445000000000
338115;10;12;2018;09:32;16034;RUA GAL CORDEIRO NETO;RUA FRANCISCO BENTO;;0;;Colis?â?úo;Luz do Dia;;;;;;0;1;1;1;0;0;0;0;0;1;0;0;-3,813479000000000;-38,572956000000000
338116;10;12;2018;09:49;0;AV SEN CARLOS JEREISSATI (AEROPORTO);;;741;;Colis?â?úo;Luz do Dia;;;Meio de Quadra;;;0;1;0;0;0;0;0;0;0;0;0;0;-3,784360000000000;-38,518098000000000
338117;10;12;2018;11:31;0;AV SGT HERMINIO SAMPAIO;;;1511;;Colis?â?úo;Luz do Dia;;;Meio de Quadra;;;0;1;1;1;0;0;0;0;0;1;0;0;-3,725194460000000;-38,554068946000000
338118;10;12;2018;12:47;3797;RUA PDE MORORO;RUA JUSTINIANO DE SERPA;;0;;Colis?â?úo;Luz do Dia;;;;Pare;Residencial;0;1;1;1;0;0;0;0;0;1;0;0;-3,737869000000000;-38,541448000000000
338119;10;12;2018;13:01;0;RUA BERNARDO MANUEL;;;10694;;Colis?â?úo;Luz do Dia;;;Meio de Quadra;;;0;1;1;1;0;0;0;0;0;1;0;0;-3,812879385000000;-38,555734714000000
338120;10;12;2018;13:01;0;AV A CJ CEARA;;;315;;Colis?â?úo;Luz do Dia;;;Meio de Quadra;;;0;1;1;1;0;0;0;0;0;1;0;0;-3,766263600000000;-38,597023200000000
338121;10;12;2018;13:15;0;RUA VIS MAUA;;;0;;Colis?â?úo;Luz do Dia;;;Meio de Quadra;;;0;1;1;1;0;0;0;0;0;1;0;0;;
338122;10;12;2018;13:46;0;RUA BIAS MENDES;;;1301;;Colis?â?úo;Luz do Dia;;;Meio de Quadra;;;0;1;0;0;0;0;0;0;0;0;0;0;-3,776630000000000;-38,591140000000000
338123;10;12;2018;14:46;0;AV JOSE BASTOS;;;196;;Colis?â?úo;Luz do Dia;;;Meio de Quadra;;;0;1;1;0;0;0;0;0;0;1;0;0;-3,742319800000000;-38,542917200000000
338124;10;12;2018;15:42;0;RUA BERNARDO MANUEL;;;10768;;Colis?â?úo;Luz do Dia;;;Meio de Quadra;;;0;1;0;0;0;0;0;0;0;0;0;0;-3,813379000000000;-38,555896500000000
338125;10;12;2018;16:25;0;RUA HIPOLITO PAMPLONA;;;310;;Colis?â?úo;Luz do Dia;;;Meio de Quadra;;;0;1;0;0;0;0;0;0;0;0;0;0;-3,744567047000000;-38,596184491000000
338126;10;12;2018;16:49;10832;RUA CIDADE RIO BRANCO;RUA AUDISIO PINHEIRO;;0;;Colis?â?úo;Luz do Dia;;;;;;0;1;0;0;0;0;0;0;0;1;0;0;;
338127;10;12;2018;18:22;0;RUA BETEL;;;500;;Queda;Anoitecer;;;Meio de Quadra;;;0;1;0;0;0;0;0;0;0;1;0;0;;
338128;10;12;2018;18:30;0;RUA TEN JURANDIR ALENCAR;;;56;;Colis?â?úo;Anoitecer;;;Meio de Quadra;;;0;1;1;1;0;0;0;0;0;1;0;0;-3,831679000000000;-38,494679500000000
338135;10;12;2018;20:02;0;RUA GURGEL DO AMARAL;;;0;;Colis?â?úo;;;;Meio de Quadra;;;0;1;1;1;0;0;0;0;0;1;0;0;;
338133;10;12;2018;19:12;0;AV BULEVAR I;;;579;;Colis?â?úo;;;;Meio de Quadra;;;0;1;1;1;0;0;0;0;0;1;0;0;-3,833540000000000;-38,523330000000000
338138;10;12;2018;22:26;0;RUA AMADEU FURTADO;;;614;;Colis?â?úo;;;;Meio de Quadra;;;0;1;0;0;0;0;0;0;0;0;0;0;-3,740883968000000;-38,562974871000000
338140;10;12;2018;22:56;0;RUA DOM CARLOTO TAVORA;;;504;;Colis?â?úo;;;;Meio de Quadra;;;0;1;1;0;0;0;0;0;0;1;0;0;-3,770089109000000;-38,555574982000000
338141;10;12;2018;23:31;0;RUA RICARDO PONTES;;;832;;Colis?â?úo;;;;Meio de Quadra;;;0;1;1;0;0;0;0;0;0;1;0;0;-3,745921900000000;-38,530280000000000
339541;10;12;2018;11:30;0;AV MIN JOSE AMERICO;;;0;;Colis?â?úo;Luz do Dia;Bom;Seca;Meio de Quadra;;;0;0;2;1;0;0;0;0;0;0;0;0;;
339542;10;12;2018;09:45;0;AV SEN CARLOS JEREISSATI (AEROPORTO);;;0;KM 04;Colis?â?úo;Luz do Dia;Bom;Seca;Meio de Quadra;;;0;1;2;1;0;0;0;0;0;0;0;0;-3,774020000000000;-38,550907000000000
339544;10;12;2018;21:00;0;ROD CE 010;;;0;;Colis?â?úo;;Bom;Seca;Meio de Quadra;;;0;0;2;1;0;0;0;0;0;0;0;0;;
339083;10;12;2018;11:00;0;AV SEN CARLOS JEREISSATI (AEROPORTO);;;0;KM 04;Colis?â?úo;Luz do Dia;;;Meio de Quadra;;;0;0;2;1;0;0;0;0;0;0;0;0;-3,774020000000000;-38,550907000000000