COD_ACIDENTE;DIA;MES;ANO;HORA;INTERSECAO;LOG1;LOG2;LOG3;NUMERO;REFERENCIA;NATUREZA;ILUMINACAO;TEMPO;SUPERFICIEPISTA;TIPOCRUZAMENTO;CONTROLETRAFEGO;USOSOLO;MORTOS;FERIDOS;ILESOS;AUTOMOVEL;ONIBUS;BICICLETA;CAMINHAO;MICROONIBUS;CICLOMOTOR;MOTOCICLETA;TRACAOANIMAL;TREM;LATITUDE;LONGITUDE
339085;10;12;2018;10:40;5424;RUA BAR RIO BRANCO;RUA METON DE ALENCAR;;0;;Colis?â?úo;Luz do Dia;;;Cruz;Sem?â?íforo;Comercial;0;0;2;0;1;0;0;0;0;0;0;0;-3,733701000000000;-38,530563000000000
338808;10;12;2018;18:30;0;RD BR 116;;;6000;KM-06;Queda;Anoitecer;;;Meio de Quadra;;;0;1;0;0;0;0;0;0;0;1;0;0;-3,804691000000000;-38,503053000000000
339087;11;12;2018;08:20;0;AV PRS COSTA E SILVA;;;0;;Colis?â?úo;Luz do Dia;;;Meio de Quadra;;;0;0;2;0;1;0;0;0;0;1;0;0;;
339545;11;12;2018;07:05;0;AV MIN JOSE AMERICO;;;0;;Colis?â?úo;Luz do Dia;Bom;Seca;Meio de Quadra;;;0;0;2;1;0;0;0;0;0;0;0;0;;
339547;11;12;2018;20:00;0;AV SEN CARLOS JEREISSATI (AEROPORTO);;;0;KM 02;Engavetamento;;Bom;Seca;Meio de Quadra;;;0;0;3;1;0;0;0;0;0;0;0;0;-3,782194000000000;-38,535424000000000
338142;11;12;2018;01:56;0;RUA VITORIA;;;0;;Colis?â?úo;;;;Meio de Quadra;;;0;1;0;0;0;0;0;0;0;0;0;0;;
338143;11;12;2018;03:03;0;RUA VITORIA;;;264;;Choque c/ Obst?â?ículo Fixo;;;;Meio de Quadra;;;0;1;0;1;0;0;0;0;0;0;0;0;-3,761390400000000;-38,586682000000000
338144;11;12;2018;05:04;0;AV PRS COSTA E SILVA;;;1822;;Colis?â?úo;Amanhecer;;;Meio de Quadra;;;0;1;0;0;0;0;0;0;0;0;0;0;-3,818682700000000;-38,563910300000000
338145;11;12;2018;05:14;0;AV ENG HUMBERTO MONTE;;;2754;;Colis?â?úo;Amanhecer;;;Meio de Quadra;;;0;1;0;0;0;0;0;0;0;0;0;0;-3,739666000000000;-38,568335500000000
338146;11;12;2018;05:15;0;AV DEP PAULINO ROCHA;;;3025;;Queda;Amanhecer;;;Meio de Quadra;;;0;1;0;0;0;0;0;0;0;1;0;0;-3,805480000000000;-38,508220000000000
338152;11;12;2018;06:44;23410;RUA FRE VIDAL;RUA CAP TIBURCIO DA FROTA;;0;;Colis?â?úo;Luz do Dia;;;Cruz;Pare;Residencial;0;1;0;0;0;0;0;0;0;0;0;0;-3,755388000000000;-38,517826000000000
338150;11;12;2018;06:42;12251;RUA MORADA NOVA;RUA REGINA CELIA;;0;;Queda;Luz do Dia;;;;;;0;1;0;0;0;0;0;0;0;1;0;0;-3,843498000000000;-38,510473000000000
338176;11;12;2018;11:47;0;AV SGT HERMINIO SAMPAIO;;;0;;Atropelamento;Luz do Dia;;;Meio de Quadra;;;0;1;1;0;0;0;0;0;0;1;0;0;;
338171;11;12;2018;10:17;0;AV PERIMETRAL;;;303;;Atropelamento;Luz do Dia;;;Meio de Quadra;;;0;1;1;0;0;0;0;0;0;1;0;0;;
338172;11;12;2018;10:36;12699;AV CEL CARVALHO;AV MAJ ASSIS;;0;;Colis?â?úo;Luz do Dia;;;Cruz;Sem?â?íforo;Comercial;0;1;1;1;0;1;0;0;0;0;0;0;-3,723796000000000;-38,586255000000000
338173;11;12;2018;10:52;0;AV AGUANAMBI;;;1000;;Colis?â?úo;Luz do Dia;;;Meio de Quadra;;;0;1;1;1;0;0;0;0;0;1;0;0;-3,745224000000000;-38,525445000000000
338168;11;12;2018;09:33;13775;RUA LUIZA MIRANDA COELHO;RUA JOSE B PARENTE D59;;0;;Colis?â?úo;Luz do Dia;;;Cruz;Pare;Residencial;0;1;1;1;0;0;0;0;0;1;0;0;-3,775236000000000;-38,486236000000000
338166;11;12;2018;08:16;54;RUA CEL JOAQUIM FRANKLIN;RUA HUGO VITOR;;0;;Colis?â?úo;Luz do Dia;;;;;;0;1;1;1;0;0;0;0;0;1;0;0;-3,742925000000000;-38,591153000000000
338163;11;12;2018;07:45;22032;RUA GAL BERNARDO FIGUEIREDO;RUA FRE MARCELINO;;0;;Queda;Luz do Dia;;;;;;0;1;0;0;0;0;0;0;0;1;0;0;-3,738913000000000;-38,548117000000000
338164;11;12;2018;07:56;0;AV DOMINGOS OLIMPIO;;;1625;;Queda;Luz do Dia;;;Meio de Quadra;;;0;1;0;0;0;0;0;0;0;1;0;0;-3,734417886000000;-38,537852457000000
338157;11;12;2018;07:28;0;AV N CJ CEARA;;;0;;Colis?â?úo;Luz do Dia;;;Meio de Quadra;;;0;1;1;1;0;0;0;0;0;1;0;0;;
338155;11;12;2018;07:12;12581;RUA PDE TEODORO (QUNTINO CUNHA);RUA PEDRO SAMPAIO;;0;;Colis?â?úo;Luz do Dia;;;Cruz;N?â?úo H?â?í Controle;Residencial;0;1;1;1;0;0;0;0;0;1;0;0;-3,725311000000000;-38,591133000000000
338200;11;12;2018;18:33;0;RUA BARBOSA DE FREITAS;;;320;;Colis?â?úo;;;;Meio de Quadra;;;0;1;1;1;0;1;0;0;0;0;0;0;-3,738060000000000;-38,497820000000000
338201;11;12;2018;19:12;0;RUA FRE ODILON;;;0;;Colis?â?úo;;;;Meio de Quadra;;;0;1;1;1;0;0;0;0;0;1;0;0;;
338196;11;12;2018;17:24;0;RUA PORTO VELHO;;;394;;Colis?â?úo;Anoitecer;;;Meio de Quadra;;;0;1;1;1;0;0;0;0;0;1;0;0;-3,767276966000000;-38,584586361000000
338193;11;12;2018;14:27;7409;RUA AUDISIO PINHEIRO;RUA PRO PAULO LOPES;;0;;Colis?â?úo;Luz do Dia;;;Cruz;Pare;Residencial;0;1;1;0;0;0;0;0;0;1;0;0;-3,755634000000000;-38,587319000000000
338194;11;12;2018;15:46;0;RUA PERU;;;248;;Queda;Luz do Dia;;;Meio de Quadra;;;0;1;0;0;0;1;0;0;0;0;0;0;;
338203;11;12;2018;19:25;0;AV MAE LISBOA;;;0;;Queda;;;;Meio de Quadra;;;0;1;0;0;0;0;0;0;0;1;0;0;;
338216;11;12;2018;19:32;0;AV SEN CARLOS JEREISSATI (AEROPORTO);;;0;;Colis?â?úo;;Bom;Seca;Meio de Quadra;;;0;1;1;1;0;0;0;0;0;1;0;0;;
338218;11;12;2018;19:46;0;AV MARIO LINHARES (SAPIRANGA);;;17;;Queda;;;;Meio de Quadra;;;0;1;0;0;0;0;0;0;0;1;0;0;;
338219;11;12;2018;20:20;23052;RUA DR JUSTA ARAUJO D45;RUA JULIO VERNE;;0;;Queda;;;;;;;0;1;0;0;0;0;0;0;0;1;0;0;-3,776529000000000;-38,550335000000000
338221;11;12;2018;23:03;0;AV ALM BARROSO;;;714;;Colis?â?úo;;;;Meio de Quadra;;;0;1;1;1;0;0;0;0;0;1;0;0;-3,720403000000000;-38,516762000000000
338222;11;12;2018;23:41;0;AV JOR THOMAZ COELHO;;;0;;Queda;;;;Meio de Quadra;;;0;1;0;0;0;0;0;0;0;1;0;0;;
337073;11;12;2018;07:19;0;RUA POMPILIO GOMES;;;1547;;Colis?â?úo Transversal;Luz do Dia;Chuva;Molhada;;;;0;1;1;1;0;0;0;0;0;1;0;0;-3,825524300000000;-38,521168000000000
337074;11;12;2018;08:03;634;AV PASTEUR;RUA GOMES PASSOS;;0;;Colis?â?úo Transversal;Luz do Dia;Chuva;Molhada;Cruz;Pare;Comercial;0;0;2;1;0;0;0;0;0;0;0;0;-3,711941000000000;-38,559096000000000
337075;11;12;2018;08:34;0;RUA MANUEL JESUINO;;;198;;Colis?â?úo Lateral;Luz do Dia;Nublado;Molhada;Meio de Quadra;N?â?úo H?â?í Controle;Residencial;0;1;1;1;0;0;0;0;0;1;0;0;-3,727145400000000;-38,484936000000000
337076;11;12;2018;07:25;9039;RUA PDE MIGUELINHO;RUA BAR RIO BRANCO;;0;;Colis?â?úo Transversal;Luz do Dia;Chuva;Molhada;Cruz;Pare;Comercial;0;1;2;1;0;0;0;0;0;0;0;0;-3,742749000000000;-38,533460000000000
337077;11;12;2018;09:15;0;AV ENG SANTANA JUNIOR;;;2468;;Atropelamento;Luz do Dia;Chuva;Molhada;Meio de Quadra;N?â?úo H?â?í Controle;Comercial;0;1;1;0;0;0;0;0;0;1;0;0;-3,743298500000000;-38,487240000000000
337078;11;12;2018;09:40;7909;AV DES MOREIRA;RUA FRANCISCO HOLANDA;;0;;Colis?â?úo Traseira;Luz do Dia;Nublado;Molhada;Cruz;Sem?â?íforo;Comercial;0;0;2;0;1;0;0;0;0;1;0;0;-3,749355000000000;-38,502540000000000
337079;11;12;2018;10:38;15189;AV ABOLICAO;RUA FRE MANSUETO;;0;;Colis?â?úo Traseira;Luz do Dia;Nublado;Seca;Cruz;Sem?â?íforo;Comercial;0;0;3;1;0;0;0;0;0;0;0;0;-3,726368000000000;-38,489324000000000
337080;11;12;2018;07:05;0;AV EDILSON B SOARES;;;2600;;Colis?â?úo Transversal;Luz do Dia;Bom;Seca;Meio de Quadra;N?â?úo H?â?í Controle;Residencial;0;0;2;1;0;0;0;0;0;0;0;0;-3,787985600000000;-38,462353000000000
337081;11;12;2018;16:05;10963;RUA ANTONIO FIUZA;RUA 15 DE NOVEMBRO;;0;;Colis?â?úo Lateral;Luz do Dia;Bom;Seca;Cruz;Sem?â?íforo;Comercial;0;0;2;1;0;0;0;0;0;0;0;0;-3,770252000000000;-38,552228000000000
337082;11;12;2018;01:44;24988;RUA FRE MANSUETO;RUA TAVARES COUTINHO;;0;;Colis?â?úo Transversal;Via Iluminada;Bom;Seca;Cruz;Sem?â?íforo;Comercial;0;2;0;1;0;0;0;0;0;0;0;0;-3,732638000000000;-38,488784000000000
337083;11;12;2018;17:10;0;AV OLIVEIRA PAIVA;;;400;;Engavetamento;Luz do Dia;Bom;Seca;Meio de Quadra;N?â?úo H?â?í Controle;Residencial;0;0;3;1;0;0;0;0;0;0;0;0;-3,798027300000000;-38,501884000000000
337084;11;12;2018;19:27;261;AV JOVITA FEITOSA;RUA PRO LINO ENCARNACAO;;0;;Colis?â?úo;Via Iluminada;Bom;Seca;Cruz;Sem?â?íforo Intermitente;Residencial;0;1;1;0;1;1;0;0;0;0;0;0;-3,740720000000000;-38,560746000000000
337085;11;12;2018;22:20;12766;RUA ALEXANDRE BARAUNA;RUA QUINTINO CUNHA;;0;;Colis?â?úo Transversal;Via Iluminada;Bom;Seca;Cruz;Pare;Residencial;0;0;2;1;0;0;0;0;0;0;0;0;-3,752943000000000;-38,546214000000000
337086;12;12;2018;00:43;18303;AV ALM BARROSO;RUA ITAPIPOCA;;0;;Colis?â?úo Transversal;Via Iluminada;Bom;Seca;T;Pare;Comercial;0;0;1;1;0;0;0;0;0;1;0;0;-3,720403000000000;-38,516762000000000
337087;12;12;2018;10:52;9081;AV 13 DE MAIO;AV AGUANAMBI;;0;;Colis?â?úo Lateral;Luz do Dia;Bom;Seca;T;N?â?úo H?â?í Controle;Comercial;0;0;2;1;1;0;0;0;0;0;0;0;-3,753844000000000;-38,523451000000000
337088;12;12;2018;09:45;5053;RUA SEN ALENCAR;RUA AGAPITO DOS SANTOS;;0;;Colis?â?úo Transversal;Luz do Dia;Bom;Seca;Cruz;Pare;Residencial;0;1;1;1;0;0;0;0;0;1;0;0;-3,721799000000000;-38,537552000000000
337089;12;12;2018;12:30;0;AV DUQ CAXIAS;;;641;;Colis?â?úo Traseira;Luz do Dia;Bom;Seca;Meio de Quadra;Sem?â?íforo;Comercial;0;1;1;1;0;0;0;0;0;1;0;0;-3,731710000000000;-38,530293000000000
337090;12;12;2018;19:23;15347;AV DOM LUIS;RUA TIBURCIO CAVALCANTE;;0;;Colis?â?úo Lateral;Via Iluminada;Bom;Seca;T;Sem?â?íforo;Comercial;0;0;2;1;1;0;0;0;0;0;0;0;-3,732021000000000;-38,501313000000000
337091;12;12;2018;19:15;1601;RUA PDE VALDEVINO;RUA VIS MAUA;;0;;Capotamento;Via Iluminada;Bom;Seca;Cruz;Pare;Comercial;0;1;2;1;0;0;0;0;0;0;0;0;-3,743773000000000;-38,501876000000000
337092;12;12;2018;20:28;0;AV TRISTAO GONCALVES;;;378;;Colis?â?úo Lateral;Via Iluminada;Bom;Seca;Meio de Quadra;Sem?â?íforo;Comercial;0;2;1;1;0;0;0;0;0;1;0;0;-3,725139000000000;-38,532680000000000
337093;12;12;2018;20:13;0;AV GAL OSORIO DE PAIVA;;;600;;Colis?â?úo;Via Iluminada;Bom;Seca;Meio de Quadra;N?â?úo H?â?í Controle;Comercial;0;1;1;1;0;0;0;0;0;1;0;0;-3,776434000000000;-38,567570000000000
337298;12;12;2018;21:30;1303;AV DOM LUIS;RUA BARBOSA DE FREITAS;;0;;Colis?â?úo Transversal;Via Iluminada;Bom;Seca;Cruz;Sem?â?íforo;Comercial;0;1;1;1;0;0;0;0;0;1;0;0;-3,733564000000000;-38,496396000000000
338237;12;12;2018;08:11;0;AV JOSE BASTOS;;;2866;;Queda;Luz do Dia;;;Meio de Quadra;;;0;1;0;0;0;0;0;0;0;1;0;0;-3,746158500000000;-38,546583000000000
338269;12;12;2018;17:20;0;AV GODOFREDO MACIEL;;;0;;Colis?â?úo;Anoitecer;;;Meio de Quadra;;;0;1;1;0;0;0;0;0;0;1;0;0;;
338262;12;12;2018;17:06;0;RUA BAR CRATO;;;1460;;Colis?â?úo;Anoitecer;;;Meio de Quadra;;;0;1;1;1;0;0;0;0;0;1;0;0;-3,721997756000000;-38,562387293000000
338259;12;12;2018;15:53;0;RUA RIO GRANDE DO NORTE;;;1180;;Colis?â?úo;Luz do Dia;;;Meio de Quadra;;;0;1;1;1;0;0;0;0;0;1;0;0;-3,758773000000000;-38,567319800000000
338255;12;12;2018;13:31;25006;RUA LEONARDO MOTA;RUA BENI DE CARVALHO;;0;;Colis?â?úo;Luz do Dia;;;Cruz;Sem?â?íforo;Comercial;0;1;1;1;0;0;0;0;0;1;0;0;-3,744739000000000;-38,498931000000000
338252;12;12;2018;13:16;0;RUA JULIO BRAGA;;;1990;;Atropelamento;Luz do Dia;;;Meio de Quadra;;;0;1;1;0;0;0;0;0;0;1;0;0;-3,773951886000000;-38,587200743000000
338249;12;12;2018;12:36;5374;AV DUQ CAXIAS;RUA BAR RIO BRANCO;;0;;Atropelamento;Luz do Dia;;;Meio de Quadra;Sem?â?íforo;Comercial;0;1;1;0;0;0;0;0;0;1;0;0;-3,731774000000000;-38,529947000000000
338245;12;12;2018;12:15;0;RUA FRANCISCA MARIA DA CONCEICAO;;;550;;Colis?â?úo;Luz do Dia;;;Meio de Quadra;;;0;1;0;0;0;0;0;0;0;0;0;0;-3,840556500000000;-38,567943500000000
338239;12;12;2018;11:03;0;RD BR 116;;;4000;;Colis?â?úo Traseira;Luz do Dia;;;Meio de Quadra;;;0;1;1;0;1;0;0;0;0;1;0;0;-3,788331000000000;-38,510646000000000
338240;12;12;2018;11:27;0;RUA LAURO NOGUEIRA;;;625;;Colis?â?úo;Luz do Dia;;;Meio de Quadra;;;0;1;0;0;0;0;0;0;0;0;0;0;-3,739420000000000;-38,480290000000000
338241;12;12;2018;11:27;0;RUA JULIO AZEVEDO;;;920;;Colis?â?úo;Luz do Dia;;;Meio de Quadra;;;0;1;1;1;0;0;0;0;0;1;0;0;-3,739408500000000;-38,480053000000000
339548;12;12;2018;;0;RD CE-040;;;0;KM-12;Colis?â?úo;;Bom;Seca;Meio de Quadra;;;0;0;3;1;0;0;0;0;0;0;0;0;-3,857690949000000;-38,472042540000000
339092;12;12;2018;08:45;1898;RUA AUGUSTA BENEVIDES;RUA HONORINA MAIA;;0;;Colis?â?úo;Luz do Dia;;;T;Pare;Residencial;0;0;2;0;1;0;0;0;0;0;0;0;-3,849771000000000;-38,501468000000000
338728;12;12;2018;05:17;0;AV HIS RAIMUNDO GIRAO;;;0;;Colis?â?úo;Amanhecer;;;Meio de Quadra;;;0;1;0;1;0;0;0;0;0;0;0;0;;
338271;12;12;2018;17:23;0;RUA CHICO LEMOS;;;444;;Colis?â?úo;Anoitecer;;;Meio de Quadra;;;0;1;1;1;0;0;0;0;0;1;0;0;-3,791881000000000;-38,498869000000000
338272;12;12;2018;17:40;0;RUA 62 CJ JOSE WALTER;;;10;;Atropelamento;Anoitecer;;;Meio de Quadra;;;0;1;1;0;0;0;1;0;0;0;0;0;-3,837602737000000;-38,557938684000000
338273;12;12;2018;17:41;0;RUA LUIS BENTO;;;294;;Queda;Anoitecer;;;Meio de Quadra;;;0;1;0;0;0;0;0;0;0;1;0;0;-3,808229600000000;-38,412632400000000
338275;12;12;2018;19:17;0;AV MON AMARILIO RODRIGUES;;;149;;Queda;;;;Meio de Quadra;;;0;1;0;0;0;1;0;0;0;0;0;0;-3,835508188000000;-38,524660875000000
338277;12;12;2018;20:31;5490;AV AGUANAMBI;AV DOM MANUEL;;0;;Colis?â?úo;;;;;;;0;1;1;0;0;0;0;0;0;1;0;0;-3,736873000000000;-38,523967000000000
338278;12;12;2018;20:44;0;AV DOS EXPEDICIONARIOS;;;5390;;Atropelamento;;;;Meio de Quadra;;;0;1;1;0;0;0;0;0;0;1;0;0;-3,766970407000000;-38,541794644000000
338279;12;12;2018;21:21;0;AV DOM LUIS;;;500;;Colis?â?úo;;;;Meio de Quadra;;;0;1;1;1;0;0;0;0;0;1;0;0;-3,733239000000000;-38,497383000000000
338280;12;12;2018;21:25;0;RUA ROMEU MARTINS;;;566;;Colis?â?úo;;;;Meio de Quadra;;;0;1;1;1;0;0;0;0;0;1;0;0;-3,765657512000000;-38,553559073000000
338281;12;12;2018;23:04;3789;RUA WALDERY UCHOA;AV 13 DE MAIO;;0;;Atropelamento;;;;Cruz;N?â?úo H?â?í Controle;Comercial;0;1;0;1;0;0;0;0;0;0;0;0;-3,742399000000000;-38,537427000000000
338282;12;12;2018;23:16;0;RUA 8 DE SETEMBRO;;;1444;;Choque c/ Obst?â?ículo Fixo;;;;Meio de Quadra;;;0;1;0;1;0;0;0;0;0;0;0;0;;
338283;12;12;2018;23:31;0;AV N CJ CEARA;;;1200;;Colis?â?úo;;;;Meio de Quadra;;;0;1;1;0;0;0;0;0;0;1;0;0;;
338288;13;12;2018;05:40;0;RUA BENTO ALBUQUERQUE;;;2626;;Queda;Amanhecer;;;Meio de Quadra;;;0;1;0;0;0;0;0;0;0;1;0;0;-3,749070000000000;-38,466910000000000
338289;13;12;2018;05:55;0;RUA CARLOS VASCONCELOS;;;193;;Queda;Amanhecer;;;Meio de Quadra;;;0;1;0;0;0;0;0;0;0;1;0;0;-3,723505200000000;-38,507546800000000
338298;13;12;2018;06:52;0;AV DR SILAS MUNGUBA;;;0;;Colis?â?úo;Luz do Dia;;;Meio de Quadra;;;0;1;1;1;0;0;0;0;0;1;0;0;;
338309;13;12;2018;13:59;0;RUA MANUEL MOURA;;;311;;Colis?â?úo;Luz do Dia;;;Meio de Quadra;;;0;1;1;1;0;0;0;0;0;1;0;0;;
338310;13;12;2018;15:49;3030;RUA ANDRE REBOUCAS;RUA DIOGO CORREIA;;0;;Colis?â?úo;Luz do Dia;;;Outros;Sem?â?íforo;Comercial;0;1;1;1;0;0;0;0;0;1;0;0;-3,774008000000000;-38,588606000000000
338311;13;12;2018;16:41;0;RUA COS GALVAO;;;180;;Colis?â?úo;Luz do Dia;;;Meio de Quadra;;;0;1;1;1;0;0;0;0;0;1;0;0;-3,780975546000000;-38,567657273000000
338300;13;12;2018;07:18;0;AV WASHINGTON SOARES;;;2401;;Colis?â?úo;Luz do Dia;;;Meio de Quadra;;;0;1;1;1;0;0;0;0;0;1;0;0;-3,827000800000000;-38,482132100000000
338301;13;12;2018;07:28;24411;RUA GONCALO SOUTO;RUA ALM RUFINO;;0;;Colis?â?úo;Luz do Dia;;;;;;0;1;1;1;0;0;0;0;0;1;0;0;-3,769037000000000;-38,530893000000000
338302;13;12;2018;08:35;0;RUA MON SALAZAR;;;815;;Queda;Luz do Dia;;;Meio de Quadra;;;0;1;0;0;0;0;0;0;0;1;0;0;-3,755927000000000;-38,512070000000000
338303;13;12;2018;08:57;0;AV D CJ CEARA;;;441;;Colis?â?úo;Luz do Dia;;;Meio de Quadra;;;0;1;1;1;0;0;0;0;0;1;0;0;;
338304;13;12;2018;09:42;14604;AV JOSE LEON;RUA SALVADOR MENDONCA;;0;;Colis?â?úo;Luz do Dia;;;Cruz;Outros;Residencial;0;1;1;1;0;0;0;0;0;1;0;0;-3,790608000000000;-38,490260000000000
338305;13;12;2018;09:58;0;RUA MARIA QUINTINO;;;520;;Colis?â?úo;Luz do Dia;;;Meio de Quadra;;;0;1;1;1;0;0;0;0;0;1;0;0;-3,852974000000000;-38,500511400000000
338320;13;12;2018;17:52;0;AV AUGUSTO DOS ANJOS;;;2201;;Colis?â?úo;Anoitecer;;;Meio de Quadra;;;0;1;0;0;0;0;0;0;0;0;0;0;-3,785470000000000;-38,583580000000000
338313;13;12;2018;17:16;0;AV PERIMETRAL;;;3784;;Colis?â?úo;Anoitecer;;;Meio de Quadra;;;0;1;1;1;0;0;0;0;0;1;0;0;;
338314;13;12;2018;17:30;26025;RUA CON DE CASTRO;RUA JOAO AMORA;;0;;Colis?â?úo;Anoitecer;;;T;Sem?â?íforo;Comercial;0;1;0;0;0;0;0;0;0;0;0;0;-3,799546000000000;-38,586909000000000
338307;13;12;2018;10:00;0;RUA PALMACIA;;;499;;Queda;Luz do Dia;;;Meio de Quadra;;;0;1;0;0;0;1;0;0;0;0;0;0;-3,717360000000000;-38,592930000000000
338343;13;12;2018;23:09;0;RUA RAIMUNDO MATIAS;;;846;;Queda;;;;Meio de Quadra;;;0;1;0;0;0;0;0;0;0;1;0;0;-3,819830000000000;-38,542800000000000
338345;13;12;2018;23:41;0;RUA JOAO IVO;;;0;;Colis?â?úo;;;;Meio de Quadra;;;0;1;1;1;0;0;0;0;0;0;0;0;;
338338;13;12;2018;19:01;22168;RUA FRE MARCELINO;RUA MINERVINO DE CASTRO;;0;;Colis?â?úo;;;;Cruz;Pare;Residencial;0;1;1;1;0;0;0;0;0;1;0;0;-3,739275000000000;-38,548450000000000
338336;13;12;2018;18:21;0;ET DO FIO (MESSEJANA);;;0;;Atropelamento;Anoitecer;;;Meio de Quadra;;;0;1;1;1;0;0;0;0;0;0;0;0;;
338334;13;12;2018;18:18;13534;AV SORIANO ALBUQUERQUE;RUA JOAO CORDEIRO;;0;;Colis?â?úo;Anoitecer;;;Cruz;Pare;Comercial;0;1;0;0;0;0;0;0;0;0;0;0;-3,747871000000000;-38,519458000000000
338340;13;12;2018;16:50;0;RD BR 116;;;7100;KM-07;Colis?â?úo Transversal;Luz do Dia;;;Meio de Quadra;;;0;1;1;1;0;0;0;0;0;1;0;0;-3,786917000000000;-38,511279000000000
338811;13;12;2018;19:20;0;RD BR 116;;;6700;KM-06;Atropelamento;;;;Meio de Quadra;;;0;3;0;0;0;0;0;0;0;1;0;0;-3,804691000000000;-38,503053000000000
339093;13;12;2018;09:10;0;RD CE-040;;;0;KM-07;Colis?â?úo;Luz do Dia;Bom;Seca;Meio de Quadra;;;0;0;2;1;0;0;0;0;0;1;0;0;-3,817159445000000;-38,483032860000000
339094;13;12;2018;09:45;11517;RUA CLEITON H PIMENTA;RUA VICENTE LOPES;;0;;Colis?â?úo;Luz do Dia;;;;;;0;0;2;1;0;0;0;0;0;0;0;0;-3,784370000000000;-38,494281000000000
339099;13;12;2018;15:10;0;RUA CAP ARAGAO;;;0;;Colis?â?úo;Luz do Dia;;;Meio de Quadra;;;0;0;2;1;0;0;1;0;0;0;0;0;;
339104;13;12;2018;07:00;0;ROD CE 010;;;0;;Choque c/ Obst?â?ículo Fixo;Luz do Dia;;;Meio de Quadra;;;0;0;1;0;0;0;0;0;0;0;0;0;;
337303;13;12;2018;20:00;0;RUA CARLINDO CRUZ;;;0;;Colis?â?úo Lateral;Via Iluminada;Bom;Seca;Meio de Quadra;Cancela;Residencial;0;1;0;1;0;0;0;0;0;0;0;0;;
337254;13;12;2018;07:10;23347;RUA EDUARDO BEZERRA;RUA JOSE VILAR;;0;;Colis?â?úo Transversal;Luz do Dia;Bom;Seca;Cruz;Pare;Residencial;0;1;1;1;0;0;0;0;0;1;0;0;-3,753529000000000;-38,510370000000000
337101;13;12;2018;21:08;24286;RUA PEREIRA VALENTE;RUA CASTRO MONTE;;0;;Colis?â?úo Transversal;Via Iluminada;Bom;Seca;Cruz;Gesto;Residencial;0;0;2;1;0;0;0;0;0;0;0;0;-3,734725000000000;-38,485966000000000
337094;13;12;2018;05:15;21602;RUA CON DE CASTRO;RUA RAIMUNDO NERY;;0;;Colis?â?úo Transversal;Luz do Dia;Bom;Seca;T;Pare;Comercial;0;3;1;0;1;0;0;0;0;0;0;0;-3,797482000000000;-38,584986000000000
337095;13;12;2018;06:45;0;AV DOS EXPEDICIONARIOS;;;4363;;Colis?â?úo Lateral;Luz do Dia;Nublado;Molhada;Meio de Quadra;N?â?úo H?â?í Controle;Comercial;0;1;0;0;0;0;0;0;0;1;0;0;-3,756552700000000;-38,538746000000000
337096;13;12;2018;06:50;1538;RUA LEONARDO MOTA;AV PDE ANTONIO TOMAS;;0;;Colis?â?úo Lateral;Luz do Dia;Bom;Seca;Cruz;Sem?â?íforo;Comercial;0;2;1;0;0;0;0;0;0;1;0;0;-3,740811000000000;-38,497662000000000
337097;13;12;2018;10:10;0;AV D CJ JOSE WALTER;;;421;;N?â?úo Informado;Luz do Dia;Bom;Seca;Meio de Quadra;N?â?úo H?â?í Controle;Comercial;0;0;1;0;0;0;0;0;0;0;0;0;-3,831331700000000;-38,556790000000000
337098;13;12;2018;10:17;0;AV D CJ JOSE WALTER;;;441;;N?â?úo Informado;Luz do Dia;Bom;Seca;Meio de Quadra;N?â?úo H?â?í Controle;Comercial;0;1;2;1;0;0;0;0;0;1;0;0;-3,831321200000000;-38,556824000000000
337099;13;12;2018;11:23;5711;AV OLIVEIRA PAIVA;RUA CHICO LEMOS;;0;;Colis?â?úo Traseira;Luz do Dia;Bom;Seca;Cruz;Sem?â?íforo;Comercial;0;0;2;1;0;0;0;0;0;0;0;0;-3,795857000000000;-38,497091000000000
337109;14;12;2018;19:51;9154;AV 13 DE MAIO;RUA DOM SEBASTIAO LEME;;0;;Colis?â?úo Traseira;Via Iluminada;Bom;Seca;Cruz;Sem?â?íforo;Comercial;0;1;2;1;1;0;0;0;0;1;0;0;-3,752832000000000;-38,525221000000000
337110;14;12;2018;19:30;0;AV GAL OSORIO DE PAIVA;;;4084;;Colis?â?úo Traseira;Via Iluminada;Nublado;Seca;;;;0;0;2;1;0;0;0;0;0;1;0;0;-3,793186000000000;-38,590866000000000
337111;14;12;2018;18:00;11600;AV JOSE LEON;RUA DAS GAIVOTAS;;0;;Colis?â?úo Transversal;Via Iluminada;Nublado;Seca;Duplo T;N?â?úo H?â?í Controle;Comercial;0;1;1;1;0;0;0;0;0;1;0;0;-3,788073000000000;-38,500812000000000
337102;14;12;2018;08:11;0;AV BORGES DE MELO;;;728;;Engavetamento;Luz do Dia;Chuva;Molhada;Meio de Quadra;N?â?úo H?â?í Controle;Residencial;0;0;3;1;0;0;0;0;0;0;0;0;-3,760604600000000;-38,525326000000000