COD_ACIDENTE;DIA;MES;ANO;HORA;INTERSECAO;LOG1;LOG2;LOG3;NUMERO;REFERENCIA;NATUREZA;ILUMINACAO;TEMPO;SUPERFICIEPISTA;TIPOCRUZAMENTO;CONTROLETRAFEGO;USOSOLO;MORTOS;FERIDOS;ILESOS;AUTOMOVEL;ONIBUS;BICICLETA;CAMINHAO;MICROONIBUS;CICLOMOTOR;MOTOCICLETA;TRACAOANIMAL;TREM;LATITUDE;LONGITUDE
337103;14;12;2018;08:54;0;AV JOR THOMAZ COELHO;;;649;;Colis?â?úo Traseira;Luz do Dia;Chuva;Molhada;Meio de Quadra;N?â?úo H?â?í Controle;Comercial;0;0;1;0;0;0;0;0;0;1;0;0;-3,831995700000000;-38,501840000000000
337104;14;12;2018;08:35;0;AV BORGES DE MELO;;;1287;;Atropelamento;Luz do Dia;Chuva;Molhada;Meio de Quadra;Sem?â?íforo;Comercial;0;1;1;0;0;0;0;0;0;0;0;0;-3,759686500000000;-38,530674000000000
337105;14;12;2018;07:30;15225;RUA ILDEFONSO ALBANO;RUA TEN BENEVOLO;;0;;Colis?â?úo Lateral;Luz do Dia;Nublado;Molhada;Cruz;Sem?â?íforo;Comercial;0;0;2;1;0;0;0;0;0;0;0;0;-3,727294000000000;-38,511332000000000
337106;14;12;2018;14:06;9995;RUA EMILIO DE MENESES;RUA AIRES DA CUNHA;;0;;Colis?â?úo Traseira;Luz do Dia;Nublado;Seca;Cruz;Pare;Comercial;0;0;2;0;0;0;0;0;0;1;0;0;-3,777019000000000;-38,604241000000000
337107;14;12;2018;12:00;0;RUA VALPARAISO;;;481;;Colis?â?úo Lateral;Luz do Dia;Nublado;Seca;Meio de Quadra;N?â?úo H?â?í Controle;Residencial;0;1;1;0;0;0;0;1;0;1;0;0;-3,850210400000000;-38,508694000000000
336723;14;12;2018;18:06;0;AV MOZART PINHEIRO DE LUCENA;;;2946;;Atropelamento;Anoitecer;;;Meio de Quadra;;;1;0;1;0;0;0;0;0;0;1;0;0;-3,730266186000000;-38,599081243000000
337326;14;12;2018;14:40;0;RUA FRANCISCO C MENDES;;;244;;Colis?â?úo Transversal;Via Iluminada;Bom;Seca;Meio de Quadra;Outros;Residencial;0;1;1;0;1;0;0;0;0;1;0;0;-3,809950000000000;-38,468960000000000
337323;14;12;2018;10:10;5072;RUA CASTRO E SILVA;AV TRISTAO GONCALVES;;0;;Colis?â?úo Lateral;Luz do Dia;Nublado;Molhada;T;Pare;Comercial;0;1;1;1;0;0;0;0;0;1;0;0;-3,722330000000000;-38,531768000000000
339100;14;12;2018;04:00;0;RD BR 116;;;7000;KM-07;Atropelamento;;;;Meio de Quadra;;;0;1;1;0;0;0;0;0;0;0;0;0;-3,786276359000000;-38,511561398000000
339552;14;12;2018;09:20;0;RD CE-040;;;0;KM-08;Colis?â?úo;Luz do Dia;Bom;Seca;Meio de Quadra;;;0;0;2;1;0;0;0;0;0;0;0;0;-3,825515822000000;-38,481538320000000
339553;14;12;2018;23:30;0;AV MIN JOSE AMERICO;;;0;;Colis?â?úo;;Bom;Seca;Meio de Quadra;;;0;0;2;1;1;0;0;0;0;0;0;0;;
339305;14;12;2018;17:00;18743;RUA VALPARAISO;RUA CATOLE;;0;;Colis?â?úo;Anoitecer;;;Cruz;Pare;Misto;0;0;2;1;0;0;0;0;0;0;0;0;-3,846407000000000;-38,520171000000000
338814;14;12;2018;07:05;0;RD BR 116;;;14000;KM-14;Colis?â?úo Traseira;Luz do Dia;;;Meio de Quadra;;;0;1;1;1;0;0;0;0;0;1;0;0;-3,873523000000000;-38,499242000000000
338816;14;12;2018;09:00;0;RD BR 116;;;6000;KM-06;Colis?â?úo Lateral;Luz do Dia;;;Meio de Quadra;;;0;1;1;1;0;0;0;0;0;1;0;0;-3,804691000000000;-38,503053000000000
338359;14;12;2018;01:11;0;AV CASTELO DE CASTRO;;;0;;Colis?â?úo;;;;Meio de Quadra;;;0;1;1;1;0;0;0;0;0;1;0;0;;
338377;14;12;2018;07:36;15225;RUA ILDEFONSO ALBANO;RUA TEN BENEVOLO;;0;;Colis?â?úo;Luz do Dia;;;Cruz;Sem?â?íforo;Comercial;0;1;1;1;0;0;1;0;0;0;0;0;-3,727294000000000;-38,511332000000000
338378;14;12;2018;07:48;0;AV JOR THOMAZ COELHO;;;0;;Colis?â?úo;Luz do Dia;;;Meio de Quadra;;;0;1;0;0;0;0;0;0;0;0;0;0;;
338379;14;12;2018;08:17;0;AV FRANCISCO SA;;;2810;;Colis?â?úo;Luz do Dia;;;Meio de Quadra;;;0;1;1;1;0;0;0;0;0;1;0;0;-3,719626000000000;-38,550667000000000
338380;14;12;2018;08:34;25145;AV BORGES DE MELO;RUA TERTULIANO SALES;;0;;Atropelamento;Luz do Dia;;;T;Sem?â?íforo;Comercial;0;1;1;0;0;0;0;0;0;1;0;0;-3,759583000000000;-38,530465000000000
338381;14;12;2018;09:34;0;RUA STA LIDUINA D42;;;339;;Colis?â?úo;Luz do Dia;;;Meio de Quadra;;;0;1;1;1;0;0;0;0;0;1;0;0;-3,800874090000000;-38,584987246000000
338382;14;12;2018;10:03;0;AV JOVITA FEITOSA;;;620;;Queda;Luz do Dia;;;Meio de Quadra;;;0;1;0;0;0;0;0;0;0;1;0;0;-3,738409800000000;-38,549440700000000
338383;14;12;2018;10:42;0;AV AREIA BRANCA;;;490;;Colis?â?úo;Luz do Dia;;;Meio de Quadra;;;0;1;1;1;0;1;0;0;0;0;0;0;-3,727646000000000;-38,475675000000000
338361;14;12;2018;04:48;0;AV DEP PAULINO ROCHA;;;0;;Queda;;;;Meio de Quadra;;;0;1;0;0;0;0;0;0;0;1;0;0;;
338364;14;12;2018;07:00;0;AV WASHINGTON SOARES;;;0;;Queda;Luz do Dia;;;Meio de Quadra;;;0;1;0;0;0;0;0;0;0;1;0;0;;
338365;14;12;2018;07:01;0;AV MOZART PINHEIRO DE LUCENA;;;1796;;Queda;Luz do Dia;;;Meio de Quadra;;;0;1;0;0;0;0;0;0;0;1;0;0;-3,718628000000000;-38,595781000000000
338419;14;12;2018;20:13;0;AV SEN FERNANDES TAVORA;;;3006;;Colis?â?úo;;;;Meio de Quadra;;;0;1;1;0;0;0;0;0;0;1;0;0;-3,754859400000000;-38,599706800000000
338411;14;12;2018;18:23;0;AV FRE CIRILO;;;4080;;Colis?â?úo;Anoitecer;;;Meio de Quadra;;;0;1;1;1;0;0;0;0;0;1;0;0;-3,819870000000000;-38,496307000000000
338412;14;12;2018;18:47;25476;AV JOSE LEON;RUA CHICO LEMOS;;0;;Colis?â?úo;;;;Cruz;Pare;Residencial;0;1;1;1;0;0;0;0;0;1;0;0;-3,788133000000000;-38,500540000000000
338413;14;12;2018;19:04;0;RUA BOM JESUS (BARRA DO CEARA);;;1537;;Queda;;;;Meio de Quadra;;;0;1;0;0;0;0;0;0;0;1;0;0;-3,788118100000000;-38,621675800000000
338408;14;12;2018;16:45;0;RUA DIOGO CORREIA;;;67;;Colis?â?úo;Luz do Dia;;;Meio de Quadra;;;0;1;1;1;0;0;0;0;0;1;0;0;-3,774008000000000;-38,588606000000000
338409;14;12;2018;17:29;0;AV F CJ CEARA;;;0;;Colis?â?úo;Anoitecer;;;Meio de Quadra;;;0;1;0;0;0;0;0;0;0;0;0;0;;
338403;14;12;2018;16:22;0;AV VIS RIO BRANCO;;;4161;;Colis?â?úo;Luz do Dia;;;Meio de Quadra;;;0;1;1;1;0;0;0;0;0;1;0;0;-3,757629000000000;-38,519684000000000
338404;14;12;2018;16:24;0;AV AGUANAMBI;;;1753;;Atropelamento;Luz do Dia;;;Meio de Quadra;;;0;1;1;0;1;0;0;0;0;0;0;0;-3,752442221000000;-38,523391831000000
338405;14;12;2018;16:42;0;RUA CONRADO CABRAL;;;580;;Queda;Luz do Dia;;;Meio de Quadra;;;0;1;0;0;0;0;0;0;0;1;0;0;-3,730446600000000;-38,549581567000000
338392;14;12;2018;12:03;10007;RUA ANTONIO NERY;RUA TEODORO DE CASTRO;;0;;Colis?â?úo;Luz do Dia;;;Cruz;Pare;Residencial;0;1;1;1;0;0;0;0;0;1;0;0;-3,780899000000000;-38,600953000000000
338396;14;12;2018;13:51;0;AV WASHINGTON SOARES;;;0;;Colis?â?úo;Luz do Dia;;;Meio de Quadra;;;0;1;1;1;0;0;0;0;0;1;0;0;;
338397;14;12;2018;13:57;0;AV PERIMETRAL;;;2570;;Colis?â?úo;Luz do Dia;;;Meio de Quadra;;;0;1;1;1;0;0;0;0;0;1;0;0;;
338398;14;12;2018;15:23;3928;RUA ANTONIO POMPEU;AV IMPERADOR;;0;;Colis?â?úo;Luz do Dia;;;Cruz;Sem?â?íforo;Escola;0;1;1;1;0;0;0;0;0;1;0;0;-3,733045000000000;-38,536179000000000
338399;14;12;2018;15:40;0;RD QUARTO ANEL VIARIO;;;0;;Colis?â?úo;Luz do Dia;;;Meio de Quadra;;;0;1;0;0;0;0;0;0;0;0;0;0;;
338374;14;12;2018;07:28;0;AV GAL OSORIO DE PAIVA;;;7830;;Colis?â?úo;Luz do Dia;;;Meio de Quadra;;;0;1;1;1;0;1;0;0;0;0;0;0;-3,820573284000000;-38,617430622000000
338394;14;12;2018;13:30;0;AV SEN FERNANDES TAVORA;;;2433;;Atropelamento;Luz do Dia;;;Meio de Quadra;;;0;2;0;0;0;0;0;0;0;1;0;0;-3,755953000000000;-38,593889000000000
338425;14;12;2018;23:07;0;RUA JOSE MENDONCA;;;206;;Colis?â?úo;;;;Meio de Quadra;;;0;1;1;1;0;0;0;0;0;1;0;0;-3,759725286000000;-38,602674143000000
338426;14;12;2018;23:24;12666;AV CEL CARVALHO;RUA ROSINHA SAMPAIO;;0;;Colis?â?úo;;;;Cruz;Pare;Residencial;0;1;1;1;0;0;0;0;0;1;0;0;-3,726938000000000;-38,585413000000000
338427;14;12;2018;23:59;0;AV JOR THOMAZ COELHO;;;649;;Colis?â?úo;;;;Meio de Quadra;;;0;1;0;0;0;0;0;0;0;0;0;0;-3,831986000000000;-38,501811000000000
338421;14;12;2018;21:03;7629;RUA ALAGOAS;RUA STA CATARINA (BELA VISTA / PAN AMERICANO);;0;;Colis?â?úo;;;;Cruz;Pare;Residencial;0;1;1;1;0;0;0;0;0;1;0;0;-3,760356000000000;-38,569550000000000
338422;14;12;2018;21:12;0;AV D CJ CEARA;;;321;;Colis?â?úo;;;;Meio de Quadra;;;0;1;1;0;0;0;0;0;0;1;0;0;;
338423;14;12;2018;21:21;25534;RUA CURITIBA;RUA VITORIA (AV. PERIMETRAL);;0;;Colis?â?úo;;;;Cruz;Pare;Residencial;0;1;1;0;0;0;0;0;0;1;0;0;;
338431;15;12;2018;00:02;0;RUA BERNARDO MANUEL;;;895;;Choque c/ Obst?â?ículo Fixo;;;;Meio de Quadra;;;0;1;0;0;0;0;0;0;0;1;0;0;;
338449;15;12;2018;11:10;23784;RUA RAIMUNDO NERY;RUA MON AGOSTINHO;;0;;Colis?â?úo;Luz do Dia;;;Cruz;N?â?úo H?â?í Controle;Residencial;0;1;0;0;0;0;0;0;0;0;0;0;-3,792435000000000;-38,587155000000000
338442;15;12;2018;04:43;5060;AV IMPERADOR;RUA CASTRO E SILVA;;0;;Queda;;;;Cruz;Sem?â?íforo;Comercial;0;1;0;0;0;0;0;0;0;1;0;0;-3,722013000000000;-38,532916000000000
338443;15;12;2018;05:13;0;RUA ALBERTO DE OLIVEIRA;;;1426;;Queda;Amanhecer;;;Meio de Quadra;;;0;1;0;0;0;0;0;0;0;1;0;0;-3,715080000000000;-38,578220000000000
338444;15;12;2018;06:28;0;RUA TULIPA NEGRA;;;1806;;Colis?â?úo;Luz do Dia;;;Meio de Quadra;;;0;1;1;0;0;0;0;0;0;1;0;0;;
338445;15;12;2018;10:20;0;AV FILOMENO GOMES;;;0;;Atropelamento;Luz do Dia;;;Meio de Quadra;;;0;1;1;0;0;0;0;0;0;0;0;1;;
338483;15;12;2018;16:26;26077;AV JOSE JATAHY;AV DUQ CAXIAS;;0;;Colis?â?úo;Luz do Dia;;;Cruz;Sem?â?íforo;Comercial;0;1;0;0;0;0;0;0;0;0;0;0;-3,726698000000000;-38,545566000000000
338484;15;12;2018;16:31;0;RUA FLAVIO LIMA;;;92;;Colis?â?úo;Luz do Dia;;;Meio de Quadra;;;0;1;1;1;0;0;0;0;0;1;0;0;-3,724156600000000;-38,546624300000000
338493;15;12;2018;17:55;15338;RUA ANA BILHAR;RUA FREDERICO BORGES;;0;;Atropelamento;Anoitecer;;;Cruz;Pare;Residencial;0;1;1;1;0;0;0;0;0;0;0;0;-3,731534000000000;-38,489282000000000
338494;15;12;2018;18:28;0;RUA HERMINIO BARROSO;;;0;;Atropelamento;Anoitecer;;;Meio de Quadra;;;0;1;1;1;0;0;0;0;0;0;0;0;;
338495;15;12;2018;18:47;0;RUA TEN BENEVOLO;;;412;;Colis?â?úo;;;;Meio de Quadra;;;0;1;1;1;0;0;0;0;0;1;0;0;-3,725402125000000;-38,517068250000000
338496;15;12;2018;19:23;0;AV SGT HERMINIO SAMPAIO;;;3787;;Colis?â?úo;;;;Meio de Quadra;;;0;1;1;1;0;0;0;0;0;1;0;0;-3,729636000000000;-38,574437000000000
338497;15;12;2018;19:30;0;AV SEN FERNANDES TAVORA;;;965;;Atropelamento;;;;Meio de Quadra;;;0;1;1;1;0;0;0;0;0;0;0;0;-3,762437708000000;-38,581703167000000
338498;15;12;2018;19:37;0;RUA BAR CANINDE;;;1677;;Colis?â?úo;;;;Meio de Quadra;;;0;1;1;1;0;0;0;0;0;1;0;0;;
338499;15;12;2018;20:14;0;AV BEIRA MAR;;;4260;;Colis?â?úo;;;;Meio de Quadra;;;0;1;1;1;0;0;0;0;0;1;0;0;-3,722909001000000;-38,482946999000000
338500;15;12;2018;20:40;0;RUA CARLOS CHAGAS;;;1035;;Colis?â?úo;;;;Meio de Quadra;;;0;1;1;1;0;0;0;0;0;1;0;0;-3,779058200000000;-38,589507300000000
338447;15;12;2018;10:23;0;AV JOAO PESSOA;;;561;;Colis?â?úo;Luz do Dia;;;Meio de Quadra;;;0;1;1;1;0;0;0;0;0;1;0;0;;
338452;15;12;2018;12:35;0;AV PRS COSTA E SILVA;;;1736;;Colis?â?úo;Luz do Dia;;;Meio de Quadra;;;0;1;1;1;0;0;0;0;0;1;0;0;-3,817618000000000;-38,565394000000000
338454;15;12;2018;12:47;0;RUA NEREU RAMOS;;;533;;Colis?â?úo;Luz do Dia;;;Meio de Quadra;;;0;1;1;1;0;0;0;0;0;1;0;0;-3,785550059000000;-38,571455059000000
338456;15;12;2018;12:57;0;RUA MARIO A ARARIPE;;;3339;;Colis?â?úo;Luz do Dia;;;Meio de Quadra;;;0;1;1;1;0;0;0;0;0;1;0;0;;
338457;15;12;2018;12:57;0;AV COS GOMES DE FREITAS (SAPIRANGA/COITE);;;3339;;Colis?â?úo;Luz do Dia;;;Meio de Quadra;;;0;1;1;1;0;0;0;0;0;1;0;0;;
338458;15;12;2018;13:13;13494;AV BAR STUDART;RUA PINHO PESSOA;;0;;Colis?â?úo;Luz do Dia;;;Cruz;Sem?â?íforo;Residencial;0;1;1;1;0;0;0;0;0;0;0;0;;
338459;15;12;2018;13:24;0;AV WASHINGTON SOARES;;;0;;Colis?â?úo;Luz do Dia;;;Meio de Quadra;;;0;1;1;0;0;0;0;0;0;1;0;0;;
338460;15;12;2018;14:57;0;AV HEROIS DO ACRE;;;500;;Colis?â?úo;Luz do Dia;;;Meio de Quadra;;;0;1;1;1;0;0;0;0;0;1;0;0;-3,803180500000000;-38,534249500000000
338461;15;12;2018;15:21;0;AV GODOFREDO MACIEL;;;0;;Colis?â?úo;Luz do Dia;;;Meio de Quadra;;;0;1;1;1;0;0;0;0;0;1;0;0;;
338462;15;12;2018;15:50;0;AV SEN FERNANDES TAVORA;;;954;;Colis?â?úo;Luz do Dia;;;Meio de Quadra;;;0;1;1;1;0;0;0;0;0;1;0;0;-3,762535500000000;-38,581517750000000
338463;15;12;2018;16:00;0;AV JOSE BASTOS;;;220;;Colis?â?úo;Luz do Dia;;;Meio de Quadra;;;0;1;1;0;0;0;0;0;0;1;0;0;-3,742314600000000;-38,542910800000000
338506;15;12;2018;21:22;0;AV CESAR CALS;;;1060;;Atropelamento;;;;Meio de Quadra;;;0;1;1;0;0;0;0;0;0;1;0;0;-3,727058621000000;-38,461272892000000
338503;15;12;2018;20:52;0;ET ANTIGA PARA AQUIRAZ;;;1438;;Atropelamento;;;;Meio de Quadra;;;0;1;1;1;0;0;0;0;0;0;0;0;;
338486;15;12;2018;17:31;0;AV JOAO PESSOA;;;3761;;Colis?â?úo;Anoitecer;;;Meio de Quadra;;;0;1;1;1;0;0;0;0;0;1;0;0;-3,747305196000000;-38,544851725000000
338487;15;12;2018;17:41;0;RUA SILVINHA TELES D69;;;0;;Queda;Anoitecer;;;Meio de Quadra;;;0;1;0;0;0;0;0;0;0;1;0;0;;
338508;15;12;2018;21:32;0;RUA MONTE LIBANO;;;553;;Queda;;;;Meio de Quadra;;;0;1;0;0;0;0;0;0;0;1;0;0;-3,825333500000000;-38,562419333000000
338509;15;12;2018;21:58;0;RUA HENRIQUE DIAS;;;119;;Choque c/ Obst?â?ículo Fixo;;;;Meio de Quadra;;;0;1;0;0;0;0;0;0;0;1;0;0;-3,712265736000000;-38,552219242000000
338510;15;12;2018;22:54;0;AV PRS CASTELO BRANCO;;;907;;Atropelamento;;;;Meio de Quadra;;;0;1;1;1;0;0;0;0;0;0;0;0;-3,719731443000000;-38,531419780000000
338511;15;12;2018;23:04;0;RUA PRO JOAO BOSCO;;;313;;Queda;;;;Meio de Quadra;;;0;1;0;0;0;0;0;0;0;1;0;0;-3,740082000000000;-38,545417000000000
338512;15;12;2018;23:29;0;RUA AURELIANO LEAL;;;153;;Queda;;;;Meio de Quadra;;;0;1;0;0;0;0;0;0;0;1;0;0;-3,824160000000000;-38,585270000000000
339554;15;12;2018;04:30;0;RD CE-025;;;0;KM-03;Choque c/ Obst?â?ículo Fixo;;Bom;Seca;Meio de Quadra;;;0;0;1;1;0;0;0;0;0;0;0;0;-3,805889179000000;-38,452246560000000
339107;15;12;2018;23:30;25006;RUA BENI DE CARVALHO;RUA LEONARDO MOTA;;0;;Colis?â?úo;;;;Cruz;Sem?â?íforo;Comercial;0;0;2;1;0;0;0;0;0;0;0;0;-3,744739000000000;-38,498931000000000
338866;15;12;2018;22:15;0;RD BR 116;;;12000;KM-12;Choque c/ Obst?â?ículo Fixo;;;;Meio de Quadra;;;0;0;1;1;0;0;0;0;0;0;0;0;-3,855740000000000;-38,496066000000000
339189;15;12;2018;14:15;0;AV A CJ CEARA;;;785;;Colis?â?úo;Luz do Dia;;;Meio de Quadra;;;0;0;2;1;0;0;0;0;0;0;0;0;-3,767855000000000;-38,603189000000000
337308;15;12;2018;23:50;0;RUA BERNARDO MANUEL;;;7142;;Colis?â?úo Transversal;Via Iluminada;Bom;Seca;Meio de Quadra;Pare;Residencial;0;1;1;0;1;0;0;0;0;1;0;0;-3,779874000000000;-38,545656000000000
337338;15;12;2018;08:00;14777;RUA AMERICO ROCHA LIMA;RUA MAJ MONTENEGRO;;0;;Colis?â?úo Transversal;Luz do Dia;Nublado;Seca;Cruz;Pare;Residencial;0;1;1;1;0;0;0;0;0;1;0;0;-3,798981000000000;-38,580642000000000
337342;15;12;2018;02:46;15792;RUA CEL FRANCISCO PEREIRA (MESSEJANA);RUA PERGENTINO MAIA;;0;;Colis?â?úo Transversal;Via Iluminada;Bom;Seca;Cruz;Pare;Comercial;0;0;2;0;1;0;0;0;0;1;0;0;-3,830868000000000;-38,492803000000000
337343;15;12;2018;00:21;0;AV BENJAMIM BRASIL;;;1080;;Colis?â?úo Traseira;Via Iluminada;Bom;Seca;;;;0;0;2;1;0;0;0;0;0;0;0;0;-3,805414400000000;-38,565583300000000
337112;15;12;2018;03:00;12835;AV DOMINGOS OLIMPIO;RUA SOLON PINHEIRO;;0;;Colis?â?úo Traseira;Via Iluminada;Chuva;Molhada;Cruz;Sem?â?íforo;Comercial;0;1;1;0;0;0;0;0;0;1;0;0;-3,737409000000000;-38,528650000000000
337113;15;12;2018;00:10;3975;RUA ALBERTO MAGNO;RUA PRO COSTA MENDES;;0;;Colis?â?úo Transversal;Via Iluminada;Bom;Seca;Cruz;Sem?â?íforo;Residencial;0;0;2;1;0;0;0;0;0;0;0;0;-3,757528000000000;-38,543548000000000
337114;15;12;2018;19:19;1463;RUA ILDEFONSO ALBANO;RUA ROCHA LIMA;;0;;Colis?â?úo Transversal;Via Iluminada;Bom;Seca;Cruz;Pare;Comercial;0;1;1;1;0;0;0;0;0;1;0;0;-3,738687000000000;-38,515157000000000
336598;15;12;2018;03:30;7619;RUA RIO GRANDE DO SUL;RUA SERGIPE;;0;;Choque c/ Obst?â?ículo Fixo;Via Iluminada;Chuva;Molhada;Duplo T;Pare;Residencial;1;0;0;0;0;0;0;0;0;1;0;0;-3,761450000000000;-38,569452000000000
336594;15;12;2018;22:30;0;RD BR 116;;;6700;KM-06;Colis?â?úo;;;;Meio de Quadra;;;1;0;1;0;1;0;0;0;1;0;0;0;-3,804691000000000;-38,503053000000000
336601;16;12;2018;03:55;0;RD BR 116;;;7000;KM-07;Atropelamento;;;;Meio de Quadra;;;1;1;0;0;0;0;1;0;0;0;0;0;-3,786276359000000;-38,511561398000000
337115;16;12;2018;06:54;0;RUA ALM RUBIM;;;1779;;Choque c/ Obst?â?ículo Fixo;Luz do Dia;Bom;Seca;Meio de Quadra;N?â?úo H?â?í Controle;Comercial;0;1;0;1;0;0;0;0;0;0;0;0;-3,772895000000000;-38,557310000000000
337116;16;12;2018;07:43;17278;RUA ALBERTO MAGNO;RUA VASCO DA GAMA;;0;;Colis?â?úo Transversal;Luz do Dia;Bom;Seca;Cruz;Pare;Comercial;0;1;0;1;0;0;0;0;0;1;0;0;-3,762651000000000;-38,548027000000000
337117;16;12;2018;08:20;1472;AV PDE ANTONIO TOMAS;RUA TIBURCIO CAVALCANTE;;0;;Colis?â?úo Transversal;Luz do Dia;Bom;Seca;Cruz;Sem?â?íforo;Comercial;0;1;1;1;0;0;0;0;0;1;0;0;-3,738950000000000;-38,503547000000000
337118;16;12;2018;09:00;12348;RUA DIAMANTINA;RUA MINAS GERAIS;;0;;Colis?â?úo Lateral;Luz do Dia;Bom;Seca;Cruz;Pare;Comercial;0;0;1;1;0;0;0;0;0;0;0;0;-3,763776000000000;-38,569703000000000
337119;16;12;2018;12:15;13549;RUA LIVIO BARRETO;AV RUI BARBOSA;;0;;Colis?â?úo Transversal;Luz do Dia;Bom;Seca;T;Pare;Comercial;0;0;2;1;0;0;0;0;0;0;0;0;-3,748772000000000;-38,513543000000000
337120;16;12;2018;13:42;0;RUA PDE PEDRO DE ALENCAR;;;748;;Colis?â?úo Lateral;Luz do Dia;Bom;Seca;Meio de Quadra;Sem?â?íforo;Comercial;0;1;1;1;0;0;0;0;1;0;0;0;-3,834536300000000;-38,494140000000000
337121;16;12;2018;18:41;22899;RUA GOV JOAO CARLOS;RUA PDE NOBREGA;;0;;Colis?â?úo Lateral;Via Iluminada;Bom;Seca;Cruz;Pare;Residencial;0;1;0;1;0;0;0;0;0;1;0;0;-3,782094000000000;-38,553174000000000
337122;16;12;2018;19:46;7762;RUA NUNES VALENTE;AV ANTONIO SALES;;0;;N?â?úo Informado;Via Iluminada;Bom;Seca;T;N?â?úo H?â?í Controle;Residencial;0;0;2;1;0;0;0;0;0;1;0;0;-3,744237000000000;-38,506314000000000
337123;16;12;2018;20:15;0;RUA RAIMUNDO NERY;;;682;;Colis?â?úo Lateral;Via Iluminada;Bom;Seca;Meio de Quadra;Pare;Residencial;0;0;3;1;0;0;0;0;0;0;0;0;-3,791673400000000;-38,587357000000000
337124;16;12;2018;21:32;11894;RUA FLAVIO LIMA;AV SGT HERMINIO SAMPAIO;;0;;Colis?â?úo Transversal;Via Iluminada;Bom;Seca;Cruz;Sem?â?íforo;Comercial;0;0;2;1;0;0;0;0;0;0;0;0;-3,724404300000000;-38,546333000000000
336725;16;12;2018;17:15;0;AV DOM LUIS;;;1046;;Colis?â?úo Transversal;Anoitecer;;;Meio de Quadra;;;0;0;3;1;0;0;0;0;0;1;0;0;-3,735096300000000;-38,491665500000000
338513;16;12;2018;21:50;0;AV JOAO PESSOA;;;7040;;Colis?â?úo;;;;Meio de Quadra;;;0;1;0;1;0;0;0;0;0;1;0;0;-3,771886000000000;-38,561726000000000
338514;16;12;2018;22:51;0;AV JOAO PESSOA;;;6015;;Colis?â?úo;;;;Meio de Quadra;;;0;1;0;1;0;0;0;0;0;1;0;0;-3,763069500000000;-38,557967700000000
338515;16;12;2018;23:21;0;RUA CEL DIONISIO ALENCAR;;;570;;Colis?â?úo;;;;Meio de Quadra;;;0;1;0;1;0;0;0;0;0;1;0;0;-3,828532800000000;-38,486395500000000
338516;16;12;2018;23:25;0;AV DES FAUSTINO ALBUQUERQUE;;;234;;Colis?â?úo;;;;Meio de Quadra;;;0;1;0;1;0;0;0;0;0;1;0;0;-3,781802923000000;-38,498295308000000
338488;16;12;2018;17:40;0;RUA PRO NOGUEIRA;;;513;;Queda;Anoitecer;;;Meio de Quadra;;;0;1;0;0;0;0;0;0;0;1;0;0;-3,736646150000000;-38,549184500000000
338489;16;12;2018;18:45;0;RUA JOAO TINOCO;;;301;;Colis?â?úo;;;;Meio de Quadra;;;0;1;0;1;0;1;0;0;0;0;0;0;-3,728979951000000;-38,590251219000000
338490;16;12;2018;18:55;0;RUA GUSTAVO SAMPAIO;;;800;;Colis?â?úo;;;;Meio de Quadra;;;0;1;0;0;0;0;0;0;0;1;0;0;-3,734328000000000;-38,551915000000000
338491;16;12;2018;19:32;0;RUA PDE PEDRO DE ALENCAR;;;1620;;Colis?â?úo;;;;Meio de Quadra;;;0;0;1;0;0;0;0;0;0;1;0;0;-3,842251000000000;-38,494322000000000
338492;16;12;2018;19:56;0;AV UM (ARVOREDO);;;108;;Atropelamento;;;;Meio de Quadra;;;0;1;0;1;0;0;0;0;0;0;0;0;;
338504;16;12;2018;21:06;0;RUA FRANCISCO ALMEIDA;;;551;;Colis?â?úo;;;;Meio de Quadra;;;0;1;0;1;0;0;0;0;0;1;0;0;-3,819306000000000;-38,592231000000000
338505;16;12;2018;21:25;0;AV N CJ JOSE WALTER;;;1240;;Queda;;;;Meio de Quadra;;;0;1;0;0;0;0;0;0;0;1;0;0;;
338507;16;12;2018;21:32;0;RUA ANTONIO BENTO;;;590;;Colis?â?úo;;;;Meio de Quadra;;;0;0;1;1;0;0;0;0;0;1;0;0;-3,784426200000000;-38,548239925000000
338464;16;12;2018;09:24;5307;AV DUQ CAXIAS;RUA PRC ISABEL;;0;;Colis?â?úo;Luz do Dia;;;Cruz;Sem?â?íforo;Comercial;0;1;0;0;0;0;0;0;0;0;0;0;-3,729687000000000;-38,536407000000000
338465;16;12;2018;10:04;0;RUA 8 CJ PEQ MONDUBIM;;;996;;Queda;Luz do Dia;;;Meio de Quadra;;;0;1;0;0;0;0;0;0;0;1;0;0;;
338466;16;12;2018;12:15;0;RUA JOSE TORRES;;;1110;;Colis?â?úo;Luz do Dia;;;Meio de Quadra;;;0;1;0;0;0;0;0;1;0;1;0;0;-3,780640000000000;-38,607452000000000