COD_ACIDENTE;DIA;MES;ANO;HORA;INTERSECAO;LOG1;LOG2;LOG3;NUMERO;REFERENCIA;NATUREZA;ILUMINACAO;TEMPO;SUPERFICIEPISTA;TIPOCRUZAMENTO;CONTROLETRAFEGO;USOSOLO;MORTOS;FERIDOS;ILESOS;AUTOMOVEL;ONIBUS;BICICLETA;CAMINHAO;MICROONIBUS;CICLOMOTOR;MOTOCICLETA;TRACAOANIMAL;TREM;LATITUDE;LONGITUDE
338467;16;12;2018;12:21;0;RUA C (LOT PRQ ARACAPE);;;0;;Queda;Luz do Dia;;;Meio de Quadra;;;0;1;0;0;0;0;0;0;0;1;0;0;;
338468;16;12;2018;12:28;17563;RUA ESPIRITO SANTO;RUA AMAZONAS;;0;;Colis?â?úo;Luz do Dia;;;Cruz;Pare;Residencial;0;1;0;0;0;0;0;0;0;1;0;0;-3,751391000000000;-38,567217000000000
338453;16;12;2018;05:41;0;AV JOAO PESSOA;;;0;;Colis?â?úo;Amanhecer;;;Meio de Quadra;;;0;1;0;1;0;0;0;0;0;1;0;0;;
338470;16;12;2018;12:57;0;AV SANTOS DUMONT;;;1500;;Queda;Luz do Dia;;;Meio de Quadra;;;0;1;0;0;0;0;0;0;0;1;0;0;-3,737030000000000;-38,495850000000000
338471;16;12;2018;13:30;0;AV MR HULL;;;2316;;Colis?â?úo;Luz do Dia;;;Meio de Quadra;;;0;1;0;1;0;0;0;0;0;1;0;0;;
338474;16;12;2018;14:05;0;RUA ITATIAIA;;;994;;Colis?â?úo;Luz do Dia;;;Meio de Quadra;;;0;1;0;1;0;0;0;0;0;1;0;0;-3,807475600000000;-38,601858500000000
338501;16;12;2018;20:09;0;AV BENJAMIM BRASIL;;;1360;;Atropelamento;;;;Meio de Quadra;;;0;1;0;0;0;0;0;0;0;1;0;0;-3,806195500000000;-38,562950000000000
338502;16;12;2018;20:43;0;RUA CIDADE ECOLOGICA;;;282;;Atropelamento;;;;Meio de Quadra;;;0;1;0;0;0;0;0;0;0;1;0;0;;
338485;16;12;2018;17:01;0;AV LAURO VIEIRA CHAVES;;;769;;Colis?â?úo;Anoitecer;;;Meio de Quadra;;;0;1;0;0;0;0;0;0;0;0;0;0;-3,772508636000000;-38,533473452000000
338478;16;12;2018;15:41;0;AV PRO MURILO DA SILVEIRA;;;300;;Queda;Luz do Dia;;;Meio de Quadra;;;0;0;1;0;0;0;0;0;0;1;0;0;-3,724012400000000;-38,464378700000000
338476;16;12;2018;14:32;0;AV UM (PLANALTO AIRTON SENA);;;2340;;Atropelamento;Luz do Dia;;;Meio de Quadra;;;0;2;0;0;0;0;0;0;0;1;0;0;;
338446;16;12;2018;03:35;10013;RUA OLIVEIRA SOBRINHO;RUA DUAS NACOES;;0;;Choque c/ Obst?â?ículo Fixo;;;;Cruz;N?â?úo H?â?í Controle;Residencial;0;1;0;0;0;0;0;0;0;1;0;0;-3,778267000000000;-38,602409000000000
338450;16;12;2018;05:26;0;RD BR 116;;;0;;Queda;Amanhecer;;;Meio de Quadra;;;0;1;0;0;0;0;0;0;0;1;0;0;;
338451;16;12;2018;05:28;0;RUA OSCAR ARARIPE;;;675;;Queda;Amanhecer;;;Meio de Quadra;;;0;1;0;0;0;0;0;0;0;1;0;0;-3,791763757000000;-38,597508537000000
338441;16;12;2018;03:06;0;RUA JOSE TORRES;;;1175;;Queda;;;;Meio de Quadra;;;0;2;0;0;0;0;0;0;0;1;0;0;-3,781772700000000;-38,607638300000000
338439;16;12;2018;01:39;0;RD BR 116;;;0;;Queda;;;;Meio de Quadra;;;0;1;0;0;0;0;0;0;0;1;0;0;;
338519;17;12;2018;06:32;0;AV BEZERRA DE MENEZES;;;6555;;Queda;Luz do Dia;;;Meio de Quadra;;;0;1;0;0;0;0;0;0;0;1;0;0;-3,735250000000000;-38,562230000000000
338520;17;12;2018;06:58;0;RUA FRE MANSUETO;;;1427;;Colis?â?úo;Luz do Dia;;;Meio de Quadra;;;0;1;0;1;0;0;0;0;0;0;0;0;-3,736950000000000;-38,488500000000000
338521;17;12;2018;07:26;7786;RUA OSVALDO CRUZ (ALDEOTA);RUA JOAQUIM SA;;0;;Colis?â?úo;Luz do Dia;;;Cruz;Pare;Residencial;0;0;1;0;0;0;0;0;0;0;0;0;-3,749392000000000;-38,504759000000000
338526;17;12;2018;07:57;0;RUA ANTONIO GADELHA;;;0;;Atropelamento;Luz do Dia;;;Meio de Quadra;;;0;1;0;0;0;0;0;0;0;1;0;0;;
338517;17;12;2018;00:49;0;RUA MOZART PINTO;;;350;;Colis?â?úo;;;;Meio de Quadra;;;0;1;0;0;0;0;0;0;0;0;0;0;-3,727913833000000;-38,552149567000000
338535;17;12;2018;07:58;0;AV SEN FERNANDES TAVORA;;;0;;Queda;Luz do Dia;;;Meio de Quadra;;;0;1;0;0;0;0;0;0;0;1;0;0;;
338537;17;12;2018;07:59;0;AV FRANCISCO SA;;;2420;;Queda;Luz do Dia;;;Meio de Quadra;;;0;1;0;0;0;0;0;0;0;1;0;0;-3,720810719000000;-38,547004825000000
338542;17;12;2018;10:06;0;AV JOSE BASTOS;;;3950;;Colis?â?úo;Luz do Dia;;;Meio de Quadra;;;0;0;1;0;0;0;0;0;0;0;0;0;-3,752625500000000;-38,553085000000000
338543;17;12;2018;10:11;0;RUA BETEL;;;965;;Queda;Luz do Dia;;;Meio de Quadra;;;0;1;0;0;0;0;0;0;0;1;0;0;-3,786929300000000;-38,550321900000000
338546;17;12;2018;11:15;9042;RUA SOLON PINHEIRO;RUA PDE MIGUELINHO;;0;;Colis?â?úo;Luz do Dia;;;Cruz;Pare;Comercial;0;1;0;1;0;0;0;0;0;1;0;0;-3,743616000000000;-38,530751000000000
338549;17;12;2018;12:07;0;RUA CEL QUEIROZ;;;197;;Colis?â?úo;Luz do Dia;;;Meio de Quadra;;;0;1;0;1;0;0;0;0;0;1;0;0;-3,835670400000000;-38,563912300000000
338562;17;12;2018;13:33;0;RUA RAIMUNDO CABRAL;;;95;;Queda;Luz do Dia;;;Meio de Quadra;;;0;1;0;0;0;1;0;0;0;0;0;0;-3,775668451000000;-38,592316951000000
338563;17;12;2018;14:36;0;AV MAE LISBOA;;;1341;;Atropelamento;Luz do Dia;;;Meio de Quadra;;;0;1;0;1;0;0;0;0;0;0;0;0;-3,807925512000000;-38,467288928000000
338564;17;12;2018;14:47;0;AV ENG HUMBERTO MONTE;;;2810;;Queda;Luz do Dia;;;Meio de Quadra;;;0;0;1;0;0;0;0;0;0;1;0;0;-3,738982957000000;-38,568865261000000
338565;17;12;2018;15:05;0;RUA CON LIMA SUCUPIRA;;;2059;;Queda;Luz do Dia;;;Meio de Quadra;;;0;1;0;0;0;0;0;0;0;1;0;0;-3,776966000000000;-38,554502000000000
338566;17;12;2018;15:12;0;RUA CARLOS VASCONCELOS;;;1319;;Colis?â?úo;Luz do Dia;;;Meio de Quadra;;;0;1;0;1;0;1;0;0;0;0;0;0;-3,733301000000000;-38,510895000000000
338567;17;12;2018;16:15;0;AV SEN VIRGILIO TAVORA;;;554;;Queda;Luz do Dia;;;Meio de Quadra;;;0;1;0;0;0;0;0;0;0;1;0;0;-3,732865000000000;-38,491882000000000
338568;17;12;2018;17:23;0;RUA JOAQUIM M DE MACEDO;;;261;;Colis?â?úo;Anoitecer;;;Meio de Quadra;;;0;1;0;1;0;1;0;0;0;0;0;0;-3,755292591000000;-38,580312386000000
338569;17;12;2018;19:21;0;RUA PERDIGAO DE OLIVEIRA;;;457;;Atropelamento;;;;Meio de Quadra;;;0;1;0;0;0;0;0;0;0;1;0;0;-3,775723455000000;-38,573774909000000
338570;17;12;2018;20:15;0;AV CEL CARVALHO;;;1297;;Colis?â?úo;;;;Meio de Quadra;;;0;1;0;0;0;0;0;0;0;0;0;0;-3,713932445000000;-38,588810778000000
338551;17;12;2018;12:30;0;RUA DOM JOAQUIM;;;54;;Colis?â?úo;Luz do Dia;;;Meio de Quadra;;;0;1;0;1;0;0;0;0;0;1;0;0;-3,724235208000000;-38,516288000000000
338554;17;12;2018;12:45;0;RUA NOSSA SRA DAS GRACAS;;;1225;;Queda;Luz do Dia;;;Meio de Quadra;;;0;1;0;0;0;0;0;0;0;1;0;0;-3,707737286000000;-38,561523771000000
338556;17;12;2018;13:02;0;AV PRS CASTELO BRANCO;;;0;;Queda;Luz do Dia;;;Meio de Quadra;;;0;1;0;0;0;0;0;0;0;1;0;0;;
338581;17;12;2018;20:29;0;RUA JOSE DANTAS VIEIRA;;;100;;Atropelamento;;;;Meio de Quadra;;;0;1;0;0;0;0;0;0;0;1;0;0;;
338582;17;12;2018;20:34;0;RUA SOBREIRA FILHO;;;321;;Colis?â?úo;;;;Meio de Quadra;;;0;0;1;1;0;0;0;0;0;1;0;0;-3,779166917000000;-38,583118958000000
338583;17;12;2018;23:40;0;RUA OSCAR ARARIPE;;;3500;;Colis?â?úo;;;;Meio de Quadra;;;0;2;0;0;0;0;0;0;0;0;0;0;;
339197;17;12;2018;09:00;25084;RUA BERNARDO MANUEL;AV BENJAMIM BRASIL;;0;;Colis?â?úo;Luz do Dia;;;T;Sem?â?íforo;Comercial;0;0;2;1;0;0;0;0;0;0;0;0;-3,810060000000000;-38,554874000000000
339201;17;12;2018;18:15;23692;RUA COM GARCIA;RUA CARDOSO DE BARROS;;0;;Colis?â?úo;Anoitecer;;;Cruz;Pare;Residencial;0;0;2;1;0;0;0;0;0;0;0;0;-3,790342000000000;-38,580641000000000
339202;17;12;2018;18:35;0;RUA MIGUEL ARAGAO;;;1103;;Colis?â?úo;;;;Meio de Quadra;;;0;0;2;0;0;0;0;0;0;1;0;0;-3,831012000000000;-38,590442000000000
338867;17;12;2018;16:50;0;RD BR 222;;;2900;KM-02;Colis?â?úo Traseira;Luz do Dia;;;Meio de Quadra;;;0;0;2;1;0;0;0;0;0;0;0;0;-3,740362400000000;-38,596996100000000
339555;17;12;2018;12:40;0;RD CE-040;;;0;KM-06;Colis?â?úo;Luz do Dia;Bom;Seca;Meio de Quadra;;;0;0;2;1;0;0;0;0;0;0;0;0;-3,809596804000000;-38,478733480000000
337125;17;12;2018;00:51;25548;AV JOAO PESSOA;RUA VILA LOBOS;;0;;N?â?úo Informado;Luz do Dia;Bom;Seca;Meio de Quadra;Pare;Comercial;0;0;2;1;0;0;0;0;0;1;0;0;-3,771198000000000;-38,561439000000000
337126;17;12;2018;02:06;0;RUA SOLON PINHEIRO;;;218;;Colis?â?úo Lateral;Via Iluminada;Bom;Seca;Meio de Quadra;;;0;0;2;1;0;0;0;0;0;0;0;0;-3,732574500000000;-38,526930000000000
337127;17;12;2018;08:05;0;AV DOMINGOS OLIMPIO;AV SORIANO ALBUQUERQUE;;1;;Colis?â?úo Lateral;Luz do Dia;Nublado;Seca;Cruz;N?â?úo H?â?í Controle;Comercial;0;0;2;1;0;0;0;0;0;1;0;0;-3,750292500000000;-38,523850000000000
337128;17;12;2018;08:39;25264;RUA VIRGILIO BRANDAO;RUA DANIEL DE CASTRO;;0;;Colis?â?úo Traseira;Luz do Dia;Nublado;Molhada;Cruz;Pare;Residencial;0;0;2;0;1;0;0;0;0;0;0;0;-3,748491000000000;-38,595660000000000
337129;17;12;2018;09:02;0;AV PRS COSTA E SILVA;;;3601;;Colis?â?úo Lateral;Luz do Dia;Nublado;Seca;Meio de Quadra;Sem?â?íforo;Residencial;0;2;1;1;0;0;0;0;0;1;0;0;-3,823691800000000;-38,548862000000000
337130;17;12;2018;08:29;1399;RUA FRE MANSUETO;RUA MARCOS MACEDO;;0;;Colis?â?úo Transversal;Luz do Dia;Nublado;Seca;T;Pare;Residencial;0;0;2;1;0;0;0;0;0;0;0;0;-3,737071000000000;-38,488546000000000
337131;17;12;2018;09:25;0;RUA PRC ISABEL;;;1444;;Queda;Luz do Dia;Chuva;Molhada;Meio de Quadra;N?â?úo H?â?í Controle;Residencial;0;0;1;0;0;0;0;0;0;0;0;0;-3,733557500000000;-38,537520000000000
337132;17;12;2018;09:09;5812;AV OLIVEIRA PAIVA;RUA CEZIDIO ALBUQUERQUE;;0;;Colis?â?úo Traseira;Luz do Dia;Nublado;Seca;T;Pare;Comercial;0;2;0;1;0;0;0;0;0;1;0;0;-3,798714000000000;-38,503433000000000
337133;17;12;2018;13:40;7800;RUA JULIO SIQUEIRA;AV BAR STUDART;;0;;Colis?â?úo Transversal;Luz do Dia;Chuva;Molhada;Cruz;Sem?â?íforo;Comercial;0;1;1;1;0;0;0;0;0;1;0;0;-3,748825000000000;-38,511144000000000
337134;17;12;2018;15:53;1463;RUA ILDEFONSO ALBANO;RUA ROCHA LIMA;;0;;Colis?â?úo Transversal;Luz do Dia;Bom;Seca;Cruz;Pare;Residencial;0;1;1;1;0;0;0;0;0;1;0;0;-3,738687000000000;-38,515157000000000
337135;17;12;2018;16:16;0;AV DA UNIVERSIDADE;;;0;;Colis?â?úo Traseira;Luz do Dia;Chuva;Molhada;Meio de Quadra;N?â?úo H?â?í Controle;Comercial;0;0;1;1;0;0;0;0;0;0;0;0;-3,742680800000000;-38,540720000000000
337136;17;12;2018;15:40;0;RUA JOAO CORDEIRO;;;2201;;Colis?â?úo Traseira;Luz do Dia;Bom;Molhada;Meio de Quadra;N?â?úo H?â?í Controle;Residencial;0;0;3;1;0;0;0;0;0;0;0;0;-3,739861700000000;-38,517870000000000
337137;17;12;2018;16:30;16057;AV GODOFREDO MACIEL;AV WENEFRIDO MELO;;0;;N?â?úo Informado;Luz do Dia;Bom;Molhada;Cruz;Sem?â?íforo;Comercial;0;0;2;1;0;0;0;0;0;0;0;0;-3,811743000000000;-38,574739000000000
337138;17;12;2018;14:11;0;AV DEP PAULINO ROCHA;;;1730;;Colis?â?úo Lateral;Luz do Dia;Chuva;Molhada;Meio de Quadra;N?â?úo H?â?í Controle;Comercial;0;0;2;1;0;0;0;0;0;1;0;0;-3,811703400000000;-38,512570000000000
337139;17;12;2018;19:00;0;RUA DR JOAQUIM BENTO;RUA DIONISIO ALENCAR FILHO;;0;;N?â?úo Informado;Via Iluminada;Nublado;Seca;Cruz;N?â?úo H?â?í Controle;Residencial;0;1;1;1;0;0;0;0;0;1;0;0;-3,828381500000000;-38,484870000000000
337151;17;12;2018;20:00;0;RUA PERDIGAO DE OLIVEIRA;;;460;;Atropelamento;Via Iluminada;Nublado;Seca;Meio de Quadra;N?â?úo H?â?í Controle;Residencial;0;2;0;0;0;0;0;0;0;1;0;0;-3,775724200000000;-38,573715000000000
337149;18;12;2018;14:56;0;RUA PORTO ALEGRE;;;418;;Colis?â?úo Lateral;Luz do Dia;Bom;Seca;Meio de Quadra;;;0;1;2;0;0;0;0;0;0;1;0;0;-3,764520600000000;-38,582756000000000
337140;18;12;2018;09:15;0;AV LUCIANO CARNEIRO;;;1991;;Colis?â?úo Traseira;Luz do Dia;Bom;Seca;Meio de Quadra;N?â?úo H?â?í Controle;Comercial;0;1;1;1;0;0;0;0;0;1;0;0;-3,765639500000000;-38,536890000000000
337141;18;12;2018;13:33;0;AV CEL CARVALHO;;;160;;Atropelamento;Luz do Dia;Bom;Seca;Meio de Quadra;N?â?úo H?â?í Controle;Comercial;0;2;0;0;0;0;0;0;0;0;0;0;-3,737375000000000;-38,585340000000000
337142;18;12;2018;18:48;17357;RUA ALAN KARDEC;RUA QUEIROZ RIBEIRO;;0;;Colis?â?úo Lateral;Anoitecer;Bom;Seca;Cruz;Pare;Residencial;0;0;2;1;0;0;0;0;0;1;0;0;-3,765962000000000;-38,548436000000000
337143;18;12;2018;19:30;5283;AV DOM MANUEL;AV SANTOS DUMONT;;548;;Colis?â?úo Traseira;Anoitecer;Bom;Seca;Cruz;Sem?â?íforo;Comercial;0;0;1;1;0;0;0;0;0;1;0;0;-3,728774000000000;-38,521250000000000
337144;18;12;2018;19:21;22290;AV BENJAMIM BARROSO;RUA JOSE MARROCOS;;0;;Colis?â?úo Lateral;Mal Iluminada;Bom;Seca;Cruz;Pare;Residencial;0;0;2;1;0;0;0;0;0;0;0;0;-3,731142000000000;-38,550461000000000
337145;18;12;2018;19:49;0;RUA RAIMUNDO NERY;;;698;;Colis?â?úo Lateral;Via Iluminada;Bom;Seca;Meio de Quadra;;;0;1;1;1;0;0;0;0;0;1;0;0;-3,791528700000000;-38,587486000000000
337146;18;12;2018;20:01;0;AV PRS CASTELO BRANCO;;;2045;;Colis?â?úo Lateral;Anoitecer;Bom;Seca;Cruz;Sem?â?íforo;Comercial;0;0;3;1;1;0;0;0;0;1;0;0;-3,714644000000000;-38,546085000000000
337147;18;12;2018;18:10;0;AV BAR STUDART;;;626;;Atropelamento;Anoitecer;Bom;Seca;Meio de Quadra;Sem?â?íforo;Comercial;0;2;0;0;0;0;0;0;0;1;0;0;-3,729464800000000;-38,505050000000000
336727;18;12;2018;16:30;0;RUA ANA GONCALVES;;;677;;Colis?â?úo Transversal;Luz do Dia;;;Meio de Quadra;;;0;0;2;1;0;0;0;0;0;1;0;0;-3,759314132000000;-38,509991053000000
339561;18;12;2018;10:40;0;RD CE-040;;;0;KM-03;Colis?â?úo;Luz do Dia;Bom;Seca;Meio de Quadra;;;0;0;1;1;0;0;0;0;0;0;0;0;-3,782614325000000;-38,481083900000000
339562;18;12;2018;08:05;0;RD CE-025;;;0;KM-02;Colis?â?úo;Luz do Dia;Bom;Seca;Meio de Quadra;;;0;0;2;1;0;0;0;0;0;0;0;0;-3,807634505000000;-38,461084520000000
338868;18;12;2018;21:50;0;RD BR 116;;;13200;KM-13;Colis?â?úo Traseira;;;;Meio de Quadra;;;0;0;2;1;0;0;0;0;0;0;0;0;-3,864670000000000;-38,497727000000000
338584;18;12;2018;09:39;0;RUA CAPRICHO;;;640;;Colis?â?úo;Luz do Dia;;;Meio de Quadra;;;0;1;0;0;0;0;0;0;0;1;0;0;-3,785713500000000;-38,525127200000000
338611;18;12;2018;12:47;0;RUA POMPILIO GOMES;;;804;;Colis?â?úo;Luz do Dia;;;Meio de Quadra;;;0;0;1;1;0;0;0;0;0;1;0;0;-3,812300000000000;-38,520260000000000
338612;18;12;2018;13:12;0;RUA ANTONIO MARTINS;;;391;;Colis?â?úo;Luz do Dia;;;Meio de Quadra;;;0;2;0;1;0;0;0;0;0;1;0;0;-3,752939000000000;-38,554882000000000
338607;18;12;2018;11:32;0;ET DO FIO (MESSEJANA);;;1279;;Colis?â?úo;Luz do Dia;;;Meio de Quadra;;;0;1;0;1;0;0;0;0;0;1;0;0;;
338608;18;12;2018;12:13;0;RUA JULIO ALCIDES;;;122;;Colis?â?úo;Luz do Dia;;;Meio de Quadra;;;0;1;0;1;0;0;0;0;0;1;0;0;-3,788172364000000;-38,565743961000000
338609;18;12;2018;12:05;0;AV MR HULL;;;5288;;Queda;Luz do Dia;;;Meio de Quadra;;;0;1;0;0;0;0;0;0;0;1;0;0;-3,739679333000000;-38,591655000000000
338601;18;12;2018;11:28;0;AV DOMINGOS OLIMPIO;;;1170;;Colis?â?úo;Luz do Dia;;;Meio de Quadra;;;0;1;0;1;0;0;0;0;0;1;0;0;-3,735658872000000;-38,533996513000000
338590;18;12;2018;09:55;10830;RUA PDE SA LEITAO;RUA PORTO ALEGRE;;0;;Colis?â?úo;Luz do Dia;;;;;;0;1;0;0;0;0;1;0;0;1;0;0;-3,764452000000000;-38,582727000000000
338591;18;12;2018;10:22;0;RUA ALVARES CABRAL;;;757;;Queda;Luz do Dia;;;Meio de Quadra;;;0;1;0;0;0;0;0;0;0;1;0;0;-3,778020000000000;-38,547930000000000
338593;18;12;2018;10:26;0;RUA JAIME BENEVOLO;;;677;;Colis?â?úo;Luz do Dia;;;Meio de Quadra;;;0;1;0;1;0;0;0;0;0;1;0;0;-3,737806533000000;-38,527253778000000
338596;18;12;2018;10:28;0;AV GAL OSORIO DE PAIVA;;;7868;;Atropelamento;Luz do Dia;;;Meio de Quadra;;;0;1;0;1;0;0;0;0;0;0;0;0;-3,820709108000000;-38,617566189000000
338597;18;12;2018;10:39;0;RUA BETEL;;;0;;Queda;Luz do Dia;;;Meio de Quadra;;;0;1;0;0;0;0;0;0;0;0;0;0;;
338626;18;12;2018;19:25;0;RUA BERNARDO MANUEL;;;9959;;Colis?â?úo;;;;Meio de Quadra;;;0;1;1;1;0;1;0;0;0;0;0;0;-3,803888000000000;-38,552962000000000
338627;18;12;2018;20:02;0;RUA MIGUEL GURGEL;;;950;;Queda;;;;Meio de Quadra;;;0;1;0;0;0;0;0;0;0;1;0;0;-3,840220000000000;-38,482460000000000
338628;18;12;2018;20:51;0;AV DOMINGOS OLIMPIO;;;0;;Colis?â?úo;;;;Meio de Quadra;;;0;1;0;1;0;0;0;0;0;1;0;0;;
338629;18;12;2018;20:51;0;RUA ANDRE REBOUCAS;;;316;;Atropelamento;;;;Meio de Quadra;;;0;1;0;0;0;0;0;0;0;1;0;0;-3,775581478000000;-38,590784304000000
338630;18;12;2018;21:16;0;RUA JUIZ DE FORA;;;174;;Colis?â?úo;;;;Meio de Quadra;;;0;1;0;1;0;0;0;0;0;1;0;0;-3,791528218000000;-38,488432964000000
338631;18;12;2018;22:14;0;RUA DRACON BARRETO;;;610;;Colis?â?úo;;;;Meio de Quadra;;;0;1;0;0;0;0;0;0;0;0;0;0;-3,734860000000000;-38,579090000000000
338632;18;12;2018;22:37;0;RUA 6 CJ PEQ MONDUBIM;;;100;;Colis?â?úo;;;;Meio de Quadra;;;0;2;0;1;0;0;0;0;0;1;0;0;;
338614;18;12;2018;13:16;5091;RUA GAL SAMPAIO;RUA CASTRO E SILVA;;0;;Colis?â?úo;Luz do Dia;;;Cruz;Sem?â?íforo;Comercial;0;1;0;0;0;0;0;0;0;0;0;0;-3,723098000000000;-38,529670000000000
338615;18;12;2018;13:34;0;AV CEL CARVALHO;;;350;;Atropelamento;Luz do Dia;;;Meio de Quadra;;;0;1;0;0;0;0;0;0;0;1;0;0;-3,706099500000000;-38,590865500000000
338616;18;12;2018;14:42;0;RUA HOLANDA;;;1000;;Queda;Luz do Dia;;;Meio de Quadra;;;0;1;0;0;0;0;0;0;0;1;0;0;-3,800572000000000;-38,561168001000000
338617;18;12;2018;15:51;0;RUA UM (MONDUBIM);;;0;;Colis?â?úo;Luz do Dia;;;Meio de Quadra;;;0;0;1;1;0;0;0;0;0;1;0;0;;
338618;18;12;2018;16:22;0;AV PRO GOMES DE MATOS;;;1536;;Colis?â?úo;Luz do Dia;;;Meio de Quadra;;;0;0;1;1;0;1;0;0;0;0;0;0;-3,764768000000000;-38,548736000000000
338619;18;12;2018;17:25;0;AV WASHINGTON SOARES;;;6500;;Colis?â?úo;Anoitecer;Bom;Seca;Meio de Quadra;;;0;1;1;1;0;0;0;0;0;1;0;0;-3,815763000000000;-38,482025000000000
338620;18;12;2018;18:12;15293;AV BAR STUDART;RUA TEN BENEVOLO;;0;;Atropelamento;Anoitecer;;;Cruz;Sem?â?íforo;Comercial;0;2;0;0;0;0;0;0;0;0;0;0;-3,729390000000000;-38,504908000000000
338621;18;12;2018;19:03;0;RUA SOLON PINHEIRO;;;891;;Colis?â?úo;;;;Meio de Quadra;;;0;1;0;1;0;0;0;0;0;1;0;0;-3,738172692000000;-38,528906308000000
338650;19;12;2018;13:06;0;AV I CJ JOSE WALTER;;;0;;Colis?â?úo;Luz do Dia;;;Meio de Quadra;;;0;2;0;1;0;0;0;0;0;1;0;0;;
338651;19;12;2018;13:08;5323;RUA ASSUNCAO;RUA PEDRO PEREIRA;;0;;Atropelamento;Luz do Dia;;;Cruz;Pare;Comercial;0;1;0;1;0;0;0;0;0;0;0;0;-3,730116000000000;-38,527197000000000
338652;19;12;2018;13:35;0;AV PRS CASTELO BRANCO;;;399;;Queda;Luz do Dia;;;Meio de Quadra;;;0;1;0;0;0;0;0;0;0;1;0;0;-3,721951200000000;-38,525550600000000
338653;19;12;2018;13:57;0;AV ABOLICAO;;;3235;;Colis?â?úo;Luz do Dia;;;Meio de Quadra;;;0;2;0;1;0;0;0;0;0;1;0;0;-3,726523000000000;-38,490302000000000
338654;19;12;2018;14:57;0;AV WASHINGTON SOARES;;;3500;;Colis?â?úo;Luz do Dia;;;Meio de Quadra;;;0;0;1;0;0;0;1;0;0;1;0;0;-3,785299000000000;-38,480833000000000
338655;19;12;2018;15:06;10373;RUA PERILIO TEIXEIRA;RUA NOSSA SRA APARECIDA;;0;;Colis?â?úo;Luz do Dia;;;Cruz;Pare;Misto;0;1;0;0;1;0;0;0;0;1;0;0;-3,758048000000000;-38,601606000000000
338656;19;12;2018;15:54;23795;RUA AGAMENON;RUA ANTONIO COSTA MENDES (PQ S?âãÆO JOS?âÔÇ?);;0;;Colis?â?úo;Luz do Dia;;;Cruz;Pare;Comercial;0;1;0;1;0;0;0;0;0;1;0;0;;
338633;19;12;2018;01:59;0;AV SEN CARLOS JEREISSATI (AEROPORTO);;;300;;Colis?â?úo;;Bom;Seca;Meio de Quadra;;;0;1;0;1;0;0;0;0;0;0;0;0;-3,784360000000000;-38,518098000000000
338634;19;12;2018;06:33;0;RUA TAQUATIARA;;;114;;Colis?â?úo;Luz do Dia;;;Meio de Quadra;;;0;1;0;1;0;1;0;0;0;0;0;0;-3,830751228000000;-38,500569481000000
338635;19;12;2018;07:03;0;RUA FAUSTO CABRAL;;;603;;Colis?â?úo;Luz do Dia;;;Meio de Quadra;;;0;0;1;1;0;0;0;0;0;1;0;0;-3,733662000000000;-38,476448000000000
338636;19;12;2018;07:31;0;AV I CJ JOSE WALTER;;;1670;;Colis?â?úo;Luz do Dia;;;Meio de Quadra;;;0;1;0;1;0;0;0;0;0;1;0;0;-3,838988625000000;-38,554934375000000
338637;19;12;2018;07:41;0;RUA ROMEU MARTINS;;;801;;Colis?â?úo;Luz do Dia;;;Meio de Quadra;;;0;1;0;0;0;0;0;0;0;1;0;0;-3,766564200000000;-38,551995900000000
338639;19;12;2018;08:41;0;AV BEIRA MAR;;;0;;Queda;Luz do Dia;;;Meio de Quadra;;;0;1;0;0;0;1;0;0;0;0;0;0;;
338640;19;12;2018;09:30;7629;RUA STA CATARINA (BELA VISTA / PAN AMERICANO);RUA ALAGOAS;;0;;Colis?â?úo;Luz do Dia;;;Cruz;Pare;Residencial;0;0;1;1;0;0;0;0;0;1;0;0;-3,760356000000000;-38,569550000000000
338641;19;12;2018;09:44;0;AV I CJ CEARA;;;1713;;Colis?â?úo;Luz do Dia;;;Meio de Quadra;;;0;1;0;1;0;0;0;0;0;1;0;0;;
338642;19;12;2018;10:54;0;AV MR HULL;;;0;;Atropelamento;Luz do Dia;;;Meio de Quadra;;;0;1;0;0;0;0;0;0;0;1;0;0;;
338643;19;12;2018;11:59;0;RUA 606 CJ CEARA;;;65;;Colis?â?úo;Luz do Dia;;;;;;0;1;0;1;0;0;0;0;0;1;0;0;-3,766639404000000;-38,603119333000000
338644;19;12;2018;12:01;0;AV GODOFREDO MACIEL;;;3551;;Atropelamento;Luz do Dia;;;Meio de Quadra;;;0;1;0;1;0;0;0;0;0;0;0;0;-3,806827000000000;-38,573147057000000
338658;19;12;2018;16:08;0;AV PONTES VIEIRA;;;306;;Colis?â?úo;Luz do Dia;;;Meio de Quadra;;;0;0;1;0;0;0;0;0;0;0;0;0;-3,753226100000000;-38,517739267000000