COD_ACIDENTE;DIA;MES;ANO;HORA;INTERSECAO;LOG1;LOG2;LOG3;NUMERO;REFERENCIA;NATUREZA;ILUMINACAO;TEMPO;SUPERFICIEPISTA;TIPOCRUZAMENTO;CONTROLETRAFEGO;USOSOLO;MORTOS;FERIDOS;ILESOS;AUTOMOVEL;ONIBUS;BICICLETA;CAMINHAO;MICROONIBUS;CICLOMOTOR;MOTOCICLETA;TRACAOANIMAL;TREM;LATITUDE;LONGITUDE
338660;19;12;2018;16:22;0;AV SANTOS DUMONT;;;1500;;Queda;Luz do Dia;;;Meio de Quadra;;;0;1;0;0;0;1;0;0;0;0;0;0;-3,737030000000000;-38,495850000000000
338663;19;12;2018;16:16;0;RUA PERNAMBUCO;;;1785;;Colis?â?úo;Luz do Dia;;;Meio de Quadra;;;0;2;0;1;0;1;0;0;0;0;0;0;-3,756229276000000;-38,573576827000000
338665;19;12;2018;19:18;0;AV FRANCISCO SA;;;2815;;Queda;;;;Meio de Quadra;;;0;0;1;0;0;0;0;0;0;1;0;0;-3,719680000000000;-38,550501000000000
338668;19;12;2018;19:22;0;AV E CJ JOSE WALTER;;;925;;Colis?â?úo;;;;Meio de Quadra;;;0;3;0;0;0;0;0;0;0;1;0;0;;
338669;19;12;2018;19:28;0;AV AUGUSTO DOS ANJOS;;;636;;Colis?â?úo;;;;Meio de Quadra;;;0;1;0;1;0;0;0;0;0;1;0;0;-3,773926000000000;-38,573619000000000
338670;19;12;2018;19:35;0;AV VIS RIO BRANCO;;;4125;;Colis?â?úo;;;;Meio de Quadra;;;0;1;0;1;0;0;0;0;0;1;0;0;-3,757189421000000;-38,519772105000000
338671;19;12;2018;19:43;0;RUA ALM RUFINO;;;1456;;Colis?â?úo;;;;Meio de Quadra;;;0;1;0;0;0;0;0;0;0;1;0;0;-3,765050400000000;-38,542064400000000
338672;19;12;2018;21:33;0;RUA LICURGO MONTENEGRO;;;534;;Queda;;;;Meio de Quadra;;;0;1;0;0;0;0;0;0;0;1;0;0;-3,735157300000000;-38,575772100000000
338673;19;12;2018;21:48;3054;RUA ANDRE REBOUCAS;TR APODIM;;0;;Colis?â?úo;;;;;;;0;2;0;1;0;0;0;0;0;1;0;0;-3,775493000000000;-38,590658000000000
338674;19;12;2018;23:07;0;AV MAE LISBOA;;;2279;;Atropelamento;;;;Meio de Quadra;;;0;1;0;0;0;0;0;0;0;0;0;0;-3,807256000000000;-38,459469000000000
338675;19;12;2018;23:16;0;RUA SAO PAULO;;;0;;Colis?â?úo;;;;Meio de Quadra;;;0;2;0;1;0;0;0;0;0;1;0;0;;
339564;19;12;2018;13:30;0;RD CE-040;;;0;KM-03;Colis?â?úo;Luz do Dia;Bom;Seca;Meio de Quadra;;;0;0;2;1;0;0;0;0;0;0;0;0;-3,782614325000000;-38,481083900000000
335890;19;12;2018;08:59;0;RUA JULIO BRAGA;;;839;;Atropelamento;Luz do Dia;;;Meio de Quadra;;;1;1;0;0;0;0;0;0;0;1;0;0;-3,776113286000000;-38,578603750000000
336731;19;12;2018;08:27;0;AV SGT HERMINIO SAMPAIO;;;1685;;Atropelamento;Luz do Dia;;;Meio de Quadra;;;0;2;0;0;0;0;0;0;0;1;0;0;-3,725747000000000;-38,556394300000000
337148;19;12;2018;06:13;0;RUA GASTAO JUSTA;;;24;;Colis?â?úo Frontal;Luz do Dia;Bom;Seca;Meio de Quadra;N?â?úo H?â?í Controle;Residencial;0;0;2;1;0;0;0;0;0;0;0;0;-3,804718500000000;-38,569270000000000
337150;19;12;2018;13:57;0;RUA PDE VALDEVINO;;;1515;;Colis?â?úo Transversal;Luz do Dia;Bom;Seca;Meio de Quadra;N?â?úo H?â?í Controle;Residencial;0;1;1;0;0;0;0;0;0;1;0;0;-3,741094800000000;-38,510320000000000
337152;19;12;2018;14:40;0;RUA FRE SERAFIM;BC CON CASTRO (VL. PERY);;0;;Colis?â?úo Lateral;Luz do Dia;Bom;Seca;;;;0;1;2;1;0;0;0;0;0;1;0;0;-3,782712000000000;-38,571384000000000
337153;19;12;2018;16:37;0;AV PONTES VIEIRA;;;303;;Engavetamento;Luz do Dia;Bom;Seca;Meio de Quadra;N?â?úo H?â?í Controle;Comercial;0;0;3;1;1;0;0;0;0;0;0;0;-3,753184600000000;-38,517666000000000
337154;19;12;2018;17:10;0;RUA MONTE LIBANO;;;481;;Colis?â?úo Traseira;Via Iluminada;Bom;Seca;Meio de Quadra;N?â?úo H?â?í Controle;Residencial;0;1;1;1;0;0;0;0;0;1;0;0;-3,824555900000000;-38,561817000000000
337155;20;12;2018;01:45;25137;RUA BENI DE CARVALHO;RUA BARBOSA DE FREITAS;;0;;Queda;Via Iluminada;Bom;Seca;Cruz;Sem?â?íforo;Comercial;0;0;1;0;0;0;0;0;0;0;0;0;-3,744414000000000;-38,499890000000000
337156;20;12;2018;07:08;0;AV JOSE JATAHY;;;1210;;Colis?â?úo Lateral;Luz do Dia;Bom;Seca;Meio de Quadra;N?â?úo H?â?í Controle;Residencial;0;1;0;0;0;0;0;0;0;1;0;0;-3,732228300000000;-38,544704000000000
337157;20;12;2018;09:30;15360;AV DOM LUIS;AV DES MOREIRA;;1;;Colis?â?úo Lateral;Luz do Dia;Bom;Seca;Rotat?â??ria;N?â?úo H?â?í Controle;Comercial;0;0;2;0;1;0;0;0;0;0;0;0;-3,733239000000000;-38,497383000000000
337158;20;12;2018;06:46;25000;RUA COSTA BARROS;AV DOM MANUEL;;0;;Colis?â?úo Transversal;Luz do Dia;Bom;Seca;Cruz;Sem?â?íforo;Comercial;0;3;1;0;1;0;0;0;0;0;0;0;-3,727381000000000;-38,520793000000000
337160;20;12;2018;08:30;0;AV DIOGUINHO;RUA ISMAEL PORDEUS;;1;;Colis?â?úo Transversal;Luz do Dia;Bom;Seca;Cruz;Pare;Comercial;0;1;1;1;0;0;0;0;0;1;0;0;-3,720660200000000;-38,464577000000000
337161;20;12;2018;08:51;19689;RUA GUSTAVO SAMPAIO;RUA DOM LINO;;0;;Colis?â?úo;Luz do Dia;Bom;Seca;Cruz;Pare;Comercial;0;1;1;1;0;0;0;0;0;1;0;0;-3,735435000000000;-38,557313000000000
337162;20;12;2018;14:30;23002;RUA PRA HELOISA F LIMA;RUA VILA RICA;;0;;Colis?â?úo Lateral;Luz do Dia;Bom;Seca;Cruz;Pare;Residencial;0;1;2;1;0;0;0;0;0;1;0;0;-3,787573000000000;-38,545724000000000
337163;20;12;2018;16:47;0;AV ALBERTO CRAVEIRO;;;2505;;Colis?â?úo Transversal;Luz do Dia;Bom;Seca;Meio de Quadra;N?â?úo H?â?í Controle;Comercial;0;1;1;0;0;0;0;0;0;1;0;0;-3,801038300000000;-38,520077000000000
337164;20;12;2018;17:41;0;AV PRS COSTA E SILVA;;;5333;;Colis?â?úo Lateral;Via Iluminada;Bom;Seca;Meio de Quadra;N?â?úo H?â?í Controle;Residencial;0;0;2;1;0;0;0;0;0;0;0;0;-3,828224400000000;-38,532364000000000
337165;20;12;2018;18:35;1884;RUA PDE PEDRO DE ALENCAR;RUA DOCA SALES;;0;;Colis?â?úo Traseira;Via Iluminada;Bom;Seca;Cruz;Pare;Comercial;0;1;2;1;0;0;0;0;0;0;0;0;-3,843805000000000;-38,494382000000000
337166;20;12;2018;20:10;0;RUA BAR ARACATI;;;2506;;Colis?â?úo Lateral;Via Iluminada;Bom;Seca;Meio de Quadra;N?â?úo H?â?í Controle;Residencial;0;0;1;1;0;0;0;0;0;0;0;0;-3,743921800000000;-38,515564000000000
337167;20;12;2018;20:00;0;AV AUGUSTO DOS ANJOS;;;2160;;Colis?â?úo Traseira;Via Iluminada;Bom;Seca;Meio de Quadra;Sem?â?íforo;Comercial;0;3;0;0;0;0;0;0;0;1;0;0;-3,784793900000000;-38,583122000000000
337168;20;12;2018;09:47;25119;RUA BAR AQUIRAZ;RUA MIGUEL COUTO;;0;;Colis?â?úo Transversal;Luz do Dia;Bom;Seca;Cruz;Pare;Residencial;0;1;1;0;0;0;1;0;0;1;0;0;-3,837441000000000;-38,487996000000000
336740;20;12;2018;07:00;20131;RUA CRISANTO ARRUDA;RUA PRO JOSE SILVEIRA;;0;;Colis?â?úo Transversal;Luz do Dia;;;Cruz;Pare;Residencial;0;2;1;1;0;0;0;0;0;1;0;0;-3,810268000000000;-38,522564000000000
336733;20;12;2018;07:20;12843;RUA MES ROSA;RUA JAIME BENEVOLO;;0;;Colis?â?úo Transversal;Luz do Dia;;;Cruz;Pare;Comercial;0;1;1;1;0;0;0;0;0;1;0;0;-3,741987000000000;-38,528645000000000
336737;20;12;2018;01:00;3863;AV 13 DE MAIO;RUA SEN POMPEU;;0;;Colis?â?úo Lateral;;;;;;;0;1;1;1;0;0;0;0;0;1;0;0;-3,744515000000000;-38,534969000000000
339566;20;12;2018;07:00;0;RD CE-060;;;0;KM-01;Colis?â?úo;Luz do Dia;Bom;Seca;Meio de Quadra;;;0;0;2;1;0;0;0;0;0;0;0;0;-3,826136000000000;-38,579500000000000
339567;20;12;2018;12:20;0;AV MIN JOSE AMERICO;;;0;;Colis?â?úo;Luz do Dia;Bom;Seca;Meio de Quadra;;;0;0;2;1;0;0;0;0;0;1;0;0;;
339568;20;12;2018;15:40;0;AV MIN JOSE AMERICO;;;0;;Colis?â?úo;Luz do Dia;Bom;Seca;Meio de Quadra;;;0;0;2;1;0;0;0;0;0;0;0;0;;
338870;20;12;2018;08:15;0;RD BR 116;;;15000;KM-15;Atropelamento;Luz do Dia;;;Meio de Quadra;;;0;2;1;0;0;0;0;0;0;1;0;0;-3,882329000000000;-38,501113000000000
339229;20;12;2018;02:10;3863;AV DOS EXPEDICIONARIOS;AV 13 DE MAIO;;0;;Colis?â?úo;;;;;;;0;0;1;0;0;0;0;0;0;1;0;0;;
338676;20;12;2018;01:18;0;AV 13 DE MAIO;;;0;;Colis?â?úo;;;;Meio de Quadra;;;0;2;0;1;0;0;0;0;0;1;0;0;;
338677;20;12;2018;01:33;0;AV FRANCISCO SA;;;7400;;Queda;;;;Meio de Quadra;;;0;0;1;0;0;0;0;0;0;1;0;0;-3,707022400000000;-38,584974333000000
338678;20;12;2018;05:57;0;AV N CJ JOSE WALTER;;;333;;Queda;Amanhecer;;;Meio de Quadra;;;0;1;0;0;0;0;0;0;0;1;0;0;;
338679;20;12;2018;07:52;0;AV GODOFREDO MACIEL;;;0;;Queda;Luz do Dia;;;Meio de Quadra;;;0;0;1;0;0;0;0;0;0;1;0;0;;
338680;20;12;2018;08:24;0;RUA EQUADOR;;;747;;Colis?â?úo;Luz do Dia;;;Meio de Quadra;;;0;1;1;1;0;1;0;0;0;0;0;0;-3,773482000000000;-38,552222000000000
338681;20;12;2018;10:01;0;RUA ACAPULCO;;;121;;Colis?â?úo;Luz do Dia;;;Meio de Quadra;;;0;1;0;1;0;0;0;0;0;1;0;0;-3,791097100000000;-38,550345400000000
338682;20;12;2018;13:56;25072;AV DOS EXPEDICIONARIOS;RUA VICENTE SPINDOLA;;0;;Colis?â?úo;Luz do Dia;;;Cruz;Pare;Residencial;0;1;0;0;0;0;0;0;0;0;0;0;-3,767922000000000;-38,542084000000000
338685;20;12;2018;13:57;0;AV GAL OSORIO DE PAIVA;;;0;;Colis?â?úo;Luz do Dia;;;Meio de Quadra;;;0;0;1;1;0;0;0;0;0;1;0;0;;
338689;20;12;2018;14:43;0;RUA JOR ANTONIO P TAVARES;;;2726;;Colis?â?úo;Luz do Dia;;;Meio de Quadra;;;0;1;0;0;0;0;0;0;0;1;0;0;-3,814680000000000;-38,507170000000000
338691;20;12;2018;14:45;0;RUA 15 DE NOVEMBRO;;;952;;Colis?â?úo;Luz do Dia;;;Meio de Quadra;;;0;0;1;1;0;0;0;0;0;1;0;0;-3,770380489000000;-38,551866651000000
338694;20;12;2018;15:07;0;AV H CJ CEARA;;;1832;;Colis?â?úo;Luz do Dia;;;Meio de Quadra;;;0;1;1;1;0;0;0;0;0;1;0;0;-3,776383000000000;-38,615228000000000
338702;20;12;2018;15:26;0;AV JOR THOMAZ COELHO;;;0;;Colis?â?úo;Luz do Dia;;;Meio de Quadra;;;0;1;0;1;0;0;0;0;0;1;0;0;;
338698;20;12;2018;14:50;0;RD BR 116;;;4000;KM-04;Colis?â?úo Traseira;Luz do Dia;;;Meio de Quadra;;;0;1;1;1;0;0;0;0;0;1;0;0;-3,802354000000000;-38,503869000000000
338714;20;12;2018;18:35;0;AV FILOMENO GOMES;;;733;;Colis?â?úo;;;;Meio de Quadra;;;0;1;0;1;0;0;0;0;0;1;0;0;-3,721539000000000;-38,541200000000000
338715;20;12;2018;19:05;0;RUA MARIA JULIA;;;1089;;Atropelamento;;;;Meio de Quadra;;;0;1;0;0;0;0;0;0;0;1;0;0;-3,795351300000000;-38,600641800000000
338716;20;12;2018;19:25;0;AV GAL OSORIO DE PAIVA;;;7480;;Colis?â?úo;;;;Meio de Quadra;;;0;2;0;0;0;1;0;0;0;1;0;0;-3,817431000000000;-38,614386000000000
338717;20;12;2018;19:36;0;AV PERIMETRAL;;;0;;Colis?â?úo;;;;Meio de Quadra;;;0;1;0;1;0;0;0;0;0;1;0;0;;
338718;20;12;2018;19:37;0;RUA AUDISIO PINHEIRO;;;0;;Queda;;;;Meio de Quadra;;;0;0;1;0;0;0;0;0;0;1;0;0;;
338719;20;12;2018;20:00;121;RUA RUI MONTE;RUA CEL JOAQUIM FRANKLIN;;0;;Colis?â?úo;;;;Cruz;Pare;Comercial;0;2;0;0;0;0;0;0;0;1;0;0;-3,742326000000000;-38,587330000000000
338720;20;12;2018;20:40;0;RUA ANA BRITO;;;585;;Colis?â?úo;;;;Meio de Quadra;;;0;1;0;0;0;0;0;0;0;1;0;0;-3,829560000000000;-38,586580000000000
338721;20;12;2018;21:14;17566;RUA GUANABARA;RUA PARA;;0;;Queda;;;;;;;0;1;0;0;0;1;0;0;0;0;0;0;-3,753334000000000;-38,566756000000000
338722;20;12;2018;22:33;1070;AV MAE LISBOA;AV ODILON GUIMARAES;;0;;Colis?â?úo;;;;;;;0;0;1;1;0;0;0;0;0;1;0;0;-3,807711000000000;-38,461606000000000
338723;20;12;2018;23:03;0;RUA ANTONIO CANDEIA;;;401;;Queda;;;;Meio de Quadra;;;0;1;0;0;0;0;0;0;0;1;0;0;-3,831200000000000;-38,480570000000000
338708;20;12;2018;16:17;23660;RUA CHASTINET GUIMARAES;RUA BAR CRATO;;0;;Atropelamento;Luz do Dia;;;Cruz;Pare;Residencial;0;1;0;1;0;0;0;0;0;0;0;0;-3,722909000000000;-38,565856000000000
338709;20;12;2018;16:22;0;AV PRS COSTA E SILVA;;;4505;;Colis?â?úo;Luz do Dia;;;Meio de Quadra;;;0;1;0;1;0;0;0;0;0;1;0;0;-3,825648147000000;-38,539515618000000
338710;20;12;2018;16:57;7674;AV JOSE BASTOS;RUA RIO GRANDE DO NORTE;;0;;Colis?â?úo;Luz do Dia;;;;;;0;1;0;0;0;0;0;0;0;1;0;0;-3,760562000000000;-38,564477000000000
338711;20;12;2018;17:57;0;AV ABOLICAO;;;3690;;Atropelamento;Anoitecer;;;Meio de Quadra;;;0;1;0;0;0;0;0;0;0;1;0;0;-3,725907000000000;-38,486613000000000
338712;20;12;2018;18:05;0;AV CEL CARVALHO;;;215;;Colis?â?úo;Anoitecer;;;Meio de Quadra;;;0;1;0;1;0;0;0;0;0;1;0;0;-3,704926856000000;-38,591174193000000
338706;20;12;2018;16:07;0;AV PERIMETRAL;;;5555;;Colis?â?úo;Luz do Dia;;;Meio de Quadra;;;0;1;0;1;0;0;0;0;0;1;0;0;;
338704;20;12;2018;15:42;0;AV GODOFREDO MACIEL;;;2900;;Atropelamento;Luz do Dia;;;Meio de Quadra;;;0;1;0;1;0;0;0;0;0;0;0;0;-3,799374000000000;-38,570810000000000
338724;21;12;2018;01:20;0;AV PRO JOSE ARTHUR CARVALHO;;;2817;;Colis?â?úo;;;;Meio de Quadra;;;0;1;0;1;0;0;0;0;0;0;0;0;-3,823173237000000;-38,453702909000000
338725;21;12;2018;02:09;9148;RUA GUILHERME MOREIRA;RUA DOM SEBASTIAO LEME;;0;;Colis?â?úo;;;;Cruz;Pare;Residencial;0;1;0;1;0;0;0;0;0;1;0;0;-3,750073000000000;-38,525590000000000
338726;21;12;2018;05:15;0;RUA POMPILIO GOMES;;;0;;Queda;Amanhecer;;;Meio de Quadra;;;0;1;0;0;0;0;0;0;0;1;0;0;;
338731;21;12;2018;05:18;0;AV MR HULL;;;4489;;Choque c/ Obst?â?ículo Fixo;Amanhecer;;;Meio de Quadra;;;0;2;0;0;0;0;0;0;0;1;0;0;-3,738743000000000;-38,585377000000000
338734;21;12;2018;05:49;0;RUA CEL FRANCISCO PEREIRA (MESSEJANA);;;0;;Colis?â?úo;Amanhecer;;;Meio de Quadra;;;0;0;1;1;0;0;0;0;0;0;0;0;;
338736;21;12;2018;05:55;0;AV ODILON GUIMARAES;;;1216;;Colis?â?úo;Amanhecer;;;Meio de Quadra;;;0;1;0;1;0;0;0;0;0;1;0;0;-3,827672500000000;-38,481295500000000
338738;21;12;2018;06:37;0;AV PRS CASTELO BRANCO;;;0;;Colis?â?úo;Luz do Dia;;;Meio de Quadra;;;0;2;0;0;0;0;0;0;0;1;0;0;;
338739;21;12;2018;06:47;0;AV DR THEBERGE;;;1879;;Queda;Luz do Dia;;;Meio de Quadra;;;0;1;0;0;0;0;0;0;0;1;0;0;-3,717354000000000;-38,565848000000000
338741;21;12;2018;06:56;12699;AV CEL CARVALHO;AV MAJ ASSIS;;0;;Colis?â?úo;Luz do Dia;;;Cruz;Sem?â?íforo;Comercial;0;1;0;1;0;0;0;0;0;1;0;0;-3,723796000000000;-38,586255000000000
338742;21;12;2018;07:33;0;AV SEN CARLOS JEREISSATI (AEROPORTO);;;0;;Queda;Luz do Dia;;;Meio de Quadra;;;0;1;0;0;0;0;0;0;0;1;0;0;;
338758;21;12;2018;13:09;0;AV UM (ARVOREDO);;;420;;Colis?â?úo;Luz do Dia;;;Meio de Quadra;;;0;0;1;1;0;0;0;0;0;0;0;0;;
338759;21;12;2018;13:39;0;AV JOR THOMAZ COELHO;;;0;;Colis?â?úo;Luz do Dia;;;Meio de Quadra;;;0;1;0;0;0;0;0;0;0;1;0;0;;
338760;21;12;2018;13:51;0;AV CARNEIRO DE MENDONCA;;;1010;;Colis?â?úo;Luz do Dia;;;Meio de Quadra;;;0;1;0;1;0;0;0;0;0;1;0;0;-3,763324257000000;-38,568204971000000
338761;21;12;2018;14:07;0;RUA ILDEFONSO ALBANO;;;1445;;Colis?â?úo;Luz do Dia;;;Meio de Quadra;;;0;1;0;1;0;0;0;0;0;1;0;0;-3,733610000000000;-38,513317000000000
338762;21;12;2018;15:26;0;RUA CAP HUGO BEZERRA;;;970;;Colis?â?úo;Luz do Dia;;;Meio de Quadra;;;0;0;1;0;0;0;0;0;0;0;0;0;-3,820548000000000;-38,511686000000000
338763;21;12;2018;15:49;0;ET DO ITAPERI;;;105;;Atropelamento;Luz do Dia;;;Meio de Quadra;;;0;1;0;0;0;0;0;0;0;1;0;0;;
338764;21;12;2018;17:17;0;AV SORIANO ALBUQUERQUE;;;185;;Atropelamento;Anoitecer;;;Meio de Quadra;;;0;1;0;0;0;0;0;0;0;1;0;0;-3,747932500000000;-38,518182700000000
338765;21;12;2018;17:47;0;RUA SILVEIRA DA MOTA;;;169;;Queda;Anoitecer;;;Meio de Quadra;;;0;1;0;0;0;1;0;0;0;0;0;0;-3,814368903000000;-38,494385580000000
338755;21;12;2018;12:06;0;RUA DUAS NACOES;;;2379;;Colis?â?úo;Luz do Dia;;;Meio de Quadra;;;0;1;1;1;0;0;0;0;0;1;0;0;;
338756;21;12;2018;12:51;0;AV SEN CARLOS JEREISSATI (AEROPORTO);;;0;;Colis?â?úo;Luz do Dia;;;Meio de Quadra;;;0;1;0;1;0;0;0;0;0;1;0;0;;
338752;21;12;2018;11:16;22000;RUA FRE MARCELINO;RUA ALEXANDRE BARAUNA;;0;;Colis?â?úo;Luz do Dia;;;Cruz;Pare;Residencial;0;1;0;1;0;0;0;0;0;1;0;0;-3,745701000000000;-38,554232000000000
338753;21;12;2018;11:36;5381;AV IMPERADOR;RUA METON DE ALENCAR;;0;;Colis?â?úo;Luz do Dia;;;;N?â?úo H?â?í Controle;Comercial;0;1;0;0;0;0;0;0;0;0;0;0;-3,731966000000000;-38,535869000000000
338747;21;12;2018;07:59;0;AV DR SILAS MUNGUBA;;;4956;;Colis?â?úo;Luz do Dia;;;Meio de Quadra;;;0;0;1;1;0;0;0;0;0;1;0;0;;
338748;21;12;2018;09:12;0;AV SEN CARLOS JEREISSATI (AEROPORTO);;;0;;Queda;Luz do Dia;Bom;Seca;Meio de Quadra;;;0;1;0;0;0;0;0;0;0;1;0;0;;
338767;21;12;2018;18:07;0;AV GAL OSORIO DE PAIVA;;;0;;Colis?â?úo;Anoitecer;;;Meio de Quadra;;;0;0;1;0;0;0;0;0;0;1;0;0;;
338768;21;12;2018;18:14;0;RUA MANUEL DE CASTRO FEITOSA;;;458;;Colis?â?úo;Anoitecer;;;Meio de Quadra;;;0;1;0;0;0;0;1;0;0;1;0;0;;
338769;21;12;2018;18:21;19686;AV BEZERRA DE MENEZES;RUA ERICO MOTA;;0;;Queda;Anoitecer;;;T;Sem?â?íforo;Comercial;0;1;0;0;0;0;0;0;0;1;0;0;-3,735357000000000;-38,562991000000000
338770;21;12;2018;18:51;0;AV JOSE BASTOS;;;0;;Atropelamento;;;;Meio de Quadra;;;0;1;0;0;0;0;0;0;0;1;0;0;;
338771;21;12;2018;19:03;0;AV AUGUSTO DOS ANJOS;;;0;;Atropelamento;;;;Meio de Quadra;;;0;1;0;0;0;0;0;0;0;1;0;0;;
338772;21;12;2018;19:16;0;AV JOSE BASTOS;;;1005;;Colis?â?úo;;;;Meio de Quadra;;;0;1;0;1;0;0;0;0;0;0;0;0;-3,742150900000000;-38,542711600000000
338773;21;12;2018;19:29;0;RUA DESCARTES BRAGA;;;1515;;Colis?â?úo;;;;Meio de Quadra;;;0;1;0;0;0;0;0;0;0;1;0;0;-3,789940000000000;-38,627940000000000
338774;21;12;2018;19:34;0;RUA BERNARDO MANUEL;;;8171;;Colis?â?úo;;;;Meio de Quadra;;;0;1;0;0;0;0;0;0;0;0;0;0;-3,791063333000000;-38,549083855000000
338775;21;12;2018;19:46;0;RUA CEL DIONISIO ALENCAR;;;1948;;Queda;;;;Meio de Quadra;;;0;1;1;0;0;0;0;0;0;1;0;0;-3,831410000000000;-38,487640000000000
338776;21;12;2018;20:28;0;RUA CAP HUGO BEZERRA;;;1156;;Colis?â?úo;;;;Meio de Quadra;;;0;1;0;1;0;0;0;0;0;1;0;0;-3,820290803000000;-38,513293934000000
338777;21;12;2018;20:31;0;RUA JOAO CORDEIRO;;;1904;;Atropelamento;;;;Meio de Quadra;;;0;1;0;1;0;0;0;0;0;0;0;0;-3,737041000000000;-38,516987000000000
338778;21;12;2018;22:33;0;AV JOR THOMAZ COELHO;;;0;;Atropelamento;;;;Meio de Quadra;;;0;1;0;0;0;0;0;0;0;1;0;0;;
339230;21;12;2018;15:30;0;AV ALM BARROSO;;;0;;Colis?â?úo;Luz do Dia;;;Meio de Quadra;;;0;0;2;1;0;0;0;0;0;0;0;0;;
339281;21;12;2018;13:45;0;AV SEN CARLOS JEREISSATI (AEROPORTO);;;0;KM 03;Colis?â?úo;Luz do Dia;;;Meio de Quadra;;;0;0;2;1;0;0;0;0;0;1;0;0;-3,779641000000000;-38,544038000000000
338750;21;12;2018;09:27;0;RUA CAP ARAGAO;;;933;;Atropelamento;Luz do Dia;;;Meio de Quadra;;;0;1;0;1;0;0;0;0;0;0;0;0;-3,764203790000000;-38,509583316000000
339049;21;12;2018;21:00;11259;AV BENJAMIM BRASIL;RUA PAURILO BARROSO;;0;;Colis?â?úo;;;;Cruz;Pare;Comercial;0;0;2;1;0;0;0;0;0;1;0;0;-3,803725000000000;-38,570528000000000
339569;21;12;2018;12:40;0;AV SEN CARLOS JEREISSATI (AEROPORTO);;;0;KM 03;Colis?â?úo;Luz do Dia;Bom;Seca;Meio de Quadra;;;0;0;2;1;0;0;0;0;0;1;0;0;-3,779641000000000;-38,544038000000000
339570;21;12;2018;11:50;0;RD CE-040;;;0;;Colis?â?úo;Luz do Dia;Bom;Seca;Meio de Quadra;;;0;0;2;1;1;0;0;0;0;0;0;0;;
336742;21;12;2018;11:45;0;AV ALM BARROSO;;;1030;;Colis?â?úo Lateral;Luz do Dia;;;Meio de Quadra;;;0;1;2;1;0;0;0;0;0;0;0;0;-3,719932000000000;-38,513101000000000
336750;21;12;2018;07:55;0;AV RECREIO D64;;;960;;Colis?â?úo;Luz do Dia;;;Meio de Quadra;;;0;1;1;1;0;1;0;0;0;0;0;0;-3,813809667000000;-38,449730533000000
336751;21;12;2018;09:30;19587;AV GODOFREDO MACIEL;RUA PRIMEIRO DE JANEIRO;;0;;Atropelamento;Luz do Dia;;;T;Pare;Comercial;0;1;1;0;0;0;0;0;0;1;0;0;;
336748;21;12;2018;15:30;0;AV FRE CIRILO;;;3480;HOSPITAL DO CORA?âÔÇí?âãÆO;Colis?â?úo Transversal;Luz do Dia;;;;;;0;1;1;1;0;0;0;0;0;1;0;0;-3,814847116000000;-38,498509116000000
337169;21;12;2018;05:40;0;RUA ARARIUS;;;200;;Capotamento;Amanhecer;Bom;Seca;T;N?â?úo H?â?í Controle;Residencial;0;0;2;1;0;0;0;0;0;0;0;0;-3,721700700000000;-38,513830000000000
337170;21;12;2018;06:30;0;AV PONTES VIEIRA;;;642;;Colis?â?úo Traseira;Luz do Dia;Bom;Seca;Meio de Quadra;Sem?â?íforo;Comercial;0;0;2;1;0;0;0;0;0;0;0;0;-3,752983800000000;-38,515594000000000
337171;21;12;2018;08:10;0;AV SANTOS DUMONT;;;6021;;Choque c/ Obst?â?ículo Fixo;Luz do Dia;Bom;Seca;Meio de Quadra;N?â?úo H?â?í Controle;Comercial;0;1;0;1;0;0;0;0;0;0;0;0;-3,742625500000000;-38,478420000000000
337172;21;12;2018;12:20;0;AV VIENA WEYNE;;;370;;Colis?â?úo Lateral;Luz do Dia;Bom;Seca;Meio de Quadra;N?â?úo H?â?í Controle;Comercial;0;1;1;1;0;0;0;0;0;1;0;0;-3,801174000000000;-38,491066000000000
337173;21;12;2018;13:00;0;RUA DR WANDA SIDOU;RUA E LOT CAJAZEIRAS II;;0;;Colis?â?úo Transversal;Luz do Dia;Bom;Seca;Meio de Quadra;N?â?úo H?â?í Controle;Residencial;0;0;2;0;0;0;0;0;0;0;0;0;-3,807781500000000;-38,506340000000000
337174;21;12;2018;15:40;0;AV DR SILAS MUNGUBA;;;1700;;Colis?â?úo Traseira;Luz do Dia;Bom;Seca;Meio de Quadra;N?â?úo H?â?í Controle;Escola;0;1;1;1;0;0;0;0;1;0;0;0;-3,786064600000000;-38,551132000000000
337175;21;12;2018;16:15;9040;RUA PDE MIGUELINHO;RUA JAIME BENEVOLO;;0;;Colis?â?úo Transversal;Luz do Dia;Bom;Seca;Cruz;Pare;Comercial;0;1;1;1;0;0;0;0;0;1;0;0;-3,744086000000000;-38,529347000000000
337176;21;12;2018;20:30;0;RUA RAIMUNDO NERY;;;554;;N?â?úo Informado;Via Iluminada;Bom;Seca;Meio de Quadra;N?â?úo H?â?í Controle;Residencial;0;0;1;1;0;0;0;0;0;0;0;0;-3,792884000000000;-38,586933000000000