COD_ACIDENTE;DIA;MES;ANO;HORA;INTERSECAO;LOG1;LOG2;LOG3;NUMERO;REFERENCIA;NATUREZA;ILUMINACAO;TEMPO;SUPERFICIEPISTA;TIPOCRUZAMENTO;CONTROLETRAFEGO;USOSOLO;MORTOS;FERIDOS;ILESOS;AUTOMOVEL;ONIBUS;BICICLETA;CAMINHAO;MICROONIBUS;CICLOMOTOR;MOTOCICLETA;TRACAOANIMAL;TREM;LATITUDE;LONGITUDE
337177;22;12;2018;01:30;0;AV DES GONZAGA;RUA PEDRO LUIZ SOBRINHO;;0;;Colis?â?úo Transversal;Via Iluminada;Bom;Seca;Cruz;Sem?â?íforo;Residencial;0;1;0;0;0;0;0;0;0;1;0;0;-3,800600300000000;-38,497856000000000
337178;22;12;2018;11:06;3883;AV DOS EXPEDICIONARIOS;RUA COSTA SOUZA;;0;;Colis?â?úo;Luz do Dia;Bom;Seca;T;Pare;Residencial;0;1;1;1;0;0;0;0;0;1;0;0;-3,747745000000000;-38,535932000000000
337179;22;12;2018;14:00;5392;RUA NOGUEIRA ACIOLI;RUA PINTO MADEIRA;;0;;Colis?â?úo Transversal;Luz do Dia;Bom;Seca;Cruz;Pare;Residencial;0;2;0;1;0;0;0;0;0;0;0;0;-3,732292000000000;-38,517559000000000
337180;22;12;2018;09:30;25861;RUA VIS CAIRU;RUA OLIVEIRA FILHO;;0;;Colis?â?úo Transversal;Luz do Dia;Bom;Seca;Cruz;Pare;Residencial;0;0;2;0;0;0;0;0;0;1;0;0;-3,726554000000000;-38,464122000000000
337181;22;12;2018;14:45;0;RUA JULIO CESAR D04;RUA DELMIRO FARIAS;;0;;Colis?â?úo Transversal;Luz do Dia;Bom;Seca;Cruz;Pare;Residencial;0;1;1;1;0;0;0;0;0;0;0;0;-3,752631200000000;-38,545017000000000
337182;22;12;2018;22:03;0;AV BORGES DE MELO;;;1529;;Colis?â?úo Frontal;Via Iluminada;Bom;Seca;Meio de Quadra;N?â?úo H?â?í Controle;Comercial;0;1;1;1;0;0;0;0;0;1;0;0;-3,758255000000000;-38,531960000000000
337210;22;12;2018;10:30;3768;AV TRISTAO GONCALVES;AV DOMINGOS OLIMPIO;;0;;Colis?â?úo Lateral;Luz do Dia;Bom;Seca;Cruz;Sem?â?íforo;Comercial;0;0;2;1;1;0;0;0;0;0;0;0;-3,735133000000000;-38,535613000000000
338828;22;12;2018;23:47;0;RUA LEONCIO REBOUCAS D63;;;979;;Queda;;;;Meio de Quadra;;;0;1;0;0;0;0;0;0;0;1;0;0;-3,817297200000000;-38,509072100000000
339254;22;12;2018;20:00;12758;RUA DELMIRO FARIAS;RUA JULIO CESAR D12;;0;;Colis?â?úo;;;;Cruz;Pare;Residencial;0;0;2;1;0;0;0;0;0;0;0;0;-3,752508000000000;-38,545070000000000
339251;22;12;2018;12:20;0;AV L CJ CEARA;;;140;;Colis?â?úo;Luz do Dia;;;Meio de Quadra;;;0;0;2;0;0;0;0;0;0;1;0;0;;
339243;22;12;2018;12:20;0;AV BEZERRA DE MENEZES;;;571;;Colis?â?úo;Luz do Dia;;;Meio de Quadra;;;0;0;2;0;1;0;0;0;0;0;0;0;-3,732950200000000;-38,550346400000000
338779;22;12;2018;00:37;0;RUA SAO FRANCISCO D34;;;392;;Colis?â?úo;;;;Meio de Quadra;;;0;2;0;1;0;0;0;0;0;0;0;0;-3,799016900000000;-38,600324800000000
338780;22;12;2018;02:33;0;RUA MIN ALBUQUERQUE LIMA;;;918;;Colis?â?úo;;;;Meio de Quadra;;;0;1;0;1;0;0;0;0;0;1;0;0;-3,770746000000000;-38,604312000000000
338781;22;12;2018;07:03;0;RUA PERNAMBUCO;;;2211;;Colis?â?úo;Luz do Dia;;;Meio de Quadra;;;0;1;0;1;0;0;0;0;0;1;0;0;-3,754153000000000;-38,575552000000000
338782;22;12;2018;07:25;0;ET DO JATOBA;;;3501;;Atropelamento;Luz do Dia;;;Meio de Quadra;;;0;1;0;1;0;0;0;0;0;0;0;0;-3,802652300000000;-38,627671200000000
338783;22;12;2018;07:30;0;AV I CJ JOSE WALTER;;;450;;Atropelamento;Luz do Dia;;;Meio de Quadra;;;0;1;0;0;0;0;0;0;0;1;0;0;-3,828312500000000;-38,551700500000000
338784;22;12;2018;08:32;0;RUA JOAO GENTIL;;;320;;Atropelamento;Luz do Dia;;;Meio de Quadra;;;0;1;0;1;0;0;0;0;0;0;0;0;-3,744726143000000;-38,538901143000000
338785;22;12;2018;10:44;25861;RUA OLIVEIRA FILHO;RUA VIS CAIRU;;0;;Colis?â?úo;Luz do Dia;;;Cruz;Pare;Residencial;0;1;0;0;0;0;0;0;0;0;0;0;-3,726554000000000;-38,464122000000000
338786;22;12;2018;10:53;0;AV AGUANAMBI;;;710;;Queda;Luz do Dia;;;Meio de Quadra;;;0;1;0;0;0;0;0;0;0;1;0;0;-3,743018583000000;-38,525791472000000
338787;22;12;2018;11:16;0;RUA PORTO ALEGRE;;;998;;Colis?â?úo;Luz do Dia;;;Meio de Quadra;;;0;1;0;1;0;0;0;0;0;1;0;0;-3,761828167000000;-38,587624417000000
338788;22;12;2018;12:00;0;RUA CUIABA;;;1396;;Queda;Luz do Dia;;;Meio de Quadra;;;0;1;0;0;0;1;0;0;0;0;0;0;-3,764682527000000;-38,586995790000000
338789;22;12;2018;12:16;0;RUA 101 CJ NOVO MONDUBIM;;;0;;Colis?â?úo;Luz do Dia;;;Meio de Quadra;;;0;0;1;1;0;0;0;0;0;1;0;0;;
338790;22;12;2018;12:49;0;RUA EMILIO DE MENESES;;;962;;Colis?â?úo;Luz do Dia;;;Meio de Quadra;;;0;1;0;1;0;0;0;0;0;1;0;0;-3,780938000000000;-38,590283000000000
338791;22;12;2018;13:27;0;AV JOSE BASTOS;;;6520;;Colis?â?úo;Luz do Dia;;;Meio de Quadra;;;0;1;0;0;0;0;0;0;0;0;0;0;-3,748570000000000;-38,549120000000000
338792;22;12;2018;13:32;0;AV PRS JUSCELINO KUBITSCHEK (PASSAR?âÔÇ?);;;339;;Colis?â?úo;Luz do Dia;;;Meio de Quadra;;;0;1;0;1;0;0;0;0;0;1;0;0;;
338793;22;12;2018;13:38;0;RUA SGT JOAO PINHEIRO;;;0;;Queda;Luz do Dia;;;Meio de Quadra;;;0;1;0;0;0;0;0;0;0;1;0;0;;
338794;22;12;2018;13:53;0;AV BORGES DE MELO;;;84;;Queda;Luz do Dia;;;Meio de Quadra;;;0;2;0;0;0;0;0;0;0;1;0;0;-3,752740900000000;-38,538250600000000
338795;22;12;2018;14:21;0;RUA DELMIRO FARIAS;;;560;;Colis?â?úo;Luz do Dia;;;Meio de Quadra;;;0;1;0;1;0;0;0;0;0;0;0;0;-3,752508000000000;-38,545070000000000
338797;22;12;2018;15:09;0;AV CASTELO DE CASTRO;;;560;;Colis?â?úo;Luz do Dia;;;Meio de Quadra;;;0;1;0;1;0;0;0;0;0;1;0;0;-3,831515300000000;-38,521642500000000
338798;22;12;2018;15:46;0;RUA FRANCISCA MARIA DA CONCEICAO;;;1175;;Atropelamento;Luz do Dia;;;Meio de Quadra;;;0;1;0;0;0;0;0;0;0;1;0;0;-3,837379000000000;-38,571718000000000
338817;22;12;2018;21:24;0;AV BORGES DE MELO;;;1222;;Colis?â?úo;;;;Meio de Quadra;;;0;1;0;1;0;0;0;0;0;1;0;0;-3,760035100000000;-38,529233100000000
338818;22;12;2018;21:53;0;AV PRS CASTELO BRANCO;;;3458;;Atropelamento;;;;Meio de Quadra;;;0;1;0;0;1;0;0;0;0;0;0;0;-3,710197000000000;-38,562249000000000
338819;22;12;2018;22:07;0;RUA JOSIAS PAULA DE SOUZA;;;510;;Atropelamento;;;;Meio de Quadra;;;0;1;0;0;1;0;0;0;0;0;0;0;-3,727249773000000;-38,468845955000000
338820;22;12;2018;22:48;0;AV GAL OSORIO DE PAIVA;;;2955;;Colis?â?úo;;;;Meio de Quadra;;;0;1;0;1;0;0;0;0;0;1;0;0;-3,789256000000000;-38,587028000000000
338821;22;12;2018;22:47;0;RUA BOM JESUS (GRANJA LISBOA);;;2690;;Queda;;;;Meio de Quadra;;;0;1;0;0;0;0;0;0;0;1;0;0;-3,789161977000000;-38,617542071000000
338822;22;12;2018;23:44;0;RUA HIPOLITO PAMPLONA;;;300;;Colis?â?úo;;;;Meio de Quadra;;;0;0;1;1;0;0;0;0;0;1;0;0;-3,744515868000000;-38,596192226000000
338815;22;12;2018;20:48;0;RUA 860 CJ CEARA;;;0;;Atropelamento;;;;Meio de Quadra;;;0;1;0;0;0;0;0;0;0;0;0;0;;
338812;22;12;2018;18:14;0;RUA PORTO VELHO;;;1001;;Colis?â?úo;Anoitecer;;;Meio de Quadra;;;0;0;1;1;0;1;0;0;0;0;0;0;-3,764772000000000;-38,589265000000000
338809;22;12;2018;16:32;0;RUA POMPILIO GOMES;;;241;;Colis?â?úo;Luz do Dia;;;Meio de Quadra;;;0;2;0;0;0;0;0;0;0;1;0;0;-3,812617100000000;-38,520190700000000
338810;22;12;2018;17:32;0;RUA DA LIBERDADE;;;163;;Colis?â?úo;Anoitecer;;;Meio de Quadra;;;0;1;0;1;0;0;0;0;0;1;0;0;-3,749556200000000;-38,596945000000000
338805;22;12;2018;15:55;0;RUA PORTO VELHO;;;914;;Colis?â?úo;Luz do Dia;;;Meio de Quadra;;;0;0;1;0;0;0;0;0;0;0;0;0;;
338806;22;12;2018;16:09;0;RUA URUCUTUBA;;;1569;;Queda;Luz do Dia;;;Meio de Quadra;;;0;1;0;0;0;0;0;0;0;1;0;0;-3,797875286000000;-38,610107714000000
338807;22;12;2018;16:10;0;AV IMPERADOR;;;240;;Atropelamento;Luz do Dia;;;Meio de Quadra;;;0;1;0;1;0;0;0;0;0;0;0;0;-3,723350591000000;-38,533312000000000
338831;23;12;2018;00:04;0;RUA AFONSO HENRIQUE;;;883;;Colis?â?úo;;;;Meio de Quadra;;;0;1;0;1;0;0;0;0;0;0;0;0;-3,825370105000000;-38,485013000000000
338832;23;12;2018;00:55;0;RUA ANSELMO NOGUEIRA;;;77;;Queda;;;;Meio de Quadra;;;0;0;1;0;0;0;0;0;0;1;0;0;-3,779535000000000;-38,586751000000000
338833;23;12;2018;02:18;0;AV DOS EXPEDICIONARIOS;;;5390;;Colis?â?úo;;;;Meio de Quadra;;;0;2;0;1;0;0;0;0;0;1;0;0;-3,766970407000000;-38,541794644000000
338834;23;12;2018;11:23;26075;AV JOSE JATAHY;AV SGT HERMINIO SAMPAIO;;0;;Colis?â?úo;Luz do Dia;;;Cruz;Sem?â?íforo;Comercial;0;1;0;1;0;0;0;0;0;1;0;0;-3,724727000000000;-38,545904000000000
338835;23;12;2018;11:24;22091;RUA FRE MARCELINO;RUA DES GARCIA;;0;;Queda;Luz do Dia;;;Cruz;Pare;Residencial;0;0;1;0;0;0;0;0;0;1;0;0;-3,746461000000000;-38,554914000000000
338836;23;12;2018;12:00;19672;AV BEZERRA DE MENEZES;RUA GAL PIRAGIBE;;0;;Colis?â?úo;Luz do Dia;;;Cruz;Sem?â?íforo;Comercial;0;1;0;0;0;0;0;0;0;0;0;0;-3,734449000000000;-38,558651000000000
338837;23;12;2018;12:50;0;RUA 23 DE JUNHO;;;2269;;Atropelamento;Luz do Dia;;;Meio de Quadra;;;0;1;0;1;0;0;0;0;0;0;0;0;-3,780995526000000;-38,611453476000000
338838;23;12;2018;13:29;0;RUA PRO DIAS DA ROCHA;;;471;;Queda;Luz do Dia;;;Meio de Quadra;;;0;0;1;0;0;1;0;0;0;0;0;0;-3,733163000000000;-38,490922000000000
338839;23;12;2018;13:41;0;RUA JOAO CORDEIRO;;;765;;Queda;Luz do Dia;;;Meio de Quadra;;;0;1;0;0;0;0;0;0;0;1;0;0;-3,727024000000000;-38,513581000000000
338840;23;12;2018;14:11;5247;AV IMPERADOR;RUA PEDRO PEREIRA;;0;;Colis?â?úo;Luz do Dia;;;Cruz;Sem?â?íforo;Comercial;0;2;0;0;0;0;0;0;0;1;0;0;-3,727714000000000;-38,534609000000000
338841;23;12;2018;14:40;0;AV N CJ JOSE WALTER;;;333;;Queda;Luz do Dia;;;Meio de Quadra;;;0;0;1;0;0;0;0;0;0;1;0;0;;
338842;23;12;2018;15:01;0;RUA MACHADO DE ASSIS;;;775;;Queda;Luz do Dia;;;Meio de Quadra;;;0;1;0;0;0;0;0;0;0;1;0;0;-3,752052726000000;-38,550828534000000
338843;23;12;2018;15:47;0;RUA 860 CJ CEARA;;;52;;Atropelamento;Luz do Dia;;;Meio de Quadra;;;0;1;0;1;0;0;0;0;0;0;0;0;-3,769295145000000;-38,599162771000000
338844;23;12;2018;17:07;0;RUA DARCY VARGAS;;;147;;Colis?â?úo;Anoitecer;;;Meio de Quadra;;;0;1;0;1;0;0;0;0;0;1;0;0;-3,797556700000000;-38,587045600000000
338845;23;12;2018;17:14;0;RD CE-040;;;0;;Colis?â?úo;Anoitecer;Bom;Seca;Meio de Quadra;;;0;0;2;1;0;0;0;0;1;0;0;0;;
338846;23;12;2018;17:28;0;RUA ESTADO DO RIO;;;880;;Colis?â?úo;Anoitecer;;;Meio de Quadra;;;0;1;0;0;0;0;0;0;0;1;0;0;-3,758805500000000;-38,571085500000000
338847;23;12;2018;19:23;0;RUA RENATO BRAGA;;;0;;Queda;;;;Meio de Quadra;;;0;0;1;0;0;0;0;0;0;1;0;0;;
338848;23;12;2018;20:47;0;RUA MAXIMINO BARRETO;;;631;;Queda;;;;Meio de Quadra;;;0;0;1;0;0;1;0;0;0;0;0;0;-3,824775657000000;-38,501546763000000
338849;23;12;2018;20:56;13478;RUA ILDEFONSO ALBANO;RUA PINHO PESSOA;;0;;Queda;;;;Cruz;Pare;Residencial;0;0;1;0;0;0;0;0;0;1;0;0;-3,744667000000000;-38,517011000000000
338850;23;12;2018;21:18;0;AV I CJ JOSE WALTER;;;0;;Colis?â?úo;;;;Meio de Quadra;;;0;1;0;1;0;0;0;0;0;1;0;0;;
338851;23;12;2018;21:32;0;AV MAJ ASSIS;;;1832;;Colis?â?úo;;;;Meio de Quadra;;;0;0;1;1;0;0;0;0;0;1;0;0;-3,721700937000000;-38,595790851000000
338852;23;12;2018;21:47;0;AV LINEU MACHADO;;;169;;Colis?â?úo;;;;Meio de Quadra;;;0;1;0;1;0;0;0;0;0;1;0;0;-3,761989200000000;-38,574614900000000
338853;23;12;2018;21:53;0;AV BORGES DE MELO;;;1295;;Queda;;;;Meio de Quadra;;;0;1;0;0;0;0;0;0;0;1;0;0;-3,759535529000000;-38,530520471000000
338854;23;12;2018;22:44;0;RUA DIOGO CORREIA;;;150;;Capotamento;;;;Meio de Quadra;;;0;1;0;1;0;0;0;0;0;0;0;0;-3,772487700000000;-38,589375500000000
339253;23;12;2018;05:30;18387;AV SGT HERMINIO SAMPAIO;AV OLAVO BILAC;;0;;Colis?â?úo;Amanhecer;;;Cruz;Sem?â?íforo;Comercial;0;0;1;1;0;0;0;0;0;0;0;0;-3,727179000000000;-38,565080000000000
339276;23;12;2018;20:50;0;RUA CEARA;;;494;;Colis?â?úo;;;;Meio de Quadra;;;0;0;2;1;0;0;0;0;0;0;0;0;-3,761421500000000;-38,561993500000000
339571;23;12;2018;05:40;0;RD CE-040;;;0;KM-10;Engavetamento;Amanhecer;Bom;Seca;Meio de Quadra;;;0;0;4;1;0;0;0;0;0;0;0;0;-3,842576660000000;-38,480882840000000
339572;23;12;2018;15:10;0;RD CE-040;;;0;KM-09;Colis?â?úo;Luz do Dia;Bom;Seca;Meio de Quadra;;;0;0;2;1;0;0;0;0;0;0;0;0;-3,834450897000000;-38,482465820000000
339573;23;12;2018;21:00;0;RD CE-040;;;0;KM-07;Colis?â?úo;;Bom;Seca;Meio de Quadra;;;0;0;2;1;0;0;0;0;0;0;0;0;-3,817159445000000;-38,483032860000000
337183;23;12;2018;00:35;0;AV OLIVEIRA PAIVA;;;3013;;Choque c/ Obst?â?ículo Fixo;Via Iluminada;Bom;Seca;Meio de Quadra;Sem?â?íforo;Comercial;0;0;1;1;0;0;0;0;0;0;0;0;-3,795609200000000;-38,480370000000000
337184;23;12;2018;07:06;0;AV GODOFREDO MACIEL;;;2153;;Choque c/ Obst?â?ículo Fixo;Amanhecer;Chuva;Molhada;Meio de Quadra;N?â?úo H?â?í Controle;Comercial;0;0;1;0;0;0;0;0;0;0;0;0;-3,794651500000000;-38,569150000000000
337185;23;12;2018;15:00;1589;AV DES MOREIRA;RUA GAL TERTULIANO POTYGUARA;;0;;Colis?â?úo Transversal;Luz do Dia;Nublado;Molhada;Cruz;Sem?â?íforo;Comercial;0;0;2;1;0;0;0;0;0;0;0;0;-3,743130000000000;-38,500568000000000
337186;23;12;2018;19:18;22094;AV JOSE BASTOS;RUA DELMIRO FARIAS;;0;;Colis?â?úo Lateral;Via Iluminada;Bom;Seca;T;Sem?â?íforo;Comercial;0;1;0;1;0;0;0;0;0;1;0;0;-3,748756000000000;-38,549219000000000
337222;23;12;2018;23:28;0;AV DOM MANUEL;;;282;;Colis?â?úo Traseira;Via Iluminada;Nublado;Molhada;Meio de Quadra;N?â?úo H?â?í Controle;Comercial;0;0;2;1;0;0;0;0;0;0;0;0;-3,726659800000000;-38,520590000000000
336738;23;12;2018;;0;AV SGT HERMINIO SAMPAIO;;;0;;Choque c/ Obst?â?ículo Fixo;Via Iluminada;Nublado;Seca;Meio de Quadra;;;0;0;1;1;0;0;0;0;0;0;0;0;;
336739;24;12;2018;10:00;0;RUA MON VICENTE MARTINS;;;0;;Colis?â?úo Traseira;Luz do Dia;Bom;Seca;;;;0;0;2;1;0;0;0;0;0;0;0;0;;
337187;24;12;2018;13:02;294;RUA DOM JOSE LOURENCO  D27;RUA NELSON MACHADO;;0;;Colis?â?úo;Luz do Dia;Bom;Seca;Cruz;Pare;Residencial;0;1;1;1;0;0;0;0;0;0;0;0;-3,743097000000000;-38,558014000000000
337188;24;12;2018;13:18;0;AV DES GONZAGA;;;1630;;Colis?â?úo Lateral;Luz do Dia;Bom;Seca;Meio de Quadra;Sem?â?íforo;Residencial;0;1;1;1;0;0;0;0;0;1;0;0;-3,800790800000000;-38,497482000000000
337190;24;12;2018;14:31;0;AV FRANCISCO SA;;;3783;;Colis?â?úo Lateral;Luz do Dia;Bom;Seca;Meio de Quadra;Sem?â?íforo;Comercial;0;1;2;1;0;0;0;0;0;1;0;0;-3,717039300000000;-38,558537000000000
337191;24;12;2018;12:31;0;AV BERNARDO MANUEL;;;10221;;N?â?úo Informado;Luz do Dia;Bom;Seca;Outros;N?â?úo H?â?í Controle;Comercial;0;1;1;1;0;0;0;0;0;1;0;0;-3,808059500000000;-38,554390000000000
337192;24;12;2018;15:16;5759;RUA SABINA AUGUSTA;AV OLIVEIRA PAIVA;;0;;Colis?â?úo Lateral;Luz do Dia;Bom;Seca;T;Pare;Comercial;0;1;1;1;0;0;0;0;0;1;0;0;-3,795721000000000;-38,492158000000000
337193;24;12;2018;16:11;8918;RUA PRC ISABEL;RUA CAMPOS SALES;;0;;Colis?â?úo Lateral;Luz do Dia;Bom;Seca;T;N?â?úo H?â?í Controle;Residencial;0;0;2;1;0;0;0;0;0;1;0;0;-3,736537000000000;-38,538405000000000
337194;24;12;2018;14:28;0;AV SEN VIRGILIO TAVORA;;;0;;Colis?â?úo Transversal;Luz do Dia;Bom;Seca;Meio de Quadra;N?â?úo H?â?í Controle;Comercial;0;0;1;1;0;0;0;0;0;1;0;0;-3,746458500000000;-38,496353000000000
337195;24;12;2018;20:49;10819;RUA PRO HERIBALDO COSTA;RUA GOIANIA;;0;;Colis?â?úo Traseira;Via Iluminada;Bom;Seca;Cruz;Pare;Comercial;0;1;1;1;0;0;0;0;0;1;0;0;-3,763983000000000;-38,585962000000000
337252;24;12;2018;10:22;12057;AV BULEVAR I;RUA 216 CJ SAO CRISTOVAO;;0;;Colis?â?úo Transversal;Luz do Dia;Nublado;Seca;Cruz;Pare;Residencial;0;1;1;1;0;0;0;0;0;1;0;0;-3,834587000000000;-38,526018000000000
339280;24;12;2018;15:50;23002;RUA PRA HELOISA F LIMA;RUA VILA RICA;;0;;Colis?â?úo;Luz do Dia;;;Cruz;Pare;Residencial;0;0;2;1;0;0;0;0;0;1;0;0;-3,787573000000000;-38,545724000000000
339275;24;12;2018;01:10;0;AV DR SILAS MUNGUBA;;;0;;Colis?â?úo;;;;Meio de Quadra;;;0;0;2;1;0;0;0;0;0;0;0;0;;
338557;24;12;2018;18:41;0;RUA VALPARAISO;;;774;;Atropelamento;;;;Meio de Quadra;;;0;1;1;0;0;0;0;0;0;1;0;0;-3,843351628000000;-38,526844726000000
338558;24;12;2018;19:45;0;AV PRS COSTA E SILVA;;;1702;;Queda;;;;Meio de Quadra;;;0;1;0;0;0;1;0;0;0;0;0;0;-3,817054850000000;-38,566531600000000
338559;24;12;2018;19:54;15792;RUA PERGENTINO MAIA;RUA CEL FRANCISCO PEREIRA (MESSEJANA);;0;;Colis?â?úo;;;;Cruz;Pare;Comercial;0;1;0;0;0;0;0;0;0;0;0;0;-3,830868000000000;-38,492803000000000
338560;24;12;2018;19:57;0;TR RIO DE JANEIRO;;;518;;Atropelamento;;;;Meio de Quadra;;;0;1;1;1;0;0;0;0;0;0;0;0;-3,768626900000000;-38,590471000000000
338561;24;12;2018;21:16;0;RUA DES HERMES PARAHYBA;;;0;;Atropelamento;;;;Meio de Quadra;;;0;1;1;0;0;0;0;0;0;1;0;0;;
338555;24;12;2018;17:46;0;AV CEL CARVALHO;;;3750;;Queda;Anoitecer;;;Meio de Quadra;;;0;1;0;0;0;1;0;0;0;0;0;0;-3,717700000000000;-38,587880000000000
338552;24;12;2018;17:11;0;RUA MANUEL ARRUDA;;;471;;Queda;Anoitecer;;;Meio de Quadra;;;0;1;0;0;0;0;0;0;0;1;0;0;-3,827754200000000;-38,508912533000000
338553;24;12;2018;17:16;6080;RUA 820 CJ CEARA;AV A CJ CEARA;;0;;Colis?â?úo;Anoitecer;;;;;;0;1;0;0;0;0;0;0;0;0;0;0;-3,767085000000000;-38,601514000000000
338571;24;12;2018;21:23;0;AV GAL OSORIO DE PAIVA;;;3925;;Colis?â?úo;;;;Meio de Quadra;;;0;1;1;1;0;0;0;0;0;1;0;0;-3,791632000000000;-38,589329000000000
338572;24;12;2018;21:24;0;RD BR 116;;;0;;Colis?â?úo;;;;Meio de Quadra;;;0;1;1;1;0;0;0;0;0;1;0;0;;
338573;24;12;2018;21:47;0;RUA DOM QUINTINO;;;4251;;Colis?â?úo;;;;Meio de Quadra;;;0;1;0;0;0;0;0;0;0;0;0;0;;
338574;24;12;2018;21:55;0;RUA PEDRO ESTANISLAU;;;0;;Colis?â?úo;;;;Meio de Quadra;;;0;1;1;1;0;0;0;0;0;1;0;0;;
338575;24;12;2018;21:56;0;RUA SAO MATEUS D14;;;1150;;Queda;;;;Meio de Quadra;;;0;1;0;0;0;1;0;0;0;0;0;0;-3,765842989000000;-38,539184859000000
338576;24;12;2018;23:07;0;RUA OSCAR ARARIPE;;;2096;;Colis?â?úo;;;;Meio de Quadra;;;0;1;1;1;0;0;0;0;0;1;0;0;-3,787777486000000;-38,609960382000000
338550;24;12;2018;16:09;0;AV N CJ CEARA;;;0;;Queda;Luz do Dia;;;Meio de Quadra;;;0;1;0;0;0;0;0;0;0;1;0;0;;
338547;24;12;2018;14:30;7856;AV SEN VIRGILIO TAVORA;RUA HENRIQUETA GALENO;;0;;Colis?â?úo;Luz do Dia;;;Cruz;Pare;Residencial;0;1;1;1;0;0;0;0;0;1;0;0;-3,746365000000000;-38,496211000000000
338548;24;12;2018;14:34;0;AV CONTORNO NORTE D71;;;1759;;Colis?â?úo;Luz do Dia;;;;;;0;1;1;1;0;0;0;0;0;1;0;0;-3,809508000000000;-38,591748000000000
338544;24;12;2018;12:52;0;RUA BERNARDO MANUEL;;;10221;;Colis?â?úo;Luz do Dia;;;Meio de Quadra;;;0;1;1;1;0;0;0;0;0;1;0;0;-3,808571189000000;-38,554436000000000
338545;24;12;2018;14:13;10740;RUA AUDISIO PINHEIRO;RUA PORTO ALEGRE;;0;;Colis?â?úo;Luz do Dia;;;Cruz;Pare;Residencial;0;1;0;0;0;0;0;0;0;0;0;0;-3,760602000000000;-38,589942000000000
338539;24;12;2018;10:41;0;RUA BOLEVAR;;;0;;Atropelamento;Luz do Dia;;;Meio de Quadra;;;0;1;1;1;0;0;0;0;0;0;0;0;;
338540;24;12;2018;11:16;0;RUA DOM JOSE LOURENCO  D27;;;1091;;Colis?â?úo;Luz do Dia;;;Meio de Quadra;;;0;1;1;1;0;0;0;0;0;0;0;0;-3,743376200000000;-38,557956000000000
338541;24;12;2018;11:56;0;RUA AFONSO LOPES;;;1601;;Colis?â?úo;Luz do Dia;;;Meio de Quadra;;;0;1;0;0;0;0;0;0;0;0;0;0;-3,801731000000000;-38,550883455000000
338536;24;12;2018;09:47;0;AV GODOFREDO MACIEL;;;3283;;Colis?â?úo;Luz do Dia;Bom;Seca;Meio de Quadra;;;0;0;2;1;0;0;0;0;0;0;0;0;-3,804261645000000;-38,572350194000000
338525;24;12;2018;00:27;0;AV PERIMETRAL;;;505;;Queda;;;;Meio de Quadra;;;0;1;0;0;0;0;0;0;0;1;0;0;;
338527;24;12;2018;00:52;0;RUA JULIO BRAGA;;;1583;;Colis?â?úo;;;;Meio de Quadra;;;0;1;0;0;0;0;0;0;0;0;0;0;-3,773246000000000;-38,584407000000000
338528;24;12;2018;02:05;0;AV GAL OSORIO DE PAIVA;;;0;;Colis?â?úo;;;;Meio de Quadra;;;0;1;0;0;0;0;0;0;0;0;0;0;;
338529;24;12;2018;03:13;0;RUA ALBERTO MAGNO;;;0;;Colis?â?úo;;;;Meio de Quadra;;;0;1;1;1;0;0;0;0;0;0;0;0;;
338530;24;12;2018;05:13;0;AV MR HULL;;;4000;;Queda;Amanhecer;;;Meio de Quadra;;;0;1;0;0;0;0;0;0;0;1;0;0;;
338531;24;12;2018;05:48;0;AV CEL CARVALHO;;;1260;;Queda;Amanhecer;;;Meio de Quadra;;;0;1;0;0;0;0;0;0;0;1;0;0;-3,713433333000000;-38,588932222000000
338532;24;12;2018;07:17;0;AV PRS CASTELO BRANCO;;;3552;;Queda;Luz do Dia;;;Meio de Quadra;;;0;1;0;0;0;0;0;0;0;1;0;0;-3,710092625000000;-38,563311250000000
338533;24;12;2018;08:58;0;RUA PRO HERIBALDO COSTA;;;1262;;Colis?â?úo;Luz do Dia;;;Meio de Quadra;;;0;1;1;0;0;0;0;0;0;1;0;0;-3,763119769000000;-38,585497938000000
338534;24;12;2018;09:05;0;AV FRE CIRILO;;;0;;Colis?â?úo;Luz do Dia;;;Meio de Quadra;;;0;1;1;1;0;0;0;0;0;1;0;0;;
338577;25;12;2018;00:25;0;RUA CAMELIA;;;445;;Colis?â?úo;;;;Meio de Quadra;;;0;1;1;1;0;0;0;0;0;1;0;0;-3,708270616000000;-38,565873385000000
338578;25;12;2018;00:26;3320;RUA VIRIATO RIBEIRO;RUA ARGENTINA;;0;;Colis?â?úo;;;;Cruz;Pare;Residencial;0;1;1;1;0;1;0;0;0;0;0;0;-3,747181000000000;-38,564284000000000
338579;25;12;2018;00:54;0;RUA JOSE MARTINS;;;475;;Colis?â?úo;;;;Meio de Quadra;;;0;1;1;1;0;0;0;0;0;1;0;0;-3,790846200000000;-38,596153200000000