COD_ACIDENTE;DIA;MES;ANO;HORA;INTERSECAO;LOG1;LOG2;LOG3;NUMERO;REFERENCIA;NATUREZA;ILUMINACAO;TEMPO;SUPERFICIEPISTA;TIPOCRUZAMENTO;CONTROLETRAFEGO;USOSOLO;MORTOS;FERIDOS;ILESOS;AUTOMOVEL;ONIBUS;BICICLETA;CAMINHAO;MICROONIBUS;CICLOMOTOR;MOTOCICLETA;TRACAOANIMAL;TREM;LATITUDE;LONGITUDE
338580;25;12;2018;01:08;0;RUA MONTE CLARO;;;109;;Queda;;;;Meio de Quadra;;;0;1;0;0;0;0;0;0;0;1;0;0;-3,769938000000000;-38,571330662000000
338585;25;12;2018;05:05;0;RUA DOM XISTO ALBANO;;;1530;;Queda;Amanhecer;;;Meio de Quadra;;;0;1;0;0;0;0;0;0;0;1;0;0;-3,797166969000000;-38,585669719000000
338586;25;12;2018;05:17;0;RUA FREDERICO SEVERO;;;1155;;Queda;Amanhecer;;;Meio de Quadra;;;0;1;0;0;0;0;0;0;0;1;0;0;;
338587;25;12;2018;06:52;0;AV JOSE BASTOS;;;2690;;Colis?â?úo;Luz do Dia;;;Meio de Quadra;;;0;1;1;1;0;0;0;0;0;1;0;0;-3,741746000000000;-38,542297100000000
338588;25;12;2018;07:15;9952;RUA JOSE TORRES;RUA EMILIO DE MENESES;;0;;Colis?â?úo;Luz do Dia;;;Cruz;Sem?â?íforo;Comercial;0;1;0;0;0;0;0;0;0;0;0;0;-3,776425000000000;-38,606283000000000
338589;25;12;2018;07:42;0;AV GAL OSORIO DE PAIVA;;;0;;Colis?â?úo;Luz do Dia;;;Meio de Quadra;;;0;1;1;1;0;0;0;0;0;1;0;0;;
338598;25;12;2018;11:13;21264;RUA DOM HELIO CAMPOS D21;RUA MARCILIO DIAS;;0;;Colis?â?úo;Luz do Dia;;;;;;0;1;1;1;0;0;0;0;0;1;0;0;-3,710509000000000;-38,554648000000000
338599;25;12;2018;12:26;0;AV JOSE LEON;;;1207;;Colis?â?úo;Luz do Dia;;;Meio de Quadra;;;0;1;1;1;0;0;0;0;0;1;0;0;-3,788245000000000;-38,500137000000000
338600;25;12;2018;12:44;0;RUA PEDRO MARTINS;;;631;;Colis?â?úo;Luz do Dia;;;Meio de Quadra;;;0;1;1;1;0;1;0;0;0;0;0;0;-3,798400483000000;-38,603851845000000
338594;25;12;2018;09:02;0;RUA MEDELIM;;;2930;;Atropelamento;Luz do Dia;;;Meio de Quadra;;;0;1;1;1;0;0;0;0;0;0;0;0;;
338595;25;12;2018;09:55;0;RUA ARTUR DE CARVALHO;;;545;;Colis?â?úo;Luz do Dia;;;Meio de Quadra;;;0;1;1;0;0;0;0;0;0;1;0;0;;
338592;25;12;2018;07:48;0;AV AUGUSTO DOS ANJOS;;;1822;;Colis?â?úo;Luz do Dia;;;Meio de Quadra;;;0;1;1;1;0;0;0;0;0;1;0;0;-3,781887000000000;-38,580678000000000
338602;25;12;2018;14:17;0;RUA MARIA GOMES DE SA;;;991;;Colis?â?úo;Luz do Dia;;;Meio de Quadra;;;0;1;1;1;0;0;0;0;0;1;0;0;-3,826546000000000;-38,580609000000000
338603;25;12;2018;14:21;0;AV D CJ CEARA;;;341;;Colis?â?úo;Luz do Dia;;;Meio de Quadra;;;0;1;1;1;0;0;0;0;0;1;0;0;;
338604;25;12;2018;14:30;0;AV RECREIO D64;;;1304;;Colis?â?úo;Luz do Dia;;;Meio de Quadra;;;0;1;1;1;0;0;0;0;0;1;0;0;-3,817407802000000;-38,450479778000000
338605;25;12;2018;15:15;0;AV CASTELO DE CASTRO;;;753;;Colis?â?úo;Luz do Dia;;;Meio de Quadra;;;0;1;1;1;0;1;0;0;0;0;0;0;-3,848690700000000;-38,522481700000000
338606;25;12;2018;16:14;0;RUA BERNARDO MANUEL;;;0;;Atropelamento;Luz do Dia;;;Meio de Quadra;;;0;1;1;0;1;0;0;0;0;0;0;0;;
338645;25;12;2018;16:14;0;RUA PRO HERIBALDO COSTA;;;585;;Colis?â?úo;Luz do Dia;;;Meio de Quadra;;;0;1;1;1;0;0;0;0;0;1;0;0;-3,757741659000000;-38,582646341000000
338646;25;12;2018;16:18;0;RUA EMILIO DE MENESES;;;1734;;Queda;Luz do Dia;;;Meio de Quadra;;;0;1;0;0;0;0;0;0;0;1;0;0;-3,779120390000000;-38,596731475000000
338647;25;12;2018;16:18;0;RUA MAJ VAZ CLARIM;;;0;;Colis?â?úo;Luz do Dia;;;Meio de Quadra;;;0;1;1;1;0;0;0;0;0;1;0;0;;
338648;25;12;2018;16:55;0;RUA OSCAR ARARIPE;;;1563;;Queda;Luz do Dia;;;Meio de Quadra;;;0;1;0;0;0;0;0;0;0;1;0;0;-3,789279000000000;-38,605319000000000
338649;25;12;2018;17:16;0;AV JOSE BASTOS;;;6100;;Colis?â?úo;Anoitecer;;;Meio de Quadra;;;0;1;1;1;0;0;0;0;0;1;0;0;-3,764543500000000;-38,567080500000000
338657;25;12;2018;20:22;0;RUA MARIA JULIA;;;1778;;Colis?â?úo;Anoitecer;;;Meio de Quadra;;;0;1;1;1;0;0;0;0;0;1;0;0;-3,801191500000000;-38,602846500000000
339294;25;12;2018;17:30;10703;RUA PRO HERIBALDO COSTA;RUA PRO PAULO LOPES;;0;;Colis?â?úo;Anoitecer;;;T;Pare;Residencial;0;0;2;1;0;0;0;0;0;1;0;0;-3,758020000000000;-38,582800000000000
339318;25;12;2018;03:00;15792;RUA CEL FRANCISCO PEREIRA (MESSEJANA);RUA PERGENTINO MAIA;;0;;Colis?â?úo;;;;Cruz;Pare;Comercial;0;0;1;0;1;0;0;0;0;0;0;0;-3,830868000000000;-38,492803000000000
339292;25;12;2018;20:30;12501;AV JOSE BASTOS;RUA DIAMANTINA;;0;;Colis?â?úo;;;;T;Pare;Comercial;0;0;2;1;0;0;0;0;0;1;0;0;-3,764978000000000;-38,567402000000000
337208;25;12;2018;16:50;0;TR SAO JOAO BATISTA;;;820;;Colis?â?úo Transversal;Via Iluminada;Bom;Seca;Cruz;Pare;Comercial;0;0;1;1;0;0;0;0;0;0;0;0;-3,829278500000000;-38,589775000000000
337209;25;12;2018;05:56;0;AV ODILON GUIMARAES;;;4583;;Choque c/ Obst?â?ículo Fixo;Via Iluminada;Bom;Seca;Meio de Quadra;N?â?úo H?â?í Controle;Residencial;0;1;0;1;0;0;0;0;0;0;0;0;-3,809386500000000;-38,462074000000000
337196;25;12;2018;09:13;9952;RUA JOSE TORRES;RUA EMILIO DE MENESES;;0;;Colis?â?úo Transversal;Luz do Dia;Bom;Seca;Cruz;Sem?â?íforo;Comercial;0;1;1;1;0;0;0;0;0;1;0;0;-3,776425000000000;-38,606283000000000
337198;25;12;2018;09:49;0;AV BEIRA MAR;;;4260;;Colis?â?úo Lateral;Luz do Dia;Bom;Seca;Meio de Quadra;N?â?úo H?â?í Controle;Residencial;0;0;2;1;0;0;0;0;0;0;0;0;-3,722858700000000;-38,482933000000000
337199;25;12;2018;07:40;0;AV GAL OSORIO DE PAIVA;;;2439;;Colis?â?úo Traseira;Luz do Dia;Bom;Seca;Meio de Quadra;Sem?â?íforo;Residencial;0;0;2;1;0;0;0;0;0;1;0;0;-3,787260800000000;-38,584900000000000
337200;25;12;2018;10:30;0;RUA DR VALDEMAR DE ALCANTARA;RUA ELISEU ORIA;;0;;Choque c/ Obst?â?ículo Fixo;Luz do Dia;Bom;Seca;Meio de Quadra;Pare;Residencial;0;1;0;0;0;0;0;0;0;0;0;0;-3,799224600000000;-38,477160000000000
337201;25;12;2018;14:13;10993;RUA 15 DE NOVEMBRO;RUA BAR CANINDE;;0;;Engavetamento;Luz do Dia;Bom;Seca;Cruz;Sem?â?íforo;Comercial;0;0;3;1;0;0;0;0;0;0;0;0;-3,768608000000000;-38,556768000000000
337202;25;12;2018;18:03;0;AV SEN CARLOS JEREISSATI (AEROPORTO);RUA MAJ VAZ CLARIM;;0;;Colis?â?úo Lateral;Luz do Dia;Bom;Seca;;;;0;2;0;0;0;0;0;0;0;1;0;0;-3,783894000000000;-38,517246000000000
337203;25;12;2018;17:30;0;AV AMERICO BARREIRA;RUA DIAMANTINA;;0;;N?â?úo Informado;Anoitecer;Bom;Seca;T;Sem?â?íforo;Comercial;0;1;1;1;0;0;0;0;0;1;0;0;-3,765020100000000;-38,567364000000000
337204;25;12;2018;16:00;0;AV BERNARDO MANUEL;;;9981;;N?â?úo Informado;Luz do Dia;Bom;Seca;Meio de Quadra;N?â?úo H?â?í Controle;Comercial;0;0;1;0;1;0;0;0;0;0;0;0;-3,805655000000000;-38,553356000000000
337205;25;12;2018;20:57;10999;RUA 15 DE NOVEMBRO;RUA ALBERTO MAGNO;;0;;Colis?â?úo Transversal;Via Iluminada;Bom;Seca;Cruz;Pare;Comercial;0;0;2;1;0;0;0;0;0;0;0;0;-3,769909000000000;-38,553169000000000
337206;25;12;2018;21:32;0;RUA MAJ FACUNDO;;;790;;Colis?â?úo Transversal;Anoitecer;Bom;Seca;Cruz;Sem?â?íforo;Comercial;0;0;1;1;0;0;0;0;0;0;0;0;-3,729709400000000;-38,528584000000000
336717;25;12;2018;01:30;0;RUA PEDRO DANTAS;;;222;;Colis?â?úo Frontal;;;;Meio de Quadra;;;1;0;1;1;0;0;0;0;0;1;0;0;-3,786368462000000;-38,519346808000000
336743;26;12;2018;15:30;112;RUA CAP BRASIL;TR BOATAO;;0;;Colis?â?úo Transversal;Luz do Dia;Bom;Seca;Duplo T;;Comercial;0;1;1;1;0;0;0;0;0;1;0;0;-3,737821000000000;-38,586329000000000
336746;26;12;2018;07:50;5442;AV VIS RIO BRANCO;RUA GAL CLARINDO DE QUEIROZ;;0;;Colis?â?úo Transversal;Luz do Dia;;;;;;0;0;2;0;1;0;0;0;0;1;0;0;-3,734584000000000;-38,524385000000000
337207;26;12;2018;00:48;0;RUA PEDRO WILSON (ITAPERI);RUA AFONSO LOPES;;0;;Colis?â?úo Transversal;Via Iluminada;Bom;Seca;Cruz;Pare;Residencial;0;1;1;1;0;0;0;0;0;0;0;0;-3,790585500000000;-38,547390000000000
337211;26;12;2018;07:20;15584;RUA ALVES RIBEIRO;RUA LOPES TROVAO;;0;;Colis?â?úo Transversal;Luz do Dia;Bom;Seca;Cruz;Pare;Residencial;0;1;1;1;0;0;0;0;0;1;0;0;-3,822740000000000;-38,501838000000000
337212;26;12;2018;10:26;12376;RUA ALUISIO AZEVEDO;RUA RIBEIRO JUNIOR;;0;;Colis?â?úo Transversal;Luz do Dia;Bom;Seca;Cruz;Pare;Comercial;0;0;2;1;0;0;0;1;0;0;0;0;-3,771975000000000;-38,575842000000000
337214;26;12;2018;14:41;271;AV JOVITA FEITOSA;RUA AMADEU FURTADO;;0;;Colis?â?úo Transversal;Luz do Dia;Bom;Seca;Cruz;Sem?â?íforo;Comercial;0;1;2;1;0;0;0;0;0;1;0;0;-3,741173000000000;-38,562915000000000
337215;26;12;2018;11:30;25642;AV AUGUSTO DOS ANJOS;RUA JOSE JULIO FROTA;;0;;Colis?â?úo Transversal;Luz do Dia;Bom;Seca;T;Pare;Comercial;0;1;1;1;0;0;0;0;0;1;0;0;-3,786002000000000;-38,584090000000000
337217;26;12;2018;19:02;0;AV GOV RAUL BARBOSA;;;5162;;Colis?â?úo Lateral;Anoitecer;Bom;Seca;Rotat?â??ria;Pare;Comercial;0;0;2;1;0;0;0;0;0;0;0;0;-3,764472500000000;-38,509037000000000
337218;26;12;2018;20:21;0;RUA ALBERTO MAGNO;;;1001;;Engavetamento;Via Iluminada;Bom;Seca;Meio de Quadra;N?â?úo H?â?í Controle;Comercial;0;0;3;1;0;0;0;0;0;0;0;0;-3,763388900000000;-38,548637000000000
337219;26;12;2018;20:44;0;AV COS GOMES DE FREITAS (SAPIRANGA/COITE);;;0;;Colis?â?úo Transversal;Anoitecer;Bom;Seca;Cruz;Pare;Comercial;0;0;2;1;0;0;0;0;0;0;0;0;-3,795592000000000;-38,477413000000000
337220;26;12;2018;18:40;15195;AV ABOLICAO;RUA JOSE NAPOLEAO;;0;;Colis?â?úo Lateral;Via Iluminada;Bom;Seca;Cruz;Pare;Comercial;0;0;2;1;0;0;0;0;0;0;0;0;-3,726523000000000;-38,490302000000000
337221;26;12;2018;18:49;12818;RUA ALBERTO MAGNO;RUA ANDRE CHAVES;;0;;Colis?â?úo Transversal;Via Iluminada;Bom;Seca;Cruz;Pare;Comercial;0;1;1;1;0;0;0;0;0;1;0;0;-3,756035000000000;-38,542230000000000
337262;26;12;2018;20:30;4194;AV FRANCISCO SA;AV TEN LISBOA;;0;;Choque c/ Obst?â?ículo Fixo;;;;Com Via F?â?®rrea;Cancela;Comercial;0;1;1;1;0;0;0;0;0;1;0;0;-3,717874000000000;-38,555953000000000
339293;26;12;2018;02:15;0;RUA 701 CJ CEARA;;;0;;Colis?â?úo;;;;Meio de Quadra;;;0;0;2;1;0;0;0;0;0;0;0;0;;
339574;26;12;2018;06:30;0;RD CE-040;;;0;KM-08;Colis?â?úo;Luz do Dia;Bom;Seca;Meio de Quadra;;;0;0;1;0;0;0;0;0;0;1;0;0;-3,825515822000000;-38,481538320000000
339575;26;12;2018;16:40;0;RD CE-040;;;0;KM-04;Colis?â?úo;Luz do Dia;Bom;Seca;Meio de Quadra;;;0;1;0;0;0;0;0;0;0;1;0;0;-3,791613156000000;-38,480330840000000
339576;26;12;2018;17:30;0;RD CE-040;;;0;KM-12;Colis?â?úo;Anoitecer;Bom;Seca;Meio de Quadra;;;0;0;2;1;0;0;0;0;0;0;0;0;-3,857690949000000;-38,472042540000000
338699;26;12;2018;20:53;9659;RUA SGT BARBOSA;RUA MANUEL GALDINO;;0;;Colis?â?úo;;;;;;;0;1;1;0;0;0;0;0;0;1;0;0;-3,790888000000000;-38,621862000000000
338696;26;12;2018;16:37;12818;RUA ALBERTO MAGNO;RUA ANDRE CHAVES;;0;;Colis?â?úo;Luz do Dia;;;Cruz;Pare;Comercial;0;1;1;1;0;0;0;0;0;1;0;0;-3,756035000000000;-38,542230000000000
338697;26;12;2018;17:04;8660;AV WASHINGTON SOARES;AV EDILSON B SOARES;;0;;Colis?â?úo;Anoitecer;;;Outros;Sem?â?íforo;Comercial;0;1;1;1;0;0;0;0;0;1;0;0;-3,789444000000000;-38,480489000000000
338692;26;12;2018;14:28;0;RUA EUDES CARDOSO;;;1036;;Colis?â?úo;Luz do Dia;;;Meio de Quadra;;;0;1;1;1;0;0;0;0;0;1;0;0;-3,826406546000000;-38,485177351000000
338693;26;12;2018;14:51;9297;AV FRANCISCO SA;RUA CESAR CORREIA;;0;;Colis?â?úo;Luz do Dia;;;Cruz;Pare;Residencial;0;1;0;0;0;0;0;0;0;1;0;0;-3,711949000000000;-38,573313000000000
338690;26;12;2018;13:51;3030;RUA DIOGO CORREIA;RUA ANDRE REBOUCAS;;0;;Colis?â?úo;Luz do Dia;;;Outros;Sem?â?íforo;Comercial;0;1;1;1;0;0;0;0;0;1;0;0;-3,774008000000000;-38,588606000000000
338686;26;12;2018;12:16;0;AV JOR JOAO RAMOS;;;2972;;Colis?â?úo;Luz do Dia;;;Meio de Quadra;;;0;1;1;1;0;0;0;0;0;1;0;0;-3,839800000000000;-38,581563000000000
338687;26;12;2018;12:21;0;RUA PDE PEDRO DE ALENCAR;;;1091;;Colis?â?úo;Luz do Dia;;;Meio de Quadra;;;0;1;1;1;0;0;0;0;0;1;0;0;-3,837114557000000;-38,494168735000000
338688;26;12;2018;13:33;5053;RUA AGAPITO DOS SANTOS;RUA SEN ALENCAR;;0;;Colis?â?úo;Luz do Dia;;;Cruz;Pare;Residencial;0;1;1;1;0;0;0;0;0;1;0;0;-3,721799000000000;-38,537552000000000
338666;26;12;2018;10:29;0;AV MIN JOSE AMERICO;;;150;;Queda;Luz do Dia;;;Meio de Quadra;;;0;1;0;0;0;0;0;0;0;1;0;0;-3,812415501000000;-38,498417999000000
338667;26;12;2018;11:28;0;AV AUGUSTO DOS ANJOS;;;2260;;Colis?â?úo;Luz do Dia;;;Meio de Quadra;;;0;1;1;1;0;0;0;0;0;1;0;0;-3,779280000000000;-38,578410000000000
338664;26;12;2018;09:32;0;RUA ALUISIO AZEVEDO;;;333;;Colis?â?úo;Luz do Dia;;;Meio de Quadra;;;0;1;1;1;0;0;0;0;0;0;0;0;-3,771975000000000;-38,575842000000000
338661;26;12;2018;07:40;5328;AV DUQ CAXIAS;AV TRISTAO GONCALVES;;0;;Colis?â?úo;Luz do Dia;;;Cruz;Gesto;Comercial;0;1;1;1;0;0;0;0;0;1;0;0;-3,730400000000000;-38,534196000000000
338662;26;12;2018;08:37;0;TR CREUZA ROQUE;;;721;;Colis?â?úo;Luz do Dia;;;Meio de Quadra;;;0;1;1;1;0;0;0;0;0;1;0;0;-3,801200000000000;-38,576890000000000
338659;26;12;2018;03:29;0;AV MR HULL;;;0;;Queda;;;;Meio de Quadra;;;0;1;0;0;0;0;0;0;0;1;0;0;;
338700;27;12;2018;02:03;0;AV DES MOREIRA;;;0;;Colis?â?úo;;;;Meio de Quadra;;;0;1;1;1;0;0;0;0;0;1;0;0;;
338701;27;12;2018;02:05;0;AV ANTONIO SALES;;;0;;Colis?â?úo;;;;Meio de Quadra;;;0;1;1;1;0;0;0;0;0;1;0;0;;
338743;27;12;2018;15:18;0;RUA SAO PAULO;;;1652;;Colis?â?úo;Luz do Dia;;;Meio de Quadra;;;0;1;0;0;0;0;0;0;0;0;0;0;-3,721947333000000;-38,539960588000000
338744;27;12;2018;15:51;0;AV SEN FERNANDES TAVORA;;;3161;;Queda;Luz do Dia;;;Meio de Quadra;;;0;1;0;0;0;0;0;0;0;1;0;0;-3,754677667000000;-38,600730000000000
338745;27;12;2018;17:23;16793;RUA PARANAI;RUA APOCALIPSE (MONDUBIM);;0;;Colis?â?úo;Anoitecer;;;;;;0;1;1;0;0;0;0;0;0;1;0;0;-3,834283000000000;-38,569506000000000
338746;27;12;2018;17:57;0;RUA FRE ODILON;;;1664;;Colis?â?úo;Anoitecer;;;Meio de Quadra;;;0;1;1;1;0;0;0;0;0;1;0;0;-3,734578400000000;-38,572526100000000
338740;27;12;2018;13:58;0;AV SEN FERNANDES TAVORA;;;3264;;Atropelamento;Luz do Dia;;;Meio de Quadra;;;0;1;1;0;0;0;0;0;0;1;0;0;-3,754609867000000;-38,601078933000000
338735;27;12;2018;08:53;0;AV LUCIANO CARNEIRO;;;2153;;Colis?â?úo;Luz do Dia;;;Meio de Quadra;;;0;1;0;0;0;0;0;0;0;0;0;0;-3,767323000000000;-38,537428000000000
338732;27;12;2018;08:21;0;RUA CEL JOAQUIM FRANKLIN;;;0;;Atropelamento;Luz do Dia;;;Meio de Quadra;;;0;1;1;0;0;0;0;0;0;1;0;0;;
338733;27;12;2018;08:36;0;AV SGT HERMINIO SAMPAIO;;;725;;Colis?â?úo;Luz do Dia;;;Meio de Quadra;;;0;1;1;1;0;0;0;0;0;1;0;0;-3,724573000000000;-38,547436000000000
338729;27;12;2018;06:40;0;AV GODOFREDO MACIEL;;;5959;;Queda;Luz do Dia;;;Meio de Quadra;;;0;1;0;0;0;0;0;0;0;1;0;0;-3,826977000000000;-38,579662000000000
338730;27;12;2018;06:41;0;AV EDUARDO GIRAO;;;0;;Choque c/ Obst?â?ículo Fixo;Luz do Dia;;;Meio de Quadra;;;0;1;0;1;0;0;0;0;0;0;0;0;;
338855;27;12;2018;22:18;0;RUA RIO GRANDE DO NORTE;;;668;;Colis?â?úo;;;;Meio de Quadra;;;0;1;1;1;0;0;0;0;0;1;0;0;-3,760969400000000;-38,563565700000000
338856;27;12;2018;23:44;0;AV GODOFREDO MACIEL;;;0;;Colis?â?úo;;;;Meio de Quadra;;;0;1;0;0;0;0;0;0;0;0;0;0;;
338749;27;12;2018;18:33;15200;RUA CARLOS VASCONCELOS;RUA DEP MOREIRA DA ROCHA;;0;;Colis?â?úo;;;;Cruz;Sem?â?íforo;Residencial;0;1;1;1;0;0;0;0;0;1;0;0;-3,726560000000000;-38,508724000000000
338766;27;12;2018;18:46;12496;AV CARNEIRO DE MENDONCA;AV LINEU MACHADO;;0;;Colis?â?úo;;;;Meio de Quadra;Sem?â?íforo;Comercial;0;1;1;1;0;0;0;0;0;1;0;0;-3,760403000000000;-38,574021000000000
337263;27;12;2018;13:30;0;RUA SEN POMPEU;;;350;;Colis?â?úo Lateral;Luz do Dia;;;Meio de Quadra;;;0;0;2;1;1;0;0;0;0;0;0;0;-3,721980300000000;-38,528262600000000
337264;27;12;2018;07:00;0;AV ALBERTO CRAVEIRO;;;1973;;Colis?â?úo Traseira;Luz do Dia;;;Meio de Quadra;;;0;2;2;1;0;0;0;0;0;1;0;0;-3,797404833000000;-38,518506000000000
337216;27;12;2018;16:07;17362;AV JOSE DO PATROCINIO;RUA VENEZUELA;;0;;Colis?â?úo Transversal;Luz do Dia;Bom;Seca;Cruz;Pare;Residencial;0;1;1;1;0;0;0;0;0;1;0;0;-3,766178000000000;-38,546932000000000
337213;27;12;2018;14:00;0;AV BORGES DE MELO;;;201;;Colis?â?úo Traseira;Luz do Dia;Bom;Seca;Meio de Quadra;Sem?â?íforo;Escola;0;0;2;1;0;0;0;0;0;0;0;0;-3,752752300000000;-38,539143000000000
337223;27;12;2018;07:40;26209;AV ROGACIANO LEITE;AV CHANC EDSON QUEIROZ;;0;;Colis?â?úo Traseira;Luz do Dia;Bom;Seca;T;Sem?â?íforo;Residencial;0;1;1;1;0;0;0;0;0;1;0;0;-3,763976000000000;-38,494816000000000
337224;27;12;2018;09:38;0;AV SGT HERMINIO SAMPAIO;;;779;;Colis?â?úo Traseira;Luz do Dia;Bom;Seca;Meio de Quadra;N?â?úo H?â?í Controle;Comercial;0;1;2;1;0;0;0;0;1;1;0;0;-3,724725500000000;-38,547695000000000
337225;27;12;2018;09:40;0;RUA JULIO BRAGA;RUA TUPI D35;;0;;Colis?â?úo Lateral;Luz do Dia;Bom;Seca;;;;0;1;1;1;0;0;0;0;0;1;0;0;-3,773129700000000;-38,585400000000000
337226;27;12;2018;19:23;0;AV DR SILAS MUNGUBA;;;544;;Colis?â?úo Lateral;Anoitecer;Bom;Seca;Outros;Sem?â?íforo;Comercial;0;0;2;1;1;0;0;0;0;0;0;0;-3,779256800000000;-38,560722000000000
337227;27;12;2018;18:50;26210;AV MIGUEL DIAS;AV CHANC EDSON QUEIROZ;;0;;N?â?úo Informado;Via Iluminada;Bom;Seca;Cruz;Sem?â?íforo;Residencial;0;0;2;1;0;0;0;0;0;0;0;0;-3,766958700000000;-38,487312000000000
337229;27;12;2018;19:46;24886;AV MOZART PINHEIRO DE LUCENA;AV MAJ ASSIS;;0;;Colis?â?úo Transversal;Luz do Dia;Bom;Seca;T;Sem?â?íforo;Residencial;0;1;1;1;0;0;0;0;0;1;0;0;-3,721628400000000;-38,596706000000000
337230;27;12;2018;21:02;19721;RUA GUSTAVO SAMPAIO;RUA AMADEU FURTADO;;0;;Colis?â?úo Transversal;Via Iluminada;Bom;Seca;Cruz;Pare;Residencial;0;2;1;1;0;0;0;0;0;1;0;0;-3,736786000000000;-38,563828000000000
337231;27;12;2018;21:57;25046;RUA AMERICO ROCHA LIMA;RUA FERNANDO FARIAS DE MELO (MANUEL S?â?üTIRO);;0;;Colis?â?úo Transversal;Via Iluminada;Bom;Seca;Cruz;Pare;Residencial;0;0;3;1;0;0;0;0;0;1;0;0;-3,799080000000000;-38,578449000000000
337232;28;12;2018;06:47;0;RUA LEON GRADVOHL;;;695;;Choque c/ Obst?â?ículo Fixo;Luz do Dia;Bom;Seca;Meio de Quadra;N?â?úo H?â?í Controle;Residencial;0;0;1;1;0;0;0;0;0;0;0;0;-3,799716000000000;-38,567470000000000
337233;28;12;2018;11:31;2045;RUA DOS ABOLICIONISTAS;RUA DAS TARRAFAS;;152;;Colis?â?úo Lateral;Luz do Dia;Bom;Seca;T;Pare;Comercial;0;0;2;1;0;0;0;0;0;0;0;0;-3,698138000000000;-38,579632000000000
337234;28;12;2018;16:44;17377;RUA ELVIRA PINHO;RUA BAR CANINDE;;0;;Colis?â?úo Transversal;Luz do Dia;Bom;Seca;Cruz;Pare;Comercial;0;1;1;1;0;0;0;0;0;1;0;0;-3,766881000000000;-38,556147000000000
337235;28;12;2018;20:41;5051;RUA SEN POMPEU;RUA SEN JAGUARIBE;;0;;Colis?â?úo Transversal;Via Iluminada;Bom;Seca;Cruz;Pare;Comercial;0;1;1;1;0;0;0;0;0;1;0;0;-3,721667000000000;-38,528055000000000
337236;28;12;2018;22:20;0;AV OLIVEIRA PAIVA;RUA RUA WALTER DE CASTRO;;1436;;Colis?â?úo Traseira;Via Iluminada;Bom;Seca;T;N?â?úo H?â?í Controle;Comercial;0;0;2;1;0;0;0;0;0;0;0;0;-3,795593000000000;-38,493362000000000
337270;28;12;2018;18:20;0;AV PRS CASTELO BRANCO;;;0;;Colis?â?úo Traseira;Anoitecer;;;Meio de Quadra;;;0;1;1;1;0;0;0;0;0;1;0;0;;
337271;28;12;2018;20:45;24956;AV ALM HENRIQUE SABOIA;AV ENG ALBERTO SA;;0;;Colis?â?úo Frontal;;;;;;;0;0;2;1;0;0;0;0;0;0;0;0;-3,732499000000000;-38,482890000000000
337267;28;12;2018;22:15;0;AV DR THEBERGE;;;2520;;Colis?â?úo Traseira;;;;Meio de Quadra;;;0;1;1;1;0;0;0;0;0;1;0;0;-3,724688500000000;-38,568236500000000
337268;28;12;2018;00:10;7479;AV ALBERTO CRAVEIRO;RUA PEDRO DANTAS;;0;;Colis?â?úo Lateral;;;;Cruz;Sem?â?íforo;Comercial;0;2;0;1;0;0;0;0;0;1;0;0;-3,786753000000000;-38,517220000000000
337273;28;12;2018;20:04;9041;RUA ASSUNCAO;RUA PDE MIGUELINHO;;0;;Capotamento;;;;Cruz;Pare;Residencial;0;0;2;1;0;0;0;0;0;0;0;0;-3,743337000000000;-38,531602000000000
338857;28;12;2018;06:11;0;AV SEN CARLOS JEREISSATI (AEROPORTO);;;0;;Atropelamento;Luz do Dia;;;Meio de Quadra;;;0;1;1;1;0;0;0;0;0;0;0;0;;
338858;28;12;2018;07:44;0;RUA CON DE CASTRO;;;2560;;Colis?â?úo;Luz do Dia;;;Meio de Quadra;;;0;1;1;1;0;0;0;0;0;1;0;0;-3,791935177000000;-38,579842078000000
338859;28;12;2018;07:49;0;RUA PRO VIRGILIO DE MORAIS;;;339;;Colis?â?úo;Luz do Dia;;;Meio de Quadra;;;0;1;0;0;0;1;0;0;0;1;0;0;-3,751645530000000;-38,596730490000000
338860;28;12;2018;08:35;0;AV AUGUSTO DOS ANJOS;;;0;;Colis?â?úo;Luz do Dia;;;Meio de Quadra;;;0;1;1;1;0;0;0;0;0;1;0;0;;
338861;28;12;2018;08:51;0;AV AUGUSTO DOS ANJOS;;;2038;;Colis?â?úo;Luz do Dia;;;Meio de Quadra;;;0;1;1;1;0;0;0;0;0;1;0;0;-3,783313000000000;-38,581896000000000
338862;28;12;2018;09:14;0;RUA MARIA GOMES DE SA;;;0;;Colis?â?úo;Luz do Dia;;;Meio de Quadra;;;0;1;1;1;0;0;0;0;0;1;0;0;;
338884;28;12;2018;10:36;0;AV MR HULL;;;5252;;Colis?â?úo;Luz do Dia;;;Meio de Quadra;;;0;1;1;1;0;0;0;0;0;1;0;0;-3,739638652000000;-38,591374826000000