COD_ACIDENTE;DIA;MES;ANO;HORA;INTERSECAO;LOG1;LOG2;LOG3;NUMERO;REFERENCIA;NATUREZA;ILUMINACAO;TEMPO;SUPERFICIEPISTA;TIPOCRUZAMENTO;CONTROLETRAFEGO;USOSOLO;MORTOS;FERIDOS;ILESOS;AUTOMOVEL;ONIBUS;BICICLETA;CAMINHAO;MICROONIBUS;CICLOMOTOR;MOTOCICLETA;TRACAOANIMAL;TREM;LATITUDE;LONGITUDE
338885;28;12;2018;10:45;0;RUA MANUEL MOURA;;;318;;Colis?â?úo;Luz do Dia;;;Meio de Quadra;;;0;1;1;1;0;0;0;0;0;1;0;0;;
338886;28;12;2018;11:16;0;AV MAE LISBOA;;;2533;;Colis?â?úo;Luz do Dia;;;Meio de Quadra;;;0;1;1;1;0;0;0;0;0;0;0;0;-3,806724797000000;-38,457099811000000
338887;28;12;2018;11:21;0;RUA PDE MORORO;;;0;;Atropelamento;Luz do Dia;;;Meio de Quadra;;;0;1;1;1;0;0;0;0;0;0;0;0;;
338888;28;12;2018;11:59;0;RUA DR JOSE LOURENCO;;;3250;;Colis?â?úo;Luz do Dia;;;Meio de Quadra;;;0;1;1;1;0;0;0;0;0;1;0;0;-3,750509000000000;-38,512851000000000
338890;28;12;2018;14:45;0;RUA BETEL;;;0;;Queda;Luz do Dia;;;Meio de Quadra;;;0;1;0;0;0;0;0;0;0;1;0;0;;
338891;28;12;2018;16:26;0;RUA C (LOT PRQ ARACAPE);;;0;;Colis?â?úo;Luz do Dia;;;Meio de Quadra;;;0;1;1;1;0;0;0;0;0;0;0;0;;
338892;28;12;2018;17:37;0;RUA PRO GOMES BRASIL;;;0;;Atropelamento;Anoitecer;;;Meio de Quadra;;;0;1;1;0;0;0;0;0;0;1;0;0;;
338893;28;12;2018;18:14;0;RUA TAUBATE;;;1369;;Atropelamento;Anoitecer;;;Meio de Quadra;;;0;1;1;0;0;0;0;0;0;1;0;0;-3,784996000000000;-38,599911000000000
338894;28;12;2018;18:28;0;RUA BERNARDO MANUEL;;;9800;;Colis?â?úo;Anoitecer;;;Meio de Quadra;;;0;1;1;1;0;0;0;0;0;1;0;0;-3,829649000000000;-38,560700400000000
338895;28;12;2018;18:57;0;AV DOS EXPEDICIONARIOS;;;0;;Colis?â?úo;;;;Meio de Quadra;;;0;1;1;1;0;0;0;0;0;1;0;0;;
338896;28;12;2018;19:23;0;RUA MON JOAO LUIS SANTIAGO;;;27;;Colis?â?úo;;;;Meio de Quadra;;;0;1;1;0;0;0;0;0;0;1;0;0;-3,786033364000000;-38,500627303000000
338897;28;12;2018;19:28;5890;RUA 412 CJ CEARA;AV C CJ CEARA;;0;;Colis?â?úo;;;;;;;0;1;1;1;0;0;0;0;0;1;0;0;-3,759942000000000;-38,608470000000000
338898;28;12;2018;19:31;24956;AV ALM HENRIQUE SABOIA;RUA TAVARES COUTINHO;;0;;Colis?â?úo;;;;;;;0;1;1;1;0;0;0;0;0;1;0;0;-3,732499000000000;-38,482890000000000
338899;28;12;2018;20:43;0;RUA PRO GOMES BRASIL;;;0;;Queda;;;;Meio de Quadra;;;0;1;0;0;0;0;0;0;0;1;0;0;;
338900;28;12;2018;21:14;0;RUA DOM HELDER CAMARA (LAGOA REDONDA);;;65;;Atropelamento;;;;Meio de Quadra;;;0;1;1;0;0;0;0;0;0;1;0;0;-3,829344200000000;-38,468227100000000
338901;28;12;2018;21:37;0;RUA LUIS VIEIRA;;;526;;Colis?â?úo;;;;Meio de Quadra;;;0;1;1;1;0;0;0;0;0;1;0;0;-3,793939675000000;-38,587428076000000
338902;28;12;2018;03:35;0;RUA SENA MADUREIRA;;;56;;Colis?â?úo;;;;Meio de Quadra;;;0;1;1;1;0;0;0;0;0;1;0;0;-3,726978700000000;-38,526054900000000
338903;28;12;2018;06:06;19714;RUA GUSTAVO SAMPAIO;RUA ERICO MOTA;;0;;Colis?â?úo;Luz do Dia;;;Cruz;Pare;Residencial;0;1;1;1;0;0;0;0;0;1;0;0;-3,736560000000000;-38,562743000000000
339577;28;12;2018;10:30;0;RD CE-025;;;0;KM-03;Colis?â?úo;Luz do Dia;Bom;Seca;Meio de Quadra;;;0;0;2;1;0;0;0;0;0;0;0;0;-3,805889179000000;-38,452246560000000
339578;28;12;2018;18:30;0;RD CE-040;;;0;KM-04;Colis?â?úo;Anoitecer;Bom;Seca;Meio de Quadra;;;0;0;2;1;0;0;0;1;0;0;0;0;-3,791613156000000;-38,480330840000000
339302;28;12;2018;00:10;7643;RUA RIO GRANDE DO NORTE;RUA GUANABARA;;0;;Colis?â?úo;;;;Cruz;Pare;Residencial;0;1;1;1;0;0;0;0;0;1;0;0;-3,757469000000000;-38,569353000000000
338871;28;12;2018;10:15;0;RD BR 222;;;2500;KM-02;Colis?â?úo Transversal;Luz do Dia;;;Meio de Quadra;;;0;1;1;0;0;0;0;0;0;1;0;0;-3,740362400000000;-38,596996100000000
338872;28;12;2018;13:10;0;RD BR 116;;;4000;KM-04;Queda;Luz do Dia;;;Meio de Quadra;;;0;2;0;0;0;0;0;0;1;0;0;0;-3,802354000000000;-38,503869000000000
338873;28;12;2018;14:10;0;RD BR 222;;;2500;KM-02;Colis?â?úo;Luz do Dia;;;Meio de Quadra;;;0;2;1;1;0;0;0;0;0;1;0;0;-3,740362400000000;-38,596996100000000
339309;29;12;2018;05:30;0;RUA PDE PEDRO DE ALENCAR;;;1091;;Colis?â?úo;Amanhecer;;;Meio de Quadra;;;0;0;2;0;0;0;0;0;0;0;0;0;-3,837114557000000;-38,494168735000000
338904;29;12;2018;06:32;0;AV ALM HENRIQUE SABOIA;;;2364;;Colis?â?úo;Luz do Dia;;;Meio de Quadra;;;0;1;1;1;0;0;0;0;0;1;0;0;-3,731290000000000;-38,482300000000000
338906;29;12;2018;06:43;0;AV JOSE TAVARES;;;1464;;Colis?â?úo;Luz do Dia;;;Meio de Quadra;;;0;1;0;0;0;0;0;0;0;0;0;0;;
338907;29;12;2018;06:44;0;AV GAL OSORIO DE PAIVA;;;0;;Queda;Luz do Dia;;;Meio de Quadra;;;0;1;0;0;0;0;0;0;0;1;0;0;;
338908;29;12;2018;06:50;0;AV JOSE TAVARES;;;250;;Colis?â?úo;Luz do Dia;;;Meio de Quadra;;;0;1;1;0;0;0;0;0;0;1;0;0;;
338909;29;12;2018;07:10;0;AV CEL CARVALHO;;;0;;Colis?â?úo;Luz do Dia;;;Meio de Quadra;;;0;1;0;0;1;0;0;0;0;0;0;0;;
338910;29;12;2018;07:21;0;RUA LUZIA MOREIRA;;;42;;Colis?â?úo;Luz do Dia;;;Meio de Quadra;;;0;1;1;1;0;1;0;0;0;0;0;0;-3,776331515000000;-38,592099848000000
338911;29;12;2018;07:26;0;RUA VICENTE SABOIA;;;652;;Queda;Luz do Dia;;;Meio de Quadra;;;0;1;0;0;0;0;0;0;0;1;0;0;-3,708064237000000;-38,559359289000000
338912;29;12;2018;09:42;0;AV ZEZE DIOGO;;;4189;;Atropelamento;Luz do Dia;;;Meio de Quadra;;;0;1;1;1;0;0;0;0;0;0;0;0;-3,748091400000000;-38,448430600000000
338913;29;12;2018;10:07;18933;RUA OSCARITO;AV IRACEMA (CJ PALMEIRAS);;0;;Atropelamento;Luz do Dia;;;;;;0;1;1;1;0;0;0;0;0;0;0;0;-3,845679000000000;-38,529150000000000
338914;29;12;2018;11:01;0;RUA VITAL BRASIL;;;2444;;Colis?â?úo;Luz do Dia;;;Meio de Quadra;;;0;1;1;1;0;0;0;0;0;1;0;0;-3,776352544000000;-38,603840467000000
338916;29;12;2018;11:05;21362;RUA PRO ANACLETO;RUA DOM MANUEL DE MEDEIROS;;0;;Colis?â?úo;Luz do Dia;;;Cruz;Pare;Residencial;0;1;1;1;0;0;0;0;0;1;0;0;-3,736774000000000;-38,552538000000000
338917;29;12;2018;11:37;1743;RUA CAP ARAGAO;RUA TEN BARBOSA D46;;0;;Colis?â?úo;Luz do Dia;;;Cruz;Pare;Residencial;0;1;0;0;0;0;0;0;0;0;0;0;-3,764730000000000;-38,512040000000000
338918;29;12;2018;11:39;0;AV CASTELO DE CASTRO;;;150;;Atropelamento;Luz do Dia;;;Meio de Quadra;;;0;1;0;1;0;0;0;0;0;0;0;0;-3,830192000000000;-38,521470000000000
338919;29;12;2018;11:41;0;AV A CJ CEARA;;;1150;;Colis?â?úo;Luz do Dia;;;Meio de Quadra;;;0;1;1;0;0;0;0;0;0;1;0;0;-3,771402000000000;-38,604899000000000
338920;29;12;2018;12:00;5127;RUA GAL SAMPAIO;RUA SEN ALENCAR;;0;;Colis?â?úo;Luz do Dia;;;Cruz;Sem?â?íforo;Comercial;0;1;1;1;0;0;0;0;0;1;0;0;-3,724192000000000;-38,529984000000000
338921;29;12;2018;14:49;0;AV AUGUSTO DOS ANJOS;;;2250;;Colis?â?úo;Luz do Dia;;;Meio de Quadra;;;0;1;0;0;0;0;0;0;0;0;0;0;-3,786273000000000;-38,584272000000000
338922;29;12;2018;15:09;0;AV SORIANO ALBUQUERQUE;;;318;;Colis?â?úo;Luz do Dia;;;Meio de Quadra;;;0;1;1;1;0;0;0;0;0;1;0;0;-3,748314400000000;-38,517852500000000
338923;29;12;2018;15:32;0;AV PENETRACAO NORTE SUL;;;453;;Atropelamento;Luz do Dia;;;Meio de Quadra;;;0;1;1;1;0;0;0;0;0;0;0;0;-3,814287182000000;-38,592816727000000
338924;29;12;2018;15:36;0;AV GAL OSORIO DE PAIVA;;;2250;;Colis?â?úo;Luz do Dia;;;Meio de Quadra;;;0;0;2;1;0;1;0;0;0;0;0;0;-3,784923000000000;-38,581174000000000
338925;29;12;2018;16:57;0;AV SEN FERNANDES TAVORA;;;3457;;Colis?â?úo;Luz do Dia;;;Meio de Quadra;;;0;1;1;1;0;0;0;0;0;1;0;0;-3,754052455000000;-38,604244455000000
338926;29;12;2018;17:18;26083;AV BEZERRA DE MENEZES;AV JOSE JATAHY;;0;;Colis?â?úo;Anoitecer;;;Cruz;Sem?â?íforo;Comercial;0;1;0;0;0;0;0;0;0;0;0;0;-3,731573000000000;-38,544928000000000
338927;29;12;2018;17:50;0;RUA CON DE CASTRO;;;5735;;Colis?â?úo;Anoitecer;;;Meio de Quadra;;;0;1;1;1;0;0;0;0;0;1;0;0;-3,813561400000000;-38,598145000000000
338930;29;12;2018;17:51;0;AV MR HULL;;;1005;;Atropelamento;Anoitecer;;;Meio de Quadra;;;0;1;1;0;0;0;0;0;0;1;0;0;;
338931;29;12;2018;18:00;0;RUA ANARIO BRAGA;;;193;;Colis?â?úo;Anoitecer;;;Meio de Quadra;;;0;1;1;1;0;0;0;0;0;1;0;0;-3,738262546000000;-38,587903636000000
338932;29;12;2018;19:43;0;AV F CJ CEARA;;;235;;Colis?â?úo;Anoitecer;;;Meio de Quadra;;;0;1;1;0;0;0;0;0;0;1;0;0;-3,763487552000000;-38,607621621000000
338933;29;12;2018;19:43;0;AV ALM HENRIQUE SABOIA;;;4210;;Colis?â?úo;;;;Meio de Quadra;;;0;1;1;1;0;0;0;0;0;1;0;0;-3,753346500000000;-38,502320900000000
338935;29;12;2018;20:26;5079;RUA AGAPITO DOS SANTOS;RUA SAO PAULO;;0;;Colis?â?úo;;;;Cruz;Pare;Residencial;0;1;1;1;0;0;0;0;0;1;0;0;-3,722650000000000;-38,537811000000000
338936;29;12;2018;21:28;0;RUA VERA CRUZ;;;188;;Queda;;;;Meio de Quadra;;;0;1;0;0;0;0;0;0;0;1;0;0;-3,710240000000000;-38,556640000000000
338938;29;12;2018;22:11;0;RUA ANTONIO DIOGO;;;0;;Colis?â?úo;;;;Meio de Quadra;;;0;1;1;1;0;0;0;0;0;1;0;0;;
338939;29;12;2018;23:37;0;RUA MOURA MATOS;;;1476;;Queda;;;;Meio de Quadra;;;0;1;0;0;0;0;0;0;0;1;0;0;-3,813236333000000;-38,542667333000000
337237;29;12;2018;08:09;0;RUA JOAQUIM ALBANO;;;0;;Colis?â?úo Lateral;Luz do Dia;Bom;Seca;Meio de Quadra;N?â?úo H?â?í Controle;Comercial;0;0;1;0;1;0;0;0;0;0;0;0;-3,736724900000000;-38,584583000000000
337238;29;12;2018;07:35;0;RUA PEREIRA DE MIRANDA;;;575;;Colis?â?úo;Luz do Dia;Bom;Seca;Meio de Quadra;N?â?úo H?â?í Controle;Residencial;0;2;1;1;0;0;0;0;0;1;0;0;-3,739870300000000;-38,481018000000000
337239;29;12;2018;11:50;5127;RUA GAL SAMPAIO;RUA SEN ALENCAR;;0;;N?â?úo Informado;Luz do Dia;Bom;Seca;Cruz;Sem?â?íforo;Comercial;0;0;2;1;0;0;0;0;0;1;0;0;-3,724192000000000;-38,529984000000000
337240;29;12;2018;15:48;13528;TR SORIANO ALBUQUERQUE;RUA ANTONIO AUGUSTO;;0;;Colis?â?úo Transversal;Luz do Dia;Bom;Seca;Cruz;Pare;Comercial;0;1;1;1;0;0;0;0;0;1;0;0;-3,747500000000000;-38,518861000000000
337241;29;12;2018;18:49;0;AV PRS JUSCELINO KUBITSCHEK (PASSAR?âÔÇ?);;;5148;;Colis?â?úo Transversal;Via Iluminada;Bom;Seca;Meio de Quadra;N?â?úo H?â?í Controle;Comercial;0;1;1;0;0;0;0;0;0;1;0;0;-3,821614300000000;-38,535645000000000
336583;29;12;2018;20:10;0;RUA LONDRINA;;;1525;;Atropelamento;;;;Meio de Quadra;;;1;1;0;0;0;0;0;0;0;1;0;0;-3,768357400000000;-38,608814000000000
337242;30;12;2018;01:35;0;AV DIOGUINHO;;;2305;;Colis?â?úo Transversal;Via Iluminada;Bom;Seca;Meio de Quadra;N?â?úo H?â?í Controle;Comercial;0;0;1;1;0;0;0;0;0;1;0;0;-3,737068200000000;-38,455757000000000
337243;30;12;2018;04:51;0;AV DR SILAS MUNGUBA;;;0;;Choque c/ Obst?â?ículo Fixo;Via Iluminada;Bom;Seca;Meio de Quadra;Sem?â?íforo;Comercial;0;1;0;1;0;0;0;0;0;0;0;0;-3,796920800000000;-38,531548000000000
337244;30;12;2018;11:24;15437;AV FRE CIRILO;RUA HOMEM DE MELO;;0;;Colis?â?úo Lateral;Luz do Dia;Bom;Seca;Duplo T;Pare;Comercial;0;0;2;1;0;0;0;0;0;0;0;0;-3,817039000000000;-38,497528000000000
337245;30;12;2018;14:40;19833;AV ENG HUMBERTO MONTE;AV JOVITA FEITOSA;;0;;Colis?â?úo Lateral;Luz do Dia;Bom;Seca;Cruz;Sem?â?íforo;Comercial;0;2;1;1;0;0;0;0;0;1;0;0;-3,741963000000000;-38,566544000000000
337246;30;12;2018;17:15;0;RUA CHICO FRANCA;;;406;;Colis?â?úo Lateral;Luz do Dia;Bom;Seca;Meio de Quadra;Pare;Residencial;0;0;2;1;0;0;0;0;0;0;0;0;-3,834861500000000;-38,497482000000000
337247;30;12;2018;19:13;0;AV DIOGUINHO;;;4455;;Colis?â?úo Traseira;Via Iluminada;Bom;Seca;Meio de Quadra;N?â?úo H?â?í Controle;Lazer;0;0;2;1;0;0;0;0;0;0;0;0;-3,757550000000000;-38,445156000000000
337248;30;12;2018;20:14;0;RUA PROF. MANOEL LOURENCO;;;50;;N?â?úo Informado;Via Iluminada;Bom;Seca;Meio de Quadra;N?â?úo H?â?í Controle;Comercial;0;0;2;1;0;0;0;0;0;0;0;0;-3,763021700000000;-38,572680000000000
337249;30;12;2018;21:52;3993;RUA ALBERTO MAGNO;RUA DULCINEIA GONDIM;;0;;N?â?úo Informado;Via Iluminada;Bom;Seca;Cruz;Pare;Comercial;0;2;1;1;0;0;0;0;0;1;0;0;-3,759321000000000;-38,545120000000000
338941;30;12;2018;00:16;6564;AV G CJ CEARA;AV H CJ CEARA;;0;;Colis?â?úo;;;;T;Pare;Misto;0;1;1;1;0;0;0;0;0;1;0;0;-3,775739000000000;-38,610167000000000
338943;30;12;2018;02:22;0;RUA GERALDO BARBOSA;;;3795;;Queda;;;;Meio de Quadra;;;0;1;0;0;0;0;0;0;0;1;0;0;-3,784514115000000;-38,626000148000000
338944;30;12;2018;04:42;0;AV PRS CASTELO BRANCO;;;0;;Colis?â?úo;;;;Meio de Quadra;;;0;1;0;0;0;0;0;0;0;0;0;0;;
338945;30;12;2018;04:46;0;AV ZEZE DIOGO;;;1580;;Queda;;;;Meio de Quadra;;;0;1;0;0;0;0;0;0;0;1;0;0;-3,720660000000000;-38,463480000000000
338946;30;12;2018;07:57;0;AV MR HULL;;;4100;;Atropelamento;Luz do Dia;;;Meio de Quadra;;;0;1;1;0;0;0;0;0;0;1;0;0;-3,738149766000000;-38,581241979000000
338947;30;12;2018;08:44;17539;RUA ALVARO CORREIA;RUA DR ALOISIO MAMEDE;;0;;Colis?â?úo;Luz do Dia;;;Cruz;N?â?úo H?â?í Controle;Comercial;0;1;1;0;0;0;0;0;0;1;0;0;-3,729098000000000;-38,483762000000000
338949;30;12;2018;09:26;0;AV F CJ CEARA;;;0;;Queda;Luz do Dia;;;Meio de Quadra;;;0;1;0;0;0;0;0;0;0;1;0;0;;
338950;30;12;2018;10:32;0;RD BR 116;;;0;;Queda;Luz do Dia;;;Meio de Quadra;;;0;1;0;0;0;0;0;0;0;1;0;0;;
338951;30;12;2018;11:54;0;RUA TEODOMIRO DE CASTRO;;;0;;Colis?â?úo;Luz do Dia;;;Meio de Quadra;;;0;1;1;1;0;0;0;0;0;1;0;0;;
338952;30;12;2018;15:25;0;AV WASHINGTON SOARES;;;1321;;Queda;Luz do Dia;;;Meio de Quadra;;;0;1;0;0;0;0;0;0;0;1;0;0;-3,766496000000000;-38,482433000000000
338953;30;12;2018;12:53;0;RUA TEN QUEIROZ;;;1064;;Colis?â?úo;Luz do Dia;;;Meio de Quadra;;;0;1;0;0;0;0;0;0;0;0;0;0;;
338954;30;12;2018;14:25;0;RUA JOAO IVO;;;751;;Colis?â?úo;Luz do Dia;;;Meio de Quadra;;;0;1;0;0;0;0;0;0;0;0;0;0;-3,838241102000000;-38,498684379000000
338955;30;12;2018;15:09;0;RD BR 116;;;4000;KM-04;Colis?â?úo;Luz do Dia;;;Meio de Quadra;;;0;1;1;1;0;0;0;0;0;1;0;0;-3,802354000000000;-38,503869000000000
338956;30;12;2018;17:47;0;RUA PRO HERIBALDO COSTA;;;329;;Colis?â?úo;Anoitecer;;;Meio de Quadra;;;0;1;1;1;0;0;0;0;0;1;0;0;-3,757655000000000;-38,582438300000000
338957;30;12;2018;17:58;0;RUA TULIPA;;;264;;Colis?â?úo;Anoitecer;;;Meio de Quadra;;;0;1;0;0;0;0;0;0;0;0;0;0;-3,712465455000000;-38,578794818000000
338958;30;12;2018;18:22;0;RUA PERNAMBUCO;;;3011;;Choque c/ Obst?â?ículo Fixo;Anoitecer;;;Meio de Quadra;;;0;1;0;1;0;0;0;0;0;0;0;0;-3,749452000000000;-38,579962000000000
338959;30;12;2018;18:33;0;AV CASTELO DE CASTRO;;;0;;Queda;;;;Meio de Quadra;;;0;1;0;0;0;1;0;0;0;0;0;0;;
338874;30;12;2018;15:15;0;RD BR 116;;;1000;KM-01;Colis?â?úo Traseira;Luz do Dia;;;Meio de Quadra;;;0;0;1;1;0;0;0;0;0;0;0;0;-3,762554000000000;-38,518702000000000
338961;30;12;2018;19:05;0;RUA TULIPA;;;90;;Colis?â?úo;;;;Meio de Quadra;;;0;1;1;1;0;0;0;0;0;1;0;0;-3,710920000000000;-38,578196000000000
338962;30;12;2018;19:42;0;AV PERIMETRAL;;;2410;;Capotamento;;;;Meio de Quadra;;;0;1;0;0;0;0;0;0;0;0;0;0;;
338963;30;12;2018;19:45;0;RUA CEL TIBURCIO;;;0;;Atropelamento;;;;Meio de Quadra;;;0;1;1;1;0;0;0;0;0;0;0;0;;
338964;30;12;2018;19:50;0;AV BEIRA MAR;;;0;;Atropelamento;;;;Meio de Quadra;;;0;1;1;0;0;1;0;0;0;0;0;0;;
338965;30;12;2018;19:53;0;RUA PORTO VELHO;;;880;;Atropelamento;;;;Meio de Quadra;;;0;1;1;0;0;0;0;0;0;1;0;0;-3,765483421000000;-38,587937474000000
338968;30;12;2018;20:02;0;RUA MONTE PASCOAL;;;0;;Queda;;;;Meio de Quadra;;;0;1;0;0;0;0;0;0;0;1;0;0;;
338969;30;12;2018;20:58;0;RUA INA BRITO;;;225;;Atropelamento;;;;Meio de Quadra;;;0;1;1;1;0;0;0;0;0;0;0;0;-3,818334229000000;-38,592404371000000
338970;30;12;2018;21:15;0;RD BR 116;;;0;;Queda;;;;Meio de Quadra;;;0;1;0;0;0;0;0;0;0;1;0;0;;
338971;30;12;2018;21:31;0;RUA ELISEU ORIA;;;2575;;Colis?â?úo;;;;Meio de Quadra;;;0;1;1;1;0;0;0;0;0;1;0;0;-3,810644500000000;-38,476135750000000
338972;31;12;2018;04:04;0;AV PERIMETRAL;;;1084;;Queda;;;;Meio de Quadra;;;0;1;0;0;0;0;0;0;0;1;0;0;-3,785627225000000;-38,590029312000000
338973;31;12;2018;06:18;10995;RUA 15 DE NOVEMBRO;RUA ALM RUBIM;;0;;Colis?â?úo;Luz do Dia;;;Cruz;Pare;Comercial;0;1;1;0;0;0;0;0;0;1;0;0;-3,768907000000000;-38,555939000000000
338974;31;12;2018;06:53;0;AV DEP PAULINO ROCHA;;;2251;;Queda;Luz do Dia;;;Meio de Quadra;;;0;1;0;0;0;0;0;0;0;1;0;0;-3,810527000000000;-38,517830000000000
338975;31;12;2018;08:14;0;RUA PDE PEDRO DE ALENCAR;;;1091;;Queda;Luz do Dia;;;Meio de Quadra;;;0;1;0;0;0;0;0;0;0;1;0;0;-3,837114557000000;-38,494168735000000
338976;31;12;2018;08:48;0;RUA CASTRO DE ALENCAR;;;1115;;Atropelamento;Luz do Dia;;;Meio de Quadra;;;0;1;1;0;0;0;0;0;0;1;0;0;-3,782084883000000;-38,506051882000000
338977;31;12;2018;09:01;0;RUA 23 DE JUNHO;;;13711;;Atropelamento;Luz do Dia;;;Meio de Quadra;;;0;1;1;1;0;0;0;0;0;0;0;0;-3,781120000000000;-38,611050000000000
338978;31;12;2018;11:40;0;AV GOV RAUL BARBOSA;;;574;;Queda;Luz do Dia;;;Meio de Quadra;;;0;1;0;0;0;0;0;0;0;1;0;0;-3,712340300000000;-38,470235300000000
338979;31;12;2018;11:50;0;RUA RAIMUNDO NERY;;;604;;Colis?â?úo;Luz do Dia;;;Meio de Quadra;;;0;1;1;1;0;0;0;0;0;1;0;0;-3,792400000000000;-38,587060000000000
338980;31;12;2018;15:26;0;RUA STA MARIA GORETE;;;155;;Colis?â?úo;Luz do Dia;;;Meio de Quadra;;;0;1;1;0;0;0;0;0;0;1;0;0;-3,725119539000000;-38,602242154000000
338875;31;12;2018;16:25;0;RD BR 116;;;3300;KM-03;Colis?â?úo Lateral;Luz do Dia;;;Meio de Quadra;;;0;1;1;0;0;0;0;0;0;1;0;0;-3,779838000000000;-38,514372000000000
338991;31;12;2018;16:50;23430;RUA CAP MELO;RUA MON SALAZAR;;0;;Colis?â?úo;Luz do Dia;;;Cruz;Sem?â?íforo;Misto;0;1;0;0;0;0;0;0;0;0;0;0;-3,756019000000000;-38,513180000000000
338992;31;12;2018;17:55;6573;AV C CJ CEARA;AV H CJ CEARA;;0;;Colis?â?úo;Anoitecer;;;Outros;Pare;Residencial;0;1;0;0;0;0;0;0;0;0;0;0;-3,762711000000000;-38,609547000000000
338993;31;12;2018;18:05;0;RUA ADOLFO CAMINHA;;;200;;Atropelamento;Anoitecer;;;Meio de Quadra;;;0;1;1;1;0;0;0;0;0;0;0;0;-3,721039210000000;-38,524983820000000
338994;31;12;2018;18:08;0;AV AMERICO BARREIRA;;;283;;Atropelamento;Anoitecer;;;Meio de Quadra;;;0;1;1;1;0;0;0;0;0;0;0;0;-3,758860000000000;-38,563140000000000
338995;31;12;2018;18:49;0;AV DA UNIVERSIDADE;;;0;;Queda;;;;Meio de Quadra;;;0;1;0;0;0;0;0;0;0;1;0;0;;
338996;31;12;2018;19:37;0;AV ALM HENRIQUE SABOIA;;;0;;Colis?â?úo;;;;Meio de Quadra;;;0;1;1;1;0;0;0;0;0;1;0;0;;
338997;31;12;2018;19:51;0;RUA PDE MIGUELINHO;;;1545;;Colis?â?úo;;;;Meio de Quadra;;;0;1;1;1;0;0;0;0;0;0;0;0;-3,741992093000000;-38,535372349000000
338998;31;12;2018;20:31;17573;RUA MARANHAO;RUA ESTADO DO RIO;;0;;Colis?â?úo;;;;;;;0;1;1;1;0;0;0;0;0;1;0;0;-3,754149000000000;-38,568106000000000
339000;31;12;2018;21:41;0;AV PRS COSTA E SILVA;;;0;;Queda;;;;Meio de Quadra;;;0;1;0;0;0;1;0;0;0;0;0;0;;
339001;31;12;2018;22:09;0;AV PERIMETRAL;;;3602;;Queda;;;;Meio de Quadra;;;0;1;0;0;0;1;0;0;0;0;0;0;;
339002;31;12;2018;23:02;0;RD BR 116;;;0;;Queda;;;;Meio de Quadra;;;0;1;0;0;0;0;0;0;0;1;0;0;;
339003;31;12;2018;23:26;0;RUA FRE ODILON;;;361;;Queda;;;;Meio de Quadra;;;0;1;0;0;0;0;0;0;0;1;0;0;-3,733298600000000;-38,572391300000000
339004;31;12;2018;23:54;0;RD QUARTO ANEL VIARIO;;;0;;Colis?â?úo;;;;Meio de Quadra;;;0;3;0;1;0;0;0;0;0;1;0;0;;
338982;31;12;2018;12:59;0;RUA JOAO AMORA;;;686;;Capotamento;Luz do Dia;;;Meio de Quadra;;;0;1;0;1;0;0;0;0;0;0;0;0;-3,799898857000000;-38,580415810000000
338983;31;12;2018;14:02;0;RUA DEP MATOSO FILHO;;;784;;Atropelamento;Luz do Dia;;;Meio de Quadra;;;0;1;1;0;0;0;0;0;0;1;0;0;-3,732937500000000;-38,591562000000000
338984;31;12;2018;14:25;0;AV GODOFREDO MACIEL;;;3862;;;Luz do Dia;;;Meio de Quadra;;;0;1;1;1;0;0;0;0;0;1;0;0;-3,808857000000000;-38,573780000000000
338986;31;12;2018;14:46;7833;AV BAR STUDART;RUA CEL ALVES TEIXEIRA;;0;;Atropelamento;Luz do Dia;;;Cruz;Sem?â?íforo;Comercial;0;1;1;1;0;0;0;0;0;0;0;0;-3,746400000000000;-38,510368000000000
339319;31;12;2018;15:10;0;RUA SILVA JATAHY;;;0;;Colis?â?úo;Luz do Dia;;;Meio de Quadra;;;0;0;2;1;0;0;0;0;0;0;0;0;;
339605;31;12;2018;22:50;0;RD CE-025;;;0;;Colis?â?úo;;Bom;Seca;Meio de Quadra;;;0;0;2;0;0;0;0;0;0;1;0;0;;
339602;31;12;2018;15:00;0;RD CE-040;;;0;KM-11;Colis?â?úo;Luz do Dia;Bom;Seca;Meio de Quadra;;;0;0;2;1;0;0;0;0;0;0;0;0;-3,849626230000000;-38,476069890000000
337250;31;12;2018;12:25;26086;AV JOSE JATAHY;RUA AZEVEDO BOLAO;;0;;Colis?â?úo Transversal;Luz do Dia;Bom;Seca;Cruz;Pare;Residencial;0;1;1;1;0;0;0;0;0;0;0;0;-3,733663000000000;-38,544494000000000
337251;31;12;2018;21:41;15167;AV BAR STUDART;RUA ANTONELE BEZERRA;;0;;Colis?â?úo Traseira;Via Iluminada;Bom;Seca;T;N?â?úo H?â?í Controle;Residencial;0;1;1;1;0;0;0;1;0;0;0;0;-3,725327000000000;-38,503624000000000
337274;31;12;2018;;1423;RUA TORRES CAMARA;RUA OSVALDO CRUZ (ALDEOTA);;0;;Colis?â?úo Transversal;;;;Cruz;Sem?â?íforo;Residencial;0;1;1;0;0;0;0;0;0;1;0;0;-3,737574000000000;-38,500953000000000